entry,Re,alpha,zCD_oof,dCL_oof
stec8|AQUILA,59400,-1.86,-0.14186,0.12861
stec8|AQUILA,59400,-0.83,-0.06029,0.08758
stec8|AQUILA,59400,0.18,-0.03322,0.02819
stec8|AQUILA,59400,1.2,-0.02103,-0.00574
stec8|AQUILA,59400,2.23,-0.01484,-0.03306
stec8|AQUILA,59400,3.23,-0.01208,-0.04207
stec8|AQUILA,59400,4.26,-0.01630,-0.06416
stec8|AQUILA,59400,5.27,-0.01630,-0.07699
stec8|AQUILA,59400,6.28,-0.01630,-0.10751
stec8|AQUILA,59400,7.3,-0.01784,-0.14108
stec8|AQUILA,59400,8.33,-0.03430,-0.14110
stec8|AQUILA,59400,9.34,-0.06080,-0.12696
stec8|AQUILA,59400,10.34,-0.12402,-0.10186
stec8|AQUILA,101100,-1.86,-0.00544,0.00317
stec8|AQUILA,101100,-0.84,-0.00150,-0.01701
stec8|AQUILA,101100,0.18,0.01553,-0.04159
stec8|AQUILA,101100,1.21,0.02893,-0.05143
stec8|AQUILA,101100,2.22,0.03788,-0.06199
stec8|AQUILA,101100,3.24,0.03788,-0.06983
stec8|AQUILA,101100,4.27,0.03788,-0.08125
stec8|AQUILA,101100,5.28,0.03788,-0.08470
stec8|AQUILA,101100,6.29,0.03788,-0.09196
stec8|AQUILA,101100,7.33,0.02868,-0.09935
stec8|AQUILA,101100,8.33,0.03016,-0.09633
stec8|AQUILA,101100,9.35,0.02795,-0.09527
stec8|AQUILA,101100,10.36,0.01964,-0.09608
stec8|AQUILA,101100,11.36,0.08069,-0.10920
stec8|AQUILA,150500,1.19,0.03579,-0.04750
stec8|AQUILA,150500,3.24,0.04473,-0.06337
stec8|AQUILA,150500,5.28,0.04473,-0.07549
stec8|AQUILA,150500,7.32,0.03553,-0.08523
stec8|AQUILA,150500,8.34,0.03480,-0.07223
stec8|AQUILA,150500,9.36,0.03241,-0.08191
stec8|AQUILA,150500,11.37,0.08754,-0.08941
stec8|AQUILA,203900,-1.89,0.00447,-0.01927
stec8|AQUILA,203900,-0.85,0.00831,-0.03170
stec8|AQUILA,203900,0.17,0.02454,-0.04196
stec8|AQUILA,203900,1.19,0.03794,-0.04707
stec8|AQUILA,203900,2.22,0.04689,-0.05851
stec8|AQUILA,203900,3.26,0.04689,-0.06400
stec8|AQUILA,203900,4.26,0.04689,-0.07290
stec8|AQUILA,203900,5.28,0.04689,-0.07250
stec8|AQUILA,203900,6.31,0.04689,-0.07765
stec8|AQUILA,203900,7.32,0.03661,-0.08424
stec8|AQUILA,203900,8.34,0.03696,-0.07578
stec8|AQUILA,203900,9.35,0.02878,-0.07901
stec8|AQUILA,203900,10.37,0.03287,-0.07807
stec8|AQUILA,203900,11.35,0.09443,-0.09837
stec8|AQUILA,301100,-3.93,-0.02438,0.02988
stec8|AQUILA,301100,-2.91,0.02719,0.01389
stec8|AQUILA,301100,-1.87,0.02212,-0.01607
stec8|AQUILA,301100,-0.89,0.02212,-0.01558
stec8|AQUILA,301100,0.14,0.03461,-0.03166
stec8|AQUILA,301100,1.13,0.04801,-0.03847
stec8|AQUILA,301100,2.18,0.05695,-0.05224
stec8|AQUILA,301100,3.21,0.05695,-0.05748
stec8|AQUILA,301100,4.23,0.05695,-0.06629
stec8|AQUILA,301100,5.28,0.05695,-0.07003
stec8|AQUILA,301100,6.3,0.05695,-0.07561
stec8|AQUILA,301100,7.32,0.04447,-0.07635
stec8|CLARK-Y,61300,-3.95,-0.22806,0.13252
stec8|CLARK-Y,61300,-2.92,-0.21142,0.14096
stec8|CLARK-Y,61300,-1.9,-0.20055,0.14522
stec8|CLARK-Y,61300,-0.88,-0.16197,0.08724
stec8|CLARK-Y,61300,0.15,-0.06698,0.04147
stec8|CLARK-Y,61300,1.18,-0.01323,-0.00641
stec8|CLARK-Y,61300,2.2,-0.00576,-0.03688
stec8|CLARK-Y,61300,3.24,0.00415,-0.08014
stec8|CLARK-Y,61300,4.26,0.00840,-0.09620
stec8|CLARK-Y,61300,5.28,0.00840,-0.09591
stec8|CLARK-Y,61300,6.29,0.00840,-0.10960
stec8|CLARK-Y,61300,7.32,0.00840,-0.13962
stec8|CLARK-Y,61300,8.33,-0.00902,-0.15040
stec8|CLARK-Y,61300,9.34,-0.01940,-0.14830
stec8|CLARK-Y,61300,10.35,-0.04178,-0.13321
stec8|CLARK-Y,61300,11.34,-0.05292,-0.14436
stec8|CLARK-Y,102600,-3.94,-0.18847,0.11370
stec8|CLARK-Y,102600,-2.92,-0.14766,0.07446
stec8|CLARK-Y,102600,-1.87,-0.06792,0.05662
stec8|CLARK-Y,102600,-0.85,-0.00827,-0.03733
stec8|CLARK-Y,102600,0.17,0.01829,-0.04891
stec8|CLARK-Y,102600,1.2,0.03586,-0.07342
stec8|CLARK-Y,102600,2.21,0.05122,-0.09016
stec8|CLARK-Y,102600,3.25,0.05423,-0.09691
stec8|CLARK-Y,102600,4.25,0.05423,-0.10000
stec8|CLARK-Y,102600,5.28,0.05423,-0.10514
stec8|CLARK-Y,102600,6.29,0.05423,-0.10722
stec8|CLARK-Y,102600,7.32,0.05423,-0.11745
stec8|CLARK-Y,102600,8.34,0.03434,-0.11415
stec8|CLARK-Y,102600,9.36,0.02855,-0.09345
stec8|CLARK-Y,102600,10.36,0.01523,-0.08916
stec8|CLARK-Y,102600,11.35,0.05633,-0.09936
stec8|CLARK-Y,203800,-3.96,-0.04542,0.01899
stec8|CLARK-Y,203800,-2.9,-0.01574,0.00527
stec8|CLARK-Y,203800,-1.91,0.01595,-0.02807
stec8|CLARK-Y,203800,-0.85,0.03682,-0.05421
stec8|CLARK-Y,203800,0.17,0.04671,-0.06857
stec8|CLARK-Y,203800,1.19,0.05986,-0.07766
stec8|CLARK-Y,203800,2.22,0.06487,-0.08439
stec8|CLARK-Y,203800,3.24,0.06487,-0.08776
stec8|CLARK-Y,203800,4.27,0.06487,-0.09087
stec8|CLARK-Y,203800,5.28,0.06487,-0.09432
stec8|CLARK-Y,203800,6.3,0.06487,-0.09449
stec8|CLARK-Y,203800,7.31,0.06487,-0.09705
stec8|CLARK-Y,203800,8.34,0.03563,-0.08551
stec8|CLARK-Y,203800,9.34,0.03659,-0.07934
stec8|CLARK-Y,203800,10.34,0.02974,-0.07808
stec8|CLARK-Y,203800,11.35,0.06981,-0.08355
stec8|CLARK-Y,301200,-4.93,-0.01474,0.01754
stec8|CLARK-Y,301200,-3.91,-0.00354,0.00866
stec8|CLARK-Y,301200,-2.9,0.02118,-0.00798
stec8|CLARK-Y,301200,-1.87,0.03653,-0.03394
stec8|CLARK-Y,301200,-0.86,0.04704,-0.03854
stec8|CLARK-Y,301200,0.16,0.04947,-0.06450
stec8|CLARK-Y,301200,1.2,0.06482,-0.07157
stec8|CLARK-Y,301200,2.23,0.06983,-0.07821
stec8|CLARK-Y,301200,3.24,0.06983,-0.08158
stec8|CLARK-Y,301200,4.26,0.06983,-0.08156
stec8|CLARK-Y,301200,5.29,0.06983,-0.08706
stec8|DAE51,60400,-2.91,-0.22953,0.14521
stec8|DAE51,60400,-1.89,-0.20854,0.13872
stec8|DAE51,60400,-0.87,-0.15395,0.09478
stec8|DAE51,60400,0.18,-0.12976,0.07951
stec8|DAE51,60400,1.2,-0.06044,0.05361
stec8|DAE51,60400,2.22,-0.02345,0.02047
stec8|DAE51,60400,3.24,0.00693,-0.01783
stec8|DAE51,60400,4.25,0.00882,-0.04965
stec8|DAE51,60400,5.29,-0.00409,-0.06182
stec8|DAE51,60400,6.28,-0.00409,-0.11091
stec8|DAE51,60400,7.31,-0.04193,-0.11246
stec8|DAE51,60400,8.31,-0.02544,-0.10149
stec8|DAE51,101400,-2.9,-0.17069,0.07245
stec8|DAE51,101400,-1.87,-0.06661,0.03499
stec8|DAE51,101400,-0.84,-0.03775,0.00226
stec8|DAE51,101400,0.18,-0.00758,-0.01565
stec8|DAE51,101400,1.22,0.02835,-0.02854
stec8|DAE51,101400,2.22,0.04752,-0.04708
stec8|DAE51,101400,3.25,0.04994,-0.07031
stec8|DAE51,101400,4.25,0.04994,-0.07565
stec8|DAE51,101400,5.29,0.04994,-0.09018
stec8|DAE51,101400,6.3,0.04994,-0.09536
stec8|DAE51,101400,7.33,0.02198,-0.09544
stec8|DAE51,101400,8.32,-0.00604,-0.07803
stec8|DAE51,101400,9.33,-0.02854,-0.07318
stec8|DAE51,101400,10.33,-0.05875,-0.07473
stec8|DAE51,153500,-2.87,-0.06033,0.03316
stec8|DAE51,153500,-1.84,-0.03604,0.00459
stec8|DAE51,153500,-0.82,0.00146,-0.02126
stec8|DAE51,153500,0.2,0.03562,-0.03450
stec8|DAE51,153500,1.2,0.05154,-0.04507
stec8|DAE51,153500,2.23,0.05898,-0.05950
stec8|DAE51,153500,3.27,0.05898,-0.06735
stec8|DAE51,153500,4.28,0.05898,-0.07229
stec8|DAE51,153500,5.31,0.05898,-0.07543
stec8|DAE51,153500,6.31,0.05898,-0.08325
stec8|DAE51,153500,7.32,0.03192,-0.08281
stec8|DAE51,153500,8.34,-0.00356,-0.06525
stec8|DAE51,153500,9.35,-0.01617,-0.06172
stec8|DAE51,153500,10.33,-0.02684,-0.06622
stec8|DAE51,153500,11.34,0.02784,-0.09263
stec8|DAE51,203200,-2.92,-0.03021,0.00711
stec8|DAE51,203200,-1.86,-0.00511,-0.01344
stec8|DAE51,203200,-0.83,0.03069,-0.02388
stec8|DAE51,203200,0.17,0.04301,-0.03745
stec8|DAE51,203200,1.21,0.05397,-0.05373
stec8|DAE51,203200,2.23,0.05898,-0.05760
stec8|DAE51,203200,3.27,0.05898,-0.06211
stec8|DAE51,203200,4.26,0.05898,-0.06546
stec8|DAE51,203200,5.3,0.05898,-0.07076
stec8|DAE51,203200,6.31,0.05898,-0.07764
stec8|DAE51,203200,7.31,0.02606,-0.07278
stec8|DAE51,203200,8.33,-0.01020,-0.06242
stec8|DAE51,203200,9.35,-0.01617,-0.05887
stec8|DAE51,203200,10.33,-0.01142,-0.06658
stec8|DAE51,203200,11.34,0.01005,-0.08459
stec8|DAE51,310400,-2.88,0.03165,-0.00865
stec8|DAE51,310400,-1.84,0.03683,-0.01766
stec8|DAE51,310400,-0.82,0.05856,-0.02552
stec8|DAE51,310400,0.17,0.05506,-0.03843
stec8|DAE51,310400,1.22,0.06359,-0.04430
stec8|DAE51,310400,2.22,0.06861,-0.04889
stec8|DAE51,310400,3.26,0.06861,-0.05507
stec8|DAE51,310400,4.24,0.06861,-0.05843
stec8|DAE51,310400,5.18,0.06861,-0.06130
stec8|DAE51,310400,6.28,0.07435,-0.06815
stec8|DAE51,310400,7.31,0.02040,-0.05640
stec8|DAE51,310400,8.33,-0.00109,-0.05517
stec8|DAE51,310400,9.34,0.01377,-0.05702
stec8|DAE51,310400,10.34,-0.02347,-0.05680
stec8|DF101,58100,-4.99,-0.23436,0.12239
stec8|DF101,58100,-3.97,-0.20061,0.11542
stec8|DF101,58100,-2.95,-0.17758,0.11578
stec8|DF101,58100,-1.92,-0.17082,0.10888
stec8|DF101,58100,-0.89,-0.16937,0.08024
stec8|DF101,58100,0.14,-0.11927,0.07768
stec8|DF101,58100,1.17,-0.06785,0.05668
stec8|DF101,58100,2.2,-0.02573,-0.00499
stec8|DF101,58100,3.21,-0.01734,-0.05222
stec8|DF101,58100,4.23,-0.01035,-0.08429
stec8|DF101,58100,5.24,-0.01035,-0.08536
stec8|DF101,58100,6.26,-0.01217,-0.08838
stec8|DF101,58100,7.28,-0.01362,-0.09455
stec8|DF101,58100,8.29,-0.01814,-0.10243
stec8|DF101,58100,9.31,-0.05926,-0.13106
stec8|DF101,58100,10.31,-0.06000,-0.12895
stec8|DF101,101700,-6.0,-0.23036,0.09141
stec8|DF101,101700,-4.97,-0.18943,0.09010
stec8|DF101,101700,-3.97,-0.16475,0.08776
stec8|DF101,101700,-2.95,-0.14975,0.07410
stec8|DF101,101700,-1.91,-0.13452,0.04302
stec8|DF101,101700,-0.87,-0.03951,-0.00133
stec8|DF101,101700,0.16,0.01254,-0.05419
stec8|DF101,101700,1.17,0.02386,-0.07305
stec8|DF101,101700,2.19,0.03224,-0.08721
stec8|DF101,101700,3.21,0.04075,-0.10442
stec8|DF101,101700,4.24,0.04075,-0.10171
stec8|DF101,101700,5.25,0.03893,-0.10416
stec8|DF101,101700,6.26,0.03893,-0.10379
stec8|DF101,101700,7.28,0.03895,-0.10657
stec8|DF101,101700,8.3,0.03898,-0.11889
stec8|DF101,101700,9.32,0.03578,-0.13475
stec8|DF101,101700,10.33,0.07254,-0.13312
stec8|DF101,101700,11.33,0.10665,-0.14960
stec8|DF101,153700,-5.99,-0.19567,0.07076
stec8|DF101,153700,-4.97,-0.15956,0.08181
stec8|DF101,153700,-3.95,-0.13723,0.05488
stec8|DF101,153700,-2.93,-0.11820,0.03484
stec8|DF101,153700,-1.9,-0.06362,0.00758
stec8|DF101,153700,-0.87,0.00433,-0.03647
stec8|DF101,153700,0.16,0.02673,-0.06892
stec8|DF101,153700,1.17,0.03881,-0.08233
stec8|DF101,153700,2.19,0.03971,-0.09185
stec8|DF101,153700,3.22,0.04822,-0.10106
stec8|DF101,153700,4.23,0.04822,-0.09697
stec8|DF101,153700,5.26,0.04640,-0.09930
stec8|DF101,153700,6.27,0.04642,-0.09814
stec8|DF101,153700,7.29,0.04642,-0.10048
stec8|DF101,153700,8.31,0.04667,-0.11166
stec8|DF101,153700,9.32,0.05004,-0.12674
stec8|DF101,153700,10.33,0.07952,-0.12520
stec8|DF101,153700,11.34,0.14848,-0.13092
stec8|DF101,201400,-5.99,-0.14167,0.06342
stec8|DF101,201400,-4.97,-0.10933,0.05650
stec8|DF101,201400,-3.93,-0.09551,0.03588
stec8|DF101,201400,-2.92,-0.07143,0.00594
stec8|DF101,201400,-1.89,-0.00132,-0.01948
stec8|DF101,201400,-0.88,0.01836,-0.04467
stec8|DF101,201400,0.15,0.03420,-0.07680
stec8|DF101,201400,1.18,0.03881,-0.08867
stec8|DF101,201400,2.2,0.03971,-0.09185
stec8|DF101,201400,3.22,0.04822,-0.10060
stec8|DF101,201400,4.24,0.04822,-0.09650
stec8|DF101,201400,5.25,0.04640,-0.09705
stec8|DF101,201400,6.26,0.04642,-0.09497
stec8|DF101,201400,7.29,0.04645,-0.09663
stec8|DF101,201400,8.3,0.04667,-0.10758
stec8|DF101,201400,9.32,0.03950,-0.12318
stec8|DF101,201400,10.33,0.07952,-0.11861
stec8|DF101,201400,11.34,0.16061,-0.12853
stec8|DF101,305500,-6.0,-0.07136,0.03853
stec8|DF101,305500,-4.96,-0.06305,0.02951
stec8|DF101,305500,-3.94,-0.02854,0.00547
stec8|DF101,305500,-2.93,-0.00594,-0.00729
stec8|DF101,305500,-1.9,0.02855,-0.03184
stec8|DF101,305500,-0.88,0.04697,-0.04858
stec8|DF101,305500,0.14,0.04784,-0.07089
stec8|DF101,305500,1.17,0.05244,-0.08130
stec8|DF101,305500,2.19,0.06686,-0.08471
stec8|DF101,305500,3.21,0.07537,-0.09328
stec8|DF101,305500,4.24,0.07355,-0.08918
stec8|DF101,305500,5.25,0.06004,-0.09039
stec8|DF101,305500,6.26,0.06006,-0.08895
stec8|DF101,305500,7.29,0.06031,-0.08965
stec8|DF101,305500,8.31,0.06031,-0.10290
stec8|DF101,305500,9.31,0.08856,-0.12259
stec8|DF101,305500,10.34,0.13118,-0.11327
stec8|DF102,59100,-3.98,-0.23797,0.12544
stec8|DF102,59100,-2.96,-0.19151,0.12023
stec8|DF102,59100,-1.93,-0.18196,0.12227
stec8|DF102,59100,-0.93,-0.19060,0.08101
stec8|DF102,59100,0.12,-0.15383,0.07961
stec8|DF102,59100,1.15,-0.06348,0.07683
stec8|DF102,59100,2.18,-0.02621,0.01374
stec8|DF102,59100,3.19,-0.00703,-0.07458
stec8|DF102,59100,4.22,0.00033,-0.07777
stec8|DF102,59100,5.23,-0.00140,-0.08710
stec8|DF102,59100,6.25,-0.01899,-0.08996
stec8|DF102,59100,7.27,-0.01851,-0.09892
stec8|DF102,59100,8.28,-0.04073,-0.11765
stec8|DF102,59100,9.27,-0.07802,-0.10698
stec8|DF102,59100,10.25,-0.05742,-0.10874
stec8|DF102,100200,-3.97,-0.20145,0.09815
stec8|DF102,100200,-2.95,-0.15367,0.09168
stec8|DF102,100200,-1.92,-0.13799,0.06462
stec8|DF102,100200,-0.89,-0.02786,0.01463
stec8|DF102,100200,0.13,0.00907,-0.03988
stec8|DF102,100200,1.16,0.02209,-0.06025
stec8|DF102,100200,2.18,0.02839,-0.07685
stec8|DF102,100200,3.2,0.04862,-0.08796
stec8|DF102,100200,4.23,0.04689,-0.08394
stec8|DF102,100200,5.22,0.03566,-0.08536
stec8|DF102,100200,6.26,0.02290,-0.08327
stec8|DF102,100200,7.26,0.01714,-0.08642
stec8|DF102,100200,8.28,0.01714,-0.09724
stec8|DF102,100200,9.29,0.01484,-0.10253
stec8|DF102,100200,10.32,0.00834,-0.13141
stec8|DF102,100200,11.31,0.06409,-0.15511
stec8|DF102,149100,-3.95,-0.19400,0.08873
stec8|DF102,149100,-2.43,-0.09261,0.04459
stec8|DF102,149100,-0.89,-0.00060,-0.02862
stec8|DF102,149100,0.65,0.02242,-0.06683
stec8|DF102,149100,2.17,0.02872,-0.07820
stec8|DF102,149100,3.7,0.04895,-0.08245
stec8|DF102,149100,5.24,0.03599,-0.07772
stec8|DF102,149100,6.76,0.01747,-0.07878
stec8|DF102,149100,8.29,0.01747,-0.08843
stec8|DF102,149100,9.81,0.00585,-0.09005
stec8|DF102,149100,11.32,0.08062,-0.14641
stec8|DF102,200900,-3.97,-0.12409,0.05245
stec8|DF102,200900,-2.96,-0.05824,0.02325
stec8|DF102,200900,-1.93,-0.00683,0.00404
stec8|DF102,200900,-0.91,0.02445,-0.02822
stec8|DF102,200900,0.13,0.03063,-0.06279
stec8|DF102,200900,1.16,0.03259,-0.07463
stec8|DF102,200900,2.17,0.03890,-0.07616
stec8|DF102,200900,3.19,0.05912,-0.07875
stec8|DF102,200900,4.22,0.04994,-0.07811
stec8|DF102,200900,5.23,0.03341,-0.07695
stec8|DF102,200900,6.26,0.03341,-0.07620
stec8|DF102,200900,7.27,0.03341,-0.07780
stec8|DF102,200900,8.28,0.03055,-0.08591
stec8|DF102,200900,9.31,0.02336,-0.09137
stec8|DF102,200900,10.32,0.03153,-0.11711
stec8|DF102,200900,11.34,0.11155,-0.14796
stec8|DF102,300900,-4.03,-0.05765,0.02636
stec8|DF102,300900,-2.97,0.00380,0.01021
stec8|DF102,300900,-1.93,0.03385,-0.01961
stec8|DF102,300900,-0.91,0.04819,-0.03138
stec8|DF102,300900,0.12,0.04894,-0.05181
stec8|DF102,300900,1.12,0.05090,-0.06779
stec8|DF102,300900,2.16,0.05720,-0.06932
stec8|DF102,300900,3.18,0.07570,-0.07195
stec8|DF102,300900,4.21,0.06447,-0.06918
stec8|DF102,300900,5.24,0.05380,-0.07015
stec8|DF102,300900,6.24,0.05380,-0.07009
stec8|DF102,300900,7.27,0.05094,-0.07264
stec8|DF102,300900,8.28,0.04653,-0.07854
stec8|DF102,300900,9.31,0.04375,-0.08702
stec8|DF102,300900,10.31,0.05192,-0.11479
stec8|DF102,300900,11.34,0.13194,-0.14076
stec8|E193,60200,-3.95,-0.24806,0.16345
stec8|E193,60200,-2.93,-0.18997,0.14529
stec8|E193,60200,-1.9,-0.11055,0.11092
stec8|E193,60200,-0.87,-0.03533,0.06744
stec8|E193,60200,0.16,-0.02125,0.04250
stec8|E193,60200,1.19,-0.01944,0.01662
stec8|E193,60200,2.2,-0.01562,0.00804
stec8|E193,60200,3.21,-0.00987,-0.01638
stec8|E193,60200,4.23,0.01659,-0.04079
stec8|E193,60200,5.25,-0.03187,-0.03752
stec8|E193,60200,6.29,-0.03187,-0.06404
stec8|E193,60200,7.3,-0.00134,-0.07838
stec8|E193,60200,8.33,0.01553,-0.08795
stec8|E193,60200,9.33,-0.04893,-0.05163
stec8|E193,60200,10.34,-0.15093,-0.04594
stec8|E193,60200,11.33,-0.09033,-0.06864
stec8|E193,97500,-3.95,-0.14038,0.09786
stec8|E193,97500,-2.91,-0.05088,0.06842
stec8|E193,97500,-1.88,-0.00507,0.03174
stec8|E193,97500,-0.87,0.00077,0.00042
stec8|E193,97500,0.14,0.00273,-0.01865
stec8|E193,97500,1.19,0.00744,-0.04018
stec8|E193,97500,2.2,0.02715,-0.04437
stec8|E193,97500,3.21,0.02926,-0.04652
stec8|E193,97500,4.23,0.02926,-0.05416
stec8|E193,97500,5.26,0.02926,-0.06029
stec8|E193,97500,6.28,0.02926,-0.07915
stec8|E193,97500,7.3,0.02753,-0.08541
stec8|E193,97500,8.33,0.01195,-0.06040
stec8|E193,97500,9.32,-0.04081,-0.04985
stec8|E193,97500,10.34,-0.05970,-0.05514
stec8|E193,97500,11.34,-0.02269,-0.08093
stec8|E193,204200,-3.94,-0.01800,0.01535
stec8|E193,204200,-2.95,0.03773,-0.00137
stec8|E193,204200,-1.89,0.04240,-0.01283
stec8|E193,204200,-0.88,0.04104,-0.02821
stec8|E193,204200,0.15,0.04300,-0.03115
stec8|E193,204200,1.18,0.04771,-0.03607
stec8|E193,204200,2.19,0.06953,-0.04056
stec8|E193,204200,3.22,0.06953,-0.04494
stec8|E193,204200,4.24,0.06953,-0.05144
stec8|E193,204200,5.26,0.06953,-0.05305
stec8|E193,204200,6.28,0.06780,-0.06274
stec8|E193,204200,7.31,0.06544,-0.06172
stec8|E193,204200,8.31,0.04154,-0.03905
stec8|E193,204200,9.31,0.02705,-0.03879
stec8|E193,204200,10.33,0.04701,-0.03707
stec8|E193,204200,11.34,0.15053,-0.05980
stec8|E193,303100,-2.92,0.04772,-0.00243
stec8|E193,303100,-1.89,0.05030,-0.01397
stec8|E193,303100,-0.88,0.04894,-0.02025
stec8|E193,303100,0.15,0.05090,-0.02512
stec8|E193,303100,1.16,0.05561,-0.03004
stec8|E193,303100,2.19,0.07743,-0.03404
stec8|E193,303100,3.2,0.07743,-0.03851
stec8|E193,303100,4.24,0.07743,-0.04322
stec8|E193,303100,5.25,0.07743,-0.04908
stec8|E205A,59800,-3.96,-0.24342,0.17028
stec8|E205A,59800,-2.92,-0.18997,0.14534
stec8|E205A,59800,-1.9,-0.07431,0.07722
stec8|E205A,59800,-0.85,-0.02125,0.02207
stec8|E205A,59800,0.16,-0.01944,0.00005
stec8|E205A,59800,1.17,-0.01748,0.00010
stec8|E205A,59800,2.18,-0.01277,-0.02222
stec8|E205A,59800,3.21,0.00521,-0.02474
stec8|E205A,59800,4.22,0.00330,-0.02165
stec8|E205A,59800,5.24,0.00330,-0.03438
stec8|E205A,59800,6.25,-0.00134,-0.04532
stec8|E205A,59800,7.28,-0.00134,-0.04795
stec8|E205A,59800,8.29,0.00158,-0.07947
stec8|E205A,59800,9.31,-0.00334,-0.07600
stec8|E205A,59800,10.32,-0.10289,-0.06264
stec8|E205A,59800,11.32,-0.20620,-0.07288
stec8|E205A,99500,-3.93,-0.18554,0.10470
stec8|E205A,99500,-2.92,-0.03809,0.05731
stec8|E205A,99500,-1.88,0.01474,0.01658
stec8|E205A,99500,-0.86,0.02013,-0.02310
stec8|E205A,99500,0.16,0.02013,-0.03376
stec8|E205A,99500,1.18,0.02347,-0.03658
stec8|E205A,99500,2.2,0.03544,-0.03600
stec8|E205A,99500,3.21,0.04862,-0.04531
stec8|E205A,99500,4.23,0.04862,-0.04318
stec8|E205A,99500,5.25,0.04862,-0.04253
stec8|E205A,99500,6.27,0.04862,-0.05552
stec8|E205A,99500,7.29,0.04689,-0.07243
stec8|E205A,99500,8.32,0.04453,-0.07599
stec8|E205A,99500,9.32,0.01615,-0.05970
stec8|E205A,99500,10.33,-0.00399,-0.06023
stec8|E205A,99500,11.32,0.04707,-0.07706
stec8|E205A,150600,-1.9,0.02553,0.03666
stec8|E205A,150600,-0.86,0.02956,-0.02065
stec8|E205A,150600,0.15,0.02956,-0.02872
stec8|E205A,150600,1.16,0.03152,-0.03289
stec8|E205A,150600,3.22,0.05806,-0.03847
stec8|E205A,150600,5.25,0.05806,-0.03944
stec8|E205A,150600,7.3,0.05633,-0.05724
stec8|E205A,150600,8.31,0.04510,-0.05250
stec8|E205A,150600,9.33,0.02408,-0.05068
stec8|E205A,150600,10.33,0.02795,-0.04717
stec8|E205A,150600,11.32,0.11285,-0.06738
stec8|E205A,202100,-4.98,-0.10541,0.06891
stec8|E205A,202100,-3.94,-0.03653,0.02357
stec8|E205A,202100,-2.92,0.01008,0.01572
stec8|E205A,202100,-1.89,0.02660,0.02057
stec8|E205A,202100,-0.9,0.03063,-0.01680
stec8|E205A,202100,0.15,0.03063,-0.02668
stec8|E205A,202100,1.16,0.03259,-0.03018
stec8|E205A,202100,2.19,0.03890,-0.03064
stec8|E205A,202100,3.2,0.05912,-0.03478
stec8|E205A,202100,4.24,0.05912,-0.03320
stec8|E205A,202100,5.26,0.05740,-0.03880
stec8|E205A,202100,6.27,0.05740,-0.04752
stec8|E205A,202100,7.3,0.05503,-0.05288
stec8|E205A,202100,8.3,0.04617,-0.04846
stec8|E205A,202100,9.31,0.02060,-0.04901
stec8|E205A,202100,10.32,0.03404,-0.04802
stec8|E205A,202100,11.34,0.11759,-0.06234
stec8|E205A,301800,-1.92,0.04490,0.01784
stec8|E205A,301800,-0.88,0.04894,-0.00342
stec8|E205A,301800,0.14,0.04894,-0.01563
stec8|E205A,301800,1.16,0.05090,-0.01891
stec8|E205A,301800,2.19,0.05720,-0.01858
stec8|E205A,301800,3.21,0.07743,-0.02802
stec8|E205A,301800,4.22,0.07570,-0.02808
stec8|E205A,301800,5.25,0.07570,-0.03064
stec8|E205A,301800,6.27,0.07570,-0.03978
stec8|E205A,301800,7.28,0.06824,-0.03854
stec8|E205A,301800,8.31,0.05380,-0.04057
stec8|E205B,63600,-4.94,-0.25063,0.08217
stec8|E205B,63600,-3.94,-0.23382,0.08612
stec8|E205B,63600,-2.92,-0.19763,0.05842
stec8|E205B,63600,-1.88,-0.11040,-0.00960
stec8|E205B,63600,-0.84,-0.07230,-0.04513
stec8|E205B,63600,0.16,-0.06276,-0.05705
stec8|E205B,63600,1.18,-0.05607,-0.07091
stec8|E205B,63600,2.21,-0.05137,-0.08686
stec8|E205B,63600,3.22,-0.02639,-0.08631
stec8|E205B,63600,4.24,-0.02805,-0.07368
stec8|E205B,63600,5.26,-0.02805,-0.09348
stec8|E205B,63600,6.28,-0.02805,-0.10527
stec8|E205B,63600,7.29,-0.02805,-0.12770
stec8|E205B,63600,8.32,-0.02805,-0.14128
stec8|E205B,63600,9.32,-0.02089,-0.12588
stec8|E205B,63600,10.33,-0.13974,-0.11560
stec8|E205B,105200,-5.99,-0.28096,0.04540
stec8|E205B,105200,-4.95,-0.21100,0.04313
stec8|E205B,105200,-3.91,-0.18455,0.01372
stec8|E205B,105200,-2.89,-0.05421,-0.02239
stec8|E205B,105200,-1.87,-0.00271,-0.05554
stec8|E205B,105200,-0.85,0.00859,-0.07904
stec8|E205B,105200,0.17,0.00998,-0.09083
stec8|E205B,105200,1.19,0.01670,-0.09972
stec8|E205B,105200,2.22,0.02190,-0.10285
stec8|E205B,105200,3.23,0.03767,-0.10621
stec8|E205B,105200,4.25,0.03947,-0.10920
stec8|E205B,105200,5.28,0.03947,-0.11838
stec8|E205B,105200,6.28,0.03947,-0.12039
stec8|E205B,105200,7.31,0.03947,-0.12833
stec8|E205B,105200,8.31,0.03947,-0.13875
stec8|E205B,105200,9.31,0.02678,-0.12507
stec8|E205B,151100,-6.0,-0.18480,0.03872
stec8|E205B,151100,-4.94,-0.19867,0.03120
stec8|E205B,151100,-3.92,-0.09921,-0.00909
stec8|E205B,151100,-2.89,-0.02392,-0.04491
stec8|E205B,151100,-1.88,0.01954,-0.04800
stec8|E205B,151100,-0.87,0.02266,-0.07955
stec8|E205B,151100,0.15,0.02266,-0.08204
stec8|E205B,151100,1.19,0.02266,-0.09094
stec8|E205B,151100,2.21,0.03458,-0.09210
stec8|E205B,151100,3.22,0.05035,-0.09811
stec8|E205B,151100,4.24,0.05215,-0.10345
stec8|E205B,151100,5.27,0.05215,-0.11195
stec8|E205B,151100,6.3,0.05215,-0.11223
stec8|E205B,151100,7.3,0.05215,-0.11557
stec8|E205B,151100,8.33,0.04916,-0.11807
stec8|E205B,151100,9.33,0.01411,-0.11028
stec8|E205B,151100,10.32,0.00110,-0.10382
stec8|E205B,206600,-4.95,-0.08868,0.00161
stec8|E205B,206600,-3.91,-0.04965,-0.03492
stec8|E205B,206600,-2.91,0.00478,-0.05435
stec8|E205B,206600,-1.88,0.02665,-0.05407
stec8|E205B,206600,-0.87,0.02839,-0.08176
stec8|E205B,206600,0.15,0.02839,-0.08508
stec8|E205B,206600,1.19,0.02839,-0.09286
stec8|E205B,206600,2.2,0.03630,-0.09493
stec8|E205B,206600,3.24,0.05608,-0.10076
stec8|E205B,206600,4.24,0.05788,-0.10627
stec8|E205B,206600,5.28,0.05788,-0.11238
stec8|E205B,206600,6.28,0.05788,-0.11318
stec8|E205B,206600,7.31,0.05788,-0.12084
stec8|E205B,206600,8.32,0.05291,-0.11914
stec8|E205B,206600,9.32,0.01788,-0.11098
stec8|E205B,206600,10.32,0.02128,-0.10706
stec8|E205B,206600,11.31,0.09940,-0.12274
stec8|E205B,304300,-5.98,-0.08327,0.01147
stec8|E205B,304300,-4.95,-0.03899,-0.02428
stec8|E205B,304300,-3.95,-0.01663,-0.04826
stec8|E205B,304300,-2.92,0.02282,-0.05163
stec8|E205B,304300,-1.9,0.03726,-0.04985
stec8|E205B,304300,-0.86,0.03899,-0.07499
stec8|E205B,304300,0.16,0.03899,-0.08032
stec8|E205B,304300,1.19,0.03899,-0.08801
stec8|E205B,304300,2.2,0.04691,-0.08985
stec8|E205B,304300,3.24,0.06668,-0.09477
stec8|E205B,304300,4.24,0.06849,-0.10039
stec8|E205B,304300,5.28,0.06849,-0.10473
stec8|E205B,304300,6.28,0.06849,-0.10908
stec8|E205B,304300,7.3,0.06849,-0.11398
stec8|E205B,304300,8.31,0.06096,-0.11225
stec8|E205B,304300,9.33,0.02508,-0.10934
stec8|E205B,304300,10.32,0.03384,-0.10265
stec8|E205B,304300,11.31,0.09343,-0.11117
stec8|E214A,101600,-7.0,-0.28325,0.10340
stec8|E214A,101600,-5.99,-0.30600,0.12607
stec8|E214A,101600,-4.97,-0.26263,0.12715
stec8|E214A,101600,-3.95,-0.19398,0.11132
stec8|E214A,101600,-2.91,-0.15120,0.09393
stec8|E214A,101600,-1.88,-0.04098,0.06238
stec8|E214A,101600,-0.86,-0.01394,0.03233
stec8|E214A,101600,0.17,0.00958,-0.01308
stec8|E214A,101600,1.2,0.03716,-0.03699
stec8|E214A,101600,2.23,0.05810,-0.05223
stec8|E214A,101600,3.25,0.06053,-0.07287
stec8|E214A,101600,4.26,0.06053,-0.08164
stec8|E214A,101600,5.28,0.06053,-0.10087
stec8|E214A,101600,6.3,0.03256,-0.10764
stec8|E214A,101600,7.33,0.03384,-0.11146
stec8|E214A,101600,8.34,0.01488,-0.11024
stec8|E214A,101600,9.35,-0.02533,-0.07676
stec8|E214A,101600,10.35,-0.03969,-0.08214
stec8|E214A,101600,11.37,-0.02535,-0.10783
stec8|E214A,146700,-4.95,-0.17599,0.11155
stec8|E214A,146700,-3.39,-0.12094,0.06734
stec8|E214A,146700,-1.86,-0.03822,0.02384
stec8|E214A,146700,-0.34,0.00210,-0.01457
stec8|E214A,146700,1.2,0.05343,-0.05146
stec8|E214A,146700,2.75,0.05963,-0.07221
stec8|E214A,146700,4.27,0.05963,-0.08304
stec8|E214A,146700,5.79,0.03412,-0.10439
stec8|E214A,146700,7.33,0.03384,-0.10840
stec8|E214A,146700,8.86,-0.02684,-0.07842
stec8|E214A,146700,10.37,-0.04094,-0.07797
stec8|E214A,146700,11.86,-0.01142,-0.07882
stec8|E214A,201800,-7.0,-0.24478,0.05631
stec8|E214A,201800,-6.02,-0.19648,0.06410
stec8|E214A,201800,-4.99,-0.10543,0.05568
stec8|E214A,201800,-3.94,-0.06679,0.04191
stec8|E214A,201800,-2.88,-0.01467,0.01949
stec8|E214A,201800,-1.89,0.00080,0.00658
stec8|E214A,201800,-0.84,0.02527,-0.01679
stec8|E214A,201800,0.16,0.04781,-0.03113
stec8|E214A,201800,1.16,0.06652,-0.04860
stec8|E214A,201800,2.13,0.06652,-0.06304
stec8|E214A,201800,3.24,0.06728,-0.06666
stec8|E214A,201800,4.23,0.06728,-0.07354
stec8|E214A,201800,5.29,0.06728,-0.09088
stec8|E214A,201800,6.3,0.03932,-0.09106
stec8|E214A,201800,7.3,0.03514,-0.09439
stec8|E214A,201800,8.34,-0.00193,-0.07683
stec8|E214A,201800,9.36,-0.02374,-0.06537
stec8|E214A,201800,10.36,-0.01990,-0.06848
stec8|E214A,201800,11.37,0.05002,-0.08100
stec8|E214A,299000,-4.93,-0.03832,0.03971
stec8|E214A,299000,-3.9,-0.00674,0.03035
stec8|E214A,299000,-2.89,0.01453,0.01833
stec8|E214A,299000,-1.86,0.03546,0.00536
stec8|E214A,299000,-0.84,0.05277,-0.01914
stec8|E214A,299000,0.19,0.06869,-0.03163
stec8|E214A,299000,1.19,0.07537,-0.04524
stec8|E214A,299000,2.23,0.07613,-0.05382
stec8|E214A,299000,3.25,0.07613,-0.05615
stec8|E214A,299000,4.26,0.07613,-0.06314
stec8|E214A,299000,5.28,0.07613,-0.07807
stec8|E214A,299000,6.3,0.04817,-0.08066
stec8|E214A,299000,7.28,0.04107,-0.07950
stec8|E214A,299000,8.31,-0.00574,-0.06815
stec8|E214A,299000,9.32,-0.00782,-0.06236
stec8|E214B,59800,-5.98,-0.34348,0.15212
stec8|E214B,59800,-4.97,-0.30392,0.13935
stec8|E214B,59800,-3.94,-0.21262,0.13082
stec8|E214B,59800,-2.9,-0.18274,0.13066
stec8|E214B,59800,-1.87,-0.16772,0.12287
stec8|E214B,59800,-0.86,-0.15321,0.10050
stec8|E214B,59800,0.16,-0.05267,0.06153
stec8|E214B,59800,1.19,-0.02158,0.01418
stec8|E214B,59800,2.22,-0.02150,0.00418
stec8|E214B,59800,3.23,0.00156,-0.02351
stec8|E214B,59800,4.27,-0.00309,-0.05832
stec8|E214B,59800,5.3,-0.00620,-0.07060
stec8|E214B,59800,6.33,-0.00309,-0.13564
stec8|E214B,59800,7.35,-0.00280,-0.14583
stec8|E214B,59800,8.37,-0.00452,-0.15134
stec8|E214B,59800,9.38,-0.01865,-0.13725
stec8|E214B,59800,10.39,-0.07268,-0.12301
stec8|E214B,59800,11.38,-0.10429,-0.10915
stec8|E214B,99300,-5.97,-0.33875,0.09735
stec8|E214B,99300,-4.95,-0.28610,0.08849
stec8|E214B,99300,-3.93,-0.19857,0.09651
stec8|E214B,99300,-2.89,-0.11710,0.06634
stec8|E214B,99300,-1.86,-0.02441,0.04879
stec8|E214B,99300,-0.84,-0.00584,0.01409
stec8|E214B,99300,0.19,0.01758,-0.03156
stec8|E214B,99300,1.22,0.02665,-0.04547
stec8|E214B,99300,2.25,0.04687,-0.06323
stec8|E214B,99300,3.28,0.04687,-0.08985
stec8|E214B,99300,4.3,0.04687,-0.10001
stec8|E214B,99300,5.32,0.04687,-0.12190
stec8|E214B,99300,6.33,0.04252,-0.13007
stec8|E214B,99300,7.35,0.04079,-0.13664
stec8|E214B,99300,8.37,0.03843,-0.13512
stec8|E214B,99300,9.38,0.01104,-0.11210
stec8|E214B,99300,10.39,0.00777,-0.11422
stec8|E214B,99300,11.39,0.02347,-0.11602
stec8|E214B,202600,-5.96,-0.16157,0.05640
stec8|E214B,202600,-5.01,-0.08486,0.04713
stec8|E214B,202600,-3.9,-0.05629,0.02690
stec8|E214B,202600,-2.88,-0.00708,0.00875
stec8|E214B,202600,-1.86,0.00065,-0.00475
stec8|E214B,202600,-0.84,0.03140,-0.03079
stec8|E214B,202600,0.19,0.04556,-0.04365
stec8|E214B,202600,1.2,0.05738,-0.06594
stec8|E214B,202600,2.24,0.05738,-0.07508
stec8|E214B,202600,3.26,0.05738,-0.08434
stec8|E214B,202600,4.27,0.05738,-0.09124
stec8|E214B,202600,5.29,0.05738,-0.10326
stec8|E214B,202600,6.32,0.05129,-0.10554
stec8|E214B,202600,7.34,0.04893,-0.11199
stec8|E214B,202600,8.35,0.04007,-0.10416
stec8|E214B,202600,9.36,0.02004,-0.09356
stec8|E214B,202600,10.36,0.02570,-0.09797
stec8|E214B,202600,11.37,0.11691,-0.10968
stec8|E214B,301800,-5.94,-0.06321,0.04574
stec8|E214B,301800,-4.89,-0.02951,0.03312
stec8|E214B,301800,-3.87,-0.00849,0.02313
stec8|E214B,301800,-2.85,0.02195,0.00853
stec8|E214B,301800,-1.82,0.04133,-0.02708
stec8|E214B,301800,-0.8,0.05398,-0.03743
stec8|E214B,301800,0.21,0.07272,-0.04924
stec8|E214B,301800,1.23,0.07704,-0.06411
stec8|E214B,301800,2.24,0.07568,-0.07143
stec8|E214C F0,59700,-3.92,-0.24218,0.15868
stec8|E214C F0,59700,-2.91,-0.21404,0.14748
stec8|E214C F0,59700,-1.89,-0.18042,0.13241
stec8|E214C F0,59700,-0.87,-0.15797,0.09709
stec8|E214C F0,59700,0.16,-0.06862,0.08041
stec8|E214C F0,59700,1.19,-0.03694,0.03685
stec8|E214C F0,59700,2.2,-0.01212,0.02062
stec8|E214C F0,59700,3.23,-0.00012,-0.01706
stec8|E214C F0,59700,4.27,-0.00012,-0.06073
stec8|E214C F0,59700,5.29,-0.00012,-0.08886
stec8|E214C F0,59700,6.3,-0.00757,-0.11213
stec8|E214C F0,59700,7.33,-0.01373,-0.12439
stec8|E214C F0,59700,8.35,-0.00476,-0.11625
stec8|E214C F0,59700,9.36,-0.01075,-0.11304
stec8|E214C F0,59700,10.36,-0.10116,-0.10279
stec8|E214C F0,59700,11.37,-0.12202,-0.11555
stec8|E214C F0,100600,-3.93,-0.21020,0.11688
stec8|E214C F0,100600,-2.89,-0.15645,0.09858
stec8|E214C F0,100600,-1.86,-0.04819,0.06009
stec8|E214C F0,100600,-0.84,-0.02934,0.03227
stec8|E214C F0,100600,0.18,0.00836,-0.01630
stec8|E214C F0,100600,1.22,0.03112,-0.02173
stec8|E214C F0,100600,2.23,0.04006,-0.05630
stec8|E214C F0,100600,3.24,0.04006,-0.07790
stec8|E214C F0,100600,4.28,0.04006,-0.08939
stec8|E214C F0,100600,5.3,0.03853,-0.10611
stec8|E214C F0,100600,6.31,0.03086,-0.10857
stec8|E214C F0,100600,7.34,0.03342,-0.11603
stec8|E214C F0,100600,8.35,0.03342,-0.11191
stec8|E214C F0,100600,9.36,0.02532,-0.09747
stec8|E214C F0,100600,10.38,0.01240,-0.09746
stec8|E214C F0,100600,11.37,0.03839,-0.12236
stec8|E214C F0,151300,-4.95,-0.19826,0.10604
stec8|E214C F0,151300,-3.92,-0.17849,0.08548
stec8|E214C F0,151300,-2.9,-0.11187,0.03430
stec8|E214C F0,151300,-1.88,-0.03867,0.01002
stec8|E214C F0,151300,-0.85,0.00419,-0.00636
stec8|E214C F0,151300,0.19,0.03208,-0.02397
stec8|E214C F0,151300,1.21,0.04692,-0.05347
stec8|E214C F0,151300,2.23,0.04692,-0.06878
stec8|E214C F0,151300,3.26,0.04692,-0.07376
stec8|E214C F0,151300,4.28,0.04692,-0.08336
stec8|E214C F0,151300,5.31,0.04538,-0.09616
stec8|E214C F0,151300,6.32,0.03772,-0.09536
stec8|E214C F0,151300,7.33,0.04028,-0.10367
stec8|E214C F0,151300,8.36,0.03699,-0.09631
stec8|E214C F0,151300,9.36,0.02974,-0.09082
stec8|E214C F0,151300,10.37,0.01653,-0.08877
stec8|E214C F0,201700,-4.99,-0.15708,0.07092
stec8|E214C F0,201700,-4.01,-0.13166,0.02694
stec8|E214C F0,201700,-2.97,-0.05711,0.00336
stec8|E214C F0,201700,-1.91,-0.00699,-0.00477
stec8|E214C F0,201700,-0.91,0.01724,-0.02411
stec8|E214C F0,201700,0.12,0.04042,-0.02521
stec8|E214C F0,201700,1.17,0.04826,-0.05783
stec8|E214C F0,201700,2.17,0.04826,-0.06835
stec8|E214C F0,201700,3.21,0.04826,-0.07333
stec8|E214C F0,201700,4.26,0.04826,-0.08380
stec8|E214C F0,201700,5.28,0.04673,-0.09521
stec8|E214C F0,201700,6.3,0.03906,-0.09442
stec8|E214C F0,201700,7.32,0.04162,-0.10188
stec8|E214C F0,201700,8.35,0.03595,-0.09582
stec8|E214C F0,201700,9.36,0.01644,-0.09139
stec8|E214C F0,201700,10.37,0.02761,-0.08898
stec8|E214C F0,302800,-4.93,-0.08528,0.03737
stec8|E214C F0,302800,-3.89,-0.07248,0.02268
stec8|E214C F0,302800,-2.86,0.00154,0.00870
stec8|E214C F0,302800,-1.84,0.02810,-0.00371
stec8|E214C F0,302800,-0.82,0.05107,-0.02136
stec8|E214C F0,302800,0.21,0.05609,-0.04550
stec8|E214C F0,302800,1.23,0.06001,-0.05272
stec8|E214C F0,302800,2.24,0.06001,-0.06318
stec8|E214C F0,302800,3.27,0.06001,-0.06769
stec8|E214C F0,302800,4.27,0.06001,-0.07585
stec8|E214C F0,302800,5.28,0.05848,-0.08726
stec8|E214C F0,302800,6.31,0.05081,-0.08646
stec8|E214C F0,302800,7.3,0.05539,-0.09180
stec8|E214C F0,302800,8.27,0.05048,-0.08971
stec8|E214C F0,302800,9.27,0.03952,-0.09771
stec8|E374A,58900,-6.0,-0.22781,0.13235
stec8|E374A,58900,-4.97,-0.21342,0.15134
stec8|E374A,58900,-3.94,-0.22495,0.13979
stec8|E374A,58900,-2.95,-0.18367,0.12263
stec8|E374A,58900,-1.92,-0.18142,0.07907
stec8|E374A,58900,-0.89,-0.17047,0.07320
stec8|E374A,58900,0.13,-0.10583,0.06659
stec8|E374A,58900,1.16,-0.06735,0.04499
stec8|E374A,58900,2.17,-0.05781,0.03705
stec8|E374A,58900,3.2,-0.04967,0.00942
stec8|E374A,58900,4.24,-0.02275,-0.02512
stec8|E374A,58900,5.25,0.00211,-0.03404
stec8|E374A,58900,6.28,-0.01133,-0.05878
stec8|E374A,58900,7.29,-0.01278,-0.08593
stec8|E374A,58900,8.31,-0.07117,-0.08605
stec8|E374A,58900,9.3,-0.13964,-0.10146
stec8|E374A,58900,10.31,-0.10455,-0.10462
stec8|E374A,58900,11.31,-0.09138,-0.09159
stec8|E374A,97800,-5.99,-0.28461,0.11809
stec8|E374A,97800,-4.98,-0.21238,0.11575
stec8|E374A,97800,-3.94,-0.22080,0.08996
stec8|E374A,97800,-2.94,-0.14357,0.06037
stec8|E374A,97800,-1.9,-0.04468,-0.01307
stec8|E374A,97800,-0.86,-0.03613,-0.02960
stec8|E374A,97800,0.17,-0.02659,-0.04994
stec8|E374A,97800,1.18,-0.01702,-0.06128
stec8|E374A,97800,2.19,-0.01232,-0.06996
stec8|E374A,97800,3.21,0.00884,-0.08043
stec8|E374A,97800,4.24,0.01065,-0.08323
stec8|E374A,97800,5.25,0.01065,-0.09024
stec8|E374A,97800,6.27,0.01065,-0.09182
stec8|E374A,97800,7.3,0.01143,-0.09842
stec8|E374A,97800,8.31,-0.05954,-0.09173
stec8|E374A,97800,9.31,-0.04709,-0.09166
stec8|E374A,151800,-6.01,-0.20365,0.08354
stec8|E374A,151800,-4.97,-0.20011,0.07812
stec8|E374A,151800,-3.94,-0.13314,0.05184
stec8|E374A,151800,-2.92,-0.03654,0.03816
stec8|E374A,151800,-1.92,0.00592,-0.00862
stec8|E374A,151800,-0.88,0.01722,-0.04396
stec8|E374A,151800,0.14,0.02016,-0.06071
stec8|E374A,151800,1.16,0.02827,-0.06712
stec8|E374A,151800,2.2,0.03347,-0.06965
stec8|E374A,151800,3.2,0.04923,-0.07337
stec8|E374A,151800,4.22,0.05104,-0.07810
stec8|E374A,151800,5.26,0.05104,-0.08378
stec8|E374A,151800,6.28,0.05104,-0.08800
stec8|E374A,151800,7.28,0.04416,-0.08335
stec8|E374A,151800,8.29,0.02445,-0.08363
stec8|E374A,151800,9.31,0.04641,-0.08157
stec8|E374A,151800,10.3,0.06454,-0.09478
stec8|E374A,151800,11.31,0.17545,-0.12322
stec8|E374A,201300,-6.0,-0.18220,0.06035
stec8|E374A,201300,-4.96,-0.11951,0.03840
stec8|E374A,201300,-3.93,-0.08730,0.01494
stec8|E374A,201300,-2.92,-0.01891,0.02207
stec8|E374A,201300,-1.9,-0.00598,-0.01981
stec8|E374A,201300,-0.9,0.02117,-0.04494
stec8|E374A,201300,0.16,0.02256,-0.05963
stec8|E374A,201300,1.18,0.02256,-0.06487
stec8|E374A,201300,2.19,0.03047,-0.06776
stec8|E374A,201300,3.22,0.05024,-0.07163
stec8|E374A,201300,4.23,0.05205,-0.07621
stec8|E374A,201300,5.25,0.05205,-0.08296
stec8|E374A,201300,6.27,0.05205,-0.08418
stec8|E374A,201300,7.29,0.03577,-0.08002
stec8|E374A,201300,8.29,0.03054,-0.07772
stec8|E374A,201300,9.29,0.05696,-0.07749
stec8|E374A,201300,10.3,0.07063,-0.08114
stec8|E374A,201300,11.31,0.16970,-0.10866
stec8|E374A,300400,-6.01,-0.09655,0.04133
stec8|E374A,300400,-4.98,-0.03433,0.01829
stec8|E374A,300400,-3.99,-0.03226,0.00507
stec8|E374A,300400,-2.95,0.01211,-0.00522
stec8|E374A,300400,-2.0,0.02257,-0.01452
stec8|E374A,300400,-0.94,0.03614,-0.01788
stec8|E374A,300400,0.1,0.03788,-0.04519
stec8|E374A,300400,1.14,0.03788,-0.06050
stec8|E374A,300400,2.17,0.04579,-0.06261
stec8|E374A,300400,3.2,0.06556,-0.06751
stec8|E374A,300400,4.24,0.06737,-0.07222
stec8|E374A,300400,5.26,0.06737,-0.07905
stec8|E374A,300400,6.27,0.07086,-0.07992
stec8|E374A,300400,7.28,0.04712,-0.07286
stec8|E374B,59200,-6.0,-0.27325,0.16241
stec8|E374B,59200,-4.98,-0.26187,0.16131
stec8|E374B,59200,-3.96,-0.23719,0.15436
stec8|E374B,59200,-2.94,-0.18278,0.12838
stec8|E374B,59200,-1.92,-0.17608,0.07667
stec8|E374B,59200,-0.9,-0.15162,0.06778
stec8|E374B,59200,0.13,-0.05686,0.06068
stec8|E374B,59200,1.15,-0.02125,0.03063
stec8|E374B,59200,2.18,-0.01944,0.02047
stec8|E374B,59200,3.19,-0.01700,0.00479
stec8|E374B,59200,4.21,-0.00820,-0.01779
stec8|E374B,59200,5.25,0.02123,-0.03110
stec8|E374B,59200,6.27,0.00953,-0.05310
stec8|E374B,59200,7.29,0.01605,-0.07698
stec8|E374B,59200,8.3,-0.05325,-0.04313
stec8|E374B,59200,9.3,-0.14532,-0.05357
stec8|E374B,59200,10.3,-0.12044,-0.07060
stec8|E374B,97300,-5.98,-0.38332,0.13567
stec8|E374B,97300,-4.98,-0.27007,0.11195
stec8|E374B,97300,-3.95,-0.23784,0.09243
stec8|E374B,97300,-2.93,-0.13694,0.06823
stec8|E374B,97300,-1.89,-0.03973,-0.01491
stec8|E374B,97300,-0.87,-0.03120,-0.03478
stec8|E374B,97300,0.14,-0.02939,-0.04668
stec8|E374B,97300,1.17,-0.02743,-0.06198
stec8|E374B,97300,2.18,-0.02272,-0.07133
stec8|E374B,97300,3.21,-0.00090,-0.08204
stec8|E374B,97300,4.23,-0.00090,-0.07739
stec8|E374B,97300,5.24,-0.00090,-0.07958
stec8|E374B,97300,6.27,-0.00090,-0.08619
stec8|E374B,97300,7.3,-0.02022,-0.06438
stec8|E374B,97300,8.3,-0.11811,-0.05587
stec8|E374B,97300,9.3,-0.13455,-0.05357
stec8|E374B,97300,10.32,-0.11653,-0.06326
stec8|E374B,151000,-4.98,-0.20565,0.07160
stec8|E374B,151000,-3.93,-0.09896,0.05498
stec8|E374B,151000,-2.91,-0.02996,0.03518
stec8|E374B,151000,-1.9,0.02236,-0.02181
stec8|E374B,151000,-0.87,0.02956,-0.05916
stec8|E374B,151000,0.16,0.02956,-0.07102
stec8|E374B,151000,1.17,0.03291,-0.07518
stec8|E374B,151000,2.2,0.04488,-0.07671
stec8|E374B,151000,3.21,0.05806,-0.08269
stec8|E374B,151000,4.24,0.05806,-0.07776
stec8|E374B,151000,5.26,0.05806,-0.07820
stec8|E374B,151000,6.27,0.05633,-0.07771
stec8|E374B,151000,7.29,0.03234,-0.05568
stec8|E374B,151000,8.3,0.01785,-0.04997
stec8|E374B,151000,9.31,0.01832,-0.04730
stec8|E374B,151000,10.31,0.05351,-0.05864
stec8|E374B,151000,11.31,0.13840,-0.09182
stec8|E374B,201600,-6.0,-0.21558,0.05836
stec8|E374B,201600,-4.97,-0.09498,0.03720
stec8|E374B,201600,-3.94,-0.05908,0.01851
stec8|E374B,201600,-2.94,-0.00061,-0.00139
stec8|E374B,201600,-1.9,0.02012,-0.02940
stec8|E374B,201600,-0.88,0.03063,-0.05562
stec8|E374B,201600,0.15,0.03063,-0.06897
stec8|E374B,201600,1.17,0.03259,-0.07314
stec8|E374B,201600,2.19,0.03890,-0.07466
stec8|E374B,201600,3.21,0.05912,-0.08023
stec8|E374B,201600,4.24,0.05912,-0.07575
stec8|E374B,201600,5.25,0.05912,-0.07382
stec8|E374B,201600,6.28,0.05740,-0.06849
stec8|E374B,201600,7.28,0.02614,-0.05401
stec8|E374B,201600,8.3,0.01891,-0.04843
stec8|E374B,201600,9.3,0.02599,-0.04580
stec8|E374B,201600,10.3,0.05923,-0.04334
stec8|E374B,201600,11.31,0.14574,-0.08097
stec8|E374B,308600,-5.98,-0.11413,0.03766
stec8|E374B,308600,-4.96,-0.00797,0.01184
stec8|E374B,308600,-3.94,0.01041,-0.00587
stec8|E374B,308600,-2.93,0.04604,-0.00640
stec8|E374B,308600,-1.91,0.05023,-0.01349
stec8|E374B,308600,-0.88,0.04814,-0.02959
stec8|E374B,308600,0.14,0.05353,-0.04462
stec8|E374B,308600,1.17,0.05549,-0.05833
stec8|E374B,308600,2.19,0.06179,-0.06622
stec8|E374B,308600,3.21,0.08089,-0.07248
stec8|E374B,308600,4.23,0.08089,-0.06689
stec8|E374B,308600,5.26,0.08674,-0.06111
stec8|E374B,308600,6.27,0.09499,-0.06129
stec8|E374B,308600,7.28,0.04545,-0.04662
stec8|E374B,308600,8.29,0.04983,-0.04657
stec8|E374B,308600,9.3,0.03516,-0.04181
stec8|E374B,308600,10.3,0.09234,-0.03754
stec8|E374B,308600,11.31,0.15147,-0.07092
stec8|E387A,59700,-3.95,-0.28602,0.14566
stec8|E387A,59700,-2.95,-0.21775,0.10309
stec8|E387A,59700,-1.91,-0.15297,0.07837
stec8|E387A,59700,-0.89,-0.05397,0.04502
stec8|E387A,59700,0.14,-0.04327,0.01968
stec8|E387A,59700,1.17,-0.04001,0.02177
stec8|E387A,59700,2.2,-0.02935,0.01093
stec8|E387A,59700,3.23,-0.00383,-0.02234
stec8|E387A,59700,4.25,-0.00720,-0.03269
stec8|E387A,59700,5.27,-0.01366,-0.03712
stec8|E387A,59700,6.28,-0.02973,-0.07693
stec8|E387A,59700,7.31,-0.03062,-0.09118
stec8|E387A,59700,8.32,0.01244,-0.09805
stec8|E387A,59700,9.35,-0.12090,-0.05985
stec8|E387A,59700,10.34,-0.20738,-0.05981
stec8|E387A,59700,11.34,-0.24957,-0.04145
stec8|E387A,99800,-3.95,-0.18626,0.04841
stec8|E387A,99800,-2.93,-0.02953,0.02606
stec8|E387A,99800,-1.89,-0.01795,-0.00344
stec8|E387A,99800,-0.87,0.00789,-0.01823
stec8|E387A,99800,0.16,0.01997,-0.03657
stec8|E387A,99800,1.18,0.02087,-0.04399
stec8|E387A,99800,2.2,0.02938,-0.05266
stec8|E387A,99800,3.22,0.02938,-0.05356
stec8|E387A,99800,4.24,0.02938,-0.05401
stec8|E387A,99800,5.26,0.02938,-0.06177
stec8|E387A,99800,6.28,0.02938,-0.07422
stec8|E387A,99800,7.31,0.02386,-0.08224
stec8|E387A,99800,8.33,0.01497,-0.05740
stec8|E387A,99800,9.33,-0.01985,-0.05924
stec8|E387A,99800,10.34,-0.03466,-0.05806
stec8|E387A,99800,11.35,-0.03162,-0.08669
stec8|E387A,149600,-1.89,0.01382,-0.02357
stec8|E387A,149600,0.16,0.02744,-0.04286
stec8|E387A,149600,2.2,0.03685,-0.05341
stec8|E387A,149600,3.23,0.03685,-0.05623
stec8|E387A,149600,4.24,0.03685,-0.05879
stec8|E387A,149600,6.29,0.03503,-0.07434
stec8|E387A,149600,7.31,0.03134,-0.07765
stec8|E387A,149600,8.33,0.02382,-0.05519
stec8|E387A,149600,9.35,0.00923,-0.04816
stec8|E387A,199800,-3.95,-0.04730,0.01037
stec8|E387A,199800,-2.93,0.01178,-0.01949
stec8|E387A,199800,-1.88,0.01433,-0.03377
stec8|E387A,199800,-0.87,0.02284,-0.03345
stec8|E387A,199800,0.15,0.02744,-0.04298
stec8|E387A,199800,1.18,0.02835,-0.04422
stec8|E387A,199800,2.2,0.03685,-0.05279
stec8|E387A,199800,3.22,0.03685,-0.04975
stec8|E387A,199800,4.24,0.03685,-0.05169
stec8|E387A,199800,5.26,0.03685,-0.05626
stec8|E387A,199800,6.29,0.03503,-0.06456
stec8|E387A,199800,7.31,0.03134,-0.06527
stec8|E387A,199800,8.32,0.01103,-0.04718
stec8|E387A,199800,9.34,-0.00752,-0.04232
stec8|E387A,199800,10.34,-0.02040,-0.04844
stec8|E387A,199800,11.34,0.02130,-0.08778
stec8|E387A,303100,-3.91,-0.00197,-0.01558
stec8|E387A,303100,-2.92,0.03115,-0.02090
stec8|E387A,303100,-1.89,0.02487,-0.03077
stec8|E387A,303100,-0.9,0.03752,-0.02663
stec8|E387A,303100,0.14,0.03937,-0.03196
stec8|E387A,303100,1.18,0.04028,-0.03320
stec8|E387A,303100,2.21,0.04879,-0.04106
stec8|E387A,303100,3.23,0.04879,-0.04242
stec8|E387A,303100,4.25,0.04879,-0.04622
stec8|E387A,303100,5.27,0.04697,-0.04976
stec8|E387A,303100,6.29,0.04972,-0.05730
stec8|E387A,303100,7.31,0.04601,-0.04523
stec8|E387A,303100,8.32,0.02529,-0.04142
stec8|E387A,303100,9.34,-0.00758,-0.04170
stec8|E387A,303100,10.33,0.00721,-0.04236
stec8|E387A,303100,11.34,0.05325,-0.07900
stec8|E387B,97000,-3.91,-0.19799,0.05820
stec8|E387B,97000,-2.9,-0.04957,0.04222
stec8|E387B,97000,-1.86,-0.03799,0.00420
stec8|E387B,97000,-0.85,-0.01676,-0.02074
stec8|E387B,97000,0.18,-0.00713,-0.03430
stec8|E387B,97000,1.2,-0.00622,-0.04171
stec8|E387B,97000,2.22,0.00078,-0.05038
stec8|E387B,97000,3.24,0.00078,-0.04924
stec8|E387B,97000,4.25,0.00078,-0.04890
stec8|E387B,97000,5.28,0.00078,-0.05879
stec8|E387B,97000,6.3,0.00078,-0.08363
stec8|E387B,97000,7.32,-0.00474,-0.09165
stec8|E387B,97000,8.34,-0.04927,-0.06188
stec8|E387B,97000,9.35,-0.08409,-0.05194
stec8|E387B,202600,-3.92,-0.04730,0.00811
stec8|E387B,202600,-2.91,0.01603,-0.01825
stec8|E387B,202600,-1.88,0.01433,-0.03533
stec8|E387B,202600,-0.85,0.02284,-0.03345
stec8|E387B,202600,0.17,0.02744,-0.04298
stec8|E387B,202600,1.19,0.02835,-0.04422
stec8|E387B,202600,2.21,0.03685,-0.05122
stec8|E387B,202600,3.24,0.03685,-0.04975
stec8|E387B,202600,4.25,0.03685,-0.05169
stec8|E387B,202600,5.26,0.03685,-0.05626
stec8|E387B,202600,6.29,0.03503,-0.06456
stec8|E387B,202600,7.3,0.03134,-0.06527
stec8|E387B,202600,8.32,0.01103,-0.04718
stec8|E387B,202600,9.33,-0.00752,-0.05258
stec8|E387B,202600,10.32,-0.02040,-0.05052
stec8|E387B,202600,11.32,0.02130,-0.09442
stec8|FX60-100,59600,-3.94,-0.23975,0.19661
stec8|FX60-100,59600,-2.42,-0.18636,0.18733
stec8|FX60-100,59600,-0.9,-0.15506,0.18788
stec8|FX60-100,59600,0.65,-0.15182,0.14712
stec8|FX60-100,59600,2.18,-0.02341,0.08404
stec8|FX60-100,59600,3.73,0.00022,0.02477
stec8|FX60-100,59600,5.24,0.00022,-0.05038
stec8|FX60-100,59600,6.78,-0.00250,-0.08697
stec8|FX60-100,59600,8.31,-0.07663,-0.07353
stec8|FX60-100,59600,9.83,-0.13096,-0.09924
stec8|FX60-100,59600,11.34,-0.12774,-0.08564
stec8|FX60-100,99400,-4.98,-0.25779,0.17843
stec8|FX60-100,99400,-3.94,-0.22842,0.18046
stec8|FX60-100,99400,-2.91,-0.15660,0.15989
stec8|FX60-100,99400,-1.91,-0.12890,0.14619
stec8|FX60-100,99400,-0.89,-0.08177,0.10441
stec8|FX60-100,99400,0.16,-0.02994,0.08456
stec8|FX60-100,99400,1.18,0.00827,0.04278
stec8|FX60-100,99400,2.21,0.03978,0.01419
stec8|FX60-100,99400,3.23,0.03978,-0.02146
stec8|FX60-100,99400,4.24,0.03978,-0.03274
stec8|FX60-100,99400,5.27,0.03978,-0.05235
stec8|FX60-100,99400,6.28,0.03806,-0.07228
stec8|FX60-100,99400,7.31,0.00395,-0.05563
stec8|FX60-100,99400,8.32,-0.00076,-0.06377
stec8|FX60-100,99400,9.34,-0.02010,-0.07539
stec8|FX60-100,99400,10.35,-0.04049,-0.08612
stec8|FX60-100,99400,11.36,0.00361,-0.11458
stec8|FX60-100,152300,-3.95,-0.18686,0.14902
stec8|FX60-100,152300,-2.93,-0.12504,0.12534
stec8|FX60-100,152300,-1.9,-0.07234,0.08708
stec8|FX60-100,152300,-0.87,-0.02050,0.07892
stec8|FX60-100,152300,0.16,0.00437,0.05315
stec8|FX60-100,152300,1.17,0.04626,0.02632
stec8|FX60-100,152300,2.19,0.04922,0.00586
stec8|FX60-100,152300,3.23,0.04922,-0.01573
stec8|FX60-100,152300,4.25,0.04922,-0.02415
stec8|FX60-100,152300,5.26,0.04749,-0.03706
stec8|FX60-100,152300,6.29,0.03756,-0.04915
stec8|FX60-100,152300,7.31,0.01915,-0.04268
stec8|FX60-100,152300,8.32,0.01188,-0.05195
stec8|FX60-100,152300,9.33,0.00489,-0.06486
stec8|FX60-100,152300,10.34,0.00178,-0.06918
stec8|FX60-100,152300,11.35,0.07450,-0.09508
stec8|FX60-100,203400,-5.0,-0.15537,0.13527
stec8|FX60-100,203400,-3.95,-0.12322,0.12170
stec8|FX60-100,203400,-2.92,-0.07574,0.10268
stec8|FX60-100,203400,-1.9,-0.03381,0.08526
stec8|FX60-100,203400,-0.89,-0.00902,0.07076
stec8|FX60-100,203400,0.16,0.02595,0.04146
stec8|FX60-100,203400,1.17,0.04858,0.01429
stec8|FX60-100,203400,2.21,0.05290,0.00272
stec8|FX60-100,203400,3.21,0.05155,-0.01274
stec8|FX60-100,203400,4.23,0.05155,-0.02097
stec8|FX60-100,203400,5.26,0.04982,-0.03619
stec8|FX60-100,203400,6.28,0.03859,-0.04090
stec8|FX60-100,203400,7.3,0.02147,-0.03868
stec8|FX60-100,203400,8.31,0.00909,-0.04893
stec8|FX60-100,203400,9.33,0.00452,-0.05920
stec8|FX60-100,203400,10.34,0.00688,-0.06534
stec8|FX60-100,203400,11.36,0.09609,-0.09308
stec8|FX60-100,298800,-2.92,-0.01177,0.08039
stec8|FX60-100,298800,-1.88,0.01103,0.08398
stec8|FX60-100,298800,-0.86,0.03237,0.04607
stec8|FX60-100,298800,0.17,0.04813,0.03061
stec8|FX60-100,298800,1.18,0.06995,0.00839
stec8|FX60-100,298800,2.21,0.06995,0.00751
stec8|FX60-100,298800,3.21,0.06860,-0.00688
stec8|FX60-100,298800,4.22,0.06860,-0.01598
stec8|FX60-100,298800,5.26,0.06451,-0.02862
stec8|FX60-100,298800,6.27,0.04496,-0.03402
stec8|FX60-100,298800,7.28,0.03334,-0.03334
stec8|FX63-137A,200100,-6.92,-0.02197,-0.02026
stec8|FX63-137A,200100,-5.89,0.10296,-0.05951
stec8|FX63-137A,200100,-4.88,0.12505,-0.11454
stec8|FX63-137A,200100,-3.85,0.13970,-0.14011
stec8|FX63-137A,200100,-2.83,0.12769,-0.14702
stec8|FX63-137A,200100,-1.8,0.12072,-0.16670
stec8|FX63-137A,200100,-0.79,0.12072,-0.17263
stec8|FX63-137A,200100,0.24,0.12072,-0.18224
stec8|FX63-137A,200100,1.27,0.12072,-0.18623
stec8|FX63-137A,200100,2.3,0.12072,-0.19353
stec8|FX63-137A,200100,3.32,0.10928,-0.19487
stec8|FX63-137A,200100,4.33,0.09673,-0.20306
stec8|FX63-137A,200100,5.36,0.09005,-0.20702
stec8|FX63-137A,200100,6.38,0.08647,-0.21087
stec8|FX63-137A,200100,7.39,0.08647,-0.21735
stec8|FX63-137A,200100,8.41,0.07700,-0.20975
stec8|FX63-137A,200100,9.42,0.05216,-0.18032
stec8|FX63-137A,200100,10.43,0.02080,-0.15436
stec8|FX63-137A,200100,11.44,0.04235,-0.10344
stec8|FX63-137A,299500,-6.91,0.13988,-0.06694
stec8|FX63-137A,299500,-5.89,0.12819,-0.11061
stec8|FX63-137A,299500,-4.88,0.12673,-0.12446
stec8|FX63-137A,299500,-3.85,0.14012,-0.15131
stec8|FX63-137A,299500,-2.83,0.12923,-0.15174
stec8|FX63-137A,299500,-1.79,0.12103,-0.16902
stec8|FX63-137A,299500,-0.77,0.12103,-0.17941
stec8|FX63-137A,299500,0.23,0.12103,-0.18236
stec8|FX63-137A,299500,1.24,0.12103,-0.18322
stec8|FX63-137A,299500,2.23,0.12103,-0.19259
stec8|FX63-137A,299500,3.2,0.10959,-0.19559
stec8|FX63-137A,299500,4.28,0.09705,-0.20375
stec8|FX63-137A,299500,5.34,0.08854,-0.20469
stec8|FX63-137A,299500,6.37,0.08854,-0.20967
stec8|FX63-137A,299500,7.39,0.07731,-0.21589
stec8|FX63-137A,299500,8.4,0.06945,-0.20292
stec8|FX63-137A,299500,9.41,0.05522,-0.16519
stec8|FX63-137A,299500,10.43,0.02366,-0.14308
stec8|FX63-137A,299500,11.44,0.06081,-0.11171
stec8|FX63-137B,100800,-3.87,0.11112,-0.09867
stec8|FX63-137B,100800,-2.85,0.11963,-0.11739
stec8|FX63-137B,100800,-1.82,0.13444,-0.12655
stec8|FX63-137B,100800,-0.79,0.13372,-0.14416
stec8|FX63-137B,100800,0.22,0.13372,-0.17359
stec8|FX63-137B,100800,1.26,0.13372,-0.19996
stec8|FX63-137B,100800,2.27,0.13372,-0.20204
stec8|FX63-137B,100800,3.3,0.13372,-0.21370
stec8|FX63-137B,100800,4.32,0.12052,-0.21889
stec8|FX63-137B,100800,5.34,0.10798,-0.23119
stec8|FX63-137B,100800,6.36,0.10130,-0.24636
stec8|FX63-137B,100800,7.39,0.10130,-0.24863
stec8|FX63-137B,100800,8.4,0.09802,-0.24101
stec8|FX63-137B,100800,9.42,0.08539,-0.22564
stec8|FX63-137B,100800,10.42,0.03981,-0.20224
stec8|FX63-137B,100800,11.44,0.02601,-0.14937
stec8|FX63-137B,155600,-6.93,-0.08589,-0.00741
stec8|FX63-137B,155600,-5.9,0.05389,-0.03284
stec8|FX63-137B,155600,-4.89,0.11624,-0.08178
stec8|FX63-137B,155600,-3.86,0.13647,-0.11457
stec8|FX63-137B,155600,-2.83,0.13027,-0.13517
stec8|FX63-137B,155600,-1.81,0.12506,-0.16249
stec8|FX63-137B,155600,-0.79,0.12506,-0.17087
stec8|FX63-137B,155600,0.25,0.12506,-0.18224
stec8|FX63-137B,155600,1.26,0.12506,-0.18623
stec8|FX63-137B,155600,2.29,0.12506,-0.18985
stec8|FX63-137B,155600,3.3,0.11362,-0.19423
stec8|FX63-137B,155600,4.32,0.10108,-0.20564
stec8|FX63-137B,155600,5.35,0.09264,-0.21051
stec8|FX63-137B,155600,6.36,0.09264,-0.21439
stec8|FX63-137B,155600,7.38,0.09081,-0.21735
stec8|FX63-137B,155600,8.4,0.09081,-0.21044
stec8|FX63-137B,155600,9.42,0.07349,-0.19894
stec8|FX63-137B,155600,10.42,0.04420,-0.16037
stec8|FX63-137B,155600,11.43,0.04404,-0.11683
stec8|FX63-137B,200700,-5.9,0.10491,-0.06317
stec8|FX63-137B,200700,-4.88,0.12505,-0.11454
stec8|FX63-137B,200700,-3.86,0.13672,-0.14011
stec8|FX63-137B,200700,-2.85,0.12769,-0.14702
stec8|FX63-137B,200700,-1.79,0.12072,-0.16670
stec8|FX63-137B,200700,-0.79,0.12072,-0.17263
stec8|FX63-137B,200700,0.25,0.12072,-0.18224
stec8|FX63-137B,200700,1.28,0.12072,-0.18623
stec8|FX63-137B,200700,2.3,0.12072,-0.19353
stec8|FX63-137B,200700,3.3,0.10928,-0.19487
stec8|FX63-137B,200700,4.33,0.09673,-0.20306
stec8|FX63-137B,200700,5.35,0.09005,-0.20702
stec8|FX63-137B,200700,6.36,0.08647,-0.21087
stec8|FX63-137B,200700,7.38,0.08647,-0.21735
stec8|FX63-137B,200700,8.42,0.07700,-0.20975
stec8|FX63-137B,200700,9.43,0.05216,-0.18032
stec8|FX63-137B,200700,10.44,0.02080,-0.15261
stec8|FX63-137B,200700,11.44,0.04235,-0.10344
stec8|FX63-137B,308600,-6.94,0.17797,-0.06386
stec8|FX63-137B,308600,-5.92,0.16880,-0.10753
stec8|FX63-137B,308600,-4.89,0.16482,-0.12821
stec8|FX63-137B,308600,-3.84,0.14527,-0.14823
stec8|FX63-137B,308600,-2.83,0.14898,-0.14866
stec8|FX63-137B,308600,-1.79,0.12143,-0.16432
stec8|FX63-137B,308600,-0.79,0.12143,-0.17471
stec8|FX63-137B,308600,0.24,0.12143,-0.17766
stec8|FX63-137B,308600,1.28,0.12143,-0.18580
stec8|FX63-137B,308600,2.28,0.11403,-0.18789
stec8|FX63-137B,308600,3.31,0.10999,-0.18832
stec8|FX63-137B,308600,4.33,0.09076,-0.19651
stec8|FX63-137B,308600,5.36,0.08894,-0.19745
stec8|FX63-137B,308600,6.37,0.08894,-0.20398
stec8|FX63-137B,308600,7.39,0.07771,-0.21019
stec8|FX63-137B,308600,8.42,0.08337,-0.19351
stec8|FX63-137B,308600,9.42,0.08857,-0.15976
stec8|FX63-137B,308600,10.43,0.05701,-0.13739
stec8|FX63-137B,308600,11.43,0.08214,-0.10601
stec8|HQ2/9A,62000,-2.95,-0.18714,0.13768
stec8|HQ2/9A,62000,-1.94,-0.16639,0.09036
stec8|HQ2/9A,62000,-0.92,-0.16639,0.07631
stec8|HQ2/9A,62000,0.1,-0.14521,0.06054
stec8|HQ2/9A,62000,1.13,-0.14647,0.06223
stec8|HQ2/9A,62000,2.17,-0.12231,0.04599
stec8|HQ2/9A,62000,3.2,-0.04279,-0.00429
stec8|HQ2/9A,62000,4.22,-0.02795,-0.04474
stec8|HQ2/9A,62000,5.24,-0.02795,-0.07859
stec8|HQ2/9A,62000,6.26,-0.02903,-0.07992
stec8|HQ2/9A,62000,7.28,-0.12704,-0.07478
stec8|HQ2/9A,62000,8.28,-0.16743,-0.09015
stec8|HQ2/9A,62000,9.3,-0.21427,-0.10036
stec8|HQ2/9A,98300,-3.96,-0.18463,0.13437
stec8|HQ2/9A,98300,-2.94,-0.15870,0.10765
stec8|HQ2/9A,98300,-1.92,-0.13157,0.10008
stec8|HQ2/9A,98300,-0.91,-0.12776,0.05656
stec8|HQ2/9A,98300,0.14,-0.10558,0.03033
stec8|HQ2/9A,98300,1.16,-0.06255,0.00594
stec8|HQ2/9A,98300,2.19,0.00309,-0.02747
stec8|HQ2/9A,98300,3.2,0.01517,-0.05334
stec8|HQ2/9A,98300,4.23,0.01793,-0.07179
stec8|HQ2/9A,98300,5.25,0.01793,-0.07708
stec8|HQ2/9A,98300,6.26,0.01226,-0.07331
stec8|HQ2/9A,98300,7.28,-0.05182,-0.07098
stec8|HQ2/9A,98300,8.29,-0.05928,-0.07772
stec8|HQ2/9A,98300,9.3,-0.09073,-0.12374
stec8|HQ2/9A,98300,10.31,-0.11268,-0.09719
stec8|HQ2/9A,98300,11.31,-0.07103,0.01835
stec8|HQ2/9A,149000,-3.96,-0.16888,0.11295
stec8|HQ2/9A,149000,-2.94,-0.13870,0.09240
stec8|HQ2/9A,149000,-1.92,-0.11993,0.06736
stec8|HQ2/9A,149000,-0.88,-0.09071,0.03333
stec8|HQ2/9A,149000,0.14,-0.05856,0.00300
stec8|HQ2/9A,149000,1.18,-0.00795,-0.02989
stec8|HQ2/9A,149000,2.2,0.01987,-0.04609
stec8|HQ2/9A,149000,3.21,0.02881,-0.06160
stec8|HQ2/9A,149000,4.23,0.02881,-0.06879
stec8|HQ2/9A,149000,5.26,0.02881,-0.07524
stec8|HQ2/9A,149000,6.27,0.01735,-0.07058
stec8|HQ2/9A,149000,7.28,-0.00594,-0.06756
stec8|HQ2/9A,149000,8.3,-0.00766,-0.07289
stec8|HQ2/9A,149000,9.31,-0.01608,-0.10405
stec8|HQ2/9A,149000,10.32,-0.06336,-0.08255
stec8|HQ2/9A,208700,-3.96,-0.10999,0.05943
stec8|HQ2/9A,208700,-2.93,-0.07374,0.03974
stec8|HQ2/9A,208700,-1.9,-0.04782,0.02855
stec8|HQ2/9A,208700,-0.88,-0.02908,0.00515
stec8|HQ2/9A,208700,0.15,-0.00606,-0.00208
stec8|HQ2/9A,208700,1.17,0.01826,-0.03517
stec8|HQ2/9A,208700,2.19,0.03345,-0.04815
stec8|HQ2/9A,208700,3.21,0.04240,-0.05528
stec8|HQ2/9A,208700,4.23,0.04240,-0.05761
stec8|HQ2/9A,208700,5.25,0.04132,-0.06097
stec8|HQ2/9A,208700,6.27,0.01927,-0.05967
stec8|HQ2/9A,208700,7.3,0.01412,-0.05369
stec8|HQ2/9A,208700,8.3,0.01412,-0.06214
stec8|HQ2/9A,208700,9.32,0.01670,-0.07542
stec8|HQ2/9A,208700,10.32,0.05787,-0.08207
stec8|HQ2/9A,208700,11.31,0.02701,-0.06598
stec8|HQ2/9A,303400,-3.96,-0.05591,0.05127
stec8|HQ2/9A,303400,-2.94,-0.03213,0.03491
stec8|HQ2/9A,303400,-1.91,-0.00397,0.01751
stec8|HQ2/9A,303400,-0.88,0.01091,0.00384
stec8|HQ2/9A,303400,0.14,0.02047,-0.01147
stec8|HQ2/9A,303400,1.18,0.02462,-0.04098
stec8|HQ2/9A,303400,2.19,0.03982,-0.04830
stec8|HQ2/9A,303400,3.21,0.04763,-0.05647
stec8|HQ2/9A,303400,4.24,0.04876,-0.05950
stec8|HQ2/9A,303400,5.25,0.04309,-0.06246
stec8|HQ2/9A,303400,6.27,0.02048,-0.06621
stec8|HQ2/9A,303400,7.28,0.02048,-0.05472
stec8|HQ2/9A,303400,8.31,0.02319,-0.06071
stec8|HQ2/9A,303400,9.31,0.01920,-0.07455
stec8|HQ2/9A,303400,10.33,0.03517,-0.06527
stec8|HQ2/9A,303400,11.32,0.10660,-0.10498
stec8|HQ2/9B,60800,-2.94,-0.20307,0.11848
stec8|HQ2/9B,60800,-1.43,-0.16702,0.07744
stec8|HQ2/9B,60800,0.1,-0.15137,0.06610
stec8|HQ2/9B,60800,1.65,-0.15059,0.05884
stec8|HQ2/9B,60800,3.19,-0.06082,-0.00078
stec8|HQ2/9B,60800,4.74,-0.03491,-0.08602
stec8|HQ2/9B,60800,6.26,-0.03491,-0.08480
stec8|HQ2/9B,60800,7.77,-0.16445,-0.08443
stec8|HQ2/9B,60800,9.3,-0.21227,-0.12347
stec8|HQ2/9B,60800,10.8,-0.23518,0.05921
stec8|HQ2/9B,100100,-2.94,-0.16935,0.10328
stec8|HQ2/9B,100100,-1.42,-0.13482,0.06419
stec8|HQ2/9B,100100,0.13,-0.11107,0.01865
stec8|HQ2/9B,100100,1.66,-0.04792,-0.01754
stec8|HQ2/9B,100100,3.2,0.01356,-0.06968
stec8|HQ2/9B,100100,4.75,0.01823,-0.08143
stec8|HQ2/9B,100100,6.26,0.00940,-0.07453
stec8|HQ2/9B,100100,7.77,-0.02821,-0.07986
stec8|HQ2/9B,100100,9.31,-0.01798,-0.12633
stec8|HQ2/9B,100100,10.79,-0.12883,0.00846
stec8|HQ2/9B,152000,-2.94,-0.14756,0.09511
stec8|HQ2/9B,152000,-1.39,-0.11625,0.04852
stec8|HQ2/9B,152000,0.12,-0.06135,-0.00506
stec8|HQ2/9B,152000,1.67,-0.00354,-0.04288
stec8|HQ2/9B,152000,3.2,0.02718,-0.06939
stec8|HQ2/9B,152000,4.73,0.02817,-0.06936
stec8|HQ2/9B,152000,6.26,0.01118,-0.07025
stec8|HQ2/9B,152000,7.78,-0.00489,-0.07447
stec8|HQ2/9B,152000,9.29,0.02156,-0.10770
stec8|HQ2/9B,152000,10.8,-0.08730,-0.07046
stec8|HQ2/9B,202400,-3.97,-0.12481,0.06292
stec8|HQ2/9B,202400,-2.46,-0.07387,0.04255
stec8|HQ2/9B,202400,-0.9,-0.03720,0.01542
stec8|HQ2/9B,202400,0.63,-0.00597,-0.03868
stec8|HQ2/9B,202400,2.18,0.01425,-0.06213
stec8|HQ2/9B,202400,3.71,0.02817,-0.07025
stec8|HQ2/9B,202400,5.25,0.02817,-0.07210
stec8|HQ2/9B,202400,6.75,-0.00489,-0.07081
stec8|HQ2/9B,202400,8.29,0.01053,-0.08177
stec8|HQ2/9B,202400,9.79,0.00346,-0.09377
stec8|HQ2/9B,303500,-4.01,-0.06949,0.04444
stec8|HQ2/9B,303500,-2.49,-0.03638,0.03265
stec8|HQ2/9B,303500,-0.95,-0.00017,0.00123
stec8|HQ2/9B,303500,0.62,0.01685,-0.03842
stec8|HQ2/9B,303500,2.15,0.02311,-0.05742
stec8|HQ2/9B,303500,3.7,0.03702,-0.06403
stec8|HQ2/9B,303500,5.22,0.02729,-0.06599
stec8|HQ2/9B,303500,6.76,0.00592,-0.06640
stec8|HQ2/9B,303500,8.3,-0.00042,-0.07597
stec8|HQ2/9B,303500,9.81,0.02274,-0.08312
stec8|HQ2/9B,303500,11.31,0.09466,-0.13638
stec8|J5012,56500,-6.04,-0.23982,0.13226
stec8|J5012,56500,-5.03,-0.20621,0.13187
stec8|J5012,56500,-4.01,-0.21310,0.13402
stec8|J5012,56500,-2.99,-0.20228,0.12682
stec8|J5012,56500,-1.97,-0.20003,0.09945
stec8|J5012,56500,-0.92,-0.17983,0.06290
stec8|J5012,56500,0.09,-0.17983,0.05368
stec8|J5012,56500,1.11,-0.15027,0.05334
stec8|J5012,56500,2.16,-0.14114,0.02542
stec8|J5012,56500,3.2,-0.07479,-0.05035
stec8|J5012,56500,4.21,-0.04233,-0.08468
stec8|J5012,56500,5.24,-0.03842,-0.09915
stec8|J5012,56500,6.25,-0.09474,-0.10510
stec8|J5012,56500,7.26,-0.11119,-0.10187
stec8|J5012,56500,8.27,-0.13803,-0.12362
stec8|J5012,56500,9.27,-0.11297,-0.12142
stec8|J5012,97800,-6.01,-0.22816,0.12238
stec8|J5012,97800,-5.0,-0.18323,0.11943
stec8|J5012,97800,-4.0,-0.18631,0.12119
stec8|J5012,97800,-2.97,-0.15936,0.12071
stec8|J5012,97800,-1.96,-0.16401,0.10856
stec8|J5012,97800,-0.93,-0.16401,0.09333
stec8|J5012,97800,0.09,-0.16193,0.03109
stec8|J5012,97800,1.14,-0.08550,-0.01228
stec8|J5012,97800,2.17,-0.03976,-0.06740
stec8|J5012,97800,3.19,-0.02028,-0.09050
stec8|J5012,97800,4.19,-0.00823,-0.10401
stec8|J5012,97800,5.22,-0.00551,-0.10624
stec8|J5012,97800,6.22,-0.02393,-0.10571
stec8|J5012,97800,7.24,-0.05426,-0.10271
stec8|J5012,97800,8.26,-0.07898,-0.11674
stec8|J5012,97800,9.26,-0.06868,-0.12963
stec8|J5012,151300,-6.05,-0.18893,0.11504
stec8|J5012,151300,-5.02,-0.15615,0.11654
stec8|J5012,151300,-3.99,-0.15923,0.11459
stec8|J5012,151300,-2.98,-0.13610,0.11442
stec8|J5012,151300,-1.95,-0.13693,0.09703
stec8|J5012,151300,-0.93,-0.13693,0.07649
stec8|J5012,151300,0.1,-0.11391,0.00999
stec8|J5012,151300,1.12,-0.02187,-0.03754
stec8|J5012,151300,2.15,0.00406,-0.06374
stec8|J5012,151300,3.17,0.01629,-0.08656
stec8|J5012,151300,4.18,0.03216,-0.09667
stec8|J5012,151300,5.2,0.03488,-0.09315
stec8|J5012,151300,6.22,0.02158,-0.09764
stec8|J5012,151300,7.24,0.01566,-0.09567
stec8|J5012,151300,8.25,0.01566,-0.10829
stec8|J5012,151300,9.27,0.04592,-0.10901
stec8|J5012,151300,10.27,0.06302,-0.11923
stec8|J5012,201900,-6.04,-0.14347,0.09416
stec8|J5012,201900,-5.01,-0.11069,0.09604
stec8|J5012,201900,-3.98,-0.11376,0.09694
stec8|J5012,201900,-2.97,-0.09063,0.08782
stec8|J5012,201900,-1.97,-0.09146,0.07222
stec8|J5012,201900,-0.93,-0.07752,0.04048
stec8|J5012,201900,0.09,-0.05996,0.00332
stec8|J5012,201900,1.11,-0.00450,-0.03474
stec8|J5012,201900,2.13,0.00800,-0.06637
stec8|J5012,201900,3.16,0.01611,-0.07514
stec8|J5012,201900,4.19,0.03317,-0.08427
stec8|J5012,201900,5.21,0.03114,-0.08774
stec8|J5012,201900,6.22,0.01863,-0.09386
stec8|J5012,201900,7.23,0.01667,-0.09358
stec8|J5012,201900,8.26,0.01667,-0.10672
stec8|J5012,201900,9.26,0.04878,-0.10481
stec8|J5012,201900,10.26,0.06910,-0.10532
stec8|J5012,303100,-6.04,-0.08170,0.09560
stec8|J5012,303100,-5.01,-0.05622,0.09747
stec8|J5012,303100,-4.02,-0.05930,0.08934
stec8|J5012,303100,-2.97,-0.05190,0.07255
stec8|J5012,303100,-1.93,-0.03571,0.05238
stec8|J5012,303100,-0.92,-0.02749,0.02845
stec8|J5012,303100,0.09,-0.01264,-0.01631
stec8|J5012,303100,1.12,0.01865,-0.02875
stec8|J5012,303100,2.13,0.02471,-0.04975
stec8|J5012,303100,3.16,0.02471,-0.06848
stec8|J5012,303100,4.18,0.03262,-0.07387
stec8|J5012,303100,5.2,0.04698,-0.08156
stec8|J5012,303100,6.22,0.03395,-0.08935
stec8|J5012,303100,7.23,0.03799,-0.09973
stec8|J5012,303100,8.25,0.03799,-0.10083
stec8|J5012,303100,9.26,0.06605,-0.10305
stec8|J5012,303100,10.28,0.08907,-0.10025
stec8|MB253515,60100,-7.02,-0.31806,0.14329
stec8|MB253515,60100,-6.02,-0.23437,0.16355
stec8|MB253515,60100,-4.98,-0.19890,0.16136
stec8|MB253515,60100,-3.96,-0.18509,0.14085
stec8|MB253515,60100,-2.94,-0.13705,0.12329
stec8|MB253515,60100,-1.91,-0.01336,0.03120
stec8|MB253515,60100,-0.9,0.00599,0.00879
stec8|MB253515,60100,0.12,0.00991,-0.03086
stec8|MB253515,60100,1.14,0.00991,-0.05538
stec8|MB253515,60100,2.15,0.00526,-0.08943
stec8|MB253515,60100,3.16,-0.00468,-0.08587
stec8|MB253515,60100,4.18,0.00328,-0.11028
stec8|MB253515,99500,-6.48,-0.22094,0.09439
stec8|MB253515,99500,-5.66,-0.10067,0.08180
stec8|MB253515,99500,-4.86,-0.06254,0.09236
stec8|MB253515,99500,-4.04,-0.04398,0.07130
stec8|MB253515,99500,-3.23,0.00352,0.02125
stec8|MB253515,99500,-2.42,0.00906,0.00830
stec8|MB253515,99500,-1.58,0.04380,-0.03055
stec8|MB253515,99500,-0.76,0.04919,-0.08155
stec8|MB253515,99500,0.06,0.04919,-0.09499
stec8|MB253515,99500,0.87,0.05253,-0.10261
stec8|MB253515,99500,1.68,0.06241,-0.09576
stec8|MB253515,99500,2.49,0.07559,-0.09665
stec8|MB253515,99500,3.3,0.07559,-0.08453
stec8|MB253515,99500,4.13,0.07559,-0.08300
stec8|MB253515,99500,4.94,0.07559,-0.08780
stec8|MB253515,99500,5.77,0.07559,-0.08749
stec8|MB253515,99500,6.58,0.07559,-0.08854
stec8|MB253515,99500,7.38,0.07386,-0.09463
stec8|MB253515,99500,8.21,0.07386,-0.10562
stec8|MB253515,99500,9.02,0.07150,-0.09081
stec8|MB253515,99500,9.82,0.06867,-0.07415
stec8|MB253515,99500,10.61,0.05325,-0.07194
stec8|MB253515,99500,11.41,0.07397,-0.04162
stec8|MB253515,126700,-2.91,0.00267,0.00437
stec8|MB253515,126700,-1.9,0.02145,-0.01726
stec8|MB253515,126700,-0.87,0.03909,-0.06257
stec8|MB253515,126700,0.17,0.03909,-0.08744
stec8|MB253515,126700,1.19,0.04576,-0.08751
stec8|MB253515,126700,2.2,0.06549,-0.07465
stec8|MB253515,126700,3.23,0.06549,-0.08111
stec8|MB253515,126700,4.23,0.06549,-0.08613
stec8|MB253515,126700,5.26,0.06549,-0.09218
stec8|MB253515,126700,6.27,0.06549,-0.09195
stec8|MB253515,126700,7.29,0.06377,-0.09183
stec8|MB253515,126700,8.32,0.06377,-0.10002
stec8|MB253515,126700,9.31,0.05254,-0.07686
stec8|MB253515,126700,10.32,0.03593,-0.05609
stec8|MB253515,149700,-5.95,-0.11240,0.05210
stec8|MB253515,149700,-4.97,-0.03342,0.03975
stec8|MB253515,149700,-3.94,-0.02447,0.01345
stec8|MB253515,149700,-2.92,0.00115,0.00057
stec8|MB253515,149700,-1.91,0.02144,-0.01444
stec8|MB253515,149700,-0.88,0.03501,-0.04349
stec8|MB253515,149700,0.16,0.03577,-0.06562
stec8|MB253515,149700,1.18,0.03911,-0.07039
stec8|MB253515,149700,2.21,0.05785,-0.07161
stec8|MB253515,149700,3.23,0.06217,-0.07807
stec8|MB253515,149700,4.24,0.06217,-0.08257
stec8|MB253515,149700,5.26,0.06217,-0.08653
stec8|MB253515,149700,6.28,0.06044,-0.08367
stec8|MB253515,149700,7.29,0.06044,-0.08235
stec8|MB253515,149700,8.32,0.05808,-0.08251
stec8|MB253515,149700,9.32,0.03645,-0.05082
stec8|MB253515,149700,10.31,0.03332,-0.02741
stec8|MB253515,177600,-2.91,0.00805,0.01621
stec8|MB253515,177600,-1.9,0.02503,-0.00424
stec8|MB253515,177600,-0.88,0.03533,-0.01244
stec8|MB253515,177600,0.14,0.03936,-0.03251
stec8|MB253515,177600,1.19,0.04132,-0.05267
stec8|MB253515,177600,2.2,0.05372,-0.06515
stec8|MB253515,177600,3.23,0.06577,-0.07345
stec8|MB253515,177600,4.24,0.06577,-0.07920
stec8|MB253515,177600,5.26,0.06577,-0.08316
stec8|MB253515,177600,6.29,0.06404,-0.08054
stec8|MB253515,177600,7.3,0.06404,-0.07405
stec8|MB253515,177600,8.3,0.06168,-0.07582
stec8|MB253515,177600,9.3,0.04005,-0.04856
stec8|MB253515,177600,10.3,0.04400,-0.02189
stec8|MB253515,177600,11.3,0.14410,-0.04545
stec8|MB253515,200100,-6.99,-0.09742,0.01542
stec8|MB253515,200100,-5.98,-0.06404,0.01716
stec8|MB253515,200100,-4.97,-0.01523,0.00586
stec8|MB253515,200100,-3.95,-0.01036,-0.00875
stec8|MB253515,200100,-2.91,0.00912,0.00719
stec8|MB253515,200100,-1.9,0.02610,-0.00494
stec8|MB253515,200100,-0.88,0.03640,-0.01001
stec8|MB253515,200100,0.14,0.04043,-0.02804
stec8|MB253515,200100,1.17,0.04239,-0.04570
stec8|MB253515,200100,2.21,0.04661,-0.05859
stec8|MB253515,200100,3.24,0.06683,-0.07413
stec8|MB253515,200100,4.25,0.06683,-0.07989
stec8|MB253515,200100,5.26,0.06683,-0.08385
stec8|MB253515,200100,6.28,0.06511,-0.08123
stec8|MB253515,200100,7.3,0.06511,-0.07354
stec8|MB253515,200100,8.32,0.05765,-0.07621
stec8|MB253515,200100,9.31,0.03640,-0.04507
stec8|MB253515,200100,10.3,0.05214,-0.02272
stec8|MB253515,200100,11.3,0.13981,-0.04215
stec8|MB253515,250100,-2.93,0.02498,0.00487
stec8|MB253515,250100,-1.89,0.03821,-0.00125
stec8|MB253515,250100,-0.87,0.03948,-0.00018
stec8|MB253515,250100,0.13,0.04487,-0.01892
stec8|MB253515,250100,1.17,0.04351,-0.03576
stec8|MB253515,250100,2.2,0.05018,-0.03907
stec8|MB253515,250100,3.22,0.06991,-0.05558
stec8|MB253515,250100,4.25,0.06991,-0.06954
stec8|MB253515,250100,5.28,0.06819,-0.07385
stec8|MB253515,250100,6.28,0.06819,-0.07229
stec8|MB253515,250100,7.3,0.06583,-0.06560
stec8|MB253515,250100,8.29,0.05696,-0.06097
stec8|MB253515,250100,9.29,0.03901,-0.03610
stec8|MB253515,250100,10.29,0.07992,-0.01211
stec8|MB253515,301600,-7.09,-0.03851,-0.01875
stec8|MB253515,301600,-6.05,-0.02014,0.01647
stec8|MB253515,301600,-5.03,0.03375,0.01621
stec8|MB253515,301600,-3.96,0.01947,-0.01318
stec8|MB253515,301600,-2.97,0.03288,0.00595
stec8|MB253515,301600,-1.92,0.04610,-0.00069
stec8|MB253515,301600,-0.88,0.04738,0.00010
stec8|MB253515,301600,0.13,0.05277,-0.01768
stec8|MB253515,301600,1.17,0.05141,-0.03296
stec8|MB253515,301600,2.18,0.05476,-0.03595
stec8|MB253515,301600,3.22,0.07781,-0.04778
stec8|MB253515,301600,4.24,0.07781,-0.06562
stec8|MB253515,301600,5.26,0.07609,-0.07329
stec8|MB253515,301600,6.28,0.07609,-0.07148
stec8|MB253515,301600,7.3,0.07372,-0.06379
stec8|MB253515,301600,8.3,0.06486,-0.05836
stec8|MB253515,301600,9.3,0.04237,-0.03380
stec8|MB253515,301600,10.3,0.06822,-0.01439
stec8|MILEY,201600,-3.93,0.02843,-0.06371
stec8|MILEY,201600,-2.91,0.08149,-0.06095
stec8|MILEY,201600,-1.88,0.08318,-0.08077
stec8|MILEY,201600,-0.86,0.08857,-0.08873
stec8|MILEY,201600,0.17,0.07936,-0.08967
stec8|MILEY,201600,1.18,0.09571,-0.10116
stec8|MILEY,201600,2.22,-0.00295,-0.09730
stec8|MILEY,201600,3.22,-0.00318,-0.11443
stec8|MILEY,201600,4.26,-0.00270,-0.11375
stec8|MILEY,201600,5.28,-0.00270,-0.11895
stec8|MILEY,201600,6.28,-0.00443,-0.13345
stec8|MILEY,201600,7.32,-0.00490,-0.15937
stec8|MILEY,201600,8.34,0.04452,-0.15678
stec8|MILEY,201600,9.36,0.05671,-0.15143
stec8|MILEY,201600,10.38,0.05548,-0.14225
stec8|MILEY,201600,11.38,0.04240,-0.11767
stec8|MILEY,232000,-4.98,0.05711,-0.08562
stec8|MILEY,232000,-3.92,0.07795,-0.06404
stec8|MILEY,232000,-2.93,0.12032,-0.06571
stec8|MILEY,232000,-1.89,0.11664,-0.07423
stec8|MILEY,232000,-0.85,0.12755,-0.08916
stec8|MILEY,232000,0.16,0.12155,-0.08769
stec8|MILEY,232000,1.18,0.12548,-0.08756
stec8|MILEY,232000,2.2,0.12277,-0.09221
stec8|MILEY,232000,3.22,0.13630,-0.10809
stec8|MILEY,232000,4.25,0.11436,-0.10643
stec8|MILEY,232000,5.28,0.06058,-0.11630
stec8|MILEY,232000,6.3,0.11263,-0.14213
stec8|MILEY,232000,7.32,0.13358,-0.14997
stec8|MILEY,232000,8.35,0.10677,-0.14611
stec8|MILEY,232000,9.36,0.06712,-0.13535
stec8|MILEY,232000,10.37,0.09808,-0.12607
stec8|MILEY,232000,11.37,0.09219,-0.13046
stec8|MILEY,254600,-3.92,0.07948,-0.06633
stec8|MILEY,254600,-2.9,0.11984,-0.06524
stec8|MILEY,254600,-1.88,0.11664,-0.07423
stec8|MILEY,254600,-0.85,0.12203,-0.08916
stec8|MILEY,254600,0.16,0.11551,-0.08769
stec8|MILEY,254600,1.18,0.11997,-0.08844
stec8|MILEY,254600,2.21,0.10853,-0.08908
stec8|MILEY,254600,3.25,0.11837,-0.09995
stec8|MILEY,254600,4.25,0.12709,-0.10895
stec8|MILEY,254600,5.28,0.12536,-0.12049
stec8|MILEY,254600,6.3,0.12536,-0.13596
stec8|MILEY,254600,7.32,0.12258,-0.14271
stec8|MILEY,254600,8.35,0.10677,-0.13185
stec8|MILEY,254600,9.37,0.06712,-0.13160
stec8|MILEY,254600,10.38,0.07866,-0.12283
stec8|MILEY,254600,11.37,0.09770,-0.13133
stec8|MILEY,302900,-3.92,0.09234,-0.06264
stec8|MILEY,302900,-2.9,0.13806,-0.06385
stec8|MILEY,302900,-1.89,0.14358,-0.07285
stec8|MILEY,302900,-0.86,0.14897,-0.08777
stec8|MILEY,302900,0.15,0.09215,-0.08435
stec8|MILEY,302900,1.19,0.13878,-0.08706
stec8|MILEY,302900,2.22,0.13338,-0.08858
stec8|MILEY,302900,3.25,0.13770,-0.09632
stec8|MILEY,302900,4.27,0.13770,-0.10532
stec8|MILEY,302900,5.3,0.13597,-0.11773
stec8|MILEY,302900,6.3,0.13597,-0.13546
stec8|MILEY,302900,7.32,0.13319,-0.12180
stec8|MILEY,302900,8.34,0.07738,-0.13141
stec8|MILEY,302900,9.37,0.12322,-0.12435
stec8|MILEY,302900,10.38,0.10350,-0.12022
stec8|MILEY,302900,11.35,0.12983,-0.14097
stec8|NACA 0009,59700,-6.02,-0.28113,0.12763
stec8|NACA 0009,59700,-5.03,-0.21802,0.12116
stec8|NACA 0009,59700,-3.99,-0.20363,0.11523
stec8|NACA 0009,59700,-3.0,-0.17318,0.09426
stec8|NACA 0009,59700,-1.95,-0.17116,0.05883
stec8|NACA 0009,59700,-0.92,-0.17611,0.05424
stec8|NACA 0009,59700,0.09,-0.17434,0.05359
stec8|NACA 0009,59700,1.1,-0.15978,0.04878
stec8|NACA 0009,59700,2.13,-0.15978,0.02989
stec8|NACA 0009,59700,3.15,-0.06997,-0.07232
stec8|NACA 0009,59700,4.19,-0.06526,-0.08888
stec8|NACA 0009,59700,5.19,-0.10850,-0.08241
stec8|NACA 0009,59700,6.22,-0.11613,-0.08341
stec8|NACA 0009,59700,7.23,-0.19685,-0.08195
stec8|NACA 0009,59700,8.23,-0.18017,-0.06969
stec8|NACA 0009,59700,9.26,-0.22718,0.03851
stec8|NACA 0009,59700,10.25,-0.12196,0.03497
stec8|NACA 0009,100300,-6.03,-0.26782,0.12461
stec8|NACA 0009,100300,-5.0,-0.20174,0.12482
stec8|NACA 0009,100300,-3.98,-0.19983,0.12112
stec8|NACA 0009,100300,-2.98,-0.17269,0.11767
stec8|NACA 0009,100300,-1.96,-0.16736,0.08563
stec8|NACA 0009,100300,-0.91,-0.17067,0.05773
stec8|NACA 0009,100300,0.09,-0.16225,0.05155
stec8|NACA 0009,100300,1.11,-0.14768,0.04526
stec8|NACA 0009,100300,2.15,-0.06772,-0.01098
stec8|NACA 0009,100300,3.15,-0.03040,-0.07856
stec8|NACA 0009,100300,4.19,-0.02569,-0.08094
stec8|NACA 0009,100300,5.21,-0.04490,-0.07415
stec8|NACA 0009,100300,6.21,-0.06492,-0.07544
stec8|NACA 0009,100300,7.23,-0.06815,-0.07881
stec8|NACA 0009,100300,8.24,-0.09907,-0.08898
stec8|NACA 0009,150600,-6.04,-0.23307,0.12176
stec8|NACA 0009,150600,-5.03,-0.18219,0.12601
stec8|NACA 0009,150600,-4.0,-0.18708,0.12838
stec8|NACA 0009,150600,-2.99,-0.15994,0.11887
stec8|NACA 0009,150600,-1.96,-0.15437,0.11032
stec8|NACA 0009,150600,-0.94,-0.15792,0.07091
stec8|NACA 0009,150600,0.07,-0.14950,0.04157
stec8|NACA 0009,150600,1.11,-0.12486,0.01008
stec8|NACA 0009,150600,2.15,-0.02293,-0.05802
stec8|NACA 0009,150600,3.16,-0.02097,-0.07503
stec8|NACA 0009,150600,4.18,-0.02003,-0.07282
stec8|NACA 0009,150600,5.21,-0.02970,-0.07227
stec8|NACA 0009,150600,6.21,-0.03651,-0.07372
stec8|NACA 0009,150600,7.24,-0.03920,-0.07967
stec8|NACA 0009,150600,8.24,-0.04597,-0.08273
stec8|NACA 0009,150600,9.25,-0.05195,-0.07859
stec8|NACA 0009,199000,-6.04,-0.19131,0.11005
stec8|NACA 0009,199000,-5.01,-0.14457,0.11675
stec8|NACA 0009,199000,-4.0,-0.14960,0.11913
stec8|NACA 0009,199000,-2.99,-0.12246,0.10961
stec8|NACA 0009,199000,-2.01,-0.11689,0.09970
stec8|NACA 0009,199000,-0.94,-0.12044,0.07330
stec8|NACA 0009,199000,0.1,-0.10954,0.04575
stec8|NACA 0009,199000,1.1,-0.04860,-0.00689
stec8|NACA 0009,199000,2.13,-0.01860,-0.06394
stec8|NACA 0009,199000,3.15,-0.01664,-0.06932
stec8|NACA 0009,199000,4.19,-0.02625,-0.06724
stec8|NACA 0009,199000,5.19,-0.03237,-0.06990
stec8|NACA 0009,199000,6.23,-0.03487,-0.07296
stec8|NACA 0009,199000,7.24,-0.03487,-0.07630
stec8|NACA 0009,199000,8.24,-0.03487,-0.08119
stec8|NACA 0009,199000,9.25,-0.02983,-0.08289
stec8|NACA 0009,302900,-6.05,-0.14083,0.10384
stec8|NACA 0009,302900,-5.04,-0.08995,0.10895
stec8|NACA 0009,302900,-3.98,-0.10424,0.10686
stec8|NACA 0009,302900,-2.98,-0.08108,0.09630
stec8|NACA 0009,302900,-1.95,-0.07925,0.09418
stec8|NACA 0009,302900,-0.99,-0.07925,0.08461
stec8|NACA 0009,302900,0.08,-0.06919,0.04485
stec8|NACA 0009,302900,1.1,-0.00210,-0.04049
stec8|NACA 0009,302900,2.14,-0.00029,-0.06819
stec8|NACA 0009,302900,3.17,0.00167,-0.06701
stec8|NACA 0009,302900,4.19,-0.00586,-0.06144
stec8|NACA 0009,302900,5.21,-0.01198,-0.06282
stec8|NACA 0009,302900,6.22,-0.01448,-0.06788
stec8|NACA 0009,302900,7.23,-0.00741,-0.06972
stec8|NACA 0009,302900,8.25,-0.00741,-0.07249
stec8|NACA 0009,302900,9.27,-0.02263,-0.07200
stec8|NACA 6409,61400,-0.83,-0.07196,-0.00401
stec8|NACA 6409,61400,0.19,-0.06442,-0.03154
stec8|NACA 6409,61400,1.19,-0.06135,-0.05170
stec8|NACA 6409,61400,2.22,-0.05680,-0.08471
stec8|NACA 6409,61400,3.23,-0.08672,-0.09801
stec8|NACA 6409,61400,4.26,-0.08008,-0.14169
stec8|NACA 6409,61400,5.26,-0.08633,-0.16707
stec8|NACA 6409,61400,6.28,-0.13013,-0.16839
stec8|NACA 6409,61400,7.24,-0.14261,-0.17530
stec8|NACA 6409,61400,8.24,-0.16939,-0.18850
stec8|NACA 6409,61400,9.25,-0.09736,-0.19280
stec8|NACA 6409,61400,10.36,-0.21104,-0.14482
stec8|NACA 6409,79400,-0.84,-0.05146,-0.03983
stec8|NACA 6409,79400,0.18,-0.05313,-0.04790
stec8|NACA 6409,79400,1.21,-0.03372,-0.09460
stec8|NACA 6409,79400,2.21,-0.04247,-0.11494
stec8|NACA 6409,79400,3.24,-0.04247,-0.12111
stec8|NACA 6409,79400,4.25,-0.04669,-0.13608
stec8|NACA 6409,79400,5.26,-0.04822,-0.15990
stec8|NACA 6409,79400,6.28,-0.06704,-0.16006
stec8|NACA 6409,79400,7.32,-0.06704,-0.15958
stec8|NACA 6409,79400,8.32,-0.06704,-0.16526
stec8|NACA 6409,79400,9.35,-0.08019,-0.15001
stec8|NACA 6409,79400,10.35,-0.21453,-0.15456
stec8|NACA 6409,79400,11.36,-0.21110,-0.18215
stec8|NACA 6409,102600,-0.84,0.00105,-0.05117
stec8|NACA 6409,102600,0.14,0.01795,-0.06739
stec8|NACA 6409,102600,1.18,0.03576,-0.10805
stec8|NACA 6409,102600,2.2,0.03576,-0.12407
stec8|NACA 6409,102600,3.23,0.02701,-0.12898
stec8|NACA 6409,102600,4.24,0.01612,-0.14695
stec8|NACA 6409,102600,5.27,-0.01267,-0.14316
stec8|NACA 6409,102600,6.29,-0.01012,-0.14596
stec8|NACA 6409,102600,7.32,-0.00137,-0.15464
stec8|NACA 6409,102600,8.31,-0.01012,-0.15464
stec8|NACA 6409,102600,9.34,-0.04702,-0.14270
stec8|NACA 6409,102600,10.37,-0.08601,-0.14751
stec8|NACA 6409,102600,11.35,-0.04778,-0.17758
stec8|NACA 6409,147300,-0.9,0.02681,-0.05902
stec8|NACA 6409,147300,0.1,0.03576,-0.09671
stec8|NACA 6409,147300,1.18,0.03576,-0.11723
stec8|NACA 6409,147300,2.2,0.03576,-0.12127
stec8|NACA 6409,147300,3.19,0.03576,-0.12770
stec8|NACA 6409,147300,4.23,0.03422,-0.13534
stec8|NACA 6409,147300,5.23,0.01726,-0.13683
stec8|NACA 6409,147300,6.26,0.01982,-0.14249
stec8|NACA 6409,147300,7.28,0.01982,-0.14453
stec8|NACA 6409,147300,8.31,-0.00071,-0.14681
stec8|NACA 6409,147300,9.35,-0.06211,-0.12894
stec8|NACA 6409,147300,10.33,-0.06676,-0.14215
stec8|NACA 6409,147300,11.33,-0.02494,-0.17495
stec8|NACA 6409,200100,-0.87,0.03611,-0.07199
stec8|NACA 6409,200100,0.18,0.04395,-0.10145
stec8|NACA 6409,200100,1.2,0.04395,-0.11312
stec8|NACA 6409,200100,2.18,0.04395,-0.11923
stec8|NACA 6409,200100,3.17,0.04395,-0.12291
stec8|NACA 6409,200100,4.21,0.04242,-0.12831
stec8|NACA 6409,200100,5.2,0.02546,-0.12974
stec8|NACA 6409,200100,6.22,0.02802,-0.13547
stec8|NACA 6409,200100,7.38,0.02802,-0.13932
stec8|NACA 6409,200100,8.32,-0.00963,-0.13152
stec8|NACA 6409,200100,9.31,-0.05391,-0.13603
stec8|NACA 6409,200100,10.33,-0.05094,-0.12585
stec8|NACA 6409,200100,11.33,-0.00154,-0.15750
stec8|NACA 64A010,62800,-5.01,-0.19729,0.10007
stec8|NACA 64A010,62800,-4.0,-0.16677,0.10483
stec8|NACA 64A010,62800,-2.97,-0.16934,0.08157
stec8|NACA 64A010,62800,-1.95,-0.15391,0.01603
stec8|NACA 64A010,62800,-0.91,-0.15353,0.01014
stec8|NACA 64A010,62800,-0.4,-0.15353,-0.00008
stec8|NACA 64A010,62800,0.08,-0.15353,0.00178
stec8|NACA 64A010,62800,0.6,-0.15353,-0.00465
stec8|NACA 64A010,62800,1.1,-0.12384,-0.00308
stec8|NACA 64A010,62800,1.62,-0.12384,-0.00046
stec8|NACA 64A010,62800,2.14,-0.12223,-0.00281
stec8|NACA 64A010,62800,3.15,-0.06467,-0.04974
stec8|NACA 64A010,62800,4.18,-0.02756,-0.10530
stec8|NACA 64A010,62800,5.2,-0.09848,-0.10008
stec8|NACA 64A010,62800,6.2,-0.11064,-0.10829
stec8|NACA 64A010,62800,7.22,-0.14859,-0.10278
stec8|NACA 64A010,104200,-5.01,-0.17607,0.09164
stec8|NACA 64A010,104200,-3.99,-0.15411,0.09180
stec8|NACA 64A010,104200,-2.98,-0.14744,0.09077
stec8|NACA 64A010,104200,-1.96,-0.14097,0.07850
stec8|NACA 64A010,104200,-0.93,-0.14631,0.03272
stec8|NACA 64A010,104200,0.09,-0.12460,-0.01786
stec8|NACA 64A010,104200,1.15,-0.05295,-0.06805
stec8|NACA 64A010,104200,2.16,-0.00873,-0.09682
stec8|NACA 64A010,104200,3.16,0.01756,-0.12011
stec8|NACA 64A010,104200,4.19,0.02338,-0.10527
stec8|NACA 64A010,104200,5.2,-0.00362,-0.09857
stec8|NACA 64A010,104200,6.22,0.00161,-0.10116
stec8|NACA 64A010,104200,7.23,-0.00948,-0.08698
stec8|NACA 64A010,104200,8.25,-0.07603,-0.06062
stec8|NACA 64A010,150200,-6.02,-0.18469,0.08660
stec8|NACA 64A010,150200,-4.52,-0.14723,0.09093
stec8|NACA 64A010,150200,-3.0,-0.13392,0.08630
stec8|NACA 64A010,150200,-1.47,-0.13392,0.07318
stec8|NACA 64A010,150200,0.07,-0.10087,-0.03690
stec8|NACA 64A010,150200,1.63,0.00970,-0.10331
stec8|NACA 64A010,150200,3.16,0.02503,-0.12730
stec8|NACA 64A010,150200,4.7,0.01614,-0.10363
stec8|NACA 64A010,150200,6.21,0.02283,-0.09712
stec8|NACA 64A010,150200,7.74,0.05349,-0.07981
stec8|NACA 64A010,203300,-5.01,-0.10020,0.07687
stec8|NACA 64A010,203300,-4.0,-0.10667,0.07963
stec8|NACA 64A010,203300,-2.97,-0.08689,0.07560
stec8|NACA 64A010,203300,-1.95,-0.08689,0.05541
stec8|NACA 64A010,203300,-0.91,-0.08251,0.00860
stec8|NACA 64A010,203300,0.11,-0.03818,-0.02858
stec8|NACA 64A010,203300,1.13,0.00945,-0.09635
stec8|NACA 64A010,203300,2.15,0.02184,-0.10692
stec8|NACA 64A010,203300,3.18,0.02645,-0.12538
stec8|NACA 64A010,203300,4.2,0.01108,-0.10074
stec8|NACA 64A010,203300,5.21,0.02171,-0.09473
stec8|NACA 64A010,203300,6.23,0.02424,-0.09453
stec8|NACA 64A010,203300,7.24,0.01962,-0.08159
stec8|NACA 64A010,203300,8.26,-0.01320,-0.07630
stec8|NACA 64A010,301000,-5.02,-0.07307,0.06765
stec8|NACA 64A010,301000,-4.04,-0.07307,0.07272
stec8|NACA 64A010,301000,-2.98,-0.05503,0.05594
stec8|NACA 64A010,301000,-1.95,-0.04675,0.02224
stec8|NACA 64A010,301000,-0.91,-0.02909,-0.00280
stec8|NACA 64A010,301000,0.11,0.00388,-0.03308
stec8|NACA 64A010,301000,1.13,0.02501,-0.06300
stec8|NACA 64A010,301000,2.15,0.03010,-0.10248
stec8|NACA 64A010,301000,3.17,0.03746,-0.11720
stec8|NACA 64A010,301000,4.19,0.02167,-0.09767
stec8|NACA 64A010,301000,5.2,0.02929,-0.09137
stec8|NACA 64A010,301000,6.23,0.04244,-0.09093
stec8|NACA 64A010,301000,7.25,0.04107,-0.09159
stec8|RG15,59600,-2.93,-0.17372,0.06556
stec8|RG15,59600,-1.92,-0.17147,0.04230
stec8|RG15,59600,-0.91,-0.17232,0.03424
stec8|RG15,59600,0.12,-0.16309,0.02652
stec8|RG15,59600,1.14,-0.15675,0.03705
stec8|RG15,59600,2.18,-0.15200,0.01839
stec8|RG15,59600,3.21,-0.08096,-0.03618
stec8|RG15,59600,4.23,-0.04906,-0.08062
stec8|RG15,59600,5.23,-0.04906,-0.08860
stec8|RG15,59600,6.25,-0.05130,-0.09993
stec8|RG15,59600,7.28,-0.11307,-0.09755
stec8|RG15,59600,8.29,-0.19696,-0.10450
stec8|RG15,59600,9.3,-0.18221,-0.11051
stec8|RG15,59600,10.32,-0.15633,-0.02304
stec8|RG15,59600,11.33,-0.11636,0.02105
stec8|RG15,99600,-2.93,-0.15691,0.06103
stec8|RG15,99600,-1.93,-0.15048,0.04577
stec8|RG15,99600,-0.91,-0.15133,0.01693
stec8|RG15,99600,0.13,-0.13255,0.00802
stec8|RG15,99600,1.16,-0.10987,-0.02319
stec8|RG15,99600,2.19,-0.02671,-0.05007
stec8|RG15,99600,3.21,0.00946,-0.07795
stec8|RG15,99600,4.23,0.01656,-0.08086
stec8|RG15,99600,5.25,0.01656,-0.08697
stec8|RG15,99600,6.27,0.01357,-0.09315
stec8|RG15,99600,7.28,-0.01192,-0.09309
stec8|RG15,99600,8.29,-0.02945,-0.09522
stec8|RG15,99600,9.31,-0.03226,-0.10763
stec8|RG15,99600,10.32,-0.01507,-0.12164
stec8|RG15,99600,11.33,0.01929,0.01024
stec8|RG15,146100,-2.92,-0.15078,0.05598
stec8|RG15,146100,-1.9,-0.14853,0.04241
stec8|RG15,146100,-0.9,-0.14679,0.00709
stec8|RG15,146100,0.13,-0.10792,-0.01700
stec8|RG15,146100,1.16,-0.03829,-0.03964
stec8|RG15,146100,2.19,-0.00868,-0.06956
stec8|RG15,146100,3.21,0.01280,-0.08286
stec8|RG15,146100,4.24,0.01851,-0.08330
stec8|RG15,146100,5.26,0.01851,-0.09153
stec8|RG15,146100,6.28,0.01077,-0.09447
stec8|RG15,146100,7.3,-0.02352,-0.09481
stec8|RG15,200900,-4.0,-0.13712,0.04623
stec8|RG15,200900,-2.96,-0.09261,0.03603
stec8|RG15,200900,-1.92,-0.09036,0.02067
stec8|RG15,200900,-0.91,-0.08223,0.00383
stec8|RG15,200900,0.12,-0.06065,-0.01479
stec8|RG15,200900,1.15,-0.02267,-0.04635
stec8|RG15,200900,2.19,0.00610,-0.07338
stec8|RG15,200900,3.19,0.02454,-0.07356
stec8|RG15,200900,4.22,0.03025,-0.07526
stec8|RG15,200900,5.25,0.03025,-0.08118
stec8|RG15,200900,6.26,0.02338,-0.08431
stec8|RG15,200900,7.28,0.01209,-0.08306
stec8|RG15,200900,8.3,0.01800,-0.08382
stec8|RG15,200900,9.31,0.05418,-0.09985
stec8|RG15,200900,10.33,0.02482,-0.10412
stec8|RG15,200900,11.33,0.15349,-0.12891
stec8|RG15,302600,-3.99,-0.07085,0.02946
stec8|RG15,302600,-2.97,-0.05080,0.02475
stec8|RG15,302600,-1.97,-0.04940,0.00319
stec8|RG15,302600,-0.93,-0.03007,-0.00826
stec8|RG15,302600,0.05,-0.00714,-0.02501
stec8|RG15,302600,1.09,0.01176,-0.05747
stec8|RG15,302600,2.17,0.02280,-0.06910
stec8|RG15,302600,3.2,0.03986,-0.06824
stec8|RG15,302600,4.23,0.04557,-0.07194
stec8|RG15,302600,5.24,0.04258,-0.07521
stec8|RG15,302600,6.27,0.02929,-0.08040
stec8|RG15,302600,7.29,0.03528,-0.07727
stec8|RG15,302600,8.3,0.01675,-0.07991
stec8|S2048,58800,-2.93,-0.18411,0.08823
stec8|S2048,58800,-1.91,-0.16163,0.06071
stec8|S2048,58800,-0.89,-0.15847,0.04117
stec8|S2048,58800,0.13,-0.14341,0.01894
stec8|S2048,58800,1.16,-0.14341,0.02752
stec8|S2048,58800,2.19,-0.14263,0.01431
stec8|S2048,58800,3.22,-0.09948,0.00142
stec8|S2048,58800,4.24,-0.02695,-0.10671
stec8|S2048,58800,5.26,-0.02695,-0.13834
stec8|S2048,58800,6.27,-0.03721,-0.11586
stec8|S2048,99500,-2.93,-0.15530,0.07472
stec8|S2048,99500,-1.92,-0.13195,0.06040
stec8|S2048,99500,-0.89,-0.13053,0.02844
stec8|S2048,99500,0.15,-0.11580,-0.00374
stec8|S2048,99500,1.18,-0.11970,-0.02406
stec8|S2048,99500,2.2,-0.07083,-0.05776
stec8|S2048,99500,3.23,0.00356,-0.09932
stec8|S2048,99500,4.24,0.01869,-0.13140
stec8|S2048,99500,5.26,0.01869,-0.13089
stec8|S2048,99500,6.27,-0.00343,-0.10911
stec8|S2048,99500,7.29,-0.03754,-0.10531
stec8|S2048,99500,8.29,-0.03754,-0.11532
stec8|S2048,99500,9.31,-0.05498,-0.13762
stec8|S2048,154000,-4.97,-0.18408,0.07553
stec8|S2048,154000,-3.97,-0.17150,0.07261
stec8|S2048,154000,-2.93,-0.13988,0.06495
stec8|S2048,154000,-1.92,-0.11746,0.03726
stec8|S2048,154000,-0.88,-0.10883,0.00158
stec8|S2048,154000,0.14,-0.09637,-0.03055
stec8|S2048,154000,1.17,-0.06031,-0.05155
stec8|S2048,154000,2.2,-0.02319,-0.08583
stec8|S2048,154000,3.23,0.02580,-0.11532
stec8|S2048,154000,4.23,0.02921,-0.12281
stec8|S2048,154000,5.26,0.02921,-0.11867
stec8|S2048,154000,6.27,0.01053,-0.10297
stec8|S2048,154000,7.29,-0.00384,-0.10072
stec8|S2048,154000,8.3,0.00458,-0.10614
stec8|S2048,200900,-2.94,-0.08736,0.03903
stec8|S2048,200900,-1.89,-0.06659,0.01919
stec8|S2048,200900,-0.87,-0.05173,-0.01009
stec8|S2048,200900,0.16,-0.04445,-0.04611
stec8|S2048,200900,1.18,-0.02435,-0.06739
stec8|S2048,200900,2.2,0.00240,-0.09822
stec8|S2048,200900,3.22,0.02823,-0.12011
stec8|S2048,200900,4.24,0.02921,-0.12141
stec8|S2048,200900,5.26,0.01895,-0.11576
stec8|S2048,200900,6.28,0.00124,-0.10327
stec8|S2048,200900,7.3,-0.00044,-0.10371
stec8|S2048,200900,8.3,0.00839,-0.10311
stec8|S2048,200900,9.32,0.01553,-0.11148
stec8|S2048,200900,10.33,-0.00962,-0.11264
stec8|S2048,200900,11.35,-0.02070,-0.03272
stec8|S2048,302800,-2.94,-0.04076,0.00033
stec8|S2048,302800,-1.89,-0.02828,-0.02180
stec8|S2048,302800,-0.88,-0.02738,-0.03127
stec8|S2048,302800,0.1,-0.00587,-0.03981
stec8|S2048,302800,1.16,0.01147,-0.08873
stec8|S2048,302800,2.18,0.02172,-0.10678
stec8|S2048,302800,3.19,0.03911,-0.11491
stec8|S2048,302800,4.24,0.03806,-0.11741
stec8|S2048,302800,5.26,0.02017,-0.10685
stec8|S2048,302800,6.28,0.00900,-0.10130
stec8|S2091A,60800,-2.89,-0.21282,0.15599
stec8|S2091A,60800,-1.85,-0.11184,0.12345
stec8|S2091A,60800,-0.83,-0.05049,0.08920
stec8|S2091A,60800,0.19,-0.03190,0.06059
stec8|S2091A,60800,1.21,-0.02026,0.03881
stec8|S2091A,60800,2.23,-0.01471,-0.01138
stec8|S2091A,60800,3.25,-0.01471,-0.03690
stec8|S2091A,60800,4.27,-0.01622,-0.05125
stec8|S2091A,60800,5.29,-0.01787,-0.06513
stec8|S2091A,60800,6.31,-0.01970,-0.08539
stec8|S2091A,60800,7.32,-0.02881,-0.09948
stec8|S2091A,60800,8.35,-0.03863,-0.11576
stec8|S2091A,60800,9.35,-0.03661,-0.12138
stec8|S2091A,60800,10.37,-0.15751,-0.10568
stec8|S2091A,60800,11.37,-0.22133,-0.09444
stec8|S2091A,99200,-4.95,-0.22384,0.10279
stec8|S2091A,99200,-3.89,-0.16028,0.08642
stec8|S2091A,99200,-2.87,-0.04688,0.07770
stec8|S2091A,99200,-1.85,-0.00469,0.04234
stec8|S2091A,99200,-0.83,0.01125,0.00516
stec8|S2091A,99200,0.18,0.02333,-0.01457
stec8|S2091A,99200,1.21,0.02424,-0.02497
stec8|S2091A,99200,2.23,0.03275,-0.03920
stec8|S2091A,99200,3.26,0.03275,-0.04652
stec8|S2091A,99200,4.27,0.03275,-0.05122
stec8|S2091A,99200,5.29,0.03092,-0.06101
stec8|S2091A,99200,6.31,0.03092,-0.07998
stec8|S2091A,99200,7.33,0.02319,-0.09034
stec8|S2091A,99200,8.35,0.02036,-0.08607
stec8|S2091A,99200,9.37,0.02183,-0.09474
stec8|S2091A,99200,10.37,-0.00423,-0.08358
stec8|S2091A,99200,11.37,-0.00991,-0.09218
stec8|S2091A,201500,-2.87,0.01759,0.01384
stec8|S2091A,201500,-1.88,0.03090,0.00360
stec8|S2091A,201500,-0.84,0.03420,-0.00708
stec8|S2091A,201500,0.18,0.03881,-0.01890
stec8|S2091A,201500,1.21,0.03971,-0.01630
stec8|S2091A,201500,2.23,0.04822,-0.02657
stec8|S2091A,201500,3.25,0.04822,-0.03430
stec8|S2091A,201500,4.27,0.04640,-0.03917
stec8|S2091A,201500,5.29,0.04640,-0.05028
stec8|S2091A,201500,6.31,0.04640,-0.06592
stec8|S2091A,201500,7.33,0.03869,-0.06962
stec8|S2091A,201500,8.35,0.03584,-0.07303
stec8|S2091A,201500,9.36,0.03752,-0.07853
stec8|S2091A,201500,10.36,0.02426,-0.06880
stec8|S2091A,201500,11.36,0.06771,-0.08043
stec8|S2091B,60400,-3.93,-0.23319,0.14750
stec8|S2091B,60400,-2.4,-0.20271,0.13795
stec8|S2091B,60400,-0.85,-0.05675,0.06998
stec8|S2091B,60400,0.7,-0.01018,0.01928
stec8|S2091B,60400,2.23,0.00349,-0.02955
stec8|S2091B,60400,3.74,0.00649,-0.05659
stec8|S2091B,60400,5.27,0.00649,-0.08059
stec8|S2091B,60400,6.8,0.00649,-0.11941
stec8|S2091B,60400,8.33,-0.03090,-0.12450
stec8|S2091B,101300,-2.87,-0.04496,0.06111
stec8|S2091B,101300,-1.35,0.02956,0.00447
stec8|S2091B,101300,0.19,0.04385,-0.03425
stec8|S2091B,101300,1.73,0.05676,-0.05322
stec8|S2091B,101300,3.26,0.06053,-0.06491
stec8|S2091B,101300,4.79,0.06053,-0.07495
stec8|S2091B,101300,6.31,0.06053,-0.09453
stec8|S2091B,101300,7.84,0.03553,-0.09390
stec8|S2091B,101300,9.35,-0.01138,-0.08869
stec8|S2091B,101300,10.37,-0.01990,-0.08715
stec8|S2091B,101300,11.37,-0.02126,-0.09920
stec8|S2091B,149300,-4.93,-0.09051,0.06487
stec8|S2091B,149300,-3.9,-0.06363,0.04724
stec8|S2091B,149300,-2.87,-0.00108,0.02668
stec8|S2091B,149300,-1.86,0.03092,-0.00491
stec8|S2091B,149300,-0.83,0.04423,-0.03199
stec8|S2091B,149300,0.17,0.04423,-0.04207
stec8|S2091B,149300,1.22,0.04785,-0.04527
stec8|S2091B,149300,2.24,0.05963,-0.05264
stec8|S2091B,149300,3.26,0.05963,-0.05830
stec8|S2091B,149300,4.28,0.05963,-0.06352
stec8|S2091B,149300,5.3,0.05963,-0.07581
stec8|S2091B,149300,6.32,0.05963,-0.08815
stec8|S2091B,149300,7.34,0.02760,-0.09000
stec8|S2091B,149300,8.35,0.01339,-0.08488
stec8|S2091B,149300,9.36,-0.01138,-0.08543
stec8|S2091B,149300,10.38,-0.03614,-0.08251
stec8|S2091B,149300,11.38,0.01945,-0.08268
stec8|S2091B,198400,-4.9,-0.06209,0.04740
stec8|S2091B,198400,-3.91,-0.03305,0.01716
stec8|S2091B,198400,-2.87,0.02289,0.00920
stec8|S2091B,198400,-1.84,0.04384,-0.01392
stec8|S2091B,198400,-0.84,0.05188,-0.02682
stec8|S2091B,198400,0.19,0.05188,-0.03487
stec8|S2091B,198400,1.22,0.05551,-0.03655
stec8|S2091B,198400,2.25,0.06728,-0.04290
stec8|S2091B,198400,3.25,0.06728,-0.05040
stec8|S2091B,198400,4.28,0.06728,-0.05682
stec8|S2091B,198400,5.31,0.06728,-0.06683
stec8|S2091B,198400,6.31,0.06728,-0.07445
stec8|S2091B,198400,7.34,0.02905,-0.07306
stec8|S2091B,198400,8.36,0.02105,-0.07378
stec8|S2091B,198400,9.38,-0.00541,-0.07448
stec8|S2091B,198400,10.38,-0.00922,-0.07267
stec8|S2091B,198400,11.4,0.04692,-0.06526
stec8|S2091B,303900,-3.91,0.03214,0.00475
stec8|S2091B,303900,-2.88,0.05372,-0.00168
stec8|S2091B,303900,-1.85,0.05761,-0.01877
stec8|S2091B,303900,-0.83,0.06073,-0.01689
stec8|S2091B,303900,0.21,0.06073,-0.02632
stec8|S2091B,303900,1.23,0.06436,-0.02923
stec8|S2091B,303900,2.24,0.07613,-0.03668
stec8|S2091B,303900,3.28,0.07613,-0.04483
stec8|S2091B,303900,4.29,0.07613,-0.04881
stec8|S2091B,303900,5.31,0.07613,-0.05900
stec8|S2091B,303900,6.32,0.06587,-0.06319
stec8|S2091B,303900,7.34,0.02776,-0.06761
stec8|S2091B,303900,8.35,0.01096,-0.06764
stec8|S2091B,303900,9.38,0.00002,-0.06817
stec8|S2091B,303900,10.38,-0.00598,-0.07135
stec8|S2091B,303900,11.38,0.07656,-0.06601
stec8|S3010,60900,-2.96,-0.20927,0.13197
stec8|S3010,60900,-1.41,-0.14645,0.07721
stec8|S3010,60900,0.14,-0.03071,0.02736
stec8|S3010,60900,1.69,-0.01398,-0.02015
stec8|S3010,60900,3.23,-0.00281,-0.04783
stec8|S3010,60900,4.73,0.00019,-0.06459
stec8|S3010,60900,6.28,0.00019,-0.07874
stec8|S3010,60900,7.79,0.00019,-0.10623
stec8|S3010,60900,9.32,-0.05948,-0.11137
stec8|S3010,60900,10.82,-0.14090,-0.09892
stec8|S3010,100500,-3.95,-0.20734,0.10728
stec8|S3010,100500,-2.9,-0.15136,0.07365
stec8|S3010,100500,-1.89,-0.05314,0.04469
stec8|S3010,100500,-0.86,0.01739,-0.01110
stec8|S3010,100500,0.15,0.03053,-0.02827
stec8|S3010,100500,1.17,0.03296,-0.04143
stec8|S3010,100500,2.19,0.03739,-0.04509
stec8|S3010,100500,3.22,0.05032,-0.05169
stec8|S3010,100500,4.24,0.05423,-0.05590
stec8|S3010,100500,5.25,0.05423,-0.06325
stec8|S3010,100500,6.27,0.05423,-0.07132
stec8|S3010,100500,7.3,0.04619,-0.07640
stec8|S3010,100500,8.32,0.03946,-0.07945
stec8|S3010,100500,9.32,0.01882,-0.08168
stec8|S3010,100500,10.34,0.01737,-0.08539
stec8|S3010,100500,11.34,0.04873,-0.11167
stec8|S3010,147400,-3.92,-0.16299,0.06239
stec8|S3010,147400,-2.4,-0.02288,0.03605
stec8|S3010,147400,-0.87,0.03053,-0.02329
stec8|S3010,147400,0.66,0.03296,-0.03912
stec8|S3010,147400,2.18,0.03739,-0.04067
stec8|S3010,147400,3.73,0.05332,-0.04777
stec8|S3010,147400,5.26,0.05332,-0.05813
stec8|S3010,147400,6.81,0.04837,-0.06624
stec8|S3010,147400,8.31,0.02919,-0.07644
stec8|S3010,147400,9.85,0.01523,-0.07693
stec8|S3010,147400,11.34,0.03534,-0.09710
stec8|S3010,203900,-3.92,-0.06672,0.03035
stec8|S3010,203900,-2.41,0.02216,0.00824
stec8|S3010,203900,-0.88,0.04451,-0.01640
stec8|S3010,203900,0.67,0.04451,-0.02828
stec8|S3010,203900,2.2,0.04894,-0.03450
stec8|S3010,203900,3.71,0.06487,-0.04133
stec8|S3010,203900,5.25,0.06487,-0.05067
stec8|S3010,203900,6.78,0.05461,-0.05514
stec8|S3010,203900,8.31,0.04074,-0.06454
stec8|S3010,203900,9.85,0.02678,-0.06647
stec8|S3010,203900,11.34,0.06907,-0.08533
stec8|S3010,301000,-3.98,-0.01719,0.02571
stec8|S3010,301000,-2.94,0.01689,0.00855
stec8|S3010,301000,-1.91,0.04901,-0.00199
stec8|S3010,301000,-0.92,0.04947,-0.01037
stec8|S3010,301000,0.14,0.04947,-0.01931
stec8|S3010,301000,1.14,0.04947,-0.02291
stec8|S3010,301000,2.18,0.05390,-0.02847
stec8|S3010,301000,3.19,0.06683,-0.03662
stec8|S3010,301000,4.24,0.06983,-0.03991
stec8|S3010,301000,5.25,0.06983,-0.04400
stec8|S3010,301000,6.28,0.05957,-0.04929
stec8|S3010,301000,7.29,0.04953,-0.05586
stec8|S3010,301000,8.32,0.03241,-0.05991
stec8|S3010,301000,9.34,0.03174,-0.06137
stec8|S3010,301000,10.34,0.03209,-0.06694
stec8|S3010,301000,11.33,0.10818,-0.07959
stec8|S3014,62000,-3.93,-0.26538,0.09029
stec8|S3014,62000,-2.92,-0.21341,0.08622
stec8|S3014,62000,-1.89,-0.18082,0.04757
stec8|S3014,62000,-0.86,-0.17739,0.03444
stec8|S3014,62000,0.17,-0.16472,0.03497
stec8|S3014,62000,1.21,-0.06047,0.00641
stec8|S3014,62000,2.23,-0.04472,-0.03578
stec8|S3014,62000,3.25,-0.02251,-0.09235
stec8|S3014,62000,4.27,-0.01819,-0.10804
stec8|S3014,62000,5.28,-0.01819,-0.11270
stec8|S3014,62000,6.29,-0.01992,-0.12131
stec8|S3014,62000,7.32,-0.02738,-0.13417
stec8|S3014,62000,8.33,-0.05234,-0.13349
stec8|S3014,62000,9.34,-0.09632,-0.14178
stec8|S3014,62000,10.35,-0.12240,-0.14049
stec8|S3014,99900,-3.93,-0.23173,0.06599
stec8|S3014,99900,-2.89,-0.17052,0.05479
stec8|S3014,99900,-1.87,-0.13915,0.00876
stec8|S3014,99900,-0.84,-0.03341,-0.02870
stec8|S3014,99900,0.17,0.00024,-0.05959
stec8|S3014,99900,1.2,0.01325,-0.08072
stec8|S3014,99900,2.23,0.01796,-0.09615
stec8|S3014,99900,3.24,0.03978,-0.10235
stec8|S3014,99900,4.26,0.03978,-0.10274
stec8|S3014,99900,5.28,0.03806,-0.10967
stec8|S3014,99900,6.3,0.03570,-0.11774
stec8|S3014,99900,7.31,0.02683,-0.11747
stec8|S3014,99900,8.32,0.00831,-0.12027
stec8|S3014,99900,9.34,0.00005,-0.12647
stec8|S3014,99900,10.35,-0.02082,-0.12742
stec8|S3014,99900,11.35,0.02057,-0.16418
stec8|S3014,151500,-3.91,-0.19119,0.04035
stec8|S3014,151500,-2.88,-0.09462,0.01004
stec8|S3014,151500,0.17,0.02073,-0.07601
stec8|S3014,151500,2.22,0.02740,-0.09179
stec8|S3014,151500,4.27,0.04922,-0.09868
stec8|S3014,151500,6.3,0.03756,-0.10644
stec8|S3014,151500,7.31,0.02351,-0.10424
stec8|S3014,151500,8.33,0.02351,-0.11197
stec8|S3014,151500,9.34,0.01525,-0.11726
stec8|S3014,151500,10.35,0.01461,-0.11542
stec8|S3014,151500,11.34,0.09464,-0.16606
stec8|S3014,200800,-3.92,-0.11433,0.00077
stec8|S3014,200800,-2.9,-0.04051,-0.01895
stec8|S3014,200800,-1.88,-0.00329,-0.02589
stec8|S3014,200800,-0.85,0.02180,-0.06817
stec8|S3014,200800,0.17,0.02180,-0.08183
stec8|S3014,200800,1.19,0.02376,-0.08758
stec8|S3014,200800,2.21,0.02847,-0.08885
stec8|S3014,200800,3.24,0.05029,-0.09337
stec8|S3014,200800,4.26,0.05029,-0.09600
stec8|S3014,200800,5.27,0.04856,-0.09991
stec8|S3014,200800,6.3,0.03733,-0.10053
stec8|S3014,200800,7.31,0.02457,-0.10031
stec8|S3014,200800,8.34,0.02457,-0.10823
stec8|S3014,200800,9.35,0.00940,-0.11254
stec8|S3014,200800,10.36,0.01568,-0.11012
stec8|S3014,200800,11.36,0.10047,-0.14668
stec8|S3014,303700,-2.89,0.01434,-0.02757
stec8|S3014,303700,-1.88,0.03607,-0.03645
stec8|S3014,303700,-0.99,0.03471,-0.05416
stec8|S3014,303700,0.17,0.04011,-0.07435
stec8|S3014,303700,1.19,0.04206,-0.08057
stec8|S3014,303700,2.22,0.04678,-0.08031
stec8|S3014,303700,3.23,0.06648,-0.08735
stec8|S3014,303700,4.26,0.06687,-0.09066
stec8|S3014,303700,5.28,0.06451,-0.09457
stec8|S3014,303700,6.29,0.05564,-0.09503
stec8|S3014,303700,7.31,0.04496,-0.09614
stec8|S3016,59100,-3.98,-0.20606,0.10532
stec8|S3016,59100,-2.96,-0.16033,0.09155
stec8|S3016,59100,-1.94,-0.16051,0.06573
stec8|S3016,59100,-0.9,-0.16051,0.05377
stec8|S3016,59100,0.13,-0.13934,0.05705
stec8|S3016,59100,1.15,-0.08200,0.05590
stec8|S3016,59100,2.19,-0.03723,-0.00222
stec8|S3016,59100,3.2,-0.02313,-0.04981
stec8|S3016,59100,4.21,-0.01529,-0.07898
stec8|S3016,59100,5.24,-0.01529,-0.08198
stec8|S3016,59100,6.25,-0.01529,-0.08996
stec8|S3016,59100,7.27,-0.02029,-0.09460
stec8|S3016,59100,8.28,-0.05685,-0.10468
stec8|S3016,59100,9.3,-0.13955,-0.11803
stec8|S3016,59100,10.31,-0.16877,-0.10681
stec8|S3016,103300,-4.99,-0.20552,0.08426
stec8|S3016,103300,-3.98,-0.16804,0.08045
stec8|S3016,103300,-2.96,-0.13666,0.05472
stec8|S3016,103300,-1.92,-0.12086,0.02494
stec8|S3016,103300,-0.9,-0.05144,-0.00622
stec8|S3016,103300,0.13,-0.03652,-0.02672
stec8|S3016,103300,1.15,0.01054,-0.05591
stec8|S3016,103300,2.19,0.02573,-0.07593
stec8|S3016,103300,3.19,0.03076,-0.07881
stec8|S3016,103300,4.22,0.03468,-0.09158
stec8|S3016,103300,5.24,0.03468,-0.10082
stec8|S3016,103300,6.24,0.03174,-0.09902
stec8|S3016,103300,7.27,0.02900,-0.09767
stec8|S3016,103300,8.28,0.02321,-0.10663
stec8|S3016,103300,9.29,-0.00153,-0.11733
stec8|S3016,152700,-4.99,-0.18529,0.06898
stec8|S3016,152700,-3.96,-0.16295,0.04448
stec8|S3016,152700,-2.94,-0.11155,0.02872
stec8|S3016,152700,-1.91,-0.10295,0.00726
stec8|S3016,152700,-0.89,-0.01087,-0.03172
stec8|S3016,152700,0.14,0.00951,-0.04760
stec8|S3016,152700,1.15,0.01739,-0.06797
stec8|S3016,152700,2.17,0.03259,-0.07338
stec8|S3016,152700,3.2,0.03609,-0.07456
stec8|S3016,152700,4.21,0.04153,-0.08674
stec8|S3016,152700,5.23,0.04153,-0.09168
stec8|S3016,152700,6.25,0.03824,-0.09044
stec8|S3016,152700,7.27,0.03007,-0.08819
stec8|S3016,152700,8.29,0.01517,-0.09486
stec8|S3016,152700,9.32,0.00525,-0.10165
stec8|S3016,208900,-4.96,-0.10711,0.04303
stec8|S3016,208900,-3.96,-0.09267,0.02525
stec8|S3016,208900,-2.93,-0.04886,0.00599
stec8|S3016,208900,-1.93,-0.02347,-0.00878
stec8|S3016,208900,-0.9,0.01438,-0.03371
stec8|S3016,208900,0.14,0.01624,-0.05075
stec8|S3016,208900,1.15,0.02412,-0.06751
stec8|S3016,208900,2.18,0.03932,-0.06751
stec8|S3016,208900,3.19,0.04282,-0.06969
stec8|S3016,208900,4.22,0.04826,-0.08068
stec8|S3016,208900,5.24,0.04826,-0.08314
stec8|S3016,208900,6.27,0.04259,-0.08451
stec8|S3016,208900,7.27,0.03680,-0.08218
stec8|S3016,208900,8.31,0.02513,-0.08494
stec8|S3016,208900,9.31,0.01844,-0.09788
stec8|S3016,208900,10.32,0.02845,-0.09041
stec8|S3016,208900,11.34,0.09662,-0.10074
stec8|S3016,304800,-4.99,-0.07068,0.02253
stec8|S3016,304800,-3.98,-0.03523,0.01347
stec8|S3016,304800,-2.95,0.00787,-0.00030
stec8|S3016,304800,-1.92,0.02384,-0.02228
stec8|S3016,304800,-0.9,0.03113,-0.03710
stec8|S3016,304800,0.11,0.02988,-0.05140
stec8|S3016,304800,1.16,0.03097,-0.06637
stec8|S3016,304800,2.17,0.04397,-0.06737
stec8|S3016,304800,3.2,0.05272,-0.07070
stec8|S3016,304800,4.22,0.05817,-0.08169
stec8|S3016,304800,5.23,0.05488,-0.08477
stec8|S3016,304800,6.25,0.04670,-0.08388
stec8|S3016,304800,7.28,0.04670,-0.08435
stec8|S3016,304800,8.3,0.03806,-0.08925
stec8|S3016,304800,9.32,0.03356,-0.09941
stec8|S3016,304800,10.33,0.03974,-0.09214
stec8|S3016,304800,11.33,0.11700,-0.10787
stec8|S3021A,58800,-3.96,-0.23100,0.11387
stec8|S3021A,58800,-2.94,-0.19070,0.11013
stec8|S3021A,58800,-1.92,-0.18301,0.10378
stec8|S3021A,58800,-0.9,-0.16894,0.05906
stec8|S3021A,58800,0.13,-0.11337,0.04528
stec8|S3021A,58800,1.16,-0.07379,0.01817
stec8|S3021A,58800,2.18,-0.06074,-0.02472
stec8|S3021A,58800,3.2,-0.03699,-0.05582
stec8|S3021A,58800,4.22,-0.02573,-0.08687
stec8|S3021A,58800,5.25,-0.02573,-0.10927
stec8|S3021A,58800,6.26,-0.02573,-0.12670
stec8|S3021A,58800,7.28,-0.02989,-0.14630
stec8|S3021A,58800,8.29,-0.03335,-0.15390
stec8|S3021A,58800,9.31,-0.10441,-0.14058
stec8|S3021A,58800,10.32,-0.16086,-0.14376
stec8|S3021A,58800,11.33,-0.19651,-0.16477
stec8|S3021A,99500,-3.95,-0.21778,0.06716
stec8|S3021A,99500,-2.95,-0.16588,0.03705
stec8|S3021A,99500,-1.92,-0.11805,-0.00881
stec8|S3021A,99500,-0.87,-0.01692,-0.04613
stec8|S3021A,99500,0.15,-0.00056,-0.06263
stec8|S3021A,99500,1.17,0.00901,-0.08676
stec8|S3021A,99500,2.18,0.02093,-0.10293
stec8|S3021A,99500,3.21,0.03808,-0.10806
stec8|S3021A,99500,4.21,0.03989,-0.11419
stec8|S3021A,99500,5.25,0.03989,-0.12266
stec8|S3021A,99500,6.27,0.03989,-0.12801
stec8|S3021A,99500,7.29,0.03989,-0.13770
stec8|S3021A,99500,8.3,0.03215,-0.14333
stec8|S3021A,99500,9.32,-0.00040,-0.14693
stec8|S3021A,99500,10.33,-0.03716,-0.13816
stec8|S3021A,99500,11.34,-0.00149,-0.18526
stec8|S3021A,149300,-2.0,-0.02547,-0.02583
stec8|S3021A,149300,-0.88,0.00203,-0.06527
stec8|S3021A,149300,1.16,0.01160,-0.09207
stec8|S3021A,149300,3.22,0.04068,-0.09909
stec8|S3021A,149300,5.26,0.04248,-0.11116
stec8|S3021A,149300,7.29,0.03949,-0.11679
stec8|S3021A,149300,9.34,-0.01106,-0.12269
stec8|S3021A,149300,10.35,-0.01619,-0.12146
stec8|S3021A,149300,11.34,0.02725,-0.15059
stec8|S3021A,200600,-4.03,-0.12607,0.00268
stec8|S3021A,200600,-2.99,-0.05553,-0.02230
stec8|S3021A,200600,-1.9,-0.00108,-0.04307
stec8|S3021A,200600,-0.93,0.01977,-0.07220
stec8|S3021A,200600,0.15,0.02270,-0.08299
stec8|S3021A,200600,1.18,0.02409,-0.09152
stec8|S3021A,200600,2.19,0.03200,-0.09360
stec8|S3021A,200600,3.21,0.05178,-0.09855
stec8|S3021A,200600,4.24,0.05358,-0.10440
stec8|S3021A,200600,5.25,0.05358,-0.10955
stec8|S3021A,200600,6.27,0.05358,-0.11335
stec8|S3021A,200600,7.29,0.05059,-0.11733
stec8|S3021A,200600,8.31,0.04257,-0.12439
stec8|S3021A,200600,9.32,0.00822,-0.12752
stec8|S3021A,200600,10.34,-0.00501,-0.12104
stec8|S3021A,200600,11.33,0.07657,-0.14915
stec8|S3021A,303700,-3.94,-0.04468,-0.01133
stec8|S3021A,303700,-2.92,-0.00942,-0.03933
stec8|S3021A,303700,-1.95,0.02666,-0.05472
stec8|S3021A,303700,-0.92,0.03802,-0.07331
stec8|S3021A,303700,0.12,0.03941,-0.08064
stec8|S3021A,303700,1.17,0.03941,-0.08823
stec8|S3021A,303700,2.17,0.04732,-0.09030
stec8|S3021A,303700,3.21,0.06710,-0.09630
stec8|S3021A,303700,4.23,0.06890,-0.10215
stec8|S3021A,303700,5.26,0.06890,-0.10776
stec8|S3021A,303700,6.27,0.06890,-0.11251
stec8|S3021A,303700,7.29,0.06116,-0.11692
stec8|S3021A,303700,8.31,0.03587,-0.12441
stec8|S3021A,303700,9.33,0.03141,-0.12490
stec8|S3021A,303700,10.34,0.01572,-0.11732
stec8|S3021B,99300,-2.96,-0.17115,0.07198
stec8|S3021B,99300,-1.93,-0.12273,0.03546
stec8|S3021B,99300,-0.87,-0.03038,-0.00732
stec8|S3021B,99300,0.15,0.00623,-0.03479
stec8|S3021B,99300,1.16,0.01937,-0.05981
stec8|S3021B,99300,2.19,0.02800,-0.07157
stec8|S3021B,99300,3.21,0.04216,-0.07867
stec8|S3021B,99300,4.22,0.04306,-0.08519
stec8|S3021B,99300,5.25,0.04306,-0.09452
stec8|S3021B,99300,6.26,0.04306,-0.09680
stec8|S3021B,99300,7.28,0.04306,-0.10969
stec8|S3021B,99300,8.29,0.02276,-0.11613
stec8|S3021B,99300,9.31,0.00045,-0.11400
stec8|S3021B,99300,10.31,-0.02363,-0.11649
stec8|S3021B,201300,-2.97,-0.06793,0.00516
stec8|S3021B,201300,-1.93,0.00930,-0.01842
stec8|S3021B,201300,-0.94,0.02989,-0.05113
stec8|S3021B,201300,0.11,0.03232,-0.06099
stec8|S3021B,201300,1.14,0.03232,-0.06336
stec8|S3021B,201300,2.17,0.03675,-0.06571
stec8|S3021B,201300,3.19,0.04968,-0.07021
stec8|S3021B,201300,4.22,0.05268,-0.07508
stec8|S3021B,201300,5.24,0.05268,-0.07551
stec8|S3021B,201300,6.27,0.05268,-0.08445
stec8|S3021B,201300,7.27,0.04296,-0.08713
stec8|S3021B,201300,8.29,0.03359,-0.09436
stec8|S3021B,201300,9.3,0.01100,-0.09841
stec8|S3021B,201300,10.3,-0.00329,-0.09749
stec8|S3021B,201300,11.31,0.05221,-0.12262
stec8|S3021B,304800,-2.99,-0.00282,-0.01767
stec8|S3021B,304800,-1.96,0.03517,-0.02385
stec8|S3021B,304800,-0.98,0.04117,-0.04708
stec8|S3021B,304800,0.05,0.04117,-0.05307
stec8|S3021B,304800,1.08,0.04117,-0.05694
stec8|S3021B,304800,2.14,0.04560,-0.05929
stec8|S3021B,304800,3.19,0.05853,-0.06697
stec8|S3021B,304800,4.2,0.06154,-0.07184
stec8|S3021B,304800,5.23,0.06154,-0.07227
stec8|S3021B,304800,6.25,0.06154,-0.08034
stec8|S3021B,304800,7.27,0.04154,-0.08349
stec8|S3021B,304800,8.28,0.03349,-0.09112
stec8|S3021B,304800,9.3,0.01751,-0.09517
stec8|S3021B,304800,10.31,0.00842,-0.09480
stec8|S4061A,60400,-3.94,-0.31670,0.13591
stec8|S4061A,60400,-2.92,-0.23350,0.13989
stec8|S4061A,60400,-1.9,-0.20516,0.12727
stec8|S4061A,60400,-0.87,-0.14100,0.09869
stec8|S4061A,60400,0.17,-0.06733,0.08714
stec8|S4061A,60400,1.2,-0.02384,0.04837
stec8|S4061A,60400,2.2,-0.01586,0.01993
stec8|S4061A,60400,3.22,0.00769,-0.01261
stec8|S4061A,60400,4.26,0.01195,-0.02826
stec8|S4061A,60400,5.26,0.00882,-0.04117
stec8|S4061A,60400,6.29,-0.00409,-0.08136
stec8|S4061A,60400,7.31,-0.00409,-0.10398
stec8|S4061A,60400,8.32,-0.03154,-0.09686
stec8|S4061A,60400,9.33,-0.05492,-0.06921
stec8|S4061A,60400,10.35,-0.16835,-0.08053
stec8|S4061A,99800,-3.92,-0.20530,0.07613
stec8|S4061A,99800,-2.89,-0.09204,0.06492
stec8|S4061A,99800,-1.87,-0.03588,0.06104
stec8|S4061A,99800,-0.86,-0.00758,-0.00017
stec8|S4061A,99800,0.17,0.02473,0.00167
stec8|S4061A,99800,1.19,0.03397,-0.01680
stec8|S4061A,99800,2.21,0.04694,-0.03923
stec8|S4061A,99800,3.24,0.04994,-0.04854
stec8|S4061A,99800,4.25,0.04994,-0.05838
stec8|S4061A,99800,5.28,0.04994,-0.06730
stec8|S4061A,99800,6.28,0.04994,-0.08491
stec8|S4061A,99800,7.31,0.02668,-0.08791
stec8|S4061A,99800,8.32,0.01468,-0.07240
stec8|S4061A,99800,9.33,-0.01655,-0.06736
stec8|S4061A,99800,10.34,-0.04657,-0.07124
stec8|S4061A,200400,-3.95,-0.04323,0.02506
stec8|S4061A,200400,-2.93,0.00583,0.01379
stec8|S4061A,200400,-1.89,0.02607,-0.00609
stec8|S4061A,200400,-0.86,0.04116,-0.01447
stec8|S4061A,200400,0.16,0.04358,-0.02499
stec8|S4061A,200400,1.18,0.04544,-0.02860
stec8|S4061A,200400,2.19,0.05522,-0.03704
stec8|S4061A,200400,3.22,0.05898,-0.04163
stec8|S4061A,200400,4.26,0.05898,-0.04795
stec8|S4061A,200400,5.27,0.05898,-0.05575
stec8|S4061A,200400,6.3,0.05898,-0.06621
stec8|S4061A,200400,7.3,0.04973,-0.06690
stec8|S4061A,200400,8.32,-0.00653,-0.05304
stec8|S4061A,200400,9.33,-0.00853,-0.05436
stec8|S4061A,200400,10.34,-0.03022,-0.05424
stec8|S4061A,200400,11.33,0.00394,-0.07642
stec8|S4061B,60200,-2.91,-0.19416,0.14288
stec8|S4061B,60200,-1.89,-0.18533,0.12328
stec8|S4061B,60200,-0.88,-0.13511,0.09066
stec8|S4061B,60200,0.15,-0.08810,0.07486
stec8|S4061B,60200,1.18,-0.07379,0.05337
stec8|S4061B,60200,2.2,-0.06420,0.01823
stec8|S4061B,60200,3.23,-0.03617,-0.01089
stec8|S4061B,60200,4.24,-0.03113,-0.05267
stec8|S4061B,60200,5.27,-0.03335,-0.06012
stec8|S4061B,60200,6.28,-0.02919,-0.10306
stec8|S4061B,60200,7.31,-0.03335,-0.13360
stec8|S4061B,60200,8.33,-0.04154,-0.13085
stec8|S4061B,60200,9.34,-0.07891,-0.11270
stec8|S4061B,60200,10.33,-0.16660,-0.12442
stec8|S4061B,60200,11.36,-0.18714,-0.14597
stec8|S4061B,100000,-2.9,-0.11035,0.05397
stec8|S4061B,100000,-1.87,-0.02806,0.03509
stec8|S4061B,100000,-0.84,-0.01692,-0.00838
stec8|S4061B,100000,0.18,-0.00056,-0.01983
stec8|S4061B,100000,1.2,0.01692,-0.04084
stec8|S4061B,100000,2.22,0.03670,-0.06574
stec8|S4061B,100000,3.24,0.03989,-0.07466
stec8|S4061B,100000,4.26,0.03989,-0.08413
stec8|S4061B,100000,5.28,0.03989,-0.09327
stec8|S4061B,100000,6.31,0.03989,-0.11065
stec8|S4061B,100000,7.31,0.03465,-0.11739
stec8|S4061B,100000,8.33,0.02941,-0.11429
stec8|S4061B,100000,9.34,-0.00231,-0.10565
stec8|S4061B,100000,10.35,-0.02897,-0.11277
stec8|S4061B,100000,11.37,-0.00770,-0.15281
stec8|S4061B,150800,-1.87,-0.00035,-0.01123
stec8|S4061B,150800,0.16,0.01876,-0.03803
stec8|S4061B,150800,2.23,0.05076,-0.06140
stec8|S4061B,150800,4.25,0.05257,-0.07660
stec8|S4061B,150800,6.31,0.05257,-0.09273
stec8|S4061B,150800,7.33,0.04733,-0.10107
stec8|S4061B,150800,8.34,0.03734,-0.09105
stec8|S4061B,150800,9.34,0.01033,-0.09086
stec8|S4061B,150800,10.36,0.00519,-0.09645
stec8|S4061B,198900,-4.97,-0.11367,0.05922
stec8|S4061B,198900,-3.99,-0.08277,0.01986
stec8|S4061B,198900,-2.95,-0.00938,0.00493
stec8|S4061B,198900,-1.91,0.01020,-0.02115
stec8|S4061B,198900,-0.91,0.01977,-0.03055
stec8|S4061B,198900,0.16,0.02270,-0.04894
stec8|S4061B,198900,1.16,0.03200,-0.05579
stec8|S4061B,198900,2.21,0.05178,-0.06097
stec8|S4061B,198900,3.24,0.05358,-0.06790
stec8|S4061B,198900,4.24,0.05358,-0.07606
stec8|S4061B,198900,5.28,0.05358,-0.08424
stec8|S4061B,198900,6.3,0.05358,-0.09134
stec8|S4061B,198900,7.32,0.04834,-0.10040
stec8|S4061B,198900,8.34,0.03733,-0.08943
stec8|S4061B,198900,9.35,0.00822,-0.08717
stec8|S4061B,198900,10.35,-0.00725,-0.09607
stec8|S4061B,198900,11.36,0.05905,-0.12400
stec8|S4061B,300300,-3.92,-0.03710,0.01110
stec8|S4061B,300300,-2.91,0.02244,-0.00616
stec8|S4061B,300300,-1.87,0.03509,-0.02397
stec8|S4061B,300300,-0.85,0.03802,-0.03774
stec8|S4061B,300300,0.18,0.03941,-0.04744
stec8|S4061B,300300,1.2,0.04732,-0.05179
stec8|S4061B,300300,2.21,0.06710,-0.05785
stec8|S4061B,300300,3.22,0.06890,-0.06520
stec8|S4061B,300300,4.25,0.06890,-0.07336
stec8|S4061B,300300,5.24,0.06890,-0.08145
stec8|S4062,59300,-2.9,-0.22737,0.16930
stec8|S4062,59300,-1.88,-0.20996,0.14644
stec8|S4062,59300,-0.86,-0.17386,0.11785
stec8|S4062,59300,0.16,-0.15242,0.10498
stec8|S4062,59300,1.17,-0.13200,0.09186
stec8|S4062,59300,2.21,-0.05443,0.07625
stec8|S4062,59300,3.23,-0.01774,0.03307
stec8|S4062,59300,4.26,0.00133,-0.00714
stec8|S4062,59300,5.29,-0.00018,-0.02757
stec8|S4062,59300,6.3,0.00462,-0.06687
stec8|S4062,59300,7.32,0.01140,-0.09324
stec8|S4062,59300,8.33,-0.02203,-0.07434
stec8|S4062,59300,9.35,-0.15218,-0.06955
stec8|S4062,59300,10.35,-0.26516,-0.07508
stec8|S4062,59300,11.35,-0.24670,-0.07323
stec8|S4062,98900,-3.9,-0.19813,0.11272
stec8|S4062,98900,-2.89,-0.09262,0.09873
stec8|S4062,98900,-1.86,-0.04052,0.09881
stec8|S4062,98900,-0.84,-0.00569,0.04614
stec8|S4062,98900,0.18,0.02087,0.03715
stec8|S4062,98900,1.21,0.02848,0.00289
stec8|S4062,98900,2.23,0.05806,-0.02024
stec8|S4062,98900,3.25,0.06474,-0.04359
stec8|S4062,98900,4.27,0.05184,-0.05481
stec8|S4062,98900,5.29,0.04936,-0.06474
stec8|S4062,98900,6.31,0.04936,-0.09479
stec8|S4062,98900,7.33,0.02140,-0.09624
stec8|S4062,98900,8.34,-0.01921,-0.06756
stec8|S4062,98900,9.34,-0.04563,-0.07028
stec8|S4062,98900,10.36,-0.09090,-0.07408
stec8|S4062,150200,-3.92,-0.08530,0.05386
stec8|S4062,150200,-2.88,-0.03006,0.04557
stec8|S4062,150200,-1.84,0.00804,0.00510
stec8|S4062,150200,-0.82,0.02802,0.00154
stec8|S4062,150200,0.18,0.04082,-0.01900
stec8|S4062,150200,1.19,0.05154,-0.02275
stec8|S4062,150200,2.22,0.05898,-0.04211
stec8|S4062,150200,3.25,0.05898,-0.05331
stec8|S4062,150200,4.27,0.05898,-0.06012
stec8|S4062,150200,5.29,0.05898,-0.05739
stec8|S4062,150200,6.31,0.05898,-0.07348
stec8|S4062,150200,7.32,0.02165,-0.06152
stec8|S4062,150200,8.34,-0.01020,-0.05165
stec8|S4062,150200,9.34,-0.01194,-0.05817
stec8|S4062,150200,10.35,-0.03752,-0.05937
stec8|S4062,150200,11.36,0.00187,-0.07277
stec8|S4062,201600,-4.93,-0.06668,0.03957
stec8|S4062,201600,-3.95,-0.02816,0.01997
stec8|S4062,201600,-2.9,-0.00511,0.00213
stec8|S4062,201600,-1.86,0.03069,-0.00384
stec8|S4062,201600,-0.85,0.03897,-0.02215
stec8|S4062,201600,0.19,0.04301,-0.02108
stec8|S4062,201600,1.21,0.05397,-0.03758
stec8|S4062,201600,2.23,0.05898,-0.04226
stec8|S4062,201600,3.26,0.05898,-0.05036
stec8|S4062,201600,4.28,0.05898,-0.05356
stec8|S4062,201600,5.3,0.05898,-0.04839
stec8|S4062,201600,6.31,0.05898,-0.06572
stec8|S4062,201600,7.33,0.01151,-0.05496
stec8|S4062,201600,8.34,-0.01962,-0.04792
stec8|S4062,201600,9.35,-0.01194,-0.05014
stec8|S4062,201600,10.36,-0.01636,-0.05738
stec8|S4062,201600,11.36,0.01404,-0.07343
stec8|S4062,304900,-3.91,0.02280,0.00598
stec8|S4062,304900,-2.88,0.03606,-0.00439
stec8|S4062,304900,-1.86,0.04689,-0.01063
stec8|S4062,304900,-0.86,0.05244,-0.01847
stec8|S4062,304900,0.17,0.05429,-0.02472
stec8|S4062,304900,1.19,0.06282,-0.03191
stec8|S4062,304900,2.23,0.06784,-0.03689
stec8|S4062,304900,3.25,0.06784,-0.04495
stec8|S4062,304900,4.26,0.06784,-0.03919
stec8|S4062,304900,5.29,0.06784,-0.04458
stec8|S4062,304900,6.31,0.05757,-0.05332
stec8|S4180,106400,-2.91,-0.01971,0.01681
stec8|S4180,106400,-0.88,0.03364,-0.01499
stec8|S4180,106400,1.16,0.04403,-0.03239
stec8|S4180,106400,3.23,0.04994,-0.05311
stec8|S4180,106400,5.26,0.04994,-0.06958
stec8|S4180,106400,7.29,0.02495,-0.08199
stec8|S4180,106400,8.32,-0.00022,-0.07668
stec8|S4180,106400,9.33,-0.03577,-0.06992
stec8|S4180,106400,10.33,-0.04994,-0.06670
stec8|S4180,106400,11.34,-0.01919,-0.08953
stec8|S4180,201800,-2.92,0.02199,0.00343
stec8|S4180,201800,-0.86,0.04046,-0.01197
stec8|S4180,201800,1.18,0.05397,-0.01241
stec8|S4180,201800,3.23,0.05898,-0.03033
stec8|S4180,201800,5.27,0.05898,-0.04544
stec8|S4180,201800,7.3,0.02372,-0.04485
stec8|S4180,201800,8.32,-0.00616,-0.04803
stec8|S4180,201800,9.33,-0.03530,-0.04369
stec8|S4180,201800,10.32,-0.04507,-0.03956
stec8|S4180,201800,11.34,-0.00255,-0.05115
stec8|S4180,304700,-2.95,0.04946,0.01319
stec8|S4180,304700,-1.93,0.04588,-0.00326
stec8|S4180,304700,-0.87,0.04932,-0.00586
stec8|S4180,304700,0.14,0.05632,-0.00760
stec8|S4180,304700,1.17,0.06282,-0.00779
stec8|S4180,304700,2.19,0.06708,-0.01277
stec8|S4180,304700,3.2,0.06784,-0.02575
stec8|S4180,304700,4.24,0.06784,-0.03006
stec8|S4180,304700,5.26,0.06784,-0.03789
stec8|S4180,304700,6.28,0.05765,-0.04460
stec8|S4180,304700,7.3,0.03258,-0.03834
stec8|S4180,304700,8.32,-0.01980,-0.03924
stec8|S4180,304700,9.32,-0.03168,-0.03820
stec8|S4180,304700,10.32,-0.03976,-0.03360
stec8|S4233,60300,-2.92,-0.11353,0.07451
stec8|S4233,60300,-1.9,-0.06774,0.07742
stec8|S4233,60300,-0.88,-0.00967,0.02950
stec8|S4233,60300,0.15,0.03320,0.00664
stec8|S4233,60300,1.16,0.04839,-0.01212
stec8|S4233,101300,-6.97,-0.17980,0.05664
stec8|S4233,101300,-5.97,-0.15698,0.05344
stec8|S4233,101300,-4.94,-0.06973,0.04652
stec8|S4233,101300,-3.94,-0.05810,0.01876
stec8|S4233,101300,-2.91,0.01267,0.00516
stec8|S4233,101300,-1.9,0.05563,0.00108
stec8|S4233,101300,-0.89,0.06821,-0.03433
stec8|S4233,101300,0.15,0.06372,-0.06209
stec8|S4233,101300,1.17,0.06833,-0.06826
stec8|S4233,101300,2.19,0.06923,-0.06985
stec8|S4233,101300,3.22,0.07774,-0.07838
stec8|S4233,101300,4.23,0.07774,-0.08425
stec8|S4233,101300,5.25,0.08222,-0.08849
stec8|S4233,101300,6.28,0.08222,-0.09321
stec8|S4233,101300,7.3,0.08222,-0.09927
stec8|S4233,101300,8.33,0.06819,-0.09407
stec8|S4233,101300,9.34,0.07267,-0.08864
stec8|S4233,101300,10.35,0.07728,-0.05802
stec8|S4233,101300,11.35,0.09617,-0.07108
stec8|S4233,127300,-4.97,-0.06275,0.04282
stec8|S4233,127300,-3.95,-0.02825,0.00626
stec8|S4233,127300,-2.92,0.01810,-0.00930
stec8|S4233,127300,-1.9,0.05862,-0.00427
stec8|S4233,127300,-0.87,0.06372,-0.02778
stec8|S4233,127300,0.13,0.06372,-0.04757
stec8|S4233,127300,1.16,0.06923,-0.05845
stec8|S4233,127300,2.18,0.07774,-0.05712
stec8|S4233,127300,3.2,0.07774,-0.06615
stec8|S4233,127300,4.23,0.07774,-0.07749
stec8|S4233,127300,5.25,0.07774,-0.07665
stec8|S4233,127300,6.27,0.07774,-0.08268
stec8|S4233,127300,7.28,0.07592,-0.08591
stec8|S4233,127300,8.3,0.06819,-0.08371
stec8|S4233,127300,9.33,0.07267,-0.09212
stec8|S4233,150200,-4.94,-0.06250,0.01877
stec8|S4233,150200,-3.92,-0.02339,0.00318
stec8|S4233,150200,-2.91,0.04462,-0.01102
stec8|S4233,150200,-1.89,0.06048,-0.01520
stec8|S4233,150200,-0.86,0.06397,-0.03280
stec8|S4233,150200,0.16,0.06397,-0.04339
stec8|S4233,150200,1.18,0.07124,-0.05283
stec8|S4233,150200,2.2,0.07799,-0.06116
stec8|S4233,150200,3.24,0.07799,-0.06311
stec8|S4233,150200,4.25,0.07799,-0.07352
stec8|S4233,150200,5.28,0.07799,-0.07283
stec8|S4233,150200,6.3,0.07799,-0.08529
stec8|S4233,150200,7.32,0.07617,-0.08324
stec8|S4233,150200,8.35,0.06844,-0.08019
stec8|S4233,150200,9.35,0.07292,-0.07360
stec8|S4233,150200,10.37,0.07923,-0.02834
stec8|S4233,200200,-5.05,-0.03176,-0.00301
stec8|S4233,200200,-3.99,-0.02209,-0.01590
stec8|S4233,200200,-2.97,0.04661,-0.01761
stec8|S4233,200200,-1.94,0.05171,-0.02522
stec8|S4233,200200,-0.9,0.05520,-0.03592
stec8|S4233,200200,0.13,0.05520,-0.04133
stec8|S4233,200200,1.15,0.05980,-0.04996
stec8|S4233,200200,2.18,0.06922,-0.05176
stec8|S4233,200200,3.22,0.06922,-0.06119
stec8|S4233,200200,4.24,0.06922,-0.06828
stec8|S4233,200200,5.27,0.06922,-0.06866
stec8|S4233,200200,6.3,0.06922,-0.06892
stec8|S4233,200200,7.31,0.06740,-0.06914
stec8|S4233,200200,8.34,0.05967,-0.06589
stec8|S4233,200200,9.36,0.06417,-0.04679
stec8|S4233,200200,10.36,0.06123,-0.01373
stec8|S4233,305100,-5.97,-0.00482,-0.00850
stec8|S4233,305100,-4.95,0.00230,-0.01376
stec8|S4233,305100,-3.98,0.00695,-0.01629
stec8|S4233,305100,-2.98,0.05290,-0.01791
stec8|S4233,305100,-1.98,0.05242,-0.02244
stec8|S4233,305100,-0.98,0.05591,-0.03451
stec8|S4233,305100,0.11,0.05591,-0.03837
stec8|S4233,305100,1.17,0.06052,-0.04236
stec8|S4233,305100,2.17,0.06319,-0.04577
stec8|S4233,305100,3.23,0.06993,-0.05710
stec8|S4233,305100,4.25,0.06993,-0.06579
stec8|S4233,305100,5.27,0.06993,-0.06590
stec8|S4233,305100,6.29,0.06811,-0.06509
stec8|S4233,305100,7.32,0.08162,-0.06557
stec8|S4233,305100,8.34,0.09608,-0.06232
stec8|S4233,305100,9.34,0.11255,-0.03815
stec8|S4233,305100,10.35,0.09038,-0.01226
stec8|S4233,305100,11.35,0.12706,-0.03122
stec8|SD2030,101000,-2.94,-0.15523,0.13322
stec8|SD2030,101000,-0.91,-0.11643,0.08195
stec8|SD2030,101000,0.11,-0.10362,0.05962
stec8|SD2030,101000,1.66,-0.08411,0.01501
stec8|SD2030,101000,3.19,0.00939,-0.01389
stec8|SD2030,101000,4.72,0.01620,-0.06348
stec8|SD2030,101000,6.27,0.00273,-0.06511
stec8|SD2030,101000,7.76,-0.05501,-0.06482
stec8|SD2030,150200,-2.94,-0.15404,0.10554
stec8|SD2030,150200,-1.39,-0.10350,0.07008
stec8|SD2030,150200,0.13,-0.07087,0.01983
stec8|SD2030,150200,1.66,-0.02911,0.00167
stec8|SD2030,150200,3.23,0.02305,-0.03948
stec8|SD2030,150200,4.74,0.02305,-0.05742
stec8|SD2030,150200,6.26,-0.00831,-0.06032
stec8|SD2030,150200,7.78,-0.04303,-0.05993
stec8|SD2030,150200,9.32,-0.04878,-0.07690
stec8|SD2030,150200,10.81,-0.08210,-0.07217
stec8|SD2030,198100,-3.96,-0.14649,0.10502
stec8|SD2030,198100,-2.94,-0.11445,0.08012
stec8|SD2030,198100,-1.93,-0.06772,0.06107
stec8|SD2030,198100,-0.9,-0.04983,0.03532
stec8|SD2030,198100,0.14,-0.03161,0.01788
stec8|SD2030,198100,1.18,-0.02140,0.00277
stec8|SD2030,198100,2.2,0.01409,-0.01669
stec8|SD2030,198100,3.23,0.02440,-0.04023
stec8|SD2030,198100,4.23,0.02440,-0.04891
stec8|SD2030,198100,5.25,0.02147,-0.05205
stec8|SD2030,198100,6.27,-0.00696,-0.05429
stec8|SD2030,198100,7.28,-0.03845,-0.05254
stec8|SD2030,198100,8.3,-0.03845,-0.05708
stec8|SD2030,198100,9.3,-0.04170,-0.07084
stec8|SD2030,198100,10.31,-0.04302,-0.05910
stec8|SD2030,303800,-5.08,-0.08057,0.08033
stec8|SD2030,303800,-4.07,-0.08832,0.06640
stec8|SD2030,303800,-2.91,-0.04792,0.05605
stec8|SD2030,303800,-1.92,-0.01665,0.04006
stec8|SD2030,303800,-0.95,-0.01098,0.02245
stec8|SD2030,303800,0.11,0.00401,0.00445
stec8|SD2030,303800,1.07,0.01447,-0.01170
stec8|SD2030,303800,2.16,0.02831,-0.02665
stec8|SD2030,303800,3.2,0.03615,-0.04075
stec8|SD2030,303800,4.22,0.03615,-0.04386
stec8|SD2030,303800,5.24,0.02268,-0.04992
stec8|SD2030,303800,6.26,-0.01831,-0.05291
stec8|SD2030,303800,7.28,-0.01825,-0.05222
stec8|SD2030,303800,8.3,-0.01825,-0.05621
stec8|SD2030,303800,9.3,-0.01708,-0.06788
stec8|SD2083,63300,-3.95,-0.26229,0.11853
stec8|SD2083,63300,-2.92,-0.20581,0.11928
stec8|SD2083,63300,-1.9,-0.20023,0.11206
stec8|SD2083,63300,-0.88,-0.17310,0.07035
stec8|SD2083,63300,0.15,-0.17012,0.06921
stec8|SD2083,63300,1.18,-0.16552,0.05682
stec8|SD2083,63300,2.21,-0.09665,0.04058
stec8|SD2083,63300,3.23,-0.06190,-0.02159
stec8|SD2083,63300,4.25,-0.04218,-0.04865
stec8|SD2083,63300,5.27,-0.04218,-0.09110
stec8|SD2083,63300,6.28,-0.04218,-0.10172
stec8|SD2083,63300,7.29,-0.04627,-0.10579
stec8|SD2083,63300,8.3,-0.10845,-0.10003
stec8|SD2083,63300,9.31,-0.20956,-0.11093
stec8|SD2083,101200,-3.93,-0.23976,0.10051
stec8|SD2083,101200,-2.9,-0.18691,0.09453
stec8|SD2083,101200,-1.88,-0.14386,0.07539
stec8|SD2083,101200,-0.85,-0.08921,0.03118
stec8|SD2083,101200,0.17,-0.04595,0.00339
stec8|SD2083,101200,1.2,-0.02166,-0.02942
stec8|SD2083,101200,2.22,-0.00574,-0.04151
stec8|SD2083,101200,3.24,0.01579,-0.06392
stec8|SD2083,101200,4.26,0.01579,-0.08586
stec8|SD2083,101200,5.27,0.01579,-0.09302
stec8|SD2083,101200,6.28,0.01407,-0.09555
stec8|SD2083,101200,7.29,0.00284,-0.09471
stec8|SD2083,101200,8.3,-0.03003,-0.09342
stec8|SD2083,101200,9.31,-0.06408,-0.09854
stec8|SD2083,101200,10.32,-0.06551,-0.10839
stec8|SD2083,101200,11.29,0.00366,-0.13246
stec8|SD2083,200900,-3.91,-0.10564,0.03200
stec8|SD2083,200900,-2.9,-0.05556,0.01728
stec8|SD2083,200900,-1.87,-0.03413,0.01179
stec8|SD2083,200900,-0.83,-0.02115,-0.01772
stec8|SD2083,200900,0.17,-0.00190,-0.03660
stec8|SD2083,200900,1.2,0.00325,-0.04988
stec8|SD2083,200900,2.23,0.01590,-0.05858
stec8|SD2083,200900,3.24,0.02630,-0.07201
stec8|SD2083,200900,4.26,0.02630,-0.07529
stec8|SD2083,200900,5.27,0.02630,-0.08052
stec8|SD2083,200900,6.29,0.01334,-0.07712
stec8|SD2083,200900,7.29,0.00058,-0.07680
stec8|SD2083,200900,8.31,-0.01637,-0.08542
stec8|SD2083,200900,9.31,-0.02833,-0.08588
stec8|SD2083,300700,-3.92,-0.05221,0.01581
stec8|SD2083,300700,-2.9,-0.01307,0.01242
stec8|SD2083,300700,-1.89,-0.00688,-0.00490
stec8|SD2083,300700,-0.85,0.01640,-0.02849
stec8|SD2083,300700,0.18,0.01821,-0.04001
stec8|SD2083,300700,1.19,0.02156,-0.04886
stec8|SD2083,300700,2.21,0.03353,-0.05678
stec8|SD2083,300700,3.24,0.04461,-0.06359
stec8|SD2083,300700,4.24,0.04461,-0.06400
stec8|SD2083,300700,5.27,0.04288,-0.06734
stec8|SD5060,60000,-3.95,-0.21819,0.14894
stec8|SD5060,60000,-2.94,-0.17845,0.14094
stec8|SD5060,60000,-1.92,-0.15675,0.13634
stec8|SD5060,60000,-0.9,-0.15467,0.11756
stec8|SD5060,60000,0.14,-0.13454,0.12279
stec8|SD5060,60000,1.18,-0.10243,0.09655
stec8|SD5060,60000,2.18,-0.06186,0.04714
stec8|SD5060,60000,3.2,-0.03395,-0.00386
stec8|SD5060,60000,4.23,-0.02685,-0.02721
stec8|SD5060,60000,5.25,-0.03101,-0.04481
stec8|SD5060,60000,6.26,-0.02685,-0.04821
stec8|SD5060,60000,7.29,-0.02984,-0.05944
stec8|SD5060,60000,8.3,-0.08525,-0.06511
stec8|SD5060,60000,9.31,-0.14925,-0.08303
stec8|SD5060,60000,10.31,-0.15553,-0.08435
stec8|SD5060,99800,-2.94,-0.14443,0.13222
stec8|SD5060,99800,-1.91,-0.13592,0.11766
stec8|SD5060,99800,-0.87,-0.08940,0.08244
stec8|SD5060,99800,0.15,-0.01803,0.04780
stec8|SD5060,99800,1.19,-0.00168,0.02119
stec8|SD5060,99800,2.2,0.01580,-0.00548
stec8|SD5060,99800,3.21,0.03306,-0.01165
stec8|SD5060,99800,4.23,0.03877,-0.01740
stec8|SD5060,99800,5.25,0.03877,-0.03118
stec8|SD5060,99800,6.27,0.03578,-0.03012
stec8|SD5060,99800,7.29,0.03103,-0.04400
stec8|SD5060,99800,8.31,0.02930,-0.05179
stec8|SD5060,99800,9.32,0.01844,-0.06600
stec8|SD5060,99800,10.32,-0.00350,-0.08671
stec8|SD5060,150400,-4.98,-0.16464,0.14198
stec8|SD5060,150400,-3.96,-0.16208,0.13443
stec8|SD5060,150400,-2.92,-0.12559,0.11594
stec8|SD5060,150400,-1.92,-0.06792,0.08866
stec8|SD5060,150400,-0.89,-0.00829,0.05301
stec8|SD5060,150400,0.15,0.00807,0.02955
stec8|SD5060,150400,1.15,0.02057,0.01086
stec8|SD5060,150400,2.19,0.02868,0.00247
stec8|SD5060,150400,3.2,0.04574,-0.00285
stec8|SD5060,150400,4.23,0.05145,-0.00633
stec8|SD5060,150400,5.25,0.05145,-0.02120
stec8|SD5060,150400,6.27,0.04763,-0.02129
stec8|SD5060,150400,7.28,0.04458,-0.03191
stec8|SD5060,150400,8.3,0.03517,-0.03942
stec8|SD5060,150400,9.32,0.02772,-0.05069
stec8|SD5060,150400,10.32,0.04138,-0.06580
stec8|SD5060,150400,11.33,0.11658,-0.12488
stec8|SD5060,202500,-4.96,-0.12421,0.11938
stec8|SD5060,202500,-3.95,-0.11661,0.09681
stec8|SD5060,202500,-2.91,-0.06410,0.08587
stec8|SD5060,202500,-1.9,-0.01842,0.06358
stec8|SD5060,202500,-0.88,-0.00046,0.04559
stec8|SD5060,202500,0.15,0.01865,0.02478
stec8|SD5060,202500,1.17,0.02159,0.00777
stec8|SD5060,202500,2.2,0.02970,0.00072
stec8|SD5060,202500,3.22,0.04675,-0.00360
stec8|SD5060,202500,4.24,0.05247,-0.00626
stec8|SD5060,202500,5.26,0.05247,-0.01924
stec8|SD5060,202500,6.27,0.04472,-0.02130
stec8|SD5060,202500,7.3,0.04559,-0.03170
stec8|SD5060,202500,8.31,0.03221,-0.03805
stec8|SD5060,202500,9.32,0.02873,-0.05037
stec8|SD5060,202500,10.34,0.04164,-0.06416
stec8|SD5060,202500,11.34,0.13735,-0.11422
stec8|SD5060,304100,-6.07,-0.09527,0.10881
stec8|SD5060,304100,-5.05,-0.06370,0.09575
stec8|SD5060,304100,-4.01,-0.04360,0.09468
stec8|SD5060,304100,-2.98,-0.00396,0.07457
stec8|SD5060,304100,-1.93,0.01127,0.05828
stec8|SD5060,304100,-0.91,0.03223,0.05192
stec8|SD5060,304100,0.13,0.03691,0.02441
stec8|SD5060,304100,1.16,0.03829,0.01170
stec8|SD5060,304100,2.19,0.04502,0.00605
stec8|SD5060,304100,3.22,0.06207,0.00109
stec8|SD5060,304100,4.23,0.06779,-0.00289
stec8|SD5060,304100,5.25,0.06479,-0.01497
stec8|SD5060,304100,6.26,0.06091,-0.01739
stec8|SD5060,304100,7.3,0.05456,-0.02779
stec8|SD5060,304100,8.3,0.04753,-0.03841
stec8|SD6060,59100,-6.0,-0.25059,0.13657
stec8|SD6060,59100,-4.97,-0.21062,0.15293
stec8|SD6060,59100,-3.96,-0.20525,0.14555
stec8|SD6060,59100,-2.96,-0.15951,0.11557
stec8|SD6060,59100,-1.93,-0.16273,0.09452
stec8|SD6060,59100,-0.93,-0.16273,0.08728
stec8|SD6060,59100,0.12,-0.13484,0.08597
stec8|SD6060,59100,1.15,-0.08131,0.07133
stec8|SD6060,59100,2.17,-0.04342,0.03300
stec8|SD6060,59100,3.19,-0.02354,0.00241
stec8|SD6060,59100,4.21,-0.01573,-0.02453
stec8|SD6060,59100,5.23,-0.01459,-0.04402
stec8|SD6060,59100,6.25,-0.01459,-0.05856
stec8|SD6060,59100,7.26,-0.01153,-0.05575
stec8|SD6060,59100,8.28,-0.10730,-0.05329
stec8|SD6060,59100,9.28,-0.14767,-0.06373
stec8|SD6060,59100,10.28,-0.16287,-0.06770
stec8|SD6060,100600,-5.98,-0.21394,0.10467
stec8|SD6060,100600,-4.99,-0.19671,0.10531
stec8|SD6060,100600,-3.96,-0.16378,0.10249
stec8|SD6060,100600,-2.95,-0.13204,0.07181
stec8|SD6060,100600,-1.92,-0.11202,0.04434
stec8|SD6060,100600,-0.89,-0.03574,-0.00827
stec8|SD6060,100600,0.16,-0.00255,-0.03250
stec8|SD6060,100600,1.17,0.01123,-0.04540
stec8|SD6060,100600,2.19,0.02642,-0.05379
stec8|SD6060,100600,3.21,0.03145,-0.05998
stec8|SD6060,100600,4.22,0.03537,-0.06544
stec8|SD6060,100600,5.25,0.03537,-0.07141
stec8|SD6060,100600,6.26,0.03537,-0.07211
stec8|SD6060,100600,7.27,0.02695,-0.06594
stec8|SD6060,100600,8.29,-0.00114,-0.06050
stec8|SD6060,100600,9.3,-0.00558,-0.06171
stec8|SD6060,155700,-5.99,-0.17630,0.08377
stec8|SD6060,155700,-4.97,-0.17428,0.07964
stec8|SD6060,155700,-3.95,-0.15471,0.06198
stec8|SD6060,155700,-2.93,-0.07907,0.04465
stec8|SD6060,155700,-1.91,-0.04742,0.01827
stec8|SD6060,155700,-0.89,0.00565,-0.02304
stec8|SD6060,155700,0.13,0.01155,-0.03859
stec8|SD6060,155700,1.15,0.01943,-0.05038
stec8|SD6060,155700,2.18,0.03462,-0.05137
stec8|SD6060,155700,3.21,0.03965,-0.05098
stec8|SD6060,155700,4.23,0.04357,-0.05745
stec8|SD6060,155700,5.24,0.04357,-0.06061
stec8|SD6060,155700,6.27,0.04357,-0.05977
stec8|SD6060,155700,7.27,0.03547,-0.05392
stec8|SD6060,155700,8.28,0.01542,-0.04871
stec8|SD6060,155700,9.31,0.02071,-0.04840
stec8|SD6060,155700,10.29,0.04149,-0.05599
stec8|SD6060,199700,-3.97,-0.09538,0.04720
stec8|SD6060,199700,-2.93,-0.02786,0.03434
stec8|SD6060,199700,-1.92,-0.01562,0.01068
stec8|SD6060,199700,-0.9,0.01281,-0.00866
stec8|SD6060,199700,0.15,0.01155,-0.02803
stec8|SD6060,199700,1.16,0.01943,-0.05028
stec8|SD6060,199700,2.18,0.03462,-0.04880
stec8|SD6060,199700,3.2,0.03812,-0.05098
stec8|SD6060,199700,4.22,0.04357,-0.05745
stec8|SD6060,199700,5.25,0.04357,-0.06061
stec8|SD6060,199700,6.26,0.04064,-0.05868
stec8|SD6060,199700,7.28,0.02057,-0.05392
stec8|SD6060,199700,8.3,0.02191,-0.04469
stec8|SD6060,199700,9.31,0.02191,-0.04840
stec8|SD6060,199700,10.31,0.04588,-0.05332
stec8|SD6060,307400,-3.99,0.00905,0.03511
stec8|SD6060,307400,-2.96,0.04534,0.00656
stec8|SD6060,307400,-1.94,0.02908,0.00603
stec8|SD6060,307400,-0.91,0.03733,-0.00990
stec8|SD6060,307400,0.12,0.03305,-0.02988
stec8|SD6060,307400,1.15,0.03315,-0.04289
stec8|SD6060,307400,2.18,0.04233,-0.04437
stec8|SD6060,307400,3.2,0.05589,-0.04693
stec8|SD6060,307400,4.22,0.06134,-0.05340
stec8|SD6060,307400,5.24,0.06134,-0.05656
stec8|SD6060,307400,6.27,0.07369,-0.05480
stec8|SD6060,307400,7.28,0.03642,-0.05158
stec8|SD6060,307400,8.29,0.04291,-0.04928
stec8|SD6060,307400,9.3,0.04562,-0.04962
stec8|SD6080,59400,-2.9,-0.22429,0.13766
stec8|SD6080,59400,-1.89,-0.20113,0.12218
stec8|SD6080,59400,-0.88,-0.11858,0.09006
stec8|SD6080,59400,0.17,-0.05736,0.05404
stec8|SD6080,59400,1.19,-0.03190,0.02035
stec8|SD6080,59400,2.21,-0.02742,0.00205
stec8|SD6080,59400,3.24,0.01404,-0.02700
stec8|SD6080,59400,4.26,0.00042,-0.04736
stec8|SD6080,59400,5.27,-0.01926,-0.06347
stec8|SD6080,59400,6.29,-0.01787,-0.10256
stec8|SD6080,59400,7.3,-0.01970,-0.12002
stec8|SD6080,59400,8.32,-0.00280,-0.12822
stec8|SD6080,59400,9.33,-0.08449,-0.11653
stec8|SD6080,59400,10.34,-0.17900,-0.11824
stec8|SD6080,59400,11.33,-0.16570,-0.12733
stec8|SD6080,100400,-3.9,-0.22640,0.07412
stec8|SD6080,100400,-2.89,-0.11788,0.03803
stec8|SD6080,100400,-1.88,-0.04386,0.02976
stec8|SD6080,100400,-0.83,-0.00314,-0.01689
stec8|SD6080,100400,0.18,0.02386,-0.03454
stec8|SD6080,100400,1.21,0.03224,-0.04436
stec8|SD6080,100400,2.23,0.04075,-0.06977
stec8|SD6080,100400,3.25,0.04075,-0.07538
stec8|SD6080,100400,4.27,0.04075,-0.08499
stec8|SD6080,100400,5.29,0.04075,-0.08502
stec8|SD6080,100400,6.3,0.04075,-0.10385
stec8|SD6080,100400,7.33,0.03893,-0.11464
stec8|SD6080,100400,8.35,0.03125,-0.10226
stec8|SD6080,100400,9.37,-0.00197,-0.09259
stec8|SD6080,100400,10.36,-0.00670,-0.09285
stec8|SD6080,100400,11.35,0.00046,-0.12617
stec8|SD6080,149700,-1.89,0.02488,-0.00709
stec8|SD6080,149700,0.18,0.03881,-0.04425
stec8|SD6080,149700,2.23,0.04822,-0.06786
stec8|SD6080,149700,3.24,0.04822,-0.07394
stec8|SD6080,149700,4.27,0.04822,-0.07710
stec8|SD6080,149700,6.3,0.04640,-0.10053
stec8|SD6080,149700,7.32,0.04640,-0.11132
stec8|SD6080,149700,8.34,0.03519,-0.09875
stec8|SD6080,149700,9.35,0.02444,-0.09020
stec8|SD6080,200500,-3.94,-0.05707,0.02253
stec8|SD6080,200500,-2.88,0.01214,-0.00984
stec8|SD6080,200500,-1.88,0.03908,-0.02840
stec8|SD6080,200500,-0.84,0.03420,-0.03289
stec8|SD6080,200500,0.13,0.03881,-0.05299
stec8|SD6080,200500,1.17,0.03971,-0.05326
stec8|SD6080,200500,2.21,0.04822,-0.06503
stec8|SD6080,200500,3.23,0.04822,-0.06666
stec8|SD6080,200500,4.26,0.04822,-0.07266
stec8|SD6080,200500,5.27,0.04822,-0.07585
stec8|SD6080,200500,6.31,0.04640,-0.09095
stec8|SD6080,200500,7.32,0.04642,-0.09666
stec8|SD6080,200500,8.35,0.02240,-0.09049
stec8|SD6080,200500,9.35,-0.01047,-0.08161
stec8|SD6080,200500,10.34,-0.00650,-0.08403
stec8|SD6080,200500,11.34,0.03949,-0.11997
stec8|SD6080,301100,-4.93,-0.00870,0.02936
stec8|SD6080,301100,-3.94,-0.00228,-0.00044
stec8|SD6080,301100,-2.91,0.03504,-0.01677
stec8|SD6080,301100,-1.91,0.06023,-0.03185
stec8|SD6080,301100,-0.87,0.04614,-0.02959
stec8|SD6080,301100,0.13,0.05074,-0.04286
stec8|SD6080,301100,1.16,0.05165,-0.04286
stec8|SD6080,301100,2.16,0.06016,-0.05619
stec8|SD6080,301100,3.16,0.06016,-0.06156
stec8|SD6080,301100,4.13,0.06016,-0.06808
stec8|SD6080,301100,5.19,0.05833,-0.07075
stec8|SD6080,301100,6.27,0.05833,-0.08729
stec8|SD6080,301100,7.26,0.06114,-0.08794
stec8|SD6080,301100,8.31,0.02231,-0.08666
stec8|SD7003,60300,-2.95,-0.15411,0.07487
stec8|SD7003,60300,-1.41,-0.14516,0.04838
stec8|SD7003,60300,0.12,-0.13157,0.03142
stec8|SD7003,60300,1.67,-0.07365,-0.02048
stec8|SD7003,60300,3.2,-0.05818,-0.04329
stec8|SD7003,60300,4.73,-0.05034,-0.05001
stec8|SD7003,60300,6.26,-0.06380,-0.06542
stec8|SD7003,60300,7.78,-0.17604,-0.06484
stec8|SD7003,60300,9.3,-0.24436,-0.07209
stec8|SD7003,102000,-2.93,-0.11827,0.07415
stec8|SD7003,102000,-1.41,-0.12149,0.04979
stec8|SD7003,102000,0.13,-0.10308,0.00975
stec8|SD7003,102000,1.67,-0.02451,-0.03855
stec8|SD7003,102000,3.2,-0.00932,-0.03940
stec8|SD7003,102000,4.73,-0.00038,-0.04204
stec8|SD7003,102000,6.26,-0.03174,-0.05710
stec8|SD7003,102000,7.78,-0.06374,-0.06298
stec8|SD7003,102000,9.31,-0.07188,-0.08425
stec8|SD7003,102000,10.81,-0.08460,-0.07169
stec8|SD7003,151800,-2.93,-0.11142,0.06414
stec8|SD7003,151800,-1.4,-0.11160,0.04387
stec8|SD7003,151800,0.13,-0.05005,0.00537
stec8|SD7003,151800,1.67,-0.01766,-0.03430
stec8|SD7003,151800,3.19,-0.00247,-0.03449
stec8|SD7003,151800,4.73,-0.00450,-0.03901
stec8|SD7003,151800,6.26,-0.02488,-0.05002
stec8|SD7003,151800,7.79,-0.05960,-0.05380
stec8|SD7003,151800,9.31,-0.06063,-0.06359
stec8|SD7003,151800,10.82,-0.06672,-0.06012
stec8|SD7003,200800,-2.92,-0.07170,0.05219
stec8|SD7003,200800,-1.4,-0.07189,0.02977
stec8|SD7003,200800,0.14,-0.02069,-0.01209
stec8|SD7003,200800,1.66,-0.01631,-0.03318
stec8|SD7003,200800,3.2,-0.00112,-0.03471
stec8|SD7003,200800,4.74,-0.00325,-0.03831
stec8|SD7003,200800,6.28,-0.02354,-0.04770
stec8|SD7003,200800,7.8,-0.05502,-0.05065
stec8|SD7003,200800,9.31,-0.05655,-0.06243
stec8|SD7003,200800,10.83,-0.02248,-0.06086
stec8|SD7003,200800,11.82,-0.01225,-0.04397
stec8|SD7003,300300,-2.94,-0.03657,0.04993
stec8|SD7003,300300,-1.91,-0.03676,0.03848
stec8|SD7003,300300,-0.9,-0.00575,0.01947
stec8|SD7003,300300,0.14,-0.00608,-0.02044
stec8|SD7003,300300,1.15,-0.00948,-0.02968
stec8|SD7003,300300,2.18,-0.00544,-0.02817
stec8|SD7003,300300,3.2,0.00976,-0.02965
stec8|SD7003,300300,4.23,0.00762,-0.03184
stec8|SD7003,300300,5.25,-0.01266,-0.03580
stec8|SD7003,300300,6.26,-0.02857,-0.04187
stec8|SD7003,300300,7.28,-0.04091,-0.03842
stec8|SD7003,300300,8.31,-0.04091,-0.04498
stec8|SD7003,300300,9.32,-0.04245,-0.05783
stec8|SD7003,300300,10.34,-0.03691,-0.05063
stec8|SD7003,300300,11.32,0.06438,-0.08640
stec8|SD7032B,61200,-3.92,-0.26261,0.15778
stec8|SD7032B,61200,-2.9,-0.22037,0.15306
stec8|SD7032B,61200,-1.89,-0.17605,0.12514
stec8|SD7032B,61200,-0.87,-0.11279,0.08818
stec8|SD7032B,61200,0.17,-0.05736,0.06767
stec8|SD7032B,61200,1.2,-0.02864,0.02426
stec8|SD7032B,61200,2.23,-0.01326,-0.02265
stec8|SD7032B,61200,3.25,-0.01326,-0.05894
stec8|SD7032B,61200,4.26,-0.01326,-0.07300
stec8|SD7032B,61200,5.27,-0.01326,-0.08203
stec8|SD7032B,61200,6.29,-0.01654,-0.10954
stec8|SD7032B,61200,7.31,-0.03471,-0.12282
stec8|SD7032B,61200,8.31,-0.03609,-0.12078
stec8|SD7032B,61200,9.33,-0.04462,-0.14631
stec8|SD7032B,61200,10.34,-0.12850,-0.13352
stec8|SD7032B,61200,11.35,-0.21142,-0.13331
stec8|SD7032B,101300,-3.92,-0.20206,0.09681
stec8|SD7032B,101300,-2.89,-0.14739,0.07233
stec8|SD7032B,101300,-1.86,-0.06138,0.04092
stec8|SD7032B,101300,-0.84,-0.00720,0.00677
stec8|SD7032B,101300,0.19,0.02060,-0.02514
stec8|SD7032B,101300,1.21,0.03224,-0.03780
stec8|SD7032B,101300,2.23,0.04075,-0.05877
stec8|SD7032B,101300,3.25,0.04075,-0.06658
stec8|SD7032B,101300,4.26,0.04075,-0.07467
stec8|SD7032B,101300,5.28,0.03893,-0.08055
stec8|SD7032B,101300,6.3,0.03893,-0.10654
stec8|SD7032B,101300,7.32,0.03120,-0.10564
stec8|SD7032B,101300,8.34,0.02837,-0.10680
stec8|SD7032B,101300,9.35,0.02859,-0.11293
stec8|SD7032B,101300,10.37,0.01589,-0.10721
stec8|SD7032B,101300,11.37,0.01021,-0.11123
stec8|SD7032B,203400,-3.91,-0.07466,0.02890
stec8|SD7032B,203400,-2.88,-0.00457,0.01208
stec8|SD7032B,203400,-1.85,0.01567,0.00150
stec8|SD7032B,203400,-0.83,0.02814,-0.01993
stec8|SD7032B,203400,0.19,0.04113,-0.03852
stec8|SD7032B,203400,1.21,0.04963,-0.04703
stec8|SD7032B,203400,2.24,0.04963,-0.05479
stec8|SD7032B,203400,3.24,0.04963,-0.06005
stec8|SD7032B,203400,4.27,0.04781,-0.06722
stec8|SD7032B,203400,5.3,0.04781,-0.07294
stec8|SD7032B,203400,6.31,0.04781,-0.09414
stec8|SD7032B,203400,7.34,0.04010,-0.09067
stec8|SD7032B,203400,8.34,0.03728,-0.09337
stec8|SD7032B,203400,9.35,0.03041,-0.10115
stec8|SD7032B,203400,10.37,0.02567,-0.09087
stec8|SD7032B,203400,11.38,0.07987,-0.08346
stec8|SD7032B,305400,-3.88,0.01188,0.00046
stec8|SD7032B,305400,-2.87,0.06191,0.00301
stec8|SD7032B,305400,-1.85,0.07852,-0.01540
stec8|SD7032B,305400,-0.83,0.06005,-0.02260
stec8|SD7032B,305400,0.19,0.07258,-0.04037
stec8|SD7032B,305400,1.22,0.07407,-0.04254
stec8|SD7032B,305400,2.22,0.06757,-0.04902
stec8|SD7032B,305400,3.26,0.06757,-0.05394
stec8|SD7032B,305400,4.26,0.06575,-0.06110
stec8|SD7032B,305400,5.3,0.06575,-0.06683
stec8|SD7032B,305400,6.3,0.06577,-0.08440
stec8|SD7032B,305400,7.31,0.05804,-0.08701
stec8|SD7032B,305400,8.34,0.06336,-0.09047
stec8|SD7032B,305400,9.34,0.08213,-0.09406
stec8|SD7032B,305400,10.36,0.08163,-0.08357
stec8|SD7032B,305400,11.37,0.15060,-0.09686
stec8|SD7032C F0,62200,-3.92,-0.27668,0.16587
stec8|SD7032C F0,62200,-2.92,-0.22020,0.17858
stec8|SD7032C F0,62200,-1.88,-0.19398,0.15667
stec8|SD7032C F0,62200,-0.85,-0.16472,0.10680
stec8|SD7032C F0,62200,0.18,-0.06882,0.09018
stec8|SD7032C F0,62200,1.2,-0.04472,0.03892
stec8|SD7032C F0,62200,2.22,-0.02251,0.01202
stec8|SD7032C F0,62200,3.25,-0.01819,-0.03920
stec8|SD7032C F0,62200,4.25,-0.01819,-0.05353
stec8|SD7032C F0,62200,5.27,-0.01819,-0.07600
stec8|SD7032C F0,62200,6.28,-0.01992,-0.10004
stec8|SD7032C F0,62200,7.3,-0.02776,-0.11114
stec8|SD7032C F0,62200,8.32,-0.04144,-0.12418
stec8|SD7032C F0,62200,9.33,-0.06757,-0.13655
stec8|SD7032C F0,102100,-2.89,-0.16268,0.08925
stec8|SD7032C F0,102100,-1.85,-0.04511,0.06144
stec8|SD7032C F0,102100,-0.84,-0.00977,0.03370
stec8|SD7032C F0,102100,0.19,0.01144,0.00172
stec8|SD7032C F0,102100,1.22,0.02661,-0.01640
stec8|SD7032C F0,102100,2.24,0.03978,-0.03477
stec8|SD7032C F0,102100,3.26,0.03978,-0.04411
stec8|SD7032C F0,102100,4.27,0.03978,-0.05412
stec8|SD7032C F0,102100,5.3,0.03806,-0.07526
stec8|SD7032C F0,102100,6.31,0.03806,-0.09214
stec8|SD7032C F0,102100,7.33,0.02624,-0.09520
stec8|SD7032C F0,102100,8.34,0.02247,-0.10047
stec8|SD7032C F0,102100,9.36,0.00395,-0.09427
stec8|SD7032C F0,102100,10.38,-0.00328,-0.09374
stec8|SD7032C F0,102100,11.38,0.01378,-0.09574
stec8|SD7032C F0,151200,-3.91,-0.19867,0.09764
stec8|SD7032C F0,151200,-2.88,-0.07035,0.06405
stec8|SD7032C F0,151200,-1.86,-0.01134,0.03915
stec8|SD7032C F0,151200,-0.85,0.01609,0.00663
stec8|SD7032C F0,151200,0.18,0.02408,-0.01090
stec8|SD7032C F0,151200,1.2,0.04490,-0.02643
stec8|SD7032C F0,151200,2.23,0.04922,-0.03144
stec8|SD7032C F0,151200,3.24,0.04922,-0.03838
stec8|SD7032C F0,151200,4.27,0.04922,-0.04636
stec8|SD7032C F0,151200,5.3,0.04749,-0.06019
stec8|SD7032C F0,151200,6.31,0.04513,-0.07594
stec8|SD7032C F0,151200,7.32,0.03191,-0.07489
stec8|SD7032C F0,151200,8.35,0.03191,-0.08358
stec8|SD7032C F0,151200,9.36,0.01915,-0.08285
stec8|SD7032C F0,151200,10.37,0.01917,-0.08211
stec8|SD7032C F0,151200,11.37,0.07088,-0.10023
stec8|SD7032C F0,200300,-2.89,-0.02252,0.04373
stec8|SD7032C F0,200300,-1.85,0.00210,0.02754
stec8|SD7032C F0,200300,-0.83,0.02180,-0.00167
stec8|SD7032C F0,200300,0.2,0.02514,-0.01470
stec8|SD7032C F0,200300,1.23,0.04597,-0.02375
stec8|SD7032C F0,200300,2.24,0.05029,-0.02875
stec8|SD7032C F0,200300,3.26,0.05029,-0.03570
stec8|SD7032C F0,200300,4.28,0.04856,-0.04848
stec8|SD7032C F0,200300,5.3,0.04856,-0.05583
stec8|SD7032C F0,200300,6.32,0.04110,-0.06962
stec8|SD7032C F0,200300,7.33,0.03298,-0.07081
stec8|SD7032C F0,200300,8.35,0.02022,-0.07797
stec8|SD7032C F0,200300,9.36,0.01736,-0.08106
stec8|SD7032C F0,200300,10.38,0.01836,-0.07712
stec8|SD7032C F0,200300,11.37,0.08798,-0.09536
stec8|SD7032C F0,302000,-2.87,0.02321,0.03388
stec8|SD7032C F0,302000,-1.84,0.03965,0.00959
stec8|SD7032C F0,302000,-0.85,0.04146,-0.00003
stec8|SD7032C F0,302000,0.2,0.04345,-0.01272
stec8|SD7032C F0,302000,1.2,0.06427,-0.01841
stec8|SD7032C F0,302000,2.22,0.06860,-0.02341
stec8|SD7032C F0,302000,3.25,0.06860,-0.02952
stec8|SD7032C F0,302000,4.26,0.06687,-0.03806
stec8|SD7032C F0,302000,5.28,0.06451,-0.05049
stec8|SD7032C F0,302000,6.3,0.05564,-0.06000
stec8|SD7032C F0,302000,7.33,0.05128,-0.06436
stec8|SD7032C F0,302000,8.33,0.04061,-0.07691
stec8|SD7032C F0,302000,9.34,0.03334,-0.07989
stec8|SD7032C F0,302000,10.36,0.02950,-0.07206
stec8|SD7032C F0,302000,11.38,0.14990,-0.07783
stec8|SD7032D,59200,-3.92,-0.27381,0.14934
stec8|SD7032D,59200,-2.91,-0.22037,0.14951
stec8|SD7032D,59200,-1.89,-0.17605,0.12123
stec8|SD7032D,59200,-0.85,-0.11279,0.08153
stec8|SD7032D,59200,0.19,-0.07076,0.06483
stec8|SD7032D,59200,1.2,-0.03190,0.02414
stec8|SD7032D,59200,2.23,-0.01326,-0.01341
stec8|SD7032D,59200,3.26,-0.01326,-0.06285
stec8|SD7032D,59200,4.26,-0.01326,-0.07691
stec8|SD7032D,59200,5.29,-0.01471,-0.08389
stec8|SD7032D,59200,6.31,-0.01805,-0.11098
stec8|SD7032D,59200,7.32,-0.03471,-0.12289
stec8|SD7032D,59200,8.33,-0.03863,-0.13549
stec8|SD7032D,59200,9.33,-0.05080,-0.15118
stec8|SD7032D,59200,10.36,-0.12332,-0.12905
stec8|SD7032D,59200,11.34,-0.21842,-0.14657
stec8|SD7032D,99800,-4.96,-0.28349,0.09079
stec8|SD7032D,99800,-3.91,-0.20970,0.09911
stec8|SD7032D,99800,-2.89,-0.14739,0.07233
stec8|SD7032D,99800,-1.89,-0.06299,0.04173
stec8|SD7032D,99800,-0.85,-0.00720,0.01210
stec8|SD7032D,99800,0.2,0.02060,-0.02563
stec8|SD7032D,99800,1.21,0.03224,-0.03829
stec8|SD7032D,99800,2.23,0.04075,-0.05880
stec8|SD7032D,99800,3.25,0.04075,-0.06707
stec8|SD7032D,99800,4.26,0.04075,-0.07516
stec8|SD7032D,99800,5.28,0.03893,-0.08104
stec8|SD7032D,99800,6.3,0.03893,-0.10703
stec8|SD7032D,99800,7.31,0.03120,-0.10613
stec8|SD7032D,99800,8.34,0.02837,-0.10729
stec8|SD7032D,99800,9.35,0.02346,-0.11315
stec8|SD7032D,99800,10.35,0.01076,-0.11348
stec8|SD7032D,99800,11.35,0.00798,-0.12937
stec8|SD7032D,147800,-5.97,-0.29057,0.07261
stec8|SD7032D,147800,-4.93,-0.25741,0.07444
stec8|SD7032D,147800,-3.9,-0.18257,0.05800
stec8|SD7032D,147800,-2.87,-0.06003,0.03589
stec8|SD7032D,147800,-1.87,-0.03120,0.01268
stec8|SD7032D,147800,-0.86,0.01575,-0.00612
stec8|SD7032D,147800,0.16,0.02974,-0.03585
stec8|SD7032D,147800,1.2,0.04396,-0.04644
stec8|SD7032D,147800,2.23,0.04396,-0.05606
stec8|SD7032D,147800,3.24,0.04396,-0.06468
stec8|SD7032D,147800,4.27,0.04396,-0.07138
stec8|SD7032D,147800,5.28,0.04214,-0.07754
stec8|SD7032D,147800,6.3,0.04214,-0.09862
stec8|SD7032D,147800,7.34,0.03443,-0.09845
stec8|SD7032D,147800,8.34,0.03157,-0.10376
stec8|SD7032D,147800,9.34,0.03325,-0.10705
stec8|SD7032D,147800,10.35,0.00625,-0.10534
stec8|SD7032D,147800,11.37,0.04145,-0.09768
stec8|SD7032D,199100,-6.0,-0.22035,0.03517
stec8|SD7032D,199100,-4.98,-0.14565,0.05555
stec8|SD7032D,199100,-3.89,-0.07607,0.03119
stec8|SD7032D,199100,-2.89,-0.00598,0.01532
stec8|SD7032D,199100,-1.87,0.01426,0.00499
stec8|SD7032D,199100,-0.88,0.02673,-0.02048
stec8|SD7032D,199100,0.18,0.03971,-0.03852
stec8|SD7032D,199100,1.2,0.04822,-0.04703
stec8|SD7032D,199100,2.23,0.04822,-0.05479
stec8|SD7032D,199100,3.24,0.04822,-0.06005
stec8|SD7032D,199100,4.27,0.04640,-0.06722
stec8|SD7032D,199100,5.28,0.04640,-0.07294
stec8|SD7032D,199100,6.3,0.04640,-0.09414
stec8|SD7032D,199100,7.33,0.03869,-0.09067
stec8|SD7032D,199100,8.32,0.03587,-0.09422
stec8|SD7032D,199100,9.35,0.02900,-0.10115
stec8|SD7032D,199100,10.35,0.02426,-0.09664
stec8|SD7032D,199100,11.37,0.06771,-0.09487
stec8|SD7032D,302600,-5.94,-0.10461,0.03907
stec8|SD7032D,302600,-4.95,-0.08727,0.04090
stec8|SD7032D,302600,-3.92,-0.00560,0.00162
stec8|SD7032D,302600,-2.9,0.03398,0.00417
stec8|SD7032D,302600,-1.9,0.03589,-0.01424
stec8|SD7032D,302600,-0.88,0.04388,-0.02352
stec8|SD7032D,302600,0.17,0.04939,-0.03921
stec8|SD7032D,302600,1.17,0.05537,-0.04138
stec8|SD7032D,302600,2.2,0.05789,-0.04786
stec8|SD7032D,302600,3.21,0.05789,-0.05570
stec8|SD7032D,302600,4.24,0.05607,-0.06249
stec8|SD7032D,302600,5.29,0.05607,-0.06821
stec8|SD7032D,302600,6.28,0.05610,-0.08578
stec8|SD7032D,302600,7.3,0.04837,-0.08840
stec8|SD7032D,302600,8.35,0.04719,-0.09186
stec8|SD7032D,302600,9.33,0.03951,-0.10669
stec8|SD7032D,302600,10.35,0.03901,-0.09073
stec8|SD7032D,302600,11.36,0.10798,-0.10835
stec8|SD7037,62600,-3.95,-0.26105,0.10554
stec8|SD7037,62600,-2.95,-0.21341,0.10762
stec8|SD7037,62600,-1.92,-0.20783,0.09270
stec8|SD7037,62600,-0.9,-0.18069,0.07095
stec8|SD7037,62600,0.13,-0.16539,0.05632
stec8|SD7037,62600,1.16,-0.08200,0.04645
stec8|SD7037,62600,2.19,-0.04334,-0.00232
stec8|SD7037,62600,3.22,-0.01819,-0.05069
stec8|SD7037,62600,4.24,-0.01819,-0.07592
stec8|SD7037,62600,5.26,-0.01819,-0.08526
stec8|SD7037,62600,6.27,-0.01992,-0.09907
stec8|SD7037,62600,7.29,-0.02228,-0.11671
stec8|SD7037,62600,8.31,-0.05670,-0.10911
stec8|SD7037,103900,-2.95,-0.19120,0.08234
stec8|SD7037,103900,-1.93,-0.15314,0.05484
stec8|SD7037,103900,-0.9,-0.08852,0.01454
stec8|SD7037,103900,0.14,-0.03130,-0.00112
stec8|SD7037,103900,1.16,0.01144,-0.03232
stec8|SD7037,103900,2.19,0.03546,-0.04951
stec8|SD7037,103900,3.22,0.03978,-0.06990
stec8|SD7037,103900,4.23,0.03978,-0.07308
stec8|SD7037,103900,5.26,0.03978,-0.08157
stec8|SD7037,103900,6.26,0.03806,-0.09354
stec8|SD7037,103900,7.27,0.02683,-0.09502
stec8|SD7037,103900,8.3,0.00553,-0.08921
stec8|SD7037,103900,9.31,-0.00331,-0.08730
stec8|SD7037,103900,10.3,-0.02350,-0.09437
stec8|SD7037,153400,-2.98,-0.15396,0.04713
stec8|SD7037,153400,-1.92,-0.11393,0.02903
stec8|SD7037,153400,-0.89,-0.02186,0.00029
stec8|SD7037,153400,0.14,0.00968,-0.02286
stec8|SD7037,153400,1.17,0.02408,-0.04539
stec8|SD7037,153400,2.17,0.04490,-0.05733
stec8|SD7037,153400,3.23,0.04922,-0.06419
stec8|SD7037,153400,4.22,0.04922,-0.06554
stec8|SD7037,153400,5.24,0.04749,-0.07274
stec8|SD7037,153400,6.26,0.04513,-0.07955
stec8|SD7037,153400,7.28,0.03627,-0.08089
stec8|SD7037,153400,8.3,0.02072,-0.07903
stec8|SD7037,153400,9.3,0.00489,-0.07794
stec8|SD7037,153400,10.32,0.01112,-0.08157
stec8|SD7037,204200,-2.97,-0.08139,0.01980
stec8|SD7037,204200,-1.91,-0.04307,0.01211
stec8|SD7037,204200,-0.89,-0.00504,-0.00173
stec8|SD7037,204200,0.13,0.03040,-0.03140
stec8|SD7037,204200,1.16,0.03555,-0.04592
stec8|SD7037,204200,2.18,0.05638,-0.05322
stec8|SD7037,204200,3.22,0.06070,-0.06128
stec8|SD7037,204200,4.23,0.06070,-0.06305
stec8|SD7037,204200,5.26,0.05897,-0.06822
stec8|SD7037,204200,6.26,0.04774,-0.07189
stec8|SD7037,204200,7.28,0.03706,-0.07313
stec8|SD7037,204200,8.28,0.03271,-0.07746
stec8|SD7037,204200,9.31,0.04702,-0.07483
stec8|SD7037,204200,10.35,0.02056,-0.07737
stec8|SD7037,204200,11.32,0.07359,-0.12583
stec8|SD7037,302900,-2.96,-0.02346,0.00581
stec8|SD7037,302900,-1.93,0.00892,0.00033
stec8|SD7037,302900,-0.93,0.03041,-0.01553
stec8|SD7037,302900,0.09,0.04011,-0.03564
stec8|SD7037,302900,1.01,0.04345,-0.04856
stec8|SD7037,302900,2.16,0.06427,-0.04819
stec8|SD7037,302900,3.18,0.06860,-0.05472
stec8|SD7037,302900,4.2,0.06687,-0.05777
stec8|SD7037,302900,5.23,0.06451,-0.06319
stec8|SD7037,302900,6.25,0.05564,-0.06578
stec8|SD7037,302900,7.27,0.04496,-0.06701
stec8|SD7037,302900,8.28,0.03334,-0.07353
stec8|SD7037,302900,9.3,0.02366,-0.07130
stec8|SD7037,302900,10.32,-0.00205,-0.07642
stec8|SD7043,61600,-3.9,-0.25106,0.13197
stec8|SD7043,61600,-2.89,-0.22322,0.11157
stec8|SD7043,61600,-1.87,-0.20169,0.09343
stec8|SD7043,61600,-0.86,-0.15466,0.06868
stec8|SD7043,61600,0.17,-0.15389,0.06014
stec8|SD7043,61600,1.22,-0.09697,0.04139
stec8|SD7043,61600,2.24,-0.03214,0.00513
stec8|SD7043,61600,3.27,-0.01039,-0.05263
stec8|SD7043,61600,4.29,-0.01039,-0.09153
stec8|SD7043,61600,5.3,-0.01039,-0.10630
stec8|SD7043,61600,6.31,-0.01039,-0.13627
stec8|SD7043,61600,7.33,-0.03754,-0.12657
stec8|SD7043,61600,8.35,-0.12443,-0.11253
stec8|SD7043,61600,9.35,-0.17440,-0.13137
stec8|SD7043,61600,10.34,-0.24435,-0.13292
stec8|SD7043,61600,11.31,-0.22335,-0.10301
stec8|SD7043,103800,-3.91,-0.22797,0.09728
stec8|SD7043,103800,-2.9,-0.19003,0.07671
stec8|SD7043,103800,-1.87,-0.11606,0.03646
stec8|SD7043,103800,-0.85,-0.05916,0.00211
stec8|SD7043,103800,0.18,-0.03579,-0.00636
stec8|SD7043,103800,1.22,0.01214,-0.03454
stec8|SD7043,103800,2.25,0.04032,-0.06661
stec8|SD7043,103800,3.27,0.04274,-0.08091
stec8|SD7043,103800,4.28,0.04274,-0.09344
stec8|SD7043,103800,5.3,0.04364,-0.09937
stec8|SD7043,103800,6.3,0.04364,-0.11298
stec8|SD7043,103800,7.33,0.00623,-0.10452
stec8|SD7043,103800,8.34,-0.00334,-0.10266
stec8|SD7043,103800,9.35,-0.01926,-0.10455
stec8|SD7043,103800,10.37,-0.05036,-0.11246
stec8|SD7043,103800,11.36,-0.03593,-0.14430
stec8|SD7043,154900,-3.89,-0.18088,0.05082
stec8|SD7043,154900,-2.88,-0.12444,0.01992
stec8|SD7043,154900,-1.85,-0.05012,-0.00459
stec8|SD7043,154900,-0.83,-0.03539,-0.00818
stec8|SD7043,154900,0.2,0.01277,-0.03763
stec8|SD7043,154900,1.22,0.04524,-0.05249
stec8|SD7043,154900,2.25,0.05268,-0.06426
stec8|SD7043,154900,3.27,0.05268,-0.07670
stec8|SD7043,154900,4.29,0.05268,-0.08312
stec8|SD7043,154900,5.31,0.05268,-0.08724
stec8|SD7043,154900,6.33,0.04332,-0.09260
stec8|SD7043,154900,7.34,0.01370,-0.09592
stec8|SD7043,154900,8.35,0.00061,-0.08809
stec8|SD7043,154900,9.37,0.00406,-0.09191
stec8|SD7043,154900,10.37,0.00087,-0.09686
stec8|SD7043,154900,11.38,0.02346,-0.10572
stec8|SD7043,204000,-3.88,-0.10256,0.01337
stec8|SD7043,204000,-2.86,-0.05343,0.00339
stec8|SD7043,204000,-1.84,-0.01842,-0.02410
stec8|SD7043,204000,-0.83,0.00302,-0.01371
stec8|SD7043,204000,0.2,0.03083,-0.04567
stec8|SD7043,204000,1.23,0.05156,-0.05743
stec8|SD7043,204000,2.26,0.05658,-0.06775
stec8|SD7043,204000,3.28,0.05658,-0.07452
stec8|SD7043,204000,4.28,0.05658,-0.08005
stec8|SD7043,204000,5.31,0.05658,-0.08512
stec8|SD7043,204000,6.32,0.04685,-0.09219
stec8|SD7043,204000,7.35,0.01760,-0.09604
stec8|SD7043,204000,8.36,0.00450,-0.08788
stec8|SD7043,204000,9.37,0.00796,-0.09385
stec8|SD7043,204000,10.38,0.00476,-0.09998
stec8|SD7043,204000,11.38,0.05693,-0.09920
stec8|SD7043,303400,-4.9,-0.07346,0.00900
stec8|SD7043,303400,-3.87,-0.03999,-0.01345
stec8|SD7043,303400,-2.86,-0.00907,-0.02064
stec8|SD7043,303400,-1.82,0.01938,-0.04141
stec8|SD7043,303400,-0.82,0.03135,-0.03044
stec8|SD7043,303400,0.21,0.04317,-0.04467
stec8|SD7043,303400,1.23,0.05652,-0.05524
stec8|SD7043,303400,2.25,0.06154,-0.06291
stec8|SD7043,303400,3.26,0.06154,-0.06839
stec8|SD7043,303400,4.29,0.06154,-0.07668
stec8|SD7043,303400,5.3,0.05127,-0.07706
stec8|SD7043,303400,6.32,0.04154,-0.08556
stec8|SD7043,303400,7.33,0.01158,-0.09362
stec8|SD7062,102600,-5.93,-0.13056,0.06041
stec8|SD7062,102600,-4.91,-0.04525,0.04481
stec8|SD7062,102600,-3.9,0.00880,0.01955
stec8|SD7062,102600,-2.86,0.06034,0.00402
stec8|SD7062,102600,-1.85,0.06838,-0.03259
stec8|SD7062,102600,-0.83,0.06838,-0.03727
stec8|SD7062,102600,0.2,0.07024,-0.05999
stec8|SD7062,102600,1.22,0.07876,-0.06527
stec8|SD7062,102600,2.24,0.08378,-0.07356
stec8|SD7062,102600,3.26,0.08378,-0.08519
stec8|SD7062,102600,4.27,0.08378,-0.08620
stec8|SD7062,102600,5.3,0.08378,-0.09607
stec8|SD7062,102600,6.32,0.08378,-0.10362
stec8|SD7062,102600,7.33,0.05286,-0.10385
stec8|SD7062,102600,8.35,0.04770,-0.10244
stec8|SD7062,102600,9.37,0.03101,-0.08611
stec8|SD7062,102600,10.38,0.00671,-0.08491
stec8|SD7062,102600,11.28,0.00966,-0.09936
stec8|SD7062,149700,-6.94,-0.12591,0.04716
stec8|SD7062,149700,-5.92,-0.06851,0.05687
stec8|SD7062,149700,-4.91,0.00787,0.02252
stec8|SD7062,149700,-3.9,0.03812,-0.00084
stec8|SD7062,149700,-2.87,0.06771,-0.03093
stec8|SD7062,149700,-1.85,0.06965,-0.03609
stec8|SD7062,149700,-0.83,0.06965,-0.03902
stec8|SD7062,149700,0.2,0.06928,-0.05477
stec8|SD7062,149700,1.23,0.08004,-0.06285
stec8|SD7062,149700,2.25,0.08505,-0.06949
stec8|SD7062,149700,3.25,0.08505,-0.07862
stec8|SD7062,149700,4.28,0.08505,-0.08243
stec8|SD7062,149700,5.31,0.08596,-0.09171
stec8|SD7062,149700,6.33,0.08596,-0.09353
stec8|SD7062,149700,7.33,0.05411,-0.08938
stec8|SD7062,149700,8.35,0.04055,-0.08527
stec8|SD7062,149700,9.37,0.01978,-0.07961
stec8|SD7062,149700,10.38,0.00506,-0.07677
stec8|SD7062,149700,11.4,0.03290,-0.05241
stec8|SD7062,210500,-6.94,-0.01950,0.01665
stec8|SD7062,210500,-5.95,0.00096,-0.00152
stec8|SD7062,210500,-4.91,0.03963,-0.01445
stec8|SD7062,210500,-3.9,0.05580,-0.01216
stec8|SD7062,210500,-2.86,0.06909,-0.02965
stec8|SD7062,210500,-1.85,0.07221,-0.03442
stec8|SD7062,210500,-0.84,0.07221,-0.03617
stec8|SD7062,210500,0.2,0.07184,-0.03824
stec8|SD7062,210500,1.22,0.08259,-0.05260
stec8|SD7062,210500,2.24,0.08761,-0.05924
stec8|SD7062,210500,3.26,0.08761,-0.07166
stec8|SD7062,210500,4.29,0.08761,-0.07471
stec8|SD7062,210500,5.3,0.08761,-0.08077
stec8|SD7062,210500,6.33,0.08761,-0.07779
stec8|SD7062,210500,7.35,0.04733,-0.07259
stec8|SD7062,210500,8.36,0.04310,-0.07272
stec8|SD7062,210500,9.38,0.01822,-0.06651
stec8|SD7062,210500,10.4,-0.00651,-0.06007
stec8|SD7062,210500,11.4,0.03191,-0.04034
stec8|SD7062,305800,-7.0,0.01818,-0.01112
stec8|SD7062,305800,-6.0,0.03109,-0.00872
stec8|SD7062,305800,-4.98,0.05843,-0.01505
stec8|SD7062,305800,-3.9,0.06460,-0.01115
stec8|SD7062,305800,-2.92,0.07098,-0.02709
stec8|SD7062,305800,-1.87,0.07455,-0.03128
stec8|SD7062,305800,-0.82,0.07455,-0.03519
stec8|SD7062,305800,0.21,0.07641,-0.03624
stec8|SD7062,305800,1.22,0.08494,-0.04504
stec8|SD7062,305800,2.25,0.08995,-0.05283
stec8|SD7062,305800,3.27,0.08995,-0.06216
stec8|SD7062,305800,4.28,0.08995,-0.06562
stec8|SD7062,305800,5.31,0.08995,-0.07779
stec8|SD7062,305800,6.31,0.07969,-0.06704
stec8|SD7062,305800,7.33,0.04877,-0.06386
stec8|SD7062,305800,8.37,0.03440,-0.06623
stec8|SD7062,305800,9.38,0.01209,-0.05541
stec8|SD7062,305800,10.39,-0.01163,-0.05297
stec8|SD7062,305800,11.4,0.04203,-0.03316
stec8|SD7080,62600,-3.95,-0.24939,0.09751
stec8|SD7080,62600,-2.94,-0.21597,0.09245
stec8|SD7080,62600,-1.93,-0.16625,0.06741
stec8|SD7080,62600,-0.91,-0.16625,0.04331
stec8|SD7080,62600,0.11,-0.14507,0.02897
stec8|SD7080,62600,1.17,-0.12208,0.04822
stec8|SD7080,62600,2.2,-0.04493,-0.02321
stec8|SD7080,62600,3.22,-0.01823,-0.07919
stec8|SD7080,62600,4.22,-0.01709,-0.09637
stec8|SD7080,62600,5.25,-0.01709,-0.10193
stec8|SD7080,62600,6.26,-0.01709,-0.11060
stec8|SD7080,62600,7.27,-0.02038,-0.11707
stec8|SD7080,62600,8.29,-0.06019,-0.11069
stec8|SD7080,62600,9.31,-0.13418,-0.12797
stec8|SD7080,62600,10.31,-0.20173,-0.11284
stec8|SD7080,103500,-3.98,-0.21342,0.08537
stec8|SD7080,103500,-2.95,-0.16240,0.07193
stec8|SD7080,103500,-1.92,-0.12360,0.04668
stec8|SD7080,103500,-0.9,-0.09635,0.01493
stec8|SD7080,103500,0.14,-0.08490,-0.01310
stec8|SD7080,103500,1.16,-0.00485,-0.03309
stec8|SD7080,103500,2.18,0.03073,-0.07300
stec8|SD7080,103500,3.2,0.03967,-0.08777
stec8|SD7080,103500,4.22,0.03967,-0.09621
stec8|SD7080,103500,5.25,0.03967,-0.09947
stec8|SD7080,103500,6.26,0.03967,-0.09899
stec8|SD7080,103500,7.28,0.03399,-0.10094
stec8|SD7080,103500,8.3,0.02667,-0.10724
stec8|SD7080,103500,9.31,-0.00526,-0.11823
stec8|SD7080,103500,10.31,-0.00149,-0.12023
stec8|SD7080,149800,-6.0,-0.20947,0.06841
stec8|SD7080,149800,-4.98,-0.22386,0.08757
stec8|SD7080,149800,-3.95,-0.18943,0.08306
stec8|SD7080,149800,-2.94,-0.15555,0.05924
stec8|SD7080,149800,-1.91,-0.11067,0.02918
stec8|SD7080,149800,-0.89,-0.08297,0.00787
stec8|SD7080,149800,0.15,-0.02083,-0.02744
stec8|SD7080,149800,1.17,0.02238,-0.05112
stec8|SD7080,149800,2.2,0.03758,-0.07530
stec8|SD7080,149800,3.21,0.04652,-0.08193
stec8|SD7080,149800,4.24,0.04652,-0.08625
stec8|SD7080,149800,5.25,0.04652,-0.08933
stec8|SD7080,149800,6.27,0.04324,-0.08629
stec8|SD7080,149800,7.28,0.03506,-0.08663
stec8|SD7080,149800,8.3,0.01863,-0.09182
stec8|SD7080,149800,9.31,0.00257,-0.10336
stec8|SD7080,149800,10.32,0.00976,-0.09883
stec8|SD7080,149800,11.32,0.05727,-0.13116
stec8|SD7080,205700,-6.0,-0.14501,0.05492
stec8|SD7080,205700,-4.98,-0.15015,0.05998
stec8|SD7080,205700,-3.96,-0.13740,0.04249
stec8|SD7080,205700,-2.93,-0.08975,0.01974
stec8|SD7080,205700,-1.91,-0.05346,0.00629
stec8|SD7080,205700,-0.88,-0.02751,-0.01615
stec8|SD7080,205700,0.14,0.01639,-0.04460
stec8|SD7080,205700,1.17,0.02912,-0.06700
stec8|SD7080,205700,2.18,0.04431,-0.07428
stec8|SD7080,205700,3.21,0.05325,-0.08084
stec8|SD7080,205700,4.24,0.05325,-0.08125
stec8|SD7080,205700,5.25,0.05325,-0.08351
stec8|SD7080,205700,6.27,0.04758,-0.08267
stec8|SD7080,205700,7.29,0.04179,-0.08814
stec8|SD7080,205700,8.3,0.02859,-0.08992
stec8|SD7080,205700,9.31,0.01577,-0.10030
stec8|SD7080,205700,10.31,0.02731,-0.09687
stec8|SD7080,205700,11.32,0.08402,-0.12826
stec8|SD7080,301800,-6.02,-0.09809,0.05258
stec8|SD7080,301800,-4.99,-0.10766,0.04076
stec8|SD7080,301800,-3.96,-0.09168,0.02764
stec8|SD7080,301800,-2.97,-0.06119,0.01819
stec8|SD7080,301800,-1.93,-0.02170,0.00269
stec8|SD7080,301800,-0.9,0.01535,-0.01365
stec8|SD7080,301800,0.13,0.03056,-0.04720
stec8|SD7080,301800,1.14,0.03461,-0.06487
stec8|SD7080,301800,2.18,0.04980,-0.06738
stec8|SD7080,301800,3.21,0.05875,-0.07583
stec8|SD7080,301800,4.22,0.05875,-0.07550
stec8|SD7080,301800,5.24,0.05581,-0.07682
stec8|SD7080,301800,6.26,0.05032,-0.07603
stec8|SD7080,301800,7.28,0.04728,-0.08426
stec8|SD7080,301800,8.3,0.02841,-0.08457
stec8|SD7080,301800,9.31,0.02126,-0.09397
stec8|SD7080,301800,10.31,0.01288,-0.08964
stec8|SD7080,301800,11.32,0.08552,-0.12350
stec8|SD7084,100900,-2.95,-0.17807,0.08435
stec8|SD7084,100900,-1.42,-0.12436,0.03413
stec8|SD7084,100900,0.12,-0.06163,-0.01268
stec8|SD7084,100900,1.68,0.01532,-0.06996
stec8|SD7084,100900,3.2,0.03818,-0.08650
stec8|SD7084,100900,4.73,0.04118,-0.09017
stec8|SD7084,100900,6.26,0.04208,-0.09682
stec8|SD7084,100900,7.79,0.03235,-0.10478
stec8|SD7084,100900,9.31,0.03513,-0.11893
stec8|SD7084,100900,10.82,0.01754,-0.12372
stec8|SD7084,152400,-2.94,-0.16045,0.06902
stec8|SD7084,152400,-1.4,-0.09141,0.00796
stec8|SD7084,152400,0.15,-0.01137,-0.03427
stec8|SD7084,152400,1.68,0.03518,-0.07904
stec8|SD7084,152400,3.19,0.04811,-0.08143
stec8|SD7084,152400,4.74,0.05112,-0.08127
stec8|SD7084,152400,6.26,0.04085,-0.08856
stec8|SD7084,152400,7.78,0.03413,-0.09503
stec8|SD7084,152400,9.31,0.04221,-0.11001
stec8|SD7084,152400,10.82,0.08323,-0.11276
stec8|SD7084,197500,-3.95,-0.16306,0.06711
stec8|SD7084,197500,-2.96,-0.12130,0.04129
stec8|SD7084,197500,-1.91,-0.10158,0.01981
stec8|SD7084,197500,-0.89,-0.04509,-0.01640
stec8|SD7084,197500,0.14,0.01518,-0.05471
stec8|SD7084,197500,1.17,0.03075,-0.07301
stec8|SD7084,197500,2.17,0.03518,-0.07869
stec8|SD7084,197500,3.21,0.04811,-0.07671
stec8|SD7084,197500,4.24,0.05112,-0.07819
stec8|SD7084,197500,5.23,0.05112,-0.08044
stec8|SD7084,197500,6.27,0.04085,-0.08304
stec8|SD7084,197500,7.28,0.03323,-0.08476
stec8|SD7084,197500,8.3,0.03413,-0.09573
stec8|SD7084,197500,9.31,0.04221,-0.10603
stec8|SD7084,197500,10.32,0.02468,-0.10578
stec8|SD7084,303000,-3.97,-0.07450,0.03012
stec8|SD7084,303000,-2.94,-0.05303,0.01368
stec8|SD7084,303000,-1.92,-0.00205,0.00196
stec8|SD7084,303000,-0.91,0.01736,-0.01683
stec8|SD7084,303000,0.13,0.03718,-0.06243
stec8|SD7084,303000,1.16,0.03961,-0.07262
stec8|SD7084,303000,2.18,0.04404,-0.06586
stec8|SD7084,303000,3.2,0.05571,-0.07458
stec8|SD7084,303000,4.22,0.05997,-0.07527
stec8|SD7084,303000,5.25,0.04971,-0.07718
stec8|SD7084,303000,6.27,0.05025,-0.08000
stec8|SD7084,303000,7.28,0.04208,-0.08266
stec8|SD7084,303000,8.31,0.03404,-0.09128
stec8|SD7084,303000,9.32,0.05920,-0.10081
stec8|SD7084,303000,10.32,0.03029,-0.10831
stec8|SD7084,303000,11.33,0.10612,-0.12980
stec8|SD7090,59600,-5.98,-0.26187,0.06466
stec8|SD7090,59600,-4.96,-0.21550,0.08177
stec8|SD7090,59600,-3.95,-0.17947,0.07774
stec8|SD7090,59600,-2.93,-0.15972,0.07511
stec8|SD7090,59600,-1.91,-0.16293,0.04391
stec8|SD7090,59600,-0.88,-0.16293,0.03131
stec8|SD7090,59600,0.15,-0.13795,0.02185
stec8|SD7090,59600,1.18,-0.08442,0.01200
stec8|SD7090,59600,2.2,-0.03965,-0.08412
stec8|SD7090,59600,3.22,-0.02163,-0.09982
stec8|SD7090,59600,4.24,-0.01771,-0.11004
stec8|SD7090,59600,5.26,-0.01771,-0.11984
stec8|SD7090,59600,6.27,-0.01771,-0.12276
stec8|SD7090,59600,7.28,-0.02521,-0.12286
stec8|SD7090,59600,8.29,-0.05927,-0.12682
stec8|SD7090,59600,9.31,-0.14196,-0.14331
stec8|SD7090,59600,10.31,-0.16928,-0.12538
stec8|SD7090,59600,11.29,-0.16084,-0.03297
stec8|SD7090,99100,-5.98,-0.22810,0.08699
stec8|SD7090,99100,-4.96,-0.18257,0.08406
stec8|SD7090,99100,-3.95,-0.16527,0.07882
stec8|SD7090,99100,-2.94,-0.13955,0.06610
stec8|SD7090,99100,-1.91,-0.12756,0.05511
stec8|SD7090,99100,-0.88,-0.10334,0.01169
stec8|SD7090,99100,0.15,-0.05862,-0.01949
stec8|SD7090,99100,1.17,0.00156,-0.06570
stec8|SD7090,99100,2.19,0.01675,-0.09093
stec8|SD7090,99100,3.22,0.02178,-0.09760
stec8|SD7090,99100,4.23,0.02570,-0.10282
stec8|SD7090,99100,5.24,0.02570,-0.10928
stec8|SD7090,99100,6.27,0.02241,-0.10841
stec8|SD7090,99100,7.29,0.01727,-0.10608
stec8|SD7090,99100,8.3,-0.00047,-0.11341
stec8|SD7090,99100,9.32,-0.02331,-0.12869
stec8|SD7090,99100,10.32,-0.05121,-0.12151
stec8|SD7090,99100,11.3,-0.03049,-0.14235
stec8|SD7090,149000,-5.97,-0.21108,0.08050
stec8|SD7090,149000,-4.96,-0.16398,0.07394
stec8|SD7090,149000,-3.94,-0.16717,0.06177
stec8|SD7090,149000,-2.93,-0.12388,0.05338
stec8|SD7090,149000,-1.91,-0.12025,0.03712
stec8|SD7090,149000,-0.87,-0.09105,0.00147
stec8|SD7090,149000,0.15,-0.00566,-0.04630
stec8|SD7090,149000,1.18,0.00812,-0.07821
stec8|SD7090,149000,2.19,0.02331,-0.08640
stec8|SD7090,149000,3.22,0.02834,-0.09283
stec8|SD7090,149000,4.24,0.03226,-0.09739
stec8|SD7090,149000,5.26,0.03226,-0.10419
stec8|SD7090,149000,6.27,0.02658,-0.10581
stec8|SD7090,149000,7.28,0.02079,-0.10261
stec8|SD7090,149000,8.31,0.00590,-0.10352
stec8|SD7090,149000,9.32,-0.00079,-0.12032
stec8|SD7090,149000,10.32,-0.00707,-0.10864
stec8|SD7090,149000,11.33,0.06795,-0.12938
stec8|SD7090,199100,-6.0,-0.15288,0.06442
stec8|SD7090,199100,-4.96,-0.12085,0.04908
stec8|SD7090,199100,-3.95,-0.10302,0.04835
stec8|SD7090,199100,-2.92,-0.07350,0.03480
stec8|SD7090,199100,-1.9,-0.07141,0.02391
stec8|SD7090,199100,-0.88,-0.02976,-0.01023
stec8|SD7090,199100,0.16,0.01227,-0.06213
stec8|SD7090,199100,1.16,0.01632,-0.08488
stec8|SD7090,199100,2.2,0.03151,-0.08522
stec8|SD7090,199100,3.22,0.03654,-0.09172
stec8|SD7090,199100,4.24,0.04046,-0.09244
stec8|SD7090,199100,5.26,0.03752,-0.09678
stec8|SD7090,199100,6.28,0.03478,-0.09866
stec8|SD7090,199100,7.29,0.02899,-0.09616
stec8|SD7090,199100,8.3,0.01191,-0.10130
stec8|SD7090,199100,9.31,0.00741,-0.11232
stec8|SD7090,199100,10.34,0.00859,-0.09668
stec8|SD7090,199100,11.33,0.08378,-0.11585
stec8|SD7090,298600,-6.02,-0.10318,0.04594
stec8|SD7090,298600,-4.99,-0.06839,0.04092
stec8|SD7090,298600,-4.02,-0.06096,0.03950
stec8|SD7090,298600,-2.98,-0.03837,0.02025
stec8|SD7090,298600,-1.91,-0.02749,0.00417
stec8|SD7090,298600,-0.88,0.02421,-0.02239
stec8|SD7090,298600,0.13,0.02304,-0.05427
stec8|SD7090,298600,1.16,0.02719,-0.07578
stec8|SD7090,298600,2.2,0.04239,-0.07802
stec8|SD7090,298600,3.21,0.04741,-0.08505
stec8|SD7090,298600,4.23,0.05133,-0.08695
stec8|SD7090,298600,5.25,0.04805,-0.08913
stec8|SD7090,298600,6.27,0.03987,-0.08985
stec8|SD7090,298600,7.28,0.03987,-0.09119
stec8|SD7090,298600,8.31,0.02305,-0.09925
stec8|SD7090,298600,9.32,0.01385,-0.10430
stec8|SD7090,298600,10.33,0.02705,-0.09821
stec8|SD7090,298600,11.33,0.10646,-0.11088
stec8|SD8000,62500,-3.94,-0.18109,0.10134
stec8|SD8000,62500,-2.93,-0.16809,0.08428
stec8|SD8000,62500,-1.91,-0.17130,0.07260
stec8|SD8000,62500,-0.88,-0.17130,0.05505
stec8|SD8000,62500,0.13,-0.15772,0.03942
stec8|SD8000,62500,1.17,-0.15517,0.03796
stec8|SD8000,62500,2.2,-0.10585,0.02949
stec8|SD8000,62500,3.23,-0.06771,-0.04735
stec8|SD8000,62500,4.24,-0.05986,-0.08439
stec8|SD8000,62500,5.26,-0.05986,-0.09237
stec8|SD8000,62500,6.28,-0.07061,-0.09645
stec8|SD8000,62500,7.28,-0.17340,-0.09748
stec8|SD8000,62500,8.3,-0.19414,-0.11360
stec8|SD8000,62500,9.31,-0.27252,-0.13010
stec8|SD8000,102500,-3.93,-0.15299,0.07884
stec8|SD8000,102500,-2.91,-0.12545,0.07552
stec8|SD8000,102500,-1.91,-0.12563,0.07374
stec8|SD8000,102500,-0.88,-0.12866,0.03776
stec8|SD8000,102500,0.15,-0.11017,0.02072
stec8|SD8000,102500,1.17,-0.07074,-0.01669
stec8|SD8000,102500,2.21,-0.01204,-0.04564
stec8|SD8000,102500,3.23,-0.00702,-0.07719
stec8|SD8000,102500,4.24,-0.00310,-0.08488
stec8|SD8000,102500,5.26,-0.00310,-0.09279
stec8|SD8000,102500,6.28,-0.03174,-0.09623
stec8|SD8000,102500,7.3,-0.06025,-0.09463
stec8|SD8000,102500,8.31,-0.07068,-0.09764
stec8|SD8000,102500,9.32,-0.07660,-0.12370
stec8|SD8000,102500,10.34,-0.11323,-0.12761
stec8|SD8000,154500,-3.93,-0.14722,0.06588
stec8|SD8000,154500,-2.94,-0.11859,0.06004
stec8|SD8000,154500,-1.9,-0.11878,0.05155
stec8|SD8000,154500,-0.86,-0.10215,0.02396
stec8|SD8000,154500,0.16,-0.09462,-0.00011
stec8|SD8000,154500,1.18,-0.02186,-0.04113
stec8|SD8000,154500,2.21,-0.00519,-0.06784
stec8|SD8000,154500,3.22,-0.00169,-0.07131
stec8|SD8000,154500,4.25,0.00375,-0.07789
stec8|SD8000,154500,5.27,-0.00460,-0.08017
stec8|SD8000,154500,6.28,-0.02488,-0.08568
stec8|SD8000,154500,7.3,-0.05960,-0.08463
stec8|SD8000,154500,8.32,-0.05960,-0.08771
stec8|SD8000,154500,9.33,-0.06536,-0.09399
stec8|SD8000,154500,10.34,-0.08782,-0.10227
stec8|SD8000,200000,-3.92,-0.10751,0.05748
stec8|SD8000,200000,-2.91,-0.07888,0.05549
stec8|SD8000,200000,-1.89,-0.07525,0.03197
stec8|SD8000,200000,-0.85,-0.07149,0.01441
stec8|SD8000,200000,0.17,-0.04274,-0.00683
stec8|SD8000,200000,1.18,-0.01904,-0.04561
stec8|SD8000,200000,2.21,-0.00384,-0.06939
stec8|SD8000,200000,3.23,-0.00034,-0.07131
stec8|SD8000,200000,4.26,0.00510,-0.07784
stec8|SD8000,200000,5.27,-0.00564,-0.08209
stec8|SD8000,200000,6.28,-0.04987,-0.08760
stec8|SD8000,200000,7.3,-0.05502,-0.08205
stec8|SD8000,200000,8.32,-0.05502,-0.08711
stec8|SD8000,200000,9.33,-0.05827,-0.09539
stec8|SD8000,302300,-3.94,-0.06545,0.05227
stec8|SD8000,302300,-2.91,-0.03994,0.03075
stec8|SD8000,302300,-1.88,-0.03785,0.01587
stec8|SD8000,302300,-0.85,-0.01549,0.00842
stec8|SD8000,302300,0.15,-0.00623,-0.02818
stec8|SD8000,302300,1.18,-0.00816,-0.05480
stec8|SD8000,302300,2.2,0.00703,-0.06306
stec8|SD8000,302300,3.23,0.01053,-0.06638
stec8|SD8000,302300,4.25,0.01304,-0.07052
stec8|SD8000,302300,5.26,-0.01266,-0.08177
stec8|SD8000,302300,6.29,-0.03795,-0.08245
stec8|SD8000,302300,7.3,-0.04091,-0.07683
stec8|SD8000,302300,8.31,-0.04091,-0.07852
stec8|SD8000,302300,9.34,-0.05011,-0.08735
stec8|SD8020,59800,-6.03,-0.24274,0.13551
stec8|SD8020,59800,-5.05,-0.19506,0.13860
stec8|SD8020,59800,-4.01,-0.18208,0.13356
stec8|SD8020,59800,-2.98,-0.17434,0.11664
stec8|SD8020,59800,-1.96,-0.17434,0.08343
stec8|SD8020,59800,-0.94,-0.16849,0.06433
stec8|SD8020,59800,0.08,-0.16160,0.05992
stec8|SD8020,59800,1.09,-0.14592,0.05516
stec8|SD8020,59800,2.14,-0.12308,0.01803
stec8|SD8020,59800,3.14,-0.02290,-0.06305
stec8|SD8020,59800,4.17,-0.02070,-0.06797
stec8|SD8020,59800,5.18,-0.01249,-0.07204
stec8|SD8020,59800,6.2,-0.08992,-0.07786
stec8|SD8020,59800,7.21,-0.13340,-0.08441
stec8|SD8020,59800,8.22,-0.15388,-0.08856
stec8|SD8020,59800,9.23,-0.19146,-0.05070
stec8|SD8020,59800,10.24,-0.12360,0.00930
stec8|SD8020,59800,11.23,-0.06220,0.02438
stec8|SD8020,100500,-6.05,-0.21428,0.11785
stec8|SD8020,100500,-5.02,-0.17098,0.12105
stec8|SD8020,100500,-4.01,-0.15601,0.12033
stec8|SD8020,100500,-2.98,-0.14827,0.10949
stec8|SD8020,100500,-1.96,-0.14827,0.10047
stec8|SD8020,100500,-0.94,-0.14242,0.07802
stec8|SD8020,100500,0.09,-0.13811,0.04216
stec8|SD8020,100500,1.1,-0.10577,0.00040
stec8|SD8020,100500,2.13,0.01434,-0.05171
stec8|SD8020,100500,3.15,0.01753,-0.06739
stec8|SD8020,100500,4.18,0.02196,-0.06908
stec8|SD8020,100500,5.19,0.02546,-0.06970
stec8|SD8020,100500,6.22,0.01350,-0.07722
stec8|SD8020,100500,7.23,-0.00587,-0.08249
stec8|SD8020,100500,8.24,0.00001,-0.08685
stec8|SD8020,100500,9.26,0.00285,-0.10084
stec8|SD8020,100500,10.26,-0.09808,-0.00475
stec8|SD8020,100500,11.24,-0.03053,0.04002
stec8|SD8020,151200,-6.06,-0.20090,0.10779
stec8|SD8020,151200,-5.02,-0.14913,0.12469
stec8|SD8020,151200,-4.01,-0.14352,0.11998
stec8|SD8020,151200,-2.99,-0.13578,0.10779
stec8|SD8020,151200,-1.96,-0.13578,0.10090
stec8|SD8020,151200,-0.94,-0.13578,0.08688
stec8|SD8020,151200,0.09,-0.12095,0.03113
stec8|SD8020,151200,1.11,-0.01287,-0.02947
stec8|SD8020,151200,2.12,0.02926,-0.05966
stec8|SD8020,151200,3.15,0.03002,-0.06292
stec8|SD8020,151200,4.16,0.03445,-0.06510
stec8|SD8020,151200,5.2,0.02888,-0.07049
stec8|SD8020,151200,6.22,0.02001,-0.07088
stec8|SD8020,151200,7.24,0.02589,-0.07615
stec8|SD8020,151200,8.25,0.02589,-0.08119
stec8|SD8020,151200,9.27,0.05343,-0.08830
stec8|SD8020,151200,10.27,0.00967,-0.09192
stec8|SD8020,151200,11.25,-0.03426,0.03152
stec8|SD8020,201100,-6.07,-0.15041,0.09209
stec8|SD8020,201100,-5.02,-0.10676,0.10835
stec8|SD8020,201100,-4.0,-0.10115,0.10138
stec8|SD8020,201100,-2.99,-0.09341,0.08774
stec8|SD8020,201100,-1.98,-0.09341,0.08385
stec8|SD8020,201100,-0.93,-0.09341,0.07116
stec8|SD8020,201100,0.09,-0.07316,0.01955
stec8|SD8020,201100,1.12,0.01944,-0.03875
stec8|SD8020,201100,2.12,0.02926,-0.05577
stec8|SD8020,201100,3.16,0.03002,-0.05958
stec8|SD8020,201100,4.19,0.03116,-0.06300
stec8|SD8020,201100,5.2,0.02888,-0.06733
stec8|SD8020,201100,6.21,0.01910,-0.06690
stec8|SD8020,201100,7.23,0.02589,-0.07352
stec8|SD8020,201100,8.24,0.02929,-0.07721
stec8|SD8020,201100,9.27,0.06545,-0.08145
stec8|SD8020,201100,10.28,0.06311,-0.08733
stec8|SD8020,201100,11.25,0.05234,-0.04440
stec8|SD8020,306700,-6.03,-0.08152,0.09954
stec8|SD8020,306700,-4.51,-0.05331,0.10504
stec8|SD8020,306700,-2.99,-0.05288,0.08196
stec8|SD8020,306700,-1.42,-0.05288,0.06702
stec8|SD8020,306700,0.61,0.02861,-0.01586
stec8|SD8020,306700,0.61,0.02861,-0.01586
stec8|SD8020,306700,1.63,0.03888,-0.04079
stec8|SD8020,306700,3.16,0.03964,-0.05423
stec8|SD8020,306700,4.69,0.03844,-0.05934
stec8|SD8020,306700,6.21,0.04524,-0.06283
stec8|SD8020,306700,7.75,0.06157,-0.07243
stec8|SD8020,306700,9.28,0.05527,-0.07675
stec8|SD8020,306700,10.79,0.09602,-0.07692
stec8|SD8040,62100,-2.95,-0.21606,0.12448
stec8|SD8040,62100,-1.42,-0.16066,0.09750
stec8|SD8040,62100,0.13,-0.13845,0.09386
stec8|SD8040,62100,1.66,-0.02452,0.01079
stec8|SD8040,62100,3.21,-0.00281,-0.05557
stec8|SD8040,62100,4.72,0.00019,-0.07133
stec8|SD8040,62100,6.26,0.00019,-0.08305
stec8|SD8040,62100,7.77,-0.00953,-0.09723
stec8|SD8040,62100,9.29,-0.12390,-0.11153
stec8|SD8040,62100,10.81,-0.15916,-0.10376
stec8|SD8040,102300,-2.93,-0.17826,0.11998
stec8|SD8040,102300,-1.4,-0.12120,0.05103
stec8|SD8040,102300,0.15,-0.01922,0.00898
stec8|SD8040,102300,1.67,0.03496,-0.03737
stec8|SD8040,102300,3.19,0.05032,-0.05593
stec8|SD8040,102300,4.73,0.05332,-0.06759
stec8|SD8040,102300,6.27,0.05423,-0.07030
stec8|SD8040,102300,7.78,0.03423,-0.07650
stec8|SD8040,102300,9.3,0.01226,-0.08037
stec8|SD8040,102300,10.82,0.01360,-0.08802
stec8|SD8040,102300,11.81,0.02198,-0.09041
stec8|SD8040,150300,-2.93,-0.14371,0.07443
stec8|SD8040,150300,-1.4,-0.04549,0.03182
stec8|SD8040,150300,0.13,0.02505,-0.01574
stec8|SD8040,150300,1.66,0.04504,-0.04335
stec8|SD8040,150300,3.21,0.05798,-0.05124
stec8|SD8040,150300,4.73,0.06098,-0.06075
stec8|SD8040,150300,6.25,0.05294,-0.05677
stec8|SD8040,150300,7.79,0.04188,-0.06320
stec8|SD8040,150300,9.3,0.01991,-0.07111
stec8|SD8040,150300,10.81,0.04089,-0.06714
stec8|SD8040,150300,11.81,0.06052,-0.06245
stec8|SD8040,204900,-2.96,-0.06130,0.03607
stec8|SD8040,204900,-1.39,-0.00457,0.02090
stec8|SD8040,204900,0.14,0.04057,-0.02747
stec8|SD8040,204900,1.67,0.04961,-0.04027
stec8|SD8040,204900,3.19,0.06254,-0.04807
stec8|SD8040,204900,4.73,0.06555,-0.05279
stec8|SD8040,204900,6.26,0.05528,-0.05199
stec8|SD8040,204900,7.79,0.04645,-0.05669
stec8|SD8040,204900,9.28,0.02448,-0.06541
stec8|SD8040,204900,10.81,0.04831,-0.06131
stec8|SD8040,204900,11.82,0.09574,-0.04539
stec8|SD8040,301800,-2.96,-0.02077,0.02569
stec8|SD8040,301800,-1.44,0.02774,-0.00591
stec8|SD8040,301800,0.12,0.04947,-0.02514
stec8|SD8040,301800,1.63,0.05390,-0.03333
stec8|SD8040,301800,3.19,0.06683,-0.04379
stec8|SD8040,301800,4.74,0.06983,-0.04771
stec8|SD8040,301800,6.26,0.05605,-0.04713
stec8|SD8040,301800,7.78,0.04624,-0.05280
stec8|SD8040,301800,9.29,0.03174,-0.05863
stec8|SD8040,301800,10.81,0.07604,-0.05738
stec8|SD8040,301800,11.8,0.09851,-0.03948
stec8|SPICA,59900,-1.87,-0.02013,-0.02925
stec8|SPICA,59900,-0.85,-0.01307,-0.03635
stec8|SPICA,59900,0.16,-0.02251,-0.05950
stec8|SPICA,59900,1.18,-0.00825,-0.08334
stec8|SPICA,59900,2.2,-0.01396,-0.10736
stec8|SPICA,59900,3.21,-0.02718,-0.11820
stec8|SPICA,59900,4.22,-0.03824,-0.14521
stec8|SPICA,59900,5.23,-0.03824,-0.16464
stec8|SPICA,59900,6.24,-0.04541,-0.19165
stec8|SPICA,99600,-1.88,0.00939,-0.06676
stec8|SPICA,99600,-0.87,0.01421,-0.08080
stec8|SPICA,99600,0.16,0.03113,-0.08835
stec8|SPICA,99600,1.18,0.03731,-0.10623
stec8|SPICA,99600,2.2,0.04008,-0.10979
stec8|SPICA,99600,3.22,0.04008,-0.12346
stec8|SPICA,99600,4.23,0.04008,-0.13258
stec8|SPICA,99600,5.26,0.04008,-0.13695
stec8|SPICA,99600,6.27,0.03854,-0.15026
stec8|SPICA,99600,7.3,0.02647,-0.15115
stec8|SPICA,99600,8.32,0.02902,-0.15935
stec8|SPICA,99600,9.34,0.02902,-0.17173
stec8|SPICA,99600,10.35,0.01070,-0.16034
stec8|SPICA,99600,11.38,0.06671,-0.13397
stec8|SPICA,202300,-3.96,-0.03115,-0.03927
stec8|SPICA,202300,-2.91,0.00813,-0.06331
stec8|SPICA,202300,-1.89,0.01791,-0.07020
stec8|SPICA,202300,-0.88,0.02750,-0.08321
stec8|SPICA,202300,0.15,0.04187,-0.08764
stec8|SPICA,202300,1.17,0.05082,-0.11064
stec8|SPICA,202300,2.19,0.05082,-0.11241
stec8|SPICA,202300,3.22,0.05082,-0.12548
stec8|SPICA,202300,4.23,0.05082,-0.13234
stec8|SPICA,202300,5.26,0.05082,-0.14103
stec8|SPICA,202300,6.27,0.04928,-0.13988
stec8|SPICA,202300,7.3,0.04417,-0.14077
stec8|SPICA,202300,8.32,0.04417,-0.14710
stec8|SPICA,202300,9.34,0.02337,-0.14542
stec8|SPICA,202300,10.35,0.02507,-0.13348
stec8|SPICA,202300,11.37,0.09170,-0.12991
stec8|SPICA,301500,-2.98,0.02598,-0.06887
stec8|SPICA,301500,-1.9,0.04115,-0.06521
stec8|SPICA,301500,-0.9,0.04048,-0.07831
stec8|SPICA,301500,0.15,0.04669,-0.08306
stec8|SPICA,301500,1.16,0.06169,-0.10518
stec8|SPICA,301500,2.18,0.06169,-0.10905
stec8|SPICA,301500,3.22,0.06169,-0.12002
stec8|SPICA,301500,4.23,0.06169,-0.12732
stec8|SPICA,301500,5.26,0.06169,-0.13358
stec8|WB135/35,61300,-5.97,-0.27926,0.13932
stec8|WB135/35,61300,-4.96,-0.24377,0.13831
stec8|WB135/35,61300,-3.95,-0.21845,0.13766
stec8|WB135/35,61300,-2.91,-0.20479,0.16358
stec8|WB135/35,61300,-1.88,-0.17670,0.15292
stec8|WB135/35,61300,-0.85,-0.08495,0.12723
stec8|WB135/35,61300,0.16,-0.03784,0.08206
stec8|WB135/35,61300,1.19,-0.04151,0.01694
stec8|WB135/35,61300,2.2,-0.03955,-0.01512
stec8|WB135/35,61300,3.22,-0.02828,-0.04986
stec8|WB135/35,61300,4.24,-0.01511,-0.08609
stec8|WB135/35,61300,5.27,-0.00888,-0.09887
stec8|WB135/35,61300,6.28,-0.00016,-0.11129
stec8|WB135/35,61300,7.27,-0.00811,-0.12899
stec8|WB135/35,61300,8.25,-0.01276,-0.14968
stec8|WB135/35,61300,9.27,-0.02826,-0.17373
stec8|WB135/35,100500,-5.96,-0.23949,0.10032
stec8|WB135/35,100500,-4.95,-0.13146,0.08787
stec8|WB135/35,100500,-3.91,-0.07228,0.07363
stec8|WB135/35,100500,-2.89,-0.02698,0.03463
stec8|WB135/35,100500,-1.87,0.01637,0.01723
stec8|WB135/35,100500,-0.84,0.02357,-0.01723
stec8|WB135/35,100500,0.17,0.02357,-0.03781
stec8|WB135/35,100500,1.21,0.02556,-0.06369
stec8|WB135/35,100500,2.23,0.04862,-0.07612
stec8|WB135/35,100500,3.24,0.04862,-0.08214
stec8|WB135/35,100500,4.27,0.04862,-0.09399
stec8|WB135/35,100500,5.29,0.04862,-0.10456
stec8|WB135/35,100500,6.3,0.04689,-0.11947
stec8|WB135/35,100500,7.33,0.04453,-0.11823
stec8|WB135/35,100500,8.34,0.04017,-0.11722
stec8|WB135/35,100500,9.36,0.03131,-0.11393
stec8|WB135/35,100500,10.39,0.03712,-0.11268
stec8|WB135/35,100500,11.37,0.05923,-0.10040
stec8|WB135/35,155700,-5.95,-0.10696,0.05961
stec8|WB135/35,155700,-4.92,-0.04158,0.03714
stec8|WB135/35,155700,-3.89,-0.01336,0.01763
stec8|WB135/35,155700,-2.89,0.02204,0.00790
stec8|WB135/35,155700,-1.86,0.03301,-0.03020
stec8|WB135/35,155700,-0.85,0.03301,-0.03543
stec8|WB135/35,155700,0.19,0.03497,-0.05219
stec8|WB135/35,155700,1.21,0.03919,-0.06386
stec8|WB135/35,155700,2.22,0.05806,-0.07004
stec8|WB135/35,155700,3.24,0.05806,-0.07693
stec8|WB135/35,155700,4.27,0.05806,-0.08338
stec8|WB135/35,155700,5.29,0.05633,-0.09033
stec8|WB135/35,155700,6.31,0.05397,-0.09545
stec8|WB135/35,155700,7.33,0.04887,-0.10195
stec8|WB135/35,155700,8.35,0.04074,-0.08765
stec8|WB135/35,155700,9.34,0.04074,-0.09115
stec8|WB135/35,155700,10.36,0.03332,-0.07429
stec8|WB135/35,204000,-9.07,-0.09411,0.06595
stec8|WB135/35,204000,-8.06,-0.12304,0.04473
stec8|WB135/35,204000,-6.99,-0.10282,0.02924
stec8|WB135/35,204000,-6.0,-0.06539,0.02465
stec8|WB135/35,204000,-4.97,-0.00334,-0.00031
stec8|WB135/35,204000,-3.95,0.02203,-0.00998
stec8|WB135/35,204000,-2.93,0.03727,-0.01685
stec8|WB135/35,204000,-1.89,0.04449,-0.03352
stec8|WB135/35,204000,-0.85,0.04449,-0.04949
stec8|WB135/35,204000,0.17,0.04645,-0.05125
stec8|WB135/35,204000,1.2,0.05116,-0.05922
stec8|WB135/35,204000,2.23,0.06953,-0.07042
stec8|WB135/35,204000,3.24,0.06953,-0.07712
stec8|WB135/35,204000,4.26,0.06953,-0.08357
stec8|WB135/35,204000,5.28,0.06780,-0.08974
stec8|WB135/35,204000,6.3,0.06544,-0.09392
stec8|WB135/35,204000,7.32,0.05657,-0.09142
stec8|WB135/35,204000,8.34,0.05222,-0.08798
stec8|WB135/35,204000,9.35,0.05222,-0.08161
stec8|WB135/35,204000,10.36,0.07814,-0.06737
stec8|WB135/35,204000,11.35,0.15354,-0.08061
stec8|WB135/35,302700,-4.94,0.02403,-0.01189
stec8|WB135/35,302700,-3.91,0.03114,-0.01441
stec8|WB135/35,302700,-2.88,0.04517,-0.01760
stec8|WB135/35,302700,-1.87,0.05238,-0.03974
stec8|WB135/35,302700,-0.85,0.05238,-0.04184
stec8|WB135/35,302700,0.18,0.05434,-0.04648
stec8|WB135/35,302700,1.18,0.05906,-0.05200
stec8|WB135/35,302700,2.19,0.07743,-0.06325
stec8|WB135/35,302700,3.22,0.07743,-0.06995
vol1|A18,40000,-1.16,-0.07607,0.03674
vol1|A18,40000,0.93,-0.07307,-0.00653
vol1|A18,40000,2.82,-0.08345,0.01741
vol1|A18,40000,5.05,-0.02584,-0.08873
vol1|A18,40000,7.04,-0.00407,-0.16930
vol1|A18,40000,9.08,-0.29367,-0.11303
vol1|A18,40000,11.1,-0.16149,-0.01212
vol1|A18,60700,-2.07,-0.10404,0.02080
vol1|A18,60700,-0.17,-0.06290,-0.01355
vol1|A18,60700,1.14,-0.07889,-0.00734
vol1|A18,60700,2.44,-0.04667,-0.02015
vol1|A18,60700,4.17,-0.00273,-0.10684
vol1|A18,60700,6.02,0.00033,-0.15455
vol1|A18,60700,7.62,-0.19444,-0.15646
vol1|A18,60700,9.15,-0.23731,-0.18864
vol1|A18,60700,10.41,-0.30223,-0.07663
vol1|A18,100700,-1.53,-0.03510,-0.01745
vol1|A18,100700,-0.37,-0.02862,-0.04039
vol1|A18,100700,1.1,-0.00686,-0.05021
vol1|A18,100700,2.82,0.05403,-0.09805
vol1|A18,100700,4.38,0.05403,-0.13750
vol1|A18,100700,5.94,0.05295,-0.15066
vol1|A18,100700,7.6,-0.06360,-0.14480
vol1|A18,100700,9.01,-0.10772,-0.17746
vol1|A18,100700,10.18,-0.13029,-0.14282
vol1|A18,201800,-1.55,0.02333,-0.04615
vol1|A18,201800,0.17,0.04617,-0.06778
vol1|A18,201800,1.53,0.06481,-0.09431
vol1|A18,201800,2.93,0.06223,-0.12386
vol1|A18,201800,4.38,0.06223,-0.12905
vol1|A18,201800,5.59,0.02829,-0.13311
vol1|A18,201800,7.5,-0.03959,-0.13052
vol1|A18,201800,8.93,-0.05099,-0.14395
vol1|A18,201800,10.22,-0.03743,-0.16973
vol1|A18,204500,-5.29,-0.08128,0.00685
vol1|A18,204500,-3.39,-0.01291,-0.02471
vol1|A18,300400,-2.37,0.04981,-0.04612
vol1|A18,300400,-0.45,0.07561,-0.06635
vol1|A18,300400,0.94,0.07177,-0.08692
vol1|A18,300400,2.39,0.07311,-0.10880
vol1|A18,300400,4.28,0.07311,-0.12150
vol1|A18,300400,5.81,-0.00698,-0.12890
vol1|A18,300400,7.94,-0.04706,-0.12376
vol1|A18,300400,9.31,-0.05128,-0.15491
vol1|A18,300400,10.27,-0.02584,-0.15925
vol1|A18,305600,-5.35,-0.01079,-0.00956
vol1|A18,305600,-3.58,0.02649,-0.04014
vol1|BE50,60300,-1.74,-0.09749,0.03269
vol1|BE50,60300,-0.12,-0.08947,0.00979
vol1|BE50,60300,1.36,-0.08589,0.00898
vol1|BE50,60300,2.99,-0.12265,-0.08871
vol1|BE50,60300,4.52,-0.13458,-0.12815
vol1|BE50,60300,5.79,-0.13042,-0.13953
vol1|BE50,60300,7.47,-0.16338,-0.15743
vol1|BE50,60300,9.05,-0.34737,-0.15418
vol1|BE50,60300,10.53,-0.39620,-0.16781
vol1|BE50,101000,-3.48,-0.12002,0.01023
vol1|BE50,101000,-1.75,-0.06501,-0.02797
vol1|BE50,101000,-0.28,-0.06526,-0.06418
vol1|BE50,101000,1.42,-0.03167,-0.08530
vol1|BE50,101000,3.46,-0.06480,-0.12029
vol1|BE50,101000,4.3,-0.06480,-0.12520
vol1|BE50,101000,5.99,-0.06480,-0.13776
vol1|BE50,101000,7.32,-0.10389,-0.14518
vol1|BE50,101000,9.23,-0.20975,-0.15358
vol1|BE50,101000,10.39,-0.24484,-0.17825
vol1|BE50,201700,-5.41,-0.09228,-0.04050
vol1|BE50,201700,-3.12,-0.02338,-0.04646
vol1|BE50,201700,-1.73,-0.00993,-0.05552
vol1|BE50,201700,-0.44,0.00040,-0.07359
vol1|BE50,201700,1.28,-0.03971,-0.09544
vol1|BE50,201700,2.81,-0.04781,-0.10459
vol1|BE50,201700,4.38,-0.04781,-0.11505
vol1|BE50,201700,5.72,-0.06243,-0.12145
vol1|BE50,201700,7.57,-0.10305,-0.13158
vol1|BE50,201700,8.84,-0.16736,-0.14074
vol1|BE50,201700,10.39,-0.17824,-0.15170
vol1|BE50,302700,-5.1,-0.00519,-0.03659
vol1|BE50,302700,-3.45,0.01273,-0.05085
vol1|BE50,302700,-2.18,0.03141,-0.05702
vol1|BE50,302700,-0.34,0.01912,-0.08132
vol1|BE50,302700,1.24,-0.03006,-0.09443
vol1|BE50,302700,2.9,-0.03249,-0.10059
vol1|BE50,302700,4.34,-0.03249,-0.11129
vol1|BE50,302700,6.22,-0.05999,-0.11689
vol1|BE50,302700,7.75,-0.13559,-0.13501
vol1|BE50,302700,9.19,-0.16047,-0.13674
vol1|BE50,302700,10.5,-0.15748,-0.13631
vol1|E374 (B),61200,-6.39,-0.27454,0.11198
vol1|E374 (B),61200,-5.3,-0.23541,0.14218
vol1|E374 (B),61200,-4.27,-0.22157,0.13433
vol1|E374 (B),61200,-3.27,-0.19875,0.11937
vol1|E374 (B),61200,-2.31,-0.18313,0.07288
vol1|E374 (B),61200,-1.2,-0.17699,0.06560
vol1|E374 (B),61200,-0.18,-0.11235,0.05340
vol1|E374 (B),61200,0.9,-0.08450,0.02176
vol1|E374 (B),61200,1.86,-0.06433,0.02561
vol1|E374 (B),61200,2.98,-0.06288,0.00205
vol1|E374 (B),61200,3.92,-0.04081,-0.02511
vol1|E374 (B),61200,4.95,-0.00441,-0.04348
vol1|E374 (B),61200,6.02,-0.00630,-0.06098
vol1|E374 (B),61200,7.01,-0.02997,-0.09718
vol1|E374 (B),61200,8.0,-0.02704,-0.08873
vol1|E374 (B),61200,9.0,-0.13715,-0.09724
vol1|E374 (B),61200,10.01,-0.13378,-0.11463
vol1|E374 (B),101600,-4.22,-0.20704,0.08606
vol1|E374 (B),101600,-3.31,-0.12703,0.05717
vol1|E374 (B),101600,-2.23,-0.04995,-0.00501
vol1|E374 (B),101600,-1.1,-0.01163,-0.02942
vol1|E374 (B),101600,-0.24,-0.00209,-0.04977
vol1|E374 (B),101600,0.82,0.00079,-0.05889
vol1|E374 (B),101600,1.84,0.01539,-0.06653
vol1|E374 (B),101600,2.84,0.03126,-0.07631
vol1|E374 (B),101600,4.01,0.03836,-0.07994
vol1|E374 (B),101600,5.03,0.03836,-0.08435
vol1|E374 (B),101600,5.96,0.03836,-0.09187
vol1|E374 (B),101600,7.02,0.04217,-0.09886
vol1|E374 (B),101600,8.02,0.01810,-0.09038
vol1|E374 (B),101600,8.96,-0.00840,-0.08646
vol1|E374 (B),101600,10.02,-0.00847,-0.09503
vol1|E374 (B),102800,-6.37,-0.25360,0.08950
vol1|E374 (B),102800,-5.38,-0.19684,0.09712
vol1|E374 (B),102800,-4.35,-0.20704,0.08606
vol1|E374 (B),152400,-6.44,-0.19274,0.07557
vol1|E374 (B),152400,-5.26,-0.20098,0.07460
vol1|E374 (B),152400,-4.26,-0.14874,0.05616
vol1|E374 (B),152400,-3.11,-0.04553,0.03549
vol1|E374 (B),152400,-2.22,-0.02879,-0.00494
vol1|E374 (B),152400,-1.08,0.01096,-0.04411
vol1|E374 (B),152400,-0.2,0.02058,-0.05928
vol1|E374 (B),152400,0.85,0.02058,-0.06579
vol1|E374 (B),152400,1.82,0.02988,-0.06945
vol1|E374 (B),152400,2.93,0.04965,-0.07396
vol1|E374 (B),152400,3.96,0.05146,-0.07603
vol1|E374 (B),152400,4.9,0.05146,-0.07735
vol1|E374 (B),152400,5.91,0.05146,-0.08743
vol1|E374 (B),152400,7.03,0.04847,-0.08800
vol1|E374 (B),152400,8.05,0.02925,-0.08260
vol1|E374 (B),152400,9.03,0.02995,-0.07972
vol1|E374 (B),152400,10.01,0.05782,-0.08421
vol1|E374 (B),203000,-6.37,-0.15543,0.05393
vol1|E374 (B),203000,-5.32,-0.12578,0.04926
vol1|E374 (B),203000,-4.28,-0.09985,0.02045
vol1|E374 (B),203000,-3.29,-0.02272,0.01238
vol1|E374 (B),203000,-2.28,-0.00886,-0.00700
vol1|E374 (B),203000,-1.2,0.01943,-0.02078
vol1|E374 (B),203000,-0.16,0.02117,-0.05759
vol1|E374 (B),203000,0.84,0.02256,-0.06377
vol1|E374 (B),203000,1.8,0.03047,-0.06668
vol1|E374 (B),203000,2.84,0.04634,-0.07160
vol1|E374 (B),203000,3.87,0.05205,-0.07037
vol1|E374 (B),203000,5.0,0.05205,-0.08139
vol1|E374 (B),203000,5.93,0.05205,-0.08360
vol1|E374 (B),203000,6.92,0.04707,-0.08210
vol1|E374 (B),203000,7.95,0.03054,-0.07593
vol1|E374 (B),203000,8.97,0.03646,-0.07576
vol1|E374 (B),203000,9.98,0.05841,-0.07596
vol1|E374 (B),303300,-6.36,-0.08438,0.05092
vol1|E374 (B),303300,-5.28,-0.03511,0.03361
vol1|E374 (B),303300,-4.13,-0.03226,0.00608
vol1|E374 (B),303300,-3.06,0.01211,-0.00476
vol1|E374 (B),303300,-2.1,0.02257,-0.01452
vol1|E374 (B),303300,-1.03,0.03614,-0.01788
vol1|E374 (B),303300,-0.01,0.03788,-0.04110
vol1|E374 (B),303300,1.04,0.03788,-0.05975
vol1|E374 (B),303300,2.08,0.04579,-0.06241
vol1|E374 (B),303300,3.08,0.06556,-0.06751
vol1|E374 (B),303300,4.08,0.06737,-0.07231
vol1|E374 (B),303300,5.15,0.06737,-0.07905
vol1|E374 (B),303300,6.08,0.07086,-0.07810
vol1|E374 (B),303300,6.95,0.05414,-0.07392
vol1|E374 (B),303300,8.03,0.05373,-0.07272
vol1|E374 (B),303300,9.11,0.05373,-0.06803
vol1|E374 (B),303300,10.13,0.07424,-0.07461
vol1|E387 (A),61000,-5.36,-0.22132,0.11547
vol1|E387 (A),61000,-3.71,-0.24868,0.13989
vol1|E387 (A),61000,-2.12,-0.19897,0.09426
vol1|E387 (A),61000,-0.68,-0.07245,0.04035
vol1|E387 (A),61000,0.93,-0.03904,0.00371
vol1|E387 (A),61000,2.59,-0.01930,-0.02402
vol1|E387 (A),61000,4.18,0.02053,-0.07160
vol1|E387 (A),61000,5.42,0.01024,-0.10308
vol1|E387 (A),61000,6.99,-0.02131,-0.10667
vol1|E387 (A),61000,8.82,-0.11650,-0.08244
vol1|E387 (A),61000,10.15,-0.20534,-0.07524
vol1|E387 (A),101000,-5.38,-0.20397,0.06633
vol1|E387 (A),101000,-3.62,-0.10494,0.05734
vol1|E387 (A),101000,-2.04,-0.02573,0.00193
vol1|E387 (A),101000,-0.49,0.01149,-0.03878
vol1|E387 (A),101000,0.81,0.03073,-0.04740
vol1|E387 (A),101000,2.46,0.03967,-0.06423
vol1|E387 (A),101000,3.86,0.03967,-0.07799
vol1|E387 (A),101000,5.61,0.03967,-0.08945
vol1|E387 (A),101000,6.93,0.03814,-0.10140
vol1|E387 (A),101000,8.7,-0.01686,-0.08279
vol1|E387 (A),101000,10.13,-0.03018,-0.08247
vol1|E387 (A),151600,-5.31,-0.21383,0.05297
vol1|E387 (A),151600,-3.46,-0.05686,0.01347
vol1|E387 (A),151600,-2.11,-0.00071,-0.01561
vol1|E387 (A),151600,-0.5,0.01834,-0.04282
vol1|E387 (A),151600,0.83,0.03758,-0.04555
vol1|E387 (A),151600,2.54,0.04652,-0.05728
vol1|E387 (A),151600,4.07,0.04652,-0.07105
vol1|E387 (A),151600,5.65,0.04652,-0.07466
vol1|E387 (A),151600,7.06,0.04206,-0.08418
vol1|E387 (A),151600,8.65,-0.00717,-0.06894
vol1|E387 (A),151600,10.04,-0.01967,-0.06758
vol1|E387 (A),202300,-4.65,-0.09445,0.04015
vol1|E387 (A),202300,-3.35,-0.02408,-0.01249
vol1|E387 (A),202300,-1.97,0.00064,-0.02584
vol1|E387 (A),202300,-0.37,0.01969,-0.04359
vol1|E387 (A),202300,1.27,0.03893,-0.04764
vol1|E387 (A),202300,2.67,0.04787,-0.05693
vol1|E387 (A),202300,4.24,0.04787,-0.06827
vol1|E387 (A),202300,5.61,0.04787,-0.07398
vol1|E387 (A),202300,7.25,0.01431,-0.07756
vol1|E387 (A),202300,8.79,-0.01698,-0.06552
vol1|E387 (A),202300,10.18,-0.00719,-0.06606
vol1|E387 (A),303000,-5.46,0.02214,0.02991
vol1|E387 (A),303000,-3.93,-0.02531,-0.01335
vol1|E387 (A),303000,-2.24,0.02107,-0.01810
vol1|E387 (A),303000,-0.24,0.03144,-0.03705
vol1|E387 (A),303000,1.05,0.05067,-0.03946
vol1|E387 (A),303000,2.53,0.05962,-0.05119
vol1|E387 (A),303000,4.08,0.05962,-0.06154
vol1|E387 (A),303000,5.94,0.06483,-0.06941
vol1|E387 (A),303000,6.95,0.03134,-0.07147
vol1|E387 (A),303000,8.46,0.01566,-0.06854
vol1|E387 (A),303000,9.93,0.04333,-0.05299
vol1|FX 63-137 (B),100800,-5.05,-0.10257,-0.02207
vol1|FX 63-137 (B),100800,-3.74,-0.02417,-0.07843
vol1|FX 63-137 (B),100800,-2.86,0.00717,-0.08129
vol1|FX 63-137 (B),100800,-1.91,0.01989,-0.11988
vol1|FX 63-137 (B),100800,-0.57,0.02884,-0.15520
vol1|FX 63-137 (B),100800,0.37,0.02884,-0.16110
vol1|FX 63-137 (B),100800,1.29,0.03758,-0.16588
vol1|FX 63-137 (B),100800,2.27,0.03758,-0.17090
vol1|FX 63-137 (B),100800,3.48,0.03605,-0.19105
vol1|FX 63-137 (B),100800,4.41,0.01290,-0.20209
vol1|FX 63-137 (B),100800,5.65,0.01290,-0.20321
vol1|FX 63-137 (B),100800,6.53,0.01290,-0.19934
vol1|FX 63-137 (B),100800,7.53,0.01290,-0.20141
vol1|FX 63-137 (B),100800,8.34,0.01290,-0.20723
vol1|FX 63-137 (B),100800,9.72,0.01170,-0.19485
vol1|FX 63-137 (B),100800,10.57,-0.00964,-0.18929
vol1|FX 63-137 (B),100800,11.44,0.02234,-0.17317
vol1|FX 63-137 (B),201100,-5.79,-0.05885,-0.07760
vol1|FX 63-137 (B),201100,-4.73,-0.01967,-0.12224
vol1|FX 63-137 (B),201100,-3.65,0.03955,-0.14258
vol1|FX 63-137 (B),201100,-2.54,0.06015,-0.17162
vol1|FX 63-137 (B),201100,-1.61,0.06407,-0.19921
vol1|FX 63-137 (B),201100,-0.42,0.06407,-0.22134
vol1|FX 63-137 (B),201100,0.87,0.06407,-0.22396
vol1|FX 63-137 (B),201100,1.42,0.06407,-0.23876
vol1|FX 63-137 (B),201100,2.63,0.04557,-0.24296
vol1|FX 63-137 (B),201100,3.99,0.04813,-0.24875
vol1|FX 63-137 (B),201100,4.67,0.04813,-0.24809
vol1|FX 63-137 (B),201100,5.89,0.04813,-0.24314
vol1|FX 63-137 (B),201100,6.78,0.04813,-0.24793
vol1|FX 63-137 (B),201100,8.29,0.03724,-0.19934
vol1|FX 63-137 (B),201100,9.14,0.01517,-0.19636
vol1|FX 63-137 (B),201100,10.51,-0.00041,-0.17349
vol1|FX 63-137 (B),201100,10.7,-0.00041,-0.17344
vol1|FX 63-137 (B),201100,11.97,0.03190,-0.15599
vol1|FX 63-137 (B),251600,-6.29,-0.04970,-0.07748
vol1|FX 63-137 (B),251600,-4.91,-0.00369,-0.12694
vol1|FX 63-137 (B),251600,-3.87,0.00420,-0.16352
vol1|FX 63-137 (B),251600,-2.74,0.06554,-0.16441
vol1|FX 63-137 (B),251600,-1.81,0.06946,-0.20326
vol1|FX 63-137 (B),251600,-0.74,0.06946,-0.21635
vol1|FX 63-137 (B),251600,0.24,0.06946,-0.22150
vol1|FX 63-137 (B),251600,1.25,0.06946,-0.23859
vol1|FX 63-137 (B),251600,2.34,0.05096,-0.24166
vol1|FX 63-137 (B),251600,3.37,0.05352,-0.25253
vol1|FX 63-137 (B),251600,4.34,0.05352,-0.24752
vol1|FX 63-137 (B),251600,5.36,0.05352,-0.24627
vol1|FX 63-137 (B),251600,6.49,0.05352,-0.24554
vol1|FX 63-137 (B),251600,7.5,0.05352,-0.24244
vol1|FX 63-137 (B),251600,8.33,0.05244,-0.19803
vol1|FX 63-137 (B),251600,9.5,0.00617,-0.19182
vol1|FX 63-137 (B),251600,10.51,0.00934,-0.17162
vol1|FX 63-137 (B),251600,11.6,0.07347,-0.15674
vol1|FX 63-137 (B),302300,-5.82,-0.02077,-0.10945
vol1|FX 63-137 (B),302300,-4.86,0.00819,-0.13964
vol1|FX 63-137 (B),302300,-3.85,0.00734,-0.16743
vol1|FX 63-137 (B),302300,-2.79,0.06867,-0.16546
vol1|FX 63-137 (B),302300,-1.74,0.07259,-0.20649
vol1|FX 63-137 (B),302300,-0.71,0.07259,-0.21736
vol1|FX 63-137 (B),302300,0.33,0.07259,-0.22477
vol1|FX 63-137 (B),302300,1.34,0.07259,-0.23736
vol1|FX 63-137 (B),302300,2.35,0.05410,-0.24042
vol1|FX 63-137 (B),302300,3.36,0.05665,-0.25178
vol1|FX 63-137 (B),302300,4.45,0.05665,-0.24639
vol1|FX 63-137 (B),302300,5.46,0.05665,-0.24758
vol1|FX 63-137 (B),302300,6.42,0.05665,-0.24468
vol1|FX 63-137 (B),302300,7.49,0.05665,-0.24307
vol1|FX 63-137 (B),302300,8.52,0.03289,-0.19509
vol1|FX 63-137 (B),302300,9.57,0.00657,-0.19302
vol1|FX 63-137 (B),302300,10.55,0.01248,-0.17365
vol1|FX 63-137 (B),302300,11.53,0.07825,-0.15970
vol1|GEMINI,101600,-7.01,-0.19492,0.13465
vol1|GEMINI,101600,-3.28,-0.04781,0.09728
vol1|GEMINI,101600,-2.71,-0.02816,0.08805
vol1|GEMINI,101600,-1.08,0.02004,0.04040
vol1|GEMINI,101600,0.56,0.03135,-0.03920
vol1|GEMINI,101600,2.08,0.06033,-0.03320
vol1|GEMINI,101600,3.64,0.06604,-0.05124
vol1|GEMINI,101600,5.13,0.06223,-0.06244
vol1|GEMINI,101600,6.44,0.06223,-0.06286
vol1|GEMINI,101600,8.3,0.06223,-0.08057
vol1|GEMINI,101600,9.63,0.05673,-0.08406
vol1|GEMINI,101600,11.05,0.09906,-0.05614
vol1|GEMINI,202800,-7.05,-0.13971,0.11175
vol1|GEMINI,202800,-5.6,-0.07530,0.09401
vol1|GEMINI,202800,-3.85,-0.04604,0.05856
vol1|GEMINI,202800,-2.47,0.01093,0.02960
vol1|GEMINI,202800,-1.14,0.03634,0.02294
vol1|GEMINI,202800,0.38,0.03947,0.00013
vol1|GEMINI,202800,2.11,0.04738,-0.02519
vol1|GEMINI,202800,3.56,0.06896,-0.03962
vol1|GEMINI,202800,5.15,0.06896,-0.04517
vol1|GEMINI,202800,7.04,0.06896,-0.04688
vol1|GEMINI,202800,8.21,0.06896,-0.05647
vol1|GEMINI,202800,9.78,0.05572,-0.06206
vol1|GEMINI,202800,11.13,0.14462,-0.04140
vol1|GEMINI,304100,-5.77,-0.01057,0.08149
vol1|GEMINI,304100,-4.53,-0.01524,0.06425
vol1|GEMINI,304100,-2.47,0.03025,0.03091
vol1|GEMINI,304100,-1.29,0.04382,0.02617
vol1|GEMINI,304100,0.76,0.04556,0.00110
vol1|GEMINI,304100,2.08,0.05228,-0.01287
vol1|GEMINI,304100,3.59,0.07505,-0.02942
vol1|GEMINI,304100,5.24,0.07505,-0.04376
vol1|GEMINI,304100,6.87,0.07505,-0.04433
vol1|GEMINI,304100,8.27,0.07505,-0.05254
vol1|GEMINI,304100,9.59,0.06617,-0.05894
vol1|GEMINI,304100,11.25,0.21784,-0.04138
vol1|GM15,38600,10.98,-0.37760,-0.02033
vol1|GM15,40600,-3.62,-0.18498,0.06745
vol1|GM15,40600,-1.52,-0.16263,-0.00730
vol1|GM15,40600,0.66,-0.15499,-0.04912
vol1|GM15,40600,2.61,-0.15611,-0.02834
vol1|GM15,40600,4.61,-0.10479,-0.11144
vol1|GM15,40600,6.83,-0.13622,-0.16901
vol1|GM15,40600,8.75,-0.32799,-0.16647
vol1|GM15,40600,9.94,-0.38745,-0.07282
vol1|GM15,60700,-3.59,-0.24820,0.03421
vol1|GM15,60700,-0.37,-0.15344,-0.05745
vol1|GM15,60700,1.07,-0.14951,-0.07879
vol1|GM15,60700,2.72,-0.09255,-0.11581
vol1|GM15,60700,4.28,-0.09118,-0.16360
vol1|GM15,60700,5.74,-0.10479,-0.18437
vol1|GM15,60700,7.34,-0.27365,-0.18141
vol1|GM15,60700,8.95,-0.34924,-0.18419
vol1|GM15,60700,10.38,-0.39336,-0.08744
vol1|GM15,60700,11.96,-0.31731,-0.01613
vol1|GM15,100600,0.0,-0.10488,-0.12074
vol1|GM15,100600,1.63,-0.03113,-0.14461
vol1|GM15,100600,3.13,-0.03442,-0.17593
vol1|GM15,100600,4.55,-0.03442,-0.17564
vol1|GM15,100600,6.15,-0.04470,-0.17688
vol1|GM15,100600,7.58,-0.15853,-0.17039
vol1|GM15,100600,9.11,-0.19235,-0.18457
vol1|GM15,100600,10.6,-0.22217,-0.06796
vol1|GM15,101900,-3.46,-0.17623,-0.03345
vol1|GM15,102100,-1.49,-0.11533,-0.11257
vol1|GM15,200500,-3.41,-0.09050,-0.10797
vol1|GM15,200500,-1.25,-0.05520,-0.13659
vol1|GM15,200500,-0.44,-0.04768,-0.13720
vol1|GM15,200500,1.54,-0.02622,-0.16874
vol1|GM15,200500,2.77,-0.02622,-0.17116
vol1|GM15,200500,4.75,-0.02622,-0.17563
vol1|GM15,200500,5.86,-0.07719,-0.16845
vol1|GM15,200500,7.66,-0.15865,-0.15797
vol1|GM15,200500,9.14,-0.15144,-0.15925
vol1|GM15,200500,10.58,-0.19042,-0.10085
vol1|K3311,61100,-4.25,-0.24729,0.13580
vol1|K3311,61100,-2.71,-0.20357,0.13773
vol1|K3311,61100,-1.19,-0.12450,0.05238
vol1|K3311,61100,0.58,-0.02606,-0.00196
vol1|K3311,61100,1.9,-0.01587,-0.03152
vol1|K3311,61100,3.68,-0.01203,-0.06577
vol1|K3311,61100,5.07,-0.01341,-0.08167
vol1|K3311,61100,6.8,-0.01595,-0.11824
vol1|K3311,61100,8.31,-0.02296,-0.13681
vol1|K3311,61100,9.89,-0.02320,-0.12198
vol1|K3311,61100,11.23,-0.12895,-0.11588
vol1|K3311,101100,-4.09,-0.21518,0.06633
vol1|K3311,101100,-2.54,-0.08730,0.03552
vol1|K3311,101100,-1.21,0.00505,-0.03464
vol1|K3311,101100,0.43,0.03133,-0.06623
vol1|K3311,101100,2.12,0.04075,-0.08578
vol1|K3311,101100,3.59,0.04075,-0.09504
vol1|K3311,101100,5.18,0.04075,-0.09843
vol1|K3311,101100,6.83,0.03893,-0.12262
vol1|K3311,101100,8.25,0.03120,-0.12927
vol1|K3311,101100,9.76,0.03001,-0.10221
vol1|K3311,101100,11.22,0.00187,-0.10124
vol1|K3311,201800,-5.79,-0.16387,0.05039
vol1|K3311,201800,-4.11,-0.08139,0.01184
vol1|K3311,201800,-2.55,0.01612,-0.02719
vol1|K3311,201800,-1.07,0.03420,-0.05007
vol1|K3311,201800,0.4,0.03881,-0.07342
vol1|K3311,201800,2.18,0.04822,-0.08308
vol1|K3311,201800,3.52,0.04822,-0.08731
vol1|K3311,201800,5.22,0.04822,-0.09342
vol1|K3311,201800,6.6,0.04640,-0.10605
vol1|K3311,201800,8.15,0.03869,-0.11160
vol1|K3311,201800,9.85,0.02477,-0.08665
vol1|K3311,201800,11.19,0.07231,-0.08140
vol1|K3311,302900,-5.62,-0.06897,0.03629
vol1|K3311,302900,-4.28,-0.03737,-0.00498
vol1|K3311,302900,-2.78,0.03424,-0.03201
vol1|K3311,302900,-1.0,0.04388,-0.05299
vol1|K3311,302900,0.47,0.04848,-0.06614
vol1|K3311,302900,2.11,0.05789,-0.07414
vol1|K3311,302900,3.51,0.05789,-0.08339
vol1|K3311,302900,5.25,0.05607,-0.08836
vol1|K3311,302900,6.83,0.05607,-0.10476
vol1|K3311,302900,8.16,0.05108,-0.10524
vol1|K3311,302900,10.05,0.03715,-0.08414
vol1|K3311,302900,11.68,0.06883,-0.07620
vol1|MA409,40700,-1.98,-0.17267,0.04735
vol1|MA409,40700,0.16,-0.15443,-0.00361
vol1|MA409,40700,2.11,-0.16498,-0.01482
vol1|MA409,40700,4.32,-0.09960,-0.00970
vol1|MA409,40700,6.35,-0.06331,-0.13257
vol1|MA409,40700,8.22,-0.29946,-0.17221
vol1|MA409,40700,10.34,-0.32080,0.01082
vol1|MA409,60800,-2.71,-0.18613,0.04052
vol1|MA409,60800,-1.11,-0.15274,0.01250
vol1|MA409,60800,0.56,-0.15545,-0.03049
vol1|MA409,60800,2.03,-0.16313,-0.00962
vol1|MA409,60800,3.26,-0.12593,-0.00794
vol1|MA409,60800,4.89,-0.07779,-0.14028
vol1|MA409,60800,6.36,-0.23501,-0.12548
vol1|MA409,60800,7.98,-0.28220,-0.14814
vol1|MA409,60800,9.58,-0.37200,-0.02618
vol1|MA409,101500,-4.39,-0.20340,0.01717
vol1|MA409,101500,-2.61,-0.13675,-0.01303
vol1|MA409,101500,-1.24,-0.12279,-0.03593
vol1|MA409,101500,0.31,-0.11856,-0.06555
vol1|MA409,101500,1.81,-0.11781,-0.06549
vol1|MA409,101500,3.29,-0.03099,-0.11434
vol1|MA409,101500,5.07,-0.02287,-0.14972
vol1|MA409,101500,6.42,-0.08645,-0.12447
vol1|MA409,101500,8.24,-0.10724,-0.11449
vol1|MA409,101500,9.45,-0.23080,-0.04100
vol1|MA409,201900,-4.4,-0.09766,-0.02475
vol1|MA409,201900,-2.83,-0.06349,-0.04023
vol1|MA409,201900,-1.45,-0.04974,-0.05400
vol1|MA409,201900,-0.03,-0.06144,-0.06836
vol1|MA409,201900,1.72,-0.04309,-0.08691
vol1|MA409,201900,3.3,-0.01293,-0.13539
vol1|MA409,201900,4.71,-0.01293,-0.13415
vol1|MA409,201900,6.14,-0.07988,-0.11634
vol1|MA409,201900,7.58,-0.07741,-0.09180
vol1|MA409,201900,9.24,-0.18258,-0.10090
vol1|MA409,302500,-4.68,-0.03959,-0.03866
vol1|MA409,302500,-3.14,-0.02292,-0.05876
vol1|MA409,302500,-1.43,-0.02379,-0.06627
vol1|MA409,302500,-0.0,-0.03757,-0.09128
vol1|MA409,302500,1.61,-0.00972,-0.10000
vol1|MA409,302500,3.49,-0.00407,-0.12578
vol1|MA409,302500,4.78,-0.05259,-0.12048
vol1|MA409,302500,6.21,-0.06817,-0.12063
vol1|MA409,302500,8.0,-0.02879,-0.09062
vol1|MA409,302500,9.39,-0.11770,-0.10020
vol1|MA409,305400,-6.09,-0.16691,-0.01269
vol1|MH45,60900,-3.22,-0.19183,0.08375
vol1|MH45,60900,-1.62,-0.18981,0.04286
vol1|MH45,60900,-0.06,-0.08725,-0.00556
vol1|MH45,60900,1.45,-0.06109,-0.04394
vol1|MH45,60900,2.98,-0.05442,-0.08044
vol1|MH45,60900,4.5,-0.03260,-0.08647
vol1|MH45,60900,6.05,-0.03433,-0.08872
vol1|MH45,60900,7.58,-0.05191,-0.08372
vol1|MH45,60900,9.09,-0.11446,-0.08344
vol1|MH45,60900,10.64,-0.26126,-0.08090
vol1|MH45,61600,-6.2,-0.31529,0.08096
vol1|MH45,61600,-4.66,-0.25954,0.09274
vol1|MH45,101100,-2.94,-0.15952,0.05146
vol1|MH45,101100,-1.4,-0.01745,-0.03912
vol1|MH45,101100,0.16,-0.00312,-0.06979
vol1|MH45,101100,1.48,-0.00312,-0.07957
vol1|MH45,101100,3.34,0.00356,-0.08405
vol1|MH45,101100,4.69,0.02365,-0.08389
vol1|MH45,101100,6.18,0.02129,-0.08347
vol1|MH45,101100,7.64,-0.00610,-0.06868
vol1|MH45,101100,9.28,-0.02045,-0.07870
vol1|MH45,101100,10.69,-0.00738,-0.09461
vol1|MH45,102500,-6.11,-0.28532,0.07186
vol1|MH45,102500,-4.67,-0.23402,0.07166
vol1|MH45,201900,-3.0,-0.00819,-0.02747
vol1|MH45,201900,-1.64,-0.00261,-0.03390
vol1|MH45,201900,-0.04,0.00737,-0.05870
vol1|MH45,201900,1.47,0.01065,-0.07316
vol1|MH45,201900,3.22,0.01400,-0.07114
vol1|MH45,201900,4.68,0.03742,-0.07392
vol1|MH45,201900,6.14,0.02619,-0.06639
vol1|MH45,201900,7.73,0.01343,-0.06111
vol1|MH45,201900,9.27,-0.00352,-0.06646
vol1|MH45,201900,10.63,0.03736,-0.07090
vol1|MH45,204200,-6.17,-0.16917,0.05358
vol1|MH45,204700,-4.63,-0.05870,0.00998
vol1|MH45,302600,-2.92,0.01388,-0.03093
vol1|MH45,302600,-1.45,0.01570,-0.03476
vol1|MH45,302600,0.14,0.02568,-0.04920
vol1|MH45,302600,1.48,0.02896,-0.06289
vol1|MH45,302600,3.03,0.03230,-0.06516
vol1|MH45,302600,4.5,0.05125,-0.06840
vol1|MH45,302600,6.28,0.03382,-0.05604
vol1|MH45,302600,7.66,0.03096,-0.05513
vol1|MH45,302600,9.36,0.01687,-0.05491
vol1|MH45,302600,10.74,0.08915,-0.06196
vol1|MH45,306500,-6.07,-0.04685,0.02188
vol1|MH45,306500,-4.5,-0.01129,-0.02261
vol1|NACA 6409,61000,-2.8,-0.23435,0.07761
vol1|NACA 6409,61000,-1.13,-0.09738,0.00970
vol1|NACA 6409,61000,0.26,-0.06442,-0.03697
vol1|NACA 6409,61000,2.09,-0.05680,-0.08926
vol1|NACA 6409,61000,3.33,-0.08672,-0.11021
vol1|NACA 6409,61000,5.0,-0.10020,-0.16372
vol1|NACA 6409,100700,-2.68,-0.05573,-0.01416
vol1|NACA 6409,100700,-1.0,-0.00114,-0.05117
vol1|NACA 6409,100700,0.26,0.01795,-0.09700
vol1|NACA 6409,100700,1.98,0.03576,-0.12407
vol1|NACA 6409,100700,3.34,0.01612,-0.13514
vol1|NACA 6409,100700,5.09,-0.01267,-0.14316
vol1|NACA 6409,100700,6.47,-0.01012,-0.14731
vol1|NACA 6409,100700,8.12,-0.01012,-0.15464
vol1|NACA 6409,100700,9.73,-0.06336,-0.13307
vol1|NACA 6409,200600,-2.89,-0.00704,-0.03501
vol1|NACA 6409,200600,-1.37,0.02202,-0.07267
vol1|NACA 6409,200600,0.22,0.04395,-0.10145
vol1|NACA 6409,200600,1.67,0.04395,-0.11602
vol1|NACA 6409,200600,3.34,0.04395,-0.12209
vol1|NACA 6409,200600,4.97,0.02546,-0.12974
vol1|NACA 6409,200600,6.97,0.02802,-0.13875
vol1|NACA 6409,200600,8.11,-0.00450,-0.13488
vol1|NACA 6409,200600,10.13,-0.05017,-0.12286
vol1|NACA 6409,200600,11.33,-0.00154,-0.15750
vol1|NACA 64A010,61600,-6.06,-0.24756,0.11375
vol1|NACA 64A010,61600,-4.31,-0.18079,0.10219
vol1|NACA 64A010,61600,-2.72,-0.16934,0.05314
vol1|NACA 64A010,61600,-1.17,-0.15405,0.01619
vol1|NACA 64A010,61600,0.32,-0.15353,0.00247
vol1|NACA 64A010,61600,1.84,-0.12384,0.00060
vol1|NACA 64A010,61600,3.18,-0.07242,-0.04806
vol1|NACA 64A010,61600,4.69,-0.09656,-0.10655
vol1|NACA 64A010,61600,6.51,-0.10799,-0.11785
vol1|NACA 64A010,61600,7.91,-0.14896,-0.06824
vol1|NACA 64A010,101600,-6.29,-0.23048,0.08806
vol1|NACA 64A010,101600,-4.28,-0.16075,0.08830
vol1|NACA 64A010,101600,-2.72,-0.14744,0.08495
vol1|NACA 64A010,101600,-1.22,-0.14631,0.04450
vol1|NACA 64A010,101600,0.12,-0.12956,-0.02394
vol1|NACA 64A010,101600,1.7,-0.02799,-0.07884
vol1|NACA 64A010,101600,3.37,0.01847,-0.12112
vol1|NACA 64A010,101600,4.7,0.00106,-0.10522
vol1|NACA 64A010,101600,6.4,-0.00155,-0.10116
vol1|NACA 64A010,101600,7.68,-0.03601,-0.07486
vol1|NACA 64A010,202900,-6.07,-0.12763,0.07138
vol1|NACA 64A010,202900,-4.39,-0.10808,0.07889
vol1|NACA 64A010,202900,-2.73,-0.08830,0.06729
vol1|NACA 64A010,202900,-1.1,-0.09107,0.02216
vol1|NACA 64A010,202900,0.08,-0.03959,-0.02858
vol1|NACA 64A010,202900,1.66,0.01472,-0.10472
vol1|NACA 64A010,202900,3.43,0.02503,-0.12375
vol1|NACA 64A010,202900,4.66,0.01614,-0.10171
vol1|NACA 64A010,202900,6.09,0.02283,-0.09430
vol1|NACA 64A010,202900,7.73,0.04879,-0.07872
vol1|NACA 64A010,304400,-6.25,-0.07985,0.05939
vol1|NACA 64A010,304400,-4.27,-0.07101,0.07923
vol1|NACA 64A010,304400,-2.54,-0.05202,0.04548
vol1|NACA 64A010,304400,-0.87,-0.01628,-0.00079
vol1|NACA 64A010,304400,0.36,0.01594,-0.04279
vol1|NACA 64A010,304400,1.68,0.03055,-0.09547
vol1|NACA 64A010,304400,3.29,0.05733,-0.10305
vol1|NACA 64A010,304400,4.64,0.02211,-0.09743
vol1|NACA 64A010,304400,6.2,0.04288,-0.09251
vol1|NACA 64A010,304400,7.76,0.08429,-0.07976
vol1|R140 (A),101600,-4.02,-0.17118,0.07743
vol1|R140 (A),101600,-2.47,-0.14889,0.06242
vol1|R140 (A),101600,-0.91,-0.12795,0.01254
vol1|R140 (A),101600,0.55,-0.02474,-0.05012
vol1|R140 (A),101600,2.14,-0.00551,-0.08653
vol1|R140 (A),101600,3.65,0.01311,-0.10063
vol1|R140 (A),101600,4.99,0.01813,-0.08930
vol1|R140 (A),101600,6.56,-0.01336,-0.08756
vol1|R140 (A),101600,8.26,-0.02715,-0.05750
vol1|R140 (A),101600,9.53,0.00178,0.00320
vol1|R140 (A),103000,-5.77,-0.19787,0.08046
vol1|R140 (A),203000,-5.63,-0.14402,0.04917
vol1|R140 (A),203000,-4.07,-0.11468,0.05056
vol1|R140 (A),203000,-2.71,-0.07064,0.02340
vol1|R140 (A),203000,-0.96,-0.02676,-0.01507
vol1|R140 (A),203000,0.36,0.00352,-0.04164
vol1|R140 (A),203000,2.02,0.01488,-0.07910
vol1|R140 (A),203000,3.84,0.02819,-0.08494
vol1|R140 (A),203000,5.13,0.03316,-0.07746
vol1|R140 (A),203000,6.47,0.03351,-0.07511
vol1|R140 (A),203000,8.29,0.08118,-0.06015
vol1|R140 (A),203000,9.56,0.12364,-0.05284
vol1|R140 (A),304400,-5.71,-0.06248,0.04092
vol1|R140 (A),304400,-3.85,-0.02280,0.04446
vol1|R140 (A),304400,-2.66,-0.00842,0.01437
vol1|R140 (A),304400,-0.44,0.01334,-0.03273
vol1|R140 (A),304400,0.59,0.02846,-0.03780
vol1|R140 (A),304400,2.13,0.03159,-0.06352
vol1|R140 (A),304400,3.4,0.03159,-0.07858
vol1|R140 (A),304400,5.11,0.02968,-0.07472
vol1|R140 (A),304400,6.46,0.03225,-0.07367
vol1|R140 (A),304400,8.05,0.14914,-0.05450
vol1|R140 (A),304400,9.62,0.13526,-0.03601
vol1|RG15 (B),61100,-6.86,-0.30744,0.13958
vol1|RG15 (B),61100,-4.99,-0.25248,0.10376
vol1|RG15 (B),61100,-3.58,-0.20065,0.10355
vol1|RG15 (B),61100,-1.93,-0.17131,0.06743
vol1|RG15 (B),61100,-0.34,-0.16665,0.05789
vol1|RG15 (B),61100,1.12,-0.14042,0.02764
vol1|RG15 (B),61100,2.76,-0.08165,-0.00734
vol1|RG15 (B),61100,4.24,-0.06326,-0.07400
vol1|RG15 (B),61100,5.66,-0.06508,-0.07468
vol1|RG15 (B),61100,7.31,-0.13521,-0.06640
vol1|RG15 (B),61100,8.86,-0.18880,-0.08419
vol1|RG15 (B),61100,10.25,-0.17805,-0.04614
vol1|RG15 (B),101200,-6.45,-0.29506,0.08977
vol1|RG15 (B),101200,-4.97,-0.22501,0.08852
vol1|RG15 (B),101200,-3.47,-0.17028,0.08694
vol1|RG15 (B),101200,-2.04,-0.15731,0.07719
vol1|RG15 (B),101200,-0.47,-0.12084,0.02900
vol1|RG15 (B),101200,1.1,-0.08691,-0.00800
vol1|RG15 (B),101200,2.62,-0.01924,-0.06147
vol1|RG15 (B),101200,4.1,-0.00502,-0.07456
vol1|RG15 (B),101200,5.66,-0.00685,-0.07254
vol1|RG15 (B),101200,7.23,-0.01310,-0.06644
vol1|RG15 (B),101200,8.77,-0.03971,-0.07611
vol1|RG15 (B),101200,10.28,-0.03538,-0.11121
vol1|RG15 (B),151800,-6.07,-0.20145,0.08595
vol1|RG15 (B),151800,-5.1,-0.19032,0.07329
vol1|RG15 (B),151800,-4.13,-0.16491,0.07402
vol1|RG15 (B),151800,-3.25,-0.15216,0.07605
vol1|RG15 (B),151800,-2.02,-0.14053,0.06545
vol1|RG15 (B),151800,-1.28,-0.12493,0.05353
vol1|RG15 (B),151800,0.04,-0.08597,-0.00776
vol1|RG15 (B),151800,0.92,-0.04740,-0.02257
vol1|RG15 (B),151800,2.01,-0.01176,-0.05766
vol1|RG15 (B),151800,2.91,-0.00008,-0.07039
vol1|RG15 (B),151800,4.07,0.00245,-0.07066
vol1|RG15 (B),151800,5.11,0.00063,-0.06970
vol1|RG15 (B),151800,5.95,0.00065,-0.06822
vol1|RG15 (B),151800,7.15,-0.01564,-0.06526
vol1|RG15 (B),151800,8.2,-0.01283,-0.06840
vol1|RG15 (B),151800,8.98,-0.01402,-0.07631
vol1|RG15 (B),151800,10.0,-0.01680,-0.10411
vol1|RG15 (B),202500,-6.46,-0.15896,0.06641
vol1|RG15 (B),202500,-5.09,-0.14197,0.06243
vol1|RG15 (B),202500,-3.53,-0.10654,0.07294
vol1|RG15 (B),202500,-1.98,-0.09346,0.04975
vol1|RG15 (B),202500,-0.47,-0.06142,0.01013
vol1|RG15 (B),202500,1.13,-0.01770,-0.04863
vol1|RG15 (B),202500,2.68,-0.00606,-0.06847
vol1|RG15 (B),202500,4.2,0.00245,-0.06875
vol1|RG15 (B),202500,5.74,0.00065,-0.06477
vol1|RG15 (B),202500,7.27,-0.01564,-0.06109
vol1|RG15 (B),202500,8.76,-0.02855,-0.06895
vol1|RG15 (B),202500,10.31,0.00994,-0.10172
vol1|RG15 (B),302700,-6.49,-0.09740,0.05953
vol1|RG15 (B),302700,-5.14,-0.08559,0.05462
vol1|RG15 (B),302700,-3.66,-0.06927,0.05634
vol1|RG15 (B),302700,-2.16,-0.03844,0.03577
vol1|RG15 (B),302700,-0.56,-0.02167,-0.00724
vol1|RG15 (B),302700,0.94,-0.00534,-0.05203
vol1|RG15 (B),302700,2.57,0.00588,-0.06101
vol1|RG15 (B),302700,4.06,0.01256,-0.06463
vol1|RG15 (B),302700,5.6,0.01537,-0.05941
vol1|RG15 (B),302700,7.16,0.00623,-0.05752
vol1|RG15 (B),302700,8.77,-0.03268,-0.06568
vol1|RG15 (B),302700,10.36,0.03957,-0.07430
vol1|S1210,101100,-3.97,-0.09974,0.05572
vol1|S1210,101100,-3.03,0.06572,-0.04418
vol1|S1210,101100,-2.04,0.05037,-0.06514
vol1|S1210,101100,-0.95,0.05246,-0.10041
vol1|S1210,101100,-0.0,0.05246,-0.10950
vol1|S1210,101100,1.09,0.04980,-0.14833
vol1|S1210,101100,2.04,0.04544,-0.14989
vol1|S1210,101100,3.1,0.01139,-0.14121
vol1|S1210,101100,4.25,0.00482,-0.13782
vol1|S1210,101100,5.22,0.00347,-0.14384
vol1|S1210,101100,6.35,-0.00211,-0.14179
vol1|S1210,101100,7.16,-0.00383,-0.15046
vol1|S1210,101100,8.28,-0.00336,-0.17894
vol1|S1210,101100,9.39,-0.01551,-0.17048
vol1|S1210,101100,10.2,-0.04022,-0.15049
vol1|S1210,101100,11.22,-0.06382,-0.12686
vol1|S1210,150500,-3.82,0.05520,0.00233
vol1|S1210,150500,-2.88,0.05401,-0.06223
vol1|S1210,150500,-1.83,0.06189,-0.09019
vol1|S1210,150500,-0.78,0.06189,-0.10618
vol1|S1210,150500,0.21,0.06189,-0.12964
vol1|S1210,150500,1.39,0.05754,-0.12353
vol1|S1210,150500,2.33,0.05221,-0.11770
vol1|S1210,150500,3.14,0.02348,-0.11604
vol1|S1210,150500,4.14,0.01692,-0.11649
vol1|S1210,150500,5.33,0.01118,-0.12195
vol1|S1210,150500,6.35,0.01118,-0.12916
vol1|S1210,150500,7.35,0.01118,-0.13943
vol1|S1210,150500,8.17,-0.00097,-0.15305
vol1|S1210,150500,9.49,-0.02503,-0.13780
vol1|S1210,150500,10.32,-0.01922,-0.10512
vol1|S1210,150500,11.27,-0.01952,-0.06068
vol1|S1210,200900,-4.14,0.05651,-0.01827
vol1|S1210,200900,-3.15,0.05560,-0.07471
vol1|S1210,200900,-2.18,0.06087,-0.10356
vol1|S1210,200900,-1.15,0.06296,-0.10782
vol1|S1210,200900,-0.02,0.06296,-0.10636
vol1|S1210,200900,0.92,0.06296,-0.12127
vol1|S1210,200900,1.95,0.05860,-0.11242
vol1|S1210,200900,2.94,0.02455,-0.11578
vol1|S1210,200900,4.0,0.01626,-0.11534
vol1|S1210,200900,5.1,0.01490,-0.11896
vol1|S1210,200900,6.16,0.01490,-0.12962
vol1|S1210,200900,7.16,0.01490,-0.13704
vol1|S1210,200900,8.16,0.00009,-0.15475
vol1|S1210,200900,9.37,-0.01839,-0.13232
vol1|S1210,200900,10.47,-0.07869,-0.07170
vol1|S1210,200900,11.66,-0.03134,-0.04233
vol1|S1210,250500,-4.14,0.10881,-0.04638
vol1|S1210,250500,-3.12,0.07409,-0.08885
vol1|S1210,250500,-2.16,0.07128,-0.10122
vol1|S1210,250500,-1.09,0.07337,-0.11531
vol1|S1210,250500,-0.05,0.07337,-0.10368
vol1|S1210,250500,1.01,0.07059,-0.11132
vol1|S1210,250500,2.05,0.06369,-0.11353
vol1|S1210,250500,3.02,0.03323,-0.11640
vol1|S1210,250500,4.09,0.02667,-0.11423
vol1|S1210,250500,5.03,0.02667,-0.12649
vol1|S1210,250500,6.16,0.02531,-0.12825
vol1|S1210,250500,7.19,0.01316,-0.15012
vol1|S1210,250500,8.18,0.01316,-0.14991
vol1|S1210,250500,9.41,-0.00798,-0.11911
vol1|S1210,250500,10.24,-0.03659,-0.06803
vol1|S1210,250500,11.28,0.03073,-0.08694
vol1|S1210,300800,-5.1,0.14778,0.05408
vol1|S1210,300800,-4.1,0.08683,-0.04869
vol1|S1210,300800,-3.05,0.08408,-0.09434
vol1|S1210,300800,-2.03,0.08127,-0.10957
vol1|S1210,300800,-1.03,0.08127,-0.09372
vol1|S1210,300800,0.02,0.08127,-0.10074
vol1|S1210,300800,1.01,0.07848,-0.11058
vol1|S1210,300800,2.09,0.07158,-0.11290
vol1|S1210,300800,3.1,0.04113,-0.11274
vol1|S1210,300800,4.13,0.03456,-0.11808
vol1|S1210,300800,5.15,0.03456,-0.12811
vol1|S1210,300800,6.17,0.03085,-0.14467
vol1|S1210,300800,7.13,0.02106,-0.14645
vol1|S1210,300800,8.23,0.01348,-0.14022
vol1|S1210,300800,9.14,-0.00009,-0.12035
vol1|S1210,300800,10.23,-0.01167,-0.06849
vol1|S1210,300800,11.27,0.04954,-0.05967
vol1|S1223,100600,-3.29,0.02609,-0.06835
vol1|S1223,100600,-2.52,0.02553,-0.11343
vol1|S1223,100600,-0.99,-0.04729,-0.11066
vol1|S1223,100600,-0.01,0.05215,-0.15687
vol1|S1223,100600,0.92,0.04544,-0.16070
vol1|S1223,100600,1.75,0.00966,-0.16830
vol1|S1223,100600,2.59,-0.00248,-0.14626
vol1|S1223,100600,3.72,-0.00383,-0.14019
vol1|S1223,100600,4.85,-0.00336,-0.13633
vol1|S1223,100600,5.74,-0.00086,-0.16121
vol1|S1223,100600,6.72,-0.02960,-0.17273
vol1|S1223,149700,3.94,0.00622,-0.13095
vol1|S1223,149700,5.25,0.00064,-0.12914
vol1|S1223,149700,6.87,-0.00551,-0.13593
vol1|S1223,149700,8.64,-0.01174,-0.13810
vol1|S1223,149700,9.94,-0.01726,-0.14095
vol1|S1223,149700,11.47,0.01937,-0.14985
vol1|S1223,150500,-2.29,0.04557,-0.08346
vol1|S1223,150500,-0.81,0.06129,-0.14709
vol1|S1223,150500,0.75,0.05581,-0.15364
vol1|S1223,150500,2.92,0.01253,-0.12233
vol1|S1223,198500,8.91,-0.00500,-0.12974
vol1|S1223,198500,10.16,-0.01010,-0.13982
vol1|S1223,198500,11.1,0.01851,-0.14155
vol1|S1223,198500,11.87,0.02997,-0.13311
vol1|S1223,200400,-2.83,0.06035,-0.10853
vol1|S1223,200400,-1.45,0.06929,-0.14156
vol1|S1223,200400,-0.0,0.05479,-0.15821
vol1|S1223,200400,0.67,0.05688,-0.15545
vol1|S1223,200400,1.82,0.01971,-0.12263
vol1|S1223,200400,2.99,0.01626,-0.12387
vol1|S1223,200400,3.77,0.01360,-0.12758
vol1|S1223,200400,4.76,0.00009,-0.12506
vol1|S1223,200400,6.26,0.00009,-0.13407
vol1|S1223,200400,6.9,0.00009,-0.13662
vol1|S1223,200400,7.93,-0.00548,-0.13684
vol1|S1223,249700,-3.04,0.12165,-0.08238
vol1|S1223,249700,-1.07,0.07418,-0.14969
vol1|S1223,249700,0.47,0.06729,-0.13853
vol1|S1223,249700,1.94,0.05793,-0.12168
vol1|S1223,249700,3.48,0.05181,-0.12341
vol1|S1223,249700,5.12,0.04176,-0.12110
vol1|S1223,249700,6.64,0.04780,-0.12552
vol1|S1223,249700,8.18,0.04176,-0.13129
vol1|S1223,249700,9.57,-0.00017,-0.13420
vol1|S1223,249700,11.39,0.04661,-0.12431
vol1|S1223,299100,-2.68,0.15000,-0.12426
vol1|S1223,299100,-1.02,0.08417,-0.15077
vol1|S1223,299100,0.48,0.07518,-0.12881
vol1|S1223,299100,2.05,0.07062,-0.12279
vol1|S1223,299100,3.6,0.07062,-0.12202
vol1|S1223,299100,5.1,0.06926,-0.11965
vol1|S1223,299100,6.61,0.06661,-0.12414
vol1|S1223,299100,8.21,0.04938,-0.12811
vol1|S1223,299100,9.7,0.01082,-0.13840
vol1|S1223,299100,11.22,0.05398,-0.12768
vol1|S6062,101300,-3.98,-0.19437,0.05713
vol1|S6062,101300,-2.17,-0.13699,0.02758
vol1|S6062,101300,-0.61,-0.12539,0.00038
vol1|S6062,101300,0.75,-0.09638,-0.00904
vol1|S6062,101300,2.39,-0.02803,-0.05126
vol1|S6062,101300,3.53,-0.02992,-0.06515
vol1|S6062,101300,5.32,-0.02921,-0.08053
vol1|S6062,101300,7.02,-0.07786,-0.07642
vol1|S6062,101300,8.3,-0.11282,-0.08805
vol1|S6062,202000,-4.21,-0.12421,0.02246
vol1|S6062,202000,8.7,0.00581,-0.07780
vol1|S6062,202100,-6.86,-0.16051,-0.01620
vol1|S6062,202100,-2.91,-0.07895,0.02042
vol1|S6062,202100,-2.59,-0.07358,0.01669
vol1|S6062,202100,-0.76,-0.04560,-0.00824
vol1|S6062,202100,0.56,-0.01463,-0.02672
vol1|S6062,202100,2.45,-0.01347,-0.06057
vol1|S6062,202100,3.73,-0.01293,-0.06108
vol1|S6062,202100,5.49,-0.02895,-0.06601
vol1|S6062,202100,6.73,-0.03083,-0.06544
vol1|S6062,303600,-5.55,-0.04561,0.02561
vol1|S6062,303600,-3.94,-0.06639,0.01589
vol1|S6062,303600,-2.57,-0.02827,0.01087
vol1|S6062,303600,-0.83,-0.00084,-0.01370
vol1|S6062,303600,0.59,-0.00504,-0.04117
vol1|S6062,303600,2.57,0.00185,-0.05616
vol1|S6062,303600,3.75,0.00239,-0.05919
vol1|S6062,303600,5.74,-0.01356,-0.05872
vol1|S6062,303600,7.24,-0.00764,-0.06500
vol1|S6062,303600,8.62,-0.02144,-0.07024
vol1|S7012 (B),61100,-5.8,-0.28510,0.15541
vol1|S7012 (B),61100,-4.31,-0.23072,0.13198
vol1|S7012 (B),61100,-2.78,-0.17487,0.11900
vol1|S7012 (B),61100,-1.28,-0.14863,0.09437
vol1|S7012 (B),61100,0.13,-0.12366,0.08144
vol1|S7012 (B),61100,1.75,-0.06170,0.02044
vol1|S7012 (B),61100,3.52,-0.04306,-0.02640
vol1|S7012 (B),61100,4.85,-0.04306,-0.02912
vol1|S7012 (B),61100,6.36,-0.04489,-0.04196
vol1|S7012 (B),61100,7.89,-0.14220,-0.02338
vol1|S7012 (B),61100,9.58,-0.19631,-0.05361
vol1|S7012 (B),61100,10.99,-0.18484,0.09080
vol1|S7012 (B),101200,-5.86,-0.27073,0.12148
vol1|S7012 (B),101200,-4.38,-0.19228,0.11516
vol1|S7012 (B),101200,-2.88,-0.15445,0.11136
vol1|S7012 (B),101200,-1.29,-0.11825,0.07871
vol1|S7012 (B),101200,0.26,-0.04840,0.02648
vol1|S7012 (B),101200,1.79,0.00576,-0.01536
vol1|S7012 (B),101200,3.32,0.01517,-0.02845
vol1|S7012 (B),101200,4.79,0.01517,-0.02860
vol1|S7012 (B),101200,6.42,0.01337,-0.03029
vol1|S7012 (B),101200,7.98,-0.01666,-0.02966
vol1|S7012 (B),101200,9.53,-0.02731,-0.07561
vol1|S7012 (B),101200,11.03,0.03517,0.01005
vol1|S7012 (B),152100,-5.93,-0.20959,0.11041
vol1|S7012 (B),152100,-4.13,-0.15661,0.10743
vol1|S7012 (B),152100,-2.52,-0.12640,0.09286
vol1|S7012 (B),152100,-1.1,-0.07658,0.05765
vol1|S7012 (B),152100,0.59,0.00292,-0.01036
vol1|S7012 (B),152100,1.99,0.01414,-0.01764
vol1|S7012 (B),152100,3.46,0.02265,-0.02513
vol1|S7012 (B),152100,5.17,0.02082,-0.02871
vol1|S7012 (B),152100,6.73,0.01926,-0.02507
vol1|S7012 (B),152100,8.07,-0.01712,-0.03717
vol1|S7012 (B),152100,9.62,-0.01144,-0.06167
vol1|S7012 (B),202200,-5.9,-0.16470,0.09403
vol1|S7012 (B),202200,-4.39,-0.11099,0.08631
vol1|S7012 (B),202200,-2.86,-0.09387,0.08777
vol1|S7012 (B),202200,-1.38,-0.04283,0.05415
vol1|S7012 (B),202200,0.36,0.00863,-0.00532
vol1|S7012 (B),202200,1.78,0.01323,-0.01358
vol1|S7012 (B),202200,3.37,0.02265,-0.02042
vol1|S7012 (B),202200,4.78,0.02082,-0.02591
vol1|S7012 (B),202200,6.45,0.02109,-0.02208
vol1|S7012 (B),202200,7.95,-0.02831,-0.02450
vol1|S7012 (B),202200,9.48,-0.03436,-0.05196
vol1|S7012 (B),202200,10.99,-0.01714,-0.02910
vol1|S7012 (B),303000,-5.83,-0.08775,0.09556
vol1|S7012 (B),303000,-4.21,-0.07217,0.08326
vol1|S7012 (B),303000,-2.75,-0.05514,0.08569
vol1|S7012 (B),303000,-1.15,0.00407,0.02101
vol1|S7012 (B),303000,0.15,0.02056,-0.00556
vol1|S7012 (B),303000,1.71,0.02517,-0.00472
vol1|S7012 (B),303000,3.33,0.03458,-0.01344
vol1|S7012 (B),303000,4.91,0.03276,-0.01535
vol1|S7012 (B),303000,6.51,0.02157,-0.01596
vol1|S7012 (B),303000,7.89,-0.01405,-0.02619
vol1|S7012 (B),303000,9.6,-0.00634,-0.04326
vol1|S7012 (B),303000,11.07,0.02703,-0.02678
vol1|S7055,60600,11.91,-0.18288,-0.03934
vol1|S7055,60700,-4.55,-0.27233,0.11473
vol1|S7055,60700,-2.72,-0.21728,0.13991
vol1|S7055,60700,-0.93,-0.09995,0.07370
vol1|S7055,60700,0.4,-0.04757,0.01587
vol1|S7055,60700,2.33,-0.02505,-0.02566
vol1|S7055,60700,3.49,-0.01611,-0.06111
vol1|S7055,60700,5.29,-0.01611,-0.09385
vol1|S7055,60700,6.57,-0.01611,-0.10442
vol1|S7055,60700,8.32,-0.02972,-0.13772
vol1|S7055,60700,9.65,-0.02333,-0.09829
vol1|S7055,101400,-4.43,-0.19210,0.07495
vol1|S7055,101400,-2.4,-0.05842,0.02802
vol1|S7055,101400,-0.92,0.00394,-0.03626
vol1|S7055,101400,0.45,0.01772,-0.05473
vol1|S7055,101400,2.35,0.04186,-0.07499
vol1|S7055,101400,3.57,0.04186,-0.08474
vol1|S7055,101400,5.41,0.04186,-0.10090
vol1|S7055,101400,6.68,0.04186,-0.11572
vol1|S7055,101400,7.98,0.03266,-0.11639
vol1|S7055,101400,9.92,0.03030,-0.07849
vol1|S7055,151900,-4.63,-0.13041,0.04844
vol1|S7055,151900,-2.64,-0.02373,0.00076
vol1|S7055,151900,-1.03,0.01669,-0.04839
vol1|S7055,151900,0.44,0.02676,-0.05953
vol1|S7055,151900,1.91,0.04479,-0.07202
vol1|S7055,151900,3.48,0.04871,-0.08034
vol1|S7055,151900,5.03,0.04871,-0.08952
vol1|S7055,151900,6.53,0.04871,-0.09779
vol1|S7055,151900,8.09,0.03843,-0.09210
vol1|S7055,151900,9.75,0.03396,-0.06158
vol1|S7055,201900,-2.08,0.01612,-0.02609
vol1|S7055,201900,-0.82,0.02187,-0.05080
vol1|S7055,201900,0.49,0.03105,-0.05977
vol1|S7055,201900,2.42,0.05005,-0.07168
vol1|S7055,201900,3.75,0.05005,-0.08380
vol1|S7055,201900,5.23,0.05005,-0.08790
vol1|S7055,201900,7.12,0.04852,-0.10129
vol1|S7055,201900,8.32,0.03757,-0.08401
vol1|S7055,201900,9.61,0.03531,-0.06041
vol1|S7055,202800,-2.92,-0.02234,-0.02243
vol1|S7055,203900,-4.49,-0.08069,0.01656
vol1|S7055,301600,-1.06,0.03264,-0.04344
vol1|S7055,301600,0.37,0.03679,-0.05503
vol1|S7055,301600,2.11,0.06093,-0.06686
vol1|S7055,301600,4.01,0.06093,-0.07853
vol1|S7055,301600,5.21,0.06093,-0.08245
vol1|S7055,301600,6.45,0.06093,-0.09072
vol1|S7055,301600,8.13,0.04606,-0.09125
vol1|S7055,301600,10.12,0.03732,-0.06145
vol1|S7055,304900,-2.96,0.00726,-0.02325
vol1|S7055,305200,-4.49,-0.03180,0.00264
vol1|SD6060,61000,-6.14,-0.23895,0.09068
vol1|SD6060,61000,-5.15,-0.21743,0.12472
vol1|SD6060,61000,-4.24,-0.21788,0.13040
vol1|SD6060,61000,-3.21,-0.18725,0.12742
vol1|SD6060,61000,-2.15,-0.16953,0.08228
vol1|SD6060,61000,-1.17,-0.16953,0.07498
vol1|SD6060,61000,-0.1,-0.14164,0.06202
vol1|SD6060,61000,0.97,-0.08811,0.04722
vol1|SD6060,61000,1.88,-0.05022,-0.00278
vol1|SD6060,61000,3.11,-0.03034,-0.02721
vol1|SD6060,61000,4.06,-0.02532,-0.05091
vol1|SD6060,61000,4.96,-0.02140,-0.05397
vol1|SD6060,61000,6.02,-0.02140,-0.07314
vol1|SD6060,61000,7.07,-0.02140,-0.07280
vol1|SD6060,61000,8.04,-0.07885,-0.06274
vol1|SD6060,61000,9.11,-0.14530,-0.05818
vol1|SD6060,61000,10.08,-0.16493,-0.06357
vol1|SD6060,101800,-6.07,-0.23181,0.09016
vol1|SD6060,101800,-5.3,-0.17322,0.10493
vol1|SD6060,101800,-4.18,-0.18452,0.10396
vol1|SD6060,101800,-3.24,-0.13773,0.07402
vol1|SD6060,101800,-2.32,-0.12081,0.04761
vol1|SD6060,101800,-1.2,-0.03457,0.01063
vol1|SD6060,101800,-0.09,-0.00927,-0.03252
vol1|SD6060,101800,0.85,0.00817,-0.04370
vol1|SD6060,101800,1.95,0.01772,-0.05334
vol1|SD6060,101800,2.93,0.02753,-0.06164
vol1|SD6060,101800,3.95,0.03537,-0.06544
vol1|SD6060,101800,5.06,0.03537,-0.06663
vol1|SD6060,101800,6.01,0.03537,-0.07136
vol1|SD6060,101800,7.06,0.03208,-0.06898
vol1|SD6060,101800,8.02,0.01018,-0.06176
vol1|SD6060,101800,9.04,-0.00558,-0.04822
vol1|SD6060,101800,10.06,0.00455,-0.06306
vol1|SD6060,152300,-6.03,-0.17765,0.07804
vol1|SD6060,152300,-5.04,-0.17563,0.08003
vol1|SD6060,152300,-4.08,-0.15606,0.06122
vol1|SD6060,152300,-2.8,-0.06494,0.03673
vol1|SD6060,152300,-1.78,-0.05179,0.01567
vol1|SD6060,152300,-0.96,0.00439,-0.02256
vol1|SD6060,152300,0.12,0.01404,-0.04262
vol1|SD6060,152300,1.14,0.01808,-0.05273
vol1|SD6060,152300,2.18,0.03328,-0.05483
vol1|SD6060,152300,3.27,0.03830,-0.05444
vol1|SD6060,152300,4.3,0.04222,-0.06115
vol1|SD6060,152300,5.22,0.04222,-0.06527
vol1|SD6060,152300,6.27,0.04222,-0.06443
vol1|SD6060,152300,7.45,0.01922,-0.05858
vol1|SD6060,152300,8.23,0.01083,-0.05337
vol1|SD6060,152300,9.3,0.01613,-0.05306
vol1|SD6060,152300,10.72,0.01782,-0.05835
vol1|SD6060,202700,-6.08,-0.15876,0.06244
vol1|SD6060,202700,-5.27,-0.12398,0.06577
vol1|SD6060,202700,-4.36,-0.11634,0.04755
vol1|SD6060,202700,-3.21,-0.03845,0.03113
vol1|SD6060,202700,-2.26,-0.01562,0.02225
vol1|SD6060,202700,-1.17,0.01281,-0.00731
vol1|SD6060,202700,-0.22,0.01155,-0.02735
vol1|SD6060,202700,0.96,0.01637,-0.04950
vol1|SD6060,202700,2.03,0.02592,-0.05007
vol1|SD6060,202700,2.84,0.03462,-0.05167
vol1|SD6060,202700,3.9,0.04357,-0.05814
vol1|SD6060,202700,5.1,0.04357,-0.05770
vol1|SD6060,202700,6.01,0.04357,-0.05971
vol1|SD6060,202700,7.06,0.03547,-0.05516
vol1|SD6060,202700,8.03,0.01542,-0.05235
vol1|SD6060,202700,9.04,0.02191,-0.04141
vol1|SD6060,202700,10.1,0.04052,-0.04329
vol1|SD6060,303500,-6.11,-0.09426,0.05240
vol1|SD6060,303500,-4.61,-0.02867,0.03709
vol1|SD6060,303500,-3.96,-0.01286,0.03426
vol1|SD6060,303500,-2.88,0.02651,0.01160
vol1|SD6060,303500,-1.9,0.02306,0.00603
vol1|SD6060,303500,-0.89,0.03132,-0.00988
vol1|SD6060,303500,0.07,0.02703,-0.02988
vol1|SD6060,303500,1.24,0.02714,-0.04337
vol1|SD6060,303500,2.25,0.04637,-0.04475
vol1|SD6060,303500,3.19,0.04748,-0.04693
vol1|SD6060,303500,4.19,0.05532,-0.05340
vol1|SD6060,303500,5.21,0.05532,-0.05656
vol1|SD6060,303500,6.22,0.05485,-0.05559
vol1|SD6060,303500,7.32,0.03040,-0.05158
vol1|SD6060,303500,8.37,0.03689,-0.04387
vol1|SD6060,303500,9.28,0.03960,-0.04450
vol1|SD6060,303500,10.29,0.06741,-0.04658
vol1|SD7003,61100,-4.84,-0.20385,0.09807
vol1|SD7003,61100,-2.92,-0.16092,0.07570
vol1|SD7003,61100,-1.61,-0.15196,0.05145
vol1|SD7003,61100,-0.09,-0.13837,0.03229
vol1|SD7003,61100,1.66,-0.08045,-0.01965
vol1|SD7003,61100,3.03,-0.06608,-0.04246
vol1|SD7003,61100,4.6,-0.05714,-0.04861
vol1|SD7003,61100,6.09,-0.06822,-0.06394
vol1|SD7003,61100,7.72,-0.18284,-0.06401
vol1|SD7003,61100,9.2,-0.24105,-0.07517
vol1|SD7003,101600,-4.76,-0.14753,0.09288
vol1|SD7003,101600,-3.21,-0.11827,0.07917
vol1|SD7003,101600,-1.54,-0.12149,0.05226
vol1|SD7003,101600,0.01,-0.10535,0.00975
vol1|SD7003,101600,1.33,-0.02856,-0.02988
vol1|SD7003,101600,3.12,-0.00932,-0.03940
vol1|SD7003,101600,4.42,-0.00038,-0.04565
vol1|SD7003,101600,6.18,-0.01659,-0.05768
vol1|SD7003,101600,7.57,-0.06025,-0.06298
vol1|SD7003,101600,9.25,-0.08024,-0.07512
vol1|SD7003,101600,10.57,-0.13116,-0.06426
vol1|SD7003,202200,-4.65,-0.09445,0.06281
vol1|SD7003,202200,-2.85,-0.07395,0.05212
vol1|SD7003,202200,-1.67,-0.07189,0.04176
vol1|SD7003,202200,0.02,-0.01811,-0.01091
vol1|SD7003,202200,1.53,-0.01631,-0.03334
vol1|SD7003,202200,3.06,-0.00112,-0.03605
vol1|SD7003,202200,4.67,-0.00325,-0.03928
vol1|SD7003,202200,5.98,-0.02354,-0.04839
vol1|SD7003,202200,7.51,-0.05502,-0.05053
vol1|SD7003,202200,9.06,-0.05655,-0.05529
vol1|SD7003,202200,10.52,-0.05487,-0.05250
vol1|SD7003,302800,-4.27,-0.04631,0.06051
vol1|SD7003,302800,-2.96,-0.03570,0.04993
vol1|SD7003,302800,-1.67,-0.03208,0.03090
vol1|SD7003,302800,0.24,-0.00521,-0.02566
vol1|SD7003,302800,1.72,-0.00457,-0.03038
vol1|SD7003,302800,3.24,0.01063,-0.03066
vol1|SD7003,302800,4.71,0.00611,-0.03542
vol1|SD7003,302800,6.08,-0.01566,-0.04482
vol1|SD7003,302800,7.79,-0.04004,-0.04396
vol1|SD7003,302800,9.09,-0.03572,-0.05315
vol1|SD7003,302800,10.61,-0.02191,-0.05027
vol1|SD7003,305500,-6.29,-0.08287,0.05014
vol1|SD7032 (D),60300,-3.83,-0.22540,0.15735
vol1|SD7032 (D),60300,-2.19,-0.19535,0.12831
vol1|SD7032 (D),60300,-0.68,-0.11118,0.08471
vol1|SD7032 (D),60300,0.83,-0.03190,0.03534
vol1|SD7032 (D),60300,2.88,-0.01326,-0.05444
vol1|SD7032 (D),60300,4.05,-0.01326,-0.07322
vol1|SD7032 (D),60300,5.6,-0.01471,-0.09008
vol1|SD7032 (D),60300,7.1,-0.02743,-0.12080
vol1|SD7032 (D),60300,8.61,-0.04146,-0.12276
vol1|SD7032 (D),60300,10.26,-0.12850,-0.13547
vol1|SD7032 (D),60300,11.54,-0.22133,-0.09459
vol1|SD7032 (D),100700,-3.62,-0.20110,0.08489
vol1|SD7032 (D),100700,-1.9,-0.06299,0.04173
vol1|SD7032 (D),100700,-0.48,-0.00314,-0.00209
vol1|SD7032 (D),100700,1.1,0.03224,-0.03780
vol1|SD7032 (D),100700,2.48,0.04075,-0.06023
vol1|SD7032 (D),100700,4.04,0.04075,-0.07467
vol1|SD7032 (D),100700,5.53,0.03893,-0.09639
vol1|SD7032 (D),100700,7.05,0.03120,-0.10937
vol1|SD7032 (D),100700,8.63,0.02980,-0.10700
vol1|SD7032 (D),100700,10.29,0.01589,-0.11586
vol1|SD7032 (D),100700,11.69,-0.00022,-0.08958
vol1|SD7032 (D),151200,-3.64,-0.12482,0.05141
vol1|SD7032 (D),151200,-1.76,-0.01322,0.01433
vol1|SD7032 (D),151200,-0.11,0.03310,-0.03360
vol1|SD7032 (D),151200,1.02,0.03971,-0.04644
vol1|SD7032 (D),151200,2.63,0.04822,-0.06168
vol1|SD7032 (D),151200,4.24,0.04822,-0.07138
vol1|SD7032 (D),151200,5.62,0.04640,-0.09009
vol1|SD7032 (D),151200,7.28,0.03869,-0.09662
vol1|SD7032 (D),151200,8.7,0.03730,-0.09929
vol1|SD7032 (D),151200,10.21,0.01751,-0.10069
vol1|SD7032 (D),151200,11.58,0.06756,-0.08362
vol1|SD7032 (D),201700,-4.07,-0.08282,0.02794
vol1|SD7032 (D),201700,-1.98,0.01333,0.00499
vol1|SD7032 (D),201700,-0.4,0.03310,-0.03725
vol1|SD7032 (D),201700,0.95,0.03971,-0.04703
vol1|SD7032 (D),201700,2.61,0.04822,-0.05976
vol1|SD7032 (D),201700,4.1,0.04822,-0.06722
vol1|SD7032 (D),201700,5.7,0.04640,-0.08436
vol1|SD7032 (D),201700,7.1,0.03869,-0.08934
vol1|SD7032 (D),201700,8.64,0.03752,-0.09376
vol1|SD7032 (D),201700,10.23,0.02343,-0.09360
vol1|SD7032 (D),201700,11.72,0.07593,-0.07426
vol1|SD7032 (D),301200,-3.87,-0.00560,0.00162
vol1|SD7032 (D),301200,-2.48,0.02793,-0.00557
vol1|SD7032 (D),301200,-0.85,0.04388,-0.02144
vol1|SD7032 (D),301200,0.72,0.04939,-0.04092
vol1|SD7032 (D),301200,2.39,0.05789,-0.04826
vol1|SD7032 (D),301200,3.63,0.05607,-0.06249
vol1|SD7032 (D),301200,5.57,0.05607,-0.07963
vol1|SD7032 (D),301200,7.23,0.04837,-0.08775
vol1|SD7032 (D),301200,9.11,0.03951,-0.09417
vol1|SD7032 (D),301200,10.52,0.03901,-0.08352
vol1|SD7032 (D),301200,11.95,0.09797,-0.07346
vol1|SD7032 (E),201400,-4.38,-0.14904,0.06407
vol1|SD7032 (E),201400,-2.47,-0.03782,0.02308
vol1|SD7032 (E),201400,-0.93,0.01675,-0.00153
vol1|SD7032 (E),201400,0.74,0.03675,-0.02850
vol1|SD7032 (E),201400,2.0,0.05192,-0.03519
vol1|SD7032 (E),201400,3.42,0.05268,-0.05142
vol1|SD7032 (E),201400,5.33,0.05268,-0.06329
vol1|SD7032 (E),201400,6.85,0.02500,-0.07164
vol1|SD7032 (E),201400,8.09,0.01637,-0.07330
vol1|SD7032 (E),201400,9.86,-0.00168,-0.07407
vol1|SD7032 (E),201400,11.1,0.01960,-0.07004
vol1|SD7037 (A),60900,-4.19,-0.26484,0.12861
vol1|SD7037 (A),60900,-3.12,-0.22684,0.11209
vol1|SD7037 (A),60900,-1.8,-0.18718,0.11888
vol1|SD7037 (A),60900,-0.02,-0.14127,0.08235
vol1|SD7037 (A),60900,1.39,-0.06861,0.02883
vol1|SD7037 (A),60900,3.11,-0.01709,-0.05192
vol1|SD7037 (A),60900,4.53,-0.01709,-0.09578
vol1|SD7037 (A),60900,6.03,-0.01709,-0.10180
vol1|SD7037 (A),60900,7.71,-0.02578,-0.12331
vol1|SD7037 (A),60900,9.07,-0.09454,-0.09734
vol1|SD7037 (A),60900,10.56,-0.18620,-0.08533
vol1|SD7037 (A),101100,-4.49,-0.17705,0.09527
vol1|SD7037 (A),101100,-2.79,-0.15092,0.09673
vol1|SD7037 (A),101100,-1.59,-0.13197,0.03806
vol1|SD7037 (A),101100,0.17,-0.04387,-0.00149
vol1|SD7037 (A),101100,1.8,0.03073,-0.05199
vol1|SD7037 (A),101100,3.27,0.03967,-0.07642
vol1|SD7037 (A),101100,4.8,0.03967,-0.09519
vol1|SD7037 (A),101100,6.32,0.03967,-0.10093
vol1|SD7037 (A),101100,7.84,0.03246,-0.10927
vol1|SD7037 (A),101100,9.37,0.00026,-0.08114
vol1|SD7037 (A),101100,10.74,-0.00985,-0.09193
vol1|SD7037 (A),202100,-4.28,-0.15354,0.04859
vol1|SD7037 (A),202100,-2.87,-0.10324,0.01876
vol1|SD7037 (A),202100,-1.16,-0.02361,-0.00416
vol1|SD7037 (A),202100,0.18,0.02178,-0.03686
vol1|SD7037 (A),202100,1.64,0.03893,-0.06064
vol1|SD7037 (A),202100,3.26,0.04787,-0.07115
vol1|SD7037 (A),202100,4.85,0.04787,-0.07947
vol1|SD7037 (A),202100,6.48,0.04458,-0.08177
vol1|SD7037 (A),202100,7.91,0.03263,-0.08956
vol1|SD7037 (A),202100,9.39,0.00972,-0.06349
vol1|SD7037 (A),202100,10.83,0.01247,-0.06814
vol1|SD7037 (A),302100,-4.69,-0.08020,0.04341
vol1|SD7037 (A),302100,-2.88,-0.05183,0.01083
vol1|SD7037 (A),302100,-1.39,0.01535,-0.00382
vol1|SD7037 (A),302100,-0.01,0.03056,-0.03986
vol1|SD7037 (A),302100,1.72,0.04980,-0.05314
vol1|SD7037 (A),302100,3.01,0.05875,-0.06550
vol1|SD7037 (A),302100,5.13,0.05875,-0.07463
vol1|SD7037 (A),302100,6.49,0.05307,-0.07659
vol1|SD7037 (A),302100,8.01,0.02642,-0.08438
vol1|SD7037 (A),302100,9.45,0.02382,-0.06463
vol1|SD7037 (A),302100,10.89,0.03093,-0.06724
vol1|SD7037 (B),60500,-4.35,-0.24844,0.10168
vol1|SD7037 (B),60500,-2.87,-0.22718,0.09559
vol1|SD7037 (B),60500,-1.24,-0.16266,0.06928
vol1|SD7037 (B),60500,0.28,-0.14700,0.04233
vol1|SD7037 (B),60500,1.86,-0.04129,-0.00164
vol1|SD7037 (B),60500,3.42,-0.01039,-0.08367
vol1|SD7037 (B),60500,5.02,-0.01039,-0.10363
vol1|SD7037 (B),60500,6.34,-0.01039,-0.11896
vol1|SD7037 (B),60500,8.24,-0.03754,-0.12890
vol1|SD7037 (B),60500,9.39,-0.13152,-0.11837
vol1|SD7037 (B),60500,11.13,-0.21870,-0.11578
vol1|SD7037 (B),101400,-4.17,-0.23645,0.08200
vol1|SD7037 (B),101400,-2.88,-0.19400,0.07878
vol1|SD7037 (B),101400,-1.35,-0.11115,0.01964
vol1|SD7037 (B),101400,0.31,-0.06006,-0.02164
vol1|SD7037 (B),101400,1.77,0.02219,-0.07044
vol1|SD7037 (B),101400,3.27,0.04274,-0.09315
vol1|SD7037 (B),101400,5.03,0.04274,-0.09861
vol1|SD7037 (B),101400,6.31,0.04364,-0.11152
vol1|SD7037 (B),101400,8.1,0.01861,-0.11316
vol1|SD7037 (B),101400,9.39,0.00121,-0.10320
vol1|SD7037 (B),101400,11.07,-0.00903,-0.12210
vol1|SD7037 (B),151400,-5.03,-0.21531,0.07367
vol1|SD7037 (B),151400,-2.53,-0.14342,0.04448
vol1|SD7037 (B),151400,-0.94,-0.05708,-0.01617
vol1|SD7037 (B),151400,0.58,0.01056,-0.05707
vol1|SD7037 (B),151400,2.09,0.04767,-0.08008
vol1|SD7037 (B),151400,3.77,0.05268,-0.08702
vol1|SD7037 (B),151400,5.23,0.05268,-0.09645
vol1|SD7037 (B),151400,6.82,0.04242,-0.09349
vol1|SD7037 (B),151400,8.71,0.00706,-0.09629
vol1|SD7037 (B),151400,9.84,0.00829,-0.09662
vol1|SD7037 (B),151400,11.3,0.05268,-0.13251
vol1|SD7037 (B),201900,-4.25,-0.15087,0.03925
vol1|SD7037 (B),201900,-2.77,-0.09386,0.01727
vol1|SD7037 (B),201900,-0.99,-0.02231,-0.01537
vol1|SD7037 (B),201900,0.2,0.01675,-0.05272
vol1|SD7037 (B),201900,1.76,0.03675,-0.07570
vol1|SD7037 (B),201900,3.47,0.05268,-0.08253
vol1|SD7037 (B),201900,4.96,0.05268,-0.08397
vol1|SD7037 (B),201900,6.53,0.04242,-0.08663
vol1|SD7037 (B),201900,7.94,0.02811,-0.09646
vol1|SD7037 (B),201900,9.61,0.00829,-0.08796
vol1|SD7037 (B),201900,11.05,0.02709,-0.09960
vol1|SD7037 (B),302200,-5.87,-0.13428,0.02986
vol1|SD7037 (B),302200,-4.54,-0.07992,0.02765
vol1|SD7037 (B),302200,-2.9,-0.03844,-0.00707
vol1|SD7037 (B),302200,-1.42,0.00608,-0.02402
vol1|SD7037 (B),302200,0.18,0.03874,-0.05808
vol1|SD7037 (B),302200,1.94,0.04737,-0.06862
vol1|SD7037 (B),302200,3.61,0.06154,-0.07734
vol1|SD7037 (B),302200,5.04,0.06154,-0.07971
vol1|SD7037 (B),302200,6.63,0.04123,-0.08624
vol1|SD7037 (B),302200,8.22,0.01698,-0.09300
vol1|SD7037 (B),302200,9.47,0.02165,-0.08786
vol1|SD7037 (B),302200,11.2,0.03834,-0.09696
vol1|SD8000,60800,-5.55,-0.21768,0.10472
vol1|SD8000,60800,-3.88,-0.18109,0.10036
vol1|SD8000,60800,-2.36,-0.16827,0.07898
vol1|SD8000,60800,-0.81,-0.17130,0.05407
vol1|SD8000,60800,0.8,-0.15889,0.03629
vol1|SD8000,60800,2.29,-0.09924,0.01166
vol1|SD8000,60800,3.97,-0.05986,-0.08558
vol1|SD8000,60800,5.36,-0.05986,-0.09386
vol1|SD8000,60800,6.96,-0.14087,-0.09993
vol1|SD8000,60800,8.36,-0.21338,-0.11005
vol1|SD8000,60800,10.01,-0.23384,-0.06378
vol1|SD8000,60800,11.52,-0.16605,0.03701
vol1|SD8000,101100,-5.63,-0.17546,0.10200
vol1|SD8000,101100,-3.68,-0.13762,0.07939
vol1|SD8000,101100,-2.22,-0.12563,0.07625
vol1|SD8000,101100,-0.85,-0.12866,0.04027
vol1|SD8000,101100,0.82,-0.10447,0.00471
vol1|SD8000,101100,2.3,-0.01204,-0.05489
vol1|SD8000,101100,3.98,-0.00310,-0.08385
vol1|SD8000,101100,5.48,-0.01136,-0.09161
vol1|SD8000,101100,7.12,-0.06025,-0.09517
vol1|SD8000,101100,8.53,-0.07904,-0.10282
vol1|SD8000,101100,10.1,-0.13135,-0.11578
vol1|SD8000,201600,-5.5,-0.11398,0.05883
vol1|SD8000,201600,-3.76,-0.07888,0.05493
vol1|SD8000,201600,-2.3,-0.07525,0.03376
vol1|SD8000,201600,-0.72,-0.06688,0.01449
vol1|SD8000,201600,0.8,-0.02050,-0.04487
vol1|SD8000,201600,2.21,-0.00384,-0.07008
vol1|SD8000,201600,3.84,0.00510,-0.07908
vol1|SD8000,201600,5.26,-0.00564,-0.08278
vol1|SD8000,201600,6.84,-0.05502,-0.08487
vol1|SD8000,201600,8.36,-0.05502,-0.08638
vol1|SD8000,201600,9.82,-0.06049,-0.08526
vol1|SD8000,302100,-6.39,-0.10225,0.05078
vol1|SD8000,302100,-3.59,-0.04375,0.04253
vol1|SD8000,302100,-2.19,-0.03785,0.01873
vol1|SD8000,302100,-0.58,-0.01558,-0.00256
vol1|SD8000,302100,0.82,-0.01221,-0.05328
vol1|SD8000,302100,2.48,0.00703,-0.06306
vol1|SD8000,302100,4.17,0.01490,-0.07026
vol1|SD8000,302100,5.58,-0.01266,-0.08311
vol1|SD8000,302100,7.67,-0.04091,-0.07734
vol1|SD8000,302100,8.61,-0.04091,-0.07959
vol1|SD8000,302100,10.34,-0.04113,-0.08469
vol1|SD8000,302100,11.57,0.05342,-0.09495
vol1|SD8020,61400,-6.45,-0.26027,0.11938
vol1|SD8020,61400,-4.94,-0.20159,0.13716
vol1|SD8020,61400,-3.36,-0.17658,0.12282
vol1|SD8020,61400,-1.81,-0.18047,0.08199
vol1|SD8020,61400,-0.29,-0.17302,0.06245
vol1|SD8020,61400,1.17,-0.15462,0.05372
vol1|SD8020,61400,2.72,-0.03161,-0.04391
vol1|SD8020,61400,4.38,-0.02941,-0.06867
vol1|SD8020,61400,5.89,-0.04378,-0.07544
vol1|SD8020,61400,7.4,-0.14211,-0.08559
vol1|SD8020,101500,-6.55,-0.23856,0.10647
vol1|SD8020,101500,-5.03,-0.16686,0.12047
vol1|SD8020,101500,-3.33,-0.14439,0.11137
vol1|SD8020,101500,-1.81,-0.14827,0.09619
vol1|SD8020,101500,-0.41,-0.14242,0.05117
vol1|SD8020,101500,1.22,-0.09856,-0.00287
vol1|SD8020,101500,2.7,0.01753,-0.06609
vol1|SD8020,101500,4.1,0.02196,-0.06982
vol1|SD8020,101500,5.69,0.01854,-0.07514
vol1|SD8020,101500,7.28,-0.00587,-0.08249
vol1|SD8020,101500,8.9,-0.02215,-0.08334
vol1|SD8020,203300,-6.41,-0.14943,0.08649
vol1|SD8020,203300,-4.96,-0.10087,0.10533
vol1|SD8020,203300,-3.43,-0.08363,0.09089
vol1|SD8020,203300,-1.63,-0.08752,0.07713
vol1|SD8020,203300,-0.33,-0.08288,0.03682
vol1|SD8020,203300,1.21,0.02464,-0.04270
vol1|SD8020,203300,2.59,0.03002,-0.05637
vol1|SD8020,203300,4.3,0.02894,-0.06191
vol1|SD8020,203300,5.78,0.02509,-0.06574
vol1|SD8020,203300,7.31,0.02589,-0.07279
vol1|SD8020,203300,8.87,0.04131,-0.07256
vol1|SD8020,304800,-6.78,-0.10284,0.08274
vol1|SD8020,304800,-4.76,-0.05982,0.10504
vol1|SD8020,304800,-3.27,-0.05365,0.08941
vol1|SD8020,304800,-1.74,-0.05365,0.07250
vol1|SD8020,304800,-0.22,-0.01647,0.03119
vol1|SD8020,304800,1.18,0.03811,-0.03839
vol1|SD8020,304800,2.61,0.03887,-0.04905
vol1|SD8020,304800,4.46,0.02985,-0.05897
vol1|SD8020,304800,5.69,0.03598,-0.06262
vol1|SD8020,304800,7.25,0.04806,-0.06945
vol1|SD8020,304800,8.87,0.03036,-0.07156
vol1|WASP,60700,-4.3,-0.24523,0.11129
vol1|WASP,60700,-2.62,-0.19354,0.10412
vol1|WASP,60700,-1.0,-0.14297,0.06125
vol1|WASP,60700,0.39,-0.08860,0.03713
vol1|WASP,60700,2.0,-0.02597,-0.04959
vol1|WASP,60700,3.35,-0.01326,-0.08283
vol1|WASP,60700,4.94,-0.01326,-0.09370
vol1|WASP,60700,6.7,-0.01654,-0.12482
vol1|WASP,60700,8.15,-0.02879,-0.12747
vol1|WASP,60700,9.65,-0.11657,-0.13259
vol1|WASP,60700,11.26,-0.22351,-0.14915
vol1|WASP,101300,-4.18,-0.20865,0.10284
vol1|WASP,101300,-2.44,-0.16016,0.07641
vol1|WASP,101300,-0.87,-0.07047,-0.00278
vol1|WASP,101300,0.24,-0.00314,-0.02339
vol1|WASP,101300,2.06,0.03224,-0.07273
vol1|WASP,101300,3.64,0.04075,-0.08686
vol1|WASP,101300,5.24,0.03893,-0.09261
vol1|WASP,101300,7.09,0.03893,-0.11255
vol1|WASP,101300,8.22,0.03122,-0.11788
vol1|WASP,101300,9.9,0.02033,-0.11926
vol1|WASP,201600,-4.03,-0.10746,0.06975
vol1|WASP,201600,-2.65,-0.07217,0.02256
vol1|WASP,201600,-0.29,0.02673,-0.04570
vol1|WASP,201600,0.41,0.03881,-0.05907
vol1|WASP,201600,2.63,0.04822,-0.07806
vol1|WASP,201600,3.51,0.04822,-0.08128
vol1|WASP,201600,5.13,0.04640,-0.08529
vol1|WASP,201600,6.65,0.04642,-0.08903
vol1|WASP,201600,8.28,0.03894,-0.10661
vol1|WASP,201600,9.81,0.02240,-0.10590
vol1|WASP,201600,11.11,0.04699,-0.11466
vol1|WASP,302600,-4.31,-0.07020,0.05125
vol1|WASP,302600,-2.53,-0.01228,0.00029
vol1|WASP,302600,-1.02,0.03816,-0.03033
vol1|WASP,302600,0.9,0.05074,-0.05961
vol1|WASP,302600,2.23,0.06016,-0.06165
vol1|WASP,302600,3.61,0.05833,-0.07717
vol1|WASP,302600,5.07,0.05833,-0.08158
vol1|WASP,302600,6.48,0.05836,-0.08428
vol1|WASP,302600,8.13,0.05363,-0.10251
vol1|WASP,302600,9.53,0.03666,-0.10361
vol1|WASP,302600,11.27,0.08011,-0.12657
vol2|CR-001,59200,-4.23,-0.20728,0.10869
vol2|CR-001,59200,-2.7,-0.19277,0.11773
vol2|CR-001,59200,-1.16,-0.14723,0.07573
vol2|CR-001,59200,0.38,-0.14733,0.03746
vol2|CR-001,59200,1.82,-0.13530,0.04510
vol2|CR-001,59200,3.48,-0.05352,-0.02962
vol2|CR-001,59200,5.01,-0.05570,-0.11902
vol2|CR-001,59200,6.55,-0.06496,-0.13694
vol2|CR-001,59200,8.08,-0.19627,-0.11117
vol2|CR-001,59200,9.59,-0.31032,-0.10933
vol2|CR-001,59200,11.1,-0.36842,-0.07864
vol2|CR-001,99100,-4.25,-0.18725,0.10570
vol2|CR-001,99100,-2.67,-0.16427,0.09708
vol2|CR-001,99100,-1.17,-0.11469,0.03634
vol2|CR-001,99100,0.39,-0.10230,-0.01339
vol2|CR-001,99100,1.94,-0.03467,-0.05306
vol2|CR-001,99100,3.49,-0.01007,-0.10588
vol2|CR-001,99100,5.02,-0.01007,-0.12251
vol2|CR-001,99100,6.56,-0.01842,-0.13531
vol2|CR-001,99100,7.98,-0.08438,-0.11227
vol2|CR-001,99100,9.59,-0.12766,-0.10737
vol2|CR-001,99100,11.1,-0.16008,-0.12235
vol2|CR-001,199000,-5.27,-0.13767,0.04896
vol2|CR-001,199000,-3.75,-0.10907,0.04857
vol2|CR-001,199000,-2.17,-0.05019,-0.03399
vol2|CR-001,199000,-0.62,-0.05887,-0.04981
vol2|CR-001,199000,0.91,-0.01745,-0.07243
vol2|CR-001,199000,2.49,0.00045,-0.09068
vol2|CR-001,199000,4.0,0.00045,-0.10045
vol2|CR-001,199000,5.53,0.00045,-0.11685
vol2|CR-001,199000,7.07,-0.06506,-0.09213
vol2|CR-001,199000,8.6,-0.08529,-0.09535
vol2|CR-001,199000,10.11,-0.09836,-0.09387
vol2|CR-001,298800,-5.3,-0.05443,0.02925
vol2|CR-001,298800,-3.7,-0.01848,0.01859
vol2|CR-001,298800,-2.28,-0.00454,-0.03828
vol2|CR-001,298800,-0.62,0.00115,-0.04332
vol2|CR-001,298800,0.95,0.01760,-0.07192
vol2|CR-001,298800,2.47,0.00931,-0.08468
vol2|CR-001,298800,4.03,0.00931,-0.09555
vol2|CR-001,298800,5.55,0.00931,-0.10746
vol2|CR-001,298800,7.1,-0.06171,-0.08564
vol2|CR-001,298800,8.63,-0.07970,-0.08886
vol2|CR-001,298800,10.13,-0.09630,-0.08651
vol2|DU 86-084/18,59700,-5.77,-0.22467,0.07633
vol2|DU 86-084/18,59700,-4.24,-0.22009,0.08857
vol2|DU 86-084/18,59700,-2.74,-0.16533,0.03408
vol2|DU 86-084/18,59700,-1.19,-0.16533,0.02128
vol2|DU 86-084/18,59700,0.32,-0.16842,0.00913
vol2|DU 86-084/18,59700,1.88,-0.16105,0.01710
vol2|DU 86-084/18,59700,3.43,-0.13472,0.00975
vol2|DU 86-084/18,59700,4.96,-0.05113,-0.08708
vol2|DU 86-084/18,59700,6.51,-0.12832,-0.09092
vol2|DU 86-084/18,59700,8.03,-0.19501,-0.08459
vol2|DU 86-084/18,59700,9.55,-0.16479,0.04823
vol2|DU 86-084/18,100000,-5.73,-0.23447,0.05839
vol2|DU 86-084/18,100000,-4.22,-0.20681,0.07000
vol2|DU 86-084/18,100000,-2.71,-0.14658,0.04274
vol2|DU 86-084/18,100000,-1.18,-0.14882,0.01874
vol2|DU 86-084/18,100000,0.38,-0.13089,-0.00327
vol2|DU 86-084/18,100000,1.92,-0.10598,-0.03535
vol2|DU 86-084/18,100000,3.46,-0.01144,-0.06894
vol2|DU 86-084/18,100000,5.0,0.01641,-0.08406
vol2|DU 86-084/18,100000,6.51,-0.01825,-0.08564
vol2|DU 86-084/18,100000,8.04,-0.02780,-0.07523
vol2|DU 86-084/18,100000,9.58,-0.01565,-0.01354
vol2|DU 86-084/18,200600,-5.7,-0.15424,0.02594
vol2|DU 86-084/18,200600,-4.21,-0.12993,0.02163
vol2|DU 86-084/18,200600,-2.7,-0.06922,0.01320
vol2|DU 86-084/18,200600,-0.13,-0.03970,-0.03225
vol2|DU 86-084/18,200600,0.39,-0.03170,-0.03299
vol2|DU 86-084/18,200600,1.92,-0.00594,-0.05827
vol2|DU 86-084/18,200600,3.47,0.01586,-0.07615
vol2|DU 86-084/18,200600,5.01,0.02936,-0.06550
vol2|DU 86-084/18,200600,6.56,0.01928,-0.07035
vol2|DU 86-084/18,200600,8.06,0.02519,-0.06138
vol2|DU 86-084/18,200600,9.59,0.03878,-0.05051
vol2|DU 86-084/18,300500,-5.69,-0.03288,0.01462
vol2|DU 86-084/18,300500,-4.3,-0.04171,0.00355
vol2|DU 86-084/18,300500,-2.59,-0.00776,-0.00282
vol2|DU 86-084/18,300500,0.08,0.02760,-0.03303
vol2|DU 86-084/18,300500,0.4,0.02952,-0.04072
vol2|DU 86-084/18,300500,1.92,0.01895,-0.06553
vol2|DU 86-084/18,300500,3.47,0.03118,-0.07202
vol2|DU 86-084/18,300500,4.99,0.04554,-0.06117
vol2|DU 86-084/18,300500,6.52,0.04247,-0.06844
vol2|DU 86-084/18,300500,8.04,0.02742,-0.05928
vol2|DU 86-084/18,300500,9.6,0.11013,-0.06795
vol2|E374 (B),60100,-6.43,-0.26802,0.11253
vol2|E374 (B),60100,-5.43,-0.21404,0.14187
vol2|E374 (B),60100,-4.4,-0.20726,0.13727
vol2|E374 (B),60100,-3.39,-0.19223,0.11648
vol2|E374 (B),60100,-2.35,-0.17661,0.07564
vol2|E374 (B),60100,-1.32,-0.17047,0.05204
vol2|E374 (B),60100,-0.31,-0.12373,0.04661
vol2|E374 (B),60100,0.71,-0.07798,0.02741
vol2|E374 (B),60100,1.75,-0.05781,0.02273
vol2|E374 (B),60100,2.75,-0.05636,-0.00081
vol2|E374 (B),60100,4.03,-0.03429,-0.03637
vol2|E374 (B),60100,4.84,0.00211,-0.04584
vol2|E374 (B),60100,5.87,0.00392,-0.06494
vol2|E374 (B),60100,6.89,-0.02345,-0.09836
vol2|E374 (B),60100,7.92,-0.00422,-0.08937
vol2|E374 (B),60100,8.9,-0.11218,-0.09726
vol2|E374 (B),60100,10.11,-0.12868,-0.10300
vol2|E374 (B),100400,-6.44,-0.25360,0.08846
vol2|E374 (B),100400,-5.45,-0.19147,0.10021
vol2|E374 (B),100400,-4.41,-0.21248,0.08954
vol2|E374 (B),100400,-3.38,-0.12703,0.05869
vol2|E374 (B),100400,-2.33,-0.05936,0.00333
vol2|E374 (B),100400,-1.31,-0.01163,-0.03183
vol2|E374 (B),100400,-0.01,-0.00209,-0.04977
vol2|E374 (B),100400,0.72,0.00079,-0.05889
vol2|E374 (B),100400,1.77,0.01420,-0.06653
vol2|E374 (B),100400,2.8,0.03126,-0.07631
vol2|E374 (B),100400,3.82,0.03836,-0.07910
vol2|E374 (B),100400,4.84,0.03836,-0.08398
vol2|E374 (B),100400,5.86,0.03836,-0.09002
vol2|E374 (B),100400,6.89,0.04217,-0.09886
vol2|E374 (B),100400,7.91,0.02207,-0.09038
vol2|E374 (B),100400,8.89,-0.00840,-0.08646
vol2|E374 (B),100400,9.91,-0.00847,-0.09503
vol2|E374 (B),200500,-6.42,-0.16161,0.05121
vol2|E374 (B),200500,-5.38,-0.13059,0.04885
vol2|E374 (B),200500,-4.37,-0.10403,0.03444
vol2|E374 (B),200500,-3.35,-0.02584,0.01367
vol2|E374 (B),200500,-2.32,-0.00886,-0.00570
vol2|E374 (B),200500,-1.31,0.01650,-0.02025
vol2|E374 (B),200500,-0.28,0.02117,-0.05022
vol2|E374 (B),200500,0.74,0.02256,-0.06248
vol2|E374 (B),200500,1.77,0.03047,-0.06538
vol2|E374 (B),200500,2.8,0.04634,-0.06842
vol2|E374 (B),200500,3.83,0.05205,-0.06908
vol2|E374 (B),200500,4.8,0.05205,-0.07523
vol2|E374 (B),200500,5.87,0.05205,-0.08231
vol2|E374 (B),200500,6.9,0.04823,-0.08119
vol2|E374 (B),200500,7.91,0.03054,-0.07464
vol2|E374 (B),200500,8.92,0.03646,-0.07453
vol2|E374 (B),200500,9.93,0.05841,-0.07555
vol2|E374 (B),300700,-6.42,-0.08937,0.04965
vol2|E374 (B),300700,-5.37,-0.03871,0.04151
vol2|E374 (B),300700,-3.98,-0.03226,0.00507
vol2|E374 (B),300700,-3.41,0.01211,-0.00142
vol2|E374 (B),300700,-2.33,0.02606,-0.00613
vol2|E374 (B),300700,-1.31,0.03475,-0.01788
vol2|E374 (B),300700,-0.29,0.03788,-0.04084
vol2|E374 (B),300700,0.75,0.03788,-0.05366
vol2|E374 (B),300700,1.73,0.04460,-0.06027
vol2|E374 (B),300700,2.8,0.06166,-0.06562
vol2|E374 (B),300700,3.84,0.06737,-0.06624
vol2|E374 (B),300700,4.86,0.06737,-0.07486
vol2|E374 (B),300700,5.89,0.06737,-0.07577
vol2|E374 (B),300700,6.9,0.05472,-0.07392
vol2|E374 (B),300700,7.88,0.04781,-0.07096
vol2|E374 (B),300700,8.91,0.05373,-0.06803
vol2|E374 (B),300700,9.92,0.07424,-0.07199
vol2|E423,60300,-4.55,-0.22123,0.11096
vol2|E423,60300,-3.03,-0.18937,0.11977
vol2|E423,60300,-1.48,-0.11300,0.08026
vol2|E423,60300,0.09,-0.11551,0.08627
vol2|E423,60300,1.64,-0.10607,0.03692
vol2|E423,60300,3.14,-0.04082,-0.01230
vol2|E423,60300,4.67,-0.03298,-0.05077
vol2|E423,60300,6.2,-0.05460,-0.07050
vol2|E423,60300,7.73,-0.05189,-0.07915
vol2|E423,60300,9.23,-0.05189,-0.09032
vol2|E423,60300,10.75,-0.03732,-0.07850
vol2|E423,99700,-4.42,-0.04930,-0.01669
vol2|E423,99700,-2.9,-0.00548,-0.00982
vol2|E423,99700,-1.29,0.02397,-0.03681
vol2|E423,99700,0.21,0.01764,-0.08608
vol2|E423,99700,1.76,-0.03361,-0.09610
vol2|E423,99700,3.28,-0.03067,-0.10615
vol2|E423,99700,4.85,-0.03067,-0.10011
vol2|E423,99700,6.22,-0.03067,-0.06999
vol2|E423,99700,7.71,-0.03067,-0.10756
vol2|E423,99700,9.25,-0.05745,-0.10581
vol2|E423,99700,10.7,-0.05818,-0.08244
vol2|E423,198600,-4.43,-0.06705,-0.05362
vol2|E423,198600,-2.88,0.07304,-0.05843
vol2|E423,198600,-1.29,0.03978,-0.10591
vol2|E423,198600,0.2,0.05998,-0.13742
vol2|E423,198600,1.76,0.04557,-0.14235
vol2|E423,198600,3.32,0.04557,-0.14209
vol2|E423,198600,4.85,0.03683,-0.17104
vol2|E423,198600,7.22,0.01564,-0.16819
vol2|E423,198600,7.9,0.01564,-0.16665
vol2|E423,198600,9.32,0.02439,-0.17714
vol2|E423,198600,11.0,0.03723,-0.14387
vol2|E423,296900,-2.31,0.06057,-0.09922
vol2|E423,296900,-0.76,0.06108,-0.12043
vol2|E423,296900,0.76,0.04864,-0.13921
vol2|E423,296900,2.3,0.05120,-0.14177
vol2|E423,296900,3.83,0.05120,-0.16388
vol2|E423,296900,5.36,0.05120,-0.16961
vol2|E423,296900,6.89,0.05120,-0.16952
vol2|E423,296900,8.44,0.05120,-0.17265
vol2|E423,296900,9.93,0.03321,-0.17320
vol2|E423,296900,11.47,0.10387,-0.14076
vol2|E423,300800,-4.48,-0.02531,-0.06102
vol2|E423,300800,-3.38,0.11797,-0.06818
vol2|M6 (65%),60600,-5.53,-0.24173,0.08719
vol2|M6 (65%),60600,-3.45,-0.21579,0.09946
vol2|M6 (65%),60600,-2.47,-0.19224,0.07849
vol2|M6 (65%),60600,-0.94,-0.04224,-0.08022
vol2|M6 (65%),60600,0.59,-0.02103,-0.12493
vol2|M6 (65%),60600,2.12,-0.01441,-0.13758
vol2|M6 (65%),60600,3.67,-0.01203,-0.14210
vol2|M6 (65%),60600,5.18,-0.01341,-0.13214
vol2|M6 (65%),60600,6.75,-0.01172,-0.15720
vol2|M6 (65%),60600,8.26,-0.00581,-0.16126
vol2|M6 (65%),60600,9.79,-0.03131,-0.16719
vol2|M6 (65%),100000,-5.54,-0.23311,0.06670
vol2|M6 (65%),100000,-4.01,-0.18583,0.03971
vol2|M6 (65%),100000,-2.47,-0.09365,-0.00847
vol2|M6 (65%),100000,-0.92,0.02673,-0.10780
vol2|M6 (65%),100000,0.59,0.02673,-0.12812
vol2|M6 (65%),100000,2.16,0.03224,-0.13385
vol2|M6 (65%),100000,3.67,0.04075,-0.14054
vol2|M6 (65%),100000,5.19,0.04075,-0.14317
vol2|M6 (65%),100000,6.75,0.03893,-0.15124
vol2|M6 (65%),100000,8.26,0.03893,-0.15444
vol2|M6 (65%),100000,9.8,0.03598,-0.15421
vol2|M6 (65%),200900,-5.54,-0.12202,0.02876
vol2|M6 (65%),200900,-4.0,-0.05299,-0.02453
vol2|M6 (65%),200900,-2.47,-0.02733,-0.04880
vol2|M6 (65%),200900,-0.95,0.02911,-0.08317
vol2|M6 (65%),200900,0.58,0.03420,-0.11704
vol2|M6 (65%),200900,2.14,0.03971,-0.12298
vol2|M6 (65%),200900,3.68,0.04822,-0.13353
vol2|M6 (65%),200900,5.87,0.04640,-0.13992
vol2|M6 (65%),200900,6.75,0.04640,-0.14164
vol2|M6 (65%),200900,8.27,0.04642,-0.14512
vol2|M6 (65%),200900,9.81,0.03770,-0.13991
vol2|M6 (65%),300500,-5.55,-0.03212,0.01449
vol2|M6 (65%),300500,-4.02,-0.01696,-0.04254
vol2|M6 (65%),300500,-2.48,0.00022,-0.04736
vol2|M6 (65%),300500,-0.96,0.02838,-0.06062
vol2|M6 (65%),300500,0.59,0.04388,-0.11021
vol2|M6 (65%),300500,2.23,0.04848,-0.11533
vol2|M6 (65%),300500,3.68,0.05607,-0.12834
vol2|M6 (65%),300500,5.23,0.05607,-0.13070
vol2|M6 (65%),300500,6.75,0.05607,-0.13691
vol2|M6 (65%),300500,8.28,0.05634,-0.14226
vol2|M6 (65%),300500,9.8,0.04733,-0.14535
vol2|M6 (85%),60000,-5.48,-0.20694,0.02705
vol2|M6 (85%),60000,-4.03,-0.21139,0.05914
vol2|M6 (85%),60000,-2.45,-0.17418,0.05343
vol2|M6 (85%),60000,-0.91,-0.02768,-0.10834
vol2|M6 (85%),60000,0.64,-0.01735,-0.15087
vol2|M6 (85%),60000,2.2,-0.01400,-0.17951
vol2|M6 (85%),60000,3.74,0.00521,-0.17693
vol2|M6 (85%),60000,5.26,0.00330,-0.16230
vol2|M6 (85%),60000,6.79,0.00330,-0.19813
vol2|M6 (85%),60000,8.32,0.00780,-0.20343
vol2|M6 (85%),60000,9.84,-0.05378,-0.18095
vol2|M6 (85%),100400,-4.31,-0.19432,-0.00460
vol2|M6 (85%),100400,-2.96,-0.05805,-0.03212
vol2|M6 (85%),100400,-1.43,0.01682,-0.12531
vol2|M6 (85%),100400,0.15,0.02222,-0.16891
vol2|M6 (85%),100400,1.68,0.02418,-0.17509
vol2|M6 (85%),100400,3.23,0.04430,-0.17823
vol2|M6 (85%),100400,4.75,0.04862,-0.18512
vol2|M6 (85%),100400,6.29,0.04689,-0.19243
vol2|M6 (85%),100400,7.82,0.04453,-0.19649
vol2|M6 (85%),100400,9.33,0.01714,-0.17850
vol2|M6 (85%),100400,10.85,0.07069,-0.16243
vol2|M6 (85%),200400,-4.79,-0.05456,-0.06208
vol2|M6 (85%),200400,-2.32,0.00490,-0.11017
vol2|M6 (85%),200400,-1.4,0.01330,-0.12566
vol2|M6 (85%),200400,0.73,0.03272,-0.16771
vol2|M6 (85%),200400,1.69,0.03468,-0.16771
vol2|M6 (85%),200400,3.85,0.05912,-0.17585
vol2|M6 (85%),200400,4.75,0.05740,-0.17854
vol2|M6 (85%),200400,7.01,0.05503,-0.18533
vol2|M6 (85%),200400,7.37,0.05503,-0.18340
vol2|M6 (85%),200400,9.34,0.02614,-0.16310
vol2|M6 (85%),200400,10.86,0.11020,-0.14710
vol2|M6 (85%),300300,-4.47,0.01905,-0.09373
vol2|M6 (85%),300300,-2.9,0.03250,-0.09769
vol2|M6 (85%),300300,-2.17,0.03432,-0.10489
vol2|M6 (85%),300300,0.14,0.05103,-0.14099
vol2|M6 (85%),300300,1.68,0.05299,-0.15632
vol2|M6 (85%),300300,4.08,0.07570,-0.16542
vol2|M6 (85%),300300,5.6,0.07570,-0.16979
vol2|M6 (85%),300300,7.12,0.06576,-0.17556
vol2|M6 (85%),300300,7.81,0.06447,-0.16913
vol2|M6 (85%),300300,9.34,0.04386,-0.15329
vol2|M6 (85%),300300,11.52,0.16137,-0.13053
vol2|MH32,59500,-4.26,-0.22150,0.07668
vol2|MH32,59500,-2.25,-0.15999,0.03435
vol2|MH32,59500,-0.71,-0.16084,0.00591
vol2|MH32,59500,0.75,-0.14751,0.02258
vol2|MH32,59500,2.39,-0.09469,-0.01703
vol2|MH32,59500,3.83,-0.04302,-0.09074
vol2|MH32,59500,5.45,-0.04206,-0.12454
vol2|MH32,59500,6.99,-0.04206,-0.12918
vol2|MH32,59500,8.52,-0.15116,-0.13225
vol2|MH32,59500,10.03,-0.19537,-0.14077
vol2|MH32,59500,11.56,-0.16459,0.02820
vol2|MH32,99400,-3.82,-0.21555,0.04361
vol2|MH32,99400,-2.26,-0.14542,0.02433
vol2|MH32,99400,-0.72,-0.12813,-0.01740
vol2|MH32,99400,0.84,-0.08067,-0.05059
vol2|MH32,99400,2.39,-0.01497,-0.09364
vol2|MH32,99400,3.93,0.01469,-0.10897
vol2|MH32,99400,5.47,0.01469,-0.11987
vol2|MH32,99400,6.99,0.00971,-0.12302
vol2|MH32,99400,8.52,-0.03645,-0.12238
vol2|MH32,99400,10.04,-0.08907,-0.14770
vol2|MH32,99400,11.55,0.03998,-0.04526
vol2|MH32,199100,-3.77,-0.15619,0.01063
vol2|MH32,199100,-2.23,-0.09429,-0.02054
vol2|MH32,199100,-0.69,-0.04908,-0.04275
vol2|MH32,199100,1.28,-0.00101,-0.09023
vol2|MH32,199100,2.38,0.01791,-0.09381
vol2|MH32,199100,3.94,0.03949,-0.09707
vol2|MH32,199100,5.46,0.03949,-0.10545
vol2|MH32,199100,7.01,0.03262,-0.10909
vol2|MH32,199100,8.53,0.02390,-0.10950
vol2|MH32,199100,10.02,-0.01466,-0.12076
vol2|MH32,199100,11.57,0.07026,-0.11220
vol2|MH32,298800,-3.77,-0.07917,-0.02036
vol2|MH32,298800,-2.22,-0.02268,-0.03593
vol2|MH32,298800,-0.69,0.00210,-0.05228
vol2|MH32,298800,0.86,0.02100,-0.08169
vol2|MH32,298800,2.93,0.04910,-0.09102
vol2|MH32,298800,3.95,0.05481,-0.09331
vol2|MH32,298800,5.47,0.05182,-0.10099
vol2|MH32,298800,7.01,0.03805,-0.10779
vol2|MH32,298800,8.54,0.02265,-0.10779
vol2|MH32,298800,10.0,0.01027,-0.11605
vol2|MH32,298800,11.58,0.15787,-0.11726
vol2|NACA 2414,60200,-4.91,-0.17920,0.17897
vol2|NACA 2414,60200,-3.37,-0.14384,0.17377
vol2|NACA 2414,60200,-1.86,-0.14430,0.17402
vol2|NACA 2414,60200,-0.31,-0.01261,0.07778
vol2|NACA 2414,60200,1.25,0.01566,-0.00642
vol2|NACA 2414,60200,2.8,0.02233,-0.06106
vol2|NACA 2414,60200,4.33,0.04206,-0.06936
vol2|NACA 2414,60200,5.87,0.04206,-0.08110
vol2|NACA 2414,60200,7.41,0.04081,-0.09292
vol2|NACA 2414,60200,8.95,0.01700,-0.08635
vol2|NACA 2414,60200,11.25,0.02919,-0.08074
vol2|NACA 2414,100300,-6.24,-0.20643,0.14885
vol2|NACA 2414,100300,-3.36,-0.12291,0.14068
vol2|NACA 2414,100300,-1.84,-0.01914,0.08338
vol2|NACA 2414,100300,-0.26,0.04738,-0.02706
vol2|NACA 2414,100300,1.31,0.05115,-0.04772
vol2|NACA 2414,100300,2.83,0.07127,-0.05513
vol2|NACA 2414,100300,4.35,0.07559,-0.06495
vol2|NACA 2414,100300,5.88,0.07386,-0.06785
vol2|NACA 2414,100300,7.42,0.07150,-0.08289
vol2|NACA 2414,100300,8.95,0.05015,-0.07433
vol2|NACA 2414,100300,10.47,0.06910,-0.06582
vol2|NACA 2414,200500,-4.88,-0.10261,0.10583
vol2|NACA 2414,200500,-3.28,-0.02812,0.06300
vol2|NACA 2414,200500,-1.77,0.03176,0.02624
vol2|NACA 2414,200500,-0.28,0.04179,0.00030
vol2|NACA 2414,200500,1.28,0.04239,-0.04446
vol2|NACA 2414,200500,2.81,0.06251,-0.05408
vol2|NACA 2414,200500,4.34,0.06683,-0.05745
vol2|NACA 2414,200500,5.9,0.06274,-0.05746
vol2|NACA 2414,200500,7.44,0.05388,-0.05922
vol2|NACA 2414,200500,8.96,0.03826,-0.05926
vol2|NACA 2414,200500,10.48,0.06998,-0.04281
vol2|NACA 2414,301000,-4.87,-0.04291,0.08929
vol2|NACA 2414,301000,-3.35,0.00626,0.04046
vol2|NACA 2414,301000,-1.8,0.04738,0.02112
vol2|NACA 2414,301000,-0.23,0.05277,-0.00273
vol2|NACA 2414,301000,1.27,0.05141,-0.01919
vol2|NACA 2414,301000,2.86,0.07349,-0.04092
vol2|NACA 2414,301000,4.37,0.07609,-0.03989
vol2|NACA 2414,301000,5.89,0.07372,-0.04776
vol2|NACA 2414,301000,7.42,0.06486,-0.04665
vol2|NACA 2414,301000,8.94,0.04691,-0.04752
vol2|NACA 2414,301000,10.47,0.07700,-0.03603
vol2|NACA 2415,59700,-4.9,-0.18398,0.07482
vol2|NACA 2415,59700,-3.38,-0.16524,0.07510
vol2|NACA 2415,59700,-1.82,-0.16299,0.05840
vol2|NACA 2415,59700,-0.29,-0.04903,-0.02097
vol2|NACA 2415,59700,1.25,-0.03106,-0.08408
vol2|NACA 2415,59700,2.77,-0.02353,-0.11279
vol2|NACA 2415,59700,4.31,-0.00194,-0.12172
vol2|NACA 2415,59700,5.87,0.00187,-0.13452
vol2|NACA 2415,59700,7.41,0.00187,-0.16143
vol2|NACA 2415,59700,8.93,0.01254,-0.16762
vol2|NACA 2415,59700,10.46,-0.04226,-0.14613
vol2|NACA 2415,100600,-4.92,-0.16922,0.07566
vol2|NACA 2415,100600,-2.42,-0.06672,0.03486
vol2|NACA 2415,100600,-1.81,-0.03757,0.01471
vol2|NACA 2415,100600,-0.28,0.02178,-0.04968
vol2|NACA 2415,100600,1.29,0.03946,-0.11107
vol2|NACA 2415,100600,2.82,0.06285,-0.12241
vol2|NACA 2415,100600,4.34,0.06223,-0.12656
vol2|NACA 2415,100600,5.89,0.06223,-0.12256
vol2|NACA 2415,100600,8.42,0.05923,-0.13914
vol2|NACA 2415,100600,8.94,0.05841,-0.13998
vol2|NACA 2415,100600,10.46,0.05687,-0.12052
vol2|NACA 2415,200600,-4.87,-0.08565,0.02767
vol2|NACA 2415,200600,-3.29,-0.03003,-0.00470
vol2|NACA 2415,200600,-1.8,0.02198,-0.03256
vol2|NACA 2415,200600,-0.22,0.03808,-0.06733
vol2|NACA 2415,200600,1.25,0.03947,-0.08095
vol2|NACA 2415,200600,2.81,0.06324,-0.10171
vol2|NACA 2415,200600,4.35,0.06896,-0.10920
vol2|NACA 2415,200600,5.86,0.06896,-0.11015
vol2|NACA 2415,200600,7.42,0.06596,-0.11581
vol2|NACA 2415,200600,8.95,0.06208,-0.11353
vol2|NACA 2415,200600,11.35,0.14056,-0.11117
vol2|NACA 2415,301100,-4.88,-0.03623,0.01423
vol2|NACA 2415,301100,-3.43,0.00409,-0.01318
vol2|NACA 2415,301100,-1.79,0.03096,-0.03462
vol2|NACA 2415,301100,-0.28,0.04556,-0.06519
vol2|NACA 2415,301100,1.26,0.04556,-0.07167
vol2|NACA 2415,301100,2.83,0.06934,-0.08843
vol2|NACA 2415,301100,4.36,0.07505,-0.10290
vol2|NACA 2415,301100,5.89,0.07505,-0.10734
vol2|NACA 2415,301100,7.43,0.07206,-0.11327
vol2|NACA 2415,301100,8.94,0.06818,-0.11085
vol2|NACA 2415,301100,10.47,0.06189,-0.09474
vol2|S4083 (A),60000,-3.46,-0.19746,0.13591
vol2|S4083 (A),60000,-2.17,-0.15753,0.09836
vol2|S4083 (A),60000,-0.59,-0.12509,0.05131
vol2|S4083 (A),60000,0.98,-0.04357,-0.01259
vol2|S4083 (A),60000,2.52,-0.02377,-0.04872
vol2|S4083 (A),60000,4.06,-0.02377,-0.05884
vol2|S4083 (A),60000,5.59,-0.02550,-0.07477
vol2|S4083 (A),60000,7.11,-0.02898,-0.09479
vol2|S4083 (A),60000,8.65,-0.06850,-0.07631
vol2|S4083 (A),60000,10.18,-0.19237,-0.07428
vol2|S4083 (A),60000,11.7,-0.28217,0.00946
vol2|S4083 (A),100000,-4.68,-0.22494,0.10017
vol2|S4083 (A),100000,-3.12,-0.17031,0.08499
vol2|S4083 (A),100000,-1.6,-0.11181,0.05832
vol2|S4083 (A),100000,2.01,0.02196,-0.04619
vol2|S4083 (A),100000,3.56,0.02196,-0.05383
vol2|S4083 (A),100000,5.07,0.02023,-0.05714
vol2|S4083 (A),100000,6.45,0.01787,-0.07422
vol2|S4083 (A),100000,8.16,-0.00811,-0.06447
vol2|S4083 (A),100000,9.67,-0.04752,-0.06943
vol2|S4083 (A),100000,11.19,-0.03993,-0.08586
vol2|S4083 (A),100600,-0.07,-0.00299,-0.01931
vol2|S4083 (A),199100,-4.56,-0.16962,0.08739
vol2|S4083 (A),199100,-3.12,-0.09238,0.06673
vol2|S4083 (A),199100,-1.75,-0.05600,0.02562
vol2|S4083 (A),199100,-0.05,0.01128,-0.02672
vol2|S4083 (A),199100,1.49,0.02464,-0.02977
vol2|S4083 (A),199100,3.06,0.03073,-0.04081
vol2|S4083 (A),199100,4.58,0.03073,-0.04727
vol2|S4083 (A),199100,6.11,0.02080,-0.05073
vol2|S4083 (A),199100,7.65,0.00239,-0.05158
vol2|S4083 (A),199100,9.18,-0.00749,-0.05678
vol2|S4083 (A),199100,10.71,-0.02491,-0.06374
vol2|S4083 (A),299000,-4.69,-0.07166,0.07453
vol2|S4083 (A),299000,-3.09,-0.04061,0.03632
vol2|S4083 (A),299000,-1.6,0.02723,-0.00644
vol2|S4083 (A),299000,-0.05,0.03425,-0.02395
vol2|S4083 (A),299000,1.5,0.04761,-0.02310
vol2|S4083 (A),299000,3.04,0.05371,-0.03247
vol2|S4083 (A),299000,4.58,0.05135,-0.03975
vol2|S4083 (A),299000,6.12,0.04248,-0.04144
vol2|S4083 (A),299000,7.65,0.02745,-0.04677
vol2|S4083 (A),299000,9.19,-0.02762,-0.05772
vol2|S4083 (A),299000,10.73,0.03620,-0.05578
vol2|S4083 (B),59800,-3.85,-0.27489,0.10229
vol2|S4083 (B),59800,-2.32,-0.17129,0.04584
vol2|S4083 (B),59800,-0.79,-0.13402,0.01053
vol2|S4083 (B),59800,0.77,-0.06943,-0.04060
vol2|S4083 (B),59800,2.18,-0.05301,-0.09106
vol2|S4083 (B),59800,3.84,-0.05396,-0.10445
vol2|S4083 (B),59800,5.37,-0.05396,-0.10611
vol2|S4083 (B),59800,6.91,-0.05742,-0.11492
vol2|S4083 (B),59800,8.44,-0.08873,-0.11292
vol2|S4083 (B),59800,9.93,-0.22088,-0.07939
vol2|S4083 (B),59800,11.47,-0.28156,0.00057
vol2|S4083 (B),99200,-3.74,-0.19537,0.06905
vol2|S4083 (B),99200,-2.34,-0.15422,0.01367
vol2|S4083 (B),99200,-0.78,-0.10437,-0.01639
vol2|S4083 (B),99200,0.77,-0.01108,-0.08649
vol2|S4083 (B),99200,2.3,0.00150,-0.08979
vol2|S4083 (B),99200,3.81,0.00054,-0.10171
vol2|S4083 (B),99200,5.37,0.00054,-0.10218
vol2|S4083 (B),99200,6.91,0.00054,-0.11047
vol2|S4083 (B),99200,8.46,-0.03150,-0.09419
vol2|S4083 (B),99200,9.97,-0.09783,-0.08214
vol2|S4083 (B),99200,11.47,-0.07954,-0.05826
vol2|S4083 (B),198800,-3.85,-0.16146,0.03275
vol2|S4083 (B),198800,-2.31,-0.07421,-0.00763
vol2|S4083 (B),198800,-0.76,0.00479,-0.05825
vol2|S4083 (B),198800,0.77,0.01426,-0.07813
vol2|S4083 (B),198800,2.32,0.02960,-0.08089
vol2|S4083 (B),198800,3.85,0.02864,-0.08860
vol2|S4083 (B),198800,5.4,0.02864,-0.08996
vol2|S4083 (B),198800,6.93,0.02565,-0.08663
vol2|S4083 (B),198800,8.47,-0.03383,-0.08308
vol2|S4083 (B),198800,9.91,-0.05126,-0.07063
vol2|S4083 (B),198800,11.47,0.00235,-0.04378
vol2|S4083 (B),298300,-3.77,-0.06279,0.01617
vol2|S4083 (B),298300,-2.29,-0.02879,-0.01732
vol2|S4083 (B),298300,-0.75,0.02635,-0.06706
vol2|S4083 (B),298300,0.79,0.02958,-0.07574
vol2|S4083 (B),298300,2.19,0.04492,-0.07900
vol2|S4083 (B),298300,3.87,0.04396,-0.08514
vol2|S4083 (B),298300,5.42,0.04396,-0.08766
vol2|S4083 (B),298300,6.96,0.03899,-0.08849
vol2|S4083 (B),298300,8.47,-0.01627,-0.08082
vol2|S4083 (B),298300,9.99,-0.03053,-0.07793
vol2|S4083 (B),298300,11.51,0.05648,-0.04304
vol2|S5010,59900,-4.89,-0.25501,0.08412
vol2|S5010,59900,-3.38,-0.19500,0.10273
vol2|S5010,59900,-1.84,-0.06997,0.00794
vol2|S5010,59900,-0.29,-0.02827,-0.02307
vol2|S5010,59900,1.25,-0.02827,-0.06461
vol2|S5010,59900,2.79,-0.02160,-0.07389
vol2|S5010,59900,4.34,0.00022,-0.09473
vol2|S5010,59900,5.85,-0.00151,-0.10499
vol2|S5010,59900,7.38,-0.00736,-0.12437
vol2|S5010,59900,8.93,-0.05756,-0.12987
vol2|S5010,59900,10.44,-0.17445,-0.12932
vol2|S5010,99700,-4.89,-0.24860,0.06324
vol2|S5010,99700,-3.35,-0.04830,0.01985
vol2|S5010,99700,-1.83,-0.00824,-0.04223
vol2|S5010,99700,-0.31,0.01129,-0.07069
vol2|S5010,99700,1.24,0.01129,-0.08019
vol2|S5010,99700,2.77,0.01464,-0.08163
vol2|S5010,99700,4.3,0.03978,-0.08328
vol2|S5010,99700,5.83,0.03806,-0.08523
vol2|S5010,99700,7.38,0.02683,-0.09657
vol2|S5010,99700,8.89,0.00831,-0.10730
vol2|S5010,99700,10.45,0.02487,-0.11670
vol2|S5010,200300,-4.92,-0.08260,-0.01343
vol2|S5010,200300,-3.38,-0.01246,-0.02240
vol2|S5010,200300,-1.82,-0.00810,-0.02938
vol2|S5010,200300,-0.34,0.01641,-0.04475
vol2|S5010,200300,1.19,0.02180,-0.06097
vol2|S5010,200300,2.75,0.02376,-0.06568
vol2|S5010,200300,4.3,0.04424,-0.06977
vol2|S5010,200300,5.85,0.04620,-0.07376
vol2|S5010,200300,7.39,0.03733,-0.08098
vol2|S5010,200300,8.94,0.02457,-0.09065
vol2|S5010,200300,10.46,0.04494,-0.09376
vol2|S5010,300600,-4.93,0.01636,-0.02217
vol2|S5010,300600,-3.38,0.01730,-0.02221
vol2|S5010,300600,-1.86,0.02254,-0.02404
vol2|S5010,300600,-0.32,0.03471,-0.03030
vol2|S5010,300600,1.21,0.04011,-0.04766
vol2|S5010,300600,2.75,0.04206,-0.05762
vol2|S5010,300600,4.3,0.06255,-0.06354
vol2|S5010,300600,5.83,0.05564,-0.06584
vol2|S5010,300600,7.38,0.04496,-0.07295
vol2|S5010,300600,8.91,0.03770,-0.08449
vol2|S5010,300600,10.89,0.11495,-0.07653
vol2|S7012 (B),60100,-4.86,-0.24417,0.12804
vol2|S7012 (B),60100,-3.28,-0.18943,0.12620
vol2|S7012 (B),60100,-1.78,-0.15719,0.09163
vol2|S7012 (B),60100,-0.26,-0.12366,0.08719
vol2|S7012 (B),60100,1.31,-0.07558,0.05031
vol2|S7012 (B),60100,2.85,-0.05006,-0.00035
vol2|S7012 (B),60100,4.39,-0.04306,-0.02808
vol2|S7012 (B),60100,5.93,-0.04489,-0.03512
vol2|S7012 (B),60100,7.47,-0.11502,-0.02433
vol2|S7012 (B),60100,8.99,-0.16860,-0.05440
vol2|S7012 (B),60100,10.5,-0.15980,0.00087
vol2|S7012 (B),99900,-3.78,-0.17572,0.11855
vol2|S7012 (B),99900,-2.27,-0.14462,0.10006
vol2|S7012 (B),99900,-0.75,-0.09356,0.06334
vol2|S7012 (B),99900,0.81,-0.00958,0.00320
vol2|S7012 (B),99900,2.37,0.00667,-0.02189
vol2|S7012 (B),99900,3.9,0.01517,-0.02780
vol2|S7012 (B),99900,6.32,0.01335,-0.03760
vol2|S7012 (B),99900,6.98,0.00849,-0.02752
vol2|S7012 (B),99900,8.5,-0.02352,-0.03400
vol2|S7012 (B),99900,10.02,-0.07290,-0.07448
vol2|S7012 (B),99900,11.49,0.03338,0.08878
vol2|S7012 (B),199400,-3.78,-0.10808,0.09158
vol2|S7012 (B),199400,-2.26,-0.06811,0.09462
vol2|S7012 (B),199400,-0.73,-0.00983,0.03204
vol2|S7012 (B),199400,0.81,0.00863,-0.01276
vol2|S7012 (B),199400,2.36,0.01414,-0.01311
vol2|S7012 (B),199400,3.86,0.02265,-0.02483
vol2|S7012 (B),199400,5.41,0.02082,-0.02512
vol2|S7012 (B),199400,6.95,0.00455,-0.02192
vol2|S7012 (B),199400,8.49,-0.02831,-0.03188
vol2|S7012 (B),199400,10.02,-0.01548,-0.04828
vol2|S7012 (B),199400,11.5,0.01815,0.01529
vol2|S7012 (B),299700,-3.79,-0.06413,0.08050
vol2|S7012 (B),299700,-2.22,-0.02744,0.05695
vol2|S7012 (B),299700,-0.74,0.01309,0.00560
vol2|S7012 (B),299700,0.81,0.02056,-0.00649
vol2|S7012 (B),299700,2.34,0.02607,-0.00439
vol2|S7012 (B),299700,3.89,0.03276,-0.01710
vol2|S7012 (B),299700,5.43,0.03551,-0.02091
vol2|S7012 (B),299700,6.95,-0.00932,-0.01750
vol2|S7012 (B),299700,8.49,-0.01130,-0.02458
vol2|S7012 (B),299700,10.01,0.02049,-0.04678
vol2|S7012 (B),299700,11.51,0.03909,-0.01176
vol2|S8025,60000,-6.67,-0.25827,0.04548
vol2|S8025,60000,-5.16,-0.20344,0.07952
vol2|S8025,60000,-3.63,-0.16257,0.05583
vol2|S8025,60000,-2.09,-0.15619,0.02392
vol2|S8025,60000,-0.54,-0.15063,-0.00164
vol2|S8025,60000,0.98,-0.13624,-0.01142
vol2|S8025,60000,2.54,-0.04648,-0.08681
vol2|S8025,60000,4.06,-0.04707,-0.08061
vol2|S8025,60000,6.52,-0.12992,-0.09243
vol2|S8025,60000,7.15,-0.14356,-0.09147
vol2|S8025,60000,8.65,-0.21059,-0.01727
vol2|S8025,100400,-6.64,-0.25132,0.05899
vol2|S8025,100400,-5.13,-0.16280,0.07026
vol2|S8025,100400,-3.63,-0.13472,0.05771
vol2|S8025,100400,-2.1,-0.13472,0.05895
vol2|S8025,100400,-0.56,-0.13553,-0.00152
vol2|S8025,100400,1.0,-0.00429,-0.06895
vol2|S8025,100400,2.53,-0.00426,-0.07398
vol2|S8025,100400,4.07,-0.00262,-0.06945
vol2|S8025,100400,5.61,-0.01094,-0.07565
vol2|S8025,100400,7.15,-0.04081,-0.08121
vol2|S8025,100400,8.66,-0.06049,-0.08016
vol2|S8025,200700,-6.67,-0.16941,0.02837
vol2|S8025,200700,-5.17,-0.10135,0.04423
vol2|S8025,200700,-3.67,-0.07809,0.03383
vol2|S8025,200700,-2.08,-0.07757,0.03136
vol2|S8025,200700,-0.55,-0.07201,0.00485
vol2|S8025,200700,0.96,0.01291,-0.06394
vol2|S8025,200700,2.5,0.01052,-0.06370
vol2|S8025,200700,4.07,0.00718,-0.05699
vol2|S8025,200700,5.58,0.00294,-0.06643
vol2|S8025,200700,7.15,-0.01265,-0.07081
vol2|S8025,200700,8.67,-0.00924,-0.06952
vol2|S8025,301100,-6.68,-0.10599,0.02694
vol2|S8025,301100,-5.15,-0.03802,0.04336
vol2|S8025,301100,-3.58,-0.03646,0.03155
vol2|S8025,301100,-2.1,-0.04267,0.03379
vol2|S8025,301100,-0.56,-0.00314,0.00194
vol2|S8025,301100,0.98,0.02131,-0.06063
vol2|S8025,301100,2.51,0.01937,-0.06137
vol2|S8025,301100,4.07,0.00756,-0.05697
vol2|S8025,301100,5.61,0.00375,-0.06430
vol2|S8025,301100,7.15,0.00157,-0.06868
vol2|S8025,301100,8.68,0.01652,-0.06940
vol2|SD7037 (B),59600,-3.82,-0.24359,0.09375
vol2|SD7037 (B),59600,-2.28,-0.20991,0.09238
vol2|SD7037 (B),59600,-0.76,-0.15653,0.06015
vol2|SD7037 (B),59600,0.79,-0.12440,0.03746
vol2|SD7037 (B),59600,2.35,-0.02035,-0.02640
vol2|SD7037 (B),59600,3.89,-0.00168,-0.09693
vol2|SD7037 (B),59600,5.43,-0.00168,-0.10940
vol2|SD7037 (B),59600,6.97,-0.00168,-0.14525
vol2|SD7037 (B),59600,8.48,-0.04774,-0.12798
vol2|SD7037 (B),59600,10.0,-0.15319,-0.13018
vol2|SD7037 (B),59600,11.54,-0.27583,-0.07301
vol2|SD7037 (B),99500,-3.82,-0.21238,0.08446
vol2|SD7037 (B),99500,-2.28,-0.17313,0.06553
vol2|SD7037 (B),99500,-0.75,-0.10731,0.00922
vol2|SD7037 (B),99500,0.82,-0.02033,-0.03384
vol2|SD7037 (B),99500,2.36,0.03791,-0.08303
vol2|SD7037 (B),99500,3.9,0.04216,-0.09706
vol2|SD7037 (B),99500,5.43,0.04306,-0.10679
vol2|SD7037 (B),99500,6.96,0.03811,-0.11940
vol2|SD7037 (B),99500,9.35,-0.00450,-0.10590
vol2|SD7037 (B),99500,10.01,-0.02540,-0.10826
vol2|SD7037 (B),99500,11.53,-0.00887,-0.10675
vol2|SD7037 (B),200100,-4.79,-0.18214,0.04531
vol2|SD7037 (B),200100,-3.29,-0.10954,0.02941
vol2|SD7037 (B),200100,-1.74,-0.04430,0.00176
vol2|SD7037 (B),200100,-0.21,-0.00087,-0.04900
vol2|SD7037 (B),200100,1.33,0.03675,-0.07011
vol2|SD7037 (B),200100,2.87,0.05268,-0.07804
vol2|SD7037 (B),200100,4.42,0.05268,-0.08374
vol2|SD7037 (B),200100,5.95,0.05268,-0.09248
vol2|SD7037 (B),200100,7.49,0.03359,-0.09273
vol2|SD7037 (B),200100,8.99,-0.00236,-0.09129
vol2|SD7037 (B),200100,10.52,0.00359,-0.09713
vol2|SD7037 (B),299400,-4.85,-0.07607,0.03338
vol2|SD7037 (B),299400,-3.28,-0.05589,0.00543
vol2|SD7037 (B),299400,-0.64,0.02258,-0.03895
vol2|SD7037 (B),299400,-0.26,0.03135,-0.04200
vol2|SD7037 (B),299400,1.37,0.04560,-0.06402
vol2|SD7037 (B),299400,2.88,0.05853,-0.06821
vol2|SD7037 (B),299400,4.43,0.06154,-0.07591
vol2|SD7037 (B),299400,5.91,0.05127,-0.07873
vol2|SD7037 (B),299400,7.48,0.04154,-0.08541
vol2|SD7037 (B),299400,9.0,0.01719,-0.08579
vol2|SD7037 (B),299400,10.52,0.00879,-0.09176
vol2|SD7037 (B),300400,-1.82,-0.00518,-0.01779
vol2|SD7037 (C),60300,-4.31,-0.25155,0.11227
vol2|SD7037 (C),60300,-2.85,-0.22105,0.09559
vol2|SD7037 (C),60300,-1.29,-0.15719,0.06928
vol2|SD7037 (C),60300,0.26,-0.13829,0.06175
vol2|SD7037 (C),60300,1.83,-0.03376,-0.00164
vol2|SD7037 (C),60300,3.37,-0.00168,-0.08323
vol2|SD7037 (C),60300,4.93,-0.00168,-0.10363
vol2|SD7037 (C),60300,6.45,-0.00168,-0.11896
vol2|SD7037 (C),60300,7.95,-0.01699,-0.12753
vol2|SD7037 (C),60300,9.52,-0.12952,-0.11837
vol2|SD7037 (C),60300,11.03,-0.21733,-0.11029
vol2|SD7037 (C),100200,-4.33,-0.21813,0.08255
vol2|SD7037 (C),100200,-2.8,-0.18911,0.08141
vol2|SD7037 (C),100200,-1.27,-0.11115,0.01474
vol2|SD7037 (C),100200,0.24,-0.06006,-0.01560
vol2|SD7037 (C),100200,1.83,0.02219,-0.07358
vol2|SD7037 (C),100200,3.37,0.04274,-0.09473
vol2|SD7037 (C),100200,4.91,0.04274,-0.09803
vol2|SD7037 (C),100200,6.43,0.04364,-0.11095
vol2|SD7037 (C),100200,7.99,0.01830,-0.11274
vol2|SD7037 (C),100200,9.5,-0.00790,-0.10224
vol2|SD7037 (C),100200,11.02,-0.00903,-0.11582
vol2|SD7037 (C),199100,-4.24,-0.16980,0.06019
vol2|SD7037 (C),199100,-2.76,-0.10690,0.02490
vol2|SD7037 (C),199100,-1.23,-0.02665,-0.01387
vol2|SD7037 (C),199100,0.31,0.01675,-0.05377
vol2|SD7037 (C),199100,1.84,0.03675,-0.07570
vol2|SD7037 (C),199100,3.38,0.05268,-0.08013
vol2|SD7037 (C),199100,4.92,0.05268,-0.08397
vol2|SD7037 (C),199100,6.45,0.04242,-0.08779
vol2|SD7037 (C),199100,7.98,0.02855,-0.09646
vol2|SD7037 (C),199100,9.52,0.00829,-0.08796
vol2|SD7037 (C),199100,11.04,0.02709,-0.09960
vol2|SD7037 (C),298900,-4.89,-0.08177,0.03277
vol2|SD7037 (C),298900,-2.84,-0.03844,-0.00687
vol2|SD7037 (C),298900,-1.23,0.00900,-0.02284
vol2|SD7037 (C),298900,0.3,0.03874,-0.05478
vol2|SD7037 (C),298900,1.85,0.04560,-0.06477
vol2|SD7037 (C),298900,3.39,0.06154,-0.07057
vol2|SD7037 (C),298900,4.93,0.06154,-0.07535
vol2|SD7037 (C),298900,6.4,0.05181,-0.07996
vol2|SD7037 (C),298900,7.99,0.03189,-0.08863
vol2|SD7037 (C),298900,9.52,0.02165,-0.08350
vol2|SD7037 (C),298900,11.0,0.03834,-0.08965
vol3|Avistar,100000,-3.32,-0.08821,0.05879
vol3|Avistar,100000,-2.33,-0.06273,0.03059
vol3|Avistar,100000,-1.3,0.04492,-0.00684
vol3|Avistar,100000,-0.24,0.07171,-0.08144
vol3|Avistar,100000,0.77,0.08079,-0.10024
vol3|Avistar,100000,1.78,0.08910,-0.09755
vol3|Avistar,100000,2.9,0.09761,-0.10939
vol3|Avistar,100000,3.81,0.09761,-0.11123
vol3|Avistar,100000,4.93,0.09021,-0.11419
vol3|Avistar,100000,5.88,0.08572,-0.11452
vol3|Avistar,100000,6.89,0.08572,-0.11189
vol3|Avistar,100000,7.91,0.08390,-0.11265
vol3|Avistar,100000,8.94,0.08390,-0.10444
vol3|Avistar,100000,9.9,0.08873,-0.08364
vol3|Avistar,200600,-5.44,-0.09065,0.04744
vol3|Avistar,200600,-4.32,-0.04651,0.03022
vol3|Avistar,200600,-3.33,-0.02002,0.00253
vol3|Avistar,200600,-2.29,0.00229,-0.00541
vol3|Avistar,200600,-1.33,0.05010,-0.01479
vol3|Avistar,200600,-0.25,0.05520,-0.05078
vol3|Avistar,200600,0.77,0.05520,-0.06659
vol3|Avistar,200600,1.78,0.06696,-0.07806
vol3|Avistar,200600,2.78,0.07370,-0.08959
vol3|Avistar,200600,3.82,0.07370,-0.09313
vol3|Avistar,200600,4.87,0.06740,-0.09175
vol3|Avistar,200600,5.9,0.06740,-0.09038
vol3|Avistar,200600,6.89,0.06740,-0.08777
vol3|Avistar,200600,7.89,0.06740,-0.07863
vol3|Avistar,300900,-5.37,-0.02296,0.04705
vol3|Avistar,300900,-4.38,-0.01374,0.00649
vol3|Avistar,300900,-3.32,-0.00146,-0.00482
vol3|Avistar,300900,-2.31,0.03070,0.00265
vol3|Avistar,300900,-1.23,0.05041,-0.01377
vol3|Avistar,300900,-0.22,0.05386,-0.04247
vol3|Avistar,300900,0.78,0.05826,-0.05096
vol3|Avistar,300900,1.83,0.06012,-0.06075
vol3|Avistar,300900,2.85,0.06953,-0.07571
vol3|Avistar,300900,3.84,0.06771,-0.08775
vol3|Avistar,300900,4.86,0.06771,-0.08468
vol3|Avistar,300900,5.9,0.06771,-0.08577
vol3|Avistar,300900,6.93,0.06771,-0.08496
vol3|Avistar,300900,7.89,0.06773,-0.07231
vol3|Avistar,300900,8.91,0.06798,-0.05388
vol3|Avistar,402100,-5.42,0.02435,0.00801
vol3|Avistar,402100,-4.37,0.00719,-0.00014
vol3|Avistar,402100,-3.35,0.01589,-0.00312
vol3|Avistar,402100,-2.34,0.06879,0.00061
vol3|Avistar,402100,-1.34,0.05731,-0.01173
vol3|Avistar,402100,-0.26,0.05242,-0.02129
vol3|Avistar,402100,0.77,0.06943,-0.03702
vol3|Avistar,402100,1.8,0.06701,-0.04385
vol3|Avistar,402100,2.85,0.06740,-0.05355
vol3|Avistar,402100,3.87,0.06811,-0.06204
vol3|Avistar,402100,4.95,0.06811,-0.06285
vol3|Avistar,402100,5.88,0.06811,-0.06416
vol3|Avistar,402100,6.87,0.06811,-0.06262
vol3|Avistar,402100,7.91,0.07463,-0.04786
vol3|BW-3,59400,-2.11,-0.12081,0.06179
vol3|BW-3,59400,-0.45,-0.11765,0.05878
vol3|BW-3,59400,1.06,-0.11130,0.06109
vol3|BW-3,59400,2.69,-0.03095,0.01442
vol3|BW-3,59400,4.24,-0.01000,-0.04693
vol3|BW-3,59400,5.78,-0.05674,-0.13271
vol3|BW-3,59400,7.32,-0.21024,-0.10219
vol3|BW-3,59400,8.77,-0.32527,-0.11707
vol3|BW-3,59400,10.3,-0.41040,0.02221
vol3|BW-3,59400,11.83,-0.16029,0.04236
vol3|BW-3,99400,-2.16,-0.10377,0.04363
vol3|BW-3,99400,-0.48,-0.06940,0.00954
vol3|BW-3,99400,1.18,0.01430,-0.01662
vol3|BW-3,99400,2.71,0.04665,-0.06235
vol3|BW-3,99400,4.26,0.03654,-0.11044
vol3|BW-3,99400,5.77,-0.04900,-0.09863
vol3|BW-3,99400,7.3,-0.07004,-0.09667
vol3|BW-3,99400,8.7,-0.14149,-0.11870
vol3|BW-3,99400,10.35,-0.27984,-0.00611
vol3|BW-3,99400,11.73,-0.15372,0.05648
vol3|BW-3,198900,-2.58,-0.04531,0.00276
vol3|BW-3,198900,-0.85,0.02010,-0.02036
vol3|BW-3,198900,0.48,0.03877,-0.06183
vol3|BW-3,198900,2.24,0.05256,-0.09213
vol3|BW-3,198900,3.75,0.05499,-0.11304
vol3|BW-3,198900,5.39,-0.02308,-0.09345
vol3|BW-3,198900,6.82,-0.03039,-0.09181
vol3|BW-3,198900,8.41,-0.06403,-0.09074
vol3|BW-3,198900,9.73,-0.09906,-0.09023
vol3|BW-3,198900,11.34,-0.16034,-0.03664
vol3|BW-3,297600,-2.58,0.06194,-0.02386
vol3|BW-3,297600,-0.98,0.11882,-0.04384
vol3|BW-3,297600,0.55,0.08044,-0.08383
vol3|BW-3,297600,2.1,0.07722,-0.09738
vol3|BW-3,297600,3.66,0.07483,-0.10704
vol3|BW-3,297600,5.21,0.00185,-0.08760
vol3|BW-3,297600,6.73,-0.02547,-0.08537
vol3|BW-3,297600,8.29,-0.07039,-0.08561
vol3|BW-3,297600,9.92,-0.07670,-0.07554
vol3|BW-3,297600,11.22,-0.18020,-0.05941
vol3|BW-3,397300,-3.16,0.00681,-0.00886
vol3|BW-3,397300,-1.41,0.14387,-0.04703
vol3|BW-3,397300,0.3,0.09483,-0.07052
vol3|BW-3,397300,1.6,0.08373,-0.08851
vol3|BW-3,397300,3.16,0.07931,-0.09601
vol3|BW-3,397300,4.68,0.04288,-0.06689
vol3|BW-3,397300,6.2,-0.01895,-0.06483
vol3|BW-3,397300,7.77,-0.07281,-0.06369
vol3|BW-3,397300,9.29,-0.07845,-0.07131
vol3|BW-3,397300,10.9,-0.04662,-0.04796
vol3|Clark-Y (B),59500,11.31,-0.06363,-0.16200
vol3|Clark-Y (B),60700,-2.07,-0.18842,0.13870
vol3|Clark-Y (B),60700,-0.45,-0.11983,0.08211
vol3|Clark-Y (B),60700,1.02,-0.03754,-0.00133
vol3|Clark-Y (B),60700,2.54,-0.01713,-0.03643
vol3|Clark-Y (B),60700,4.16,-0.00819,-0.09902
vol3|Clark-Y (B),60700,5.71,-0.00819,-0.11188
vol3|Clark-Y (B),60700,7.19,-0.00819,-0.13717
vol3|Clark-Y (B),60700,8.74,-0.02180,-0.15249
vol3|Clark-Y (B),60700,10.26,-0.04795,-0.15082
vol3|Clark-Y (B),100000,-3.07,-0.16149,0.07429
vol3|Clark-Y (B),100000,-1.42,-0.03201,0.02522
vol3|Clark-Y (B),100000,0.01,0.00778,-0.04046
vol3|Clark-Y (B),100000,1.64,0.03401,-0.06402
vol3|Clark-Y (B),100000,3.17,0.04186,-0.09014
vol3|Clark-Y (B),100000,4.64,0.04186,-0.10455
vol3|Clark-Y (B),100000,6.2,0.04186,-0.11738
vol3|Clark-Y (B),100000,7.72,0.03266,-0.12278
vol3|Clark-Y (B),100000,9.29,0.03193,-0.13447
vol3|Clark-Y (B),200000,-4.64,-0.12491,0.04261
vol3|Clark-Y (B),200000,-2.92,-0.04013,-0.00280
vol3|Clark-Y (B),200000,-1.57,0.01608,-0.02278
vol3|Clark-Y (B),200000,0.1,0.02592,-0.05709
vol3|Clark-Y (B),200000,1.74,0.04613,-0.07855
vol3|Clark-Y (B),200000,3.11,0.05005,-0.08072
vol3|Clark-Y (B),200000,4.76,0.05005,-0.09210
vol3|Clark-Y (B),200000,6.24,0.05005,-0.10068
vol3|Clark-Y (B),200000,7.78,0.03757,-0.10093
vol3|Clark-Y (B),200000,9.3,0.03499,-0.11388
vol3|Clark-Y (B),200000,10.78,0.05976,-0.08844
vol3|Clark-Y (B),299800,-4.56,-0.05580,0.01170
vol3|Clark-Y (B),299800,-2.97,0.00486,-0.01518
vol3|Clark-Y (B),299800,-1.44,0.03264,-0.03132
vol3|Clark-Y (B),299800,0.14,0.03679,-0.05388
vol3|Clark-Y (B),299800,1.71,0.05701,-0.06141
vol3|Clark-Y (B),299800,3.28,0.06093,-0.07405
vol3|Clark-Y (B),299800,4.95,0.06093,-0.08491
vol3|Clark-Y (B),299800,6.28,0.06093,-0.09436
vol3|Clark-Y (B),299800,7.87,0.04606,-0.09334
vol3|Clark-Y (B),299800,9.26,0.04619,-0.09989
vol3|Clark-Y (B),299800,10.77,0.06589,-0.08209
vol3|Clark-Y (B),399900,-4.7,-0.00700,0.00852
vol3|Clark-Y (B),399900,-3.0,0.04495,-0.01631
vol3|Clark-Y (B),399900,-1.48,0.06480,-0.02665
vol3|Clark-Y (B),399900,0.1,0.06067,-0.04318
vol3|Clark-Y (B),399900,1.69,0.07284,-0.04820
vol3|Clark-Y (B),399900,3.21,0.07335,-0.05767
vol3|Clark-Y (B),399900,4.78,0.07335,-0.06409
vol3|Clark-Y (B),399900,6.51,0.07016,-0.05758
vol3|Clark-Y (B),399900,8.06,0.05847,-0.05702
vol3|Clark-Y (B),399900,9.56,0.05860,-0.06265
vol3|Clark-Y (B),399900,10.96,0.11910,-0.03709
vol3|DH4009,100000,-3.66,-0.17049,0.08414
vol3|DH4009,100000,-2.62,-0.14353,0.08195
vol3|DH4009,100000,-1.59,-0.14353,0.02659
vol3|DH4009,100000,-0.53,-0.13538,0.00481
vol3|DH4009,100000,0.43,-0.10743,-0.01094
vol3|DH4009,100000,1.47,-0.10582,-0.01178
vol3|DH4009,100000,2.88,-0.07598,-0.06393
vol3|DH4009,100000,3.51,-0.00811,-0.08914
vol3|DH4009,100000,4.54,-0.04089,-0.08018
vol3|DH4009,100000,5.58,-0.03882,-0.06128
vol3|DH4009,100000,6.6,-0.07368,-0.05622
vol3|DH4009,100000,7.61,-0.06346,-0.03031
vol3|DH4009,100000,8.68,-0.11200,0.00317
vol3|DH4009,100000,10.16,-0.10714,0.01717
vol3|DH4009,200800,-3.65,-0.10591,0.05759
vol3|DH4009,200800,-2.63,-0.10285,0.06952
vol3|DH4009,200800,-1.56,-0.09122,0.06999
vol3|DH4009,200800,-0.6,-0.09656,0.03455
vol3|DH4009,200800,0.43,-0.07634,-0.02269
vol3|DH4009,200800,1.46,-0.03576,-0.05317
vol3|DH4009,200800,2.49,-0.01597,-0.07982
vol3|DH4009,200800,3.52,-0.01453,-0.06629
vol3|DH4009,200800,4.55,-0.00838,-0.06847
vol3|DH4009,200800,5.56,-0.00170,-0.05294
vol3|DH4009,200800,6.57,-0.00275,-0.04680
vol3|DH4009,200800,7.65,-0.06201,-0.04064
vol3|DH4009,200800,8.61,-0.08403,0.00296
vol3|DH4009,301500,-3.65,-0.05907,0.05590
vol3|DH4009,301500,-2.61,-0.05876,0.06332
vol3|DH4009,301500,-1.6,-0.04886,0.04341
vol3|DH4009,301500,-0.58,-0.05611,0.01680
vol3|DH4009,301500,1.2,-0.00424,-0.05196
vol3|DH4009,301500,1.58,-0.00379,-0.07285
vol3|DH4009,301500,2.53,0.00945,-0.08111
vol3|DH4009,301500,3.57,-0.00265,-0.06191
vol3|DH4009,301500,4.55,-0.02184,-0.06486
vol3|DH4009,301500,5.63,-0.01886,-0.05445
vol3|DH4009,301500,6.6,0.00851,-0.04712
vol3|DH4009,401700,-3.71,-0.00864,0.04926
vol3|DH4009,401700,-2.66,-0.03784,0.04095
vol3|DH4009,401700,-1.62,-0.02903,0.03124
vol3|DH4009,401700,-0.58,-0.01889,0.00273
vol3|DH4009,401700,0.42,0.00200,-0.01977
vol3|DH4009,401700,1.56,0.00890,-0.06556
vol3|DH4009,401700,2.52,0.05207,-0.07482
vol3|DH4009,401700,3.53,0.00703,-0.05729
vol3|DH4009,401700,4.54,-0.01646,-0.05759
vol3|DH4009,401700,5.61,0.02315,-0.04334
vol3|DH4009,501500,-3.81,-0.01166,0.03862
vol3|DH4009,501500,-2.71,-0.04434,0.02522
vol3|DH4009,501500,-1.69,-0.02903,0.01178
vol3|DH4009,501500,-0.58,-0.01528,-0.01766
vol3|DH4009,501500,0.45,0.00054,-0.05089
vol3|DH4009,501500,1.5,0.01637,-0.07555
vol3|DH4009,501500,2.54,0.05207,-0.08228
vol3|DH4009,501500,3.53,0.00703,-0.07023
vol3|DH4009,501500,4.54,-0.01646,-0.07161
vol3|DH4009,501500,5.59,0.02315,-0.06542
vol3|DH4009,501500,6.62,0.08797,-0.04613
vol3|E231,60800,-4.57,-0.21329,0.16255
vol3|E231,60800,-3.53,-0.17064,0.15572
vol3|E231,60900,-2.51,-0.17674,0.12576
vol3|E231,60900,-1.44,-0.16980,0.09431
vol3|E231,60900,-0.44,-0.16980,0.08842
vol3|E231,60900,0.59,-0.15740,0.07664
vol3|E231,60900,1.61,-0.11119,0.07247
vol3|E231,60900,2.62,-0.05947,0.06956
vol3|E231,60900,3.67,-0.04311,0.02152
vol3|E231,60900,4.67,-0.03940,-0.00956
vol3|E231,60900,5.75,-0.00667,-0.01799
vol3|E231,60900,6.75,-0.01257,-0.05451
vol3|E231,60900,7.81,-0.01021,-0.04678
vol3|E231,60900,8.79,-0.00875,-0.05540
vol3|E231,60900,9.82,-0.03813,-0.03334
vol3|E231,60900,10.81,-0.06510,-0.04107
vol3|E231,60900,11.86,-0.04798,-0.02174
vol3|E231,99900,-2.5,-0.11638,0.10837
vol3|E231,99900,-1.44,-0.01617,0.04966
vol3|E231,99900,-0.36,0.01195,0.03034
vol3|E231,99900,0.65,0.02149,0.03046
vol3|E231,99900,1.66,0.02055,-0.00768
vol3|E231,99900,2.62,0.03778,-0.01037
vol3|E231,99900,3.7,0.05874,-0.02308
vol3|E231,99900,4.77,0.05812,-0.04416
vol3|E231,99900,5.73,0.05812,-0.05264
vol3|E231,99900,6.78,0.05812,-0.05863
vol3|E231,99900,7.82,0.05812,-0.04787
vol3|E231,99900,8.82,0.05038,-0.03723
vol3|E231,99900,9.87,0.06143,-0.03276
vol3|E231,99900,10.83,0.09577,-0.03521
vol3|E231,101900,-4.54,-0.19442,0.12498
vol3|E231,101900,-3.53,-0.15701,0.11542
vol3|E231,200600,-4.56,-0.09318,0.03583
vol3|E231,200600,-3.48,-0.03446,0.03710
vol3|E231,200600,-2.35,-0.00910,0.03482
vol3|E231,200600,-1.38,0.02859,0.01777
vol3|E231,200600,-0.29,0.03147,-0.00849
vol3|E231,200600,0.61,0.03756,-0.02366
vol3|E231,200600,1.78,0.06106,-0.04664
vol3|E231,200600,2.73,0.06677,-0.03926
vol3|E231,200600,3.69,0.06816,-0.04184
vol3|E231,200600,4.72,0.06816,-0.03778
vol3|E231,200600,5.75,0.06816,-0.03667
vol3|E231,200600,6.82,0.06816,-0.03913
vol3|E231,200600,7.84,0.06434,-0.02502
vol3|E231,200600,8.85,0.06128,-0.01844
vol3|E231,200600,9.83,0.06841,-0.01644
vol3|E231,200600,10.84,0.14001,-0.00967
vol3|E231,301000,-4.57,-0.03716,0.01093
vol3|E231,301000,-3.39,-0.01002,0.01324
vol3|E231,301000,-2.26,0.01695,0.00801
vol3|E231,301000,-1.51,0.06393,0.02185
vol3|E231,301000,-0.44,0.07618,0.00752
vol3|E231,301000,0.57,0.04687,-0.01407
vol3|E231,301000,1.72,0.05129,-0.02694
vol3|E231,301000,2.78,0.07426,-0.03371
vol3|E231,301000,3.75,0.07426,-0.03678
vol3|E231,301000,4.72,0.07426,-0.03342
vol3|E231,301000,5.74,0.07426,-0.03200
vol3|E231,301000,6.83,0.07426,-0.03331
vol3|E231,301000,7.85,0.06651,-0.01920
vol3|E231,301000,8.86,0.06452,-0.02046
vol3|E231,301000,9.83,0.07800,-0.01898
vol3|E231,301000,10.85,0.15601,-0.00695
vol3|E231,400400,-4.53,-0.00575,0.02212
vol3|E231,400400,-3.48,0.02695,0.01712
vol3|E231,400400,-2.47,0.08585,0.01389
vol3|E231,400400,-1.44,0.09293,0.02626
vol3|E231,400400,-0.34,0.10485,0.02204
vol3|E231,400400,0.64,0.10778,0.01140
vol3|E231,400400,1.69,0.10921,0.00429
vol3|E231,400400,2.66,0.11802,-0.00649
vol3|E231,400400,3.75,0.08244,-0.01429
vol3|E231,400400,4.78,0.08244,-0.00861
vol3|E231,400400,5.83,0.09412,-0.00607
vol3|E231,400400,6.8,0.10456,-0.00654
vol3|E231,400400,7.8,0.07557,0.00829
vol3|E231,400400,8.83,0.11625,0.01018
vol3|E231,400400,9.86,0.13349,0.01414
vol3|E231,400400,10.86,0.20347,0.02498
vol3|E374 (B),60200,-5.46,-0.21595,0.14303
vol3|E374 (B),60200,-4.38,-0.21034,0.13727
vol3|E374 (B),60200,-3.19,-0.19223,0.11650
vol3|E374 (B),60200,-2.17,-0.17661,0.06787
vol3|E374 (B),60200,-1.11,-0.17047,0.06121
vol3|E374 (B),60200,-0.26,-0.12373,0.04661
vol3|E374 (B),60200,0.94,-0.07798,0.01714
vol3|E374 (B),60200,1.96,-0.05781,0.03015
vol3|E374 (B),60200,2.98,-0.05636,-0.00126
vol3|E374 (B),60200,4.01,-0.03429,-0.03346
vol3|E374 (B),60200,5.06,0.00211,-0.04584
vol3|E374 (B),60200,6.12,-0.01133,-0.06283
vol3|E374 (B),60200,7.14,-0.02345,-0.10113
vol3|E374 (B),60200,8.13,-0.05724,-0.09125
vol3|E374 (B),60200,9.14,-0.15064,-0.10021
vol3|E374 (B),60200,9.97,-0.12726,-0.10491
vol3|E374 (B),100100,-5.62,-0.18778,0.09496
vol3|E374 (B),100100,-4.04,-0.20704,0.08407
vol3|E374 (B),100100,-3.0,-0.12391,0.05330
vol3|E374 (B),100100,-2.38,-0.06735,0.01467
vol3|E374 (B),100100,-1.34,-0.01163,-0.03183
vol3|E374 (B),100100,-0.28,-0.00209,-0.04641
vol3|E374 (B),100100,0.71,0.00079,-0.05889
vol3|E374 (B),100100,1.71,0.01420,-0.06462
vol3|E374 (B),100100,2.74,0.03126,-0.07549
vol3|E374 (B),100100,3.78,0.03836,-0.07910
vol3|E374 (B),100100,4.81,0.03836,-0.08398
vol3|E374 (B),100100,5.83,0.03836,-0.09002
vol3|E374 (B),100100,6.88,0.04217,-0.09886
vol3|E374 (B),100100,7.86,0.02207,-0.09038
vol3|E374 (B),100100,8.91,-0.00840,-0.08646
vol3|E374 (B),100100,9.93,-0.00847,-0.09503
vol3|E374 (B),200500,-5.18,-0.12993,0.04951
vol3|E374 (B),200500,-3.8,-0.07555,0.01986
vol3|E374 (B),200500,-3.5,-0.03266,0.01170
vol3|E374 (B),200500,-2.47,-0.01093,-0.00108
vol3|E374 (B),200500,-1.51,0.01650,-0.01844
vol3|E374 (B),200500,0.48,0.02256,-0.05975
vol3|E374 (B),200500,0.6,0.02256,-0.06130
vol3|E374 (B),200500,2.44,0.04426,-0.06565
vol3|E374 (B),200500,2.71,0.04634,-0.06889
vol3|E374 (B),200500,3.74,0.05205,-0.07013
vol3|E374 (B),200500,4.75,0.05205,-0.07402
vol3|E374 (B),200500,5.76,0.05205,-0.08231
vol3|E374 (B),200500,6.82,0.04906,-0.08119
vol3|E374 (B),200500,8.38,0.03054,-0.07320
vol3|E374 (B),200500,8.85,0.03646,-0.07453
vol3|E374 (B),200500,9.87,0.05841,-0.07428
vol3|E374 (B),301200,-6.4,-0.08438,0.04965
vol3|E374 (B),301200,-5.42,-0.04220,0.03981
vol3|E374 (B),301200,-4.4,-0.03613,0.00638
vol3|E374 (B),301200,-3.42,0.01211,-0.00142
vol3|E374 (B),301200,-2.36,0.02606,-0.00613
vol3|E374 (B),301200,-1.35,0.03475,-0.01825
vol3|E374 (B),301200,-0.4,0.03788,-0.03857
vol3|E374 (B),301200,0.71,0.03788,-0.05202
vol3|E374 (B),301200,1.74,0.04460,-0.06027
vol3|E374 (B),301200,2.79,0.06166,-0.06562
vol3|E374 (B),301200,3.81,0.06737,-0.06624
vol3|E374 (B),301200,4.84,0.06737,-0.07486
vol3|E374 (B),301200,5.87,0.06737,-0.07577
vol3|E374 (B),301200,6.91,0.05378,-0.07392
vol3|E374 (B),301200,7.92,0.04781,-0.07096
vol3|E374 (B),301200,8.94,0.05373,-0.06803
vol3|E374 (B),301200,9.95,0.07424,-0.07199
vol3|E387 (C),59885,-4.13,-0.28178,0.13581
vol3|E387 (C),59885,-3.05,-0.22029,0.11619
vol3|E387 (C),59885,-2.08,-0.16810,0.08733
vol3|E387 (C),59885,-1.0,-0.07773,0.05822
vol3|E387 (C),59885,-0.02,-0.04672,0.01679
vol3|E387 (C),59885,1.0,-0.04001,0.00336
vol3|E387 (C),59885,2.05,-0.03308,0.00137
vol3|E387 (C),59885,3.07,0.00267,-0.02412
vol3|E387 (C),59885,4.09,0.00451,-0.04780
vol3|E387 (C),59885,5.07,-0.01025,-0.06106
vol3|E387 (C),59885,6.2,-0.00407,-0.10814
vol3|E387 (C),59885,7.11,-0.03062,-0.10901
vol3|E387 (C),59885,8.29,0.01975,-0.11166
vol3|E387 (C),59885,9.17,-0.12998,-0.09873
vol3|E387 (C),59885,10.29,-0.19934,-0.10604
vol3|E387 (C),59885,11.27,-0.23622,-0.08008
vol3|E387 (C),99744,-4.08,-0.21490,0.05362
vol3|E387 (C),99744,-3.05,-0.08740,0.02579
vol3|E387 (C),99744,-2.04,-0.01175,0.00594
vol3|E387 (C),99744,-0.95,0.00463,-0.02869
vol3|E387 (C),99744,0.05,0.01997,-0.04631
vol3|E387 (C),99744,1.04,0.02087,-0.05332
vol3|E387 (C),99744,2.19,0.02938,-0.06813
vol3|E387 (C),99744,3.06,0.02938,-0.07110
vol3|E387 (C),99744,4.12,0.02938,-0.07667
vol3|E387 (C),99744,5.16,0.02938,-0.08253
vol3|E387 (C),99744,6.16,0.02938,-0.10070
vol3|E387 (C),99744,7.15,0.02756,-0.11315
vol3|E387 (C),99744,8.22,-0.00613,-0.10108
vol3|E387 (C),99744,9.24,-0.02239,-0.09036
vol3|E387 (C),99744,10.27,-0.04312,-0.12219
vol3|E387 (C),199604,-3.99,-0.04730,0.00651
vol3|E387 (C),199604,-2.81,0.01324,-0.02322
vol3|E387 (C),199604,-1.93,0.03519,-0.04001
vol3|E387 (C),199604,-0.92,0.02284,-0.04498
vol3|E387 (C),199604,0.06,0.02744,-0.05267
vol3|E387 (C),199604,1.17,0.02835,-0.05362
vol3|E387 (C),199604,2.1,0.03685,-0.06478
vol3|E387 (C),199604,3.1,0.03685,-0.06405
vol3|E387 (C),199604,4.15,0.03685,-0.07184
vol3|E387 (C),199604,5.3,0.03685,-0.07648
vol3|E387 (C),199604,6.17,0.03503,-0.08903
vol3|E387 (C),199604,7.32,0.02113,-0.08066
vol3|E387 (C),199604,8.32,-0.01780,-0.08717
vol3|E387 (C),199604,9.27,-0.02645,-0.09162
vol3|E387 (C),199604,10.26,-0.01802,-0.10224
vol3|E387 (C),299856,-4.11,-0.02745,-0.00070
vol3|E387 (C),299856,-3.08,0.03115,-0.03193
vol3|E387 (C),299856,-2.04,0.04720,-0.04369
vol3|E387 (C),299856,-0.99,0.03477,-0.03768
vol3|E387 (C),299856,0.11,0.03937,-0.04254
vol3|E387 (C),299856,1.02,0.04028,-0.04349
vol3|E387 (C),299856,2.1,0.04879,-0.05341
vol3|E387 (C),299856,3.11,0.04879,-0.05818
vol3|E387 (C),299856,4.19,0.04879,-0.06654
vol3|E387 (C),299856,5.13,0.04879,-0.06932
vol3|E387 (C),299856,6.23,0.04972,-0.08342
vol3|E387 (C),299856,7.33,0.00291,-0.07623
vol3|E387 (C),299856,8.34,-0.00314,-0.08280
vol3|E387 (C),299856,9.32,0.01241,-0.08699
vol3|E387 (C),299856,10.32,0.01530,-0.08834
vol3|E387 (C),458992,-4.1,0.03329,-0.02163
vol3|E387 (C),458992,-3.08,0.05003,-0.03250
vol3|E387 (C),458992,-2.03,0.06163,-0.03205
vol3|E387 (C),458992,-1.04,0.04445,-0.02964
vol3|E387 (C),458992,0.02,0.04905,-0.02834
vol3|E387 (C),458992,1.16,0.04996,-0.02752
vol3|E387 (C),458992,2.03,0.05847,-0.02546
vol3|E387 (C),458992,3.36,0.05847,-0.02942
vol3|E387 (C),458992,4.1,0.05847,-0.03253
vol3|E387 (C),458992,5.09,0.05665,-0.03398
vol3|E387 (C),458992,6.42,0.05317,-0.04199
vol3|E387 (C),458992,7.27,0.04965,-0.04342
vol3|E387 (C),458992,8.3,0.04192,-0.04951
vol3|E387 (C),458992,9.36,0.04861,-0.04089
vol3|E387 (C),458992,10.47,0.06458,-0.03699
vol3|E387 (D),59507,-4.25,-0.31712,0.15563
vol3|E387 (D),59507,-3.19,-0.20021,0.14743
vol3|E387 (D),59507,-2.09,-0.18355,0.10222
vol3|E387 (D),59507,-1.31,-0.12946,0.09759
vol3|E387 (D),59507,-0.12,-0.08059,0.04569
vol3|E387 (D),59507,0.95,-0.06615,0.03662
vol3|E387 (D),59507,1.97,-0.06264,0.02319
vol3|E387 (D),59507,3.11,-0.03890,0.00400
vol3|E387 (D),59507,3.97,-0.02739,-0.01885
vol3|E387 (D),59507,5.02,-0.06296,-0.03574
vol3|E387 (D),59507,5.93,-0.06837,-0.04878
vol3|E387 (D),59507,6.85,-0.03525,-0.07650
vol3|E387 (D),59507,7.7,-0.03180,-0.11549
vol3|E387 (D),59507,9.09,-0.18592,-0.08238
vol3|E387 (D),59507,10.02,-0.23632,-0.07543
vol3|E387 (D),59507,10.94,-0.22157,-0.07551
vol3|E472,100300,-2.95,-0.16520,0.02089
vol3|E472,100300,-1.94,-0.15962,0.02261
vol3|E472,100300,-0.9,-0.15962,0.01709
vol3|E472,100300,0.16,0.00072,-0.09460
vol3|E472,100300,1.16,0.00045,-0.16091
vol3|E472,100300,2.21,-0.00084,-0.16739
vol3|E472,100300,3.22,0.00112,-0.17136
vol3|E472,100300,4.24,0.00119,-0.16620
vol3|E472,100300,5.29,-0.00462,-0.16408
vol3|E472,100300,6.28,-0.00462,-0.16170
vol3|E472,100300,7.33,0.00225,-0.15809
vol3|E472,100300,8.34,-0.09785,-0.16677
vol3|E472,100300,9.3,-0.12683,-0.18332
vol3|E472,100300,10.32,-0.10622,-0.09212
vol3|E472,200100,-2.94,-0.11416,0.01140
vol3|E472,200100,-1.9,-0.10859,0.00578
vol3|E472,200100,-0.9,-0.00720,-0.08203
vol3|E472,200100,0.14,0.00420,-0.09806
vol3|E472,200100,1.15,0.01293,-0.13258
vol3|E472,200100,2.2,0.00238,-0.15962
vol3|E472,200100,3.22,0.00434,-0.16221
vol3|E472,200100,4.26,0.00823,-0.16482
vol3|E472,200100,5.27,0.01491,-0.16368
vol3|E472,200100,6.27,0.01491,-0.15809
vol3|E472,200100,7.31,0.01491,-0.16092
vol3|E472,200100,8.35,0.01019,-0.16134
vol3|E472,200100,9.35,0.00764,-0.15618
vol3|E472,200100,10.4,0.04396,-0.15182
vol3|E472,200100,11.42,0.11425,-0.13137
vol3|E472,300900,-2.89,-0.07689,0.01317
vol3|E472,300900,-1.88,-0.07507,0.00943
vol3|E472,300900,-0.85,0.02012,-0.08765
vol3|E472,300900,0.21,0.03153,-0.08825
vol3|E472,300900,1.15,0.03151,-0.09065
vol3|E472,300900,2.19,0.02277,-0.13290
vol3|E472,300900,3.24,0.02473,-0.15092
vol3|E472,300900,4.33,0.02862,-0.15704
vol3|E472,300900,5.26,0.03530,-0.15434
vol3|E472,300900,6.29,0.03530,-0.14781
vol3|E472,300900,7.34,0.03058,-0.15001
vol3|E472,300900,8.37,0.02803,-0.15050
vol3|E472,300900,9.47,0.02803,-0.14917
vol3|E472,300900,10.58,0.06435,-0.15403
vol3|E472,300900,11.44,0.13464,-0.12554
vol3|E472,401000,-2.9,-0.06363,0.01155
vol3|E472,401000,-2.02,-0.03078,-0.00577
vol3|E472,401000,-0.81,0.06877,-0.08174
vol3|E472,401000,0.18,0.07596,-0.08342
vol3|E472,401000,1.15,0.04295,-0.08711
vol3|E472,401000,2.19,0.03421,-0.11743
vol3|E472,401000,3.25,0.03617,-0.13527
vol3|E472,401000,4.25,0.03845,-0.14079
vol3|E472,401000,5.28,0.04185,-0.14255
vol3|E472,401000,6.38,0.03713,-0.13415
vol3|E472,401000,7.35,0.03458,-0.13282
vol3|E472,401000,8.45,0.03458,-0.13194
vol3|E472,401000,9.84,0.03458,-0.12047
vol3|E472,401000,10.45,0.07091,-0.13196
vol3|E472,401000,11.64,0.17547,-0.10616
vol3|E472,501400,-3.14,-0.06363,0.00619
vol3|E472,501400,-1.79,0.03156,-0.08751
vol3|E472,501400,-0.48,0.07351,-0.08702
vol3|E472,501400,0.45,0.07723,-0.09251
vol3|E472,501400,1.28,0.03448,-0.08601
vol3|E472,501400,2.28,0.03421,-0.11549
vol3|E472,501400,3.27,0.03617,-0.13233
vol3|E472,501400,4.2,0.03790,-0.13664
vol3|E472,501400,5.31,0.03713,-0.13826
vol3|E472,501400,6.24,0.03458,-0.13653
vol3|E472,501400,7.4,0.03458,-0.13083
vol3|E472,501400,8.4,0.03458,-0.13168
vol3|E472,501400,9.73,0.03458,-0.12550
vol3|E472,501400,10.74,0.11972,-0.13174
vol3|LRN1007 (B),59500,-3.56,-0.16358,0.12353
vol3|LRN1007 (B),59500,-2.5,-0.16256,0.10978
vol3|LRN1007 (B),59500,-1.45,-0.16779,0.08263
vol3|LRN1007 (B),59500,-0.4,-0.15936,0.07413
vol3|LRN1007 (B),59500,0.6,-0.17959,0.05421
vol3|LRN1007 (B),59500,1.63,-0.12547,0.06261
vol3|LRN1007 (B),59500,2.64,-0.12686,0.05097
vol3|LRN1007 (B),59500,3.67,-0.13473,0.02596
vol3|LRN1007 (B),59500,4.67,-0.17593,0.02248
vol3|LRN1007 (B),59500,5.7,-0.19348,-0.04462
vol3|LRN1007 (B),59500,6.7,-0.21793,-0.06669
vol3|LRN1007 (B),59500,7.76,-0.21745,-0.09561
vol3|LRN1007 (B),59500,8.89,-0.29795,-0.04738
vol3|LRN1007 (B),59500,9.87,-0.48574,-0.01276
vol3|LRN1007 (B),59500,10.84,-0.47759,0.02392
vol3|LRN1007 (B),59500,11.86,-0.45028,0.08374
vol3|LRN1007 (B),98800,3.67,-0.07288,-0.08018
vol3|LRN1007 (B),98800,4.73,-0.09413,-0.10254
vol3|LRN1007 (B),98800,5.76,-0.10190,-0.09883
vol3|LRN1007 (B),98800,6.79,-0.11944,-0.10254
vol3|LRN1007 (B),98800,7.86,-0.17553,-0.05406
vol3|LRN1007 (B),98800,8.87,-0.34180,-0.06148
vol3|LRN1007 (B),98800,9.86,-0.37322,-0.03191
vol3|LRN1007 (B),98800,10.85,-0.33302,-0.01102
vol3|LRN1007 (B),98800,11.88,-0.30137,0.06360
vol3|LRN1007 (B),100200,-3.52,-0.19718,0.04893
vol3|LRN1007 (B),100200,-2.47,-0.15952,0.02738
vol3|LRN1007 (B),100200,-1.38,-0.11359,0.01348
vol3|LRN1007 (B),100200,-0.4,-0.11325,-0.01016
vol3|LRN1007 (B),100200,0.63,-0.09087,-0.03741
vol3|LRN1007 (B),100200,1.65,-0.03434,-0.06518
vol3|LRN1007 (B),100200,2.67,-0.06161,-0.06534
vol3|LRN1007 (B),100200,3.71,-0.04960,-0.09371
vol3|LRN1007 (B),100200,4.72,-0.07085,-0.10508
vol3|LRN1007 (B),100200,5.73,-0.07862,-0.09996
vol3|LRN1007 (B),199100,-4.54,-0.05123,-0.02292
vol3|LRN1007 (B),199100,-3.33,0.00936,-0.02166
vol3|LRN1007 (B),199100,-2.32,-0.00250,-0.01810
vol3|LRN1007 (B),199100,-1.34,-0.01500,-0.03086
vol3|LRN1007 (B),199100,-0.32,0.02661,-0.03139
vol3|LRN1007 (B),199100,0.71,-0.00101,-0.05036
vol3|LRN1007 (B),199100,1.79,-0.02710,-0.08374
vol3|LRN1007 (B),199100,2.81,-0.01408,-0.08266
vol3|LRN1007 (B),199100,3.93,-0.04983,-0.08565
vol3|LRN1007 (B),199100,4.86,-0.07912,-0.09760
vol3|LRN1007 (B),199100,5.78,-0.08207,-0.09683
vol3|LRN1007 (B),199100,6.79,-0.09506,-0.08565
vol3|LRN1007 (B),199100,7.83,-0.13963,-0.06491
vol3|LRN1007 (B),199100,8.84,-0.17415,-0.06645
vol3|LRN1007 (B),199100,9.87,-0.23635,-0.07513
vol3|LRN1007 (B),199100,10.86,-0.20183,-0.04589
vol3|LRN1007 (B),298700,-5.5,0.02263,-0.00276
vol3|LRN1007 (B),298700,-4.47,-0.02463,-0.00331
vol3|LRN1007 (B),298700,-3.42,-0.00935,-0.00251
vol3|LRN1007 (B),298700,-2.27,0.00879,-0.02711
vol3|LRN1007 (B),298700,-1.36,0.03058,-0.03379
vol3|LRN1007 (B),298700,-0.25,0.03197,-0.03761
vol3|LRN1007 (B),298700,0.71,0.02566,-0.04747
vol3|LRN1007 (B),298700,1.73,-0.00501,-0.07554
vol3|LRN1007 (B),298700,2.87,0.00147,-0.08412
vol3|LRN1007 (B),298700,3.78,-0.03035,-0.08358
vol3|LRN1007 (B),298700,4.78,-0.06259,-0.08782
vol3|LRN1007 (B),298700,5.82,-0.03483,-0.09409
vol3|LRN1007 (B),298700,6.84,-0.08574,-0.06747
vol3|LRN1007 (B),298700,7.86,-0.10315,-0.05559
vol3|LRN1007 (B),298700,8.94,-0.11969,-0.06243
vol3|PT-40 (A),100600,-5.91,-0.23441,0.06559
vol3|PT-40 (A),100600,-3.7,-0.22631,0.06480
vol3|PT-40 (A),100600,-3.07,-0.18449,0.05207
vol3|PT-40 (A),100600,-1.68,-0.10496,0.02520
vol3|PT-40 (A),100600,-1.04,-0.03296,0.00864
vol3|PT-40 (A),100600,0.34,0.00437,-0.05540
vol3|PT-40 (A),100600,1.33,0.02237,-0.08032
vol3|PT-40 (A),100600,2.27,0.04251,-0.09233
vol3|PT-40 (A),100600,3.28,0.04075,-0.11136
vol3|PT-40 (A),100600,4.3,0.03893,-0.11622
vol3|PT-40 (A),100600,5.31,0.03893,-0.12108
vol3|PT-40 (A),100600,6.3,0.03895,-0.11841
vol3|PT-40 (A),100600,7.27,0.03920,-0.12911
vol3|PT-40 (A),100600,8.57,0.02685,-0.13480
vol3|PT-40 (A),100600,9.16,0.02364,-0.13481
vol3|PT-40 (A),100600,10.39,0.00927,-0.15703
vol3|PT-40 (A),200200,-4.28,-0.17360,0.02233
vol3|PT-40 (A),200200,-3.53,-0.09314,0.01193
vol3|PT-40 (A),200200,-2.5,0.01275,-0.00412
vol3|PT-40 (A),200200,-1.5,0.02299,-0.04339
vol3|PT-40 (A),200200,0.32,0.03833,-0.07683
vol3|PT-40 (A),200200,0.63,0.03833,-0.08386
vol3|PT-40 (A),200200,1.64,0.04100,-0.08958
vol3|PT-40 (A),200200,2.71,0.04998,-0.09851
vol3|PT-40 (A),200200,3.7,0.04640,-0.10971
vol3|PT-40 (A),200200,4.72,0.04642,-0.11262
vol3|PT-40 (A),200200,5.73,0.04645,-0.11137
vol3|PT-40 (A),200200,7.24,0.04484,-0.11685
vol3|PT-40 (A),200200,7.79,0.04292,-0.11954
vol3|PT-40 (A),200200,8.88,0.03519,-0.12353
vol3|PT-40 (A),200200,9.87,0.02707,-0.12890
vol3|PT-40 (A),200200,10.88,0.05212,-0.12804
vol3|PT-40 (A),299800,-3.28,0.04514,-0.01413
vol3|PT-40 (A),299800,-2.38,0.04574,-0.03366
vol3|PT-40 (A),299800,-1.35,0.06072,-0.06436
vol3|PT-40 (A),299800,-0.32,0.06072,-0.07642
vol3|PT-40 (A),299800,0.71,0.06532,-0.08062
vol3|PT-40 (A),299800,1.73,0.05515,-0.08431
vol3|PT-40 (A),299800,3.25,0.05783,-0.09990
vol3|PT-40 (A),299800,3.78,0.05607,-0.10498
vol3|PT-40 (A),299800,4.81,0.05610,-0.10785
vol3|PT-40 (A),299800,5.85,0.05634,-0.10590
vol3|PT-40 (A),299800,6.78,0.05451,-0.10428
vol3|PT-40 (A),299800,7.75,0.05259,-0.11576
vol3|PT-40 (A),299800,8.9,0.03907,-0.11827
vol3|PT-40 (A),299800,10.35,0.04294,-0.12414
vol3|PT-40 (A),299800,10.86,0.07245,-0.12250
vol3|PT-40 (A),299800,11.89,0.07968,-0.10946
vol3|PT-40 (A),399500,-3.37,0.05023,-0.01819
vol3|PT-40 (A),399500,-2.42,0.07865,-0.03771
vol3|PT-40 (A),399500,-1.35,0.10237,-0.05787
vol3|PT-40 (A),399500,-0.31,0.10237,-0.06652
vol3|PT-40 (A),399500,0.57,0.08479,-0.07149
vol3|PT-40 (A),399500,1.73,0.09329,-0.07001
vol3|PT-40 (A),399500,2.76,0.11633,-0.07915
vol3|PT-40 (A),399500,3.49,0.06004,-0.08137
vol3|PT-40 (A),399500,4.81,0.06009,-0.08314
vol3|PT-40 (A),399500,5.58,0.06031,-0.08246
vol3|PT-40 (A),399500,6.64,0.05848,-0.08298
vol3|PT-40 (A),399500,7.9,0.05378,-0.10141
vol3|PT-40 (A),399500,8.91,0.04073,-0.09410
vol3|PT-40 (A),399500,9.93,0.03551,-0.10075
vol3|PT-40 (A),399500,10.95,0.06305,-0.08912
vol3|PT-40 (A),399500,11.93,0.10434,-0.08509
vol3|PT-40 (B),99700,-2.84,-0.11316,0.05681
vol3|PT-40 (B),99700,-1.71,-0.12398,0.04903
vol3|PT-40 (B),99700,-0.85,-0.04119,0.01665
vol3|PT-40 (B),99700,0.35,-0.00522,-0.01709
vol3|PT-40 (B),99700,1.34,0.03291,-0.04844
vol3|PT-40 (B),99700,2.35,0.03794,-0.05922
vol3|PT-40 (B),99700,3.36,0.04186,-0.07939
vol3|PT-40 (B),99700,4.43,0.04186,-0.09698
vol3|PT-40 (B),99700,5.45,0.03892,-0.10168
vol3|PT-40 (B),99700,6.48,0.03343,-0.10224
vol3|PT-40 (B),99700,7.48,0.03375,-0.11799
vol3|PT-40 (B),99700,8.51,0.01287,-0.11679
vol3|PT-40 (B),99700,9.5,0.00053,-0.11497
vol3|PT-40 (B),99700,10.46,-0.01470,-0.15296
vol3|PT-40 (B),99700,11.51,0.02226,-0.14531
vol3|PT-40 (B),200100,-2.67,-0.00832,0.02231
vol3|PT-40 (B),200100,-1.46,0.00309,-0.01420
vol3|PT-40 (B),200100,-0.85,0.00504,-0.01007
vol3|PT-40 (B),200100,0.47,0.01292,-0.05012
vol3|PT-40 (B),200100,1.49,0.02812,-0.05224
vol3|PT-40 (B),200100,2.48,0.03430,-0.06485
vol3|PT-40 (B),200100,3.5,0.05005,-0.07158
vol3|PT-40 (B),200100,4.54,0.04898,-0.08867
vol3|PT-40 (B),200100,5.54,0.04163,-0.08992
vol3|PT-40 (B),200100,6.53,0.04195,-0.09076
vol3|PT-40 (B),200100,7.52,0.02706,-0.10107
vol3|PT-40 (B),200100,8.45,0.01567,-0.10170
vol3|PT-40 (B),200100,9.53,0.01474,-0.09536
vol3|PT-40 (B),200100,10.48,0.02239,-0.11216
vol3|PT-40 (B),200100,11.54,0.09976,-0.10412
vol3|PT-40 (B),299800,-2.81,0.03357,0.00881
vol3|PT-40 (B),299800,-1.76,0.02658,-0.01130
vol3|PT-40 (B),299800,-0.69,0.02658,-0.02249
vol3|PT-40 (B),299800,0.32,0.03073,-0.04565
vol3|PT-40 (B),299800,1.36,0.04593,-0.04675
vol3|PT-40 (B),299800,2.35,0.05095,-0.04708
vol3|PT-40 (B),299800,3.48,0.06093,-0.06772
vol3|PT-40 (B),299800,4.59,0.05526,-0.08068
vol3|PT-40 (B),299800,5.65,0.05283,-0.08313
vol3|PT-40 (B),299800,6.64,0.04373,-0.08224
vol3|PT-40 (B),299800,7.65,0.03744,-0.09412
vol3|PT-40 (B),299800,8.65,0.02681,-0.09329
vol3|PT-40 (B),299800,9.59,0.02937,-0.09086
vol3|PT-40 (B),299800,10.59,0.04257,-0.10709
vol3|PT-40 (B),299800,11.49,0.11942,-0.09820
vol3|PT-40 (B),399100,-2.9,0.10037,-0.00247
vol3|PT-40 (B),399100,-1.62,0.09474,-0.01590
vol3|PT-40 (B),399100,-0.72,0.09474,-0.02664
vol3|PT-40 (B),399100,0.29,0.09025,-0.03440
vol3|PT-40 (B),399100,1.34,0.08458,-0.03543
vol3|PT-40 (B),399100,2.28,0.10763,-0.03496
vol3|PT-40 (B),399100,3.34,0.07335,-0.05135
vol3|PT-40 (B),399100,4.43,0.06767,-0.06104
vol3|PT-40 (B),399100,5.47,0.06524,-0.06030
vol3|PT-40 (B),399100,6.6,0.05358,-0.06000
vol3|PT-40 (B),399100,7.36,0.05139,-0.05781
vol3|PT-40 (B),399100,8.75,0.03923,-0.05915
vol3|PT-40 (B),399100,9.46,0.04178,-0.05909
vol3|PT-40 (B),399100,10.48,0.06084,-0.07427
vol3|PT-40 (B),399100,11.55,0.13769,-0.06064
vol3|RG14,60400,-5.2,-0.23894,0.08824
vol3|RG14,60400,-4.18,-0.22661,0.07974
vol3|RG14,60400,-3.23,-0.19667,0.06557
vol3|RG14,60400,-2.17,-0.17601,0.04073
vol3|RG14,60400,-1.13,-0.17410,0.02710
vol3|RG14,60400,-0.14,-0.17494,0.02168
vol3|RG14,60400,0.93,-0.15937,0.02548
vol3|RG14,60400,1.93,-0.15764,0.03068
vol3|RG14,60400,3.01,-0.08253,-0.02151
vol3|RG14,60400,4.65,-0.05168,-0.07631
vol3|RG14,60400,5.09,-0.05168,-0.08250
vol3|RG14,60400,6.12,-0.05168,-0.09292
vol3|RG14,60400,7.13,-0.12983,-0.08631
vol3|RG14,60400,8.13,-0.19958,-0.08928
vol3|RG14,60400,9.12,-0.21778,-0.07441
vol3|RG14,60400,10.13,-0.18053,0.01161
vol3|RG14,100600,-5.2,-0.20013,0.07265
vol3|RG14,100600,-4.14,-0.20681,0.07047
vol3|RG14,100600,-3.17,-0.15613,0.05872
vol3|RG14,100600,-2.12,-0.14658,0.03684
vol3|RG14,100600,-1.13,-0.14743,0.02657
vol3|RG14,100600,-0.09,-0.12865,0.00925
vol3|RG14,100600,0.92,-0.12691,-0.00186
vol3|RG14,100600,1.97,-0.03635,-0.04418
vol3|RG14,100600,2.99,-0.00251,-0.06605
vol3|RG14,100600,4.01,0.01865,-0.07426
vol3|RG14,100600,5.07,0.02046,-0.07978
vol3|RG14,100600,6.11,0.01522,-0.08861
vol3|RG14,100600,7.1,-0.01825,-0.08047
vol3|RG14,100600,8.12,-0.02556,-0.07802
vol3|RG14,100600,9.13,-0.05940,-0.08508
vol3|RG14,100600,10.12,-0.03178,-0.07499
vol3|RG14,199900,-5.25,-0.16110,0.05100
vol3|RG14,199900,-4.16,-0.14225,0.05030
vol3|RG14,199900,-3.14,-0.10086,0.05003
vol3|RG14,199900,-2.21,-0.09549,0.03790
vol3|RG14,199900,-1.08,-0.09576,0.00568
vol3|RG14,199900,-0.07,-0.06636,-0.01379
vol3|RG14,199900,0.96,-0.01548,-0.04138
vol3|RG14,199900,1.97,0.00657,-0.06396
vol3|RG14,199900,3.0,0.01586,-0.06581
vol3|RG14,199900,4.03,0.03564,-0.06753
vol3|RG14,199900,5.06,0.03745,-0.07360
vol3|RG14,199900,6.06,0.03057,-0.07764
vol3|RG14,199900,7.14,0.01928,-0.07006
vol3|RG14,199900,8.13,0.02519,-0.06918
vol3|RG14,199900,9.13,0.02842,-0.07462
vol3|RG14,199900,10.14,0.05671,-0.09139
vol3|RG14,300300,-5.28,-0.04648,0.03577
vol3|RG14,300300,-4.12,-0.06754,0.03661
vol3|RG14,300300,-3.13,-0.04361,0.03335
vol3|RG14,300300,-2.05,-0.04136,0.01762
vol3|RG14,300300,-1.04,-0.03868,0.00299
vol3|RG14,300300,0.02,-0.00073,-0.02342
vol3|RG14,300300,1.07,0.01895,-0.05125
vol3|RG14,300300,2.2,0.02999,-0.06273
vol3|RG14,300300,3.12,0.03520,-0.06058
vol3|RG14,300300,3.96,0.05096,-0.06514
vol3|RG14,300300,5.11,0.04977,-0.07031
vol3|RG14,300300,6.12,0.03997,-0.07504
vol3|RG14,300300,7.15,0.04247,-0.06781
vol3|RG14,300300,8.11,0.02394,-0.06679
vol3|RG14,300300,9.17,0.02789,-0.07396
vol3|RG14,300300,10.12,0.09314,-0.07550
vol3|S6063,60000,-4.89,-0.26114,0.05843
vol3|S6063,60000,-3.88,-0.21866,0.06643
vol3|S6063,60000,-2.87,-0.18701,0.04319
vol3|S6063,60000,-1.83,-0.18632,0.02056
vol3|S6063,60000,-0.81,-0.19271,0.01128
vol3|S6063,60000,0.21,-0.17843,0.00782
vol3|S6063,60000,1.24,-0.18654,0.00200
vol3|S6063,60000,2.26,-0.18307,0.01162
vol3|S6063,60000,3.3,-0.12980,-0.03933
vol3|S6063,60000,4.34,-0.11854,-0.06837
vol3|S6063,60000,5.33,-0.21100,-0.05146
vol3|S6063,60000,6.37,-0.23977,-0.05073
vol3|S6063,60000,7.36,-0.26637,-0.06488
vol3|S6063,60000,8.38,-0.29277,-0.00176
vol3|S6063,60000,9.4,-0.28475,0.06250
vol3|S6063,100000,-4.88,-0.23965,0.02100
vol3|S6063,100000,-3.86,-0.18756,0.02064
vol3|S6063,100000,-2.84,-0.16518,0.02027
vol3|S6063,100000,-1.83,-0.16774,0.00078
vol3|S6063,100000,-0.81,-0.15994,-0.01184
vol3|S6063,100000,0.22,-0.14376,-0.01556
vol3|S6063,100000,1.24,-0.14840,-0.04113
vol3|S6063,100000,2.28,-0.06813,-0.05478
vol3|S6063,100000,3.32,-0.06425,-0.06070
vol3|S6063,100000,4.33,-0.05574,-0.06679
vol3|S6063,100000,5.35,-0.09543,-0.04722
vol3|S6063,100000,6.37,-0.11472,-0.04487
vol3|S6063,100000,7.4,-0.12362,-0.05421
vol3|S6063,100000,8.41,-0.17660,-0.01975
vol3|S6063,100000,9.43,-0.19444,0.05535
vol3|S6063,200100,-4.91,-0.15859,-0.00430
vol3|S6063,200100,-3.9,-0.12448,-0.00323
vol3|S6063,200100,-2.87,-0.11308,-0.00161
vol3|S6063,200100,-1.83,-0.11259,0.00340
vol3|S6063,200100,-0.82,-0.09365,-0.02160
vol3|S6063,200100,0.22,-0.08606,-0.03767
vol3|S6063,200100,1.24,-0.06267,-0.05100
vol3|S6063,200100,2.25,-0.05484,-0.05328
vol3|S6063,200100,3.3,-0.05393,-0.05263
vol3|S6063,200100,4.34,-0.04725,-0.05633
vol3|S6063,200100,5.37,-0.08698,-0.04271
vol3|S6063,200100,6.37,-0.07937,-0.04155
vol3|S6063,200100,7.37,-0.08082,-0.04715
vol3|S6063,200100,8.4,-0.04246,-0.02418
vol3|S6063,200100,9.44,-0.16978,0.00502
vol3|S6063,300600,-4.91,-0.03469,-0.00081
vol3|S6063,300600,-3.86,-0.06013,-0.00793
vol3|S6063,300600,-2.86,-0.05256,-0.00728
vol3|S6063,300600,-1.84,-0.04117,-0.00776
vol3|S6063,300600,-0.81,-0.04866,-0.02990
vol3|S6063,300600,0.23,-0.03492,-0.05108
vol3|S6063,300600,1.27,-0.03108,-0.05197
vol3|S6063,300600,2.26,-0.02648,-0.04987
vol3|S6063,300600,3.29,-0.02557,-0.04997
vol3|S6063,300600,4.32,-0.03428,-0.03845
vol3|S6063,300600,5.37,-0.04868,-0.03947
vol3|S6063,300600,6.37,-0.07183,-0.03726
vol3|S6063,300600,7.4,-0.08484,-0.04484
vol3|S6063,300600,8.43,-0.07077,-0.03314
vol3|S6063,300600,9.44,-0.07279,-0.03603
vol3|S8036,100800,-5.51,-0.13921,0.06070
vol3|S8036,100800,-3.99,-0.06560,0.04122
vol3|S8036,100800,-3.06,-0.03835,0.00931
vol3|S8036,100800,-1.24,-0.00344,-0.02491
vol3|S8036,100800,-1.03,0.03272,-0.02694
vol3|S8036,100800,0.1,0.04353,-0.07586
vol3|S8036,100800,1.02,0.04813,-0.11203
vol3|S8036,100800,2.01,0.05080,-0.12494
vol3|S8036,100800,3.2,0.06203,-0.13418
vol3|S8036,100800,4.1,0.06203,-0.13905
vol3|S8036,100800,5.12,0.06203,-0.13179
vol3|S8036,100800,6.26,0.06203,-0.10458
vol3|S8036,100800,7.16,0.06020,-0.09274
vol3|S8036,100800,8.2,0.06020,-0.09785
vol3|S8036,100800,9.24,0.06008,-0.08559
vol3|S8036,100800,10.34,0.10815,-0.06581
vol3|S8036,200700,-3.95,-0.02633,-0.00848
vol3|S8036,200700,-2.9,-0.00888,0.00448
vol3|S8036,200700,-1.84,0.00871,-0.00561
vol3|S8036,200700,-0.72,0.02990,-0.02008
vol3|S8036,200700,0.02,0.03500,-0.04679
vol3|S8036,200700,1.05,0.03500,-0.04972
vol3|S8036,200700,2.3,0.03961,-0.05382
vol3|S8036,200700,3.24,0.04826,-0.06076
vol3|S8036,200700,4.4,0.05078,-0.07731
vol3|S8036,200700,5.45,0.04902,-0.08847
vol3|S8036,200700,6.18,0.04720,-0.07981
vol3|S8036,200700,7.19,0.04720,-0.07613
vol3|S8036,200700,8.23,0.04722,-0.06851
vol3|S8036,200700,9.38,0.05701,-0.04907
vol3|S8036,200700,10.84,0.14404,-0.02304
vol3|S8036,200700,11.4,0.15609,-0.00676
vol3|S8036,301400,-3.96,-0.00417,-0.00050
vol3|S8036,301400,-2.94,0.00758,0.00551
vol3|S8036,301400,-1.54,0.02516,-0.00301
vol3|S8036,301400,-0.88,0.03022,-0.01514
vol3|S8036,301400,0.14,0.03532,-0.04267
vol3|S8036,301400,1.18,0.03532,-0.04587
vol3|S8036,301400,2.22,0.03992,-0.04508
vol3|S8036,301400,3.24,0.04259,-0.05304
vol3|S8036,301400,4.27,0.05110,-0.06161
vol3|S8036,301400,5.08,0.05110,-0.06720
vol3|S8036,301400,6.32,0.04751,-0.07063
vol3|S8036,301400,7.33,0.04751,-0.06835
vol3|S8036,301400,8.36,0.04757,-0.05090
vol3|S8036,301400,9.38,0.05732,-0.04435
vol3|S8036,301400,10.28,0.10129,-0.04403
vol3|S8036,301400,11.43,0.16218,0.00751
vol3|S8036,304500,-6.73,-0.02373,-0.00339
vol3|S8036,304500,-6.17,-0.01125,-0.01632
vol3|S8036,305000,-4.99,0.02107,-0.01982
vol3|S8036,402400,-7.02,0.00534,-0.01117
vol3|S8036,402400,-5.99,-0.02533,-0.02100
vol3|S8036,402400,-5.13,-0.00892,-0.01316
vol3|S8036,402400,-3.83,0.01381,-0.00307
vol3|S8036,402400,-2.91,0.00798,0.00526
vol3|S8036,402400,-1.92,0.02556,0.00295
vol3|S8036,402400,-0.9,0.03062,-0.00912
vol3|S8036,402400,0.53,0.03572,-0.03496
vol3|S8036,402400,0.8,0.03572,-0.03816
vol3|S8036,402400,2.2,0.04032,-0.03764
vol3|S8036,402400,3.22,0.04299,-0.03906
vol3|S8036,402400,4.25,0.05150,-0.04584
vol3|S8036,402400,5.09,0.04967,-0.04668
vol3|S8036,402400,6.33,0.04791,-0.04975
vol3|S8036,402400,7.19,0.04794,-0.04391
vol3|S8036,402400,8.21,0.04797,-0.03985
vol3|S8036,402400,9.56,0.06940,-0.01747
vol3|S8036,402400,10.34,0.10169,-0.01141
vol3|S8036,402400,11.37,0.15590,0.01384
vol3|S8036,502900,-6.29,-0.01962,-0.03813
vol3|S8036,502900,-5.03,-0.00892,-0.02630
vol3|S8036,502900,-3.97,-0.00377,-0.02598
vol3|S8036,502900,-2.94,0.00798,-0.00760
vol3|S8036,502900,-1.91,0.02556,-0.01205
vol3|S8036,502900,-0.92,0.03062,-0.02613
vol3|S8036,502900,0.14,0.03572,-0.04873
vol3|S8036,502900,1.28,0.03572,-0.05001
vol3|S8036,502900,2.29,0.04032,-0.05131
vol3|S8036,502900,3.42,0.04299,-0.05057
vol3|S8036,502900,4.13,0.05150,-0.05210
vol3|S8036,502900,5.21,0.04967,-0.06539
vol3|S8036,502900,6.47,0.04791,-0.06884
vol3|S8036,502900,7.44,0.04794,-0.06612
vol3|S8036,502900,8.33,0.04818,-0.05440
vol3|S8036,502900,9.32,0.06238,-0.05132
vol3|S8036,502900,10.34,0.10169,-0.02141
vol3|S8036,502900,11.35,0.15220,-0.01674
vol3|S8037,100500,-4.14,-0.03444,0.00859
vol3|S8037,100500,-2.9,0.01264,0.00382
vol3|S8037,100500,-1.59,0.05097,-0.01570
vol3|S8037,100500,-1.07,0.05882,-0.02676
vol3|S8037,100500,-0.04,0.06458,-0.09878
vol3|S8037,100500,1.0,0.08381,-0.11120
vol3|S8037,100500,1.87,0.08884,-0.11576
vol3|S8037,100500,3.27,0.09276,-0.12752
vol3|S8037,100500,3.84,0.09276,-0.13303
vol3|S8037,100500,4.86,0.09276,-0.13743
vol3|S8037,100500,5.97,0.09276,-0.12463
vol3|S8037,100500,7.3,0.09276,-0.10314
vol3|S8037,100500,8.17,0.09122,-0.08304
vol3|S8037,100500,9.03,0.09122,-0.07598
vol3|S8037,100500,10.07,0.08347,-0.06252
vol3|S8037,100500,11.22,0.11239,-0.03030
vol3|S8037,200800,-4.16,-0.03427,-0.06203
vol3|S8037,200800,-3.11,0.01014,-0.03580
vol3|S8037,200800,-2.11,0.02484,-0.03874
vol3|S8037,200800,-1.09,0.04328,-0.03488
vol3|S8037,200800,-0.09,0.04595,-0.04976
vol3|S8037,200800,0.98,0.05078,-0.06667
vol3|S8037,200800,2.0,0.06903,-0.08594
vol3|S8037,200800,3.07,0.07797,-0.11157
vol3|S8037,200800,4.03,0.07797,-0.11608
vol3|S8037,200800,5.09,0.07797,-0.11866
vol3|S8037,200800,6.11,0.07797,-0.10919
vol3|S8037,200800,7.16,0.07797,-0.06972
vol3|S8037,200800,8.14,0.07644,-0.05703
vol3|S8037,200800,9.17,0.06584,-0.04681
vol3|S8037,200800,10.19,0.06629,-0.03266
vol3|S8037,200800,11.2,0.09582,-0.00975
vol3|S8037,300900,-4.15,-0.01232,-0.03503
vol3|S8037,300900,-3.11,0.02516,-0.02790
vol3|S8037,300900,-2.06,0.03986,-0.03088
vol3|S8037,300900,-1.07,0.05154,-0.02757
vol3|S8037,300900,-0.03,0.05421,-0.03656
vol3|S8037,300900,1.0,0.05432,-0.05621
vol3|S8037,300900,2.0,0.06350,-0.06597
vol3|S8037,300900,3.0,0.07974,-0.08102
vol3|S8037,300900,4.02,0.08250,-0.10386
vol3|S8037,300900,5.09,0.08250,-0.10650
vol3|S8037,300900,6.09,0.08250,-0.10133
vol3|S8037,300900,7.12,0.08250,-0.06253
vol3|S8037,300900,8.16,0.07989,-0.04983
vol3|S8037,300900,9.18,0.07001,-0.03779
vol3|S8037,300900,10.3,0.07811,-0.02919
vol3|S8037,300900,11.17,0.10023,0.00180
vol3|S8037,400800,-4.17,0.02199,-0.03554
vol3|S8037,400800,-3.03,0.05983,-0.02698
vol3|S8037,400800,-2.13,0.07203,-0.03002
vol3|S8037,400800,-1.09,0.07885,-0.02757
vol3|S8037,400800,-0.04,0.08152,-0.03436
vol3|S8037,400800,1.0,0.08163,-0.04556
vol3|S8037,400800,2.07,0.08224,-0.04911
vol3|S8037,400800,3.09,0.09441,-0.05903
vol3|S8037,400800,4.11,0.09492,-0.07147
vol3|S8037,400800,5.07,0.09492,-0.07830
vol3|S8037,400800,6.09,0.09492,-0.08408
vol3|S8037,400800,7.11,0.09492,-0.03270
vol3|S8037,400800,8.16,0.09611,-0.01994
vol3|S8037,400800,9.25,0.08570,-0.01059
vol3|S8037,400800,10.37,0.10849,0.01857
vol3|S8037,400800,11.28,0.15804,0.00549
vol3|S8037,501900,-4.16,0.02023,-0.04469
vol3|S8037,501900,-3.15,0.05983,-0.03497
vol3|S8037,501900,-2.12,0.07203,-0.03879
vol3|S8037,501900,-1.07,0.07885,-0.03711
vol3|S8037,501900,-0.01,0.08152,-0.04389
vol3|S8037,501900,1.05,0.08163,-0.05509
vol3|S8037,501900,2.11,0.08224,-0.05735
vol3|S8037,501900,3.27,0.09441,-0.06780
vol3|S8037,501900,4.29,0.09492,-0.07419
vol3|S8037,501900,5.28,0.09492,-0.07912
vol3|S8037,501900,6.33,0.09492,-0.07251
vol3|S8037,501900,7.49,0.09384,-0.03663
vol3|S8037,501900,8.27,0.09576,-0.02862
vol3|S8037,501900,9.15,0.07730,-0.02595
vol3|S8037,501900,10.17,0.08081,-0.01157
vol3|S8037,501900,11.18,0.10033,0.01829
vol3|S8052,100200,-3.99,-0.17898,0.09766
vol3|S8052,100200,-2.94,-0.15114,0.07862
vol3|S8052,100200,-1.93,-0.12795,0.06233
vol3|S8052,100200,-0.91,-0.02648,0.01722
vol3|S8052,100200,0.14,-0.01792,-0.01894
vol3|S8052,100200,1.17,-0.00551,-0.04460
vol3|S8052,100200,2.18,0.00791,-0.05768
vol3|S8052,100200,3.21,0.02427,-0.06787
vol3|S8052,100200,4.22,0.03026,-0.07553
vol3|S8052,100200,5.25,0.03206,-0.08324
vol3|S8052,100200,6.29,0.03206,-0.08669
vol3|S8052,100200,7.35,0.02709,-0.08291
vol3|S8052,100200,8.35,0.02519,-0.08933
vol3|S8052,100200,9.41,0.04782,-0.09069
vol3|S8052,100200,10.36,0.03817,-0.09757
vol3|S8052,101000,-6.02,-0.22230,0.10789
vol3|S8052,101000,-5.0,-0.19549,0.10743
vol3|S8052,200400,-2.99,-0.03583,0.01887
vol3|S8052,200400,-1.87,-0.01515,0.00944
vol3|S8052,200400,-0.86,0.00352,-0.00674
vol3|S8052,200400,0.12,0.01488,-0.03485
vol3|S8052,200400,1.15,0.01488,-0.03916
vol3|S8052,200400,2.16,0.01627,-0.05122
vol3|S8052,200400,3.19,0.02819,-0.05772
vol3|S8052,200400,4.22,0.04395,-0.06585
vol3|S8052,200400,5.27,0.04576,-0.07249
vol3|S8052,200400,6.29,0.04276,-0.07103
vol3|S8052,200400,7.32,0.03888,-0.07111
vol3|S8052,200400,8.34,0.03253,-0.07466
vol3|S8052,200400,9.35,0.05845,-0.07604
vol3|S8052,200400,10.36,0.04829,-0.08184
vol3|S8052,202500,-6.06,-0.16504,0.07118
vol3|S8052,202500,-4.94,-0.10704,0.05193
vol3|S8052,202500,-4.03,-0.08837,0.04061
vol3|S8052,301200,-6.04,-0.06823,0.05548
vol3|S8052,301200,-5.0,-0.03201,0.03656
vol3|S8052,301200,-3.95,-0.02988,0.02414
vol3|S8052,301200,-2.93,0.00232,0.00897
vol3|S8052,301200,-1.93,0.01334,-0.00002
vol3|S8052,301200,-0.88,0.02846,-0.01102
vol3|S8052,301200,0.13,0.03020,-0.02972
vol3|S8052,301200,1.3,0.03159,-0.03527
vol3|S8052,301200,2.17,0.03159,-0.04428
vol3|S8052,301200,3.2,0.03950,-0.05189
vol3|S8052,301200,4.22,0.05927,-0.06323
vol3|S8052,301200,5.26,0.06108,-0.06398
vol3|S8052,301200,6.29,0.05333,-0.06821
vol3|S8052,301200,7.3,0.05420,-0.06866
vol3|S8052,301200,8.34,0.04479,-0.07222
vol3|S8052,301200,9.41,0.07377,-0.07124
vol3|S8052,301200,10.39,0.06036,-0.08003
vol3|S8052,401800,-6.03,-0.02661,0.05525
vol3|S8052,401800,-5.0,-0.00400,0.04143
vol3|S8052,401800,-3.97,0.00420,0.02878
vol3|S8052,401800,-2.96,0.06982,0.02005
vol3|S8052,401800,-1.9,0.03569,0.01334
vol3|S8052,401800,-0.83,0.04277,0.01314
vol3|S8052,401800,0.11,0.04590,-0.00281
vol3|S8052,401800,1.23,0.04590,-0.00519
vol3|S8052,401800,2.17,0.04590,-0.01479
vol3|S8052,401800,3.24,0.09115,-0.02248
vol3|S8052,401800,4.26,0.10009,-0.03385
vol3|S8052,401800,5.29,0.06627,-0.03313
vol3|S8052,401800,6.3,0.06152,-0.03853
vol3|S8052,401800,7.33,0.05662,-0.03906
vol3|S8052,401800,8.33,0.04901,-0.04259
vol3|S8052,401800,9.36,0.08196,-0.03392
vol3|S8052,401800,10.37,0.09366,-0.03256
vol3|S8052,502300,-6.03,-0.02682,0.04237
vol3|S8052,502300,-5.01,0.00166,0.02425
vol3|S8052,502300,-3.99,0.00880,0.01862
vol3|S8052,502300,-2.91,0.05872,0.00843
vol3|S8052,502300,-1.88,0.03569,0.00315
vol3|S8052,502300,-0.81,0.04416,0.00284
vol3|S8052,502300,0.24,0.04590,-0.01504
vol3|S8052,502300,1.37,0.04590,-0.02489
vol3|S8052,502300,2.49,0.04590,-0.03129
vol3|S8052,502300,3.49,0.09115,-0.03625
vol3|S8052,502300,4.38,0.06960,-0.04235
vol3|S8052,502300,5.22,0.06627,-0.04802
vol3|S8052,502300,6.26,0.06239,-0.05231
vol3|S8052,502300,7.31,0.05604,-0.05283
vol3|S8052,502300,8.42,0.04901,-0.05125
vol3|S8052,502300,9.33,0.08196,-0.05066
vol3|S8052,502300,10.35,0.08140,-0.04945
vol3|S8052,502300,11.38,0.20699,-0.06460
vol3|SA7035,59893,-6.53,-0.24057,0.11438
vol3|SA7035,59893,-5.33,-0.27621,0.12675
vol3|SA7035,59893,-4.27,-0.24463,0.14369
vol3|SA7035,59893,-3.35,-0.21421,0.14055
vol3|SA7035,59893,-2.52,-0.18038,0.13099
vol3|SA7035,59893,-1.42,-0.15944,0.07553
vol3|SA7035,59893,-0.46,-0.13827,0.05615
vol3|SA7035,59893,0.82,-0.12374,0.07845
vol3|SA7035,59893,1.69,-0.04486,0.01869
vol3|SA7035,59893,2.77,-0.01813,-0.00835
vol3|SA7035,59893,3.67,-0.01029,-0.04868
vol3|SA7035,59893,4.68,-0.01029,-0.05898
vol3|SA7035,59893,5.69,-0.01029,-0.06223
vol3|SA7035,59893,6.8,-0.01029,-0.06425
vol3|SA7035,59893,7.74,-0.02019,-0.07152
vol3|SA7035,59893,8.85,-0.12738,-0.06175
vol3|SA7035,59893,9.75,-0.19754,-0.05794
vol3|SA7035,59893,10.8,-0.17940,-0.05205
vol3|SA7035,59893,11.84,-0.15885,0.05347
vol3|SA7035,99882,-6.5,-0.21895,0.06876
vol3|SA7035,99882,-5.63,-0.24546,0.09493
vol3|SA7035,99882,-4.38,-0.20354,0.11170
vol3|SA7035,99882,-3.34,-0.16983,0.10820
vol3|SA7035,99882,-2.32,-0.13577,0.07594
vol3|SA7035,99882,-1.37,-0.10345,0.04139
vol3|SA7035,99882,-0.26,-0.08490,0.01945
vol3|SA7035,99882,0.7,-0.00485,0.00448
vol3|SA7035,99882,1.86,0.03073,-0.02498
vol3|SA7035,99882,2.84,0.03967,-0.03761
vol3|SA7035,99882,3.82,0.03967,-0.04429
vol3|SA7035,99882,4.71,0.03967,-0.05121
vol3|SA7035,99882,5.76,0.03967,-0.04610
vol3|SA7035,99882,6.77,0.03674,-0.04109
vol3|SA7035,99882,7.97,0.02667,-0.05405
vol3|SA7035,99882,8.97,-0.01362,-0.04885
vol3|SA7035,99882,9.9,-0.01646,-0.04836
vol3|SA7035,99882,10.99,-0.04568,-0.05879
vol3|SA7035,150142,-5.11,-0.22860,0.10921
vol3|SA7035,150142,-4.43,-0.19253,0.10936
vol3|SA7035,150142,-3.4,-0.16298,0.08355
vol3|SA7035,150142,-2.34,-0.11067,0.06445
vol3|SA7035,150142,-1.43,-0.08372,0.03329
vol3|SA7035,150142,-0.22,-0.02083,0.00491
vol3|SA7035,150142,0.96,0.02238,-0.01944
vol3|SA7035,150142,1.7,0.03758,-0.02725
vol3|SA7035,150142,2.88,0.04652,-0.02978
vol3|SA7035,150142,3.81,0.04652,-0.03485
vol3|SA7035,150142,4.96,0.04652,-0.03922
vol3|SA7035,150142,5.77,0.04652,-0.03791
vol3|SA7035,150142,6.93,0.04085,-0.03610
vol3|SA7035,150142,7.86,0.03279,-0.04103
vol3|SA7035,150142,8.88,0.00257,-0.03778
vol3|SA7035,150142,9.86,0.00631,-0.03017
vol3|SA7035,150142,10.86,0.02193,-0.04974
vol3|SA7035,199609,-5.3,-0.13002,0.08080
vol3|SA7035,199609,-4.35,-0.16693,0.07831
vol3|SA7035,199609,-3.28,-0.10728,0.04414
vol3|SA7035,199609,-2.23,-0.05885,0.03511
vol3|SA7035,199609,-1.26,-0.02361,0.01124
vol3|SA7035,199609,-0.16,0.01773,-0.01154
vol3|SA7035,199609,0.93,0.02373,-0.01932
vol3|SA7035,199609,1.9,0.03893,-0.02478
vol3|SA7035,199609,2.64,0.04395,-0.03457
vol3|SA7035,199609,3.88,0.04787,-0.02836
vol3|SA7035,199609,4.84,0.04787,-0.03433
vol3|SA7035,199609,5.97,0.04458,-0.02873
vol3|SA7035,199609,6.85,0.03945,-0.02847
vol3|SA7035,199609,7.97,0.01779,-0.03619
vol3|SA7035,199609,8.98,0.00716,-0.03375
vol3|SA7035,199609,9.8,0.01511,-0.02900
vol3|SA7035,199609,10.82,0.03661,-0.04475
vol3|SA7035,299447,-5.95,-0.12684,0.07414
vol3|SA7035,299447,-4.93,-0.10685,0.06830
vol3|SA7035,299447,-3.9,-0.09482,0.04144
vol3|SA7035,299447,-2.94,-0.05717,0.03306
vol3|SA7035,299447,-1.91,0.00208,0.01840
vol3|SA7035,299447,-0.72,0.03046,0.00427
vol3|SA7035,299447,-0.12,0.03056,-0.01054
vol3|SA7035,299447,1.35,0.03974,-0.01902
vol3|SA7035,299447,2.61,0.05483,-0.01774
vol3|SA7035,299447,3.38,0.05875,-0.02487
vol3|SA7035,299447,4.46,0.05875,-0.02742
vol3|SA7035,299447,5.43,0.05546,-0.02738
vol3|SA7035,299447,6.48,0.04728,-0.02451
vol3|SA7035,299447,7.23,0.04728,-0.02973
vol3|SA7035,299447,8.47,0.02126,-0.02814
vol3|SA7035,299447,9.62,0.01408,-0.02642
vol3|SA7035,299447,10.41,0.01288,-0.03166
vol3|SA7035,299447,11.35,0.10690,-0.07700
vol3|SA7036 (A),100036,-5.93,-0.25086,0.09681
vol3|SA7036 (A),100036,-4.87,-0.25448,0.13645
vol3|SA7036 (A),100036,-4.08,-0.22894,0.12575
vol3|SA7036 (A),100036,-2.76,-0.15092,0.11708
vol3|SA7036 (A),100036,-1.73,-0.11979,0.06412
vol3|SA7036 (A),100036,-0.66,-0.08490,0.04127
vol3|SA7036 (A),100036,0.05,-0.04770,0.03546
vol3|SA7036 (A),100036,1.24,0.02067,0.01388
vol3|SA7036 (A),100036,2.32,0.03575,-0.00713
vol3|SA7036 (A),100036,3.33,0.03967,-0.01994
vol3|SA7036 (A),100036,4.19,0.03967,-0.02503
vol3|SA7036 (A),100036,5.47,0.03967,-0.02919
vol3|SA7036 (A),100036,6.32,0.03967,-0.02883
vol3|SA7036 (A),100036,7.47,0.03246,-0.04271
vol3|SA7036 (A),100036,8.44,0.01901,-0.03829
vol3|SA7036 (A),100036,9.52,-0.01106,-0.02597
vol3|SA7036 (A),100036,10.42,-0.00985,-0.05168
vol3|SA7036 (A),100036,11.47,0.00674,-0.05067
vol3|SA7036 (A),149976,-5.84,-0.22711,0.10793
vol3|SA7036 (A),149976,-5.04,-0.22860,0.12470
vol3|SA7036 (A),149976,-3.73,-0.16298,0.11467
vol3|SA7036 (A),149976,-3.01,-0.15917,0.08922
vol3|SA7036 (A),149976,-1.66,-0.08372,0.05904
vol3|SA7036 (A),149976,-0.64,-0.02467,0.03573
vol3|SA7036 (A),149976,0.13,0.00997,0.01189
vol3|SA7036 (A),149976,1.39,0.03758,0.00293
vol3|SA7036 (A),149976,2.4,0.04260,-0.01500
vol3|SA7036 (A),149976,3.19,0.04652,-0.00759
vol3|SA7036 (A),149976,4.43,0.04652,-0.01593
vol3|SA7036 (A),149976,5.38,0.04652,-0.01851
vol3|SA7036 (A),149976,6.47,0.04324,-0.01732
vol3|SA7036 (A),149976,7.51,0.03353,-0.02930
vol3|SA7036 (A),149976,8.51,0.01096,-0.02538
vol3|SA7036 (A),149976,9.39,0.00257,-0.00940
vol3|SA7036 (A),149976,10.52,0.00976,-0.03367
vol3|SA7036 (A),149976,11.51,0.04919,-0.04044
vol3|SA7036 (A),200059,-5.77,-0.13267,0.08644
vol3|SA7036 (A),200059,-4.69,-0.15281,0.09372
vol3|SA7036 (A),200059,-4.04,-0.14591,0.08978
vol3|SA7036 (A),200059,-3.13,-0.10501,0.06569
vol3|SA7036 (A),200059,-1.46,-0.02361,0.03599
vol3|SA7036 (A),200059,-0.5,0.01101,0.01995
vol3|SA7036 (A),200059,0.45,0.02373,0.00492
vol3|SA7036 (A),200059,1.59,0.03893,-0.00192
vol3|SA7036 (A),200059,2.53,0.04511,-0.00301
vol3|SA7036 (A),200059,3.1,0.04787,-0.00439
vol3|SA7036 (A),200059,4.14,0.04787,-0.00884
vol3|SA7036 (A),200059,5.17,0.04787,-0.01111
vol3|SA7036 (A),200059,6.71,0.04219,-0.00966
vol3|SA7036 (A),200059,7.3,0.03641,-0.01966
vol3|SA7036 (A),200059,8.52,0.01012,-0.01831
vol3|SA7036 (A),200059,9.43,0.00972,-0.01258
vol3|SA7036 (A),200059,10.44,0.01434,-0.02408
vol3|SA7036 (A),200059,11.4,0.09470,-0.03610
vol3|SA7036 (A),299385,-6.0,-0.13011,0.08546
vol3|SA7036 (A),299385,-4.98,-0.10685,0.09244
vol3|SA7036 (A),299385,-3.92,-0.09482,0.06430
vol3|SA7036 (A),299385,-2.94,-0.05216,0.05253
vol3|SA7036 (A),299385,-1.83,0.01343,0.04244
vol3|SA7036 (A),299385,-0.83,0.02850,0.02169
vol3|SA7036 (A),299385,0.0,0.03056,0.01373
vol3|SA7036 (A),299385,1.18,0.04786,0.00431
vol3|SA7036 (A),299385,2.35,0.05483,0.00627
vol3|SA7036 (A),299385,3.41,0.05875,0.00035
vol3|SA7036 (A),299385,4.76,0.05875,-0.00640
vol3|SA7036 (A),299385,5.49,0.05581,-0.00655
vol3|SA7036 (A),299385,6.53,0.05032,-0.00366
vol3|SA7036 (A),299385,7.41,0.04575,-0.01478
vol3|SA7036 (A),299385,8.53,0.02126,-0.01515
vol3|SA7036 (A),299385,9.48,0.02382,-0.01335
vol3|SA7036 (A),299385,10.36,0.02728,-0.03323
vol3|SA7036 (A),299385,11.34,0.08552,-0.06703
vol3|SA7036 (B),99750,-5.92,-0.32900,0.07649
vol3|SA7036 (B),99750,-4.72,-0.34398,0.07998
vol3|SA7036 (B),99750,-3.76,-0.20995,0.07370
vol3|SA7036 (B),99750,-2.52,-0.16031,0.05084
vol3|SA7036 (B),99750,-1.67,-0.14440,0.01903
vol3|SA7036 (B),99750,-0.51,-0.07220,-0.01341
vol3|SA7036 (B),99750,0.4,-0.00977,-0.01552
vol3|SA7036 (B),99750,1.4,0.01464,-0.04639
vol3|SA7036 (B),99750,2.46,0.03546,-0.06631
vol3|SA7036 (B),99750,3.39,0.03978,-0.07270
vol3|SA7036 (B),99750,4.45,0.03978,-0.07891
vol3|SA7036 (B),99750,5.4,0.03806,-0.07984
vol3|SA7036 (B),99750,6.52,0.03570,-0.08749
vol3|SA7036 (B),99750,7.55,0.02683,-0.08133
vol3|SA7036 (B),99750,8.46,0.00553,-0.07523
vol3|SA7036 (B),99750,9.58,-0.02700,-0.09236
vol3|SA7036 (B),99750,10.56,-0.04006,-0.10501
vol3|SA7036 (B),99750,11.55,0.01526,-0.11024
vol3|SA7036 (B),150030,-4.73,-0.22491,0.07095
vol3|SA7036 (B),150030,-3.74,-0.20051,0.05880
vol3|SA7036 (B),150030,-2.58,-0.14370,0.02427
vol3|SA7036 (B),150030,-1.48,-0.07908,-0.00886
vol3|SA7036 (B),150030,-0.53,-0.01270,-0.01611
vol3|SA7036 (B),150030,0.56,0.02269,-0.03938
vol3|SA7036 (B),150030,1.38,0.02408,-0.05351
vol3|SA7036 (B),150030,2.33,0.04490,-0.05962
vol3|SA7036 (B),150030,3.47,0.04922,-0.06607
vol3|SA7036 (B),150030,4.41,0.04922,-0.06824
vol3|SA7036 (B),150030,5.7,0.04513,-0.06962
vol3|SA7036 (B),150030,6.56,0.03627,-0.06385
vol3|SA7036 (B),150030,7.54,0.02351,-0.06158
vol3|SA7036 (B),150030,8.65,0.01188,-0.06523
vol3|SA7036 (B),150030,9.59,0.00220,-0.08259
vol3|SA7036 (B),150030,10.62,0.01127,-0.09688
vol3|SA7036 (B),150030,11.56,0.08615,-0.09333
vol3|SA7036 (B),199817,-5.1,-0.16931,0.04946
vol3|SA7036 (B),199817,-3.38,-0.10927,0.01857
vol3|SA7036 (B),199817,-2.59,-0.07908,0.01320
vol3|SA7036 (B),199817,-1.44,-0.01409,-0.00886
vol3|SA7036 (B),199817,-0.43,0.01426,-0.03369
vol3|SA7036 (B),199817,0.06,0.02180,-0.03920
vol3|SA7036 (B),199817,1.57,0.02847,-0.05450
vol3|SA7036 (B),199817,2.53,0.04818,-0.05890
vol3|SA7036 (B),199817,3.15,0.05029,-0.06103
vol3|SA7036 (B),199817,4.61,0.04856,-0.06313
vol3|SA7036 (B),199817,5.61,0.04620,-0.06625
vol3|SA7036 (B),199817,6.63,0.03733,-0.05592
vol3|SA7036 (B),199817,7.55,0.02457,-0.05633
vol3|SA7036 (B),199817,8.78,0.00595,-0.06091
vol3|SA7036 (B),199817,9.76,0.00327,-0.07661
vol3|SA7036 (B),199817,10.55,0.01219,-0.08542
vol3|SA7036 (B),199817,11.64,0.10849,-0.09287
vol3|SA7036 (B),299784,-5.26,-0.07885,0.04115
vol3|SA7036 (B),299784,-4.24,-0.10161,0.01523
vol3|SA7036 (B),299784,-3.4,-0.06391,0.00963
vol3|SA7036 (B),299784,-2.32,0.00564,-0.00836
vol3|SA7036 (B),299784,-1.34,0.02040,-0.02008
vol3|SA7036 (B),299784,-0.31,0.04011,-0.04234
vol3|SA7036 (B),299784,0.77,0.04206,-0.05057
vol3|SA7036 (B),299784,1.78,0.04837,-0.04784
vol3|SA7036 (B),299784,2.86,0.06860,-0.05487
vol3|SA7036 (B),299784,3.92,0.06687,-0.05429
vol3|SA7036 (B),299784,4.66,0.06687,-0.05721
vol3|SA7036 (B),299784,6.08,0.05564,-0.05026
vol3|SA7036 (B),299784,7.08,0.04496,-0.04760
vol3|SA7036 (B),299784,8.3,0.03334,-0.05706
vol3|SA7036 (B),299784,9.07,0.02366,-0.06315
vol3|SA7036 (B),299784,10.18,0.01605,-0.07918
vol3|SA7036 (B),299784,11.09,0.04677,-0.08103
vol3|SA7038,99713,-5.71,-0.23949,0.09193
vol3|SA7038,99713,-4.66,-0.26991,0.09957
vol3|SA7038,99713,-3.57,-0.19677,0.10769
vol3|SA7038,99713,-2.49,-0.17087,0.08607
vol3|SA7038,99713,-1.43,-0.08444,0.04677
vol3|SA7038,99713,-0.44,-0.04241,0.01904
vol3|SA7038,99713,0.45,-0.00654,0.00876
vol3|SA7038,99713,1.57,0.01853,-0.02521
vol3|SA7038,99713,2.68,0.03275,-0.04194
vol3|SA7038,99713,3.71,0.03275,-0.04523
vol3|SA7038,99713,4.52,0.03275,-0.04800
vol3|SA7038,99713,5.6,0.03092,-0.05789
vol3|SA7038,99713,6.7,0.03092,-0.07037
vol3|SA7038,99713,7.64,0.02490,-0.07169
vol3|SA7038,99713,8.77,0.01833,-0.06832
vol3|SA7038,99713,9.8,0.00712,-0.06676
vol3|SA7038,99713,10.74,-0.01508,-0.08275
vol3|SA7038,99713,11.76,-0.03507,-0.07181
vol3|SA7038,149636,-4.6,-0.18123,0.09700
vol3|SA7038,149636,-3.59,-0.16772,0.07548
vol3|SA7038,149636,-2.44,-0.06655,0.05302
vol3|SA7038,149636,-1.36,-0.03818,0.01863
vol3|SA7038,149636,-0.31,0.00027,0.01210
vol3|SA7038,149636,0.53,0.02807,-0.01405
vol3|SA7038,149636,1.64,0.03971,-0.02775
vol3|SA7038,149636,2.58,0.04822,-0.03871
vol3|SA7038,149636,3.66,0.04822,-0.04162
vol3|SA7038,149636,4.64,0.04822,-0.04543
vol3|SA7038,149636,5.73,0.04640,-0.05523
vol3|SA7038,149636,6.7,0.04642,-0.06176
vol3|SA7038,149636,7.61,0.04273,-0.06808
vol3|SA7038,149636,8.7,0.03894,-0.06447
vol3|SA7038,149636,9.68,0.02422,-0.06233
vol3|SA7038,149636,10.81,0.05792,-0.07043
vol3|SA7038,149636,11.64,0.06420,-0.06012
vol3|SA7038,199566,-4.49,-0.13491,0.06840
vol3|SA7038,199566,-3.33,-0.07581,0.04740
vol3|SA7038,199566,-2.51,-0.02709,0.02690
vol3|SA7038,199566,-1.89,-0.01204,0.01643
vol3|SA7038,199566,-0.79,0.01426,0.01826
vol3|SA7038,199566,0.73,0.03971,-0.02072
vol3|SA7038,199566,1.71,0.04671,-0.02909
vol3|SA7038,199566,2.77,0.04822,-0.03501
vol3|SA7038,199566,3.63,0.04822,-0.03852
vol3|SA7038,199566,4.75,0.04640,-0.04120
vol3|SA7038,199566,5.75,0.04640,-0.04857
vol3|SA7038,199566,6.74,0.04642,-0.05440
vol3|SA7038,199566,7.69,0.03872,-0.06107
vol3|SA7038,199566,8.75,0.03711,-0.06007
vol3|SA7038,199566,9.79,0.02098,-0.06140
vol3|SA7038,199566,10.68,0.02633,-0.06532
vol3|SA7038,199566,11.73,0.08593,-0.05666
vol3|SA7038,200114,-5.66,-0.15577,0.05664
vol3|SA7038,299315,-5.86,-0.10222,0.04892
vol3|SA7038,299315,-4.76,-0.08015,0.05198
vol3|SA7038,299315,-3.73,-0.04160,0.02240
vol3|SA7038,299315,-2.69,0.00519,0.01708
vol3|SA7038,299315,-1.68,0.02802,0.01248
vol3|SA7038,299315,-0.61,0.03866,-0.00550
vol3|SA7038,299315,0.48,0.05074,-0.01923
vol3|SA7038,299315,1.92,0.06016,-0.02443
vol3|SA7038,299315,2.57,0.06016,-0.02508
vol3|SA7038,299315,3.68,0.06016,-0.03007
vol3|SA7038,299315,4.75,0.05833,-0.03379
vol3|SA7038,299315,5.8,0.05836,-0.04097
vol3|SA7038,299315,6.72,0.05836,-0.04847
vol3|SA7038,299315,7.77,0.05088,-0.05540
vol3|SA7038,299315,8.84,0.04988,-0.05218
vol3|SA7038,299315,9.76,0.03799,-0.06791
vol3|SA7038,299315,10.66,0.04869,-0.06014
vol3|SA7038,299315,11.61,0.06562,-0.04576
vol3|SD7037 (D),59200,-5.06,-0.31025,0.13751
vol3|SD7037 (D),59200,-4.02,-0.22640,0.13199
vol3|SD7037 (D),59200,-2.94,-0.19070,0.12705
vol3|SD7037 (D),59200,-1.97,-0.18301,0.11797
vol3|SD7037 (D),59200,-0.95,-0.15579,0.08700
vol3|SD7037 (D),59200,0.13,-0.13938,0.09065
vol3|SD7037 (D),59200,1.15,-0.11337,0.05553
vol3|SD7037 (D),59200,2.19,-0.06074,0.02915
vol3|SD7037 (D),59200,3.18,-0.02893,-0.04094
vol3|SD7037 (D),59200,4.26,-0.02573,-0.08406
vol3|SD7037 (D),59200,5.29,-0.02797,-0.09612
vol3|SD7037 (D),59200,6.31,-0.02797,-0.11221
vol3|SD7037 (D),59200,7.26,-0.02573,-0.12473
vol3|SD7037 (D),59200,8.28,-0.04246,-0.12466
vol3|SD7037 (D),59200,9.33,-0.10786,-0.12000
vol3|SD7037 (D),59200,10.31,-0.17574,-0.10807
vol3|SD7037 (D),98500,-5.07,-0.30585,0.11756
vol3|SD7037 (D),98500,-3.99,-0.22387,0.11234
vol3|SD7037 (D),98500,-2.94,-0.17894,0.10341
vol3|SD7037 (D),98500,-2.0,-0.15243,0.08161
vol3|SD7037 (D),98500,-0.97,-0.12229,0.04025
vol3|SD7037 (D),98500,0.04,-0.08854,0.01707
vol3|SD7037 (D),98500,1.1,-0.03459,-0.03260
vol3|SD7037 (D),98500,2.29,0.00508,-0.05852
vol3|SD7037 (D),98500,3.27,0.01218,-0.08253
vol3|SD7037 (D),98500,4.15,0.01218,-0.08674
vol3|SD7037 (D),98500,5.33,0.01218,-0.09445
vol3|SD7037 (D),98500,6.21,0.01218,-0.10793
vol3|SD7037 (D),98500,7.32,0.00919,-0.10852
vol3|SD7037 (D),98500,8.19,-0.01534,-0.11013
vol3|SD7037 (D),98500,9.39,-0.06305,-0.09329
vol3|SD7037 (D),98500,10.4,-0.09368,-0.10794
vol3|SD7037 (D),196600,-4.72,-0.18423,0.07094
vol3|SD7037 (D),196600,-4.07,-0.16708,0.06376
vol3|SD7037 (D),196600,-2.96,-0.10648,0.04089
vol3|SD7037 (D),196600,-1.64,-0.05196,0.00784
vol3|SD7037 (D),196600,-0.99,-0.03133,-0.00857
vol3|SD7037 (D),196600,0.21,0.00066,-0.03537
vol3|SD7037 (D),196600,1.11,0.02649,-0.05362
vol3|SD7037 (D),196600,2.22,0.04787,-0.06911
vol3|SD7037 (D),196600,3.32,0.05358,-0.06745
vol3|SD7037 (D),196600,4.14,0.05358,-0.07365
vol3|SD7037 (D),196600,5.29,0.05358,-0.08119
vol3|SD7037 (D),196600,6.33,0.05055,-0.08581
vol3|SD7037 (D),196600,7.24,0.04584,-0.08718
vol3|SD7037 (D),196600,8.18,0.03733,-0.09426
vol3|SD7037 (D),196600,9.31,0.01134,-0.09071
vol3|SD7037 (D),196600,10.32,0.01352,-0.09425
vol3|SD7037 (D),295100,-5.09,-0.08944,0.03752
vol3|SD7037 (D),295100,-3.95,-0.08394,0.02415
vol3|SD7037 (D),295100,-3.0,-0.03720,0.00549
vol3|SD7037 (D),295100,-1.92,-0.00352,-0.00901
vol3|SD7037 (D),295100,-0.9,0.01119,-0.02131
vol3|SD7037 (D),295100,0.17,0.02340,-0.04832
vol3|SD7037 (D),295100,1.23,0.03974,-0.06237
vol3|SD7037 (D),295100,2.33,0.05819,-0.06595
vol3|SD7037 (D),295100,3.3,0.06390,-0.06443
vol3|SD7037 (D),295100,4.46,0.06390,-0.07951
vol3|SD7037 (D),295100,5.48,0.06390,-0.07911
vol3|SD7037 (D),295100,6.63,0.05736,-0.08541
vol3|SD7037 (D),295100,7.21,0.05289,-0.08493
vol3|SD7037 (D),295100,8.25,0.02611,-0.09376
vol3|SD7037 (D),295100,9.45,0.02641,-0.07967
vol3|SD7037 (D),295100,10.3,0.01072,-0.09200
vol3|SD7062 (B),59900,-3.82,-0.16716,0.10889
vol3|SD7062 (B),59900,-2.21,-0.03837,0.06805
vol3|SD7062 (B),59900,-0.79,-0.02995,0.01758
vol3|SD7062 (B),59900,0.87,-0.03202,-0.04422
vol3|SD7062 (B),59900,2.43,-0.00754,-0.06294
vol3|SD7062 (B),59900,3.9,-0.00192,-0.07196
vol3|SD7062 (B),59900,5.49,-0.01619,-0.07662
vol3|SD7062 (B),59900,6.88,0.00022,-0.10316
vol3|SD7062 (B),59900,8.51,-0.04666,0.02551
vol3|SD7062 (B),59900,9.89,-0.03012,0.04450
vol3|SD7062 (B),59900,11.47,-0.01273,0.06751
vol3|SD7062 (B),99400,-3.23,0.00779,0.02991
vol3|SD7062 (B),99400,-2.2,0.02135,-0.00583
vol3|SD7062 (B),99400,-1.21,0.02135,-0.03260
vol3|SD7062 (B),99400,-0.16,0.02274,-0.05039
vol3|SD7062 (B),99400,0.86,0.03466,-0.05548
vol3|SD7062 (B),99400,1.9,0.05223,-0.05964
vol3|SD7062 (B),99400,2.96,0.05223,-0.06657
vol3|SD7062 (B),99400,3.94,0.05223,-0.07552
vol3|SD7062 (B),99400,4.96,0.05223,-0.09055
vol3|SD7062 (B),99400,5.98,0.05223,-0.09978
vol3|SD7062 (B),99400,7.0,0.04699,-0.10781
vol3|SD7062 (B),99400,8.12,0.04699,-0.13323
vol3|SD7062 (B),99400,9.04,0.04190,-0.13207
vol3|SD7062 (B),99400,10.07,0.04169,-0.12697
vol3|SD7062 (B),99400,11.14,0.06379,-0.12009
vol3|SD7062 (B),101500,-5.32,-0.09070,0.08390
vol3|SD7062 (B),101500,-4.24,-0.06877,0.04612
vol3|SD7062 (B),199800,-5.33,-0.03834,0.03502
vol3|SD7062 (B),199800,-3.74,0.01434,0.00953
vol3|SD7062 (B),199800,-2.11,0.04058,-0.01724
vol3|SD7062 (B),199800,-0.67,0.04058,-0.02825
vol3|SD7062 (B),199800,0.86,0.04849,-0.03628
vol3|SD7062 (B),199800,2.41,0.07007,-0.04971
vol3|SD7062 (B),199800,4.0,0.07007,-0.05806
vol3|SD7062 (B),199800,5.51,0.07007,-0.07079
vol3|SD7062 (B),199800,7.02,0.06483,-0.08171
vol3|SD7062 (B),199800,8.55,0.06184,-0.10320
vol3|SD7062 (B),199800,10.12,0.06217,-0.10562
vol3|SD7062 (B),199800,11.6,0.11263,-0.07790
vol3|SD7062 (B),299500,-5.35,0.00619,0.02342
vol3|SD7062 (B),299500,-3.73,0.02305,0.00402
vol3|SD7062 (B),299500,-2.11,0.04668,-0.01436
vol3|SD7062 (B),299500,-0.66,0.04668,-0.02460
vol3|SD7062 (B),299500,1.02,0.05860,-0.03219
vol3|SD7062 (B),299500,2.57,0.07617,-0.04742
vol3|SD7062 (B),299500,4.17,0.07617,-0.05470
vol3|SD7062 (B),299500,5.72,0.07617,-0.07019
vol3|SD7062 (B),299500,7.21,0.06793,-0.08076
vol3|SD7062 (B),299500,8.67,0.06793,-0.10104
vol3|SD7062 (B),299500,10.21,0.06434,-0.09897
vol3|SD7062 (B),299500,11.69,0.11546,-0.07796
vol3|SD7062 (B),399900,-5.53,0.02888,0.02347
vol3|SD7062 (B),399900,-3.74,0.04281,0.01113
vol3|SD7062 (B),399900,-2.24,0.08929,-0.00842
vol3|SD7062 (B),399900,-0.7,0.06418,-0.01335
vol3|SD7062 (B),399900,0.86,0.06518,-0.02052
vol3|SD7062 (B),399900,2.4,0.08244,-0.03230
vol3|SD7062 (B),399900,3.96,0.08244,-0.03970
vol3|SD7062 (B),399900,5.54,0.08244,-0.04750
vol3|SD7062 (B),399900,7.05,0.07421,-0.04983
vol3|SD7062 (B),399900,8.72,0.07363,-0.07081
vol3|SD7062 (B),399900,10.23,0.07801,-0.06983
vol3|SD7062 (B),399900,11.84,0.16449,-0.04866
vol3|SD7080,99943,-6.02,-0.26607,0.05633
vol3|SD7080,99943,-4.93,-0.20199,0.08557
vol3|SD7080,99943,-3.91,-0.21883,0.08820
vol3|SD7080,99943,-2.97,-0.16240,0.07428
vol3|SD7080,99943,-1.95,-0.12360,0.04791
vol3|SD7080,99943,-0.76,-0.09635,0.01339
vol3|SD7080,99943,0.18,-0.08490,-0.01310
vol3|SD7080,99943,1.22,-0.00485,-0.04707
vol3|SD7080,99943,2.28,0.03073,-0.07300
vol3|SD7080,99943,3.25,0.03967,-0.08777
vol3|SD7080,99943,4.21,0.03967,-0.09621
vol3|SD7080,99943,5.26,0.03967,-0.09947
vol3|SD7080,99943,6.32,0.03859,-0.09865
vol3|SD7080,99943,7.29,0.03399,-0.10094
vol3|SD7080,99943,8.32,0.02667,-0.10724
vol3|SD7080,99943,9.34,-0.01362,-0.10730
vol3|SD7080,99943,10.32,-0.00985,-0.11939
vol3|SD7080,99943,11.24,-0.01426,-0.11169
vol3|SD7080,149842,-6.01,-0.20947,0.06841
vol3|SD7080,149842,-4.81,-0.21688,0.08721
vol3|SD7080,149842,-3.9,-0.19484,0.07912
vol3|SD7080,149842,-2.86,-0.15555,0.05924
vol3|SD7080,149842,-1.81,-0.11067,0.02868
vol3|SD7080,149842,-0.71,-0.07804,-0.01296
vol3|SD7080,149842,0.4,-0.02083,-0.03194
vol3|SD7080,149842,1.21,0.02238,-0.05112
vol3|SD7080,149842,2.24,0.03758,-0.07471
vol3|SD7080,149842,3.25,0.04652,-0.08193
vol3|SD7080,149842,4.21,0.04652,-0.08566
vol3|SD7080,149842,5.31,0.04652,-0.08838
vol3|SD7080,149842,6.22,0.04324,-0.08584
vol3|SD7080,149842,7.26,0.03506,-0.08628
vol3|SD7080,149842,8.34,0.01863,-0.09040
vol3|SD7080,149842,9.29,0.00257,-0.10396
vol3|SD7080,149842,10.42,0.00976,-0.08761
vol3|SD7080,149842,11.22,0.01842,-0.09532
vol3|SD7080,199879,-5.94,-0.17202,0.05747
vol3|SD7080,199879,-5.34,-0.15873,0.06165
vol3|SD7080,199879,-3.84,-0.15513,0.03965
vol3|SD7080,199879,-2.75,-0.08837,0.02221
vol3|SD7080,199879,-1.71,-0.05885,0.00435
vol3|SD7080,199879,-0.75,-0.02361,-0.01960
vol3|SD7080,199879,0.24,0.01101,-0.04745
vol3|SD7080,199879,1.41,0.02887,-0.06786
vol3|SD7080,199879,2.27,0.03893,-0.07359
vol3|SD7080,199879,3.24,0.04787,-0.08023
vol3|SD7080,199879,4.4,0.04787,-0.08181
vol3|SD7080,199879,5.09,0.04787,-0.08282
vol3|SD7080,199879,6.31,0.04219,-0.08198
vol3|SD7080,199879,7.25,0.03641,-0.08418
vol3|SD7080,199879,8.28,0.01998,-0.08856
vol3|SD7080,199879,9.34,0.00716,-0.08595
vol3|SD7080,199879,10.23,0.01345,-0.08953
vol3|SD7080,199879,11.26,0.05649,-0.08433
vol3|SD7080,299767,-6.19,-0.09691,0.04008
vol3|SD7080,299767,-5.06,-0.08628,0.04735
vol3|SD7080,299767,-4.1,-0.09168,0.02677
vol3|SD7080,299767,-3.04,-0.06119,0.01696
vol3|SD7080,299767,-1.96,-0.02170,0.00269
vol3|SD7080,299767,-0.77,0.01535,-0.01554
vol3|SD7080,299767,0.21,0.03056,-0.04720
vol3|SD7080,299767,1.26,0.03461,-0.06548
vol3|SD7080,299767,2.16,0.04980,-0.06637
vol3|SD7080,299767,2.86,0.05483,-0.07482
vol3|SD7080,299767,4.35,0.05875,-0.07240
vol3|SD7080,299767,5.19,0.05581,-0.07615
vol3|SD7080,299767,6.17,0.05307,-0.07336
vol3|SD7080,299767,7.29,0.04728,-0.08130
vol3|SD7080,299767,8.34,0.02893,-0.08020
vol3|SD7080,299767,9.35,0.02126,-0.06911
vol3|SD7080,299767,10.23,0.00763,-0.08072
vol3|SD7080,299767,11.26,0.06056,-0.08107
vol3|SG6040,99872,-3.97,-0.08802,0.07321
vol3|SG6040,99872,-3.01,-0.04078,0.07268
vol3|SG6040,99872,-1.87,-0.01422,0.05981
vol3|SG6040,99872,-0.85,0.02404,0.00835
vol3|SG6040,99872,0.25,0.03246,-0.02551
vol3|SG6040,99872,1.08,0.03246,-0.05209
vol3|SG6040,99872,2.31,0.03385,-0.06453
vol3|SG6040,99872,3.3,0.05400,-0.07638
vol3|SG6040,99872,4.23,0.06179,-0.09582
vol3|SG6040,99872,5.2,0.05965,-0.11961
vol3|SG6040,99872,6.37,0.05965,-0.13087
vol3|SG6040,99872,7.25,0.05965,-0.14615
vol3|SG6040,99872,8.3,0.05440,-0.15312
vol3|SG6040,99872,9.38,0.05797,-0.14388
vol3|SG6040,99872,10.36,0.06083,-0.14396
vol3|SG6040,99872,11.43,0.09673,-0.12775
vol3|SG6040,100031,-6.06,-0.20311,0.11082
vol3|SG6040,100031,-4.87,-0.13054,0.09063
vol3|SG6040,149553,-6.93,-0.16693,0.07957
vol3|SG6040,149553,-6.1,-0.14741,0.07049
vol3|SG6040,149969,-4.83,-0.07174,0.04416
vol3|SG6040,149969,-3.98,-0.06233,0.00825
vol3|SG6040,149969,-2.38,0.02394,-0.02744
vol3|SG6040,149969,-1.77,0.02682,-0.02597
vol3|SG6040,149969,-0.95,0.03525,-0.04897
vol3|SG6040,149969,0.37,0.03818,-0.06591
vol3|SG6040,149969,1.27,0.04629,-0.07221
vol3|SG6040,149969,2.39,0.06179,-0.07323
vol3|SG6040,149969,3.43,0.06751,-0.08078
vol3|SG6040,149969,4.43,0.06751,-0.08847
vol3|SG6040,149969,5.57,0.06751,-0.10590
vol3|SG6040,149969,6.87,0.06536,-0.12641
vol3|SG6040,149969,7.25,0.06536,-0.12844
vol3|SG6040,149969,8.55,0.06012,-0.13371
vol3|SG6040,149969,9.39,0.06065,-0.12532
vol3|SG6040,149969,10.59,0.05855,-0.12316
vol3|SG6040,149969,11.24,0.13744,-0.10993
vol3|SG6040,199979,-6.81,-0.12642,0.04363
vol3|SG6040,199979,-5.7,-0.06898,0.02923
vol3|SG6040,199979,-5.14,-0.05899,0.01506
vol3|SG6040,199979,-3.54,0.00161,-0.02747
vol3|SG6040,199979,-2.76,0.02783,-0.03962
vol3|SG6040,199979,-1.61,0.03919,-0.05294
vol3|SG6040,199979,-0.69,0.03919,-0.06531
vol3|SG6040,199979,0.53,0.04058,-0.06967
vol3|SG6040,199979,1.18,0.04730,-0.07417
vol3|SG6040,199979,2.3,0.06281,-0.08259
vol3|SG6040,199979,3.34,0.06852,-0.08926
vol3|SG6040,199979,4.34,0.06852,-0.10372
vol3|SG6040,199979,5.32,0.06852,-0.10574
vol3|SG6040,199979,6.48,0.06852,-0.11160
vol3|SG6040,199979,7.4,0.06637,-0.12427
vol3|SG6040,199979,8.49,0.06113,-0.13046
vol3|SG6040,199979,9.51,0.06088,-0.12189
vol3|SG6040,199979,10.37,0.05321,-0.11658
vol3|SG6040,199979,11.42,0.13126,-0.10586
vol3|SG6040,299663,-8.07,-0.05446,0.04930
vol3|SG6040,299663,-7.06,-0.05334,0.03496
vol3|SG6040,299663,-6.04,-0.04115,0.02221
vol3|SG6040,299663,-4.93,-0.01817,-0.01281
vol3|SG6040,299663,-3.99,-0.00367,-0.03301
vol3|SG6040,299663,-2.96,0.03837,-0.03688
vol3|SG6040,299663,-1.93,0.04529,-0.05206
vol3|SG6040,299663,-0.54,0.04668,-0.06209
vol3|SG6040,299663,0.27,0.04668,-0.06646
vol3|SG6040,299663,1.31,0.05089,-0.07181
vol3|SG6040,299663,2.26,0.07281,-0.07935
vol3|SG6040,299663,3.45,0.07461,-0.08540
vol3|SG6040,299663,4.05,0.07461,-0.09887
vol3|SG6040,299663,5.02,0.07461,-0.10323
vol3|SG6040,299663,6.65,0.07461,-0.11290
vol3|SG6040,299663,7.5,0.07461,-0.12217
vol3|SG6040,299663,8.63,0.06772,-0.12361
vol3|SG6040,299663,9.6,0.06359,-0.11331
vol3|SG6040,299663,10.53,0.05931,-0.11262
vol3|SG6040,299663,11.39,0.15240,-0.11412
vol3|SG6040,399758,-8.07,0.02064,0.04403
vol3|SG6040,399758,-7.09,0.02484,0.03487
vol3|SG6040,399758,-5.95,0.00906,0.01670
vol3|SG6040,399758,-5.0,0.05334,-0.01345
vol3|SG6040,399758,-3.99,0.04031,-0.03047
vol3|SG6040,399758,-2.97,0.06105,-0.02056
vol3|SG6040,399758,-1.9,0.06418,-0.03535
vol3|SG6040,399758,-0.89,0.06418,-0.04095
vol3|SG6040,399758,0.23,0.06418,-0.04344
vol3|SG6040,399758,1.14,0.06658,-0.04869
vol3|SG6040,399758,2.29,0.07908,-0.05628
vol3|SG6040,399758,3.35,0.08089,-0.06081
vol3|SG6040,399758,4.26,0.08089,-0.07463
vol3|SG6040,399758,5.26,0.08610,-0.08222
vol3|SG6040,399758,6.43,0.08089,-0.08133
vol3|SG6040,399758,7.51,0.10600,-0.08194
vol3|SG6040,399758,8.54,0.12192,-0.07764
vol3|SG6040,399758,9.64,0.09611,-0.06955
vol3|SG6040,399758,10.62,0.06558,-0.07970
vol3|SG6040,399758,11.55,0.20213,-0.06730
vol3|SG6040,498293,-5.92,-0.01626,0.02403
vol3|SG6040,498293,-4.96,0.01400,-0.00699
vol3|SG6040,498293,-4.04,0.05081,-0.02567
vol3|SG6040,498293,-2.97,0.06105,-0.01531
vol3|SG6040,498293,-1.94,0.06418,-0.02872
vol3|SG6040,498293,-0.9,0.06418,-0.03431
vol3|SG6040,498293,0.11,0.06418,-0.03681
vol3|SG6040,498293,1.13,0.06658,-0.04206
vol3|SG6040,498293,2.19,0.08418,-0.05015
vol3|SG6040,498293,3.21,0.08089,-0.05460
vol3|SG6040,498293,4.25,0.08089,-0.06992
vol3|SG6040,498293,5.25,0.08089,-0.07546
vol3|SG6040,498293,6.34,0.08089,-0.07716
vol3|SG6040,498293,7.12,0.08089,-0.07789
vol3|SG6040,498293,8.53,0.11451,-0.06609
vol3|SG6040,498293,9.23,0.10688,-0.07385
vol3|SG6040,498293,10.3,0.06918,-0.07801
vol3|SG6040,498293,11.33,0.16029,-0.09749
vol3|SG6041,99837,-7.41,-0.28626,0.06018
vol3|SG6041,99837,-6.51,-0.37493,0.08074
vol3|SG6041,99837,-5.13,-0.23083,0.07908
vol3|SG6041,99837,-4.47,-0.25187,0.08316
vol3|SG6041,99837,-3.45,-0.19217,0.08345
vol3|SG6041,99837,-2.37,-0.15777,0.08255
vol3|SG6041,99837,-1.39,-0.14945,0.04040
vol3|SG6041,99837,-0.29,-0.12142,0.02020
vol3|SG6041,99837,0.68,-0.06337,-0.01193
vol3|SG6041,99837,1.74,-0.01330,-0.02212
vol3|SG6041,99837,2.68,0.02166,-0.06847
vol3|SG6041,99837,3.56,0.04862,-0.09661
vol3|SG6041,99837,4.94,0.04862,-0.09980
vol3|SG6041,99837,5.84,0.04453,-0.10071
vol3|SG6041,99837,7.03,0.01714,-0.09388
vol3|SG6041,99837,7.85,0.01714,-0.09625
vol3|SG6041,99837,9.15,0.01035,-0.10305
vol3|SG6041,99837,9.86,-0.00661,-0.11406
vol3|SG6041,99837,10.89,0.04128,-0.09978
vol3|SG6041,149940,-6.36,-0.32483,0.07861
vol3|SG6041,149940,-5.2,-0.20466,0.07969
vol3|SG6041,149940,-4.26,-0.22270,0.08043
vol3|SG6041,149940,-3.1,-0.15391,0.07575
vol3|SG6041,149940,-2.18,-0.14584,0.06782
vol3|SG6041,149940,-0.82,-0.07025,0.00576
vol3|SG6041,149940,-0.11,-0.01303,-0.01731
vol3|SG6041,149940,1.03,0.00851,-0.04397
vol3|SG6041,149940,1.96,0.03110,-0.06444
vol3|SG6041,149940,2.72,0.05070,-0.08529
vol3|SG6041,149940,4.09,0.05806,-0.09907
vol3|SG6041,149940,4.95,0.05633,-0.09419
vol3|SG6041,149940,6.18,0.03234,-0.08768
vol3|SG6041,149940,6.84,0.03234,-0.08722
vol3|SG6041,149940,7.82,0.02507,-0.08743
vol3|SG6041,149940,9.12,0.02241,-0.09652
vol3|SG6041,149940,10.06,0.02001,-0.09749
vol3|SG6041,149940,11.09,0.09903,-0.08730
vol3|SG6041,199832,-5.31,-0.16917,0.07014
vol3|SG6041,199832,-4.36,-0.17188,0.05892
vol3|SG6041,199832,-3.27,-0.10672,0.04539
vol3|SG6041,199832,-2.28,-0.09353,0.03231
vol3|SG6041,199832,-1.28,-0.05670,0.00861
vol3|SG6041,199832,-0.11,-0.00661,-0.01726
vol3|SG6041,199832,0.82,0.00957,-0.04891
vol3|SG6041,199832,1.83,0.03398,-0.06913
vol3|SG6041,199832,2.83,0.05480,-0.09149
vol3|SG6041,199832,3.95,0.05912,-0.08985
vol3|SG6041,199832,4.87,0.05740,-0.09070
vol3|SG6041,199832,5.95,0.03341,-0.08431
vol3|SG6041,199832,6.83,0.03341,-0.08412
vol3|SG6041,199832,7.86,0.02614,-0.08536
vol3|SG6041,199832,8.84,0.02160,-0.09210
vol3|SG6041,199832,9.96,0.01792,-0.09214
vol3|SG6041,199832,11.14,0.10632,-0.07389
vol3|SG6041,299731,-5.91,-0.11264,0.05293
vol3|SG6041,299731,-4.98,-0.05137,0.04030
vol3|SG6041,299731,-3.94,-0.10056,0.03380
vol3|SG6041,299731,-2.82,-0.03103,0.00259
vol3|SG6041,299731,-1.91,-0.00768,-0.00803
vol3|SG6041,299731,-0.83,0.01447,-0.01024
vol3|SG6041,299731,0.25,0.02788,-0.02924
vol3|SG6041,299731,1.07,0.04713,-0.05997
vol3|SG6041,299731,2.56,0.06425,-0.08277
vol3|SG6041,299731,3.28,0.07743,-0.08798
vol3|SG6041,299731,4.27,0.07570,-0.08279
vol3|SG6041,299731,5.26,0.06447,-0.07756
vol3|SG6041,299731,6.33,0.05380,-0.07827
vol3|SG6041,299731,7.41,0.04653,-0.07961
vol3|SG6041,299731,8.47,0.04199,-0.08531
vol3|SG6041,299731,9.37,0.03930,-0.08859
vol3|SG6041,299731,10.39,0.12214,-0.08545
vol3|SG6041,299731,11.38,0.21167,-0.09744
vol3|SG6041,399121,-6.54,-0.06048,0.02951
vol3|SG6041,399121,-5.44,-0.01134,0.03262
vol3|SG6041,399121,-4.47,-0.04229,0.02167
vol3|SG6041,399121,-3.44,-0.01134,-0.00171
vol3|SG6041,399121,-2.4,0.01604,-0.01198
vol3|SG6041,399121,-1.4,0.02473,-0.00781
vol3|SG6041,399121,-0.38,0.03950,-0.03229
vol3|SG6041,399121,0.71,0.05920,-0.04830
vol3|SG6041,399121,1.67,0.06116,-0.05542
vol3|SG6041,399121,2.72,0.07451,-0.07074
vol3|SG6041,399121,3.79,0.08280,-0.07145
vol3|SG6041,399121,4.83,0.06985,-0.06328
vol3|SG6041,399121,6.15,0.05917,-0.05762
vol3|SG6041,399121,6.94,0.05190,-0.05756
vol3|SG6041,399121,7.89,0.07118,-0.05930
vol3|SG6041,399121,9.05,0.07896,-0.06336
vol3|SG6041,399121,9.9,0.07460,-0.05991
vol3|SG6041,399121,10.97,0.20467,-0.07463
vol3|SG6041,399121,11.95,0.21732,-0.07302
vol3|SG6041,498408,-6.48,-0.07645,0.02028
vol3|SG6041,498408,-5.41,-0.03900,0.01895
vol3|SG6041,498408,-4.45,-0.05654,0.01292
vol3|SG6041,498408,-3.4,-0.01628,0.00208
vol3|SG6041,498408,-2.4,0.02819,-0.01141
vol3|SG6041,498408,-1.34,0.03410,-0.01321
vol3|SG6041,498408,-0.33,0.05591,-0.03563
vol3|SG6041,498408,0.79,0.06055,-0.05113
vol3|SG6041,498408,1.77,0.06116,-0.05204
vol3|SG6041,498408,2.72,0.06746,-0.05541
vol3|SG6041,498408,3.83,0.08107,-0.05501
vol3|SG6041,498408,4.85,0.06985,-0.05500
vol3|SG6041,498408,6.0,0.05917,-0.05080
vol3|SG6041,498408,7.24,0.05190,-0.05026
vol3|SG6041,498408,8.35,0.08164,-0.05380
vol3|SG6041,498408,9.35,0.07796,-0.05638
vol3|SG6041,498408,10.16,0.08167,-0.05371
vol3|SG6041,498408,11.09,0.13032,-0.06633
vol3|SG6042,99645,9.29,0.00851,-0.10062
vol3|SG6042,99645,10.36,0.00222,-0.10317
vol3|SG6042,99645,11.39,0.00858,-0.08934
vol3|SG6042,99856,-5.13,-0.25045,0.14589
vol3|SG6042,99856,-3.78,-0.27841,0.17294
vol3|SG6042,99856,-3.02,-0.17619,0.17916
vol3|SG6042,99856,-1.97,-0.15953,0.14847
vol3|SG6042,99856,-0.94,-0.08488,0.10113
vol3|SG6042,99856,0.08,-0.04290,0.06933
vol3|SG6042,99856,1.06,-0.01352,0.04624
vol3|SG6042,99856,2.09,0.00121,0.02154
vol3|SG6042,99856,3.14,0.03521,-0.00393
vol3|SG6042,99856,4.32,0.03947,-0.04729
vol3|SG6042,99856,5.23,0.03947,-0.07285
vol3|SG6042,99856,6.2,0.03947,-0.08606
vol3|SG6042,99856,7.28,0.03124,-0.08420
vol3|SG6042,99856,8.25,0.02322,-0.07914
vol3|SG6042,150036,-4.86,-0.18546,0.13493
vol3|SG6042,150036,-3.77,-0.20536,0.14383
vol3|SG6042,150036,-2.78,-0.11548,0.10188
vol3|SG6042,150036,-1.73,-0.06018,0.08652
vol3|SG6042,150036,-0.65,-0.03697,0.04725
vol3|SG6042,150036,0.57,-0.00759,0.01431
vol3|SG6042,150036,1.4,0.01115,0.01139
vol3|SG6042,150036,2.41,0.04114,-0.01490
vol3|SG6042,150036,3.39,0.05077,-0.03359
vol3|SG6042,150036,4.53,0.05215,-0.05031
vol3|SG6042,150036,5.43,0.05215,-0.06206
vol3|SG6042,150036,6.47,0.05215,-0.06967
vol3|SG6042,150036,7.45,0.03917,-0.06004
vol3|SG6042,150036,8.53,0.02490,-0.06105
vol3|SG6042,150036,9.53,0.01411,-0.07327
vol3|SG6042,150036,10.31,0.01349,-0.08198
vol3|SG6042,150036,11.45,0.07244,-0.06416
vol3|SG6042,199860,-4.82,-0.14270,0.12826
vol3|SG6042,199860,-3.98,-0.13441,0.10167
vol3|SG6042,199860,-2.89,-0.05687,0.07649
vol3|SG6042,199860,-1.86,-0.02987,0.05359
vol3|SG6042,199860,-0.93,-0.02397,0.03787
vol3|SG6042,199860,0.32,0.00015,0.01502
vol3|SG6042,199860,1.25,0.03356,0.00710
vol3|SG6042,199860,2.24,0.04885,-0.01673
vol3|SG6042,199860,3.29,0.05178,-0.03227
vol3|SG6042,199860,4.31,0.05317,-0.04204
vol3|SG6042,199860,5.39,0.05317,-0.05371
vol3|SG6042,199860,6.07,0.05317,-0.06002
vol3|SG6042,199860,7.3,0.04018,-0.05405
vol3|SG6042,199860,8.37,0.01843,-0.05598
vol3|SG6042,199860,9.28,0.01512,-0.07399
vol3|SG6042,199860,10.45,0.01241,-0.07131
vol3|SG6042,199860,11.35,0.08693,-0.08133
vol3|SG6042,399200,-5.32,0.06338,0.09159
vol3|SG6042,399200,-4.15,0.03264,0.07039
vol3|SG6042,399200,-2.92,0.03812,0.06152
vol3|SG6042,399200,-1.97,0.04502,0.04582
vol3|SG6042,399200,-0.95,0.05243,0.03314
vol3|SG6042,399200,0.07,0.05129,0.02626
vol3|SG6042,399200,1.06,0.07324,0.00656
vol3|SG6042,399200,2.12,0.08106,0.00189
vol3|SG6042,399200,3.16,0.08245,-0.00729
vol3|SG6042,399200,4.17,0.08766,-0.00806
vol3|SG6042,399200,5.21,0.08245,-0.01932
vol3|SG6042,399200,6.25,0.07470,-0.01191
vol3|SG6042,399200,7.29,0.05519,-0.00910
vol3|SG6042,399200,8.42,0.04068,-0.01248
vol3|SG6042,399200,9.38,0.08354,-0.02699
vol3|SG6042,399200,10.49,0.08979,-0.02659
vol3|SG6042,399200,11.93,0.19437,-0.00912
vol3|SG6042,498399,-4.96,0.02589,0.08527
vol3|SG6042,498399,-3.98,0.00356,0.07334
vol3|SG6042,498399,-3.24,0.03663,0.06227
vol3|SG6042,498548,-1.84,0.04580,0.04485
vol3|SG6042,498548,-0.9,0.07540,0.03666
vol3|SG6042,498548,0.1,0.05417,0.02821
vol3|SG6042,498548,1.24,0.08140,0.00894
vol3|SG6042,498548,2.15,0.08245,0.00811
vol3|SG6042,498548,3.17,0.08766,-0.00162
vol3|SG6042,498548,4.2,0.08766,-0.00069
vol3|SG6042,498548,5.21,0.08245,-0.01029
vol3|SG6042,498548,6.25,0.07470,-0.00575
vol3|SG6042,498548,7.3,0.04771,-0.00297
vol3|SG6042,498548,8.31,0.04068,-0.01058
vol3|SG6042,498548,9.36,0.08354,-0.02150
vol3|SG6042,498548,10.52,0.08979,-0.02046
vol3|SG6042,498548,11.66,0.19647,-0.00296
vol3|SG6043,99681,-4.32,-0.21026,0.04917
vol3|SG6043,99681,-3.07,-0.15632,0.03126
vol3|SG6043,99681,-1.89,0.01806,-0.02784
vol3|SG6043,99681,-0.87,0.05366,-0.06617
vol3|SG6043,99681,0.1,0.08942,-0.11837
vol3|SG6043,99681,1.13,0.10709,-0.11763
vol3|SG6043,99681,2.25,0.11138,-0.15144
vol3|SG6043,99681,2.95,0.10469,-0.16550
vol3|SG6043,99681,4.2,0.08248,-0.18564
vol3|SG6043,99681,5.1,0.07508,-0.23296
vol3|SG6043,99681,6.08,0.07105,-0.23572
vol3|SG6043,99681,7.27,0.05182,-0.23802
vol3|SG6043,99681,8.39,0.03267,-0.24295
vol3|SG6043,99681,9.35,-0.01824,-0.20762
vol3|SG6043,99681,10.33,-0.03769,-0.20067
vol3|SG6043,99681,11.3,-0.02479,-0.21028
vol3|SG6043,149877,-4.01,-0.05465,-0.00890
vol3|SG6043,149877,-3.18,0.04997,-0.02504
vol3|SG6043,149877,-2.22,0.09091,-0.08482
vol3|SG6043,149877,-0.69,0.07429,-0.11459
vol3|SG6043,149877,0.37,0.09510,-0.14580
vol3|SG6043,149877,1.34,0.09225,-0.16420
vol3|SG6043,149877,2.33,0.09796,-0.17399
vol3|SG6043,149877,2.95,0.09796,-0.19949
vol3|SG6043,149877,4.56,0.08652,-0.22694
vol3|SG6043,149877,5.43,0.08652,-0.23100
vol3|SG6043,149877,6.72,0.06729,-0.24559
vol3|SG6043,149877,7.12,0.06547,-0.24559
vol3|SG6043,149877,8.51,0.03116,-0.21445
vol3|SG6043,149877,9.4,0.00061,-0.19794
vol3|SG6043,149877,10.41,-0.01638,-0.18769
vol3|SG6043,149877,11.58,0.01593,-0.15722
vol3|SG6043,199784,-4.95,-0.03029,-0.03952
vol3|SG6043,199784,-3.91,0.04644,-0.03649
vol3|SG6043,199784,-2.93,0.09498,-0.10303
vol3|SG6043,199784,-1.85,0.10857,-0.11569
vol3|SG6043,199784,-0.97,0.09859,-0.13404
vol3|SG6043,199784,0.08,0.09686,-0.16044
vol3|SG6043,199784,1.07,0.09225,-0.17963
vol3|SG6043,199784,2.2,0.09796,-0.18805
vol3|SG6043,199784,3.36,0.09796,-0.20521
vol3|SG6043,199784,3.97,0.09796,-0.21695
vol3|SG6043,199784,5.32,0.08652,-0.21932
vol3|SG6043,199784,6.46,0.07215,-0.23214
vol3|SG6043,199784,7.55,0.04814,-0.23602
vol3|SG6043,199784,8.59,0.00185,-0.19433
vol3|SG6043,199784,9.56,0.00023,-0.19021
vol3|SG6043,199784,10.2,-0.00465,-0.18871
vol3|SG6043,199784,11.44,0.01387,-0.15185
vol3|SG6043,299102,-6.23,0.00835,-0.06699
vol3|SG6043,299102,-5.2,0.06975,-0.04480
vol3|SG6043,299102,-4.13,0.10110,-0.08589
vol3|SG6043,299102,-3.05,0.11391,-0.11622
vol3|SG6043,299102,-2.05,0.11960,-0.13712
vol3|SG6043,299102,-1.02,0.10778,-0.15714
vol3|SG6043,299102,-0.02,0.10369,-0.17346
vol3|SG6043,299102,1.05,0.10763,-0.18227
vol3|SG6043,299102,2.17,0.10763,-0.19222
vol3|SG6043,299102,3.12,0.10763,-0.20016
vol3|SG6043,299102,4.17,0.09619,-0.21184
vol3|SG6043,299102,5.18,0.09619,-0.21299
vol3|SG6043,299102,6.35,0.08183,-0.22703
vol3|SG6043,299102,7.19,0.05782,-0.22655
vol3|SG6043,299102,8.25,0.01174,-0.19475
vol3|SG6043,299102,9.34,0.00799,-0.18947
vol3|SG6043,299102,10.31,0.00784,-0.18832
vol3|SG6043,299102,11.33,0.04402,-0.19369
vol3|SG6043,302510,-5.73,0.01933,-0.05905
vol3|SG6043,398416,-0.02,0.11907,-0.16247
vol3|SG6043,398416,1.04,0.11731,-0.17494
vol3|SG6043,398416,2.03,0.11731,-0.17900
vol3|SG6043,398416,3.06,0.11731,-0.18440
vol3|SG6043,398416,4.1,0.10587,-0.19700
vol3|SG6043,398416,5.13,0.10587,-0.19815
vol3|SG6043,398416,6.14,0.09151,-0.21116
vol3|SG6043,398416,7.21,0.06403,-0.19065
vol3|SG6043,398416,8.18,0.02142,-0.17990
vol3|SG6043,398416,9.27,0.02416,-0.18832
vol3|SG6043,398416,10.32,0.03103,-0.17380
vol3|SG6043,398416,11.33,0.06722,-0.17879
vol3|SG6043,399643,-6.25,0.07555,-0.04560
vol3|SG6043,399643,-5.21,0.14092,-0.06028
vol3|SG6043,399643,-4.11,0.14836,-0.11732
vol3|SG6043,399643,-3.09,0.13386,-0.12697
vol3|SG6043,399643,-2.02,0.14324,-0.13529
vol3|SG6043,399643,-0.96,0.11936,-0.15887
vol3|SG6043,498423,-6.32,0.06055,-0.06008
vol3|SG6043,498423,-5.22,0.20390,-0.09028
vol3|SG6043,498423,-4.17,0.12018,-0.11602
vol3|SG6043,498423,-3.17,0.13709,-0.14007
vol3|SG6043,498423,-2.12,0.14324,-0.13286
vol3|SG6043,498423,-1.08,0.13220,-0.15418
vol3|SG6043,498423,-0.06,0.11907,-0.15299
vol3|SG6043,498423,1.0,0.11907,-0.15848
vol3|SG6043,498423,2.11,0.11731,-0.16145
vol3|SG6043,498423,3.15,0.11731,-0.16901
vol3|SG6043,498423,4.2,0.10587,-0.17693
vol3|SG6043,498423,5.2,0.10405,-0.17854
vol3|SG6043,498423,6.17,0.07418,-0.19201
vol3|SG6043,498423,7.29,0.02120,-0.16403
vol3|SG6043,498423,8.18,0.02142,-0.16171
vol3|SG6043,498423,9.22,0.02416,-0.15403
vol3|SG6043,498423,10.21,0.02309,-0.15131
vol3|SG6043,498423,11.22,0.06035,-0.12927
vol3|Trainer 60,100800,-4.15,0.00436,0.06672
vol3|Trainer 60,100800,-3.1,0.01342,0.03878
vol3|Trainer 60,100800,-1.92,0.01646,0.02463
vol3|Trainer 60,100800,-1.0,0.01646,0.02520
vol3|Trainer 60,100800,-0.02,0.01646,0.01736
vol3|Trainer 60,100800,1.0,0.03638,-0.00088
vol3|Trainer 60,100800,2.15,0.03512,-0.02808
vol3|Trainer 60,100800,3.09,0.03896,-0.04790
vol3|Trainer 60,100800,4.09,0.04300,-0.06482
vol3|Trainer 60,100800,5.18,0.05626,-0.07240
vol3|Trainer 60,100800,6.28,0.06411,-0.08770
vol3|Trainer 60,100800,7.24,0.06117,-0.10543
vol3|Trainer 60,100800,8.24,0.05843,-0.10557
vol3|Trainer 60,100800,9.24,0.05901,-0.10143
vol3|Trainer 60,100800,10.25,0.07994,-0.09389
vol3|Trainer 60,100800,11.28,0.12136,-0.10519
vol3|Trainer 60,201600,-4.15,0.01434,0.06234
vol3|Trainer 60,201600,-3.11,0.01750,0.06050
vol3|Trainer 60,201600,-2.09,0.02054,0.05645
vol3|Trainer 60,201600,-1.07,0.02054,0.04693
vol3|Trainer 60,201600,-0.02,0.02054,0.03945
vol3|Trainer 60,201600,0.99,0.03140,0.01736
vol3|Trainer 60,201600,2.01,0.03014,-0.01177
vol3|Trainer 60,201600,3.05,0.03397,-0.03146
vol3|Trainer 60,201600,4.11,0.03802,-0.04266
vol3|Trainer 60,201600,5.12,0.05431,-0.05049
vol3|Trainer 60,201600,6.12,0.06108,-0.06837
vol3|Trainer 60,201600,7.17,0.05584,-0.08594
vol3|Trainer 60,201600,8.2,0.05071,-0.08716
vol3|Trainer 60,201600,9.21,0.05102,-0.08368
vol3|Trainer 60,201600,10.24,0.07392,-0.06922
vol3|Trainer 60,201600,11.26,0.08750,-0.04428
vol3|Trainer 60,301800,-3.11,0.03253,0.07391
vol3|Trainer 60,301800,-2.08,0.03556,0.06986
vol3|Trainer 60,301800,-1.04,0.03556,0.06178
vol3|Trainer 60,301800,-0.03,0.03556,0.04651
vol3|Trainer 60,301800,1.07,0.03965,0.02483
vol3|Trainer 60,301800,2.16,0.03839,-0.00429
vol3|Trainer 60,301800,3.06,0.03850,-0.02596
vol3|Trainer 60,301800,4.08,0.04254,-0.03410
vol3|Trainer 60,301800,5.1,0.05884,-0.03904
vol3|Trainer 60,301800,6.15,0.06340,-0.05451
vol3|Trainer 60,301800,7.23,0.06101,-0.07682
vol3|Trainer 60,301800,8.46,0.05555,-0.07615
vol3|Trainer 60,301800,9.3,0.05555,-0.08567
vol3|Trainer 60,301800,10.48,0.06392,-0.04484
vol3|Trainer 60,301800,11.53,0.12010,-0.03397
vol3|Trainer 60,398700,11.5,0.14093,-0.01441
vol3|Trainer 60,404100,-4.17,0.06712,0.08803
vol3|Trainer 60,404100,-3.14,0.06720,0.07783
vol3|Trainer 60,404100,-2.17,0.06773,0.07378
vol3|Trainer 60,404100,-1.07,0.06773,0.06474
vol3|Trainer 60,404100,-0.05,0.06773,0.05319
vol3|Trainer 60,404100,1.06,0.07182,0.03160
vol3|Trainer 60,404100,2.02,0.07056,0.00600
vol3|Trainer 60,404100,3.07,0.07067,-0.00948
vol3|Trainer 60,404100,4.11,0.07128,-0.01728
vol3|Trainer 60,404100,5.2,0.07414,-0.01836
vol3|Trainer 60,404100,6.17,0.07581,-0.02646
vol3|Trainer 60,404100,7.32,0.07100,-0.03943
vol3|Trainer 60,404100,8.32,0.07100,-0.04327
vol3|Trainer 60,404100,9.34,0.05630,-0.03755
vol3|Trainer 60,404100,10.42,0.06259,-0.00899
vol3|Trainer 60,504000,-3.18,0.06720,0.06191
vol3|Trainer 60,504000,-2.14,0.06773,0.05786
vol3|Trainer 60,504000,-1.06,0.06773,0.04881
vol3|Trainer 60,504000,-0.02,0.06773,0.03505
vol3|Trainer 60,504000,1.0,0.07182,0.01346
vol3|Trainer 60,504000,2.02,0.07056,-0.01494
vol3|Trainer 60,504000,3.04,0.07067,-0.02762
vol3|Trainer 60,504000,4.08,0.07128,-0.03424
vol3|Trainer 60,504000,5.1,0.07414,-0.03382
vol3|Trainer 60,504000,6.12,0.07342,-0.04249
vol3|Trainer 60,504000,7.14,0.07100,-0.05193
vol3|Trainer 60,504000,8.17,0.07100,-0.05943
vol3|Trainer 60,504000,9.19,0.05630,-0.05142
vol3|Trainer 60,504000,10.2,0.06661,-0.04057
vol3|Trainer 60,504000,11.23,0.10297,-0.02458
vol3|USNPS-4,99800,-3.28,-0.13371,0.10042
vol3|USNPS-4,99800,-1.58,-0.03969,0.07231
vol3|USNPS-4,99800,0.01,0.00072,0.03171
vol3|USNPS-4,99800,1.54,0.05977,-0.05122
vol3|USNPS-4,99800,3.15,0.06053,-0.06625
vol3|USNPS-4,99800,4.59,0.06053,-0.08404
vol3|USNPS-4,99800,6.22,0.03256,-0.08909
vol3|USNPS-4,99800,7.69,0.01395,-0.08701
vol3|USNPS-4,99800,9.26,-0.00464,-0.06885
vol3|USNPS-4,99800,10.71,-0.03970,-0.07075
vol3|USNPS-4,199300,-3.29,-0.03933,0.06844
vol3|USNPS-4,199300,-1.56,0.00232,0.03286
vol3|USNPS-4,199300,-0.09,0.04829,0.00281
vol3|USNPS-4,199300,1.45,0.06652,-0.04406
vol3|USNPS-4,199300,3.08,0.06728,-0.05448
vol3|USNPS-4,199300,4.6,0.06728,-0.06010
vol3|USNPS-4,199300,6.08,0.03526,-0.06168
vol3|USNPS-4,199300,7.6,0.01801,-0.05190
vol3|USNPS-4,199300,9.11,-0.01047,-0.04845
vol3|USNPS-4,199300,10.67,-0.04204,-0.03366
vol3|USNPS-4,299000,-4.72,-0.00928,0.04858
vol3|USNPS-4,299000,-3.15,0.05387,0.04597
vol3|USNPS-4,299000,-1.6,0.04937,0.02402
vol3|USNPS-4,299000,-0.07,0.06213,-0.00313
vol3|USNPS-4,299000,1.46,0.07537,-0.03229
vol3|USNPS-4,299000,3.0,0.07613,-0.04066
vol3|USNPS-4,299000,4.53,0.07613,-0.04935
vol3|USNPS-4,299000,6.15,0.03790,-0.04171
vol3|USNPS-4,299000,7.67,0.01673,-0.04004
vol3|USNPS-4,299000,9.17,-0.01371,-0.03221
vol3|USNPS-4,299000,10.68,-0.03470,-0.01809
vol3|USNPS-4,398300,-4.97,0.01728,0.04154
vol3|USNPS-4,398300,-3.11,0.04718,0.03405
vol3|USNPS-4,398300,-1.46,0.06708,0.02168
vol3|USNPS-4,398300,0.12,0.07002,-0.00153
vol3|USNPS-4,398300,1.54,0.07614,-0.02007
vol3|USNPS-4,398300,2.97,0.07690,-0.02870
vol3|USNPS-4,398300,4.45,0.07690,-0.03238
vol3|USNPS-4,398300,6.07,0.03867,-0.01854
vol3|USNPS-4,398300,7.5,0.01660,-0.02082
vol3|USNPS-4,398300,9.22,-0.01669,-0.00982
vol3|USNPS-4,398300,10.87,-0.01406,0.01598
