entry,Re,alpha,CL_xf,CD_xf
stec8|AQUILA,59400.0,-1.86,-0.0227,0.036890
stec8|AQUILA,59400.0,-0.83,0.1492,0.031340
stec8|AQUILA,59400.0,0.18,0.3141,0.028000
stec8|AQUILA,59400.0,1.20,0.4944,0.026000
stec8|AQUILA,59400.0,2.23,0.6004,0.027520
stec8|AQUILA,59400.0,3.23,0.7136,0.028220
stec8|AQUILA,59400.0,4.26,0.8072,0.030100
stec8|AQUILA,59400.0,5.27,0.8993,0.032110
stec8|AQUILA,59400.0,6.28,0.9994,0.033670
stec8|AQUILA,59400.0,7.30,1.0781,0.037230
stec8|AQUILA,59400.0,8.33,1.1810,0.038960
stec8|AQUILA,59400.0,9.34,1.2698,0.040760
stec8|AQUILA,59400.0,10.34,1.3407,0.041380
stec8|AQUILA,101100.0,-1.86,0.1884,0.024030
stec8|AQUILA,101100.0,-0.84,0.3123,0.019830
stec8|AQUILA,101100.0,0.18,0.4608,0.014910
stec8|AQUILA,101100.0,1.21,0.5572,0.015530
stec8|AQUILA,101100.0,2.22,0.6557,0.016160
stec8|AQUILA,101100.0,3.24,0.7552,0.016980
stec8|AQUILA,101100.0,4.27,0.8566,0.017890
stec8|AQUILA,101100.0,5.28,0.9543,0.019040
stec8|AQUILA,101100.0,6.29,1.0528,0.020360
stec8|AQUILA,101100.0,7.33,1.1477,0.022210
stec8|AQUILA,101100.0,8.33,1.2358,0.024200
stec8|AQUILA,101100.0,9.35,1.3123,0.025950
stec8|AQUILA,101100.0,10.36,1.3640,0.028280
stec8|AQUILA,101100.0,11.36,1.3451,0.032540
stec8|AQUILA,101100.0,12.37,1.2989,0.043930
stec8|AQUILA,101100.0,13.37,1.2577,0.059330
stec8|AQUILA,150500.0,1.19,0.5560,0.011800
stec8|AQUILA,150500.0,3.24,0.7584,0.013100
stec8|AQUILA,150500.0,5.28,0.9582,0.014910
stec8|AQUILA,150500.0,7.32,1.1489,0.017690
stec8|AQUILA,150500.0,8.34,1.2361,0.019380
stec8|AQUILA,150500.0,9.36,1.3107,0.021280
stec8|AQUILA,150500.0,11.37,1.3517,0.028960
stec8|AQUILA,203900.0,-0.85,0.3097,0.014140
stec8|AQUILA,203900.0,0.17,0.4129,0.012300
stec8|AQUILA,203900.0,1.19,0.5549,0.009980
stec8|AQUILA,203900.0,2.22,0.6564,0.010530
stec8|AQUILA,203900.0,3.26,0.7594,0.011190
stec8|AQUILA,203900.0,4.26,0.8579,0.011920
stec8|AQUILA,203900.0,5.28,0.9572,0.012840
stec8|AQUILA,203900.0,6.31,1.0549,0.013990
stec8|AQUILA,203900.0,7.32,1.1477,0.015420
stec8|AQUILA,203900.0,8.34,1.2332,0.016950
stec8|AQUILA,203900.0,9.35,1.3091,0.018790
stec8|AQUILA,203900.0,10.37,1.3590,0.021450
stec8|AQUILA,203900.0,11.35,1.3557,0.027170
stec8|AQUILA,203900.0,12.37,1.3098,0.039480
stec8|AQUILA,203900.0,13.38,1.2778,0.053890
stec8|AQUILA,203900.0,14.36,1.2665,0.067370
stec8|AQUILA,301100.0,-1.87,0.1900,0.017730
stec8|AQUILA,301100.0,1.13,0.5481,0.008320
stec8|AQUILA,301100.0,2.18,0.6519,0.008810
stec8|AQUILA,301100.0,3.21,0.7540,0.009370
stec8|AQUILA,301100.0,4.23,0.8549,0.010050
stec8|AQUILA,301100.0,5.28,0.9574,0.010940
stec8|AQUILA,301100.0,6.30,1.0551,0.011970
stec8|AQUILA,301100.0,7.32,1.1489,0.013280
stec8|CLARK-Y,61300.0,-2.92,-0.3571,0.033810
stec8|CLARK-Y,61300.0,-1.90,-0.2536,0.030740
stec8|CLARK-Y,61300.0,-0.88,-0.0878,0.028920
stec8|CLARK-Y,61300.0,0.15,0.1243,0.029790
stec8|CLARK-Y,61300.0,1.18,0.2909,0.031550
stec8|CLARK-Y,61300.0,2.20,0.4222,0.032550
stec8|CLARK-Y,61300.0,3.24,0.6039,0.031200
stec8|CLARK-Y,61300.0,4.26,0.7405,0.030180
stec8|CLARK-Y,61300.0,5.28,0.8716,0.029650
stec8|CLARK-Y,61300.0,6.29,0.9965,0.030160
stec8|CLARK-Y,61300.0,7.32,1.0739,0.033020
stec8|CLARK-Y,61300.0,8.33,1.1862,0.032350
stec8|CLARK-Y,61300.0,9.34,1.2483,0.034080
stec8|CLARK-Y,61300.0,10.35,1.2794,0.036950
stec8|CLARK-Y,61300.0,11.34,1.2986,0.042430
stec8|CLARK-Y,102600.0,-3.94,-0.3030,0.030400
stec8|CLARK-Y,102600.0,-2.92,-0.1595,0.026170
stec8|CLARK-Y,102600.0,-1.87,-0.0207,0.023690
stec8|CLARK-Y,102600.0,-0.85,0.2446,0.020270
stec8|CLARK-Y,102600.0,1.20,0.5437,0.018120
stec8|CLARK-Y,102600.0,2.21,0.6626,0.017380
stec8|CLARK-Y,102600.0,3.25,0.7726,0.017050
stec8|CLARK-Y,102600.0,4.25,0.8722,0.017180
stec8|CLARK-Y,102600.0,5.28,0.9640,0.018190
stec8|CLARK-Y,102600.0,6.29,1.0518,0.019760
stec8|CLARK-Y,102600.0,7.32,1.1304,0.021280
stec8|CLARK-Y,102600.0,8.34,1.2028,0.023180
stec8|CLARK-Y,102600.0,9.36,1.2537,0.025050
stec8|CLARK-Y,102600.0,10.36,1.2464,0.027820
stec8|CLARK-Y,102600.0,11.35,1.2497,0.033250
stec8|CLARK-Y,203800.0,-3.96,-0.0816,0.017580
stec8|CLARK-Y,203800.0,-2.90,0.0486,0.014980
stec8|CLARK-Y,203800.0,-1.91,0.1706,0.012550
stec8|CLARK-Y,203800.0,-0.85,0.3753,0.010490
stec8|CLARK-Y,203800.0,0.17,0.5436,0.010290
stec8|CLARK-Y,203800.0,1.19,0.6318,0.010330
stec8|CLARK-Y,203800.0,2.22,0.7223,0.010590
stec8|CLARK-Y,203800.0,3.24,0.8080,0.011070
stec8|CLARK-Y,203800.0,4.27,0.8896,0.011860
stec8|CLARK-Y,203800.0,5.28,0.9646,0.013040
stec8|CLARK-Y,203800.0,6.30,1.0369,0.014470
stec8|CLARK-Y,203800.0,7.31,1.1095,0.015920
stec8|CLARK-Y,203800.0,8.34,1.1787,0.017470
stec8|CLARK-Y,203800.0,9.34,1.2243,0.019050
stec8|CLARK-Y,203800.0,10.34,1.2377,0.022660
stec8|CLARK-Y,203800.0,11.35,1.2491,0.028360
stec8|CLARK-Y,203800.0,12.34,1.2737,0.034110
stec8|CLARK-Y,203800.0,13.36,1.3029,0.040500
stec8|CLARK-Y,203800.0,14.35,1.3275,0.047520
stec8|CLARK-Y,301200.0,-4.93,-0.1410,0.015040
stec8|CLARK-Y,301200.0,-3.91,-0.0140,0.012960
stec8|CLARK-Y,301200.0,-2.90,0.0967,0.011450
stec8|CLARK-Y,301200.0,-1.87,0.2019,0.009950
stec8|CLARK-Y,301200.0,-0.86,0.2958,0.008110
stec8|CLARK-Y,301200.0,0.16,0.5424,0.008480
stec8|CLARK-Y,301200.0,1.20,0.6440,0.008580
stec8|CLARK-Y,301200.0,2.23,0.7289,0.008890
stec8|CLARK-Y,301200.0,3.24,0.8110,0.009430
stec8|CLARK-Y,301200.0,4.26,0.8896,0.010260
stec8|CLARK-Y,301200.0,5.29,0.9613,0.011480
stec8|DAE51,60400.0,-2.91,-0.1581,0.037710
stec8|DAE51,60400.0,-1.89,-0.0315,0.030750
stec8|DAE51,60400.0,-0.87,0.1243,0.023990
stec8|DAE51,60400.0,0.18,0.2922,0.027190
stec8|DAE51,60400.0,1.20,0.4382,0.030300
stec8|DAE51,60400.0,2.22,0.5770,0.033100
stec8|DAE51,60400.0,3.24,0.6924,0.035810
stec8|DAE51,60400.0,4.25,0.8283,0.036780
stec8|DAE51,60400.0,5.29,0.9544,0.036240
stec8|DAE51,60400.0,6.28,1.0898,0.032360
stec8|DAE51,60400.0,7.31,1.2140,0.028100
stec8|DAE51,60400.0,8.31,1.2716,0.028700
stec8|DAE51,101400.0,-2.90,0.0238,0.027720
stec8|DAE51,101400.0,-1.87,0.1917,0.022220
stec8|DAE51,101400.0,-0.84,0.3326,0.018540
stec8|DAE51,101400.0,0.18,0.4723,0.019140
stec8|DAE51,101400.0,1.22,0.5941,0.019770
stec8|DAE51,101400.0,2.22,0.7094,0.019870
stec8|DAE51,101400.0,3.25,0.8214,0.019850
stec8|DAE51,101400.0,4.25,0.9308,0.019360
stec8|DAE51,101400.0,5.29,1.0424,0.018870
stec8|DAE51,101400.0,6.30,1.1448,0.018730
stec8|DAE51,101400.0,7.33,1.2316,0.019650
stec8|DAE51,101400.0,8.32,1.2778,0.023480
stec8|DAE51,101400.0,9.33,1.2777,0.032140
stec8|DAE51,101400.0,10.33,1.3290,0.040740
stec8|DAE51,153500.0,-2.87,0.1608,0.019160
stec8|DAE51,153500.0,-1.84,0.2905,0.014580
stec8|DAE51,153500.0,-0.82,0.3972,0.012800
stec8|DAE51,153500.0,0.20,0.5076,0.013050
stec8|DAE51,153500.0,1.20,0.6152,0.013230
stec8|DAE51,153500.0,2.23,0.7275,0.013240
stec8|DAE51,153500.0,3.27,0.8397,0.013340
stec8|DAE51,153500.0,4.28,0.9471,0.013540
stec8|DAE51,153500.0,5.31,1.0546,0.013930
stec8|DAE51,153500.0,6.31,1.1512,0.014790
stec8|DAE51,153500.0,7.32,1.2341,0.016710
stec8|DAE51,153500.0,8.34,1.2840,0.021520
stec8|DAE51,153500.0,9.35,1.2930,0.029160
stec8|DAE51,153500.0,10.33,1.3207,0.036190
stec8|DAE51,153500.0,11.34,1.3877,0.045740
stec8|DAE51,203200.0,-2.92,0.1765,0.016300
stec8|DAE51,203200.0,-1.86,0.2908,0.012760
stec8|DAE51,203200.0,-0.83,0.3917,0.010280
stec8|DAE51,203200.0,0.17,0.5017,0.010420
stec8|DAE51,203200.0,1.21,0.6162,0.010540
stec8|DAE51,203200.0,2.23,0.7278,0.010740
stec8|DAE51,203200.0,3.27,0.8411,0.010970
stec8|DAE51,203200.0,4.26,0.9475,0.011350
stec8|DAE51,203200.0,5.30,1.0556,0.012050
stec8|DAE51,203200.0,6.31,1.1526,0.013220
stec8|DAE51,203200.0,7.31,1.2343,0.015520
stec8|DAE51,203200.0,8.33,1.2886,0.020410
stec8|DAE51,203200.0,9.35,1.3137,0.026820
stec8|DAE51,203200.0,10.33,1.3356,0.033600
stec8|DAE51,203200.0,11.34,1.3706,0.041130
stec8|DAE51,310400.0,-2.88,0.1666,0.013130
stec8|DAE51,310400.0,-1.84,0.2819,0.010820
stec8|DAE51,310400.0,-0.82,0.3810,0.007960
stec8|DAE51,310400.0,0.17,0.4973,0.007870
stec8|DAE51,310400.0,1.22,0.6153,0.008070
stec8|DAE51,310400.0,2.22,0.7268,0.008330
stec8|DAE51,310400.0,3.26,0.8412,0.008720
stec8|DAE51,310400.0,4.24,0.9470,0.009280
stec8|DAE51,310400.0,5.18,1.0453,0.010060
stec8|DAE51,310400.0,6.28,1.1518,0.011610
stec8|DAE51,310400.0,7.31,1.2372,0.014370
stec8|DAE51,310400.0,8.33,1.3001,0.018940
stec8|DAE51,310400.0,9.34,1.3399,0.024130
stec8|DAE51,310400.0,10.34,1.3700,0.029760
stec8|DF101,58100.0,-4.99,-0.4864,0.028590
stec8|DF101,58100.0,-3.97,-0.4131,0.023710
stec8|DF101,58100.0,-2.95,-0.3514,0.022690
stec8|DF101,58100.0,-1.92,-0.2744,0.021230
stec8|DF101,58100.0,-0.89,-0.1355,0.020730
stec8|DF101,58100.0,0.14,0.0075,0.023930
stec8|DF101,58100.0,1.17,0.1833,0.027090
stec8|DF101,58100.0,2.20,0.3441,0.028910
stec8|DF101,58100.0,3.21,0.5318,0.028160
stec8|DF101,58100.0,4.23,0.6871,0.025720
stec8|DF101,58100.0,5.24,0.8120,0.024000
stec8|DF101,58100.0,6.26,0.9083,0.025250
stec8|DF101,58100.0,7.28,0.9960,0.028650
stec8|DF101,58100.0,8.29,1.0794,0.033370
stec8|DF101,58100.0,9.31,1.1458,0.039180
stec8|DF101,101700.0,-6.00,-0.5691,0.028860
stec8|DF101,101700.0,-4.97,-0.4937,0.022860
stec8|DF101,101700.0,-3.97,-0.4217,0.019160
stec8|DF101,101700.0,-2.95,-0.2942,0.019110
stec8|DF101,101700.0,-1.91,-0.1432,0.018300
stec8|DF101,101700.0,-0.87,0.1262,0.017660
stec8|DF101,101700.0,0.16,0.2970,0.017480
stec8|DF101,101700.0,1.17,0.4440,0.016380
stec8|DF101,101700.0,2.19,0.5508,0.015660
stec8|DF101,101700.0,3.21,0.6494,0.015310
stec8|DF101,101700.0,4.24,0.7445,0.015430
stec8|DF101,101700.0,5.25,0.8291,0.016270
stec8|DF101,101700.0,6.26,0.9077,0.018330
stec8|DF101,101700.0,7.28,0.9927,0.021310
stec8|DF101,101700.0,8.30,1.0777,0.024690
stec8|DF101,101700.0,9.32,1.1468,0.027800
stec8|DF101,101700.0,10.33,1.1758,0.030490
stec8|DF101,101700.0,11.33,1.1679,0.036310
stec8|DF101,101700.0,12.33,1.1879,0.045050
stec8|DF101,101700.0,13.29,1.1907,0.056570
stec8|DF101,153700.0,-5.99,-0.5787,0.025360
stec8|DF101,153700.0,-4.97,-0.4575,0.019990
stec8|DF101,153700.0,-3.95,-0.3140,0.016170
stec8|DF101,153700.0,-2.93,-0.1582,0.015600
stec8|DF101,153700.0,-1.90,-0.0123,0.013950
stec8|DF101,153700.0,-0.87,0.2079,0.012710
stec8|DF101,153700.0,0.16,0.3893,0.011750
stec8|DF101,153700.0,1.17,0.4758,0.011330
stec8|DF101,153700.0,2.19,0.5676,0.011320
stec8|DF101,153700.0,3.22,0.6601,0.011660
stec8|DF101,153700.0,4.23,0.7482,0.012290
stec8|DF101,153700.0,5.26,0.8301,0.013470
stec8|DF101,153700.0,6.27,0.9053,0.015580
stec8|DF101,153700.0,7.29,0.9870,0.018040
stec8|DF101,153700.0,8.31,1.0682,0.020570
stec8|DF101,153700.0,9.32,1.1317,0.022720
stec8|DF101,153700.0,10.33,1.1710,0.025210
stec8|DF101,153700.0,11.34,1.1705,0.031840
stec8|DF101,153700.0,12.34,1.1800,0.040050
stec8|DF101,153700.0,13.34,1.1933,0.049960
stec8|DF101,201400.0,-5.99,-0.5256,0.022570
stec8|DF101,201400.0,-4.97,-0.3859,0.017020
stec8|DF101,201400.0,-3.93,-0.2460,0.014060
stec8|DF101,201400.0,-2.92,-0.0910,0.013110
stec8|DF101,201400.0,-1.89,0.0373,0.011490
stec8|DF101,201400.0,-0.88,0.1762,0.010180
stec8|DF101,201400.0,0.15,0.3926,0.009710
stec8|DF101,201400.0,1.18,0.4798,0.009530
stec8|DF101,201400.0,2.20,0.5705,0.009740
stec8|DF101,201400.0,3.22,0.6615,0.010210
stec8|DF101,201400.0,4.24,0.7496,0.010940
stec8|DF101,201400.0,5.25,0.8291,0.012190
stec8|DF101,201400.0,6.26,0.9046,0.014210
stec8|DF101,201400.0,7.29,0.9869,0.016330
stec8|DF101,201400.0,8.30,1.0654,0.018430
stec8|DF101,201400.0,9.32,1.1345,0.020330
stec8|DF101,201400.0,10.33,1.1824,0.022880
stec8|DF101,201400.0,11.34,1.1845,0.029440
stec8|DF101,201400.0,12.34,1.1891,0.037210
stec8|DF101,201400.0,13.31,1.1919,0.046810
stec8|DF101,201400.0,14.31,1.1917,0.058020
stec8|DF101,305500.0,-6.00,-0.4403,0.016770
stec8|DF101,305500.0,-4.96,-0.2957,0.013520
stec8|DF101,305500.0,-3.94,-0.1679,0.011100
stec8|DF101,305500.0,-2.93,-0.0487,0.010190
stec8|DF101,305500.0,-1.90,0.0557,0.009140
stec8|DF101,305500.0,-0.88,0.1499,0.007760
stec8|DF101,305500.0,0.14,0.3062,0.007710
stec8|DF101,305500.0,1.17,0.4813,0.007840
stec8|DF101,305500.0,2.19,0.5716,0.008120
stec8|DF101,305500.0,3.21,0.6620,0.008640
stec8|DF101,305500.0,4.24,0.7503,0.009450
stec8|DF101,305500.0,5.25,0.8302,0.010810
stec8|DF101,305500.0,6.26,0.9098,0.012520
stec8|DF101,305500.0,7.29,0.9944,0.014210
stec8|DF101,305500.0,8.31,1.0752,0.015900
stec8|DF101,305500.0,9.31,1.1514,0.017590
stec8|DF101,305500.0,10.34,1.1984,0.020750
stec8|DF102,59100.0,-3.98,-0.4100,0.023740
stec8|DF102,59100.0,-2.96,-0.3480,0.022670
stec8|DF102,59100.0,-1.93,-0.2711,0.021270
stec8|DF102,59100.0,-0.93,-0.1344,0.020560
stec8|DF102,59100.0,0.12,-0.0091,0.023490
stec8|DF102,59100.0,1.15,0.1580,0.026960
stec8|DF102,59100.0,2.18,0.3590,0.027970
stec8|DF102,59100.0,3.19,0.5588,0.025550
stec8|DF102,59100.0,4.22,0.7102,0.021310
stec8|DF102,59100.0,5.23,0.7936,0.022180
stec8|DF102,59100.0,6.25,0.8882,0.026310
stec8|DF102,59100.0,7.27,0.9837,0.031650
stec8|DF102,59100.0,8.28,1.0652,0.038730
stec8|DF102,59100.0,9.27,1.1091,0.048200
stec8|DF102,59100.0,10.25,1.1085,0.061050
stec8|DF102,100200.0,-3.97,-0.4177,0.019320
stec8|DF102,100200.0,-2.95,-0.3044,0.019140
stec8|DF102,100200.0,-1.92,-0.1505,0.018630
stec8|DF102,100200.0,-0.89,0.0968,0.018070
stec8|DF102,100200.0,0.13,0.2824,0.018140
stec8|DF102,100200.0,1.16,0.4447,0.016270
stec8|DF102,100200.0,2.18,0.5521,0.015340
stec8|DF102,100200.0,3.20,0.6479,0.014770
stec8|DF102,100200.0,4.23,0.7309,0.014900
stec8|DF102,100200.0,5.22,0.7900,0.017820
stec8|DF102,100200.0,6.26,0.8816,0.021320
stec8|DF102,100200.0,7.26,0.9788,0.025160
stec8|DF102,100200.0,8.28,1.0763,0.029680
stec8|DF102,100200.0,9.29,1.1593,0.035360
stec8|DF102,100200.0,10.32,1.2268,0.042670
stec8|DF102,100200.0,11.31,1.2738,0.051070
stec8|DF102,149100.0,-3.95,-0.3210,0.016420
stec8|DF102,149100.0,-2.43,-0.1006,0.015440
stec8|DF102,149100.0,-0.89,0.1930,0.013410
stec8|DF102,149100.0,0.65,0.4315,0.011630
stec8|DF102,149100.0,2.17,0.5655,0.011360
stec8|DF102,149100.0,3.70,0.6961,0.011960
stec8|DF102,149100.0,5.24,0.7916,0.015830
stec8|DF102,149100.0,6.76,0.9230,0.019880
stec8|DF102,149100.0,8.29,1.0666,0.024510
stec8|DF102,149100.0,9.81,1.2018,0.030840
stec8|DF102,149100.0,11.32,1.3096,0.037140
stec8|DF102,149100.0,12.84,1.3573,0.039870
stec8|DF102,149100.0,14.35,1.3344,0.045890
stec8|DF102,200900.0,-3.97,-0.2522,0.014200
stec8|DF102,200900.0,-2.96,-0.0996,0.013340
stec8|DF102,200900.0,-1.93,0.0335,0.011820
stec8|DF102,200900.0,-0.91,0.1687,0.010370
stec8|DF102,200900.0,0.13,0.3862,0.009710
stec8|DF102,200900.0,1.16,0.4797,0.009490
stec8|DF102,200900.0,2.17,0.5684,0.009690
stec8|DF102,200900.0,3.19,0.6557,0.010210
stec8|DF102,200900.0,4.22,0.7254,0.011910
stec8|DF102,200900.0,5.23,0.7937,0.014510
stec8|DF102,200900.0,6.26,0.8791,0.016630
stec8|DF102,200900.0,7.27,0.9673,0.018880
stec8|DF102,200900.0,8.28,1.0583,0.021380
stec8|DF102,200900.0,9.31,1.1516,0.024360
stec8|DF102,200900.0,10.32,1.2375,0.027760
stec8|DF102,200900.0,11.34,1.3044,0.030130
stec8|DF102,200900.0,12.34,1.3426,0.032360
stec8|DF102,200900.0,13.35,1.3495,0.035110
stec8|DF102,200900.0,14.34,1.3560,0.040230
stec8|DF102,200900.0,15.33,1.3088,0.055710
stec8|DF102,300900.0,-4.03,-0.1747,0.011290
stec8|DF102,300900.0,-2.97,-0.0508,0.010400
stec8|DF102,300900.0,-1.93,0.0591,0.009330
stec8|DF102,300900.0,-0.91,0.1522,0.007900
stec8|DF102,300900.0,0.12,0.3038,0.007770
stec8|DF102,300900.0,1.12,0.4783,0.007900
stec8|DF102,300900.0,2.16,0.5691,0.008230
stec8|DF102,300900.0,3.18,0.6545,0.008950
stec8|DF102,300900.0,4.21,0.7225,0.011110
stec8|DF102,300900.0,5.24,0.8028,0.012940
stec8|DF102,300900.0,6.24,0.8867,0.014490
stec8|DF102,300900.0,7.27,0.9740,0.016150
stec8|DF102,300900.0,8.28,1.0580,0.018340
stec8|DF102,300900.0,9.31,1.1440,0.020470
stec8|DF102,300900.0,10.31,1.2214,0.022570
stec8|DF102,300900.0,11.34,1.2766,0.024410
stec8|DF102,300900.0,12.34,1.3217,0.026690
stec8|DF102,300900.0,13.35,1.3697,0.029460
stec8|DF102,300900.0,14.35,1.3680,0.037740
stec8|E193,60200.0,-3.95,-0.3484,0.043280
stec8|E193,60200.0,-2.93,-0.1901,0.031470
stec8|E193,60200.0,-1.90,-0.0474,0.025710
stec8|E193,60200.0,-0.87,0.1146,0.024910
stec8|E193,60200.0,0.16,0.2363,0.027280
stec8|E193,60200.0,1.19,0.3341,0.030200
stec8|E193,60200.0,2.20,0.4300,0.033490
stec8|E193,60200.0,3.21,0.5316,0.036990
stec8|E193,60200.0,4.23,0.6004,0.041520
stec8|E193,60200.0,5.25,0.6940,0.045400
stec8|E193,60200.0,6.29,0.7917,0.048550
stec8|E193,60200.0,7.30,0.9914,0.041690
stec8|E193,60200.0,8.33,1.1672,0.029670
stec8|E193,60200.0,9.33,1.1680,0.032330
stec8|E193,60200.0,10.34,1.1690,0.042320
stec8|E193,60200.0,11.33,1.2539,0.055840
stec8|E193,60200.0,12.34,1.2556,0.072050
stec8|E193,60200.0,13.32,1.1775,0.088680
stec8|E193,97500.0,-3.95,-0.1311,0.026230
stec8|E193,97500.0,-2.91,0.0203,0.019370
stec8|E193,97500.0,-1.88,0.2293,0.015200
stec8|E193,97500.0,-0.87,0.3287,0.015720
stec8|E193,97500.0,0.14,0.4251,0.016650
stec8|E193,97500.0,1.19,0.5275,0.017840
stec8|E193,97500.0,2.20,0.6251,0.019250
stec8|E193,97500.0,3.21,0.7188,0.020990
stec8|E193,97500.0,4.23,0.8138,0.022590
stec8|E193,97500.0,5.26,0.9174,0.023300
stec8|E193,97500.0,6.28,1.0251,0.022720
stec8|E193,97500.0,7.30,1.1262,0.021230
stec8|E193,97500.0,8.33,1.1898,0.020940
stec8|E193,97500.0,9.32,1.1653,0.027460
stec8|E193,97500.0,10.34,1.1506,0.036830
stec8|E193,97500.0,11.34,1.2275,0.046160
stec8|E193,97500.0,12.34,1.2535,0.059530
stec8|E193,204200.0,-3.94,-0.0324,0.015560
stec8|E193,204200.0,-2.95,0.0654,0.012110
stec8|E193,204200.0,-1.89,0.1650,0.010190
stec8|E193,204200.0,-0.88,0.3368,0.009510
stec8|E193,204200.0,0.15,0.4354,0.009980
stec8|E193,204200.0,1.18,0.5375,0.010570
stec8|E193,204200.0,2.19,0.6398,0.011230
stec8|E193,204200.0,3.22,0.7455,0.011930
stec8|E193,204200.0,4.24,0.8496,0.012480
stec8|E193,204200.0,5.26,0.9527,0.012880
stec8|E193,204200.0,6.28,1.0514,0.013150
stec8|E193,204200.0,7.31,1.1399,0.013740
stec8|E193,204200.0,8.31,1.1767,0.017600
stec8|E193,204200.0,9.31,1.1859,0.022860
stec8|E193,204200.0,10.33,1.1759,0.030640
stec8|E193,204200.0,11.34,1.1949,0.038760
stec8|E193,204200.0,12.33,1.2429,0.046830
stec8|E193,303100.0,-2.92,0.0628,0.010700
stec8|E193,303100.0,-1.89,0.1667,0.009140
stec8|E193,303100.0,-0.88,0.2949,0.007960
stec8|E193,303100.0,0.15,0.4335,0.008230
stec8|E193,303100.0,1.16,0.5348,0.008660
stec8|E193,303100.0,2.19,0.6395,0.009120
stec8|E193,303100.0,3.20,0.7433,0.009600
stec8|E193,303100.0,4.24,0.8501,0.010030
stec8|E193,303100.0,5.25,0.9520,0.010420
stec8|E205A,59800.0,-3.96,-0.3870,0.036780
stec8|E205A,59800.0,-2.92,-0.2030,0.027170
stec8|E205A,59800.0,-1.90,0.0538,0.020830
stec8|E205A,59800.0,-0.85,0.2150,0.021720
stec8|E205A,59800.0,0.16,0.3358,0.023070
stec8|E205A,59800.0,1.17,0.4312,0.025210
stec8|E205A,59800.0,2.18,0.5264,0.027610
stec8|E205A,59800.0,3.21,0.5937,0.031610
stec8|E205A,59800.0,4.22,0.6592,0.036030
stec8|E205A,59800.0,5.24,0.7292,0.040420
stec8|E205A,59800.0,6.25,0.8283,0.042370
stec8|E205A,59800.0,7.28,0.9647,0.039430
stec8|E205A,59800.0,8.29,1.0905,0.033530
stec8|E205A,59800.0,9.31,1.1541,0.031140
stec8|E205A,59800.0,10.32,1.1708,0.039270
stec8|E205A,59800.0,11.32,1.1959,0.049840
stec8|E205A,99500.0,-3.93,-0.1861,0.023100
stec8|E205A,99500.0,-2.92,-0.0358,0.016570
stec8|E205A,99500.0,-1.88,0.2126,0.013490
stec8|E205A,99500.0,-0.86,0.2980,0.013890
stec8|E205A,99500.0,0.16,0.3881,0.014750
stec8|E205A,99500.0,1.18,0.4813,0.015870
stec8|E205A,99500.0,2.20,0.5763,0.017200
stec8|E205A,99500.0,3.21,0.6688,0.018790
stec8|E205A,99500.0,4.23,0.7644,0.020290
stec8|E205A,99500.0,5.25,0.8584,0.021640
stec8|E205A,99500.0,6.27,0.9564,0.022120
stec8|E205A,99500.0,7.29,1.0541,0.021610
stec8|E205A,99500.0,8.32,1.1327,0.021070
stec8|E205A,99500.0,9.32,1.1529,0.025100
stec8|E205A,99500.0,10.33,1.1388,0.032100
stec8|E205A,99500.0,11.32,1.1359,0.041280
stec8|E205A,150600.0,-1.90,0.1096,0.010760
stec8|E205A,150600.0,-0.86,0.2864,0.011080
stec8|E205A,150600.0,0.15,0.3795,0.011590
stec8|E205A,150600.0,1.16,0.4755,0.012280
stec8|E205A,150600.0,3.22,0.6758,0.014060
stec8|E205A,150600.0,5.25,0.8726,0.015700
stec8|E205A,150600.0,7.30,1.0622,0.016320
stec8|E205A,150600.0,8.31,1.1361,0.017260
stec8|E205A,150600.0,9.33,1.1590,0.022210
stec8|E205A,150600.0,10.33,1.1552,0.028110
stec8|E205A,150600.0,11.32,1.1367,0.037720
stec8|E205A,202100.0,-4.98,-0.2523,0.022030
stec8|E205A,202100.0,-3.94,-0.1246,0.015260
stec8|E205A,202100.0,-2.92,-0.0288,0.012110
stec8|E205A,202100.0,-1.89,0.0573,0.009730
stec8|E205A,202100.0,-0.90,0.2789,0.009710
stec8|E205A,202100.0,0.15,0.3763,0.010040
stec8|E205A,202100.0,1.16,0.4738,0.010540
stec8|E205A,202100.0,2.19,0.5748,0.011170
stec8|E205A,202100.0,3.20,0.6746,0.011870
stec8|E205A,202100.0,4.24,0.7771,0.012540
stec8|E205A,202100.0,5.26,0.8762,0.013110
stec8|E205A,202100.0,6.27,0.9717,0.013560
stec8|E205A,202100.0,7.30,1.0634,0.014060
stec8|E205A,202100.0,8.30,1.1348,0.015740
stec8|E205A,202100.0,9.31,1.1661,0.020490
stec8|E205A,202100.0,10.32,1.1684,0.025960
stec8|E205A,202100.0,11.34,1.1540,0.034950
stec8|E205A,202100.0,12.31,1.1593,0.044270
stec8|E205A,301800.0,-0.88,0.2207,0.008240
stec8|E205A,301800.0,0.14,0.3744,0.008480
stec8|E205A,301800.0,1.16,0.4733,0.008810
stec8|E205A,301800.0,2.19,0.5750,0.009230
stec8|E205A,301800.0,3.21,0.6763,0.009710
stec8|E205A,301800.0,4.22,0.7760,0.010190
stec8|E205A,301800.0,5.25,0.8764,0.010660
stec8|E205A,301800.0,6.27,0.9735,0.011180
stec8|E205A,301800.0,7.28,1.0640,0.012000
stec8|E205A,301800.0,8.31,1.1286,0.014980
stec8|E205B,63600.0,-3.94,-0.3518,0.034300
stec8|E205B,63600.0,-2.92,-0.1752,0.025820
stec8|E205B,63600.0,-1.88,0.0946,0.019830
stec8|E205B,63600.0,-0.84,0.2549,0.020250
stec8|E205B,63600.0,0.16,0.3616,0.021530
stec8|E205B,63600.0,1.18,0.4607,0.023270
stec8|E205B,63600.0,2.21,0.5412,0.026050
stec8|E205B,63600.0,3.22,0.6150,0.029480
stec8|E205B,63600.0,4.24,0.7059,0.032300
stec8|E205B,63600.0,5.26,0.7854,0.035610
stec8|E205B,63600.0,6.28,0.8560,0.038980
stec8|E205B,63600.0,7.29,0.9763,0.036780
stec8|E205B,63600.0,8.32,1.1090,0.030450
stec8|E205B,63600.0,9.32,1.1529,0.030170
stec8|E205B,63600.0,10.33,1.1629,0.038220
stec8|E205B,105200.0,-5.99,-0.4353,0.061590
stec8|E205B,105200.0,-3.91,-0.1673,0.021870
stec8|E205B,105200.0,-2.89,-0.0244,0.015650
stec8|E205B,105200.0,-1.87,0.2135,0.013010
stec8|E205B,105200.0,-0.85,0.2970,0.013420
stec8|E205B,105200.0,0.17,0.3877,0.014240
stec8|E205B,105200.0,1.19,0.4815,0.015310
stec8|E205B,105200.0,2.22,0.5780,0.016560
stec8|E205B,105200.0,3.23,0.6736,0.017920
stec8|E205B,105200.0,4.25,0.7679,0.019460
stec8|E205B,105200.0,5.28,0.8673,0.020450
stec8|E205B,105200.0,6.28,0.9621,0.021000
stec8|E205B,105200.0,7.31,1.0563,0.020770
stec8|E205B,105200.0,8.31,1.1325,0.020430
stec8|E205B,105200.0,9.31,1.1531,0.024600
stec8|E205B,151100.0,-6.00,-0.4231,0.052720
stec8|E205B,151100.0,-4.94,-0.2725,0.033900
stec8|E205B,151100.0,-3.92,-0.1232,0.017430
stec8|E205B,151100.0,-2.89,-0.0200,0.013160
stec8|E205B,151100.0,-1.88,0.1144,0.010760
stec8|E205B,151100.0,-0.87,0.2854,0.011060
stec8|E205B,151100.0,0.15,0.3795,0.011570
stec8|E205B,151100.0,1.19,0.4784,0.012280
stec8|E205B,151100.0,2.21,0.5773,0.013110
stec8|E205B,151100.0,3.22,0.6759,0.014030
stec8|E205B,151100.0,4.24,0.7756,0.014930
stec8|E205B,151100.0,5.27,0.8745,0.015680
stec8|E205B,151100.0,6.30,0.9725,0.016110
stec8|E205B,151100.0,7.30,1.0622,0.016290
stec8|E205B,151100.0,8.33,1.1373,0.017290
stec8|E205B,151100.0,9.33,1.1590,0.022190
stec8|E205B,151100.0,10.32,1.1555,0.028000
stec8|E205B,206600.0,-4.95,-0.2474,0.021340
stec8|E205B,206600.0,-3.91,-0.1215,0.015130
stec8|E205B,206600.0,-2.91,-0.0283,0.012010
stec8|E205B,206600.0,-1.88,0.0585,0.009680
stec8|E205B,206600.0,-0.87,0.2814,0.009640
stec8|E205B,206600.0,0.15,0.3762,0.009940
stec8|E205B,206600.0,1.19,0.4767,0.010450
stec8|E205B,206600.0,2.20,0.5759,0.011050
stec8|E205B,206600.0,3.24,0.6787,0.011750
stec8|E205B,206600.0,4.24,0.7773,0.012390
stec8|E205B,206600.0,5.28,0.8780,0.012960
stec8|E205B,206600.0,6.28,0.9726,0.013400
stec8|E205B,206600.0,7.31,1.0643,0.013930
stec8|E205B,206600.0,8.32,1.1351,0.015750
stec8|E205B,206600.0,9.32,1.1670,0.020420
stec8|E205B,206600.0,10.32,1.1692,0.025830
stec8|E205B,206600.0,11.31,1.1562,0.034390
stec8|E205B,304300.0,-4.95,-0.2337,0.017720
stec8|E205B,304300.0,-3.95,-0.1360,0.013280
stec8|E205B,304300.0,-2.92,-0.0350,0.011250
stec8|E205B,304300.0,-1.90,0.0633,0.009370
stec8|E205B,304300.0,-0.86,0.2235,0.008230
stec8|E205B,304300.0,0.16,0.3763,0.008450
stec8|E205B,304300.0,1.19,0.4762,0.008790
stec8|E205B,304300.0,2.20,0.5761,0.009200
stec8|E205B,304300.0,3.24,0.6793,0.009690
stec8|E205B,304300.0,4.24,0.7781,0.010180
stec8|E205B,304300.0,5.28,0.8794,0.010630
stec8|E205B,304300.0,6.28,0.9744,0.011150
stec8|E205B,304300.0,7.30,1.0656,0.012000
stec8|E205B,304300.0,9.33,1.1794,0.018710
stec8|E205B,304300.0,10.32,1.1867,0.023610
stec8|E205B,304300.0,11.31,1.1895,0.030250
stec8|E205B,304300.0,12.30,1.1809,0.040240
stec8|E214A,101600.0,-7.00,-0.4131,0.092940
stec8|E214A,101600.0,-5.99,-0.4664,0.080610
stec8|E214A,101600.0,-4.97,-0.4115,0.066270
stec8|E214A,101600.0,-3.95,-0.2037,0.033190
stec8|E214A,101600.0,-2.91,-0.0415,0.026110
stec8|E214A,101600.0,-1.88,0.1035,0.021800
stec8|E214A,101600.0,-0.86,0.2156,0.021770
stec8|E214A,101600.0,0.17,0.3556,0.021150
stec8|E214A,101600.0,1.20,0.5270,0.020710
stec8|E214A,101600.0,2.23,0.6941,0.019810
stec8|E214A,101600.0,3.25,0.8520,0.018870
stec8|E214A,101600.0,4.26,0.9819,0.018840
stec8|E214A,101600.0,5.28,1.0998,0.019200
stec8|E214A,101600.0,6.30,1.2008,0.019790
stec8|E214A,101600.0,9.35,1.3381,0.026870
stec8|E214A,101600.0,10.35,1.3393,0.034270
stec8|E214A,101600.0,11.37,1.3511,0.042910
stec8|E214A,101600.0,12.37,1.3749,0.053630
stec8|E214A,146700.0,-4.95,-0.2668,0.048220
stec8|E214A,146700.0,-3.39,0.0009,0.021740
stec8|E214A,146700.0,-1.86,0.2130,0.016730
stec8|E214A,146700.0,-0.34,0.4228,0.015010
stec8|E214A,146700.0,1.20,0.6415,0.013180
stec8|E214A,146700.0,2.75,0.8480,0.013290
stec8|E214A,146700.0,4.27,1.0199,0.014250
stec8|E214A,146700.0,5.79,1.1662,0.015510
stec8|E214A,146700.0,7.33,1.2876,0.017260
stec8|E214A,146700.0,8.86,1.3404,0.021690
stec8|E214A,146700.0,10.37,1.3495,0.031090
stec8|E214A,146700.0,11.86,1.3553,0.044070
stec8|E214A,146700.0,13.36,1.2921,0.065990
stec8|E214A,201800.0,-7.00,-0.3916,0.083570
stec8|E214A,201800.0,-6.02,-0.3076,0.055870
stec8|E214A,201800.0,-4.99,-0.1730,0.033050
stec8|E214A,201800.0,-3.94,-0.0150,0.019900
stec8|E214A,201800.0,-2.88,0.1440,0.015100
stec8|E214A,201800.0,-1.89,0.2952,0.012550
stec8|E214A,201800.0,-0.84,0.4401,0.011650
stec8|E214A,201800.0,0.16,0.5667,0.010900
stec8|E214A,201800.0,1.16,0.6657,0.010420
stec8|E214A,201800.0,2.13,0.7952,0.010510
stec8|E214A,201800.0,3.24,0.9186,0.011230
stec8|E214A,201800.0,4.23,1.0217,0.011990
stec8|E214A,201800.0,5.29,1.1238,0.012860
stec8|E214A,201800.0,6.30,1.2122,0.013870
stec8|E214A,201800.0,7.30,1.2845,0.015370
stec8|E214A,201800.0,8.34,1.3308,0.018090
stec8|E214A,201800.0,9.36,1.3534,0.022650
stec8|E214A,201800.0,10.36,1.3716,0.028320
stec8|E214A,201800.0,11.37,1.3787,0.036000
stec8|E214A,201800.0,12.38,1.3739,0.046640
stec8|E214A,299000.0,-3.90,0.0671,0.014230
stec8|E214A,299000.0,-2.89,0.2207,0.010870
stec8|E214A,299000.0,-1.86,0.3634,0.009140
stec8|E214A,299000.0,-0.84,0.4932,0.008750
stec8|E214A,299000.0,0.19,0.6073,0.008660
stec8|E214A,299000.0,1.19,0.7116,0.008750
stec8|E214A,299000.0,2.23,0.8131,0.008750
stec8|E214A,299000.0,3.25,0.9244,0.009410
stec8|E214A,299000.0,4.26,1.0272,0.010140
stec8|E214A,299000.0,5.28,1.1244,0.010980
stec8|E214A,299000.0,6.30,1.2133,0.012100
stec8|E214A,299000.0,7.28,1.2830,0.013820
stec8|E214A,299000.0,8.31,1.3328,0.016730
stec8|E214A,299000.0,9.32,1.3684,0.020800
stec8|E214B,59800.0,-5.98,-0.4225,0.090940
stec8|E214B,59800.0,-3.94,-0.3822,0.056400
stec8|E214B,59800.0,-2.90,-0.1965,0.033070
stec8|E214B,59800.0,-1.87,-0.1022,0.029100
stec8|E214B,59800.0,-0.86,-0.0220,0.027110
stec8|E214B,59800.0,0.16,0.1687,0.029970
stec8|E214B,59800.0,1.19,0.3252,0.032950
stec8|E214B,59800.0,2.22,0.4548,0.035730
stec8|E214B,59800.0,3.23,0.5763,0.038450
stec8|E214B,59800.0,4.27,0.7048,0.040820
stec8|E214B,59800.0,5.30,0.8544,0.041130
stec8|E214B,59800.0,6.33,1.0040,0.039550
stec8|E214B,59800.0,7.35,1.2142,0.032660
stec8|E214B,59800.0,8.37,1.3243,0.030410
stec8|E214B,59800.0,9.38,1.3471,0.033510
stec8|E214B,59800.0,10.39,1.3652,0.041430
stec8|E214B,59800.0,11.38,1.4066,0.052050
stec8|E214B,99300.0,-5.97,-0.4278,0.083280
stec8|E214B,99300.0,-4.95,-0.4204,0.067580
stec8|E214B,99300.0,-3.93,-0.2104,0.033480
stec8|E214B,99300.0,-2.89,-0.0476,0.026470
stec8|E214B,99300.0,-1.86,0.0970,0.022110
stec8|E214B,99300.0,-0.84,0.2062,0.022140
stec8|E214B,99300.0,0.19,0.3533,0.021590
stec8|E214B,99300.0,2.25,0.6876,0.020440
stec8|E214B,99300.0,3.28,0.8487,0.019430
stec8|E214B,99300.0,4.30,0.9836,0.019250
stec8|E214B,99300.0,5.32,1.1022,0.019560
stec8|E214B,99300.0,6.33,1.2016,0.020140
stec8|E214B,99300.0,7.35,1.2859,0.020870
stec8|E214B,99300.0,8.37,1.3344,0.022680
stec8|E214B,99300.0,9.38,1.3378,0.027250
stec8|E214B,99300.0,10.39,1.3399,0.034800
stec8|E214B,99300.0,11.39,1.3524,0.043360
stec8|E214B,202600.0,-5.96,-0.2989,0.054440
stec8|E214B,202600.0,-5.01,-0.1439,0.022070
stec8|E214B,202600.0,-3.90,-0.0084,0.019670
stec8|E214B,202600.0,-1.86,0.3010,0.012470
stec8|E214B,202600.0,-0.84,0.4409,0.011610
stec8|E214B,202600.0,0.19,0.5719,0.010840
stec8|E214B,202600.0,1.20,0.6715,0.010370
stec8|E214B,202600.0,2.24,0.8064,0.010560
stec8|E214B,202600.0,3.26,0.9212,0.011220
stec8|E214B,202600.0,4.27,1.0254,0.011990
stec8|E214B,202600.0,5.29,1.1238,0.012830
stec8|E214B,202600.0,6.32,1.2138,0.013870
stec8|E214B,202600.0,7.34,1.2872,0.015410
stec8|E214B,202600.0,8.35,1.3311,0.018110
stec8|E214B,202600.0,9.36,1.3536,0.022630
stec8|E214B,202600.0,10.36,1.3718,0.028300
stec8|E214B,202600.0,11.37,1.3785,0.036010
stec8|E214B,301800.0,-5.94,-0.2159,0.038700
stec8|E214B,301800.0,-4.89,-0.0712,0.018560
stec8|E214B,301800.0,-3.87,0.0735,0.014030
stec8|E214B,301800.0,-2.85,0.2285,0.010670
stec8|E214B,301800.0,-1.82,0.3694,0.009050
stec8|E214B,301800.0,-0.80,0.4965,0.008710
stec8|E214B,301800.0,0.21,0.6099,0.008620
stec8|E214B,301800.0,1.23,0.7166,0.008730
stec8|E214B,301800.0,2.24,0.8141,0.008720
stec8|E214C F0,59700.0,-3.92,-0.3114,0.042810
stec8|E214C F0,59700.0,-2.91,-0.1976,0.033150
stec8|E214C F0,59700.0,-1.89,-0.1041,0.029150
stec8|E214C F0,59700.0,-0.87,-0.0237,0.027130
stec8|E214C F0,59700.0,0.16,0.1673,0.029970
stec8|E214C F0,59700.0,1.19,0.3237,0.032980
stec8|E214C F0,59700.0,2.20,0.4576,0.035650
stec8|E214C F0,59700.0,3.23,0.5758,0.038490
stec8|E214C F0,59700.0,4.27,0.7035,0.040910
stec8|E214C F0,59700.0,5.29,0.8494,0.041370
stec8|E214C F0,59700.0,6.30,0.9903,0.040240
stec8|E214C F0,59700.0,7.33,1.2056,0.033110
stec8|E214C F0,59700.0,8.35,1.3249,0.030350
stec8|E214C F0,59700.0,9.36,1.3467,0.033450
stec8|E214C F0,59700.0,10.36,1.3665,0.041200
stec8|E214C F0,59700.0,11.37,1.4073,0.051990
stec8|E214C F0,59700.0,12.37,1.4064,0.064960
stec8|E214C F0,59700.0,13.36,1.3628,0.081560
stec8|E214C F0,59700.0,14.35,1.2698,0.104940
stec8|E214C F0,100600.0,-3.93,-0.2044,0.033330
stec8|E214C F0,100600.0,-2.89,-0.0421,0.026230
stec8|E214C F0,100600.0,-1.86,0.1024,0.021950
stec8|E214C F0,100600.0,-0.84,0.2134,0.021920
stec8|E214C F0,100600.0,0.18,0.3547,0.021340
stec8|E214C F0,100600.0,1.22,0.5260,0.020970
stec8|E214C F0,100600.0,2.23,0.6900,0.020090
stec8|E214C F0,100600.0,3.24,0.8460,0.019160
stec8|E214C F0,100600.0,4.28,0.9825,0.019030
stec8|E214C F0,100600.0,5.30,1.1007,0.019370
stec8|E214C F0,100600.0,6.31,1.2007,0.019940
stec8|E214C F0,100600.0,7.34,1.2859,0.020700
stec8|E214C F0,100600.0,8.35,1.3340,0.022500
stec8|E214C F0,100600.0,9.36,1.3380,0.027020
stec8|E214C F0,100600.0,10.38,1.3397,0.034590
stec8|E214C F0,100600.0,11.37,1.3517,0.043020
stec8|E214C F0,100600.0,12.36,1.3768,0.053680
stec8|E214C F0,100600.0,13.36,1.3978,0.067200
stec8|E214C F0,100600.0,14.37,1.3484,0.086680
stec8|E214C F0,151300.0,-3.92,-0.0783,0.024150
stec8|E214C F0,151300.0,-2.90,0.0790,0.019390
stec8|E214C F0,151300.0,-1.88,0.2193,0.016300
stec8|E214C F0,151300.0,-0.85,0.3713,0.015140
stec8|E214C F0,151300.0,0.19,0.4970,0.013830
stec8|E214C F0,151300.0,1.21,0.6454,0.012830
stec8|E214C F0,151300.0,2.23,0.7870,0.012810
stec8|E214C F0,151300.0,3.26,0.9091,0.013280
stec8|E214C F0,151300.0,4.28,1.0197,0.014020
stec8|E214C F0,151300.0,5.31,1.1220,0.014840
stec8|E214C F0,151300.0,6.32,1.2126,0.015750
stec8|E214C F0,151300.0,7.33,1.2875,0.017040
stec8|E214C F0,151300.0,8.36,1.3331,0.019510
stec8|E214C F0,151300.0,9.36,1.3443,0.024190
stec8|E214C F0,151300.0,10.37,1.3503,0.030870
stec8|E214C F0,201700.0,-4.99,-0.1597,0.027190
stec8|E214C F0,201700.0,-4.01,-0.0244,0.020190
stec8|E214C F0,201700.0,-2.97,0.1287,0.015730
stec8|E214C F0,201700.0,-1.91,0.2917,0.012580
stec8|E214C F0,201700.0,-0.91,0.4307,0.011720
stec8|E214C F0,201700.0,0.12,0.5611,0.010950
stec8|E214C F0,201700.0,1.17,0.6668,0.010420
stec8|E214C F0,201700.0,2.17,0.7992,0.010540
stec8|E214C F0,201700.0,3.21,0.9152,0.011220
stec8|E214C F0,201700.0,4.26,1.0245,0.012010
stec8|E214C F0,201700.0,5.28,1.1229,0.012850
stec8|E214C F0,201700.0,6.30,1.2122,0.013870
stec8|E214C F0,201700.0,7.32,1.2859,0.015400
stec8|E214C F0,201700.0,8.35,1.3311,0.018130
stec8|E214C F0,201700.0,9.36,1.3534,0.022650
stec8|E214C F0,201700.0,10.37,1.3714,0.028410
stec8|E214C F0,302800.0,-4.93,-0.0768,0.018740
stec8|E214C F0,302800.0,-3.89,0.0709,0.014070
stec8|E214C F0,302800.0,-2.86,0.2274,0.010680
stec8|E214C F0,302800.0,-1.84,0.3673,0.009040
stec8|E214C F0,302800.0,-0.82,0.4949,0.008700
stec8|E214C F0,302800.0,0.21,0.6101,0.008610
stec8|E214C F0,302800.0,1.23,0.7169,0.008720
stec8|E214C F0,302800.0,2.24,0.8141,0.008710
stec8|E214C F0,302800.0,3.27,0.9266,0.009370
stec8|E214C F0,302800.0,4.27,1.0281,0.010090
stec8|E214C F0,302800.0,5.28,1.1244,0.010930
stec8|E214C F0,302800.0,6.31,1.2141,0.012070
stec8|E214C F0,302800.0,7.30,1.2843,0.013830
stec8|E214C F0,302800.0,8.27,1.3313,0.016570
stec8|E214C F0,302800.0,9.27,1.3672,0.020540
stec8|E374A,58900.0,-4.97,-0.5279,0.040680
stec8|E374A,58900.0,-3.94,-0.4667,0.031550
stec8|E374A,58900.0,-2.95,-0.3899,0.025540
stec8|E374A,58900.0,-1.92,-0.1807,0.022010
stec8|E374A,58900.0,-0.89,-0.0325,0.024010
stec8|E374A,58900.0,0.13,0.0911,0.026150
stec8|E374A,58900.0,1.16,0.1959,0.028600
stec8|E374A,58900.0,2.17,0.2935,0.031430
stec8|E374A,58900.0,3.20,0.3920,0.034590
stec8|E374A,58900.0,4.24,0.4833,0.037970
stec8|E374A,58900.0,5.25,0.6000,0.040250
stec8|E374A,58900.0,6.28,0.7784,0.037290
stec8|E374A,58900.0,7.29,0.9447,0.027500
stec8|E374A,58900.0,8.31,0.9417,0.028700
stec8|E374A,58900.0,9.30,1.0123,0.039410
stec8|E374A,58900.0,10.31,1.0850,0.053380
stec8|E374A,58900.0,11.31,1.0541,0.067700
stec8|E374A,97800.0,-4.98,-0.4770,0.031610
stec8|E374A,97800.0,-3.94,-0.3234,0.023050
stec8|E374A,97800.0,-2.94,-0.2106,0.016530
stec8|E374A,97800.0,-1.90,0.1679,0.017180
stec8|E374A,97800.0,-0.86,0.3083,0.016550
stec8|E374A,97800.0,0.17,0.4069,0.016820
stec8|E374A,97800.0,1.18,0.4866,0.017660
stec8|E374A,97800.0,2.19,0.5619,0.018910
stec8|E374A,97800.0,3.21,0.6433,0.019990
stec8|E374A,97800.0,4.24,0.7291,0.020680
stec8|E374A,97800.0,5.25,0.8173,0.020590
stec8|E374A,97800.0,6.27,0.9110,0.019190
stec8|E374A,97800.0,7.30,0.9687,0.018350
stec8|E374A,97800.0,8.31,0.9434,0.025240
stec8|E374A,97800.0,9.31,0.9916,0.032850
stec8|E374A,151800.0,-6.01,-0.4903,0.035970
stec8|E374A,151800.0,-4.97,-0.3508,0.022720
stec8|E374A,151800.0,-3.94,-0.2063,0.015880
stec8|E374A,151800.0,-2.92,-0.1120,0.011640
stec8|E374A,151800.0,-1.92,0.0885,0.012830
stec8|E374A,151800.0,-0.88,0.3225,0.012550
stec8|E374A,151800.0,0.14,0.4154,0.012550
stec8|E374A,151800.0,1.16,0.4984,0.012890
stec8|E374A,151800.0,2.20,0.5857,0.013350
stec8|E374A,151800.0,3.20,0.6691,0.013840
stec8|E374A,151800.0,4.22,0.7571,0.014140
stec8|E374A,151800.0,5.26,0.8460,0.014210
stec8|E374A,151800.0,6.28,0.9251,0.014020
stec8|E374A,151800.0,7.28,0.9618,0.016250
stec8|E374A,151800.0,8.29,0.9504,0.022620
stec8|E374A,151800.0,9.31,0.9754,0.028740
stec8|E374A,151800.0,10.30,1.0635,0.037170
stec8|E374A,151800.0,11.31,1.0886,0.046460
stec8|E374A,151800.0,12.31,1.0388,0.060820
stec8|E374A,151800.0,13.30,0.9523,0.080850
stec8|E374A,300400.0,-6.01,-0.4115,0.021140
stec8|E374A,300400.0,-4.98,-0.2843,0.014590
stec8|E374A,300400.0,-3.99,-0.1919,0.011660
stec8|E374A,300400.0,-2.95,-0.1042,0.009260
stec8|E374A,300400.0,-2.00,-0.0259,0.008010
stec8|E374A,300400.0,-0.94,0.1180,0.008660
stec8|E374A,300400.0,0.10,0.2946,0.009340
stec8|E374A,300400.0,1.14,0.4693,0.009510
stec8|E374A,300400.0,2.17,0.5910,0.009370
stec8|E374A,300400.0,3.20,0.6797,0.009440
stec8|E374A,300400.0,4.24,0.7687,0.009580
stec8|E374A,300400.0,5.26,0.8528,0.009830
stec8|E374A,300400.0,6.27,0.9186,0.011130
stec8|E374A,300400.0,7.28,0.9565,0.014710
stec8|E374B,59200.0,-4.98,-0.5285,0.040750
stec8|E374B,59200.0,-3.96,-0.4684,0.031600
stec8|E374B,59200.0,-2.94,-0.3894,0.025470
stec8|E374B,59200.0,-1.92,-0.1761,0.022040
stec8|E374B,59200.0,-0.90,-0.0297,0.023970
stec8|E374B,59200.0,0.13,0.0924,0.026080
stec8|E374B,59200.0,1.15,0.1993,0.028500
stec8|E374B,59200.0,2.18,0.2929,0.031390
stec8|E374B,59200.0,3.19,0.3964,0.034430
stec8|E374B,59200.0,4.21,0.4845,0.037710
stec8|E374B,59200.0,5.25,0.5953,0.040270
stec8|E374B,59200.0,6.27,0.7820,0.036900
stec8|E374B,59200.0,7.29,0.9452,0.027340
stec8|E374B,59200.0,8.30,0.9418,0.028570
stec8|E374B,59200.0,9.30,1.0122,0.039330
stec8|E374B,59200.0,10.30,1.0845,0.053100
stec8|E374B,97300.0,-3.95,-0.3278,0.023220
stec8|E374B,97300.0,-2.93,-0.2112,0.016590
stec8|E374B,97300.0,-1.89,0.1671,0.017250
stec8|E374B,97300.0,-0.87,0.3061,0.016620
stec8|E374B,97300.0,0.14,0.4079,0.016760
stec8|E374B,97300.0,1.17,0.4845,0.017760
stec8|E374B,97300.0,2.18,0.5620,0.018940
stec8|E374B,97300.0,3.21,0.6420,0.020120
stec8|E374B,97300.0,4.23,0.7265,0.020830
stec8|E374B,97300.0,5.24,0.8160,0.020690
stec8|E374B,97300.0,6.27,0.9105,0.019290
stec8|E374B,97300.0,7.30,0.9687,0.018390
stec8|E374B,97300.0,8.30,0.9431,0.025220
stec8|E374B,97300.0,9.30,0.9906,0.032820
stec8|E374B,97300.0,10.32,1.0828,0.043340
stec8|E374B,151000.0,-4.98,-0.3534,0.022920
stec8|E374B,151000.0,-3.93,-0.2061,0.015880
stec8|E374B,151000.0,-2.91,-0.1111,0.011690
stec8|E374B,151000.0,-1.90,0.0967,0.012890
stec8|E374B,151000.0,-0.87,0.3269,0.012550
stec8|E374B,151000.0,0.16,0.4171,0.012590
stec8|E374B,151000.0,1.17,0.4992,0.012930
stec8|E374B,151000.0,2.20,0.5855,0.013400
stec8|E374B,151000.0,3.21,0.6698,0.013900
stec8|E374B,151000.0,4.24,0.7584,0.014210
stec8|E374B,151000.0,5.26,0.8457,0.014270
stec8|E374B,151000.0,6.27,0.9243,0.014060
stec8|E374B,151000.0,7.29,0.9620,0.016310
stec8|E374B,151000.0,8.30,0.9503,0.022700
stec8|E374B,151000.0,9.31,0.9745,0.028640
stec8|E374B,151000.0,10.31,1.0635,0.037280
stec8|E374B,151000.0,11.31,1.0877,0.046630
stec8|E374B,151000.0,12.31,1.0378,0.060990
stec8|E374B,201600.0,-6.00,-0.4450,0.028320
stec8|E374B,201600.0,-4.97,-0.3038,0.017850
stec8|E374B,201600.0,-3.94,-0.1817,0.013270
stec8|E374B,201600.0,-2.94,-0.1104,0.009970
stec8|E374B,201600.0,-1.90,0.0200,0.010310
stec8|E374B,201600.0,-0.88,0.2228,0.011260
stec8|E374B,201600.0,0.15,0.4160,0.010970
stec8|E374B,201600.0,1.17,0.5012,0.011100
stec8|E374B,201600.0,2.19,0.5886,0.011330
stec8|E374B,201600.0,3.21,0.6755,0.011570
stec8|E374B,201600.0,4.24,0.7642,0.011790
stec8|E374B,201600.0,5.25,0.8495,0.011930
stec8|E374B,201600.0,6.28,0.9248,0.012280
stec8|E374B,201600.0,7.28,0.9561,0.015580
stec8|E374B,201600.0,8.30,0.9615,0.021030
stec8|E374B,201600.0,9.30,0.9804,0.025760
stec8|E374B,201600.0,10.30,1.0316,0.031740
stec8|E374B,308600.0,-5.98,-0.4071,0.020450
stec8|E374B,308600.0,-4.96,-0.2821,0.014320
stec8|E374B,308600.0,-3.94,-0.1880,0.011480
stec8|E374B,308600.0,-2.93,-0.1026,0.009170
stec8|E374B,308600.0,-1.91,-0.0165,0.007930
stec8|E374B,308600.0,-0.88,0.1224,0.008550
stec8|E374B,308600.0,0.14,0.2951,0.009220
stec8|E374B,308600.0,1.17,0.4684,0.009390
stec8|E374B,308600.0,2.19,0.5931,0.009260
stec8|E374B,308600.0,3.21,0.6811,0.009350
stec8|E374B,308600.0,4.23,0.7683,0.009470
stec8|E374B,308600.0,5.26,0.8529,0.009720
stec8|E374B,308600.0,6.27,0.9180,0.011110
stec8|E374B,308600.0,7.28,0.9567,0.014660
stec8|E374B,308600.0,8.29,0.9793,0.018990
stec8|E374B,308600.0,9.30,0.9973,0.023100
stec8|E374B,308600.0,10.30,1.0346,0.027550
stec8|E374B,308600.0,11.31,1.0772,0.035560
stec8|E374B,308600.0,12.32,1.0914,0.044660
stec8|E374B,308600.0,13.12,1.0599,0.057260
stec8|E374B,308600.0,14.23,0.9986,0.076930
stec8|E387A,59700.0,-2.95,-0.1443,0.035120
stec8|E387A,59700.0,-1.91,0.0177,0.027520
stec8|E387A,59700.0,-0.89,0.1631,0.023280
stec8|E387A,59700.0,0.14,0.3019,0.025530
stec8|E387A,59700.0,1.17,0.4032,0.028440
stec8|E387A,59700.0,2.20,0.5181,0.031510
stec8|E387A,59700.0,3.23,0.5972,0.035660
stec8|E387A,59700.0,4.25,0.6863,0.039760
stec8|E387A,59700.0,5.27,0.8048,0.042440
stec8|E387A,59700.0,6.28,0.9345,0.042240
stec8|E387A,59700.0,7.31,1.0876,0.035520
stec8|E387A,59700.0,8.32,1.1939,0.027500
stec8|E387A,59700.0,9.35,1.1947,0.036650
stec8|E387A,59700.0,10.34,1.2022,0.048020
stec8|E387A,59700.0,11.34,1.2551,0.064490
stec8|E387A,99800.0,-3.95,-0.0706,0.030180
stec8|E387A,99800.0,-2.93,0.0809,0.020850
stec8|E387A,99800.0,-1.89,0.1841,0.014840
stec8|E387A,99800.0,-0.87,0.3298,0.014690
stec8|E387A,99800.0,0.16,0.4327,0.015800
stec8|E387A,99800.0,1.18,0.5375,0.016990
stec8|E387A,99800.0,2.20,0.6424,0.018330
stec8|E387A,99800.0,3.22,0.7429,0.020050
stec8|E387A,99800.0,4.24,0.8470,0.021220
stec8|E387A,99800.0,5.26,0.9514,0.021770
stec8|E387A,99800.0,6.28,1.0566,0.021220
stec8|E387A,99800.0,7.31,1.1543,0.019670
stec8|E387A,99800.0,8.33,1.1934,0.022810
stec8|E387A,99800.0,9.33,1.1726,0.031980
stec8|E387A,99800.0,10.34,1.1797,0.041580
stec8|E387A,99800.0,11.35,1.2493,0.053060
stec8|E387A,149600.0,-1.89,0.1949,0.012090
stec8|E387A,149600.0,0.16,0.4267,0.011750
stec8|E387A,149600.0,2.20,0.6436,0.013430
stec8|E387A,149600.0,3.23,0.7526,0.014360
stec8|E387A,149600.0,4.24,0.8593,0.015050
stec8|E387A,149600.0,6.29,1.0698,0.015430
stec8|E387A,149600.0,7.31,1.1530,0.015720
stec8|E387A,149600.0,8.33,1.1836,0.022060
stec8|E387A,149600.0,9.35,1.1840,0.029660
stec8|E387A,199800.0,-3.95,-0.0205,0.020930
stec8|E387A,199800.0,-2.93,0.0846,0.014320
stec8|E387A,199800.0,-1.88,0.1937,0.011170
stec8|E387A,199800.0,-0.87,0.3116,0.009400
stec8|E387A,199800.0,0.15,0.4204,0.009920
stec8|E387A,199800.0,1.18,0.5317,0.010530
stec8|E387A,199800.0,2.20,0.6422,0.011210
stec8|E387A,199800.0,3.22,0.7521,0.011890
stec8|E387A,199800.0,4.24,0.8609,0.012420
stec8|E387A,199800.0,5.26,0.9679,0.012780
stec8|E387A,199800.0,6.29,1.0698,0.012850
stec8|E387A,199800.0,7.31,1.1350,0.015990
stec8|E387A,199800.0,8.32,1.1749,0.021980
stec8|E387A,199800.0,9.34,1.1945,0.027830
stec8|E387A,199800.0,10.34,1.2067,0.035770
stec8|E387A,199800.0,11.34,1.2485,0.046060
stec8|E387A,303100.0,-3.91,-0.0340,0.022700
stec8|E387A,303100.0,-2.92,0.0768,0.012230
stec8|E387A,303100.0,-1.89,0.1882,0.010030
stec8|E387A,303100.0,-0.90,0.2945,0.007700
stec8|E387A,303100.0,0.14,0.4148,0.008050
stec8|E387A,303100.0,1.18,0.5285,0.008520
stec8|E387A,303100.0,2.21,0.6414,0.008990
stec8|E387A,303100.0,3.23,0.7525,0.009450
stec8|E387A,303100.0,4.25,0.8623,0.009860
stec8|E387A,303100.0,5.27,0.9703,0.010250
stec8|E387A,303100.0,6.29,1.0618,0.011430
stec8|E387A,303100.0,7.31,1.1257,0.016150
stec8|E387A,303100.0,8.32,1.1873,0.020310
stec8|E387A,303100.0,9.34,1.2184,0.025200
stec8|E387A,303100.0,10.33,1.2286,0.032250
stec8|E387A,303100.0,11.34,1.2577,0.040810
stec8|E387B,97000.0,-3.91,-0.0775,0.029930
stec8|E387B,97000.0,-2.90,0.0778,0.021330
stec8|E387B,97000.0,-1.86,0.2248,0.014380
stec8|E387B,97000.0,-0.85,0.3299,0.015120
stec8|E387B,97000.0,0.18,0.4345,0.016210
stec8|E387B,97000.0,1.20,0.5382,0.017510
stec8|E387B,97000.0,2.22,0.6422,0.018940
stec8|E387B,97000.0,3.24,0.7464,0.020400
stec8|E387B,97000.0,4.25,0.8446,0.021970
stec8|E387B,97000.0,5.28,0.9502,0.022510
stec8|E387B,97000.0,6.30,1.0561,0.021840
stec8|E387B,97000.0,7.32,1.1546,0.020090
stec8|E387B,97000.0,8.34,1.1938,0.022990
stec8|E387B,97000.0,9.35,1.1700,0.032410
stec8|E387B,202600.0,-3.92,-0.0184,0.020220
stec8|E387B,202600.0,-2.91,0.0863,0.014190
stec8|E387B,202600.0,-1.88,0.1935,0.011120
stec8|E387B,202600.0,-0.85,0.3134,0.009340
stec8|E387B,202600.0,0.17,0.4224,0.009860
stec8|E387B,202600.0,1.19,0.5326,0.010460
stec8|E387B,202600.0,2.21,0.6431,0.011130
stec8|E387B,202600.0,3.24,0.7542,0.011800
stec8|E387B,202600.0,4.25,0.8622,0.012310
stec8|E387B,202600.0,5.26,0.9681,0.012670
stec8|E387B,202600.0,6.29,1.0695,0.012740
stec8|E387B,202600.0,7.30,1.1339,0.015950
stec8|E387B,202600.0,8.32,1.1753,0.021910
stec8|E387B,202600.0,9.33,1.1927,0.027860
stec8|E387B,202600.0,10.32,1.2075,0.035390
stec8|E387B,202600.0,11.32,1.2479,0.045440
stec8|FX60-100,59600.0,-3.94,-0.2075,0.026810
stec8|FX60-100,59600.0,-2.42,-0.0590,0.021710
stec8|FX60-100,59600.0,-0.90,0.0203,0.023480
stec8|FX60-100,59600.0,0.65,0.2254,0.024990
stec8|FX60-100,59600.0,2.18,0.5224,0.029040
stec8|FX60-100,59600.0,3.73,0.7803,0.029300
stec8|FX60-100,59600.0,5.24,1.0086,0.024450
stec8|FX60-100,59600.0,6.78,1.1462,0.025750
stec8|FX60-100,59600.0,8.31,1.2776,0.036350
stec8|FX60-100,59600.0,9.83,1.3738,0.050330
stec8|FX60-100,59600.0,11.34,1.3715,0.072050
stec8|FX60-100,99400.0,-4.98,-0.3170,0.031070
stec8|FX60-100,99400.0,-3.94,-0.2035,0.023280
stec8|FX60-100,99400.0,-2.91,-0.1018,0.020010
stec8|FX60-100,99400.0,-1.91,0.0542,0.019630
stec8|FX60-100,99400.0,-0.89,0.2142,0.020280
stec8|FX60-100,99400.0,0.16,0.3696,0.019930
stec8|FX60-100,99400.0,1.18,0.5121,0.018570
stec8|FX60-100,99400.0,2.21,0.6890,0.017310
stec8|FX60-100,99400.0,3.23,0.8221,0.016420
stec8|FX60-100,99400.0,4.24,0.9352,0.015970
stec8|FX60-100,99400.0,5.27,1.0378,0.016630
stec8|FX60-100,99400.0,6.28,1.1225,0.018600
stec8|FX60-100,99400.0,7.31,1.1883,0.023780
stec8|FX60-100,99400.0,8.32,1.2751,0.029470
stec8|FX60-100,99400.0,9.34,1.3480,0.034790
stec8|FX60-100,99400.0,10.35,1.3786,0.042150
stec8|FX60-100,99400.0,11.36,1.4043,0.053550
stec8|FX60-100,152300.0,-3.95,-0.1267,0.019640
stec8|FX60-100,152300.0,-2.93,0.0350,0.016620
stec8|FX60-100,152300.0,-1.90,0.1913,0.015430
stec8|FX60-100,152300.0,-0.87,0.3602,0.014720
stec8|FX60-100,152300.0,0.16,0.4945,0.013870
stec8|FX60-100,152300.0,1.17,0.6131,0.012850
stec8|FX60-100,152300.0,2.19,0.7192,0.011650
stec8|FX60-100,152300.0,3.23,0.8388,0.011800
stec8|FX60-100,152300.0,4.25,0.9450,0.012450
stec8|FX60-100,152300.0,5.26,1.0432,0.013770
stec8|FX60-100,152300.0,6.29,1.1300,0.016160
stec8|FX60-100,152300.0,7.31,1.1994,0.020810
stec8|FX60-100,152300.0,8.32,1.2770,0.025150
stec8|FX60-100,152300.0,9.33,1.3442,0.028650
stec8|FX60-100,152300.0,10.34,1.3712,0.034310
stec8|FX60-100,152300.0,11.35,1.3952,0.043140
stec8|FX60-100,152300.0,12.35,1.4087,0.055600
stec8|FX60-100,203400.0,-5.00,-0.2075,0.024080
stec8|FX60-100,203400.0,-3.95,-0.0513,0.016790
stec8|FX60-100,203400.0,-2.92,0.1136,0.013580
stec8|FX60-100,203400.0,-1.90,0.2689,0.012290
stec8|FX60-100,203400.0,-0.89,0.4016,0.011620
stec8|FX60-100,203400.0,0.16,0.5203,0.011050
stec8|FX60-100,203400.0,1.17,0.6301,0.010530
stec8|FX60-100,203400.0,2.21,0.7334,0.010020
stec8|FX60-100,203400.0,3.21,0.8400,0.010080
stec8|FX60-100,203400.0,4.23,0.9457,0.011030
stec8|FX60-100,203400.0,5.26,1.0461,0.012510
stec8|FX60-100,203400.0,6.28,1.1335,0.015030
stec8|FX60-100,203400.0,7.30,1.2089,0.019150
stec8|FX60-100,203400.0,8.31,1.2875,0.022550
stec8|FX60-100,203400.0,9.33,1.3620,0.025470
stec8|FX60-100,203400.0,10.34,1.3965,0.030850
stec8|FX60-100,203400.0,11.36,1.4108,0.038990
stec8|FX60-100,298800.0,-2.92,0.1779,0.010040
stec8|FX60-100,298800.0,-1.88,0.3013,0.009240
stec8|FX60-100,298800.0,-0.86,0.4156,0.008950
stec8|FX60-100,298800.0,0.17,0.5285,0.008730
stec8|FX60-100,298800.0,1.18,0.6380,0.008610
stec8|FX60-100,298800.0,3.21,0.8427,0.008640
stec8|FX60-100,298800.0,4.22,0.9479,0.009730
stec8|FX60-100,298800.0,5.26,1.0504,0.011310
stec8|FX60-100,298800.0,6.27,1.1397,0.013910
stec8|FX60-100,298800.0,7.28,1.2239,0.017100
stec8|FX63-137A,200100.0,-4.88,0.2789,0.018810
stec8|FX63-137A,200100.0,-3.85,0.4116,0.015590
stec8|FX63-137A,200100.0,-2.83,0.5708,0.013110
stec8|FX63-137A,200100.0,-1.80,0.6865,0.013770
stec8|FX63-137A,200100.0,-0.79,0.7986,0.014190
stec8|FX63-137A,200100.0,0.24,0.9169,0.014330
stec8|FX63-137A,200100.0,1.27,1.0302,0.014560
stec8|FX63-137A,200100.0,2.30,1.1418,0.014870
stec8|FX63-137A,200100.0,3.32,1.2480,0.015220
stec8|FX63-137A,200100.0,4.33,1.3482,0.015670
stec8|FX63-137A,200100.0,5.36,1.4326,0.015960
stec8|FX63-137A,200100.0,6.38,1.5238,0.016770
stec8|FX63-137A,200100.0,7.39,1.6086,0.018440
stec8|FX63-137A,200100.0,8.41,1.6673,0.020730
stec8|FX63-137A,200100.0,9.42,1.7003,0.024310
stec8|FX63-137A,200100.0,10.43,1.7040,0.030770
stec8|FX63-137A,200100.0,11.44,1.6875,0.041240
stec8|FX63-137A,200100.0,12.44,1.6899,0.051950
stec8|FX63-137A,299500.0,-6.91,0.0968,0.031610
stec8|FX63-137A,299500.0,-5.89,0.1896,0.009280
stec8|FX63-137A,299500.0,-4.88,0.3063,0.006560
stec8|FX63-137A,299500.0,-3.85,0.4392,0.005090
stec8|FX63-137A,299500.0,-2.83,0.5810,0.004010
stec8|FX63-137A,299500.0,-1.79,0.7010,0.004220
stec8|FX63-137A,299500.0,-0.77,0.8135,0.004390
stec8|FX63-137A,299500.0,0.23,0.9245,0.004530
stec8|FX63-137A,299500.0,1.24,1.0356,0.004710
stec8|FX63-137A,299500.0,2.23,1.1414,0.004930
stec8|FX63-137A,299500.0,3.20,1.2414,0.005230
stec8|FX63-137A,299500.0,4.28,1.3476,0.005630
stec8|FX63-137A,299500.0,5.34,1.4399,0.006200
stec8|FX63-137A,299500.0,6.37,1.5174,0.006860
stec8|FX63-137A,299500.0,7.39,1.5817,0.008130
stec8|FX63-137A,299500.0,8.40,1.6290,0.010260
stec8|FX63-137A,299500.0,9.41,1.6499,0.014430
stec8|FX63-137A,299500.0,10.43,1.6374,0.023940
stec8|FX63-137A,299500.0,11.44,1.6166,0.039070
stec8|FX63-137B,100800.0,-3.87,0.1622,0.032570
stec8|FX63-137B,100800.0,-2.85,0.2976,0.029040
stec8|FX63-137B,100800.0,-1.82,0.4573,0.027910
stec8|FX63-137B,100800.0,-0.79,0.5859,0.028060
stec8|FX63-137B,100800.0,1.26,0.8494,0.027070
stec8|FX63-137B,100800.0,2.27,0.9589,0.027190
stec8|FX63-137B,100800.0,3.30,1.0587,0.026790
stec8|FX63-137B,100800.0,4.32,1.1919,0.026010
stec8|FX63-137B,100800.0,5.34,1.3537,0.025780
stec8|FX63-137B,100800.0,6.36,1.4732,0.026190
stec8|FX63-137B,100800.0,7.39,1.5776,0.026030
stec8|FX63-137B,100800.0,8.40,1.6594,0.027330
stec8|FX63-137B,100800.0,9.42,1.7003,0.029980
stec8|FX63-137B,100800.0,10.42,1.6949,0.035220
stec8|FX63-137B,100800.0,11.44,1.6726,0.044850
stec8|FX63-137B,155600.0,-6.93,-0.0629,0.076400
stec8|FX63-137B,155600.0,-5.90,-0.0104,0.060900
stec8|FX63-137B,155600.0,-4.89,0.1941,0.024650
stec8|FX63-137B,155600.0,-3.86,0.3566,0.019300
stec8|FX63-137B,155600.0,-2.83,0.5377,0.015830
stec8|FX63-137B,155600.0,-1.81,0.6502,0.016750
stec8|FX63-137B,155600.0,-0.79,0.7664,0.017100
stec8|FX63-137B,155600.0,0.25,0.8864,0.017180
stec8|FX63-137B,155600.0,1.26,0.9971,0.017400
stec8|FX63-137B,155600.0,2.29,1.1088,0.017620
stec8|FX63-137B,155600.0,3.30,1.2147,0.017820
stec8|FX63-137B,155600.0,4.32,1.3132,0.017960
stec8|FX63-137B,155600.0,5.35,1.4086,0.018030
stec8|FX63-137B,155600.0,6.36,1.5146,0.018800
stec8|FX63-137B,155600.0,7.38,1.6040,0.020310
stec8|FX63-137B,155600.0,8.40,1.6681,0.022460
stec8|FX63-137B,155600.0,9.42,1.6982,0.025810
stec8|FX63-137B,155600.0,10.42,1.7005,0.031790
stec8|FX63-137B,155600.0,11.43,1.6767,0.042420
stec8|FX63-137B,200700.0,-5.90,0.1217,0.026270
stec8|FX63-137B,200700.0,-4.88,0.2784,0.018780
stec8|FX63-137B,200700.0,-3.86,0.4107,0.015580
stec8|FX63-137B,200700.0,-2.85,0.5690,0.013060
stec8|FX63-137B,200700.0,-1.79,0.6882,0.013740
stec8|FX63-137B,200700.0,-0.79,0.7988,0.014160
stec8|FX63-137B,200700.0,0.25,0.9177,0.014310
stec8|FX63-137B,200700.0,1.28,1.0318,0.014530
stec8|FX63-137B,200700.0,2.30,1.1422,0.014840
stec8|FX63-137B,200700.0,3.30,1.2458,0.015180
stec8|FX63-137B,200700.0,4.33,1.3483,0.015650
stec8|FX63-137B,200700.0,5.35,1.4324,0.015940
stec8|FX63-137B,200700.0,6.36,1.5220,0.016720
stec8|FX63-137B,200700.0,7.38,1.6080,0.018400
stec8|FX63-137B,200700.0,8.42,1.6676,0.020740
stec8|FX63-137B,200700.0,9.43,1.7004,0.024340
stec8|FX63-137B,200700.0,10.44,1.7037,0.030860
stec8|FX63-137B,200700.0,11.44,1.6876,0.041230
stec8|FX63-137B,200700.0,12.44,1.6900,0.051940
stec8|FX63-137B,200700.0,13.44,1.7092,0.061960
stec8|FX63-137B,308600.0,-6.94,0.0993,0.032130
stec8|FX63-137B,308600.0,-5.92,0.1718,0.016870
stec8|FX63-137B,308600.0,-4.89,0.3066,0.006420
stec8|FX63-137B,308600.0,-3.84,0.4407,0.005020
stec8|FX63-137B,308600.0,-2.83,0.5819,0.003940
stec8|FX63-137B,308600.0,-1.79,0.7011,0.004140
stec8|FX63-137B,308600.0,-0.79,0.8124,0.004300
stec8|FX63-137B,308600.0,0.24,0.9265,0.004440
stec8|FX63-137B,308600.0,1.28,1.0404,0.004630
stec8|FX63-137B,308600.0,2.28,1.1471,0.004850
stec8|FX63-137B,308600.0,3.31,1.2531,0.005160
stec8|FX63-137B,308600.0,4.33,1.3536,0.005580
stec8|FX63-137B,308600.0,5.36,1.4428,0.006100
stec8|FX63-137B,308600.0,6.37,1.5199,0.006780
stec8|FX63-137B,308600.0,7.39,1.5821,0.008030
stec8|FX63-137B,308600.0,8.42,1.6292,0.010230
stec8|FX63-137B,308600.0,9.42,1.6512,0.014370
stec8|FX63-137B,308600.0,10.43,1.6381,0.023880
stec8|FX63-137B,308600.0,11.43,1.6205,0.038450
stec8|FX63-137B,308600.0,12.43,1.6187,0.053700
stec8|HQ2/9A,62000.0,-2.95,-0.2368,0.020780
stec8|HQ2/9A,62000.0,-1.94,-0.1412,0.016840
stec8|HQ2/9A,62000.0,-0.92,-0.0773,0.016820
stec8|HQ2/9A,62000.0,0.10,0.0120,0.018100
stec8|HQ2/9A,62000.0,1.13,0.0968,0.020100
stec8|HQ2/9A,62000.0,2.17,0.2974,0.024040
stec8|HQ2/9A,62000.0,3.20,0.4902,0.025720
stec8|HQ2/9A,62000.0,4.22,0.6872,0.023690
stec8|HQ2/9A,62000.0,5.24,0.8190,0.020240
stec8|HQ2/9A,62000.0,6.26,0.8931,0.022170
stec8|HQ2/9A,62000.0,7.28,0.9670,0.029980
stec8|HQ2/9A,62000.0,8.28,1.0491,0.040610
stec8|HQ2/9A,62000.0,9.30,1.0988,0.057200
stec8|HQ2/9A,98300.0,-3.96,-0.3308,0.023220
stec8|HQ2/9A,98300.0,-2.94,-0.2392,0.018290
stec8|HQ2/9A,98300.0,-1.92,-0.1778,0.014540
stec8|HQ2/9A,98300.0,-0.91,-0.0424,0.015020
stec8|HQ2/9A,98300.0,0.14,0.1379,0.016580
stec8|HQ2/9A,98300.0,1.16,0.3004,0.017580
stec8|HQ2/9A,98300.0,2.19,0.4865,0.017060
stec8|HQ2/9A,98300.0,3.20,0.6202,0.016120
stec8|HQ2/9A,98300.0,4.23,0.7325,0.015130
stec8|HQ2/9A,98300.0,5.25,0.8257,0.014940
stec8|HQ2/9A,98300.0,6.26,0.8969,0.018480
stec8|HQ2/9A,98300.0,7.28,0.9676,0.025080
stec8|HQ2/9A,98300.0,8.29,1.0496,0.033720
stec8|HQ2/9A,98300.0,9.30,1.1032,0.047560
stec8|HQ2/9A,98300.0,10.31,1.0732,0.064860
stec8|HQ2/9A,98300.0,11.31,0.9937,0.083280
stec8|HQ2/9A,149000.0,-3.96,-0.3319,0.020850
stec8|HQ2/9A,149000.0,-2.94,-0.1849,0.015710
stec8|HQ2/9A,149000.0,-1.92,-0.0624,0.012960
stec8|HQ2/9A,149000.0,-0.88,0.0748,0.012890
stec8|HQ2/9A,149000.0,0.14,0.2902,0.012490
stec8|HQ2/9A,149000.0,1.18,0.4187,0.011830
stec8|HQ2/9A,149000.0,2.20,0.5315,0.011550
stec8|HQ2/9A,149000.0,3.21,0.6350,0.011440
stec8|HQ2/9A,149000.0,4.23,0.7373,0.011420
stec8|HQ2/9A,149000.0,5.26,0.8263,0.012870
stec8|HQ2/9A,149000.0,6.27,0.9037,0.016260
stec8|HQ2/9A,149000.0,7.28,0.9747,0.021430
stec8|HQ2/9A,149000.0,8.30,1.0493,0.029260
stec8|HQ2/9A,149000.0,9.31,1.1207,0.039080
stec8|HQ2/9A,149000.0,10.32,1.1196,0.055780
stec8|HQ2/9A,208700.0,-3.96,-0.2399,0.016260
stec8|HQ2/9A,208700.0,-2.93,-0.0983,0.012490
stec8|HQ2/9A,208700.0,-1.90,0.0380,0.010490
stec8|HQ2/9A,208700.0,-0.88,0.1531,0.010100
stec8|HQ2/9A,208700.0,0.15,0.2726,0.009560
stec8|HQ2/9A,208700.0,1.17,0.4278,0.009030
stec8|HQ2/9A,208700.0,2.19,0.5289,0.009120
stec8|HQ2/9A,208700.0,3.21,0.6355,0.009280
stec8|HQ2/9A,208700.0,4.23,0.7368,0.009700
stec8|HQ2/9A,208700.0,5.25,0.8241,0.011820
stec8|HQ2/9A,208700.0,6.27,0.9087,0.014900
stec8|HQ2/9A,208700.0,7.30,0.9872,0.019210
stec8|HQ2/9A,208700.0,8.30,1.0552,0.025770
stec8|HQ2/9A,208700.0,9.32,1.1292,0.033000
stec8|HQ2/9A,208700.0,10.32,1.1543,0.046870
stec8|HQ2/9A,208700.0,11.31,1.0875,0.062020
stec8|HQ2/9A,303400.0,-3.96,-0.1676,0.012520
stec8|HQ2/9A,303400.0,-2.94,-0.0381,0.009250
stec8|HQ2/9A,303400.0,-1.91,0.0748,0.008130
stec8|HQ2/9A,303400.0,-0.88,0.1807,0.007900
stec8|HQ2/9A,303400.0,0.14,0.2835,0.007630
stec8|HQ2/9A,303400.0,1.18,0.3957,0.007350
stec8|HQ2/9A,303400.0,2.19,0.5263,0.007400
stec8|HQ2/9A,303400.0,3.21,0.6346,0.007720
stec8|HQ2/9A,303400.0,4.24,0.7354,0.008640
stec8|HQ2/9A,303400.0,5.25,0.8251,0.010920
stec8|HQ2/9A,303400.0,6.27,0.9146,0.013730
stec8|HQ2/9A,303400.0,7.28,1.0007,0.016840
stec8|HQ2/9A,303400.0,8.31,1.0709,0.022250
stec8|HQ2/9A,303400.0,9.31,1.1410,0.027920
stec8|HQ2/9A,303400.0,10.33,1.1838,0.038230
stec8|HQ2/9A,303400.0,11.32,1.1398,0.051500
stec8|HQ2/9B,60800.0,-2.94,-0.2360,0.020800
stec8|HQ2/9B,60800.0,-1.43,-0.1207,0.016650
stec8|HQ2/9B,60800.0,0.10,0.0122,0.018200
stec8|HQ2/9B,60800.0,1.65,0.1863,0.022260
stec8|HQ2/9B,60800.0,3.19,0.4879,0.026030
stec8|HQ2/9B,60800.0,4.74,0.7600,0.022330
stec8|HQ2/9B,60800.0,6.26,0.8933,0.022370
stec8|HQ2/9B,60800.0,7.77,1.0119,0.035030
stec8|HQ2/9B,60800.0,9.30,1.0882,0.056680
stec8|HQ2/9B,60800.0,10.80,0.9086,0.083460
stec8|HQ2/9B,100100.0,-2.94,-0.2394,0.018200
stec8|HQ2/9B,100100.0,-1.42,-0.1432,0.014410
stec8|HQ2/9B,100100.0,0.13,0.1439,0.016450
stec8|HQ2/9B,100100.0,1.66,0.3999,0.017150
stec8|HQ2/9B,100100.0,3.20,0.6211,0.015860
stec8|HQ2/9B,100100.0,4.75,0.7834,0.014510
stec8|HQ2/9B,100100.0,6.26,0.8971,0.018370
stec8|HQ2/9B,100100.0,7.77,1.0056,0.028050
stec8|HQ2/9B,100100.0,9.31,1.1043,0.047340
stec8|HQ2/9B,100100.0,10.79,1.0342,0.072480
stec8|HQ2/9B,100100.0,12.30,0.8674,0.133980
stec8|HQ2/9B,100100.0,13.77,0.7134,0.167930
stec8|HQ2/9B,152000.0,-2.94,-0.1795,0.015540
stec8|HQ2/9B,152000.0,-1.39,0.0058,0.012830
stec8|HQ2/9B,152000.0,0.12,0.2968,0.012290
stec8|HQ2/9B,152000.0,1.67,0.4745,0.011520
stec8|HQ2/9B,152000.0,3.20,0.6341,0.011290
stec8|HQ2/9B,152000.0,4.73,0.7831,0.011610
stec8|HQ2/9B,152000.0,6.26,0.9034,0.016120
stec8|HQ2/9B,152000.0,7.78,1.0109,0.024040
stec8|HQ2/9B,152000.0,9.29,1.1197,0.038810
stec8|HQ2/9B,202400.0,-3.97,-0.2495,0.016590
stec8|HQ2/9B,202400.0,-2.46,-0.0441,0.010770
stec8|HQ2/9B,202400.0,-0.90,0.1438,0.010350
stec8|HQ2/9B,202400.0,0.63,0.3533,0.009410
stec8|HQ2/9B,202400.0,2.18,0.5283,0.009290
stec8|HQ2/9B,202400.0,3.71,0.6867,0.009570
stec8|HQ2/9B,202400.0,5.25,0.8243,0.011900
stec8|HQ2/9B,202400.0,6.75,0.9433,0.017250
stec8|HQ2/9B,202400.0,8.29,1.0552,0.025260
stec8|HQ2/9B,202400.0,9.79,1.1506,0.039080
stec8|HQ2/9B,303500.0,-4.01,-0.1751,0.012750
stec8|HQ2/9B,303500.0,-2.49,0.0110,0.008290
stec8|HQ2/9B,303500.0,-0.95,0.1739,0.007920
stec8|HQ2/9B,303500.0,0.62,0.3316,0.007490
stec8|HQ2/9B,303500.0,2.15,0.5221,0.007390
stec8|HQ2/9B,303500.0,3.70,0.6843,0.007980
stec8|HQ2/9B,303500.0,5.22,0.8224,0.010840
stec8|HQ2/9B,303500.0,6.76,0.9557,0.015350
stec8|HQ2/9B,303500.0,8.30,1.0703,0.022170
stec8|HQ2/9B,303500.0,9.81,1.1688,0.032200
stec8|J5012,56500.0,-6.04,-0.7244,0.026130
stec8|J5012,56500.0,-5.03,-0.6771,0.021700
stec8|J5012,56500.0,-4.01,-0.6157,0.021400
stec8|J5012,56500.0,-2.99,-0.4216,0.025730
stec8|J5012,56500.0,-1.97,-0.1236,0.026170
stec8|J5012,56500.0,-0.92,0.0228,0.023620
stec8|J5012,56500.0,0.09,-0.0027,0.023270
stec8|J5012,56500.0,1.11,-0.0249,0.023800
stec8|J5012,56500.0,2.16,0.1767,0.026580
stec8|J5012,56500.0,3.20,0.4992,0.024260
stec8|J5012,56500.0,4.21,0.6318,0.021120
stec8|J5012,56500.0,5.24,0.6850,0.022350
stec8|J5012,56500.0,6.25,0.7371,0.027250
stec8|J5012,56500.0,7.26,0.8070,0.033820
stec8|J5012,56500.0,8.27,0.8566,0.042770
stec8|J5012,56500.0,9.27,0.8622,0.054570
stec8|J5012,97800.0,-6.01,-0.7254,0.020890
stec8|J5012,97800.0,-5.00,-0.6851,0.017210
stec8|J5012,97800.0,-4.00,-0.6388,0.015570
stec8|J5012,97800.0,-2.97,-0.5720,0.015510
stec8|J5012,97800.0,-1.96,-0.4556,0.017270
stec8|J5012,97800.0,-0.93,-0.2218,0.020130
stec8|J5012,97800.0,0.09,0.0197,0.020950
stec8|J5012,97800.0,1.14,0.2675,0.019710
stec8|J5012,97800.0,2.17,0.4917,0.016650
stec8|J5012,97800.0,3.19,0.5882,0.015390
stec8|J5012,97800.0,4.19,0.6488,0.015740
stec8|J5012,97800.0,5.22,0.6930,0.017890
stec8|J5012,97800.0,6.22,0.7366,0.021710
stec8|J5012,97800.0,7.24,0.8021,0.026370
stec8|J5012,97800.0,8.26,0.8737,0.032260
stec8|J5012,97800.0,9.26,0.9182,0.040370
stec8|J5012,151300.0,-6.05,-0.7430,0.018190
stec8|J5012,151300.0,-5.02,-0.6967,0.015300
stec8|J5012,151300.0,-3.99,-0.6470,0.013480
stec8|J5012,151300.0,-2.98,-0.5884,0.012840
stec8|J5012,151300.0,-1.95,-0.4276,0.013770
stec8|J5012,151300.0,-0.93,-0.2314,0.015240
stec8|J5012,151300.0,0.10,0.0231,0.016080
stec8|J5012,151300.0,2.15,0.4596,0.013570
stec8|J5012,151300.0,3.17,0.6011,0.012870
stec8|J5012,151300.0,4.18,0.6569,0.013710
stec8|J5012,151300.0,5.20,0.7045,0.015770
stec8|J5012,151300.0,6.22,0.7503,0.018750
stec8|J5012,151300.0,7.24,0.8039,0.022150
stec8|J5012,151300.0,8.25,0.8689,0.026260
stec8|J5012,151300.0,9.27,0.9320,0.032570
stec8|J5012,151300.0,10.27,0.9724,0.041350
stec8|J5012,201900.0,-6.04,-0.7566,0.016710
stec8|J5012,201900.0,-5.01,-0.7053,0.014320
stec8|J5012,201900.0,-3.98,-0.6394,0.012610
stec8|J5012,201900.0,-2.97,-0.5023,0.012000
stec8|J5012,201900.0,-1.97,-0.3596,0.011840
stec8|J5012,201900.0,-0.93,-0.1873,0.011940
stec8|J5012,201900.0,0.09,0.0222,0.012060
stec8|J5012,201900.0,1.11,0.2225,0.011910
stec8|J5012,201900.0,2.13,0.3784,0.011860
stec8|J5012,201900.0,3.16,0.5271,0.012100
stec8|J5012,201900.0,4.19,0.6628,0.012870
stec8|J5012,201900.0,5.21,0.7152,0.014760
stec8|J5012,201900.0,6.22,0.7667,0.017040
stec8|J5012,201900.0,7.23,0.8152,0.019820
stec8|J5012,201900.0,8.26,0.8711,0.023100
stec8|J5012,201900.0,9.26,0.9334,0.028060
stec8|J5012,201900.0,10.26,0.9873,0.035090
stec8|J5012,303100.0,-6.04,-0.7808,0.014920
stec8|J5012,303100.0,-5.01,-0.6763,0.013020
stec8|J5012,303100.0,-4.02,-0.5505,0.011210
stec8|J5012,303100.0,-2.97,-0.4090,0.009910
stec8|J5012,303100.0,-1.93,-0.2699,0.009080
stec8|J5012,303100.0,-0.92,-0.1227,0.008520
stec8|J5012,303100.0,0.09,0.0126,0.008340
stec8|J5012,303100.0,1.12,0.1529,0.008610
stec8|J5012,303100.0,2.13,0.2918,0.009200
stec8|J5012,303100.0,3.16,0.4378,0.010110
stec8|J5012,303100.0,4.18,0.5705,0.011460
stec8|J5012,303100.0,5.20,0.7031,0.013380
stec8|J5012,303100.0,6.22,0.7912,0.015190
stec8|J5012,303100.0,7.23,0.8441,0.017160
stec8|J5012,303100.0,8.25,0.8909,0.019670
stec8|J5012,303100.0,9.26,0.9387,0.022870
stec8|J5012,303100.0,10.28,0.9905,0.027690
stec8|MB253515,60100.0,-7.02,-0.6983,0.063110
stec8|MB253515,60100.0,-6.02,-0.7155,0.047580
stec8|MB253515,60100.0,-4.98,-0.6446,0.038360
stec8|MB253515,60100.0,-3.96,-0.4985,0.032890
stec8|MB253515,60100.0,-2.94,-0.3837,0.030170
stec8|MB253515,60100.0,-1.91,0.0224,0.035880
stec8|MB253515,60100.0,-0.90,0.1909,0.035400
stec8|MB253515,60100.0,0.12,0.2424,0.036190
stec8|MB253515,60100.0,1.14,0.2844,0.037570
stec8|MB253515,60100.0,2.15,0.3357,0.039360
stec8|MB253515,60100.0,3.16,0.4081,0.041370
stec8|MB253515,60100.0,4.18,0.4808,0.043850
stec8|MB253515,99500.0,-6.48,-0.5576,0.038010
stec8|MB253515,99500.0,-5.66,-0.4570,0.031430
stec8|MB253515,99500.0,-4.86,-0.3404,0.026820
stec8|MB253515,99500.0,-3.23,-0.2169,0.021310
stec8|MB253515,99500.0,-2.42,-0.1317,0.022270
stec8|MB253515,99500.0,-1.58,0.1020,0.024520
stec8|MB253515,99500.0,-0.76,0.2985,0.023730
stec8|MB253515,99500.0,0.06,0.4459,0.022990
stec8|MB253515,99500.0,0.87,0.5947,0.021740
stec8|MB253515,99500.0,1.68,0.6487,0.021750
stec8|MB253515,99500.0,2.49,0.6983,0.021810
stec8|MB253515,99500.0,3.30,0.7487,0.021830
stec8|MB253515,99500.0,4.13,0.8038,0.021810
stec8|MB253515,99500.0,4.94,0.8649,0.021730
stec8|MB253515,99500.0,5.77,0.9186,0.022310
stec8|MB253515,99500.0,6.58,0.9769,0.023090
stec8|MB253515,99500.0,7.38,1.0375,0.024090
stec8|MB253515,99500.0,8.21,1.0906,0.022740
stec8|MB253515,99500.0,9.02,1.0968,0.023330
stec8|MB253515,99500.0,9.82,1.0387,0.026420
stec8|MB253515,99500.0,10.61,0.9673,0.036100
stec8|MB253515,99500.0,11.41,0.9369,0.045640
stec8|MB253515,126700.0,-2.91,-0.1171,0.017070
stec8|MB253515,126700.0,-1.90,0.0055,0.018390
stec8|MB253515,126700.0,-0.87,0.1996,0.019370
stec8|MB253515,126700.0,0.17,0.3864,0.019250
stec8|MB253515,126700.0,1.19,0.5513,0.018840
stec8|MB253515,126700.0,2.20,0.7141,0.017790
stec8|MB253515,126700.0,3.23,0.7806,0.017770
stec8|MB253515,126700.0,4.23,0.8523,0.017590
stec8|MB253515,126700.0,5.26,0.9200,0.017850
stec8|MB253515,126700.0,6.27,0.9877,0.018560
stec8|MB253515,126700.0,7.29,1.0536,0.019320
stec8|MB253515,126700.0,8.32,1.0894,0.019870
stec8|MB253515,126700.0,9.31,1.0585,0.022050
stec8|MB253515,126700.0,10.32,0.9715,0.032420
stec8|MB253515,149700.0,-5.95,-0.3251,0.023630
stec8|MB253515,149700.0,-4.97,-0.2153,0.019650
stec8|MB253515,149700.0,-3.94,-0.1337,0.017640
stec8|MB253515,149700.0,-2.92,-0.0954,0.014780
stec8|MB253515,149700.0,-1.91,0.0105,0.015600
stec8|MB253515,149700.0,-0.88,0.1580,0.016530
stec8|MB253515,149700.0,0.16,0.3366,0.016840
stec8|MB253515,149700.0,1.18,0.5018,0.016860
stec8|MB253515,149700.0,2.21,0.6615,0.016470
stec8|MB253515,149700.0,3.23,0.7955,0.015860
stec8|MB253515,149700.0,4.24,0.8673,0.015720
stec8|MB253515,149700.0,5.26,0.9329,0.015950
stec8|MB253515,149700.0,6.28,0.9969,0.016680
stec8|MB253515,149700.0,7.29,1.0513,0.017340
stec8|MB253515,149700.0,8.32,1.0836,0.018500
stec8|MB253515,149700.0,9.32,1.0386,0.021680
stec8|MB253515,149700.0,10.31,0.9701,0.031720
stec8|MB253515,177600.0,-2.91,-0.0838,0.013050
stec8|MB253515,177600.0,-1.90,0.0098,0.013490
stec8|MB253515,177600.0,-0.88,0.1336,0.014130
stec8|MB253515,177600.0,0.14,0.2766,0.014590
stec8|MB253515,177600.0,1.19,0.4575,0.014940
stec8|MB253515,177600.0,2.20,0.6137,0.014900
stec8|MB253515,177600.0,3.23,0.7721,0.014550
stec8|MB253515,177600.0,4.24,0.8756,0.014270
stec8|MB253515,177600.0,5.26,0.9408,0.014470
stec8|MB253515,177600.0,6.29,1.0022,0.015200
stec8|MB253515,177600.0,7.30,1.0473,0.015980
stec8|MB253515,177600.0,8.30,1.0771,0.017370
stec8|MB253515,177600.0,9.30,1.0206,0.021600
stec8|MB253515,177600.0,10.30,0.9720,0.030870
stec8|MB253515,177600.0,11.30,0.9566,0.040210
stec8|MB253515,200100.0,-6.99,-0.4144,0.025700
stec8|MB253515,200100.0,-5.98,-0.3048,0.021110
stec8|MB253515,200100.0,-4.97,-0.2069,0.017280
stec8|MB253515,200100.0,-3.95,-0.1258,0.015450
stec8|MB253515,200100.0,-2.91,-0.0789,0.012150
stec8|MB253515,200100.0,-1.90,0.0132,0.012310
stec8|MB253515,200100.0,-0.88,0.1200,0.012750
stec8|MB253515,200100.0,0.14,0.2594,0.013250
stec8|MB253515,200100.0,1.17,0.4238,0.013660
stec8|MB253515,200100.0,2.21,0.5809,0.013840
stec8|MB253515,200100.0,3.24,0.7380,0.013760
stec8|MB253515,200100.0,4.25,0.8804,0.013440
stec8|MB253515,200100.0,5.26,0.9441,0.013650
stec8|MB253515,200100.0,6.28,1.0035,0.014320
stec8|MB253515,200100.0,7.30,1.0447,0.015260
stec8|MB253515,200100.0,8.32,1.0730,0.016790
stec8|MB253515,200100.0,9.31,1.0054,0.021990
stec8|MB253515,200100.0,10.30,0.9686,0.030740
stec8|MB253515,200100.0,11.30,0.9614,0.039500
stec8|MB253515,250100.0,-2.93,-0.0714,0.011030
stec8|MB253515,250100.0,-1.89,0.0179,0.010650
stec8|MB253515,250100.0,-0.87,0.1203,0.010810
stec8|MB253515,250100.0,0.13,0.2330,0.011140
stec8|MB253515,250100.0,1.17,0.3729,0.011570
stec8|MB253515,250100.0,2.20,0.5332,0.011960
stec8|MB253515,250100.0,3.22,0.6861,0.012150
stec8|MB253515,250100.0,4.25,0.8384,0.012240
stec8|MB253515,250100.0,5.28,0.9525,0.012410
stec8|MB253515,250100.0,6.28,1.0034,0.013050
stec8|MB253515,250100.0,7.30,1.0421,0.014160
stec8|MB253515,250100.0,8.29,1.0647,0.015740
stec8|MB253515,250100.0,9.29,0.9874,0.022220
stec8|MB253515,250100.0,10.29,0.9783,0.029420
stec8|MB253515,301600.0,-7.09,-0.4130,0.021880
stec8|MB253515,301600.0,-6.05,-0.3114,0.018440
stec8|MB253515,301600.0,-5.03,-0.2196,0.015180
stec8|MB253515,301600.0,-3.96,-0.1278,0.013560
stec8|MB253515,301600.0,-2.97,-0.0621,0.010790
stec8|MB253515,301600.0,-1.92,0.0166,0.009630
stec8|MB253515,301600.0,-0.88,0.1193,0.009640
stec8|MB253515,301600.0,0.13,0.2256,0.009840
stec8|MB253515,301600.0,1.17,0.3484,0.010130
stec8|MB253515,301600.0,2.18,0.4881,0.010570
stec8|MB253515,301600.0,3.22,0.6482,0.010930
stec8|MB253515,301600.0,4.24,0.7976,0.011230
stec8|MB253515,301600.0,5.26,0.9468,0.011580
stec8|MB253515,301600.0,6.28,1.0042,0.012260
stec8|MB253515,301600.0,7.30,1.0415,0.013460
stec8|MB253515,301600.0,8.30,1.0602,0.015080
stec8|MB253515,301600.0,9.30,0.9842,0.022070
stec8|MB253515,301600.0,10.30,0.9926,0.028140
stec8|MILEY,201600.0,-2.91,0.0229,0.040860
stec8|MILEY,201600.0,-0.86,0.2244,0.037000
stec8|MILEY,201600.0,0.17,0.2936,0.037080
stec8|MILEY,201600.0,1.18,0.4910,0.031310
stec8|MILEY,201600.0,2.22,0.5778,0.033480
stec8|MILEY,201600.0,3.22,0.6530,0.036240
stec8|MILEY,201600.0,5.28,0.8361,0.038000
stec8|MILEY,201600.0,6.28,0.9406,0.036910
stec8|MILEY,201600.0,7.32,1.0249,0.037800
stec8|MILEY,201600.0,9.36,1.2160,0.034910
stec8|MILEY,201600.0,10.38,1.4014,0.025030
stec8|MILEY,201600.0,11.38,1.4110,0.030310
stec8|MILEY,232000.0,-4.98,-0.1482,0.057780
stec8|MILEY,232000.0,-3.92,-0.0648,0.045380
stec8|NACA 0009,59700.0,-6.02,-0.6772,0.029740
stec8|NACA 0009,59700.0,-5.03,-0.5867,0.023220
stec8|NACA 0009,59700.0,-3.99,-0.5190,0.017470
stec8|NACA 0009,59700.0,-3.00,-0.4105,0.018000
stec8|NACA 0009,59700.0,-1.95,-0.0625,0.018020
stec8|NACA 0009,59700.0,-0.92,-0.0306,0.016340
stec8|NACA 0009,59700.0,0.09,0.0030,0.015910
stec8|NACA 0009,59700.0,1.10,0.0365,0.016530
stec8|NACA 0009,59700.0,2.13,0.0678,0.018470
stec8|NACA 0009,59700.0,3.15,0.4460,0.017300
stec8|NACA 0009,59700.0,4.19,0.5283,0.018180
stec8|NACA 0009,59700.0,5.19,0.6021,0.024210
stec8|NACA 0009,59700.0,6.22,0.6948,0.031390
stec8|NACA 0009,59700.0,7.23,0.7590,0.042280
stec8|NACA 0009,59700.0,8.23,0.7617,0.059250
stec8|NACA 0009,59700.0,10.25,0.5957,0.115650
stec8|NACA 0009,100300.0,-6.03,-0.6767,0.023800
stec8|NACA 0009,100300.0,-5.00,-0.5862,0.018930
stec8|NACA 0009,100300.0,-3.98,-0.5224,0.014230
stec8|NACA 0009,100300.0,-1.96,-0.2707,0.013810
stec8|NACA 0009,100300.0,-0.91,-0.0152,0.013630
stec8|NACA 0009,100300.0,0.09,0.0012,0.013080
stec8|NACA 0009,100300.0,1.11,0.0271,0.013900
stec8|NACA 0009,100300.0,2.15,0.3239,0.013380
stec8|NACA 0009,100300.0,3.15,0.4686,0.012640
stec8|NACA 0009,100300.0,4.19,0.5321,0.015160
stec8|NACA 0009,100300.0,5.21,0.6034,0.019740
stec8|NACA 0009,100300.0,6.21,0.6923,0.024980
stec8|NACA 0009,100300.0,7.23,0.7708,0.032540
stec8|NACA 0009,100300.0,8.24,0.8071,0.044960
stec8|NACA 0009,150600.0,-6.04,-0.6785,0.020210
stec8|NACA 0009,150600.0,-5.03,-0.5950,0.016480
stec8|NACA 0009,150600.0,-4.00,-0.5250,0.012840
stec8|NACA 0009,150600.0,-2.99,-0.4599,0.010800
stec8|NACA 0009,150600.0,-1.96,-0.3652,0.010240
stec8|NACA 0009,150600.0,-0.94,-0.1272,0.011550
stec8|NACA 0009,150600.0,0.07,-0.0009,0.011400
stec8|NACA 0009,150600.0,1.11,0.1694,0.011430
stec8|NACA 0009,150600.0,2.15,0.3938,0.010140
stec8|NACA 0009,150600.0,3.16,0.4716,0.011020
stec8|NACA 0009,150600.0,4.18,0.5347,0.013630
stec8|NACA 0009,150600.0,5.21,0.6085,0.017180
stec8|NACA 0009,150600.0,6.21,0.6933,0.020950
stec8|NACA 0009,150600.0,7.24,0.7771,0.027050
stec8|NACA 0009,150600.0,8.24,0.8348,0.034730
stec8|NACA 0009,150600.0,9.25,0.8480,0.046850
stec8|NACA 0009,199000.0,-6.04,-0.6823,0.018210
stec8|NACA 0009,199000.0,-5.01,-0.6002,0.014960
stec8|NACA 0009,199000.0,-4.00,-0.5275,0.012100
stec8|NACA 0009,199000.0,-2.99,-0.4601,0.010050
stec8|NACA 0009,199000.0,-2.01,-0.3929,0.009130
stec8|NACA 0009,199000.0,-0.94,-0.1904,0.009910
stec8|NACA 0009,199000.0,0.10,0.0058,0.010490
stec8|NACA 0009,199000.0,1.10,0.2260,0.009730
stec8|NACA 0009,199000.0,2.13,0.4016,0.009210
stec8|NACA 0009,199000.0,3.15,0.4709,0.010270
stec8|NACA 0009,199000.0,4.19,0.5394,0.012790
stec8|NACA 0009,199000.0,5.19,0.6129,0.015650
stec8|NACA 0009,199000.0,6.23,0.6982,0.018820
stec8|NACA 0009,199000.0,7.24,0.7797,0.024040
stec8|NACA 0009,199000.0,8.24,0.8479,0.029360
stec8|NACA 0009,199000.0,9.25,0.8842,0.038350
stec8|NACA 0009,302900.0,-6.05,-0.6942,0.015470
stec8|NACA 0009,302900.0,-5.04,-0.6144,0.013230
stec8|NACA 0009,302900.0,-3.98,-0.5331,0.011090
stec8|NACA 0009,302900.0,-2.98,-0.4618,0.009250
stec8|NACA 0009,302900.0,-1.95,-0.3620,0.008280
stec8|NACA 0009,302900.0,-0.99,-0.2047,0.007810
stec8|NACA 0009,302900.0,0.08,0.0165,0.008080
stec8|NACA 0009,302900.0,1.10,0.2265,0.007790
stec8|NACA 0009,302900.0,2.14,0.3908,0.008410
stec8|NACA 0009,302900.0,3.17,0.4756,0.009480
stec8|NACA 0009,302900.0,4.19,0.5487,0.011550
stec8|NACA 0009,302900.0,5.21,0.6284,0.013490
stec8|NACA 0009,302900.0,6.22,0.7078,0.015840
stec8|NACA 0009,302900.0,7.23,0.7875,0.018790
stec8|NACA 0009,302900.0,8.25,0.8645,0.022300
stec8|NACA 0009,302900.0,9.27,0.9324,0.026280
stec8|NACA 6409,61400.0,-0.83,0.2341,0.039460
stec8|NACA 6409,61400.0,0.19,0.3616,0.037620
stec8|NACA 6409,61400.0,1.19,0.4996,0.035810
stec8|NACA 6409,61400.0,2.22,0.6044,0.039040
stec8|NACA 6409,61400.0,3.23,0.6848,0.043280
stec8|NACA 6409,61400.0,4.26,0.7647,0.048150
stec8|NACA 6409,61400.0,5.26,0.8343,0.053710
stec8|NACA 6409,61400.0,6.28,0.9112,0.059410
stec8|NACA 6409,61400.0,7.24,0.9368,0.068030
stec8|NACA 6409,61400.0,8.24,1.0189,0.073270
stec8|NACA 6409,61400.0,9.25,1.0530,0.081670
stec8|NACA 6409,61400.0,10.36,1.3472,0.040470
stec8|NACA 6409,79400.0,-0.84,0.3315,0.031820
stec8|NACA 6409,79400.0,0.18,0.4695,0.029530
stec8|NACA 6409,79400.0,1.21,0.6190,0.027220
stec8|NACA 6409,79400.0,2.21,0.7473,0.027740
stec8|NACA 6409,79400.0,3.24,0.8681,0.028720
stec8|NACA 6409,79400.0,4.25,0.9747,0.030310
stec8|NACA 6409,79400.0,5.26,1.0730,0.032450
stec8|NACA 6409,79400.0,6.28,1.1740,0.034520
stec8|NACA 6409,79400.0,7.32,1.2346,0.038830
stec8|NACA 6409,79400.0,8.32,1.4385,0.028140
stec8|NACA 6409,79400.0,9.35,1.4323,0.028290
stec8|NACA 6409,79400.0,10.35,1.3304,0.040050
stec8|NACA 6409,79400.0,11.36,1.3059,0.052600
stec8|NACA 6409,79400.0,12.36,1.4578,0.059410
stec8|NACA 6409,79400.0,13.35,1.5140,0.075860
stec8|NACA 6409,102600.0,-0.84,0.4403,0.023990
stec8|NACA 6409,102600.0,0.14,0.5795,0.021070
stec8|NACA 6409,102600.0,1.18,0.7328,0.018750
stec8|NACA 6409,102600.0,2.20,0.8529,0.018960
stec8|NACA 6409,102600.0,3.23,0.9709,0.019550
stec8|NACA 6409,102600.0,4.24,1.0824,0.020560
stec8|NACA 6409,102600.0,5.27,1.1848,0.022210
stec8|NACA 6409,102600.0,6.29,1.2782,0.024200
stec8|NACA 6409,102600.0,7.32,1.3848,0.023780
stec8|NACA 6409,102600.0,8.31,1.4470,0.023130
stec8|NACA 6409,102600.0,9.34,1.4164,0.025870
stec8|NACA 6409,102600.0,10.37,1.3273,0.039150
stec8|NACA 6409,102600.0,11.35,1.3211,0.049380
stec8|NACA 6409,102600.0,12.36,1.4223,0.056010
stec8|NACA 6409,102600.0,13.36,1.5029,0.070310
stec8|NACA 6409,102600.0,14.36,1.4509,0.086260
stec8|NACA 6409,147300.0,-0.90,0.5252,0.016620
stec8|NACA 6409,147300.0,0.10,0.6490,0.014260
stec8|NACA 6409,147300.0,1.18,0.7855,0.013080
stec8|NACA 6409,147300.0,2.20,0.8972,0.013560
stec8|NACA 6409,147300.0,3.19,1.0042,0.014340
stec8|NACA 6409,147300.0,4.23,1.1090,0.015510
stec8|NACA 6409,147300.0,5.23,1.2103,0.016780
stec8|NACA 6409,147300.0,6.26,1.3131,0.018170
stec8|NACA 6409,147300.0,7.28,1.3889,0.018450
stec8|NACA 6409,147300.0,8.31,1.4382,0.019370
stec8|NACA 6409,147300.0,9.35,1.3843,0.025590
stec8|NACA 6409,147300.0,10.33,1.3378,0.036100
stec8|NACA 6409,147300.0,11.33,1.3309,0.046290
stec8|NACA 6409,147300.0,12.35,1.3898,0.053230
stec8|NACA 6409,147300.0,13.34,1.4679,0.062470
stec8|NACA 6409,200100.0,-0.87,0.5674,0.012820
stec8|NACA 6409,200100.0,0.18,0.6809,0.011250
stec8|NACA 6409,200100.0,1.20,0.8014,0.010620
stec8|NACA 6409,200100.0,2.18,0.9037,0.011220
stec8|NACA 6409,200100.0,3.17,1.0062,0.012050
stec8|NACA 6409,200100.0,4.21,1.1118,0.013060
stec8|NACA 6409,200100.0,5.20,1.2116,0.014150
stec8|NACA 6409,200100.0,6.22,1.3114,0.015260
stec8|NACA 6409,200100.0,7.38,1.3867,0.016030
stec8|NACA 6409,200100.0,8.32,1.4277,0.017370
stec8|NACA 6409,200100.0,9.31,1.3695,0.024980
stec8|NACA 6409,200100.0,10.33,1.3472,0.034120
stec8|NACA 6409,200100.0,11.33,1.3447,0.043590
stec8|NACA 6409,200100.0,12.33,1.3760,0.051310
stec8|NACA 6409,200100.0,13.29,1.4402,0.058430
stec8|NACA 6409,200100.0,14.29,1.4723,0.070240
stec8|NACA 64A010,62800.0,-5.01,-0.5571,0.024980
stec8|NACA 64A010,62800.0,-4.00,-0.5158,0.016780
stec8|NACA 64A010,62800.0,-2.97,-0.2247,0.023470
stec8|NACA 64A010,62800.0,-1.95,-0.0446,0.020560
stec8|NACA 64A010,62800.0,-0.91,0.0363,0.018700
stec8|NACA 64A010,62800.0,-0.40,0.0251,0.018590
stec8|NACA 64A010,62800.0,0.08,-0.0054,0.018630
stec8|NACA 64A010,62800.0,0.60,-0.0333,0.018580
stec8|NACA 64A010,62800.0,1.10,-0.0334,0.018840
stec8|NACA 64A010,62800.0,1.62,-0.0164,0.019470
stec8|NACA 64A010,62800.0,2.14,0.0775,0.021120
stec8|NACA 64A010,62800.0,3.15,0.2575,0.023860
stec8|NACA 64A010,62800.0,4.18,0.5009,0.019280
stec8|NACA 64A010,62800.0,5.20,0.5775,0.026600
stec8|NACA 64A010,62800.0,6.20,0.6708,0.035540
stec8|NACA 64A010,62800.0,7.22,0.7265,0.048370
stec8|NACA 64A010,104200.0,-5.01,-0.5638,0.021510
stec8|NACA 64A010,104200.0,-3.99,-0.5006,0.016880
stec8|NACA 64A010,104200.0,-2.98,-0.4861,0.013490
stec8|NACA 64A010,104200.0,-1.96,-0.3798,0.015890
stec8|NACA 64A010,104200.0,-0.93,-0.1865,0.016500
stec8|NACA 64A010,104200.0,0.09,0.0228,0.016690
stec8|NACA 64A010,104200.0,1.15,0.2252,0.016410
stec8|NACA 64A010,104200.0,2.16,0.4195,0.015410
stec8|NACA 64A010,104200.0,3.16,0.4952,0.013340
stec8|NACA 64A010,104200.0,4.19,0.5100,0.017730
stec8|NACA 64A010,104200.0,5.20,0.5806,0.022910
stec8|NACA 64A010,104200.0,6.22,0.6700,0.030490
stec8|NACA 64A010,104200.0,7.23,0.7373,0.047090
stec8|NACA 64A010,150200.0,-6.02,-0.6549,0.025300
stec8|NACA 64A010,150200.0,-4.52,-0.5367,0.017280
stec8|NACA 64A010,150200.0,-3.00,-0.4882,0.011330
stec8|NACA 64A010,150200.0,-1.47,-0.2949,0.012770
stec8|NACA 64A010,150200.0,0.07,0.0169,0.013220
stec8|NACA 64A010,150200.0,1.63,0.3210,0.012720
stec8|NACA 64A010,150200.0,3.16,0.4966,0.011310
stec8|NACA 64A010,150200.0,4.70,0.5478,0.017950
stec8|NACA 64A010,150200.0,6.21,0.6704,0.026900
stec8|NACA 64A010,203300.0,-5.01,-0.5757,0.017800
stec8|NACA 64A010,203300.0,-4.00,-0.5193,0.014400
stec8|NACA 64A010,203300.0,-2.97,-0.4388,0.010180
stec8|NACA 64A010,203300.0,-1.95,-0.2968,0.010350
stec8|NACA 64A010,203300.0,-0.91,-0.1322,0.010160
stec8|NACA 64A010,203300.0,0.11,0.0142,0.010030
stec8|NACA 64A010,203300.0,1.13,0.1680,0.010210
stec8|NACA 64A010,203300.0,2.15,0.3208,0.010280
stec8|NACA 64A010,203300.0,3.18,0.4697,0.010260
stec8|NACA 64A010,203300.0,4.20,0.5279,0.015110
stec8|NACA 64A010,203300.0,5.21,0.5904,0.018540
stec8|NACA 64A010,203300.0,6.23,0.6723,0.023930
stec8|NACA 64A010,301000.0,-5.02,-0.5888,0.015900
stec8|NACA 64A010,301000.0,-4.04,-0.5038,0.012790
stec8|NACA 64A010,301000.0,-2.98,-0.3741,0.008420
stec8|NACA 64A010,301000.0,-1.95,-0.2315,0.008050
stec8|NACA 64A010,301000.0,-0.91,-0.1008,0.007740
stec8|NACA 64A010,301000.0,0.11,0.0119,0.007650
stec8|NACA 64A010,301000.0,1.13,0.1269,0.007800
stec8|NACA 64A010,301000.0,2.15,0.2553,0.008080
stec8|NACA 64A010,301000.0,3.17,0.4007,0.008580
stec8|NACA 64A010,301000.0,4.19,0.5256,0.013390
stec8|NACA 64A010,301000.0,5.20,0.6006,0.016400
stec8|NACA 64A010,301000.0,6.23,0.6767,0.020220
stec8|NACA 64A010,301000.0,7.25,0.7511,0.028730
stec8|RG15,59600.0,-2.93,-0.2481,0.017490
stec8|RG15,59600.0,-1.92,-0.1142,0.016500
stec8|RG15,59600.0,-0.91,-0.0784,0.016280
stec8|RG15,59600.0,0.12,-0.0014,0.017420
stec8|RG15,59600.0,1.14,0.0798,0.019620
stec8|RG15,59600.0,2.18,0.3021,0.022910
stec8|RG15,59600.0,3.21,0.5186,0.022920
stec8|RG15,59600.0,4.23,0.6932,0.021000
stec8|RG15,59600.0,5.23,0.8014,0.020860
stec8|RG15,59600.0,6.25,0.8819,0.022950
stec8|RG15,59600.0,7.28,0.9502,0.028800
stec8|RG15,59600.0,8.29,1.0257,0.038890
stec8|RG15,59600.0,9.30,1.0632,0.053100
stec8|RG15,59600.0,10.32,1.0243,0.069690
stec8|RG15,59600.0,11.33,0.9308,0.091850
stec8|RG15,99600.0,-2.93,-0.2468,0.016380
stec8|RG15,99600.0,-1.93,-0.2104,0.013340
stec8|RG15,99600.0,-0.91,-0.0895,0.013620
stec8|RG15,99600.0,0.13,0.0923,0.015260
stec8|RG15,99600.0,1.16,0.2902,0.015530
stec8|RG15,99600.0,2.19,0.4809,0.014380
stec8|RG15,99600.0,3.21,0.6108,0.013780
stec8|RG15,99600.0,4.23,0.7145,0.014210
stec8|RG15,99600.0,5.25,0.8055,0.015520
stec8|RG15,99600.0,6.27,0.8831,0.018050
stec8|RG15,99600.0,7.28,0.9498,0.023180
stec8|RG15,99600.0,8.29,1.0161,0.030410
stec8|RG15,99600.0,9.31,1.0858,0.044170
stec8|RG15,99600.0,10.32,1.0747,0.058320
stec8|RG15,99600.0,11.33,0.9961,0.074680
stec8|RG15,146100.0,-2.92,-0.2500,0.015130
stec8|RG15,146100.0,-1.90,-0.1718,0.011870
stec8|RG15,146100.0,-0.90,0.0188,0.012410
stec8|RG15,146100.0,0.13,0.2018,0.012090
stec8|RG15,146100.0,1.16,0.3828,0.011070
stec8|RG15,146100.0,2.19,0.5139,0.010500
stec8|RG15,146100.0,3.21,0.6178,0.010830
stec8|RG15,146100.0,4.24,0.7158,0.011770
stec8|RG15,146100.0,5.26,0.8063,0.013260
stec8|RG15,146100.0,6.28,0.8882,0.015750
stec8|RG15,146100.0,7.30,0.9598,0.020350
stec8|RG15,200900.0,-4.00,-0.3481,0.016680
stec8|RG15,200900.0,-2.96,-0.2380,0.013870
stec8|RG15,200900.0,-1.92,-0.0900,0.010590
stec8|RG15,200900.0,-0.91,0.0469,0.010210
stec8|RG15,200900.0,0.12,0.2458,0.009630
stec8|RG15,200900.0,1.15,0.4290,0.008720
stec8|RG15,200900.0,2.19,0.5204,0.008710
stec8|RG15,200900.0,3.19,0.6156,0.009330
stec8|RG15,200900.0,4.22,0.7128,0.010370
stec8|RG15,200900.0,5.25,0.8061,0.011910
stec8|RG15,200900.0,6.26,0.8915,0.014310
stec8|RG15,200900.0,7.28,0.9717,0.017910
stec8|RG15,200900.0,8.30,1.0360,0.023710
stec8|RG15,200900.0,9.31,1.1000,0.033100
stec8|RG15,200900.0,10.33,1.1189,0.046500
stec8|RG15,200900.0,11.33,1.0556,0.060950
stec8|RG15,302600.0,-3.99,-0.3102,0.014100
stec8|RG15,302600.0,-2.97,-0.1598,0.011490
stec8|RG15,302600.0,-1.97,-0.0180,0.008400
stec8|RG15,302600.0,0.05,0.2453,0.007190
stec8|RG15,302600.0,1.09,0.3749,0.007030
stec8|RG15,302600.0,2.17,0.5218,0.007280
stec8|RG15,302600.0,3.20,0.6145,0.008020
stec8|RG15,302600.0,4.23,0.7129,0.009130
stec8|RG15,302600.0,5.24,0.8076,0.010650
stec8|RG15,302600.0,6.27,0.8996,0.012980
stec8|RG15,302600.0,7.29,0.9866,0.015940
stec8|RG15,302600.0,8.30,1.0539,0.021040
stec8|S2048,58800.0,-2.93,-0.2484,0.022190
stec8|S2048,58800.0,-1.91,-0.1513,0.016890
stec8|S2048,58800.0,-0.89,-0.0785,0.016840
stec8|S2048,58800.0,0.13,0.0100,0.017850
stec8|S2048,58800.0,1.16,0.0955,0.019470
stec8|S2048,58800.0,2.19,0.1751,0.021830
stec8|S2048,58800.0,3.22,0.4087,0.025820
stec8|S2048,58800.0,4.24,0.6464,0.023710
stec8|S2048,58800.0,5.26,0.8113,0.019670
stec8|S2048,58800.0,6.27,0.8858,0.023750
stec8|S2048,99500.0,-2.93,-0.2516,0.019230
stec8|S2048,99500.0,-1.92,-0.1827,0.014180
stec8|S2048,99500.0,-0.89,-0.0856,0.014150
stec8|S2048,99500.0,0.15,0.0214,0.015540
stec8|S2048,99500.0,1.18,0.2118,0.017720
stec8|S2048,99500.0,2.20,0.4023,0.017870
stec8|S2048,99500.0,3.23,0.5904,0.016100
stec8|S2048,99500.0,4.24,0.7277,0.014150
stec8|S2048,99500.0,5.26,0.8156,0.015410
stec8|S2048,99500.0,6.27,0.8882,0.019050
stec8|S2048,99500.0,7.29,0.9612,0.025400
stec8|S2048,99500.0,8.29,1.0453,0.033870
stec8|S2048,99500.0,9.31,1.0915,0.048790
stec8|S2048,154000.0,-3.97,-0.3524,0.021930
stec8|S2048,154000.0,-2.93,-0.2581,0.017190
stec8|S2048,154000.0,-1.92,-0.1439,0.012900
stec8|S2048,154000.0,-0.88,0.0066,0.013060
stec8|S2048,154000.0,0.14,0.1756,0.013490
stec8|S2048,154000.0,1.17,0.3520,0.012840
stec8|S2048,154000.0,2.20,0.5123,0.011700
stec8|S2048,154000.0,3.23,0.6403,0.010840
stec8|S2048,154000.0,4.23,0.7396,0.010860
stec8|S2048,154000.0,5.26,0.8164,0.013530
stec8|S2048,154000.0,6.27,0.8963,0.016440
stec8|S2048,154000.0,7.29,0.9683,0.021770
stec8|S2048,154000.0,8.30,1.0476,0.028920
stec8|S2048,200900.0,-2.94,-0.2023,0.015520
stec8|S2048,200900.0,-1.89,-0.0632,0.011890
stec8|S2048,200900.0,-0.87,0.0538,0.011630
stec8|S2048,200900.0,0.16,0.2715,0.010930
stec8|S2048,200900.0,1.18,0.4128,0.009860
stec8|S2048,200900.0,2.20,0.5369,0.009240
stec8|S2048,200900.0,3.22,0.6460,0.009140
stec8|S2048,200900.0,4.24,0.7393,0.009920
stec8|S2048,200900.0,5.26,0.8176,0.012610
stec8|S2048,200900.0,6.28,0.9025,0.015350
stec8|S2048,200900.0,7.30,0.9779,0.019880
stec8|S2048,200900.0,8.30,1.0507,0.026310
stec8|S2048,200900.0,9.32,1.1160,0.037470
stec8|S2048,200900.0,10.33,1.1182,0.052150
stec8|S2048,200900.0,11.35,1.0681,0.063780
stec8|S2048,302800.0,-2.94,-0.1157,0.012470
stec8|S2048,302800.0,-1.89,0.0196,0.009380
stec8|S2048,302800.0,-0.88,0.1591,0.008680
stec8|S2048,302800.0,0.10,0.2771,0.007680
stec8|S2048,302800.0,1.16,0.4307,0.007110
stec8|S2048,302800.0,2.18,0.5434,0.007120
stec8|S2048,302800.0,3.19,0.6456,0.007470
stec8|S2048,302800.0,4.24,0.7327,0.009250
stec8|S2048,302800.0,5.26,0.8221,0.011410
stec8|S2048,302800.0,6.28,0.9110,0.014000
stec8|S2091A,60800.0,-2.89,-0.1624,0.035070
stec8|S2091A,60800.0,-1.85,0.0098,0.028980
stec8|S2091A,60800.0,-0.83,0.1648,0.024700
stec8|S2091A,60800.0,0.19,0.3142,0.026870
stec8|S2091A,60800.0,1.21,0.4604,0.028560
stec8|S2091A,60800.0,2.23,0.5949,0.029550
stec8|S2091A,60800.0,3.25,0.7029,0.030870
stec8|S2091A,60800.0,4.27,0.8235,0.030800
stec8|S2091A,60800.0,5.29,0.9321,0.031200
stec8|S2091A,60800.0,6.31,1.0423,0.031460
stec8|S2091A,60800.0,7.32,1.1465,0.032350
stec8|S2091A,60800.0,8.35,1.2438,0.034190
stec8|S2091A,60800.0,9.35,1.3285,0.036640
stec8|S2091A,60800.0,10.37,1.3905,0.040810
stec8|S2091A,60800.0,11.37,1.4413,0.046830
stec8|S2091A,99200.0,-4.95,-0.2705,0.058720
stec8|S2091A,99200.0,-3.89,-0.0999,0.030230
stec8|S2091A,99200.0,-2.87,0.0612,0.023230
stec8|S2091A,99200.0,-1.85,0.1988,0.019590
stec8|S2091A,99200.0,-0.83,0.3357,0.016680
stec8|S2091A,99200.0,0.18,0.4447,0.016980
stec8|S2091A,99200.0,1.21,0.5550,0.017060
stec8|S2091A,99200.0,2.23,0.6619,0.017270
stec8|S2091A,99200.0,3.26,0.7689,0.017660
stec8|S2091A,99200.0,4.27,0.8755,0.018040
stec8|S2091A,99200.0,5.29,0.9806,0.018810
stec8|S2091A,99200.0,6.31,1.0837,0.019970
stec8|S2091A,99200.0,7.33,1.1788,0.021740
stec8|S2091A,99200.0,8.35,1.2684,0.023930
stec8|S2091A,99200.0,9.37,1.3429,0.026730
stec8|S2091A,99200.0,10.37,1.3926,0.030580
stec8|S2091A,99200.0,11.37,1.4121,0.036030
stec8|S2091A,99200.0,12.37,1.4275,0.043530
stec8|S2091A,201500.0,-2.87,0.1136,0.014310
stec8|S2091A,201500.0,-1.88,0.2167,0.012450
stec8|S2091A,201500.0,-0.84,0.3114,0.009930
stec8|S2091A,201500.0,0.18,0.4397,0.009780
stec8|S2091A,201500.0,1.21,0.5515,0.010070
stec8|S2091A,201500.0,2.23,0.6623,0.010460
stec8|S2091A,201500.0,3.25,0.7722,0.011000
stec8|S2091A,201500.0,4.27,0.8803,0.011720
stec8|S2091A,201500.0,5.29,0.9857,0.012690
stec8|S2091A,201500.0,6.31,1.0870,0.013960
stec8|S2091A,201500.0,7.33,1.1826,0.015600
stec8|S2091A,201500.0,8.35,1.2709,0.017560
stec8|S2091A,201500.0,9.36,1.3464,0.020010
stec8|S2091A,201500.0,10.36,1.3956,0.023290
stec8|S2091A,201500.0,11.36,1.4158,0.028370
stec8|S2091A,201500.0,12.36,1.4202,0.036250
stec8|S2091B,60400.0,-3.93,-0.4008,0.066880
stec8|S2091B,60400.0,-2.40,-0.0821,0.031530
stec8|S2091B,60400.0,-0.85,0.1602,0.024740
stec8|S2091B,60400.0,0.70,0.3995,0.027740
stec8|S2091B,60400.0,2.23,0.5912,0.029830
stec8|S2091B,60400.0,3.74,0.7653,0.030780
stec8|S2091B,60400.0,5.27,0.9281,0.031510
stec8|S2091B,60400.0,6.80,1.0919,0.032100
stec8|S2091B,60400.0,8.33,1.2440,0.034160
stec8|S2091B,101300.0,-2.87,0.0672,0.022850
stec8|S2091B,101300.0,-1.35,0.2488,0.016860
stec8|S2091B,101300.0,0.19,0.4461,0.016670
stec8|S2091B,101300.0,1.73,0.6083,0.016950
stec8|S2091B,101300.0,3.26,0.7692,0.017360
stec8|S2091B,101300.0,4.79,0.9303,0.018060
stec8|S2091B,101300.0,6.31,1.0830,0.019740
stec8|S2091B,101300.0,7.84,1.2257,0.022470
stec8|S2091B,101300.0,9.35,1.3416,0.026390
stec8|S2091B,101300.0,10.37,1.3922,0.030270
stec8|S2091B,101300.0,11.37,1.4107,0.035710
stec8|S2091B,101300.0,12.38,1.4251,0.043320
stec8|S2091B,149300.0,-4.93,-0.1171,0.029580
stec8|S2091B,149300.0,-3.90,0.0103,0.020710
stec8|S2091B,149300.0,-2.87,0.1234,0.016830
stec8|S2091B,149300.0,-1.86,0.2267,0.014490
stec8|S2091B,149300.0,-0.83,0.3393,0.011810
stec8|S2091B,149300.0,0.17,0.4435,0.011980
stec8|S2091B,149300.0,1.22,0.5551,0.012230
stec8|S2091B,149300.0,2.24,0.6643,0.012560
stec8|S2091B,149300.0,3.26,0.7734,0.013020
stec8|S2091B,149300.0,4.28,0.8807,0.013710
stec8|S2091B,149300.0,5.30,0.9856,0.014650
stec8|S2091B,149300.0,6.32,1.0868,0.015940
stec8|S2091B,149300.0,7.34,1.1820,0.017630
stec8|S2091B,149300.0,8.35,1.2681,0.019690
stec8|S2091B,149300.0,9.36,1.3410,0.022350
stec8|S2091B,149300.0,10.38,1.3893,0.025840
stec8|S2091B,149300.0,11.38,1.4023,0.031310
stec8|S2091B,149300.0,12.38,1.4108,0.039030
stec8|S2091B,198400.0,-4.90,-0.0906,0.022190
stec8|S2091B,198400.0,-3.91,0.0081,0.017480
stec8|S2091B,198400.0,-2.87,0.1143,0.014450
stec8|S2091B,198400.0,-1.84,0.2212,0.012450
stec8|S2091B,198400.0,-0.84,0.3112,0.010000
stec8|S2091B,198400.0,0.19,0.4410,0.009880
stec8|S2091B,198400.0,1.22,0.5528,0.010170
stec8|S2091B,198400.0,2.25,0.6645,0.010560
stec8|S2091B,198400.0,3.25,0.7722,0.011090
stec8|S2091B,198400.0,4.28,0.8813,0.011820
stec8|S2091B,198400.0,5.31,0.9876,0.012800
stec8|S2091B,198400.0,6.31,1.0869,0.014050
stec8|S2091B,198400.0,7.34,1.1833,0.015720
stec8|S2091B,198400.0,8.36,1.2714,0.017680
stec8|S2091B,198400.0,9.38,1.3473,0.020170
stec8|S2091B,198400.0,10.38,1.3955,0.023480
stec8|S2091B,198400.0,11.40,1.4151,0.028780
stec8|S2091B,198400.0,12.39,1.4191,0.036700
stec8|S2091B,303900.0,-3.91,-0.0112,0.013750
stec8|S2091B,303900.0,-2.88,0.0992,0.011710
stec8|S2091B,303900.0,-0.83,0.3194,0.008610
stec8|S2091B,303900.0,0.21,0.4387,0.007800
stec8|S2091B,303900.0,1.23,0.5513,0.008120
stec8|S2091B,303900.0,2.24,0.6623,0.008560
stec8|S2091B,303900.0,3.28,0.7754,0.009140
stec8|S2091B,303900.0,4.29,0.8833,0.009890
stec8|S2091B,303900.0,5.31,0.9895,0.010860
stec8|S2091B,303900.0,6.32,1.0913,0.012050
stec8|S2091B,303900.0,7.34,1.1892,0.013550
stec8|S2091B,303900.0,8.35,1.2795,0.015380
stec8|S2091B,303900.0,9.38,1.3611,0.017710
stec8|S2091B,303900.0,10.38,1.4199,0.020680
stec8|S2091B,303900.0,11.38,1.4452,0.025200
stec8|S3010,60900.0,-2.96,-0.2343,0.025330
stec8|S3010,60900.0,-1.41,0.0023,0.020090
stec8|S3010,60900.0,0.14,0.2874,0.022370
stec8|S3010,60900.0,1.69,0.4866,0.023730
stec8|S3010,60900.0,3.23,0.6488,0.024840
stec8|S3010,60900.0,4.73,0.8009,0.026030
stec8|S3010,60900.0,6.28,0.9538,0.028030
stec8|S3010,60900.0,7.79,1.0978,0.031170
stec8|S3010,60900.0,9.32,1.2225,0.037470
stec8|S3010,60900.0,10.82,1.3065,0.048690
stec8|S3010,100500.0,-3.95,-0.2462,0.024030
stec8|S3010,100500.0,-2.90,-0.0659,0.017510
stec8|S3010,100500.0,-1.89,0.0660,0.014940
stec8|S3010,100500.0,-0.86,0.2634,0.014180
stec8|S3010,100500.0,0.15,0.3510,0.014460
stec8|S3010,100500.0,1.17,0.4489,0.014760
stec8|S3010,100500.0,2.19,0.5514,0.015250
stec8|S3010,100500.0,3.22,0.6574,0.015870
stec8|S3010,100500.0,4.24,0.7631,0.016710
stec8|S3010,100500.0,5.25,0.8654,0.017840
stec8|S3010,100500.0,6.27,0.9664,0.019300
stec8|S3010,100500.0,7.30,1.0631,0.021260
stec8|S3010,100500.0,8.32,1.1520,0.023940
stec8|S3010,100500.0,9.32,1.2298,0.027540
stec8|S3010,100500.0,10.34,1.3034,0.032420
stec8|S3010,100500.0,11.34,1.3579,0.038540
stec8|S3010,147400.0,-3.92,-0.1276,0.017900
stec8|S3010,147400.0,-2.40,0.0524,0.012270
stec8|S3010,147400.0,-0.87,0.2411,0.010850
stec8|S3010,147400.0,0.66,0.3875,0.011130
stec8|S3010,147400.0,2.18,0.5451,0.011830
stec8|S3010,147400.0,3.73,0.7085,0.012920
stec8|S3010,147400.0,5.26,0.8669,0.014460
stec8|S3010,147400.0,6.81,1.0193,0.016680
stec8|S3010,147400.0,8.31,1.1528,0.020010
stec8|S3010,147400.0,9.85,1.2670,0.025180
stec8|S3010,147400.0,11.34,1.3493,0.032340
stec8|S3010,147400.0,12.85,1.3644,0.041530
stec8|S3010,147400.0,14.28,1.3515,0.057440
stec8|S3010,203900.0,-3.92,-0.1010,0.015100
stec8|S3010,203900.0,-2.41,0.0438,0.010780
stec8|S3010,203900.0,-0.88,0.1856,0.009110
stec8|S3010,203900.0,0.67,0.3821,0.009250
stec8|S3010,203900.0,2.20,0.5441,0.009970
stec8|S3010,203900.0,3.71,0.7053,0.011010
stec8|S3010,203900.0,5.25,0.8663,0.012490
stec8|S3010,203900.0,6.78,1.0189,0.014550
stec8|S3010,203900.0,8.31,1.1578,0.017700
stec8|S3010,203900.0,9.85,1.2758,0.022170
stec8|S3010,203900.0,11.34,1.3419,0.028320
stec8|S3010,203900.0,12.84,1.3726,0.037540
stec8|S3010,203900.0,14.32,1.3629,0.054440
stec8|S3010,301000.0,-3.98,-0.1267,0.013010
stec8|S3010,301000.0,-2.94,-0.0208,0.010560
stec8|S3010,301000.0,-1.91,0.0860,0.008820
stec8|S3010,301000.0,-0.92,0.1833,0.007740
stec8|S3010,301000.0,0.14,0.3228,0.007490
stec8|S3010,301000.0,1.14,0.4277,0.007860
stec8|S3010,301000.0,2.18,0.5399,0.008380
stec8|S3010,301000.0,3.19,0.6492,0.009020
stec8|S3010,301000.0,4.24,0.7619,0.009820
stec8|S3010,301000.0,5.25,0.8686,0.010750
stec8|S3010,301000.0,6.28,0.9742,0.012000
stec8|S3010,301000.0,7.29,1.0740,0.013520
stec8|S3010,301000.0,8.32,1.1692,0.015570
stec8|S3010,301000.0,9.34,1.2564,0.017950
stec8|S3010,301000.0,10.34,1.3287,0.020870
stec8|S3010,301000.0,11.33,1.3762,0.024270
stec8|S3014,62000.0,-3.93,-0.3657,0.033080
stec8|S3014,62000.0,-2.92,-0.2781,0.025850
stec8|S3014,62000.0,-1.89,-0.1876,0.020360
stec8|S3014,62000.0,-0.86,-0.0797,0.018920
stec8|S3014,62000.0,0.17,0.1008,0.022230
stec8|S3014,62000.0,1.21,0.2760,0.024820
stec8|S3014,62000.0,2.23,0.4527,0.025950
stec8|S3014,62000.0,3.25,0.5961,0.025550
stec8|S3014,62000.0,4.27,0.7183,0.023840
stec8|S3014,62000.0,5.28,0.8238,0.022590
stec8|S3014,62000.0,6.29,0.9184,0.023670
stec8|S3014,62000.0,7.32,1.0068,0.026960
stec8|S3014,62000.0,8.33,1.0894,0.031720
stec8|S3014,62000.0,9.34,1.1620,0.038040
stec8|S3014,62000.0,10.35,1.1992,0.043360
stec8|S3014,99900.0,-3.93,-0.3710,0.028770
stec8|S3014,99900.0,-2.89,-0.2175,0.021670
stec8|S3014,99900.0,-1.87,-0.0145,0.015670
stec8|S3014,99900.0,-0.84,0.1726,0.016340
stec8|S3014,99900.0,0.17,0.3294,0.016460
stec8|S3014,99900.0,1.20,0.4420,0.016460
stec8|S3014,99900.0,2.23,0.5401,0.016190
stec8|S3014,99900.0,3.24,0.6366,0.015660
stec8|S3014,99900.0,4.26,0.7343,0.015380
stec8|S3014,99900.0,5.28,0.8291,0.016040
stec8|S3014,99900.0,6.30,0.9177,0.018050
stec8|S3014,99900.0,7.31,1.0022,0.020980
stec8|S3014,99900.0,8.32,1.0831,0.024650
stec8|S3014,99900.0,9.34,1.1530,0.028610
stec8|S3014,99900.0,10.35,1.1724,0.032160
stec8|S3014,99900.0,11.35,1.1651,0.041290
stec8|S3014,151500.0,-3.91,-0.2251,0.020780
stec8|S3014,151500.0,-2.88,-0.0731,0.016430
stec8|S3014,151500.0,0.17,0.3524,0.011600
stec8|S3014,151500.0,2.22,0.5361,0.011490
stec8|S3014,151500.0,4.27,0.7340,0.011970
stec8|S3014,151500.0,6.30,0.9158,0.015170
stec8|S3014,151500.0,7.31,1.0005,0.017650
stec8|S3014,151500.0,8.33,1.0802,0.020480
stec8|S3014,151500.0,9.34,1.1466,0.023210
stec8|S3014,151500.0,10.35,1.1729,0.028380
stec8|S3014,151500.0,11.34,1.1727,0.036450
stec8|S3014,200800.0,-3.92,-0.1482,0.016990
stec8|S3014,200800.0,-2.90,-0.0315,0.013860
stec8|S3014,200800.0,-1.88,0.0534,0.010560
stec8|S3014,200800.0,-0.85,0.2539,0.009580
stec8|S3014,200800.0,0.17,0.3382,0.009500
stec8|S3014,200800.0,1.19,0.4322,0.009490
stec8|S3014,200800.0,2.21,0.5312,0.009550
stec8|S3014,200800.0,3.24,0.6325,0.009830
stec8|S3014,200800.0,4.26,0.7316,0.010520
stec8|S3014,200800.0,5.27,0.8254,0.011800
stec8|S3014,200800.0,6.30,0.9163,0.013740
stec8|S3014,200800.0,7.31,1.0023,0.015970
stec8|S3014,200800.0,8.34,1.0854,0.018250
stec8|S3014,200800.0,9.35,1.1589,0.020830
stec8|S3014,200800.0,10.36,1.1844,0.026510
stec8|S3014,200800.0,11.36,1.1869,0.033810
stec8|S3014,303700.0,-2.89,-0.0476,0.011870
stec8|S3014,303700.0,-1.88,0.0484,0.009490
stec8|S3014,303700.0,-0.99,0.1525,0.007520
stec8|S3014,303700.0,0.17,0.3263,0.007410
stec8|S3014,303700.0,1.19,0.4256,0.007470
stec8|S3014,303700.0,2.22,0.5286,0.007700
stec8|S3014,303700.0,3.23,0.6293,0.008190
stec8|S3014,303700.0,4.26,0.7301,0.009050
stec8|S3014,303700.0,5.28,0.8257,0.010420
stec8|S3014,303700.0,6.29,0.9180,0.012120
stec8|S3014,303700.0,7.31,1.0097,0.013910
stec8|S3016,59100.0,-3.98,-0.3745,0.027210
stec8|S3016,59100.0,-2.96,-0.2879,0.021370
stec8|S3016,59100.0,-1.94,-0.1494,0.017120
stec8|S3016,59100.0,-0.90,-0.0897,0.018040
stec8|S3016,59100.0,0.13,0.0106,0.020230
stec8|S3016,59100.0,1.15,0.2122,0.023570
stec8|S3016,59100.0,2.19,0.4107,0.025040
stec8|S3016,59100.0,3.20,0.5683,0.024360
stec8|S3016,59100.0,4.21,0.6792,0.022950
stec8|S3016,59100.0,5.24,0.7815,0.022240
stec8|S3016,59100.0,6.25,0.8730,0.024210
stec8|S3016,59100.0,7.27,0.9602,0.028140
stec8|S3016,59100.0,8.28,1.0414,0.033710
stec8|S3016,59100.0,9.30,1.1091,0.041230
stec8|S3016,59100.0,10.31,1.1521,0.050560
stec8|S3016,103300.0,-4.99,-0.4592,0.029920
stec8|S3016,103300.0,-3.98,-0.3837,0.022870
stec8|S3016,103300.0,-2.96,-0.2922,0.018540
stec8|S3016,103300.0,-1.92,-0.0755,0.014580
stec8|S3016,103300.0,-0.90,0.1100,0.015220
stec8|S3016,103300.0,0.13,0.2942,0.015180
stec8|S3016,103300.0,1.15,0.4091,0.014980
stec8|S3016,103300.0,2.19,0.5008,0.014800
stec8|S3016,103300.0,3.19,0.5915,0.014450
stec8|S3016,103300.0,4.22,0.6878,0.014440
stec8|S3016,103300.0,5.24,0.7801,0.015620
stec8|S3016,103300.0,6.24,0.8672,0.017930
stec8|S3016,103300.0,7.27,0.9551,0.021060
stec8|S3016,103300.0,8.28,1.0370,0.024760
stec8|S3016,103300.0,9.29,1.1106,0.029210
stec8|S3016,152700.0,-4.99,-0.4528,0.027410
stec8|S3016,152700.0,-3.96,-0.3055,0.018620
stec8|S3016,152700.0,-2.94,-0.1597,0.013730
stec8|S3016,152700.0,-1.91,-0.0042,0.011700
stec8|S3016,152700.0,-0.89,0.2395,0.011210
stec8|S3016,152700.0,0.14,0.3159,0.011090
stec8|S3016,152700.0,1.15,0.3984,0.011050
stec8|S3016,152700.0,2.17,0.4907,0.010980
stec8|S3016,152700.0,3.20,0.5883,0.011090
stec8|S3016,152700.0,4.21,0.6841,0.011700
stec8|S3016,152700.0,5.23,0.7770,0.013140
stec8|S3016,152700.0,6.25,0.8666,0.015300
stec8|S3016,152700.0,7.27,0.9542,0.017840
stec8|S3016,152700.0,8.29,1.0364,0.020790
stec8|S3016,152700.0,9.32,1.1091,0.024430
stec8|S3016,208900.0,-4.96,-0.3673,0.019830
stec8|S3016,208900.0,-3.96,-0.2215,0.014890
stec8|S3016,208900.0,-2.93,-0.0951,0.011400
stec8|S3016,208900.0,-1.93,-0.0034,0.009630
stec8|S3016,208900.0,-0.90,0.1866,0.009300
stec8|S3016,208900.0,0.14,0.2978,0.009030
stec8|S3016,208900.0,1.15,0.3879,0.008990
stec8|S3016,208900.0,2.18,0.4863,0.009080
stec8|S3016,208900.0,3.19,0.5845,0.009430
stec8|S3016,208900.0,4.22,0.6831,0.010290
stec8|S3016,208900.0,5.24,0.7771,0.011780
stec8|S3016,208900.0,7.27,0.9578,0.015850
stec8|S3016,208900.0,8.31,1.0427,0.018510
stec8|S3016,208900.0,9.31,1.1165,0.021330
stec8|S3016,208900.0,10.32,1.1707,0.025230
stec8|S3016,208900.0,11.34,1.1675,0.033040
stec8|S3016,304800.0,-3.98,-0.1960,0.012500
stec8|S3016,304800.0,-2.95,-0.1019,0.010060
stec8|S3016,304800.0,-1.92,-0.0084,0.008380
stec8|S3016,304800.0,-0.90,0.1182,0.007390
stec8|S3016,304800.0,0.11,0.2834,0.007300
stec8|S3016,304800.0,1.16,0.3824,0.007310
stec8|S3016,304800.0,2.17,0.4816,0.007540
stec8|S3016,304800.0,3.20,0.5832,0.008100
stec8|S3016,304800.0,4.22,0.6817,0.009080
stec8|S3016,304800.0,5.23,0.7766,0.010510
stec8|S3016,304800.0,6.25,0.8714,0.012180
stec8|S3016,304800.0,7.28,0.9657,0.013980
stec8|S3016,304800.0,8.30,1.0545,0.016060
stec8|S3016,304800.0,9.32,1.1367,0.018490
stec8|S3016,304800.0,10.33,1.1900,0.022920
stec8|S3016,304800.0,11.33,1.2036,0.028470
stec8|S3021A,58800.0,-3.96,-0.3481,0.038970
stec8|S3021A,58800.0,-2.94,-0.2662,0.030030
stec8|S3021A,58800.0,-1.92,-0.1818,0.025200
stec8|S3021A,58800.0,-0.90,0.0080,0.021160
stec8|S3021A,58800.0,0.13,0.1721,0.023520
stec8|S3021A,58800.0,1.16,0.3309,0.025500
stec8|S3021A,58800.0,2.18,0.4842,0.026790
stec8|S3021A,58800.0,3.20,0.6130,0.027770
stec8|S3021A,58800.0,4.22,0.7342,0.028090
stec8|S3021A,58800.0,5.25,0.8423,0.028240
stec8|S3021A,58800.0,6.26,0.9425,0.028200
stec8|S3021A,58800.0,7.28,1.0419,0.028150
stec8|S3021A,58800.0,8.29,1.1242,0.030250
stec8|S3021A,58800.0,9.31,1.1734,0.034640
stec8|S3021A,58800.0,10.32,1.1547,0.041770
stec8|S3021A,58800.0,11.33,1.1907,0.054430
stec8|S3021A,99500.0,-3.95,-0.2922,0.031370
stec8|S3021A,99500.0,-2.95,-0.1296,0.022330
stec8|S3021A,99500.0,-1.92,0.0163,0.015900
stec8|S3021A,99500.0,-0.87,0.2596,0.014640
stec8|S3021A,99500.0,0.15,0.3819,0.014700
stec8|S3021A,99500.0,1.17,0.4837,0.015100
stec8|S3021A,99500.0,2.18,0.5772,0.015810
stec8|S3021A,99500.0,3.21,0.6758,0.016500
stec8|S3021A,99500.0,4.21,0.7726,0.017090
stec8|S3021A,99500.0,5.25,0.8728,0.017600
stec8|S3021A,99500.0,6.27,0.9667,0.018280
stec8|S3021A,99500.0,7.29,1.0511,0.019790
stec8|S3021A,99500.0,8.30,1.1167,0.022470
stec8|S3021A,99500.0,9.32,1.1572,0.026190
stec8|S3021A,99500.0,10.33,1.1375,0.035190
stec8|S3021A,99500.0,11.34,1.1796,0.044720
stec8|S3021A,149300.0,-2.00,0.0847,0.011860
stec8|S3021A,149300.0,-0.88,0.2912,0.010500
stec8|S3021A,149300.0,1.16,0.4794,0.011360
stec8|S3021A,149300.0,3.22,0.6784,0.012520
stec8|S3021A,149300.0,5.26,0.8755,0.013720
stec8|S3021A,149300.0,7.29,1.0495,0.016460
stec8|S3021A,149300.0,9.34,1.1524,0.024890
stec8|S3021A,149300.0,10.35,1.1505,0.031920
stec8|S3021A,149300.0,11.34,1.1735,0.039620
stec8|S3021A,200600.0,-4.03,-0.1399,0.018980
stec8|S3021A,200600.0,-2.99,-0.0052,0.013840
stec8|S3021A,200600.0,-1.90,0.1024,0.010320
stec8|S3021A,200600.0,-0.93,0.2802,0.008870
stec8|S3021A,200600.0,0.15,0.3796,0.009210
stec8|S3021A,200600.0,1.18,0.4783,0.009640
stec8|S3021A,200600.0,2.19,0.5767,0.010120
stec8|S3021A,200600.0,3.21,0.6765,0.010630
stec8|S3021A,200600.0,4.24,0.7772,0.011180
stec8|S3021A,200600.0,5.25,0.8741,0.011870
stec8|S3021A,200600.0,6.27,0.9669,0.013000
stec8|S3021A,200600.0,7.29,1.0493,0.014910
stec8|S3021A,200600.0,8.31,1.1226,0.017680
stec8|S3021A,200600.0,9.32,1.1562,0.023450
stec8|S3021A,200600.0,10.34,1.1638,0.029580
stec8|S3021A,200600.0,11.33,1.1816,0.036870
stec8|S3021A,303700.0,-3.94,-0.1057,0.014860
stec8|S3021A,303700.0,-2.92,-0.0015,0.011600
stec8|S3021A,303700.0,-1.95,0.0967,0.009840
stec8|S3021A,303700.0,-0.92,0.2195,0.007390
stec8|S3021A,303700.0,0.12,0.3728,0.007580
stec8|S3021A,303700.0,1.17,0.4745,0.007910
stec8|S3021A,303700.0,2.17,0.5730,0.008300
stec8|S3021A,303700.0,3.21,0.6757,0.008750
stec8|S3021A,303700.0,4.23,0.7758,0.009300
stec8|S3021A,303700.0,5.26,0.8751,0.010080
stec8|S3021A,303700.0,6.27,0.9670,0.011370
stec8|S3021A,303700.0,7.29,1.0509,0.013520
stec8|S3021A,303700.0,8.31,1.1252,0.016540
stec8|S3021A,303700.0,9.33,1.1724,0.021360
stec8|S3021A,303700.0,10.34,1.1945,0.026140
stec8|S3021B,99300.0,-2.96,-0.1308,0.022420
stec8|S3021B,99300.0,-1.93,0.0151,0.016050
stec8|S3021B,99300.0,-0.87,0.2591,0.014670
stec8|S3021B,99300.0,0.15,0.3816,0.014730
stec8|S3021B,99300.0,1.16,0.4830,0.015110
stec8|S3021B,99300.0,2.19,0.5781,0.015840
stec8|S3021B,99300.0,3.21,0.6758,0.016520
stec8|S3021B,99300.0,4.22,0.7734,0.017120
stec8|S3021B,99300.0,5.25,0.8728,0.017620
stec8|S3021B,99300.0,6.26,0.9659,0.018290
stec8|S3021B,99300.0,7.28,1.0503,0.019790
stec8|S3021B,99300.0,8.29,1.1163,0.022460
stec8|S3021B,99300.0,9.31,1.1572,0.026150
stec8|S3021B,99300.0,10.31,1.1383,0.034970
stec8|S3021B,201300.0,-2.97,-0.0027,0.013750
stec8|S3021B,201300.0,-1.93,0.1002,0.010420
stec8|S3021B,201300.0,-0.94,0.2792,0.008860
stec8|S3021B,201300.0,0.11,0.3757,0.009180
stec8|S3021B,201300.0,1.14,0.4743,0.009600
stec8|S3021B,201300.0,2.17,0.5747,0.010090
stec8|S3021B,201300.0,3.19,0.6745,0.010600
stec8|S3021B,201300.0,4.22,0.7753,0.011150
stec8|S3021B,201300.0,5.24,0.8731,0.011840
stec8|S3021B,201300.0,6.27,0.9669,0.012990
stec8|S3021B,201300.0,7.27,1.0477,0.014850
stec8|S3021B,201300.0,8.29,1.1211,0.017610
stec8|S3021B,201300.0,9.30,1.1556,0.023340
stec8|S3021B,201300.0,10.30,1.1654,0.029150
stec8|S3021B,201300.0,11.31,1.1814,0.036640
stec8|S3021B,304800.0,-2.99,-0.0086,0.011730
stec8|S3021B,304800.0,-1.96,0.0958,0.009870
stec8|S3021B,304800.0,-0.98,0.1822,0.007370
stec8|S3021B,304800.0,0.05,0.3660,0.007550
stec8|S3021B,304800.0,1.08,0.4657,0.007860
stec8|S3021B,304800.0,2.14,0.5700,0.008270
stec8|S3021B,304800.0,3.19,0.6737,0.008730
stec8|S3021B,304800.0,4.20,0.7728,0.009270
stec8|S3021B,304800.0,5.23,0.8723,0.010040
stec8|S3021B,304800.0,6.25,0.9652,0.011330
stec8|S3021B,304800.0,7.27,1.0494,0.013460
stec8|S3021B,304800.0,8.28,1.1236,0.016390
stec8|S3021B,304800.0,9.30,1.1714,0.021190
stec8|S3021B,304800.0,10.31,1.1944,0.025940
stec8|S4061A,60400.0,-3.94,-0.3390,0.052950
stec8|S4061A,60400.0,-2.92,-0.2116,0.033220
stec8|S4061A,60400.0,-1.90,-0.0541,0.027700
stec8|S4061A,60400.0,-0.87,0.1011,0.024690
stec8|S4061A,60400.0,0.17,0.2385,0.027560
stec8|S4061A,60400.0,1.20,0.3625,0.030580
stec8|S4061A,60400.0,2.20,0.4787,0.033560
stec8|S4061A,60400.0,3.22,0.5981,0.036290
stec8|S4061A,60400.0,4.26,0.7475,0.037200
stec8|S4061A,60400.0,5.26,0.8630,0.037340
stec8|S4061A,60400.0,6.29,1.0123,0.033310
stec8|S4061A,60400.0,7.31,1.1451,0.029210
stec8|S4061A,60400.0,8.32,1.2344,0.029430
stec8|S4061A,60400.0,9.33,1.2925,0.034080
stec8|S4061A,60400.0,10.35,1.3272,0.041780
stec8|S4061A,99800.0,-3.92,-0.1184,0.028080
stec8|S4061A,99800.0,-2.89,0.0287,0.022000
stec8|S4061A,99800.0,-1.87,0.1626,0.019770
stec8|S4061A,99800.0,-0.86,0.3040,0.018190
stec8|S4061A,99800.0,0.17,0.4241,0.018950
stec8|S4061A,99800.0,1.19,0.5383,0.019560
stec8|S4061A,99800.0,2.21,0.6476,0.020060
stec8|S4061A,99800.0,3.24,0.7584,0.020030
stec8|S4061A,99800.0,4.25,0.8664,0.019770
stec8|S4061A,99800.0,5.28,0.9757,0.019380
stec8|S4061A,99800.0,6.28,1.0802,0.018980
stec8|S4061A,99800.0,7.31,1.1713,0.019690
stec8|S4061A,99800.0,8.32,1.2387,0.022460
stec8|S4061A,99800.0,9.33,1.2852,0.027360
stec8|S4061A,99800.0,10.34,1.2923,0.033230
stec8|S4061A,200400.0,-3.95,0.0048,0.016400
stec8|S4061A,200400.0,-2.93,0.1082,0.013360
stec8|S4061A,200400.0,-1.89,0.2163,0.012040
stec8|S4061A,200400.0,-0.86,0.3316,0.010060
stec8|S4061A,200400.0,0.16,0.4408,0.010300
stec8|S4061A,200400.0,1.18,0.5512,0.010570
stec8|S4061A,200400.0,2.19,0.6610,0.010800
stec8|S4061A,200400.0,3.22,0.7719,0.011100
stec8|S4061A,200400.0,4.26,0.8832,0.011490
stec8|S4061A,200400.0,5.27,0.9883,0.012030
stec8|S4061A,200400.0,6.30,1.0900,0.012930
stec8|S4061A,200400.0,7.30,1.1757,0.014750
stec8|S4061A,200400.0,8.32,1.2460,0.017910
stec8|S4061A,200400.0,9.33,1.2991,0.021640
stec8|S4061A,200400.0,10.34,1.3199,0.026990
stec8|S4061A,200400.0,11.33,1.3203,0.035280
stec8|S4061B,60200.0,-2.91,-0.2111,0.033170
stec8|S4061B,60200.0,-1.89,-0.0546,0.027710
stec8|S4061B,60200.0,-0.88,0.0957,0.024630
stec8|S4061B,60200.0,0.15,0.2329,0.027520
stec8|S4061B,60200.0,1.18,0.3584,0.030570
stec8|S4061B,60200.0,2.20,0.4776,0.033630
stec8|S4061B,60200.0,3.23,0.5975,0.036430
stec8|S4061B,60200.0,4.24,0.7392,0.037510
stec8|S4061B,60200.0,5.27,0.8633,0.037480
stec8|S4061B,60200.0,6.28,1.0080,0.033680
stec8|S4061B,60200.0,7.31,1.1441,0.029370
stec8|S4061B,60200.0,8.33,1.2351,0.029510
stec8|S4061B,60200.0,9.34,1.2929,0.034200
stec8|S4061B,60200.0,10.33,1.3274,0.041700
stec8|S4061B,60200.0,11.36,1.3633,0.052470
stec8|S4061B,100000.0,-2.90,0.0281,0.021980
stec8|S4061B,100000.0,-1.87,0.1634,0.019730
stec8|S4061B,100000.0,-0.84,0.3071,0.018170
stec8|S4061B,100000.0,0.18,0.4260,0.018910
stec8|S4061B,100000.0,1.20,0.5401,0.019500
stec8|S4061B,100000.0,2.22,0.6478,0.020090
stec8|S4061B,100000.0,3.24,0.7586,0.019980
stec8|S4061B,100000.0,4.26,0.8679,0.019700
stec8|S4061B,100000.0,5.28,0.9758,0.019350
stec8|S4061B,100000.0,6.31,1.0818,0.019030
stec8|S4061B,100000.0,7.31,1.1713,0.019670
stec8|S4061B,100000.0,8.33,1.2393,0.022480
stec8|S4061B,100000.0,9.34,1.2854,0.027380
stec8|S4061B,100000.0,10.35,1.2925,0.033310
stec8|S4061B,100000.0,11.37,1.3019,0.042510
stec8|S4061B,150800.0,-1.87,0.2230,0.014200
stec8|S4061B,150800.0,0.16,0.4464,0.012790
stec8|S4061B,150800.0,2.23,0.6651,0.013450
stec8|S4061B,150800.0,4.25,0.8805,0.013760
stec8|S4061B,150800.0,6.31,1.0890,0.014740
stec8|S4061B,150800.0,7.33,1.1766,0.016290
stec8|S4061B,150800.0,8.34,1.2430,0.019500
stec8|S4061B,150800.0,9.34,1.2883,0.023550
stec8|S4061B,150800.0,10.36,1.3053,0.029250
stec8|S4061B,198900.0,-4.97,-0.0969,0.021260
stec8|S4061B,198900.0,-3.99,0.0011,0.016580
stec8|S4061B,198900.0,-2.95,0.1065,0.013430
stec8|S4061B,198900.0,-1.91,0.2144,0.012120
stec8|S4061B,198900.0,-0.91,0.3265,0.010110
stec8|S4061B,198900.0,0.16,0.4409,0.010360
stec8|S4061B,198900.0,1.16,0.5491,0.010630
stec8|S4061B,198900.0,2.21,0.6632,0.010860
stec8|S4061B,198900.0,3.24,0.7741,0.011160
stec8|S4061B,198900.0,4.24,0.8810,0.011530
stec8|S4061B,198900.0,5.28,0.9893,0.012080
stec8|S4061B,198900.0,6.30,1.0899,0.012970
stec8|S4061B,198900.0,7.32,1.1771,0.014830
stec8|S4061B,198900.0,8.34,1.2471,0.018010
stec8|S4061B,198900.0,9.35,1.2996,0.021760
stec8|S4061B,198900.0,10.35,1.3197,0.027100
stec8|S4061B,198900.0,11.36,1.3202,0.035610
stec8|S4061B,198900.0,12.36,1.3343,0.044760
stec8|S4061B,300300.0,-3.92,-0.0121,0.013340
stec8|S4061B,300300.0,-2.91,0.0964,0.010980
stec8|S4061B,300300.0,-1.87,0.2095,0.009940
stec8|S4061B,300300.0,0.18,0.4373,0.007960
stec8|S4061B,300300.0,1.20,0.5501,0.008230
stec8|S4061B,300300.0,2.21,0.6612,0.008510
stec8|S4061B,300300.0,3.22,0.7716,0.008890
stec8|S4061B,300300.0,4.25,0.8827,0.009380
stec8|S4061B,300300.0,5.24,0.9867,0.010040
stec8|S4062,59300.0,-2.90,-0.2242,0.035930
stec8|S4062,59300.0,-1.88,-0.1210,0.029620
stec8|S4062,59300.0,-0.86,-0.0236,0.027150
stec8|S4062,59300.0,0.16,0.0974,0.027430
stec8|S4062,59300.0,1.17,0.2319,0.031590
stec8|S4062,59300.0,2.21,0.3684,0.035920
stec8|S4062,59300.0,3.23,0.4962,0.039710
stec8|S4062,59300.0,4.26,0.6410,0.042370
stec8|S4062,59300.0,5.29,0.7797,0.043020
stec8|S4062,59300.0,6.30,0.9522,0.038260
stec8|S4062,59300.0,7.32,1.1558,0.027420
stec8|S4062,59300.0,8.33,1.2365,0.029390
stec8|S4062,59300.0,9.35,1.2944,0.036170
stec8|S4062,59300.0,10.35,1.3357,0.044340
stec8|S4062,59300.0,11.35,1.3762,0.056690
stec8|S4062,98900.0,-3.90,-0.1762,0.033780
stec8|S4062,98900.0,-2.89,-0.0427,0.026460
stec8|S4062,98900.0,-1.86,0.0836,0.024190
stec8|S4062,98900.0,-0.84,0.1984,0.022470
stec8|S4062,98900.0,0.18,0.3177,0.024240
stec8|S4062,98900.0,1.21,0.4392,0.025900
stec8|S4062,98900.0,2.23,0.5605,0.027080
stec8|S4062,98900.0,3.25,0.7096,0.026560
stec8|S4062,98900.0,5.29,0.9825,0.021860
stec8|S4062,98900.0,6.31,1.1035,0.018970
stec8|S4062,98900.0,7.33,1.1838,0.019450
stec8|S4062,98900.0,8.34,1.2333,0.023810
stec8|S4062,98900.0,9.34,1.2679,0.028880
stec8|S4062,98900.0,10.36,1.2835,0.035270
stec8|S4062,150200.0,-3.92,-0.0096,0.022080
stec8|S4062,150200.0,-2.88,0.1143,0.018700
stec8|S4062,150200.0,-1.84,0.2341,0.017070
stec8|S4062,150200.0,-0.82,0.3643,0.015680
stec8|S4062,150200.0,0.18,0.4620,0.016580
stec8|S4062,150200.0,1.19,0.5810,0.016570
stec8|S4062,150200.0,2.22,0.6944,0.016230
stec8|S4062,150200.0,3.25,0.8099,0.015570
stec8|S4062,150200.0,4.27,0.9181,0.015070
stec8|S4062,150200.0,5.29,1.0258,0.014360
stec8|S4062,150200.0,6.31,1.1229,0.014280
stec8|S4062,150200.0,7.32,1.1856,0.016910
stec8|S4062,150200.0,8.34,1.2351,0.020780
stec8|S4062,150200.0,9.34,1.2653,0.024930
stec8|S4062,150200.0,10.35,1.2889,0.030990
stec8|S4062,150200.0,11.36,1.3108,0.039470
stec8|S4062,150200.0,12.35,1.3649,0.048130
stec8|S4062,201600.0,-4.93,-0.0527,0.010640
stec8|S4062,201600.0,-3.95,0.0461,0.006920
stec8|S4062,201600.0,-2.90,0.1516,0.005380
stec8|S4062,201600.0,-1.86,0.2593,0.004590
stec8|S4062,201600.0,-0.85,0.3687,0.003870
stec8|S4062,201600.0,0.19,0.4769,0.004080
stec8|S4062,201600.0,1.21,0.5863,0.004110
stec8|S4062,201600.0,2.23,0.6953,0.004110
stec8|S4062,201600.0,3.26,0.8066,0.004120
stec8|S4062,201600.0,4.28,0.9140,0.004170
stec8|S4062,201600.0,5.30,1.0166,0.004300
stec8|S4062,201600.0,6.31,1.1036,0.004940
stec8|S4062,201600.0,7.33,1.1595,0.007150
stec8|S4062,201600.0,8.34,1.2044,0.009730
stec8|S4062,201600.0,9.35,1.2338,0.013240
stec8|S4062,201600.0,10.36,1.2472,0.019750
stec8|S4062,201600.0,11.36,1.3194,0.036560
stec8|S4062,304900.0,-3.91,0.0421,0.013620
stec8|S4062,304900.0,-2.88,0.1526,0.011430
stec8|S4062,304900.0,-1.86,0.2634,0.010400
stec8|S4062,304900.0,-0.86,0.3640,0.009030
stec8|S4062,304900.0,0.17,0.4889,0.008660
stec8|S4062,304900.0,1.19,0.6003,0.008710
stec8|S4062,304900.0,2.23,0.7142,0.008780
stec8|S4062,304900.0,3.25,0.8254,0.008930
stec8|S4062,304900.0,4.26,0.9333,0.009140
stec8|S4062,304900.0,5.29,1.0384,0.009630
stec8|S4062,304900.0,6.31,1.1207,0.011570
stec8|S4180,106400.0,-2.91,0.1557,0.023520
stec8|S4180,106400.0,-0.88,0.3718,0.015910
stec8|S4180,106400.0,1.16,0.5851,0.015180
stec8|S4180,106400.0,3.23,0.8094,0.017290
stec8|S4180,106400.0,5.26,1.0242,0.019800
stec8|S4180,106400.0,7.29,1.2296,0.021870
stec8|S4180,106400.0,8.32,1.3210,0.023140
stec8|S4180,106400.0,9.33,1.3925,0.025700
stec8|S4180,106400.0,10.33,1.4436,0.030640
stec8|S4180,106400.0,11.34,1.4930,0.036700
stec8|S4180,106400.0,12.35,1.5402,0.043810
stec8|S4180,106400.0,13.32,1.5682,0.052110
stec8|S4180,201800.0,-2.92,0.1411,0.016040
stec8|S4180,201800.0,-0.86,0.3664,0.011770
stec8|S4180,201800.0,1.18,0.5837,0.010340
stec8|S4180,201800.0,3.23,0.8112,0.011910
stec8|S4180,201800.0,5.27,1.0321,0.013690
stec8|S4180,201800.0,7.30,1.2397,0.015680
stec8|S4180,201800.0,8.32,1.3338,0.017280
stec8|S4180,201800.0,9.33,1.4083,0.020350
stec8|S4180,201800.0,10.32,1.4570,0.024730
stec8|S4180,201800.0,11.34,1.4817,0.030040
stec8|S4180,201800.0,12.35,1.5076,0.036600
stec8|S4180,304700.0,-2.95,0.1302,0.013270
stec8|S4180,304700.0,-1.93,0.2438,0.011230
stec8|S4180,304700.0,-0.87,0.3632,0.010200
stec8|S4180,304700.0,0.14,0.4661,0.008030
stec8|S4180,304700.0,1.17,0.5825,0.008580
stec8|S4180,304700.0,2.19,0.6970,0.009190
stec8|S4180,304700.0,3.20,0.8095,0.009870
stec8|S4180,304700.0,4.24,0.9240,0.010610
stec8|S4180,304700.0,5.26,1.0345,0.011420
stec8|S4180,304700.0,6.28,1.1426,0.012310
stec8|S4180,304700.0,7.30,1.2469,0.013430
stec8|S4180,304700.0,8.32,1.3430,0.015240
stec8|S4180,304700.0,9.32,1.4224,0.018170
stec8|S4180,304700.0,10.32,1.4827,0.021920
stec8|S4233,60300.0,-2.92,-0.2461,0.028370
stec8|S4233,60300.0,-1.90,-0.1940,0.030470
stec8|S4233,60300.0,-0.88,0.0713,0.033120
stec8|S4233,60300.0,0.15,0.1138,0.034460
stec8|S4233,60300.0,1.16,0.2191,0.037520
stec8|S4233,127300.0,-4.97,-0.1531,0.022590
stec8|S4233,127300.0,-3.95,-0.0726,0.017940
stec8|S4233,127300.0,-2.92,0.0160,0.017690
stec8|S4233,127300.0,-1.90,0.1178,0.017730
stec8|S4233,127300.0,-0.87,0.2048,0.017960
stec8|S4233,127300.0,0.13,0.3218,0.017940
stec8|S4233,127300.0,1.16,0.5361,0.017410
stec8|S4233,127300.0,2.18,0.6123,0.017750
stec8|S4233,127300.0,3.20,0.7062,0.018340
stec8|S4233,127300.0,4.23,0.8126,0.018820
stec8|S4233,127300.0,5.25,0.9210,0.019190
stec8|S4233,127300.0,6.27,1.0265,0.019660
stec8|S4233,127300.0,7.28,1.1292,0.019900
stec8|S4233,127300.0,8.30,1.2220,0.020170
stec8|S4233,127300.0,9.33,1.2842,0.021340
stec8|S4233,150200.0,-4.94,-0.1378,0.020330
stec8|S4233,150200.0,-3.92,-0.0576,0.015980
stec8|S4233,150200.0,-2.91,0.0328,0.015310
stec8|S4233,150200.0,-1.89,0.1340,0.015330
stec8|S4233,150200.0,-0.86,0.2298,0.015420
stec8|S4233,150200.0,0.16,0.3310,0.015170
stec8|S4233,150200.0,1.18,0.4985,0.015140
stec8|S4233,150200.0,2.20,0.6318,0.015160
stec8|S4233,150200.0,3.24,0.7242,0.015660
stec8|S4233,150200.0,4.25,0.8284,0.016150
stec8|S4233,150200.0,5.28,0.9363,0.016630
stec8|S4233,150200.0,6.30,1.0421,0.017120
stec8|S4233,150200.0,7.32,1.1403,0.017620
stec8|S4233,150200.0,8.35,1.2272,0.018320
stec8|S4233,150200.0,9.35,1.2811,0.019850
stec8|S4233,150200.0,10.37,1.2794,0.023750
stec8|S4233,200200.0,-5.05,-0.1568,0.017910
stec8|S4233,200200.0,-3.99,-0.0590,0.014580
stec8|S4233,200200.0,-2.97,0.0337,0.012350
stec8|S4233,200200.0,-1.94,0.1392,0.012330
stec8|S4233,200200.0,-0.90,0.2472,0.012260
stec8|S4233,200200.0,0.13,0.3497,0.012230
stec8|S4233,200200.0,1.15,0.4593,0.012120
stec8|S4233,200200.0,2.18,0.6397,0.012120
stec8|S4233,200200.0,3.22,0.7340,0.012490
stec8|S4233,200200.0,4.24,0.8389,0.012990
stec8|S4233,200200.0,5.27,0.9469,0.013540
stec8|S4233,200200.0,6.30,1.0498,0.014160
stec8|S4233,200200.0,7.31,1.1458,0.014830
stec8|S4233,200200.0,8.34,1.2269,0.015940
stec8|S4233,200200.0,9.36,1.2706,0.018130
stec8|S4233,200200.0,10.36,1.2736,0.022570
stec8|S4233,305100.0,-5.97,-0.2618,0.018090
stec8|S4233,305100.0,-4.95,-0.1629,0.014770
stec8|S4233,305100.0,-3.98,-0.0641,0.012830
stec8|S4233,305100.0,-2.98,0.0332,0.010030
stec8|S4233,305100.0,-1.98,0.1392,0.009600
stec8|S4233,305100.0,-0.98,0.2487,0.009550
stec8|S4233,305100.0,0.11,0.3665,0.009520
stec8|S4233,305100.0,1.17,0.4773,0.009510
stec8|S4233,305100.0,2.17,0.5896,0.009510
stec8|S4233,305100.0,3.23,0.7392,0.009750
stec8|S4233,305100.0,4.25,0.8438,0.010220
stec8|S4233,305100.0,5.27,0.9499,0.010780
stec8|S4233,305100.0,6.29,1.0525,0.011440
stec8|S4233,305100.0,7.32,1.1481,0.012340
stec8|S4233,305100.0,8.34,1.2233,0.013910
stec8|S4233,305100.0,9.34,1.2593,0.016630
stec8|S4233,305100.0,10.35,1.2632,0.021830
stec8|S4233,305100.0,11.35,1.2503,0.030080
stec8|SD2030,101000.0,-2.94,-0.2836,0.022930
stec8|SD2030,101000.0,-0.91,-0.0955,0.015150
stec8|SD2030,101000.0,0.11,0.0235,0.016900
stec8|SD2030,101000.0,1.66,0.2824,0.019550
stec8|SD2030,101000.0,3.19,0.5587,0.018130
stec8|SD2030,101000.0,4.72,0.7798,0.014300
stec8|SD2030,101000.0,6.27,0.8850,0.018790
stec8|SD2030,101000.0,7.76,1.0035,0.026700
stec8|SD2030,150200.0,-2.94,-0.2835,0.020320
stec8|SD2030,150200.0,-1.39,-0.0909,0.014000
stec8|SD2030,150200.0,0.13,0.1683,0.014980
stec8|SD2030,150200.0,1.66,0.4144,0.014390
stec8|SD2030,150200.0,3.23,0.6494,0.011830
stec8|SD2030,150200.0,4.74,0.7950,0.011670
stec8|SD2030,150200.0,6.26,0.8894,0.016470
stec8|SD2030,150200.0,7.78,1.0026,0.022730
stec8|SD2030,150200.0,9.32,1.1127,0.031100
stec8|SD2030,150200.0,10.81,1.1599,0.046690
stec8|SD2030,150200.0,12.27,1.0596,0.069530
stec8|SD2030,198100.0,-3.96,-0.3322,0.023660
stec8|SD2030,198100.0,-2.94,-0.1976,0.017950
stec8|SD2030,198100.0,-1.93,-0.0655,0.014400
stec8|SD2030,198100.0,-0.90,0.1077,0.012680
stec8|SD2030,198100.0,0.14,0.2616,0.012430
stec8|SD2030,198100.0,1.18,0.4444,0.011220
stec8|SD2030,198100.0,2.20,0.5670,0.010080
stec8|SD2030,198100.0,3.23,0.6684,0.009550
stec8|SD2030,198100.0,4.23,0.7569,0.009840
stec8|SD2030,198100.0,5.25,0.8241,0.012220
stec8|SD2030,198100.0,6.27,0.8958,0.015200
stec8|SD2030,198100.0,7.28,0.9702,0.018630
stec8|SD2030,198100.0,8.30,1.0472,0.022490
stec8|SD2030,198100.0,9.30,1.1125,0.026510
stec8|SD2030,198100.0,10.31,1.1669,0.035850
stec8|SD2030,303800.0,-5.08,-0.3649,0.033120
stec8|SD2030,303800.0,-4.07,-0.2439,0.018130
stec8|SD2030,303800.0,-2.91,-0.0974,0.013800
stec8|SD2030,303800.0,-0.95,0.1353,0.009180
stec8|SD2030,303800.0,0.11,0.3825,0.008540
stec8|SD2030,303800.0,1.07,0.4917,0.007770
stec8|SD2030,303800.0,2.16,0.5877,0.007430
stec8|SD2030,303800.0,3.20,0.6750,0.007580
stec8|SD2030,303800.0,4.22,0.7496,0.008840
stec8|SD2030,303800.0,5.24,0.8229,0.011180
stec8|SD2030,303800.0,6.26,0.9055,0.013560
stec8|SD2030,303800.0,7.28,0.9857,0.016410
stec8|SD2030,303800.0,8.30,1.0702,0.018650
stec8|SD2030,303800.0,9.30,1.1357,0.022400
stec8|SD2083,63300.0,-3.95,-0.3732,0.040780
stec8|SD2083,63300.0,-2.92,-0.2773,0.029480
stec8|SD2083,63300.0,-1.90,-0.1861,0.024630
stec8|SD2083,63300.0,-0.88,-0.0743,0.019240
stec8|SD2083,63300.0,0.15,0.0040,0.020970
stec8|SD2083,63300.0,1.18,0.1584,0.024770
stec8|SD2083,63300.0,2.21,0.3182,0.028160
stec8|SD2083,63300.0,3.23,0.4789,0.030290
stec8|SD2083,63300.0,4.25,0.6544,0.029830
stec8|SD2083,63300.0,5.27,0.8211,0.025760
stec8|SD2083,63300.0,6.28,0.9512,0.021860
stec8|SD2083,63300.0,7.29,1.0227,0.024770
stec8|SD2083,63300.0,8.30,1.0731,0.030850
stec8|SD2083,63300.0,9.31,1.1091,0.040190
stec8|SD2083,101200.0,-2.90,-0.2482,0.025860
stec8|SD2083,101200.0,-1.88,-0.1041,0.021520
stec8|SD2083,101200.0,-0.85,0.0632,0.018040
stec8|SD2083,101200.0,0.17,0.2097,0.019410
stec8|SD2083,101200.0,2.22,0.5243,0.019930
stec8|SD2083,101200.0,3.24,0.6482,0.019040
stec8|SD2083,101200.0,4.26,0.7686,0.017350
stec8|SD2083,101200.0,5.27,0.8745,0.015850
stec8|SD2083,101200.0,6.28,0.9574,0.016660
stec8|SD2083,101200.0,7.29,1.0193,0.020240
stec8|SD2083,101200.0,8.30,1.0610,0.024530
stec8|SD2083,101200.0,9.31,1.0956,0.033780
stec8|SD2083,101200.0,10.32,1.1698,0.045390
stec8|SD2083,101200.0,11.29,1.1570,0.058360
stec8|SD2083,200900.0,-3.91,-0.1452,0.020440
stec8|SD2083,200900.0,-2.90,-0.0104,0.015860
stec8|SD2083,200900.0,-1.87,0.0903,0.012150
stec8|SD2083,200900.0,-0.83,0.3150,0.010700
stec8|SD2083,200900.0,0.17,0.3995,0.010720
stec8|SD2083,200900.0,1.20,0.4949,0.010480
stec8|SD2083,200900.0,2.23,0.5923,0.010280
stec8|SD2083,200900.0,3.24,0.6910,0.010190
stec8|SD2083,200900.0,4.26,0.7901,0.010240
stec8|SD2083,200900.0,5.27,0.8811,0.011010
stec8|SD2083,200900.0,6.29,0.9553,0.013380
stec8|SD2083,200900.0,7.29,1.0219,0.016350
stec8|SD2083,200900.0,8.31,1.0663,0.021770
stec8|SD2083,200900.0,9.31,1.1009,0.026930
stec8|SD2083,300700.0,-3.92,-0.0782,0.015270
stec8|SD2083,300700.0,-2.90,0.0217,0.012450
stec8|SD2083,300700.0,-1.89,0.1176,0.009920
stec8|SD2083,300700.0,-0.85,0.2844,0.008010
stec8|SD2083,300700.0,0.18,0.3943,0.007840
stec8|SD2083,300700.0,1.19,0.4897,0.007780
stec8|SD2083,300700.0,2.21,0.5897,0.007840
stec8|SD2083,300700.0,3.24,0.6916,0.008020
stec8|SD2083,300700.0,4.24,0.7880,0.008470
stec8|SD2083,300700.0,5.27,0.8771,0.009830
stec8|SD5060,60000.0,-3.95,-0.3178,0.023160
stec8|SD5060,60000.0,-2.94,-0.2410,0.020720
stec8|SD5060,60000.0,-1.92,-0.1620,0.018860
stec8|SD5060,60000.0,-0.90,-0.0717,0.017560
stec8|SD5060,60000.0,0.14,0.0814,0.020410
stec8|SD5060,60000.0,1.18,0.2704,0.023200
stec8|SD5060,60000.0,2.18,0.4529,0.024350
stec8|SD5060,60000.0,3.20,0.6003,0.023770
stec8|SD5060,60000.0,4.23,0.7124,0.022500
stec8|SD5060,60000.0,5.25,0.8133,0.021710
stec8|SD5060,60000.0,6.26,0.9053,0.024020
stec8|SD5060,60000.0,7.29,1.0000,0.028870
stec8|SD5060,60000.0,8.30,1.0861,0.035330
stec8|SD5060,60000.0,9.31,1.1627,0.043770
stec8|SD5060,60000.0,10.31,1.1856,0.056380
stec8|SD5060,99800.0,-2.94,-0.2358,0.017030
stec8|SD5060,99800.0,-1.91,-0.0692,0.015820
stec8|SD5060,99800.0,-0.87,0.1284,0.014880
stec8|SD5060,99800.0,0.15,0.2950,0.015080
stec8|SD5060,99800.0,1.19,0.4166,0.015150
stec8|SD5060,99800.0,2.20,0.5165,0.015050
stec8|SD5060,99800.0,3.21,0.6163,0.014860
stec8|SD5060,99800.0,4.23,0.7177,0.014870
stec8|SD5060,99800.0,5.25,0.8142,0.015830
stec8|SD5060,99800.0,6.27,0.9041,0.018760
stec8|SD5060,99800.0,7.29,0.9971,0.022630
stec8|SD5060,99800.0,8.31,1.0901,0.027050
stec8|SD5060,99800.0,9.32,1.1728,0.032400
stec8|SD5060,99800.0,10.32,1.2388,0.038850
stec8|SD5060,150400.0,-4.98,-0.4107,0.019220
stec8|SD5060,150400.0,-3.96,-0.2654,0.014840
stec8|SD5060,150400.0,-2.92,-0.0965,0.013710
stec8|SD5060,150400.0,-1.92,0.0496,0.012110
stec8|SD5060,150400.0,-0.89,0.1822,0.010980
stec8|SD5060,150400.0,0.15,0.3079,0.010880
stec8|SD5060,150400.0,1.15,0.4022,0.010980
stec8|SD5060,150400.0,2.19,0.5066,0.011080
stec8|SD5060,150400.0,3.20,0.6105,0.011310
stec8|SD5060,150400.0,4.23,0.7158,0.011880
stec8|SD5060,150400.0,5.25,0.8143,0.013290
stec8|SD5060,150400.0,6.27,0.9062,0.016010
stec8|SD5060,150400.0,7.28,0.9976,0.019060
stec8|SD5060,150400.0,8.30,1.0879,0.022360
stec8|SD5060,150400.0,9.32,1.1711,0.026150
stec8|SD5060,150400.0,10.32,1.2391,0.030970
stec8|SD5060,150400.0,11.33,1.2736,0.035880
stec8|SD5060,202500.0,-4.96,-0.3480,0.016250
stec8|SD5060,202500.0,-3.95,-0.1927,0.012610
stec8|SD5060,202500.0,-2.91,-0.0451,0.011490
stec8|SD5060,202500.0,-1.90,0.0641,0.010300
stec8|SD5060,202500.0,-0.88,0.1533,0.009210
stec8|SD5060,202500.0,0.15,0.2932,0.008910
stec8|SD5060,202500.0,1.17,0.3951,0.009060
stec8|SD5060,202500.0,2.20,0.5027,0.009300
stec8|SD5060,202500.0,3.22,0.6101,0.009710
stec8|SD5060,202500.0,4.24,0.7158,0.010480
stec8|SD5060,202500.0,5.26,0.8157,0.012060
stec8|SD5060,202500.0,6.27,0.9096,0.014490
stec8|SD5060,202500.0,7.30,1.0038,0.017210
stec8|SD5060,202500.0,8.31,1.0940,0.019920
stec8|SD5060,202500.0,9.32,1.1769,0.022920
stec8|SD5060,202500.0,10.34,1.2451,0.026640
stec8|SD5060,202500.0,11.34,1.2812,0.031240
stec8|SD5060,202500.0,12.34,1.2877,0.038920
stec8|SD5060,304100.0,-6.07,-0.4439,0.017050
stec8|SD5060,304100.0,-5.05,-0.2923,0.013280
stec8|SD5060,304100.0,-4.01,-0.1666,0.010510
stec8|SD5060,304100.0,-2.98,-0.0614,0.009740
stec8|SD5060,304100.0,-1.93,0.0463,0.008810
stec8|SD5060,304100.0,-0.91,0.1496,0.007790
stec8|SD5060,304100.0,0.13,0.2794,0.007080
stec8|SD5060,304100.0,1.16,0.3870,0.007300
stec8|SD5060,304100.0,2.19,0.4974,0.007660
stec8|SD5060,304100.0,3.22,0.6080,0.008200
stec8|SD5060,304100.0,4.23,0.7140,0.009130
stec8|SD5060,304100.0,5.25,0.8162,0.010770
stec8|SD5060,304100.0,6.26,0.9148,0.012780
stec8|SD5060,304100.0,7.30,1.0149,0.014850
stec8|SD5060,304100.0,8.30,1.1079,0.016960
stec8|SD6060,59100.0,-6.00,-0.5335,0.050470
stec8|SD6060,59100.0,-4.97,-0.4936,0.037140
stec8|SD6060,59100.0,-3.96,-0.4207,0.028030
stec8|SD6060,59100.0,-2.96,-0.3403,0.021120
stec8|SD6060,59100.0,-1.93,-0.1492,0.019860
stec8|SD6060,59100.0,-0.93,-0.1396,0.020010
stec8|SD6060,59100.0,0.12,-0.0007,0.022640
stec8|SD6060,59100.0,1.15,0.1495,0.025480
stec8|SD6060,59100.0,2.17,0.2994,0.028050
stec8|SD6060,59100.0,3.19,0.4347,0.030020
stec8|SD6060,59100.0,4.21,0.5940,0.029970
stec8|SD6060,59100.0,5.23,0.7229,0.028200
stec8|SD6060,59100.0,6.25,0.8464,0.024850
stec8|SD6060,59100.0,7.26,0.9276,0.024870
stec8|SD6060,59100.0,8.28,0.9620,0.029950
stec8|SD6060,59100.0,9.28,1.0299,0.040360
stec8|SD6060,59100.0,10.28,1.0732,0.054060
stec8|SD6060,100600.0,-4.99,-0.5081,0.031740
stec8|SD6060,100600.0,-3.96,-0.4144,0.023990
stec8|SD6060,100600.0,-2.95,-0.2815,0.016290
stec8|SD6060,100600.0,-1.92,-0.0168,0.017590
stec8|SD6060,100600.0,-0.89,0.1950,0.017080
stec8|SD6060,100600.0,0.16,0.3392,0.016830
stec8|SD6060,100600.0,1.17,0.4328,0.016840
stec8|SD6060,100600.0,2.19,0.5144,0.016900
stec8|SD6060,100600.0,3.21,0.5942,0.016970
stec8|SD6060,100600.0,4.22,0.6827,0.016650
stec8|SD6060,100600.0,5.25,0.7741,0.016440
stec8|SD6060,100600.0,6.26,0.8596,0.016670
stec8|SD6060,100600.0,7.27,0.9245,0.019100
stec8|SD6060,100600.0,8.29,0.9603,0.024590
stec8|SD6060,100600.0,9.30,1.0221,0.032780
stec8|SD6060,155700.0,-3.95,-0.2681,0.017160
stec8|SD6060,155700.0,-2.93,-0.1566,0.012120
stec8|SD6060,155700.0,-1.91,-0.0297,0.012790
stec8|SD6060,155700.0,-0.89,0.1901,0.013000
stec8|SD6060,155700.0,0.13,0.3593,0.012090
stec8|SD6060,155700.0,1.15,0.4338,0.011920
stec8|SD6060,155700.0,2.18,0.5145,0.011900
stec8|SD6060,155700.0,3.21,0.6000,0.011960
stec8|SD6060,155700.0,4.23,0.6877,0.012170
stec8|SD6060,155700.0,5.24,0.7759,0.012540
stec8|SD6060,155700.0,6.27,0.8598,0.013650
stec8|SD6060,155700.0,7.27,0.9251,0.016550
stec8|SD6060,155700.0,8.28,0.9681,0.022020
stec8|SD6060,155700.0,9.31,1.0190,0.028690
stec8|SD6060,155700.0,10.29,1.0925,0.035750
stec8|SD6060,199700.0,-3.97,-0.2198,0.014410
stec8|SD6060,199700.0,-2.93,-0.1318,0.010320
stec8|SD6060,199700.0,-1.92,-0.0365,0.010430
stec8|SD6060,199700.0,-0.90,0.1031,0.010870
stec8|SD6060,199700.0,0.15,0.2959,0.010740
stec8|SD6060,199700.0,1.16,0.4295,0.010270
stec8|SD6060,199700.0,2.18,0.5132,0.010190
stec8|SD6060,199700.0,3.20,0.5991,0.010300
stec8|SD6060,199700.0,4.22,0.6873,0.010590
stec8|SD6060,199700.0,5.25,0.7767,0.011130
stec8|SD6060,199700.0,6.26,0.8568,0.012600
stec8|SD6060,199700.0,7.28,0.9279,0.015530
stec8|SD6060,199700.0,8.30,0.9778,0.020650
stec8|SD6060,199700.0,9.31,1.0238,0.025750
stec8|SD6060,199700.0,10.31,1.0892,0.033180
stec8|SD6060,307400.0,-3.99,-0.2189,0.012220
stec8|SD6060,307400.0,-1.94,-0.0439,0.007840
stec8|SD6060,307400.0,-0.91,0.0573,0.007960
stec8|SD6060,307400.0,0.12,0.1859,0.008260
stec8|SD6060,307400.0,1.15,0.3530,0.008400
stec8|SD6060,307400.0,2.18,0.5140,0.008290
stec8|SD6060,307400.0,3.20,0.6011,0.008370
stec8|SD6060,307400.0,4.22,0.6887,0.008710
stec8|SD6060,307400.0,5.24,0.7755,0.009460
stec8|SD6060,307400.0,6.27,0.8539,0.011550
stec8|SD6060,307400.0,7.28,0.9331,0.014070
stec8|SD6060,307400.0,8.29,0.9904,0.018610
stec8|SD6060,307400.0,9.30,1.0448,0.022500
stec8|SD6080,59400.0,-1.89,-0.0736,0.029230
stec8|SD6080,59400.0,-0.88,0.0821,0.023340
stec8|SD6080,59400.0,0.17,0.2313,0.026250
stec8|SD6080,59400.0,1.19,0.3687,0.029050
stec8|SD6080,59400.0,2.21,0.4944,0.031740
stec8|SD6080,59400.0,3.24,0.6011,0.034580
stec8|SD6080,59400.0,4.26,0.7432,0.035610
stec8|SD6080,59400.0,5.27,0.8678,0.035330
stec8|SD6080,59400.0,6.29,0.9970,0.032860
stec8|SD6080,59400.0,7.30,1.1280,0.028720
stec8|SD6080,59400.0,8.32,1.2120,0.029290
stec8|SD6080,59400.0,9.33,1.2602,0.034640
stec8|SD6080,59400.0,10.34,1.2570,0.042770
stec8|SD6080,59400.0,11.33,1.3138,0.056430
stec8|SD6080,59400.0,12.35,1.3056,0.071660
stec8|SD6080,100400.0,-3.90,-0.1462,0.039380
stec8|SD6080,100400.0,-2.89,0.0090,0.023990
stec8|SD6080,100400.0,-1.88,0.1550,0.017900
stec8|SD6080,100400.0,-0.83,0.3161,0.016530
stec8|SD6080,100400.0,0.18,0.4221,0.017360
stec8|SD6080,100400.0,1.21,0.5343,0.017950
stec8|SD6080,100400.0,2.23,0.6399,0.018580
stec8|SD6080,100400.0,3.25,0.7499,0.018660
stec8|SD6080,100400.0,4.27,0.8539,0.018920
stec8|SD6080,100400.0,5.29,0.9616,0.018700
stec8|SD6080,100400.0,6.30,1.0613,0.018680
stec8|SD6080,100400.0,7.33,1.1513,0.019360
stec8|SD6080,100400.0,8.35,1.2147,0.022520
stec8|SD6080,100400.0,9.37,1.2462,0.027380
stec8|SD6080,100400.0,10.36,1.2345,0.036160
stec8|SD6080,100400.0,11.35,1.2878,0.045360
stec8|SD6080,149700.0,-1.89,0.1994,0.012940
stec8|SD6080,149700.0,0.18,0.4355,0.012050
stec8|SD6080,149700.0,2.23,0.6495,0.012910
stec8|SD6080,149700.0,3.24,0.7555,0.013320
stec8|SD6080,149700.0,4.27,0.8637,0.013660
stec8|SD6080,149700.0,6.30,1.0666,0.014620
stec8|SD6080,149700.0,7.32,1.1530,0.016170
stec8|SD6080,149700.0,8.34,1.2154,0.019640
stec8|SD6080,149700.0,9.35,1.2592,0.024190
stec8|SD6080,200500.0,-3.94,-0.0089,0.019940
stec8|SD6080,200500.0,-2.88,0.0993,0.014610
stec8|SD6080,200500.0,-1.88,0.1985,0.011250
stec8|SD6080,200500.0,-0.84,0.3223,0.009500
stec8|SD6080,200500.0,0.13,0.4238,0.009800
stec8|SD6080,200500.0,1.17,0.5345,0.010190
stec8|SD6080,200500.0,2.21,0.6457,0.010580
stec8|SD6080,200500.0,3.23,0.7545,0.010990
stec8|SD6080,200500.0,4.26,0.8633,0.011430
stec8|SD6080,200500.0,5.27,0.9674,0.011940
stec8|SD6080,200500.0,6.31,1.0691,0.012800
stec8|SD6080,200500.0,7.32,1.1520,0.014820
stec8|SD6080,200500.0,8.35,1.2210,0.018250
stec8|SD6080,200500.0,9.35,1.2596,0.023260
stec8|SD6080,200500.0,10.34,1.2594,0.030370
stec8|SD6080,200500.0,11.34,1.2824,0.037590
stec8|SD6080,301100.0,-4.93,-0.1189,0.032850
stec8|SD6080,301100.0,-3.94,-0.0244,0.016630
stec8|SD6080,301100.0,-2.91,0.0824,0.012330
stec8|SD6080,301100.0,-1.91,0.1891,0.009950
stec8|SD6080,301100.0,-0.87,0.2994,0.007540
stec8|SD6080,301100.0,0.13,0.4176,0.007750
stec8|SD6080,301100.0,1.16,0.5293,0.008080
stec8|SD6080,301100.0,2.16,0.6379,0.008450
stec8|SD6080,301100.0,3.16,0.7460,0.008830
stec8|SD6080,301100.0,4.13,0.8497,0.009280
stec8|SD6080,301100.0,5.19,0.9603,0.009920
stec8|SD6080,301100.0,6.27,1.0662,0.011090
stec8|SD6080,301100.0,7.26,1.1480,0.013480
stec8|SD6080,301100.0,8.31,1.2259,0.016680
stec8|SD7003,60300.0,-2.95,-0.2302,0.016910
stec8|SD7003,60300.0,-1.41,-0.0700,0.014080
stec8|SD7003,60300.0,0.12,0.0307,0.015390
stec8|SD7003,60300.0,1.67,0.3652,0.017560
stec8|SD7003,60300.0,3.20,0.5506,0.018110
stec8|SD7003,60300.0,4.73,0.6943,0.021050
stec8|SD7003,60300.0,6.26,0.8393,0.026210
stec8|SD7003,60300.0,7.78,0.9751,0.034780
stec8|SD7003,60300.0,9.30,1.0677,0.050320
stec8|SD7003,102000.0,-2.93,-0.2229,0.013730
stec8|SD7003,102000.0,-1.41,-0.0776,0.011180
stec8|SD7003,102000.0,0.13,0.1532,0.012220
stec8|SD7003,102000.0,1.67,0.3928,0.011840
stec8|SD7003,102000.0,3.20,0.5402,0.013320
stec8|SD7003,102000.0,4.73,0.6898,0.015820
stec8|SD7003,102000.0,6.26,0.8378,0.019720
stec8|SD7003,102000.0,7.78,0.9786,0.025490
stec8|SD7003,102000.0,9.31,1.0991,0.034940
stec8|SD7003,102000.0,10.81,1.1516,0.053940
stec8|SD7003,151800.0,-2.93,-0.2214,0.012020
stec8|SD7003,151800.0,-1.40,-0.1021,0.009740
stec8|SD7003,151800.0,0.13,0.2228,0.009180
stec8|SD7003,151800.0,1.67,0.3846,0.009630
stec8|SD7003,151800.0,3.19,0.5352,0.011100
stec8|SD7003,151800.0,4.73,0.6897,0.013300
stec8|SD7003,151800.0,6.26,0.8405,0.016450
stec8|SD7003,151800.0,7.79,0.9836,0.020940
stec8|SD7003,151800.0,9.31,1.1070,0.028510
stec8|SD7003,151800.0,10.82,1.1942,0.042090
stec8|SD7003,200800.0,-2.92,-0.2212,0.010990
stec8|SD7003,200800.0,-1.40,-0.0402,0.008540
stec8|SD7003,200800.0,0.14,0.2381,0.007750
stec8|SD7003,200800.0,1.66,0.3791,0.008540
stec8|SD7003,200800.0,3.20,0.5349,0.009970
stec8|SD7003,200800.0,4.74,0.6921,0.011980
stec8|SD7003,200800.0,6.28,0.8462,0.014820
stec8|SD7003,200800.0,7.80,0.9919,0.018460
stec8|SD7003,200800.0,9.31,1.1146,0.025190
stec8|SD7003,200800.0,10.83,1.2127,0.035890
stec8|SD7003,200800.0,11.82,1.2261,0.047550
stec8|SD7003,300300.0,-2.94,-0.2257,0.009840
stec8|SD7003,300300.0,-1.91,-0.0591,0.007650
stec8|SD7003,300300.0,-0.90,0.0801,0.006600
stec8|SD7003,300300.0,0.14,0.2068,0.006530
stec8|SD7003,300300.0,1.15,0.3241,0.007020
stec8|SD7003,300300.0,2.18,0.4282,0.007780
stec8|SD7003,300300.0,3.20,0.5346,0.008710
stec8|SD7003,300300.0,4.23,0.6425,0.009820
stec8|SD7003,300300.0,5.25,0.7486,0.011170
stec8|SD7003,300300.0,6.26,0.8518,0.012800
stec8|SD7003,300300.0,7.28,0.9533,0.014760
stec8|SD7003,300300.0,8.31,1.0522,0.017110
stec8|SD7003,300300.0,9.32,1.1350,0.021190
stec8|SD7003,300300.0,10.34,1.2050,0.026660
stec8|SD7003,300300.0,11.32,1.2563,0.032930
stec8|SD7032B,61200.0,-2.90,-0.2005,0.024190
stec8|SD7032B,61200.0,-1.89,-0.0759,0.016730
stec8|SD7032B,61200.0,-0.87,0.0601,0.022720
stec8|SD7032B,61200.0,0.17,0.2463,0.025610
stec8|SD7032B,61200.0,1.20,0.4146,0.027210
stec8|SD7032B,61200.0,2.23,0.5797,0.027400
stec8|SD7032B,61200.0,3.25,0.7276,0.026490
stec8|SD7032B,61200.0,4.26,0.8517,0.026000
stec8|SD7032B,61200.0,5.27,0.9692,0.026030
stec8|SD7032B,61200.0,6.29,1.0761,0.027340
stec8|SD7032B,61200.0,7.31,1.1754,0.029670
stec8|SD7032B,61200.0,8.31,1.2589,0.032880
stec8|SD7032B,61200.0,9.33,1.3400,0.036340
stec8|SD7032B,61200.0,10.34,1.3927,0.041870
stec8|SD7032B,61200.0,11.35,1.4298,0.049990
stec8|SD7032B,101300.0,-3.92,-0.2396,0.038970
stec8|SD7032B,101300.0,-2.89,-0.0629,0.025290
stec8|SD7032B,101300.0,-1.86,0.1025,0.019610
stec8|SD7032B,101300.0,-0.84,0.2538,0.017570
stec8|SD7032B,101300.0,1.21,0.5564,0.016250
stec8|SD7032B,101300.0,2.23,0.6786,0.015590
stec8|SD7032B,101300.0,3.25,0.7890,0.015700
stec8|SD7032B,101300.0,4.26,0.8951,0.016370
stec8|SD7032B,101300.0,5.28,0.9980,0.017650
stec8|SD7032B,101300.0,6.30,1.0954,0.019430
stec8|SD7032B,101300.0,7.32,1.1877,0.021610
stec8|SD7032B,101300.0,8.34,1.2712,0.024200
stec8|SD7032B,101300.0,9.35,1.3395,0.027300
stec8|SD7032B,101300.0,10.37,1.3857,0.031780
stec8|SD7032B,101300.0,11.37,1.4157,0.037930
stec8|SD7032B,203400.0,-3.91,-0.0216,0.019640
stec8|SD7032B,203400.0,-2.88,0.1264,0.014790
stec8|SD7032B,203400.0,-1.85,0.2465,0.011010
stec8|SD7032B,203400.0,-0.83,0.3448,0.009580
stec8|SD7032B,203400.0,0.19,0.4698,0.009260
stec8|SD7032B,203400.0,1.21,0.5803,0.009370
stec8|SD7032B,203400.0,2.24,0.6906,0.009820
stec8|SD7032B,203400.0,3.24,0.7952,0.010550
stec8|SD7032B,203400.0,4.27,0.9004,0.011560
stec8|SD7032B,203400.0,5.30,1.0027,0.012820
stec8|SD7032B,203400.0,6.31,1.0992,0.014300
stec8|SD7032B,203400.0,7.34,1.1917,0.016090
stec8|SD7032B,203400.0,8.34,1.2741,0.018150
stec8|SD7032B,203400.0,9.35,1.3457,0.020730
stec8|SD7032B,203400.0,10.37,1.3909,0.024330
stec8|SD7032B,203400.0,11.38,1.4116,0.029910
stec8|SD7032B,305400.0,-3.88,0.0397,0.014790
stec8|SD7032B,305400.0,-2.87,0.1474,0.011600
stec8|SD7032B,305400.0,-1.85,0.2543,0.008930
stec8|SD7032B,305400.0,-0.83,0.3515,0.007620
stec8|SD7032B,305400.0,0.19,0.4696,0.007290
stec8|SD7032B,305400.0,1.22,0.5817,0.007650
stec8|SD7032B,305400.0,2.22,0.6890,0.008230
stec8|SD7032B,305400.0,3.26,0.7983,0.009030
stec8|SD7032B,305400.0,4.26,0.9015,0.009970
stec8|SD7032B,305400.0,5.30,1.0061,0.011140
stec8|SD7032B,305400.0,6.30,1.1032,0.012470
stec8|SD7032B,305400.0,7.31,1.1971,0.014030
stec8|SD7032B,305400.0,8.34,1.2857,0.016010
stec8|SD7032B,305400.0,9.34,1.3630,0.018290
stec8|SD7032B,305400.0,10.36,1.4164,0.021580
stec8|SD7032B,305400.0,11.37,1.4474,0.026120
stec8|SD7032C F0,62200.0,-3.92,-0.3958,0.064430
stec8|SD7032C F0,62200.0,-2.92,-0.1911,0.032890
stec8|SD7032C F0,62200.0,-1.88,-0.0922,0.027070
stec8|SD7032C F0,62200.0,-0.85,0.0693,0.022680
stec8|SD7032C F0,62200.0,0.18,0.2487,0.025400
stec8|SD7032C F0,62200.0,1.20,0.4115,0.026980
stec8|SD7032C F0,62200.0,2.22,0.5818,0.026980
stec8|SD7032C F0,62200.0,3.25,0.7287,0.026120
stec8|SD7032C F0,62200.0,4.25,0.8543,0.025450
stec8|SD7032C F0,62200.0,5.27,0.9717,0.025560
stec8|SD7032C F0,62200.0,6.28,1.0776,0.026870
stec8|SD7032C F0,62200.0,7.30,1.1740,0.029350
stec8|SD7032C F0,62200.0,8.32,1.2611,0.032480
stec8|SD7032C F0,62200.0,9.33,1.3395,0.036000
stec8|SD7032C F0,102100.0,-2.89,-0.0596,0.025140
stec8|SD7032C F0,102100.0,-1.85,0.1072,0.019270
stec8|SD7032C F0,102100.0,-0.84,0.2561,0.017450
stec8|SD7032C F0,102100.0,0.19,0.4271,0.016800
stec8|SD7032C F0,102100.0,1.22,0.5575,0.016150
stec8|SD7032C F0,102100.0,2.24,0.6798,0.015490
stec8|SD7032C F0,102100.0,3.26,0.7905,0.015600
stec8|SD7032C F0,102100.0,4.27,0.8966,0.016290
stec8|SD7032C F0,102100.0,5.30,0.9994,0.017610
stec8|SD7032C F0,102100.0,6.31,1.0963,0.019370
stec8|SD7032C F0,102100.0,7.33,1.1886,0.021550
stec8|SD7032C F0,102100.0,8.34,1.2712,0.024100
stec8|SD7032C F0,102100.0,9.36,1.3400,0.027230
stec8|SD7032C F0,102100.0,10.38,1.3857,0.031710
stec8|SD7032C F0,102100.0,11.38,1.4143,0.037860
stec8|SD7032C F0,151200.0,-3.91,-0.1020,0.025320
stec8|SD7032C F0,151200.0,-2.88,0.0645,0.018500
stec8|SD7032C F0,151200.0,-1.86,0.2072,0.013800
stec8|SD7032C F0,151200.0,-0.85,0.3461,0.012130
stec8|SD7032C F0,151200.0,0.18,0.4650,0.011600
stec8|SD7032C F0,151200.0,1.20,0.5766,0.011390
stec8|SD7032C F0,151200.0,2.23,0.6884,0.011550
stec8|SD7032C F0,151200.0,3.24,0.7944,0.012160
stec8|SD7032C F0,151200.0,4.27,0.8996,0.013150
stec8|SD7032C F0,151200.0,5.30,1.0015,0.014470
stec8|SD7032C F0,151200.0,6.31,1.0977,0.016080
stec8|SD7032C F0,151200.0,7.32,1.1879,0.017980
stec8|SD7032C F0,151200.0,8.35,1.2708,0.020290
stec8|SD7032C F0,151200.0,9.36,1.3393,0.023040
stec8|SD7032C F0,151200.0,10.37,1.3791,0.026990
stec8|SD7032C F0,151200.0,11.37,1.3995,0.032660
stec8|SD7032C F0,200300.0,-2.89,0.1223,0.015000
stec8|SD7032C F0,200300.0,-1.85,0.2452,0.011140
stec8|SD7032C F0,200300.0,-0.83,0.3472,0.009670
stec8|SD7032C F0,200300.0,0.20,0.4708,0.009350
stec8|SD7032C F0,200300.0,1.23,0.5824,0.009460
stec8|SD7032C F0,200300.0,2.24,0.6907,0.009900
stec8|SD7032C F0,200300.0,3.26,0.7973,0.010640
stec8|SD7032C F0,200300.0,4.28,0.9014,0.011640
stec8|SD7032C F0,200300.0,5.30,1.0027,0.012890
stec8|SD7032C F0,200300.0,6.32,1.1000,0.014400
stec8|SD7032C F0,200300.0,7.33,1.1905,0.016180
stec8|SD7032C F0,200300.0,8.35,1.2746,0.018260
stec8|SD7032C F0,200300.0,9.36,1.3456,0.020880
stec8|SD7032C F0,200300.0,10.38,1.3905,0.024500
stec8|SD7032C F0,200300.0,11.37,1.4116,0.029910
stec8|SD7032C F0,302000.0,-2.87,0.1477,0.011670
stec8|SD7032C F0,302000.0,-1.84,0.2553,0.008950
stec8|SD7032C F0,302000.0,-0.85,0.3493,0.007680
stec8|SD7032C F0,302000.0,0.20,0.4708,0.007330
stec8|SD7032C F0,302000.0,1.20,0.5796,0.007680
stec8|SD7032C F0,302000.0,2.22,0.6889,0.008270
stec8|SD7032C F0,302000.0,3.25,0.7972,0.009060
stec8|SD7032C F0,302000.0,4.26,0.9014,0.010010
stec8|SD7032C F0,302000.0,5.28,1.0039,0.011170
stec8|SD7032C F0,302000.0,6.30,1.1031,0.012510
stec8|SD7032C F0,302000.0,7.33,1.1986,0.014110
stec8|SD7032C F0,302000.0,8.33,1.2847,0.016020
stec8|SD7032C F0,302000.0,9.34,1.3623,0.018350
stec8|SD7032C F0,302000.0,10.36,1.4159,0.021630
stec8|SD7032C F0,302000.0,11.38,1.4466,0.026260
stec8|SD7032C F0,302000.0,12.37,1.4682,0.032080
stec8|SD7032C F0,302000.0,13.35,1.4761,0.040170
stec8|SD7032D,59200.0,-2.91,-0.3897,0.057360
stec8|SD7032D,59200.0,-1.89,-0.0924,0.027470
stec8|SD7032D,59200.0,-0.85,0.0437,0.022730
stec8|SD7032D,59200.0,0.19,0.2295,0.026000
stec8|SD7032D,59200.0,1.20,0.3925,0.028010
stec8|SD7032D,59200.0,2.23,0.5590,0.028650
stec8|SD7032D,59200.0,3.26,0.7145,0.027870
stec8|SD7032D,59200.0,4.26,0.8470,0.026970
stec8|SD7032D,59200.0,5.29,0.9682,0.026890
stec8|SD7032D,59200.0,6.31,1.0732,0.028330
stec8|SD7032D,59200.0,7.32,1.1719,0.030600
stec8|SD7032D,59200.0,8.33,1.2600,0.033710
stec8|SD7032D,59200.0,9.33,1.3330,0.037500
stec8|SD7032D,59200.0,10.36,1.3949,0.042840
stec8|SD7032D,59200.0,11.34,1.4348,0.050770
stec8|SD7032D,99800.0,-4.96,-0.4015,0.065700
stec8|SD7032D,99800.0,-3.91,-0.2437,0.039700
stec8|SD7032D,99800.0,-2.89,-0.0690,0.025570
stec8|SD7032D,99800.0,-1.89,0.0916,0.020560
stec8|SD7032D,99800.0,-0.85,0.2501,0.017760
stec8|SD7032D,99800.0,0.20,0.4224,0.017210
stec8|SD7032D,99800.0,1.21,0.5585,0.016370
stec8|SD7032D,99800.0,2.23,0.6770,0.015830
stec8|SD7032D,99800.0,3.25,0.7883,0.015890
stec8|SD7032D,99800.0,4.26,0.8945,0.016540
stec8|SD7032D,99800.0,5.28,0.9978,0.017800
stec8|SD7032D,99800.0,6.30,1.0956,0.019590
stec8|SD7032D,99800.0,7.31,1.1869,0.021760
stec8|SD7032D,99800.0,8.34,1.2712,0.024380
stec8|SD7032D,99800.0,9.35,1.3397,0.027510
stec8|SD7032D,99800.0,10.35,1.3858,0.031900
stec8|SD7032D,99800.0,11.35,1.4137,0.037900
stec8|SD7032D,147800.0,-5.97,-0.3998,0.070120
stec8|SD7032D,147800.0,-4.93,-0.2642,0.048640
stec8|SD7032D,147800.0,-3.90,-0.1066,0.025760
stec8|SD7032D,147800.0,-2.87,0.0585,0.018790
stec8|SD7032D,147800.0,-1.87,0.2004,0.014110
stec8|SD7032D,147800.0,-0.86,0.3414,0.012420
stec8|SD7032D,147800.0,0.16,0.4611,0.011870
stec8|SD7032D,147800.0,1.20,0.5762,0.011580
stec8|SD7032D,147800.0,2.23,0.6879,0.011720
stec8|SD7032D,147800.0,3.24,0.7941,0.012310
stec8|SD7032D,147800.0,4.27,0.8997,0.013300
stec8|SD7032D,147800.0,5.28,0.9997,0.014600
stec8|SD7032D,147800.0,6.30,1.0968,0.016230
stec8|SD7032D,147800.0,7.34,1.1896,0.018200
stec8|SD7032D,147800.0,8.34,1.2700,0.020440
stec8|SD7032D,147800.0,9.34,1.3380,0.023190
stec8|SD7032D,147800.0,10.35,1.3779,0.027140
stec8|SD7032D,147800.0,11.37,1.3991,0.032920
stec8|SD7032D,147800.0,12.34,1.4149,0.040220
stec8|SD7032D,199100.0,-6.00,-0.3111,0.057070
stec8|SD7032D,199100.0,-4.98,-0.1863,0.040510
stec8|SD7032D,199100.0,-3.89,-0.0238,0.019940
stec8|SD7032D,199100.0,-2.89,0.1212,0.015070
stec8|SD7032D,199100.0,-1.87,0.2424,0.011240
stec8|SD7032D,199100.0,-0.88,0.3371,0.009760
stec8|SD7032D,199100.0,0.18,0.4686,0.009400
stec8|SD7032D,199100.0,1.20,0.5791,0.009480
stec8|SD7032D,199100.0,2.23,0.6897,0.009920
stec8|SD7032D,199100.0,3.24,0.7952,0.010660
stec8|SD7032D,199100.0,4.27,0.9004,0.011660
stec8|SD7032D,199100.0,5.28,1.0007,0.012900
stec8|SD7032D,199100.0,6.30,1.0980,0.014410
stec8|SD7032D,199100.0,7.33,1.1904,0.016220
stec8|SD7032D,199100.0,8.32,1.2723,0.018220
stec8|SD7032D,199100.0,9.35,1.3445,0.020910
stec8|SD7032D,199100.0,10.35,1.3894,0.024410
stec8|SD7032D,199100.0,11.37,1.4114,0.029950
stec8|SD7032D,302600.0,-4.95,-0.0752,0.014270
stec8|SD7032D,302600.0,-3.92,0.0359,0.006330
stec8|SD7032D,302600.0,-2.90,0.1406,0.004370
stec8|SD7032D,302600.0,-1.90,0.2453,0.003140
stec8|SD7032D,302600.0,-0.88,0.3442,0.002580
stec8|SD7032D,302600.0,0.17,0.4582,0.002560
stec8|SD7032D,302600.0,1.17,0.5668,0.002750
stec8|SD7032D,302600.0,2.20,0.6766,0.003030
stec8|SD7032D,302600.0,3.21,0.7819,0.003390
stec8|SD7032D,302600.0,4.24,0.8868,0.003860
stec8|SD7032D,302600.0,5.29,0.9910,0.004490
stec8|SD7032D,302600.0,6.28,1.0852,0.005270
stec8|SD7032D,302600.0,7.30,1.1768,0.006320
stec8|SD7032D,302600.0,8.35,1.2640,0.007740
stec8|SD7032D,302600.0,9.33,1.3334,0.009640
stec8|SD7032D,302600.0,10.35,1.3737,0.012690
stec8|SD7032D,302600.0,11.36,1.3917,0.017470
stec8|SD7032D,302600.0,12.35,1.3940,0.025350
stec8|SD7032D,302600.0,13.33,1.3821,0.037930
stec8|SD7037,62600.0,-3.95,-0.3036,0.037590
stec8|SD7037,62600.0,-2.95,-0.2023,0.027560
stec8|SD7037,62600.0,-1.92,-0.1051,0.022210
stec8|SD7037,62600.0,-0.90,-0.0234,0.018460
stec8|SD7037,62600.0,0.13,0.1280,0.021670
stec8|SD7037,62600.0,1.16,0.3130,0.024210
stec8|SD7037,62600.0,2.19,0.5022,0.024770
stec8|SD7037,62600.0,3.22,0.6623,0.023640
stec8|SD7037,62600.0,4.24,0.7997,0.022190
stec8|SD7037,62600.0,5.26,0.9109,0.022470
stec8|SD7037,62600.0,6.27,1.0056,0.024310
stec8|SD7037,62600.0,7.29,1.0944,0.027320
stec8|SD7037,62600.0,8.31,1.1785,0.031510
stec8|SD7037,103900.0,-2.95,-0.2043,0.023650
stec8|SD7037,103900.0,-1.93,-0.0426,0.018390
stec8|SD7037,103900.0,-0.90,0.1360,0.016190
stec8|SD7037,103900.0,0.14,0.3171,0.016290
stec8|SD7037,103900.0,1.16,0.4756,0.015480
stec8|SD7037,103900.0,2.19,0.6020,0.014570
stec8|SD7037,103900.0,3.22,0.7155,0.014290
stec8|SD7037,103900.0,4.23,0.8188,0.014960
stec8|SD7037,103900.0,5.26,0.9173,0.016310
stec8|SD7037,103900.0,6.26,1.0074,0.018200
stec8|SD7037,103900.0,7.27,1.0925,0.020780
stec8|SD7037,103900.0,8.30,1.1718,0.024160
stec8|SD7037,103900.0,9.31,1.2368,0.028310
stec8|SD7037,103900.0,10.30,1.2633,0.032900
stec8|SD7037,153400.0,-2.98,-0.0954,0.018950
stec8|SD7037,153400.0,-1.92,0.0637,0.013750
stec8|SD7037,153400.0,-0.89,0.2469,0.012220
stec8|SD7037,153400.0,0.14,0.3870,0.011520
stec8|SD7037,153400.0,1.17,0.5040,0.010890
stec8|SD7037,153400.0,2.17,0.6109,0.010730
stec8|SD7037,153400.0,3.23,0.7195,0.011310
stec8|SD7037,153400.0,4.22,0.8177,0.012280
stec8|SD7037,153400.0,5.24,0.9151,0.013640
stec8|SD7037,153400.0,6.26,1.0075,0.015400
stec8|SD7037,153400.0,7.28,1.0942,0.017700
stec8|SD7037,153400.0,8.30,1.1736,0.020550
stec8|SD7037,153400.0,9.30,1.2380,0.023670
stec8|SD7037,153400.0,10.32,1.2724,0.028800
stec8|SD7037,204200.0,-2.97,-0.0270,0.015870
stec8|SD7037,204200.0,-1.91,0.1320,0.011160
stec8|SD7037,204200.0,-0.89,0.2921,0.009610
stec8|SD7037,204200.0,0.13,0.3996,0.009070
stec8|SD7037,204200.0,1.16,0.5059,0.008860
stec8|SD7037,204200.0,2.18,0.6117,0.009160
stec8|SD7037,204200.0,3.22,0.7178,0.009920
stec8|SD7037,204200.0,4.23,0.8182,0.010940
stec8|SD7037,204200.0,5.26,0.9174,0.012250
stec8|SD7037,204200.0,6.26,1.0094,0.013910
stec8|SD7037,204200.0,7.28,1.0982,0.016010
stec8|SD7037,204200.0,8.28,1.1795,0.018410
stec8|SD7037,204200.0,9.31,1.2540,0.021370
stec8|SD7037,204200.0,10.35,1.2874,0.026930
stec8|SD7037,204200.0,11.32,1.2976,0.033630
stec8|SD7037,302900.0,-2.96,0.0479,0.012090
stec8|SD7037,302900.0,-0.93,0.2562,0.007370
stec8|SD7037,302900.0,0.09,0.3952,0.006970
stec8|SD7037,302900.0,1.01,0.4892,0.007120
stec8|SD7037,302900.0,2.16,0.6081,0.007740
stec8|SD7037,302900.0,3.18,0.7126,0.008530
stec8|SD7037,302900.0,4.20,0.8154,0.009520
stec8|SD7037,302900.0,5.23,0.9168,0.010750
stec8|SD7037,302900.0,6.25,1.0140,0.012280
stec8|SD7037,302900.0,7.27,1.1066,0.014170
stec8|SD7037,302900.0,8.28,1.1931,0.016390
stec8|SD7037,302900.0,9.30,1.2718,0.019140
stec8|SD7037,302900.0,10.32,1.3117,0.024200
stec8|SD7043,61600.0,-3.90,-0.2986,0.047260
stec8|SD7043,61600.0,-2.89,-0.1640,0.030340
stec8|SD7043,61600.0,-1.87,-0.0610,0.024910
stec8|SD7043,61600.0,-0.86,0.0181,0.019830
stec8|SD7043,61600.0,0.17,0.1541,0.023020
stec8|SD7043,61600.0,1.22,0.3348,0.026570
stec8|SD7043,61600.0,2.24,0.5012,0.028680
stec8|SD7043,61600.0,3.27,0.6890,0.028100
stec8|SD7043,61600.0,4.29,0.8478,0.025060
stec8|SD7043,61600.0,5.30,0.9730,0.022730
stec8|SD7043,61600.0,6.31,1.0697,0.023840
stec8|SD7043,61600.0,7.33,1.1548,0.027930
stec8|SD7043,61600.0,8.35,1.2381,0.033780
stec8|SD7043,61600.0,9.35,1.3164,0.041480
stec8|SD7043,61600.0,10.34,1.3663,0.052260
stec8|SD7043,61600.0,11.31,1.3547,0.066530
stec8|SD7043,103800.0,-3.91,-0.3307,0.050050
stec8|SD7043,103800.0,-2.90,-0.1141,0.025000
stec8|SD7043,103800.0,-1.87,0.0465,0.020600
stec8|SD7043,103800.0,-0.85,0.1916,0.017570
stec8|SD7043,103800.0,0.18,0.3601,0.018210
stec8|SD7043,103800.0,1.22,0.5244,0.017870
stec8|SD7043,103800.0,2.25,0.6646,0.016780
stec8|SD7043,103800.0,3.27,0.7842,0.015620
stec8|SD7043,103800.0,4.28,0.8913,0.015170
stec8|SD7043,103800.0,5.30,0.9892,0.016010
stec8|SD7043,103800.0,6.30,1.0730,0.018390
stec8|SD7043,103800.0,7.33,1.1537,0.022050
stec8|SD7043,103800.0,8.34,1.2328,0.026360
stec8|SD7043,103800.0,9.35,1.3130,0.031720
stec8|SD7043,103800.0,10.37,1.3916,0.038650
stec8|SD7043,103800.0,11.36,1.4532,0.047020
stec8|SD7043,154900.0,-3.89,-0.1293,0.024430
stec8|SD7043,154900.0,-2.88,0.0215,0.018840
stec8|SD7043,154900.0,-1.85,0.1766,0.014660
stec8|SD7043,154900.0,-0.83,0.3172,0.012960
stec8|SD7043,154900.0,0.20,0.4558,0.012530
stec8|SD7043,154900.0,1.22,0.5720,0.012090
stec8|SD7043,154900.0,2.25,0.6852,0.011640
stec8|SD7043,154900.0,3.27,0.7940,0.011530
stec8|SD7043,154900.0,4.29,0.8979,0.012080
stec8|SD7043,154900.0,5.31,0.9933,0.013550
stec8|SD7043,154900.0,6.33,1.0793,0.016010
stec8|SD7043,154900.0,7.34,1.1600,0.019070
stec8|SD7043,154900.0,8.35,1.2363,0.022640
stec8|SD7043,154900.0,9.37,1.3105,0.027060
stec8|SD7043,154900.0,10.37,1.3837,0.032250
stec8|SD7043,154900.0,11.38,1.4447,0.038320
stec8|SD7043,204000.0,-3.88,-0.0500,0.019400
stec8|SD7043,204000.0,-2.86,0.1013,0.015360
stec8|SD7043,204000.0,-1.84,0.2404,0.011760
stec8|SD7043,204000.0,-0.83,0.3362,0.010310
stec8|SD7043,204000.0,0.20,0.4658,0.009870
stec8|SD7043,204000.0,1.23,0.5781,0.009650
stec8|SD7043,204000.0,2.26,0.6893,0.009590
stec8|SD7043,204000.0,3.28,0.7971,0.009910
stec8|SD7043,204000.0,4.28,0.8983,0.010770
stec8|SD7043,204000.0,5.31,0.9947,0.012400
stec8|SD7043,204000.0,6.32,1.0825,0.014710
stec8|SD7043,204000.0,7.35,1.1678,0.017500
stec8|SD7043,204000.0,8.36,1.2468,0.020550
stec8|SD7043,204000.0,9.37,1.3156,0.024370
stec8|SD7043,204000.0,10.38,1.3754,0.028360
stec8|SD7043,204000.0,11.38,1.4329,0.034200
stec8|SD7043,204000.0,12.38,1.4708,0.039850
stec8|SD7043,204000.0,13.39,1.4870,0.048600
stec8|SD7043,303400.0,-4.90,-0.0987,0.019910
stec8|SD7043,303400.0,-3.87,0.0295,0.014290
stec8|SD7043,303400.0,-2.86,0.1449,0.011680
stec8|SD7043,303400.0,-1.82,0.2553,0.009350
stec8|SD7043,303400.0,-0.82,0.3535,0.008020
stec8|SD7043,303400.0,0.21,0.4657,0.007430
stec8|SD7043,303400.0,1.23,0.5781,0.007500
stec8|SD7043,303400.0,2.25,0.6892,0.007770
stec8|SD7043,303400.0,3.26,0.7962,0.008380
stec8|SD7043,303400.0,4.29,0.9002,0.009510
stec8|SD7043,303400.0,5.30,0.9965,0.011180
stec8|SD7043,303400.0,6.32,1.0901,0.013260
stec8|SD7043,303400.0,7.33,1.1795,0.015530
stec8|SD7062,102600.0,-5.93,-0.2559,0.041980
stec8|SD7062,102600.0,-4.91,-0.1234,0.029150
stec8|SD7062,102600.0,-3.90,0.0108,0.023530
stec8|SD7062,102600.0,-2.86,0.1235,0.019060
stec8|SD7062,102600.0,-1.85,0.2233,0.018260
stec8|SD7062,102600.0,-0.83,0.3118,0.017880
stec8|SD7062,102600.0,1.22,0.5815,0.017490
stec8|SD7062,102600.0,2.24,0.6838,0.018290
stec8|SD7062,102600.0,3.26,0.7939,0.018980
stec8|SD7062,102600.0,4.27,0.8955,0.020160
stec8|SD7062,102600.0,5.30,1.0043,0.021330
stec8|SD7062,102600.0,6.32,1.1005,0.023060
stec8|SD7062,102600.0,7.33,1.1987,0.024800
stec8|SD7062,102600.0,8.35,1.2906,0.027050
stec8|SD7062,102600.0,9.37,1.3716,0.029760
stec8|SD7062,102600.0,10.38,1.4451,0.032820
stec8|SD7062,102600.0,11.28,1.5106,0.035750
stec8|SD7062,102600.0,12.26,1.5489,0.039780
stec8|SD7062,102600.0,13.26,1.5654,0.045230
stec8|SD7062,149700.0,-6.94,-0.2752,0.042310
stec8|SD7062,149700.0,-5.92,-0.1725,0.027520
stec8|SD7062,149700.0,-4.91,-0.0640,0.021380
stec8|SD7062,149700.0,-3.90,0.0393,0.018140
stec8|SD7062,149700.0,-2.87,0.1397,0.014770
stec8|SD7062,149700.0,-1.85,0.2422,0.013870
stec8|SD7062,149700.0,-0.83,0.3415,0.013620
stec8|SD7062,149700.0,0.20,0.4364,0.013320
stec8|SD7062,149700.0,1.23,0.5916,0.013380
stec8|SD7062,149700.0,2.25,0.6957,0.014010
stec8|SD7062,149700.0,3.25,0.8018,0.014780
stec8|SD7062,149700.0,4.28,0.9074,0.015760
stec8|SD7062,149700.0,5.31,1.0130,0.016940
stec8|SD7062,149700.0,6.33,1.1118,0.018300
stec8|SD7062,149700.0,7.33,1.2061,0.019850
stec8|SD7062,149700.0,8.35,1.2984,0.021730
stec8|SD7062,149700.0,9.37,1.3808,0.023910
stec8|SD7062,149700.0,10.38,1.4541,0.026400
stec8|SD7062,149700.0,11.40,1.5040,0.029270
stec8|SD7062,149700.0,12.40,1.5380,0.033050
stec8|SD7062,210500.0,-6.94,-0.2405,0.036430
stec8|SD7062,210500.0,-5.95,-0.1705,0.022400
stec8|SD7062,210500.0,-4.91,-0.0675,0.017950
stec8|SD7062,210500.0,-3.90,0.0354,0.015480
stec8|SD7062,210500.0,-2.86,0.1406,0.012620
stec8|SD7062,210500.0,-1.85,0.2457,0.011550
stec8|SD7062,210500.0,-0.84,0.3515,0.011290
stec8|SD7062,210500.0,0.20,0.4518,0.011110
stec8|SD7062,210500.0,1.22,0.5927,0.011050
stec8|SD7062,210500.0,2.24,0.6964,0.011640
stec8|SD7062,210500.0,3.26,0.8040,0.012380
stec8|SD7062,210500.0,4.29,0.9108,0.013280
stec8|SD7062,210500.0,5.30,1.0130,0.014310
stec8|SD7062,210500.0,6.33,1.1139,0.015600
stec8|SD7062,210500.0,7.35,1.2082,0.017000
stec8|SD7062,210500.0,8.36,1.2951,0.018640
stec8|SD7062,210500.0,9.38,1.3732,0.020580
stec8|SD7062,210500.0,10.40,1.4342,0.022880
stec8|SD7062,210500.0,11.40,1.4811,0.025760
stec8|SD7062,210500.0,12.41,1.5169,0.029690
stec8|SD7062,210500.0,13.41,1.5473,0.034760
stec8|SD7062,210500.0,14.42,1.5645,0.041640
stec8|SD7062,305800.0,-7.00,-0.2806,0.023640
stec8|SD7062,305800.0,-6.00,-0.1871,0.018210
stec8|SD7062,305800.0,-3.90,0.0293,0.013200
stec8|SD7062,305800.0,-2.92,0.1330,0.011230
stec8|SD7062,305800.0,-1.87,0.2456,0.009980
stec8|SD7062,305800.0,-0.82,0.3586,0.009610
stec8|SD7062,305800.0,0.21,0.4665,0.009470
stec8|SD7062,305800.0,1.22,0.5652,0.009400
stec8|SD7062,305800.0,2.25,0.6983,0.009860
stec8|SD7062,305800.0,3.27,0.8067,0.010540
stec8|SD7062,305800.0,4.28,0.9120,0.011390
stec8|SD7062,305800.0,5.31,1.0172,0.012310
stec8|SD7062,305800.0,6.31,1.1153,0.013400
stec8|SD7062,305800.0,7.33,1.2101,0.014700
stec8|SD7062,305800.0,8.37,1.2990,0.016260
stec8|SD7062,305800.0,9.38,1.3731,0.017950
stec8|SD7062,305800.0,10.39,1.4307,0.020080
stec8|SD7062,305800.0,11.40,1.4777,0.023110
stec8|SD7080,62600.0,-3.95,-0.3179,0.031320
stec8|SD7080,62600.0,-2.94,-0.2224,0.023850
stec8|SD7080,62600.0,-1.93,-0.1476,0.016820
stec8|SD7080,62600.0,-0.91,-0.0476,0.017140
stec8|SD7080,62600.0,0.11,0.0284,0.018970
stec8|SD7080,62600.0,1.17,0.2568,0.022550
stec8|SD7080,62600.0,2.20,0.4520,0.023150
stec8|SD7080,62600.0,3.22,0.6304,0.021290
stec8|SD7080,62600.0,4.22,0.7546,0.020340
stec8|SD7080,62600.0,5.25,0.8565,0.021610
stec8|SD7080,62600.0,6.26,0.9495,0.024080
stec8|SD7080,62600.0,7.27,1.0368,0.027560
stec8|SD7080,62600.0,8.29,1.1166,0.032280
stec8|SD7080,62600.0,9.31,1.1887,0.038920
stec8|SD7080,62600.0,10.31,1.2191,0.046590
stec8|SD7080,103500.0,-3.98,-0.3224,0.026040
stec8|SD7080,103500.0,-2.95,-0.2272,0.020750
stec8|SD7080,103500.0,-0.90,0.0426,0.015240
stec8|SD7080,103500.0,0.14,0.2315,0.015880
stec8|SD7080,103500.0,1.16,0.4156,0.015110
stec8|SD7080,103500.0,2.18,0.5485,0.013960
stec8|SD7080,103500.0,3.20,0.6596,0.013620
stec8|SD7080,103500.0,4.22,0.7605,0.014550
stec8|SD7080,103500.0,5.25,0.8571,0.016220
stec8|SD7080,103500.0,6.26,0.9484,0.018400
stec8|SD7080,103500.0,7.28,1.0351,0.021160
stec8|SD7080,103500.0,8.30,1.1142,0.024680
stec8|SD7080,103500.0,9.31,1.1774,0.029130
stec8|SD7080,103500.0,10.31,1.2051,0.035280
stec8|SD7080,149800.0,-6.00,-0.4589,0.056530
stec8|SD7080,149800.0,-3.95,-0.3220,0.023300
stec8|SD7080,149800.0,-2.94,-0.1925,0.018020
stec8|SD7080,149800.0,-1.91,-0.0360,0.013470
stec8|SD7080,149800.0,-0.89,0.1553,0.012440
stec8|SD7080,149800.0,0.15,0.3322,0.011690
stec8|SD7080,149800.0,1.17,0.4528,0.010860
stec8|SD7080,149800.0,2.20,0.5599,0.010510
stec8|SD7080,149800.0,3.21,0.6614,0.011070
stec8|SD7080,149800.0,4.24,0.7610,0.012270
stec8|SD7080,149800.0,5.25,0.8560,0.013820
stec8|SD7080,149800.0,6.27,0.9489,0.015740
stec8|SD7080,149800.0,7.28,1.0360,0.018050
stec8|SD7080,149800.0,8.30,1.1165,0.021050
stec8|SD7080,149800.0,9.31,1.1832,0.024410
stec8|SD7080,149800.0,10.32,1.2103,0.030930
stec8|SD7080,149800.0,11.32,1.2353,0.039090
stec8|SD7080,149800.0,12.32,1.2469,0.051420
stec8|SD7080,149800.0,13.33,1.2057,0.067160
stec8|SD7080,301800.0,-1.93,0.1055,0.003010
stec8|SD7080,301800.0,-0.90,0.1979,0.002460
stec8|SD7080,301800.0,0.13,0.3494,0.002290
stec8|SD7080,301800.0,1.14,0.4420,0.002430
stec8|SD7080,301800.0,2.18,0.5447,0.002750
stec8|SD7080,301800.0,3.21,0.6468,0.003210
stec8|SD7080,301800.0,4.22,0.7462,0.003770
stec8|SD7080,301800.0,5.24,0.8455,0.004460
stec8|SD7080,301800.0,6.26,0.9416,0.005400
stec8|SD7080,301800.0,7.28,1.0341,0.006650
stec8|SD7080,301800.0,8.30,1.1203,0.008410
stec8|SD7080,301800.0,9.31,1.1887,0.011590
stec8|SD7080,301800.0,10.31,1.2177,0.016570
stec8|SD7080,301800.0,11.32,1.2227,0.022930
stec8|SD7080,301800.0,12.31,1.2032,0.035530
stec8|SD7080,301800.0,13.30,1.1844,0.051740
stec8|SD7084,100900.0,-2.95,-0.2853,0.021200
stec8|SD7084,100900.0,-1.42,-0.0670,0.015310
stec8|SD7084,100900.0,0.12,0.2321,0.016470
stec8|SD7084,100900.0,1.68,0.4805,0.014710
stec8|SD7084,100900.0,3.20,0.6350,0.013950
stec8|SD7084,100900.0,4.73,0.7763,0.015720
stec8|SD7084,100900.0,6.26,0.9148,0.018890
stec8|SD7084,100900.0,7.79,1.0473,0.022800
stec8|SD7084,100900.0,9.31,1.1269,0.026200
stec8|SD7084,100900.0,10.82,1.1377,0.039290
stec8|SD7084,100900.0,12.34,1.1628,0.056420
stec8|SD7084,152400.0,-2.94,-0.2115,0.017930
stec8|SD7084,152400.0,-1.40,0.0962,0.012870
stec8|SD7084,152400.0,0.15,0.3473,0.011550
stec8|SD7084,152400.0,1.68,0.4949,0.010520
stec8|SD7084,152400.0,3.19,0.6347,0.011100
stec8|SD7084,152400.0,4.74,0.7741,0.013060
stec8|SD7084,152400.0,6.26,0.9105,0.015720
stec8|SD7084,152400.0,7.78,1.0406,0.018740
stec8|SD7084,152400.0,9.31,1.1325,0.023160
stec8|SD7084,152400.0,10.82,1.1391,0.034420
stec8|SD7084,152400.0,12.33,1.1082,0.046910
stec8|SD7084,152400.0,13.82,1.0314,0.077530
stec8|SD7084,152400.0,15.27,0.8240,0.138180
stec8|SD7084,197500.0,-3.95,-0.2929,0.019890
stec8|SD7084,197500.0,-2.96,-0.1481,0.015540
stec8|SD7084,197500.0,-1.91,-0.0169,0.011100
stec8|SD7084,197500.0,-0.89,0.2556,0.010340
stec8|SD7084,197500.0,0.14,0.3612,0.009400
stec8|SD7084,197500.0,1.17,0.4492,0.008960
stec8|SD7084,197500.0,2.17,0.5404,0.009140
stec8|SD7084,197500.0,3.21,0.6352,0.009960
stec8|SD7084,197500.0,4.24,0.7279,0.011150
stec8|SD7084,197500.0,5.23,0.8171,0.012540
stec8|SD7084,197500.0,6.27,0.9106,0.014260
stec8|SD7084,197500.0,7.28,0.9996,0.015970
stec8|SD7084,197500.0,8.30,1.0818,0.017680
stec8|SD7084,197500.0,9.31,1.1305,0.022510
stec8|SD7084,197500.0,10.32,1.1359,0.029120
stec8|SD7084,303000.0,-3.97,-0.2033,0.014740
stec8|SD7084,303000.0,-2.94,-0.0550,0.011890
stec8|SD7084,303000.0,-1.92,0.0474,0.008550
stec8|SD7084,303000.0,-0.91,0.1776,0.007530
stec8|SD7084,303000.0,0.13,0.3584,0.007210
stec8|SD7084,303000.0,1.16,0.4468,0.007170
stec8|SD7084,303000.0,2.18,0.5393,0.007710
stec8|SD7084,303000.0,3.20,0.6327,0.008570
stec8|SD7084,303000.0,4.22,0.7259,0.009640
stec8|SD7084,303000.0,5.25,0.8204,0.010900
stec8|SD7084,303000.0,6.27,0.9144,0.012260
stec8|SD7084,303000.0,7.28,1.0054,0.013750
stec8|SD7084,303000.0,8.31,1.0930,0.015580
stec8|SD7084,303000.0,9.32,1.1413,0.020680
stec8|SD7084,303000.0,10.32,1.1634,0.025730
stec8|SD7084,303000.0,11.33,1.1773,0.031830
stec8|SD7090,59600.0,-5.98,-0.5131,0.044050
stec8|SD7090,59600.0,-4.96,-0.4510,0.031540
stec8|SD7090,59600.0,-3.95,-0.3688,0.024560
stec8|SD7090,59600.0,-2.93,-0.2848,0.019960
stec8|SD7090,59600.0,-1.91,-0.1190,0.017200
stec8|SD7090,59600.0,-0.88,-0.0941,0.017630
stec8|SD7090,59600.0,0.15,-0.0014,0.019820
stec8|SD7090,59600.0,1.18,0.2291,0.022170
stec8|SD7090,59600.0,2.20,0.4451,0.021670
stec8|SD7090,59600.0,3.22,0.5986,0.020770
stec8|SD7090,59600.0,4.24,0.7016,0.021330
stec8|SD7090,59600.0,5.26,0.7941,0.022850
stec8|SD7090,59600.0,6.27,0.8828,0.025320
stec8|SD7090,59600.0,7.28,0.9649,0.029030
stec8|SD7090,59600.0,8.29,1.0422,0.034030
stec8|SD7090,59600.0,9.31,1.1072,0.041450
stec8|SD7090,59600.0,10.31,1.1597,0.051080
stec8|SD7090,59600.0,11.29,1.0765,0.068040
stec8|SD7090,99100.0,-5.98,-0.5236,0.034710
stec8|SD7090,99100.0,-4.96,-0.4525,0.024850
stec8|SD7090,99100.0,-3.95,-0.3702,0.019880
stec8|SD7090,99100.0,-2.94,-0.2927,0.017030
stec8|SD7090,99100.0,-1.91,-0.2334,0.014250
stec8|SD7090,99100.0,-0.88,0.0146,0.015240
stec8|SD7090,99100.0,0.15,0.2242,0.015000
stec8|SD7090,99100.0,1.17,0.4134,0.013710
stec8|SD7090,99100.0,2.19,0.5225,0.013630
stec8|SD7090,99100.0,3.22,0.6158,0.014280
stec8|SD7090,99100.0,4.23,0.7047,0.015340
stec8|SD7090,99100.0,5.24,0.7923,0.016900
stec8|SD7090,99100.0,6.27,0.8794,0.019070
stec8|SD7090,99100.0,7.29,0.9628,0.021880
stec8|SD7090,99100.0,8.30,1.0424,0.025510
stec8|SD7090,99100.0,9.32,1.1166,0.030260
stec8|SD7090,99100.0,10.32,1.1855,0.036990
stec8|SD7090,99100.0,11.30,1.2200,0.045700
stec8|SD7090,149000.0,-0.87,0.1370,0.011990
stec8|SD7090,149000.0,0.15,0.3281,0.010700
stec8|SD7090,149000.0,1.18,0.4401,0.010340
stec8|SD7090,149000.0,2.19,0.5263,0.010790
stec8|SD7090,149000.0,3.22,0.6151,0.011580
stec8|SD7090,149000.0,4.24,0.7033,0.012670
stec8|SD7090,149000.0,5.26,0.7916,0.014100
stec8|SD7090,149000.0,6.27,0.8776,0.015940
stec8|SD7090,149000.0,7.28,0.9610,0.018180
stec8|SD7090,149000.0,8.31,1.0405,0.021210
stec8|SD7090,149000.0,9.32,1.1124,0.024890
stec8|SD7090,149000.0,10.32,1.1773,0.029610
stec8|SD7090,149000.0,11.33,1.2356,0.036320
stec8|SD7090,149000.0,12.29,1.2608,0.043710
stec8|SD7090,199100.0,-6.00,-0.5418,0.024120
stec8|SD7090,199100.0,-4.96,-0.4629,0.018520
stec8|SD7090,199100.0,-3.95,-0.3691,0.015290
stec8|SD7090,199100.0,-2.92,-0.2036,0.012830
stec8|SD7090,199100.0,-1.90,-0.0576,0.010170
stec8|SD7090,199100.0,-0.88,0.1150,0.009410
stec8|SD7090,199100.0,0.16,0.3502,0.008990
stec8|SD7090,199100.0,1.16,0.4423,0.008980
stec8|SD7090,199100.0,2.20,0.5272,0.009480
stec8|SD7090,199100.0,3.22,0.6140,0.010250
stec8|SD7090,199100.0,4.24,0.7023,0.011300
stec8|SD7090,199100.0,5.26,0.7916,0.012640
stec8|SD7090,199100.0,6.28,0.8803,0.014300
stec8|SD7090,199100.0,7.29,0.9656,0.016330
stec8|SD7090,199100.0,8.30,1.0463,0.018810
stec8|SD7090,199100.0,9.31,1.1182,0.021990
stec8|SD7090,199100.0,10.34,1.1801,0.026090
stec8|SD7090,199100.0,11.33,1.2241,0.030800
stec8|SD7090,298600.0,-6.02,-0.5542,0.019310
stec8|SD7090,298600.0,-4.99,-0.4537,0.015260
stec8|SD7090,298600.0,-4.02,-0.3065,0.012630
stec8|SD7090,298600.0,-2.98,-0.1493,0.010490
stec8|SD7090,298600.0,-1.91,-0.0043,0.008000
stec8|SD7090,298600.0,-0.88,0.1226,0.007100
stec8|SD7090,298600.0,0.13,0.2684,0.007370
stec8|SD7090,298600.0,1.16,0.4458,0.007720
stec8|SD7090,298600.0,2.20,0.5273,0.008140
stec8|SD7090,298600.0,3.21,0.6130,0.008880
stec8|SD7090,298600.0,4.23,0.7025,0.009850
stec8|SD7090,298600.0,5.25,0.7939,0.011040
stec8|SD7090,298600.0,6.27,0.8858,0.012490
stec8|SD7090,298600.0,7.28,0.9747,0.014250
stec8|SD7090,298600.0,8.31,1.0613,0.016390
stec8|SD7090,298600.0,9.32,1.1381,0.018990
stec8|SD7090,298600.0,10.33,1.2019,0.022200
stec8|SD7090,298600.0,11.33,1.2389,0.026230
stec8|SD8000,62500.0,-3.94,-0.3451,0.022660
stec8|SD8000,62500.0,-2.93,-0.2567,0.018340
stec8|SD8000,62500.0,-1.91,-0.1622,0.015550
stec8|SD8000,62500.0,-0.88,-0.0707,0.015640
stec8|SD8000,62500.0,0.13,0.0078,0.016750
stec8|SD8000,62500.0,1.17,0.1012,0.019030
stec8|SD8000,62500.0,2.20,0.3383,0.021900
stec8|SD8000,62500.0,3.23,0.5570,0.020310
stec8|SD8000,62500.0,4.24,0.6807,0.018480
stec8|SD8000,62500.0,5.26,0.7713,0.020210
stec8|SD8000,62500.0,6.28,0.8595,0.024480
stec8|SD8000,62500.0,7.28,0.9482,0.030200
stec8|SD8000,62500.0,8.30,1.0308,0.038030
stec8|SD8000,62500.0,9.31,1.0799,0.050330
stec8|SD8000,102500.0,-3.93,-0.3440,0.018370
stec8|SD8000,102500.0,-2.91,-0.2550,0.015370
stec8|SD8000,102500.0,-1.91,-0.1841,0.013060
stec8|SD8000,102500.0,-0.88,-0.0787,0.013110
stec8|SD8000,102500.0,0.15,0.1008,0.014820
stec8|SD8000,102500.0,1.17,0.3039,0.015190
stec8|SD8000,102500.0,2.21,0.4740,0.014040
stec8|SD8000,102500.0,3.23,0.5859,0.013120
stec8|SD8000,102500.0,4.24,0.6815,0.013690
stec8|SD8000,102500.0,5.26,0.7691,0.016040
stec8|SD8000,102500.0,6.28,0.8566,0.019530
stec8|SD8000,102500.0,7.30,0.9469,0.023690
stec8|SD8000,102500.0,8.31,1.0315,0.028810
stec8|SD8000,102500.0,9.32,1.1080,0.037410
stec8|SD8000,102500.0,10.34,1.1509,0.050050
stec8|SD8000,154500.0,-3.93,-0.3478,0.015590
stec8|SD8000,154500.0,-2.94,-0.2616,0.013620
stec8|SD8000,154500.0,-1.90,-0.1505,0.011820
stec8|SD8000,154500.0,-0.86,0.0438,0.011620
stec8|SD8000,154500.0,0.16,0.2337,0.011440
stec8|SD8000,154500.0,1.18,0.3841,0.010610
stec8|SD8000,154500.0,2.21,0.4857,0.010120
stec8|SD8000,154500.0,3.22,0.5846,0.010310
stec8|SD8000,154500.0,4.25,0.6804,0.011600
stec8|SD8000,154500.0,5.27,0.7710,0.013820
stec8|SD8000,154500.0,6.28,0.8605,0.016580
stec8|SD8000,154500.0,7.30,0.9502,0.019790
stec8|SD8000,154500.0,8.32,1.0346,0.023710
stec8|SD8000,154500.0,9.33,1.1138,0.029780
stec8|SD8000,154500.0,10.34,1.1774,0.039000
stec8|SD8000,200000.0,-3.92,-0.3507,0.014140
stec8|SD8000,200000.0,-2.91,-0.2311,0.012530
stec8|SD8000,200000.0,-1.89,-0.0778,0.010730
stec8|SD8000,200000.0,-0.85,0.0817,0.009990
stec8|SD8000,200000.0,0.17,0.2877,0.009260
stec8|SD8000,200000.0,1.18,0.3863,0.008740
stec8|SD8000,200000.0,2.21,0.4844,0.008640
stec8|SD8000,200000.0,3.23,0.5834,0.009240
stec8|SD8000,200000.0,4.26,0.6800,0.010680
stec8|SD8000,200000.0,5.27,0.7727,0.012720
stec8|SD8000,200000.0,6.28,0.8648,0.015170
stec8|SD8000,200000.0,7.30,0.9563,0.017890
stec8|SD8000,200000.0,8.32,1.0427,0.021160
stec8|SD8000,200000.0,9.33,1.1181,0.026330
stec8|SD8000,302300.0,-3.94,-0.2934,0.012030
stec8|SD8000,302300.0,-2.91,-0.1392,0.010310
stec8|SD8000,302300.0,-1.88,0.0068,0.008540
stec8|SD8000,302300.0,-0.85,0.1281,0.007530
stec8|SD8000,302300.0,0.15,0.2578,0.006990
stec8|SD8000,302300.0,1.18,0.3818,0.006790
stec8|SD8000,302300.0,2.20,0.4793,0.007140
stec8|SD8000,302300.0,3.23,0.5797,0.008080
stec8|SD8000,302300.0,4.25,0.6782,0.009540
stec8|SD8000,302300.0,5.26,0.7758,0.011300
stec8|SD8000,302300.0,6.29,0.8747,0.013300
stec8|SD8000,302300.0,7.30,0.9703,0.015340
stec8|SD8000,302300.0,8.31,1.0595,0.018050
stec8|SD8000,302300.0,9.34,1.1372,0.022140
stec8|SD8020,59800.0,-6.03,-0.6869,0.025900
stec8|SD8020,59800.0,-5.05,-0.6131,0.021550
stec8|SD8020,59800.0,-4.01,-0.5390,0.018650
stec8|SD8020,59800.0,-2.98,-0.4597,0.017880
stec8|SD8020,59800.0,-1.96,-0.1904,0.020030
stec8|SD8020,59800.0,-0.94,0.0049,0.017790
stec8|SD8020,59800.0,0.08,-0.0017,0.017070
stec8|SD8020,59800.0,1.09,-0.0028,0.018020
stec8|SD8020,59800.0,2.14,0.2510,0.019930
stec8|SD8020,59800.0,3.14,0.4735,0.017850
stec8|SD8020,59800.0,4.17,0.5502,0.018950
stec8|SD8020,59800.0,5.18,0.6224,0.022020
stec8|SD8020,59800.0,6.20,0.6993,0.026770
stec8|SD8020,59800.0,7.21,0.7731,0.033460
stec8|SD8020,59800.0,8.22,0.8221,0.044330
stec8|SD8020,59800.0,9.23,0.8391,0.060190
stec8|SD8020,59800.0,11.23,0.6026,0.127990
stec8|SD8020,59800.0,12.23,0.6179,0.143290
stec8|SD8020,100500.0,-6.05,-0.6846,0.020140
stec8|SD8020,100500.0,-5.02,-0.6085,0.016800
stec8|SD8020,100500.0,-4.01,-0.5368,0.014450
stec8|SD8020,100500.0,-2.98,-0.4635,0.013140
stec8|SD8020,100500.0,-1.96,-0.3748,0.013140
stec8|SD8020,100500.0,-0.94,-0.1383,0.014760
stec8|SD8020,100500.0,0.09,-0.0072,0.014410
stec8|SD8020,100500.0,1.10,0.1837,0.014620
stec8|SD8020,100500.0,2.13,0.3950,0.013010
stec8|SD8020,100500.0,3.15,0.4756,0.013270
stec8|SD8020,100500.0,4.18,0.5485,0.014760
stec8|SD8020,100500.0,5.19,0.6204,0.017290
stec8|SD8020,100500.0,6.22,0.6968,0.020730
stec8|SD8020,100500.0,7.23,0.7721,0.025520
stec8|SD8020,100500.0,8.24,0.8448,0.033240
stec8|SD8020,100500.0,9.26,0.8776,0.045220
stec8|SD8020,100500.0,10.26,0.8263,0.060460
stec8|SD8020,100500.0,11.24,0.7358,0.082200
stec8|SD8020,151200.0,-6.06,-0.6900,0.016960
stec8|SD8020,151200.0,-5.02,-0.6129,0.014340
stec8|SD8020,151200.0,-4.01,-0.5383,0.012420
stec8|SD8020,151200.0,-2.99,-0.4647,0.011200
stec8|SD8020,151200.0,-1.96,-0.3926,0.010720
stec8|SD8020,151200.0,-0.94,-0.2469,0.011580
stec8|SD8020,151200.0,0.09,0.0226,0.012610
stec8|SD8020,151200.0,1.11,0.2908,0.011270
stec8|SD8020,151200.0,2.12,0.4040,0.010740
stec8|SD8020,151200.0,3.15,0.4760,0.011340
stec8|SD8020,151200.0,4.16,0.5491,0.012650
stec8|SD8020,151200.0,5.20,0.6258,0.014760
stec8|SD8020,151200.0,6.22,0.7012,0.017420
stec8|SD8020,151200.0,7.24,0.7752,0.021120
stec8|SD8020,151200.0,8.25,0.8498,0.027050
stec8|SD8020,151200.0,9.27,0.9094,0.035270
stec8|SD8020,151200.0,10.27,0.9116,0.046570
stec8|SD8020,151200.0,11.25,0.8295,0.061110
stec8|SD8020,201100.0,-6.07,-0.6989,0.015180
stec8|SD8020,201100.0,-5.02,-0.6182,0.013030
stec8|SD8020,201100.0,-4.00,-0.5405,0.011370
stec8|SD8020,201100.0,-2.99,-0.4661,0.010280
stec8|SD8020,201100.0,-1.98,-0.3829,0.009790
stec8|SD8020,201100.0,-0.93,-0.1994,0.009860
stec8|SD8020,201100.0,0.09,0.0226,0.010110
stec8|SD8020,201100.0,1.12,0.2369,0.009800
stec8|SD8020,201100.0,2.12,0.4065,0.009780
stec8|SD8020,201100.0,3.16,0.4782,0.010420
stec8|SD8020,201100.0,4.19,0.5545,0.011630
stec8|SD8020,201100.0,5.20,0.6315,0.013380
stec8|SD8020,201100.0,6.21,0.7091,0.015530
stec8|SD8020,201100.0,7.23,0.7820,0.018800
stec8|SD8020,201100.0,8.24,0.8528,0.023470
stec8|SD8020,201100.0,9.27,0.9213,0.029360
stec8|SD8020,201100.0,10.28,0.9522,0.038430
stec8|SD8020,201100.0,11.25,0.9107,0.049710
stec8|SD8020,306700.0,-6.03,-0.7090,0.013120
stec8|SD8020,306700.0,-4.51,-0.5879,0.010770
stec8|SD8020,306700.0,-2.99,-0.4528,0.009270
stec8|SD8020,306700.0,-1.42,-0.2138,0.007860
stec8|SD8020,306700.0,0.61,0.0928,0.007290
stec8|SD8020,306700.0,0.61,0.0928,0.007290
stec8|SD8020,306700.0,1.63,0.2464,0.008030
stec8|SD8020,306700.0,3.16,0.4798,0.009410
stec8|SD8020,306700.0,4.69,0.6016,0.011030
stec8|SD8020,306700.0,6.21,0.7225,0.013490
stec8|SD8020,306700.0,7.75,0.8352,0.017640
stec8|SD8020,306700.0,9.28,0.9311,0.024540
stec8|SD8020,306700.0,10.79,1.0041,0.032870
stec8|SD8040,62100.0,-2.95,-0.2429,0.025740
stec8|SD8040,62100.0,-1.42,-0.1127,0.018070
stec8|SD8040,62100.0,0.13,0.1123,0.022180
stec8|SD8040,62100.0,1.66,0.3962,0.024450
stec8|SD8040,62100.0,3.21,0.6378,0.022860
stec8|SD8040,62100.0,4.72,0.8101,0.022240
stec8|SD8040,62100.0,6.26,0.9576,0.024790
stec8|SD8040,62100.0,7.77,1.0882,0.029940
stec8|SD8040,62100.0,9.29,1.2049,0.038020
stec8|SD8040,62100.0,10.81,1.2762,0.051780
stec8|SD8040,102300.0,-2.93,-0.2317,0.021620
stec8|SD8040,102300.0,-1.40,0.0326,0.016020
stec8|SD8040,102300.0,0.15,0.3112,0.016010
stec8|SD8040,102300.0,1.67,0.5111,0.014720
stec8|SD8040,102300.0,3.19,0.6682,0.014470
stec8|SD8040,102300.0,4.73,0.8192,0.015880
stec8|SD8040,102300.0,6.27,0.9597,0.018700
stec8|SD8040,102300.0,7.78,1.0870,0.022840
stec8|SD8040,102300.0,9.30,1.2027,0.028830
stec8|SD8040,102300.0,10.82,1.3034,0.037790
stec8|SD8040,150300.0,-2.93,-0.1054,0.017200
stec8|SD8040,150300.0,-1.40,0.1091,0.012580
stec8|SD8040,150300.0,0.13,0.3688,0.011330
stec8|SD8040,150300.0,1.66,0.5160,0.010890
stec8|SD8040,150300.0,3.21,0.6706,0.011560
stec8|SD8040,150300.0,4.73,0.8179,0.013250
stec8|SD8040,150300.0,6.25,0.9577,0.015810
stec8|SD8040,150300.0,7.79,1.0881,0.019400
stec8|SD8040,150300.0,9.30,1.1995,0.024190
stec8|SD8040,150300.0,10.81,1.2866,0.031020
stec8|SD8040,150300.0,11.81,1.3375,0.037180
stec8|SD8040,204900.0,-2.96,-0.0323,0.013840
stec8|SD8040,204900.0,-1.39,0.1502,0.009910
stec8|SD8040,204900.0,0.14,0.3745,0.008950
stec8|SD8040,204900.0,1.67,0.5161,0.009060
stec8|SD8040,204900.0,3.19,0.6671,0.010040
stec8|SD8040,204900.0,4.73,0.8176,0.011730
stec8|SD8040,204900.0,6.26,0.9607,0.014130
stec8|SD8040,204900.0,7.79,1.0945,0.017250
stec8|SD8040,204900.0,9.28,1.2063,0.021490
stec8|SD8040,204900.0,10.81,1.2869,0.027300
stec8|SD8040,204900.0,11.82,1.3256,0.032880
stec8|SD8040,301800.0,-2.96,0.0099,0.010940
stec8|SD8040,301800.0,-1.44,0.1582,0.007910
stec8|SD8040,301800.0,0.12,0.3551,0.007170
stec8|SD8040,301800.0,1.63,0.5096,0.007580
stec8|SD8040,301800.0,3.19,0.6655,0.008700
stec8|SD8040,301800.0,4.74,0.8197,0.010350
stec8|SD8040,301800.0,6.26,0.9667,0.012460
stec8|SD8040,301800.0,7.78,1.1053,0.015210
stec8|SD8040,301800.0,9.29,1.2282,0.018750
stec8|SD8040,301800.0,10.81,1.3110,0.023850
stec8|SD8040,301800.0,11.80,1.3455,0.028240
stec8|SD8040,301800.0,12.81,1.3692,0.034390
stec8|SPICA,59900.0,-1.87,0.0180,0.044790
stec8|SPICA,59900.0,-0.85,0.1414,0.040280
stec8|SPICA,59900.0,0.16,0.2439,0.039320
stec8|SPICA,59900.0,1.18,0.3558,0.038730
stec8|SPICA,59900.0,2.20,0.5067,0.039550
stec8|SPICA,59900.0,3.21,0.5549,0.044310
stec8|SPICA,59900.0,4.22,0.6332,0.048190
stec8|SPICA,59900.0,5.23,0.7406,0.050290
stec8|SPICA,99600.0,-1.88,0.2615,0.026660
stec8|SPICA,99600.0,-0.87,0.3641,0.023890
stec8|SPICA,99600.0,0.16,0.4625,0.022160
stec8|SPICA,99600.0,1.18,0.6256,0.019860
stec8|SPICA,99600.0,2.20,0.7172,0.020990
stec8|SPICA,99600.0,3.22,0.8100,0.022020
stec8|SPICA,99600.0,4.23,0.9044,0.022930
stec8|SPICA,99600.0,5.26,1.0053,0.023520
stec8|SPICA,99600.0,6.27,1.0978,0.024200
stec8|SPICA,99600.0,7.30,1.1939,0.024590
stec8|SPICA,99600.0,8.32,1.2815,0.025590
stec8|SPICA,99600.0,9.34,1.3635,0.027570
stec8|SPICA,99600.0,10.35,1.4429,0.030090
stec8|SPICA,99600.0,11.38,1.4881,0.033170
stec8|SPICA,99600.0,12.39,1.4974,0.036140
stec8|SPICA,99600.0,13.39,1.4797,0.041420
stec8|SPICA,99600.0,14.41,1.4521,0.050160
stec8|SPICA,99600.0,15.40,1.3873,0.066100
stec8|SPICA,202300.0,-3.96,0.0751,0.032150
stec8|SPICA,202300.0,-2.91,0.1663,0.026390
stec8|SPICA,202300.0,-0.88,0.3864,0.016460
stec8|SPICA,202300.0,0.15,0.4908,0.014650
stec8|SPICA,202300.0,1.17,0.6595,0.011980
stec8|SPICA,202300.0,2.19,0.7556,0.012490
stec8|SPICA,202300.0,3.22,0.8549,0.013050
stec8|SPICA,202300.0,4.23,0.9491,0.013570
stec8|SPICA,202300.0,5.26,1.0451,0.014090
stec8|SPICA,202300.0,6.27,1.1328,0.014640
stec8|SPICA,202300.0,7.30,1.2178,0.015590
stec8|SPICA,202300.0,8.32,1.2930,0.017140
stec8|SPICA,202300.0,9.34,1.3595,0.019140
stec8|SPICA,202300.0,10.35,1.4002,0.021370
stec8|SPICA,202300.0,11.37,1.4321,0.024390
stec8|SPICA,202300.0,12.39,1.4509,0.028930
stec8|SPICA,202300.0,13.40,1.4592,0.035740
stec8|SPICA,202300.0,14.41,1.4302,0.047930
stec8|SPICA,301500.0,-2.98,0.1623,0.023350
stec8|SPICA,301500.0,-1.90,0.2717,0.018440
stec8|SPICA,301500.0,-0.90,0.3816,0.013840
stec8|SPICA,301500.0,0.15,0.4896,0.012520
stec8|SPICA,301500.0,1.16,0.6623,0.009770
stec8|SPICA,301500.0,2.18,0.7590,0.010190
stec8|SPICA,301500.0,3.22,0.8569,0.010580
stec8|SPICA,301500.0,4.23,0.9519,0.011010
stec8|SPICA,301500.0,5.26,1.0466,0.011500
stec8|WB135/35,61300.0,-5.97,-0.5873,0.034370
stec8|WB135/35,61300.0,-4.96,-0.5220,0.029540
stec8|WB135/35,61300.0,-3.95,-0.4671,0.033570
stec8|WB135/35,61300.0,-2.91,-0.3507,0.033870
stec8|WB135/35,61300.0,-1.88,-0.2343,0.033630
stec8|WB135/35,61300.0,-0.85,-0.1134,0.034260
stec8|WB135/35,61300.0,0.16,0.0515,0.034770
stec8|WB135/35,61300.0,1.19,0.2655,0.034890
stec8|WB135/35,61300.0,2.20,0.4050,0.036090
stec8|WB135/35,61300.0,3.22,0.5809,0.034710
stec8|WB135/35,61300.0,4.24,0.7352,0.032390
stec8|WB135/35,61300.0,5.27,0.8735,0.030810
stec8|WB135/35,61300.0,6.28,0.9715,0.031980
stec8|WB135/35,61300.0,7.27,1.0633,0.034130
stec8|WB135/35,61300.0,8.25,1.1606,0.036140
stec8|WB135/35,61300.0,9.27,1.2514,0.035720
stec8|WB135/35,100500.0,-5.96,-0.4391,0.026050
stec8|WB135/35,100500.0,-4.95,-0.3288,0.025680
stec8|WB135/35,100500.0,-3.91,-0.2249,0.026690
stec8|WB135/35,100500.0,-2.89,-0.1041,0.026000
stec8|WB135/35,100500.0,-1.87,-0.0107,0.026190
stec8|WB135/35,100500.0,-0.84,0.1285,0.025180
stec8|WB135/35,100500.0,0.17,0.2742,0.023530
stec8|WB135/35,100500.0,1.21,0.5375,0.020330
stec8|WB135/35,100500.0,2.23,0.6437,0.020180
stec8|WB135/35,100500.0,3.24,0.7571,0.019390
stec8|WB135/35,100500.0,4.27,0.8675,0.018490
stec8|WB135/35,100500.0,5.29,0.9589,0.018660
stec8|WB135/35,100500.0,6.30,1.0505,0.020130
stec8|WB135/35,100500.0,7.33,1.1367,0.022200
stec8|WB135/35,100500.0,8.34,1.2023,0.024310
stec8|WB135/35,100500.0,9.36,1.2421,0.026290
stec8|WB135/35,100500.0,10.39,1.2210,0.029540
stec8|WB135/35,100500.0,11.37,1.1664,0.040880
stec8|WB135/35,100500.0,12.37,1.1381,0.053560
stec8|WB135/35,100500.0,13.35,1.1029,0.069270
stec8|WB135/35,155700.0,-5.95,-0.2941,0.017970
stec8|WB135/35,155700.0,-4.92,-0.1578,0.018440
stec8|WB135/35,155700.0,-3.89,-0.0444,0.017770
stec8|WB135/35,155700.0,-2.89,0.0725,0.016910
stec8|WB135/35,155700.0,-1.86,0.1811,0.016230
stec8|WB135/35,155700.0,-0.85,0.2910,0.015440
stec8|WB135/35,155700.0,0.19,0.3982,0.014890
stec8|WB135/35,155700.0,1.21,0.6037,0.013400
stec8|WB135/35,155700.0,2.22,0.7034,0.013580
stec8|WB135/35,155700.0,3.24,0.8003,0.013680
stec8|WB135/35,155700.0,4.27,0.8889,0.013750
stec8|WB135/35,155700.0,5.29,0.9640,0.014710
stec8|WB135/35,155700.0,6.31,1.0448,0.016680
stec8|WB135/35,155700.0,7.33,1.1182,0.018620
stec8|WB135/35,155700.0,8.35,1.1725,0.020430
stec8|WB135/35,155700.0,9.34,1.1959,0.022390
stec8|WB135/35,155700.0,10.36,1.1642,0.030620
stec8|WB135/35,204000.0,-9.07,-0.5847,0.038550
stec8|WB135/35,204000.0,-8.06,-0.4779,0.026910
stec8|WB135/35,204000.0,-6.99,-0.3474,0.019760
stec8|WB135/35,204000.0,-6.00,-0.2438,0.014980
stec8|WB135/35,204000.0,-4.97,-0.1261,0.014980
stec8|WB135/35,204000.0,-3.95,-0.0189,0.014400
stec8|WB135/35,204000.0,-2.93,0.0888,0.013840
stec8|WB135/35,204000.0,-1.89,0.1988,0.013180
stec8|WB135/35,204000.0,-0.85,0.3080,0.012810
stec8|WB135/35,204000.0,0.17,0.4151,0.012510
stec8|WB135/35,204000.0,1.20,0.5183,0.011680
stec8|WB135/35,204000.0,2.23,0.7142,0.011440
stec8|WB135/35,204000.0,3.24,0.8081,0.011650
stec8|WB135/35,204000.0,4.26,0.8933,0.011960
stec8|WB135/35,204000.0,5.28,0.9605,0.013410
stec8|WB135/35,204000.0,6.30,1.0349,0.015290
stec8|WB135/35,204000.0,7.32,1.1074,0.017010
stec8|WB135/35,204000.0,8.34,1.1555,0.018570
stec8|WB135/35,204000.0,9.35,1.1781,0.021760
stec8|WB135/35,204000.0,10.36,1.1600,0.029960
stec8|WB135/35,204000.0,11.35,1.1661,0.037760
stec8|WB135/35,204000.0,12.35,1.1554,0.048510
stec8|WB135/35,204000.0,13.35,1.1466,0.060360
stec8|WB135/35,204000.0,14.34,1.1705,0.068630
stec8|WB135/35,302700.0,-4.94,-0.1184,0.011890
stec8|WB135/35,302700.0,-3.91,-0.0089,0.011500
stec8|WB135/35,302700.0,-2.88,0.1005,0.011060
stec8|WB135/35,302700.0,-1.87,0.2074,0.010700
stec8|WB135/35,302700.0,-0.85,0.3140,0.010470
stec8|WB135/35,302700.0,0.18,0.4215,0.010320
stec8|WB135/35,302700.0,1.18,0.5236,0.010050
stec8|WB135/35,302700.0,2.19,0.7172,0.009300
stec8|WB135/35,302700.0,3.22,0.8119,0.009600
vol1|A18,40000.0,-1.16,0.2126,0.022520
vol1|A18,40000.0,0.93,0.3904,0.029110
vol1|A18,40000.0,2.82,0.5791,0.039610
vol1|A18,40000.0,5.05,1.0642,0.032740
vol1|A18,40000.0,7.04,1.2071,0.049820
vol1|A18,40000.0,9.08,1.1945,0.087960
vol1|A18,40000.0,11.10,0.7881,0.162740
vol1|A18,60700.0,-2.07,0.1466,0.022170
vol1|A18,60700.0,-0.17,0.3160,0.022720
vol1|A18,60700.0,1.14,0.5172,0.026950
vol1|A18,60700.0,2.44,0.7328,0.029080
vol1|A18,60700.0,4.17,1.0132,0.023950
vol1|A18,60700.0,6.02,1.1093,0.031120
vol1|A18,60700.0,7.62,1.2599,0.051580
vol1|A18,60700.0,9.15,1.2249,0.080640
vol1|A18,100700.0,-1.53,0.2335,0.018550
vol1|A18,100700.0,-0.37,0.4277,0.017800
vol1|A18,100700.0,1.10,0.6723,0.017490
vol1|A18,100700.0,2.82,0.8965,0.015670
vol1|A18,100700.0,4.38,1.0507,0.016010
vol1|A18,100700.0,5.94,1.1220,0.026560
vol1|A18,100700.0,7.60,1.2675,0.045170
vol1|A18,201800.0,-1.55,0.3974,0.011730
vol1|A18,201800.0,0.17,0.6162,0.009560
vol1|A18,201800.0,1.53,0.7671,0.009560
vol1|A18,201800.0,2.93,0.9142,0.010520
vol1|A18,201800.0,4.38,1.0436,0.013320
vol1|A18,201800.0,5.59,1.1234,0.020350
vol1|A18,201800.0,7.50,1.2697,0.035110
vol1|A18,201800.0,8.93,1.2380,0.053110
vol1|A18,204500.0,-5.29,-0.1818,0.021260
vol1|A18,204500.0,-3.39,0.1081,0.014930
vol1|A18,300400.0,-2.37,0.3251,0.010080
vol1|A18,300400.0,-0.45,0.5515,0.007330
vol1|A18,300400.0,0.94,0.7034,0.007660
vol1|A18,300400.0,2.39,0.8581,0.008660
vol1|A18,300400.0,4.28,1.0315,0.012890
vol1|A18,300400.0,5.81,1.1528,0.019600
vol1|A18,305600.0,-5.35,-0.1152,0.016250
vol1|A18,305600.0,-3.58,0.1454,0.011930
vol1|BE50,60300.0,-0.12,0.3509,0.021120
vol1|BE50,60300.0,1.36,0.6465,0.022610
vol1|BE50,60300.0,2.99,0.8764,0.020240
vol1|BE50,60300.0,4.52,1.0296,0.023240
vol1|BE50,60300.0,5.79,1.1543,0.027420
vol1|BE50,60300.0,7.47,1.2516,0.029930
vol1|BE50,60300.0,9.05,1.3298,0.048380
vol1|BE50,60300.0,10.53,1.3334,0.071540
vol1|BE50,101000.0,-3.48,-0.0194,0.025870
vol1|BE50,101000.0,-1.75,0.2216,0.018270
vol1|BE50,101000.0,-0.28,0.4877,0.014920
vol1|BE50,101000.0,1.42,0.7166,0.013670
vol1|BE50,101000.0,3.46,0.9237,0.015310
vol1|BE50,101000.0,4.30,1.0074,0.017060
vol1|BE50,101000.0,5.99,1.1700,0.021260
vol1|BE50,101000.0,7.32,1.2485,0.027370
vol1|BE50,101000.0,9.23,1.3608,0.048090
vol1|BE50,101000.0,10.39,1.3700,0.065470
vol1|BE50,201700.0,-5.41,-0.2543,0.050590
vol1|BE50,201700.0,-3.12,0.1344,0.015550
vol1|BE50,201700.0,-1.73,0.3666,0.010950
vol1|BE50,201700.0,-0.44,0.5165,0.008540
vol1|BE50,201700.0,1.28,0.7024,0.009130
vol1|BE50,201700.0,2.81,0.8601,0.010660
vol1|BE50,201700.0,4.38,1.0175,0.013420
vol1|BE50,201700.0,5.72,1.1497,0.015460
vol1|BE50,201700.0,7.57,1.2781,0.025600
vol1|BE50,201700.0,8.84,1.3495,0.034350
vol1|E374 (B),61200.0,-5.30,-0.5384,0.045060
vol1|E374 (B),61200.0,-4.27,-0.4897,0.033460
vol1|E374 (B),61200.0,-3.27,-0.4167,0.027080
vol1|E374 (B),61200.0,-2.31,-0.1995,0.021590
vol1|E374 (B),61200.0,-1.20,-0.0461,0.023260
vol1|E374 (B),61200.0,-0.18,0.0889,0.025150
vol1|E374 (B),61200.0,0.90,0.1930,0.027420
vol1|E374 (B),61200.0,1.86,0.2959,0.029830
vol1|E374 (B),61200.0,2.98,0.3924,0.033060
vol1|E374 (B),61200.0,3.92,0.4718,0.035960
vol1|E374 (B),61200.0,4.95,0.5730,0.038690
vol1|E374 (B),61200.0,6.02,0.7633,0.036100
vol1|E374 (B),61200.0,7.01,0.9169,0.028770
vol1|E374 (B),61200.0,8.00,0.9567,0.025620
vol1|E374 (B),61200.0,9.00,0.9679,0.035340
vol1|E374 (B),61200.0,10.01,1.0743,0.048240
vol1|E374 (B),101600.0,-4.22,-0.3538,0.023950
vol1|E374 (B),101600.0,-3.31,-0.2363,0.018650
vol1|E374 (B),101600.0,-2.23,0.0903,0.017350
vol1|E374 (B),101600.0,-1.10,0.2973,0.015940
vol1|E374 (B),101600.0,-0.24,0.3762,0.016100
vol1|E374 (B),101600.0,0.82,0.4627,0.016760
vol1|E374 (B),101600.0,1.84,0.5403,0.017810
vol1|E374 (B),101600.0,2.84,0.6181,0.018920
vol1|E374 (B),101600.0,4.01,0.7113,0.019940
vol1|E374 (B),101600.0,5.03,0.8045,0.019780
vol1|E374 (B),101600.0,5.96,0.8905,0.018860
vol1|E374 (B),101600.0,7.02,0.9618,0.017660
vol1|E374 (B),101600.0,8.02,0.9535,0.022680
vol1|E374 (B),101600.0,8.96,0.9550,0.029410
vol1|E374 (B),101600.0,10.02,1.0618,0.039350
vol1|E374 (B),102800.0,-5.38,-0.5131,0.037240
vol1|E374 (B),102800.0,-4.35,-0.3695,0.025070
vol1|E374 (B),152400.0,-5.26,-0.3906,0.025010
vol1|E374 (B),152400.0,-4.26,-0.2456,0.017340
vol1|E374 (B),152400.0,-3.11,-0.1356,0.011860
vol1|E374 (B),152400.0,-2.22,0.0187,0.012400
vol1|E374 (B),152400.0,-1.08,0.2788,0.012780
vol1|E374 (B),152400.0,-0.20,0.3882,0.012460
vol1|E374 (B),152400.0,0.85,0.4736,0.012720
vol1|E374 (B),152400.0,1.82,0.5547,0.013110
vol1|E374 (B),152400.0,2.93,0.6463,0.013690
vol1|E374 (B),152400.0,3.96,0.7337,0.014080
vol1|E374 (B),152400.0,4.90,0.8147,0.014200
vol1|E374 (B),152400.0,5.91,0.8987,0.014050
vol1|E374 (B),152400.0,7.03,0.9601,0.015080
vol1|E374 (B),152400.0,8.05,0.9540,0.021110
vol1|E374 (B),152400.0,9.03,0.9631,0.026360
vol1|E374 (B),152400.0,10.01,1.0247,0.032890
vol1|E374 (B),203000.0,-5.32,-0.3525,0.020510
vol1|E374 (B),203000.0,-4.28,-0.2148,0.014520
vol1|E374 (B),203000.0,-3.29,-0.1304,0.011040
vol1|E374 (B),203000.0,-2.28,-0.0395,0.009850
vol1|E374 (B),203000.0,-1.20,0.1602,0.011020
vol1|E374 (B),203000.0,-0.16,0.3566,0.011180
vol1|E374 (B),203000.0,0.84,0.4738,0.011010
vol1|E374 (B),203000.0,1.80,0.5556,0.011200
vol1|E374 (B),203000.0,2.84,0.6439,0.011430
vol1|E374 (B),203000.0,3.87,0.7329,0.011670
vol1|E374 (B),203000.0,5.00,0.8290,0.011860
vol1|E374 (B),203000.0,5.93,0.9017,0.012000
vol1|E374 (B),203000.0,6.92,0.9490,0.013990
vol1|E374 (B),203000.0,7.95,0.9585,0.019320
vol1|E374 (B),203000.0,8.97,0.9723,0.023980
vol1|E374 (B),203000.0,9.98,1.0148,0.029770
vol1|E374 (B),303300.0,-6.36,-0.4531,0.025660
vol1|E374 (B),303300.0,-5.28,-0.3179,0.015750
vol1|E374 (B),303300.0,-4.13,-0.2049,0.011910
vol1|E374 (B),303300.0,-3.06,-0.1121,0.009530
vol1|E374 (B),303300.0,-2.10,-0.0367,0.007970
vol1|E374 (B),303300.0,-1.03,0.1035,0.008530
vol1|E374 (B),303300.0,-0.01,0.2772,0.009240
vol1|E374 (B),303300.0,1.04,0.4525,0.009460
vol1|E374 (B),303300.0,2.08,0.5835,0.009330
vol1|E374 (B),303300.0,3.08,0.6693,0.009390
vol1|E374 (B),303300.0,4.08,0.7550,0.009510
vol1|E374 (B),303300.0,5.15,0.8443,0.009750
vol1|E374 (B),303300.0,6.08,0.9101,0.010620
vol1|E374 (B),303300.0,6.95,0.9448,0.013460
vol1|E374 (B),303300.0,8.03,0.9741,0.017960
vol1|E374 (B),303300.0,9.11,1.0006,0.021770
vol1|E374 (B),303300.0,10.13,1.0290,0.026740
vol1|E387 (A),61000.0,-5.36,-0.3985,0.077340
vol1|E387 (A),61000.0,-2.12,0.0030,0.028030
vol1|E387 (A),61000.0,-0.68,0.2116,0.023320
vol1|E387 (A),61000.0,0.93,0.4014,0.027070
vol1|E387 (A),61000.0,2.59,0.5584,0.032500
vol1|E387 (A),61000.0,4.18,0.7018,0.038520
vol1|E387 (A),61000.0,5.42,0.8243,0.042400
vol1|E387 (A),61000.0,6.99,1.0618,0.036120
vol1|E387 (A),61000.0,8.82,1.1627,0.031740
vol1|E387 (A),61000.0,10.15,1.2554,0.048730
vol1|E387 (A),101000.0,-5.38,-0.3011,0.062700
vol1|E387 (A),101000.0,-3.62,-0.0186,0.026360
vol1|E387 (A),101000.0,-2.04,0.1808,0.015360
vol1|E387 (A),101000.0,-0.49,0.3663,0.014980
vol1|E387 (A),101000.0,0.81,0.4995,0.016410
vol1|E387 (A),101000.0,2.46,0.6680,0.018660
vol1|E387 (A),101000.0,3.86,0.8098,0.020650
vol1|E387 (A),101000.0,5.61,0.9884,0.021630
vol1|E387 (A),101000.0,6.93,1.1231,0.020030
vol1|E387 (A),101000.0,8.70,1.1609,0.028730
vol1|E387 (A),101000.0,10.13,1.2416,0.041420
vol1|E387 (A),151600.0,-5.31,-0.1847,0.047800
vol1|E387 (A),151600.0,-3.46,0.0380,0.019070
vol1|E387 (A),151600.0,-2.11,0.1766,0.013000
vol1|E387 (A),151600.0,-0.50,0.3568,0.011210
vol1|E387 (A),151600.0,0.83,0.4975,0.012160
vol1|E387 (A),151600.0,2.54,0.6803,0.013610
vol1|E387 (A),151600.0,4.07,0.8429,0.014800
vol1|E387 (A),151600.0,5.65,1.0065,0.015400
vol1|E387 (A),151600.0,7.06,1.1371,0.015190
vol1|E387 (A),151600.0,8.65,1.1738,0.025920
vol1|E387 (A),151600.0,10.04,1.2163,0.035740
vol1|E387 (A),202300.0,-4.65,-0.0971,0.033780
vol1|E387 (A),202300.0,-3.35,0.0406,0.016620
vol1|E387 (A),202300.0,-1.97,0.1848,0.011430
vol1|E387 (A),202300.0,-0.37,0.3643,0.009590
vol1|E387 (A),202300.0,1.27,0.5414,0.010520
vol1|E387 (A),202300.0,2.67,0.6935,0.011440
vol1|E387 (A),202300.0,4.24,0.8618,0.012350
vol1|E387 (A),202300.0,5.61,1.0054,0.012810
vol1|E387 (A),202300.0,7.25,1.1445,0.014840
vol1|E387 (A),202300.0,8.79,1.1904,0.024840
vol1|E387 (A),202300.0,10.18,1.2274,0.034150
vol1|E387 (A),303000.0,-5.46,-0.1713,0.040740
vol1|E387 (A),303000.0,-3.93,-0.0307,0.017090
vol1|E387 (A),303000.0,-2.24,0.1510,0.011140
vol1|E387 (A),303000.0,-0.24,0.3734,0.007900
vol1|E387 (A),303000.0,1.05,0.5144,0.008440
vol1|E387 (A),303000.0,2.53,0.6768,0.009150
vol1|E387 (A),303000.0,4.08,0.8450,0.009820
vol1|E387 (A),303000.0,6.95,1.1183,0.013280
vol1|E387 (A),303000.0,8.46,1.1995,0.020960
vol1|E387 (A),303000.0,9.93,1.2388,0.028670
vol1|FX 63-137 (B),100800.0,-5.05,-0.1618,0.075330
vol1|FX 63-137 (B),100800.0,-3.74,0.1579,0.032330
vol1|FX 63-137 (B),100800.0,-2.86,0.2963,0.028930
vol1|FX 63-137 (B),100800.0,-1.91,0.4546,0.027550
vol1|FX 63-137 (B),100800.0,-0.57,0.5933,0.028740
vol1|FX 63-137 (B),100800.0,0.37,0.6944,0.029100
vol1|FX 63-137 (B),100800.0,1.29,0.8277,0.028110
vol1|FX 63-137 (B),100800.0,2.27,0.9405,0.027670
vol1|FX 63-137 (B),100800.0,3.48,1.0851,0.026520
vol1|FX 63-137 (B),100800.0,4.41,1.1881,0.025270
vol1|FX 63-137 (B),100800.0,5.65,1.3903,0.024180
vol1|FX 63-137 (B),100800.0,6.53,1.4868,0.024470
vol1|FX 63-137 (B),100800.0,7.53,1.5829,0.025400
vol1|FX 63-137 (B),100800.0,8.34,1.6387,0.026990
vol1|FX 63-137 (B),100800.0,9.72,1.6799,0.031420
vol1|FX 63-137 (B),100800.0,10.57,1.6773,0.036560
vol1|FX 63-137 (B),100800.0,11.44,1.6520,0.045560
vol1|FX 63-137 (B),100800.0,13.00,1.6507,0.063830
vol1|FX 63-137 (B),201100.0,-5.79,0.1532,0.022140
vol1|FX 63-137 (B),201100.0,-4.73,0.3036,0.017740
vol1|FX 63-137 (B),201100.0,-3.65,0.4384,0.015210
vol1|FX 63-137 (B),201100.0,-2.54,0.6023,0.013040
vol1|FX 63-137 (B),201100.0,-1.61,0.7063,0.013660
vol1|FX 63-137 (B),201100.0,-0.42,0.8363,0.014260
vol1|FX 63-137 (B),201100.0,0.87,0.9790,0.014530
vol1|FX 63-137 (B),201100.0,1.42,1.0400,0.014540
vol1|FX 63-137 (B),201100.0,2.63,1.1672,0.014740
vol1|FX 63-137 (B),201100.0,3.99,1.3032,0.015020
vol1|FX 63-137 (B),201100.0,4.67,1.3682,0.015400
vol1|FX 63-137 (B),201100.0,5.89,1.4681,0.016230
vol1|FX 63-137 (B),201100.0,6.78,1.5426,0.017380
vol1|FX 63-137 (B),201100.0,8.29,1.6370,0.020810
vol1|FX 63-137 (B),201100.0,9.14,1.6682,0.023800
vol1|FX 63-137 (B),201100.0,10.51,1.6802,0.032710
vol1|FX 63-137 (B),201100.0,10.70,1.6754,0.034730
vol1|FX 63-137 (B),201100.0,11.97,1.6531,0.049990
vol1|FX 63-137 (B),201100.0,12.86,1.6603,0.060000
vol1|FX 63-137 (B),251600.0,-6.29,0.1286,0.019850
vol1|FX 63-137 (B),251600.0,-4.91,0.3012,0.015900
vol1|FX 63-137 (B),251600.0,-3.87,0.4282,0.013940
vol1|FX 63-137 (B),251600.0,-2.74,0.5907,0.011420
vol1|FX 63-137 (B),251600.0,-1.81,0.6974,0.011710
vol1|FX 63-137 (B),251600.0,-0.74,0.8174,0.012210
vol1|FX 63-137 (B),251600.0,0.24,0.9254,0.012490
vol1|FX 63-137 (B),251600.0,1.25,1.0340,0.012690
vol1|FX 63-137 (B),251600.0,2.34,1.1498,0.012940
vol1|FX 63-137 (B),251600.0,3.37,1.2534,0.013290
vol1|FX 63-137 (B),251600.0,4.34,1.3488,0.013900
vol1|FX 63-137 (B),251600.0,5.36,1.4429,0.014800
vol1|FX 63-137 (B),251600.0,7.50,1.5943,0.017820
vol1|FX 63-137 (B),251600.0,8.33,1.6378,0.020050
vol1|FX 63-137 (B),251600.0,9.50,1.6720,0.025180
vol1|FX 63-137 (B),251600.0,10.51,1.6778,0.032700
vol1|FX 63-137 (B),251600.0,11.60,1.6721,0.044000
vol1|FX 63-137 (B),302300.0,-5.82,0.2005,0.016200
vol1|FX 63-137 (B),302300.0,-4.86,0.3166,0.014170
vol1|FX 63-137 (B),302300.0,-3.85,0.4414,0.012600
vol1|FX 63-137 (B),302300.0,-2.79,0.5874,0.010610
vol1|FX 63-137 (B),302300.0,-1.74,0.7113,0.010580
vol1|FX 63-137 (B),302300.0,-0.71,0.8272,0.010970
vol1|FX 63-137 (B),302300.0,0.33,0.9421,0.011260
vol1|FX 63-137 (B),302300.0,1.34,1.0512,0.011580
vol1|FX 63-137 (B),302300.0,2.35,1.1562,0.011840
vol1|FX 63-137 (B),302300.0,3.36,1.2589,0.012360
vol1|FX 63-137 (B),302300.0,4.45,1.3659,0.013170
vol1|FX 63-137 (B),302300.0,5.46,1.4576,0.014230
vol1|FX 63-137 (B),302300.0,6.42,1.5321,0.015490
vol1|FX 63-137 (B),302300.0,7.49,1.5919,0.017260
vol1|FX 63-137 (B),302300.0,8.52,1.6437,0.020330
vol1|FX 63-137 (B),302300.0,9.57,1.6738,0.025370
vol1|FX 63-137 (B),302300.0,10.55,1.6757,0.033260
vol1|FX 63-137 (B),302300.0,11.53,1.6816,0.042430
vol1|GEMINI,101600.0,-7.01,-0.7501,0.034510
vol1|GEMINI,101600.0,-3.28,-0.2658,0.020240
vol1|GEMINI,101600.0,-2.71,-0.1927,0.020430
vol1|GEMINI,101600.0,-1.08,0.1007,0.020590
vol1|GEMINI,101600.0,0.56,0.4695,0.019560
vol1|GEMINI,101600.0,2.08,0.6329,0.018950
vol1|GEMINI,101600.0,3.64,0.7489,0.019640
vol1|GEMINI,101600.0,5.13,0.8723,0.020800
vol1|GEMINI,101600.0,6.44,0.9748,0.022570
vol1|GEMINI,101600.0,8.30,1.1248,0.023770
vol1|GEMINI,101600.0,9.63,1.1753,0.024760
vol1|GEMINI,101600.0,11.05,1.0976,0.033660
vol1|GEMINI,101600.0,12.66,1.0379,0.053930
vol1|GEMINI,202800.0,-7.05,-0.5413,0.022340
vol1|GEMINI,202800.0,-5.60,-0.3524,0.016280
vol1|GEMINI,202800.0,-3.85,-0.1903,0.012240
vol1|GEMINI,202800.0,-2.47,-0.0614,0.011650
vol1|GEMINI,202800.0,-1.14,0.0799,0.011460
vol1|GEMINI,202800.0,0.38,0.2750,0.011910
vol1|GEMINI,202800.0,2.11,0.5636,0.012690
vol1|GEMINI,202800.0,3.56,0.7710,0.013000
vol1|GEMINI,202800.0,5.15,0.8967,0.013830
vol1|GEMINI,202800.0,7.04,1.0354,0.015390
vol1|GEMINI,202800.0,8.21,1.1093,0.016600
vol1|GEMINI,202800.0,9.78,1.1210,0.021110
vol1|GEMINI,202800.0,11.13,1.0813,0.032750
vol1|GEMINI,202800.0,12.68,1.0720,0.048020
vol1|GEMINI,304100.0,-5.77,-0.3392,0.013760
vol1|GEMINI,304100.0,-4.53,-0.2317,0.011000
vol1|GEMINI,304100.0,-2.47,-0.0513,0.009470
vol1|GEMINI,304100.0,-1.29,0.0647,0.009260
vol1|GEMINI,304100.0,0.76,0.2898,0.009390
vol1|GEMINI,304100.0,2.08,0.4951,0.010090
vol1|GEMINI,304100.0,3.59,0.7346,0.010990
vol1|GEMINI,304100.0,5.24,0.9066,0.011800
vol1|GEMINI,304100.0,6.87,1.0223,0.013020
vol1|GEMINI,304100.0,8.27,1.1119,0.014590
vol1|GEMINI,304100.0,9.59,1.0918,0.020590
vol1|GEMINI,304100.0,11.25,1.0944,0.031960
vol1|GM15,38600.0,10.98,1.2184,0.097270
vol1|GM15,40600.0,-3.62,-0.3142,0.069050
vol1|GM15,40600.0,-1.52,0.0846,0.028780
vol1|GM15,40600.0,0.66,0.2777,0.024380
vol1|GM15,40600.0,2.61,0.4768,0.033500
vol1|GM15,40600.0,4.61,0.8121,0.042180
vol1|GM15,40600.0,6.83,1.2006,0.031360
vol1|GM15,40600.0,8.75,1.3090,0.053110
vol1|GM15,40600.0,9.94,1.3390,0.076110
vol1|GM15,60700.0,-3.59,-0.2771,0.063990
vol1|GM15,60700.0,-1.91,0.0613,0.024920
vol1|GM15,60700.0,-0.37,0.1891,0.023490
vol1|GM15,60700.0,1.07,0.3877,0.023990
vol1|GM15,60700.0,2.72,0.6928,0.026910
vol1|GM15,60700.0,4.28,0.9520,0.025090
vol1|GM15,60700.0,5.74,1.1378,0.024890
vol1|GM15,60700.0,7.34,1.1789,0.030900
vol1|GM15,60700.0,8.95,1.3361,0.051360
vol1|GM15,60700.0,10.38,1.3211,0.076710
vol1|GM15,60700.0,11.96,1.1625,0.112100
vol1|GM15,100600.0,0.00,0.3697,0.019360
vol1|GM15,100600.0,1.63,0.6693,0.016640
vol1|GM15,100600.0,3.13,0.8790,0.015170
vol1|GM15,100600.0,4.55,1.0384,0.015860
vol1|GM15,100600.0,6.15,1.1670,0.017800
vol1|GM15,100600.0,7.58,1.2096,0.029700
vol1|GM15,100600.0,9.11,1.3515,0.048460
vol1|GM15,101900.0,-3.46,-0.2328,0.055290
vol1|GM15,102100.0,-1.49,0.1162,0.019250
vol1|GM15,200500.0,-3.41,-0.0099,0.022370
vol1|GM15,200500.0,-1.25,0.3284,0.012980
vol1|GM15,200500.0,-0.44,0.4622,0.012100
vol1|GM15,200500.0,1.54,0.7286,0.009140
vol1|GM15,200500.0,4.75,1.0578,0.011710
vol1|GM15,200500.0,5.86,1.1428,0.013810
vol1|GM15,200500.0,7.66,1.2311,0.026160
vol1|GM15,200500.0,9.14,1.3517,0.041680
vol1|K3311,61100.0,-4.25,-0.4019,0.042820
vol1|K3311,61100.0,-2.71,-0.2407,0.030460
vol1|K3311,61100.0,0.58,0.2710,0.027490
vol1|K3311,61100.0,1.90,0.4313,0.030050
vol1|K3311,61100.0,3.68,0.6429,0.033230
vol1|K3311,61100.0,5.07,0.7903,0.035420
vol1|K3311,61100.0,6.80,0.9811,0.036560
vol1|K3311,61100.0,8.31,1.1715,0.032960
vol1|K3311,61100.0,9.89,1.1711,0.033880
vol1|K3311,61100.0,11.23,1.1759,0.048890
vol1|K3311,101100.0,-4.09,-0.2396,0.029910
vol1|K3311,101100.0,-2.54,-0.0070,0.021790
vol1|K3311,101100.0,-1.21,0.2451,0.016260
vol1|K3311,101100.0,0.43,0.4491,0.016030
vol1|K3311,101100.0,2.12,0.6242,0.016810
vol1|K3311,101100.0,3.59,0.7732,0.017960
vol1|K3311,101100.0,5.18,0.9290,0.019570
vol1|K3311,101100.0,6.83,1.0878,0.020350
vol1|K3311,101100.0,8.25,1.1845,0.021150
vol1|K3311,101100.0,9.76,1.1572,0.030060
vol1|K3311,101100.0,11.22,1.1603,0.042910
vol1|K3311,201800.0,-4.11,-0.0552,0.008410
vol1|K3311,201800.0,-2.55,0.1127,0.005020
vol1|K3311,201800.0,-1.07,0.2470,0.003290
vol1|K3311,201800.0,0.40,0.4594,0.003100
vol1|K3311,201800.0,2.18,0.6294,0.003730
vol1|K3311,201800.0,3.52,0.7604,0.004220
vol1|K3311,201800.0,5.22,0.9251,0.004940
vol1|K3311,201800.0,6.60,1.0496,0.005800
vol1|K3311,201800.0,8.15,1.1465,0.007660
vol1|K3311,201800.0,9.85,1.1176,0.017110
vol1|K3311,201800.0,11.19,1.1775,0.036640
vol1|K3311,302900.0,-4.28,-0.0626,0.016070
vol1|K3311,302900.0,-2.78,0.0931,0.011710
vol1|K3311,302900.0,-1.00,0.2678,0.008810
vol1|K3311,302900.0,0.47,0.4807,0.007960
vol1|K3311,302900.0,2.11,0.6392,0.008780
vol1|K3311,302900.0,3.51,0.7775,0.009390
vol1|K3311,302900.0,5.25,0.9465,0.010580
vol1|K3311,302900.0,6.83,1.0878,0.012020
vol1|K3311,302900.0,8.16,1.1708,0.015390
vol1|K3311,302900.0,10.05,1.1868,0.025520
vol1|K3311,302900.0,11.68,1.2006,0.037850
vol1|MA409,40700.0,-1.98,0.0791,0.019360
vol1|MA409,40700.0,0.16,0.2973,0.022330
vol1|MA409,40700.0,2.11,0.4559,0.028640
vol1|MA409,40700.0,4.32,0.9284,0.027040
vol1|MA409,40700.0,6.35,1.0804,0.047020
vol1|MA409,40700.0,8.22,1.1267,0.083660
vol1|MA409,60800.0,-2.71,0.0270,0.021250
vol1|MA409,60800.0,-1.11,0.1873,0.017870
vol1|MA409,60800.0,0.56,0.3467,0.020660
vol1|MA409,60800.0,2.03,0.5796,0.025090
vol1|MA409,60800.0,3.26,0.8246,0.022560
vol1|MA409,60800.0,4.89,0.9432,0.027050
vol1|MA409,60800.0,6.36,1.0930,0.044090
vol1|MA409,60800.0,7.98,1.0629,0.067100
vol1|MA409,101500.0,-4.39,-0.1470,0.021510
vol1|MA409,101500.0,-2.61,0.0455,0.017910
vol1|MA409,101500.0,-1.24,0.1868,0.015330
vol1|MA409,101500.0,0.31,0.4348,0.017200
vol1|MA409,101500.0,1.81,0.6799,0.016470
vol1|MA409,101500.0,3.29,0.8629,0.013690
vol1|MA409,101500.0,5.07,0.9750,0.025130
vol1|MA409,101500.0,6.42,1.0659,0.032000
vol1|MA409,201900.0,-4.40,0.0013,0.014360
vol1|MA409,201900.0,-2.83,0.2071,0.011740
vol1|MA409,201900.0,-1.45,0.3685,0.009040
vol1|MA409,201900.0,-0.03,0.5313,0.009000
vol1|MA409,201900.0,1.72,0.7271,0.009010
vol1|MA409,201900.0,3.30,0.8505,0.012840
vol1|MA409,201900.0,4.71,0.9570,0.020750
vol1|MA409,302500.0,-4.68,0.0179,0.011220
vol1|MA409,302500.0,-3.14,0.1963,0.009530
vol1|MA409,302500.0,-1.43,0.3805,0.007050
vol1|MA409,302500.0,-0.00,0.5421,0.006920
vol1|MA409,302500.0,1.61,0.7139,0.008110
vol1|MA409,302500.0,3.49,0.8612,0.014170
vol1|MA409,305400.0,-6.09,-0.1555,0.014500
vol1|MH45,60900.0,-3.22,-0.3439,0.018340
vol1|MH45,60900.0,-1.62,-0.1333,0.016910
vol1|MH45,60900.0,-0.06,0.2087,0.019430
vol1|MH45,60900.0,1.45,0.3820,0.021680
vol1|MH45,60900.0,2.98,0.5086,0.023490
vol1|MH45,60900.0,4.50,0.6435,0.023940
vol1|MH45,60900.0,6.05,0.7887,0.024620
vol1|MH45,60900.0,7.58,0.9260,0.028920
vol1|MH45,60900.0,9.09,1.0437,0.038580
vol1|MH45,60900.0,10.64,1.0863,0.057280
vol1|MH45,61600.0,-6.20,-0.5279,0.042180
vol1|MH45,61600.0,-4.66,-0.4177,0.025550
vol1|MH45,101100.0,-2.94,-0.2109,0.014350
vol1|MH45,101100.0,-1.40,0.1316,0.013240
vol1|MH45,101100.0,0.16,0.2340,0.014140
vol1|MH45,101100.0,1.48,0.3437,0.014810
vol1|MH45,101100.0,3.34,0.5171,0.015240
vol1|MH45,101100.0,4.69,0.6507,0.015810
vol1|MH45,101100.0,6.18,0.7967,0.017770
vol1|MH45,101100.0,7.64,0.9288,0.021830
vol1|MH45,101100.0,9.28,1.0614,0.029720
vol1|MH45,101100.0,10.69,1.1472,0.040130
vol1|MH45,101100.0,12.36,1.1273,0.059410
vol1|MH45,102500.0,-6.11,-0.5236,0.035450
vol1|MH45,102500.0,-4.67,-0.4351,0.022770
vol1|MH45,201900.0,-3.00,-0.2160,0.011220
vol1|MH45,201900.0,-1.64,-0.0923,0.009510
vol1|MH45,201900.0,-0.04,0.1595,0.009290
vol1|MH45,201900.0,1.47,0.3087,0.009430
vol1|MH45,201900.0,3.22,0.4893,0.009970
vol1|MH45,201900.0,4.68,0.6414,0.011100
vol1|MH45,201900.0,6.14,0.7905,0.012980
vol1|MH45,201900.0,7.73,0.9406,0.016620
vol1|MH45,201900.0,9.27,1.0657,0.021890
vol1|MH45,201900.0,10.63,1.1462,0.028210
vol1|MH45,201900.0,12.27,1.1772,0.040380
vol1|MH45,204200.0,-6.17,-0.5286,0.029490
vol1|MH45,204700.0,-4.63,-0.3529,0.016920
vol1|MH45,302600.0,-2.92,-0.2290,0.009900
vol1|MH45,302600.0,0.14,0.1656,0.007530
vol1|MH45,302600.0,1.48,0.3024,0.007670
vol1|MH45,302600.0,3.03,0.4656,0.008250
vol1|MH45,302600.0,4.50,0.6208,0.009360
vol1|MH45,302600.0,6.28,0.8052,0.011520
vol1|MH45,302600.0,7.66,0.9392,0.014340
vol1|MH45,302600.0,9.36,1.0883,0.018870
vol1|MH45,302600.0,10.74,1.1766,0.024340
vol1|MH45,306500.0,-6.07,-0.5196,0.024440
vol1|MH45,306500.0,-4.50,-0.3841,0.014560
vol1|NACA 6409,61000.0,-2.80,-0.1771,0.066290
vol1|NACA 6409,61000.0,-1.13,0.1884,0.040910
vol1|NACA 6409,61000.0,0.26,0.3690,0.037730
vol1|NACA 6409,61000.0,2.09,0.5906,0.038750
vol1|NACA 6409,61000.0,3.33,0.6913,0.043920
vol1|NACA 6409,61000.0,5.00,0.8377,0.051310
vol1|NACA 6409,100700.0,-2.68,0.1361,0.040110
vol1|NACA 6409,100700.0,-1.00,0.4007,0.025280
vol1|NACA 6409,100700.0,1.98,0.8235,0.019280
vol1|NACA 6409,100700.0,3.34,0.9814,0.019980
vol1|NACA 6409,100700.0,5.09,1.1589,0.022490
vol1|NACA 6409,100700.0,6.47,1.2928,0.024930
vol1|NACA 6409,100700.0,8.12,1.4370,0.023480
vol1|NACA 6409,100700.0,9.73,1.3748,0.030610
vol1|NACA 6409,200600.0,-2.89,0.3193,0.017700
vol1|NACA 6409,200600.0,-1.37,0.5110,0.013460
vol1|NACA 6409,200600.0,0.22,0.6797,0.010620
vol1|NACA 6409,200600.0,3.34,1.0230,0.012180
vol1|NACA 6409,200600.0,4.97,1.1895,0.013890
vol1|NACA 6409,200600.0,6.97,1.3612,0.015650
vol1|NACA 6409,200600.0,8.11,1.4241,0.016950
vol1|NACA 6409,200600.0,10.13,1.3469,0.032490
vol1|NACA 6409,200600.0,11.33,1.3450,0.043550
vol1|NACA 64A010,61600.0,-6.06,-0.6605,0.034130
vol1|NACA 64A010,61600.0,-4.31,-0.5034,0.020590
vol1|NACA 64A010,61600.0,-2.72,-0.1650,0.022890
vol1|NACA 64A010,61600.0,-1.17,0.0309,0.019020
vol1|NACA 64A010,61600.0,0.32,-0.0202,0.018700
vol1|NACA 64A010,61600.0,1.84,0.0101,0.020120
vol1|NACA 64A010,61600.0,3.18,0.2461,0.024110
vol1|NACA 64A010,61600.0,4.69,0.5255,0.023100
vol1|NACA 64A010,61600.0,6.51,0.6922,0.038850
vol1|NACA 64A010,101600.0,-6.29,-0.6752,0.031530
vol1|NACA 64A010,101600.0,-4.28,-0.5140,0.018220
vol1|NACA 64A010,101600.0,-2.72,-0.4727,0.013970
vol1|NACA 64A010,101600.0,-1.22,-0.2260,0.016640
vol1|NACA 64A010,101600.0,0.12,0.0169,0.016780
vol1|NACA 64A010,101600.0,1.70,0.3156,0.016470
vol1|NACA 64A010,101600.0,3.37,0.5052,0.013340
vol1|NACA 64A010,101600.0,4.70,0.5382,0.020320
vol1|NACA 64A010,101600.0,6.40,0.6833,0.032780
vol1|NACA 64A010,202900.0,-6.07,-0.6600,0.022850
vol1|NACA 64A010,202900.0,-4.39,-0.5390,0.015550
vol1|NACA 64A010,202900.0,-2.73,-0.4053,0.010170
vol1|NACA 64A010,202900.0,-1.10,-0.1636,0.010210
vol1|NACA 64A010,202900.0,0.08,0.0096,0.010050
vol1|NACA 64A010,202900.0,1.66,0.2506,0.010360
vol1|NACA 64A010,202900.0,3.43,0.4917,0.012100
vol1|NACA 64A010,202900.0,4.66,0.5548,0.016260
vol1|NACA 64A010,202900.0,6.09,0.6615,0.022930
vol1|NACA 64A010,304400.0,-6.25,-0.6784,0.020300
vol1|NACA 64A010,304400.0,-4.27,-0.5362,0.013480
vol1|NACA 64A010,304400.0,-2.54,-0.3097,0.008140
vol1|NACA 64A010,304400.0,-0.87,-0.0962,0.007690
vol1|NACA 64A010,304400.0,0.36,0.0386,0.007620
vol1|NACA 64A010,304400.0,1.68,0.1943,0.007920
vol1|NACA 64A010,304400.0,3.29,0.4129,0.008710
vol1|NACA 64A010,304400.0,4.64,0.5700,0.014420
vol1|NACA 64A010,304400.0,6.20,0.6744,0.019990
vol1|R140 (A),101600.0,-4.02,-0.5586,0.020530
vol1|R140 (A),101600.0,-2.47,-0.4035,0.016450
vol1|R140 (A),101600.0,-0.91,-0.0424,0.020420
vol1|R140 (A),101600.0,0.55,0.2663,0.019590
vol1|R140 (A),101600.0,2.14,0.5450,0.016190
vol1|R140 (A),101600.0,3.65,0.6237,0.015080
vol1|R140 (A),101600.0,4.99,0.6250,0.021390
vol1|R140 (A),101600.0,6.56,0.6946,0.021610
vol1|R140 (A),103000.0,-5.77,-0.6522,0.030320
vol1|R140 (A),203000.0,-5.63,-0.6520,0.024390
vol1|R140 (A),203000.0,-4.07,-0.4319,0.015050
vol1|R140 (A),203000.0,-2.71,-0.2654,0.010720
vol1|R140 (A),203000.0,-0.96,-0.0701,0.010030
vol1|R140 (A),203000.0,0.36,0.0826,0.010320
vol1|R140 (A),203000.0,2.02,0.3258,0.011260
vol1|R140 (A),203000.0,3.84,0.5623,0.015560
vol1|R140 (A),203000.0,5.13,0.6590,0.019020
vol1|R140 (A),203000.0,6.47,0.7411,0.028320
vol1|R140 (A),304400.0,-5.71,-0.5840,0.021340
vol1|R140 (A),304400.0,-3.85,-0.3359,0.012330
vol1|R140 (A),304400.0,-2.66,-0.1930,0.011070
vol1|R140 (A),304400.0,-0.44,-0.0119,0.007990
vol1|R140 (A),304400.0,0.59,0.0927,0.008110
vol1|R140 (A),304400.0,2.13,0.2665,0.008590
vol1|R140 (A),304400.0,3.40,0.4005,0.011780
vol1|R140 (A),304400.0,5.11,0.6437,0.017770
vol1|RG15 (B),61100.0,-6.86,-0.4903,0.081000
vol1|RG15 (B),61100.0,-4.99,-0.4304,0.034790
vol1|RG15 (B),61100.0,-3.58,-0.3019,0.022560
vol1|RG15 (B),61100.0,-1.93,-0.1138,0.016350
vol1|RG15 (B),61100.0,-0.34,-0.0353,0.016640
vol1|RG15 (B),61100.0,1.12,0.0909,0.019630
vol1|RG15 (B),61100.0,2.76,0.4343,0.022830
vol1|RG15 (B),61100.0,4.24,0.6963,0.020510
vol1|RG15 (B),61100.0,5.66,0.8385,0.021090
vol1|RG15 (B),61100.0,7.31,0.9540,0.028770
vol1|RG15 (B),61100.0,8.86,1.0595,0.045450
vol1|RG15 (B),61100.0,10.25,1.0586,0.068090
vol1|RG15 (B),101200.0,-6.45,-0.5020,0.062690
vol1|RG15 (B),101200.0,-4.97,-0.4269,0.029050
vol1|RG15 (B),101200.0,-3.47,-0.2933,0.018390
vol1|RG15 (B),101200.0,-2.04,-0.2118,0.013260
vol1|RG15 (B),101200.0,-0.47,-0.0197,0.014270
vol1|RG15 (B),101200.0,1.10,0.2824,0.015360
vol1|RG15 (B),101200.0,2.62,0.5407,0.013840
vol1|RG15 (B),101200.0,4.10,0.7026,0.013970
vol1|RG15 (B),101200.0,5.66,0.8389,0.016210
vol1|RG15 (B),101200.0,7.23,0.9472,0.022720
vol1|RG15 (B),101200.0,8.77,1.0588,0.035680
vol1|RG15 (B),101200.0,10.28,1.0833,0.057810
vol1|RG15 (B),151800.0,-5.10,-0.4530,0.034690
vol1|RG15 (B),202500.0,-6.46,-0.5223,0.050030
vol1|RG15 (B),202500.0,-5.09,-0.4556,0.032150
vol1|RG15 (B),202500.0,-3.53,-0.3064,0.014920
vol1|RG15 (B),202500.0,-1.98,-0.0995,0.010530
vol1|RG15 (B),202500.0,-0.47,0.1204,0.009910
vol1|RG15 (B),202500.0,1.13,0.4274,0.008690
vol1|RG15 (B),202500.0,2.68,0.5668,0.008930
vol1|RG15 (B),202500.0,4.20,0.7108,0.010320
vol1|RG15 (B),202500.0,5.74,0.8486,0.012880
vol1|RG15 (B),202500.0,7.27,0.9709,0.017900
vol1|RG15 (B),202500.0,8.76,1.0677,0.026950
vol1|RG15 (B),202500.0,10.31,1.1467,0.042450
vol1|RG15 (B),302700.0,-3.66,-0.2630,0.012880
vol1|RG15 (B),302700.0,-2.16,-0.0496,0.008480
vol1|RG15 (B),302700.0,-0.56,0.1740,0.007470
vol1|RG15 (B),302700.0,0.94,0.3519,0.007020
vol1|RG15 (B),302700.0,2.57,0.5550,0.007530
vol1|RG15 (B),302700.0,4.06,0.6968,0.008920
vol1|RG15 (B),302700.0,5.60,0.8407,0.011340
vol1|RG15 (B),302700.0,7.16,0.9761,0.015500
vol1|RG15 (B),302700.0,8.77,1.0866,0.023260
vol1|RG15 (B),302700.0,10.36,1.1665,0.037370
vol1|S1210,100400.0,12.29,1.9532,0.053760
vol1|S1210,101100.0,-3.97,0.0499,0.069520
vol1|S1210,101100.0,-2.04,0.6880,0.021540
vol1|S1210,101100.0,-0.95,0.8784,0.020400
vol1|S1210,101100.0,-0.00,1.0154,0.020490
vol1|S1210,101100.0,1.09,1.1484,0.021460
vol1|S1210,101100.0,2.04,1.2636,0.022620
vol1|S1210,101100.0,3.10,1.3746,0.024270
vol1|S1210,101100.0,4.25,1.4753,0.025600
vol1|S1210,101100.0,5.22,1.5823,0.027640
vol1|S1210,101100.0,6.35,1.6944,0.029380
vol1|S1210,101100.0,7.16,1.7702,0.030350
vol1|S1210,101100.0,8.28,1.8649,0.031360
vol1|S1210,101100.0,9.39,1.9232,0.033010
vol1|S1210,101100.0,10.20,1.9216,0.036390
vol1|S1210,101100.0,11.22,1.9241,0.044310
vol1|S1210,150500.0,-3.82,0.2212,0.039660
vol1|S1210,150500.0,-2.88,0.6344,0.015090
vol1|S1210,150500.0,-1.83,0.8144,0.016150
vol1|S1210,150500.0,-0.78,0.9495,0.016520
vol1|S1210,150500.0,0.21,1.0695,0.017060
vol1|S1210,150500.0,1.39,1.2104,0.018020
vol1|S1210,150500.0,2.33,1.3177,0.018940
vol1|S1210,150500.0,3.14,1.4086,0.019750
vol1|S1210,150500.0,4.14,1.5001,0.020350
vol1|S1210,150500.0,5.33,1.6252,0.021790
vol1|S1210,150500.0,6.35,1.7255,0.022950
vol1|S1210,150500.0,7.35,1.8138,0.024110
vol1|S1210,150500.0,8.17,1.8759,0.025150
vol1|S1210,150500.0,9.49,1.9292,0.028140
vol1|S1210,150500.0,10.32,1.9274,0.033340
vol1|S1210,150500.0,11.27,1.9238,0.041750
vol1|S1210,150500.0,12.31,1.9352,0.051710
vol1|S1210,200900.0,-4.14,0.3792,0.019100
vol1|S1210,200900.0,-3.15,0.6210,0.013550
vol1|S1210,200900.0,-2.18,0.7972,0.013610
vol1|S1210,200900.0,-1.15,0.9162,0.014510
vol1|S1210,200900.0,-0.02,1.0494,0.015050
vol1|S1210,200900.0,0.92,1.1607,0.015710
vol1|S1210,200900.0,1.95,1.2797,0.016450
vol1|S1210,200900.0,2.94,1.3945,0.017320
vol1|S1210,200900.0,4.00,1.5086,0.018090
vol1|S1210,200900.0,5.10,1.6069,0.018720
vol1|S1210,200900.0,6.16,1.7133,0.019850
vol1|S1210,200900.0,8.16,1.8806,0.022240
vol1|S1210,200900.0,9.37,1.9323,0.025420
vol1|S1210,200900.0,10.47,1.9365,0.032800
vol1|S1210,200900.0,11.66,1.9381,0.043410
vol1|S1210,247600.0,12.30,1.9569,0.048140
vol1|S1210,250500.0,-4.14,0.4129,0.016470
vol1|S1210,250500.0,-3.12,0.6697,0.012130
vol1|S1210,250500.0,-2.16,0.8096,0.012360
vol1|S1210,250500.0,-1.09,0.9285,0.013380
vol1|S1210,250500.0,-0.05,1.0498,0.013890
vol1|S1210,250500.0,1.01,1.1730,0.014500
vol1|S1210,250500.0,2.05,1.2945,0.015270
vol1|S1210,250500.0,3.02,1.4032,0.015900
vol1|S1210,250500.0,4.09,1.5220,0.016630
vol1|S1210,250500.0,5.03,1.6025,0.016990
vol1|S1210,250500.0,6.16,1.7160,0.018140
vol1|S1210,250500.0,7.19,1.8098,0.019270
vol1|S1210,250500.0,8.18,1.8868,0.020590
vol1|S1210,250500.0,9.41,1.9364,0.024610
vol1|S1210,250500.0,10.24,1.9477,0.029840
vol1|S1210,250500.0,11.28,1.9529,0.038170
vol1|S1210,300800.0,-5.10,0.0771,0.055620
vol1|S1210,300800.0,-4.10,0.4556,0.014530
vol1|S1210,300800.0,-3.05,0.6950,0.011430
vol1|S1210,300800.0,-2.03,0.8278,0.011750
vol1|S1210,300800.0,-1.03,0.9391,0.012580
vol1|S1210,300800.0,0.02,1.0604,0.013100
vol1|S1210,300800.0,1.01,1.1747,0.013610
vol1|S1210,300800.0,2.09,1.3000,0.014330
vol1|S1210,300800.0,3.10,1.4133,0.014940
vol1|S1210,300800.0,4.13,1.5271,0.015570
vol1|S1210,300800.0,5.15,1.6169,0.015940
vol1|S1210,300800.0,6.17,1.7190,0.016920
vol1|S1210,300800.0,7.13,1.8075,0.017940
vol1|S1210,300800.0,8.23,1.8949,0.019540
vol1|S1210,300800.0,9.14,1.9343,0.022590
vol1|S1210,300800.0,10.23,1.9607,0.028720
vol1|S1210,300800.0,11.27,1.9719,0.036410
vol1|S1210,300800.0,12.27,1.9790,0.045550
vol1|S1223,100600.0,-3.29,0.1896,0.072890
vol1|S1223,100600.0,-0.99,1.0247,0.021630
vol1|S1223,100600.0,-0.01,1.1689,0.023210
vol1|S1223,100600.0,0.92,1.2858,0.024580
vol1|S1223,100600.0,1.75,1.3898,0.025930
vol1|S1223,100600.0,2.59,1.4893,0.027500
vol1|S1223,100600.0,3.72,1.5970,0.029640
vol1|S1223,100600.0,4.85,1.7097,0.033420
vol1|S1223,100600.0,5.74,1.7854,0.037200
vol1|S1223,100600.0,6.72,1.8681,0.041570
vol1|S1223,149700.0,3.94,1.6366,0.025200
vol1|S1223,149700.0,5.25,1.7813,0.028250
vol1|S1223,149700.0,6.87,1.9396,0.032430
vol1|S1223,149700.0,8.64,2.0848,0.037260
vol1|S1223,149700.0,9.94,2.1826,0.040330
vol1|S1223,149700.0,11.47,2.2559,0.043910
vol1|S1223,150500.0,-2.29,0.4817,0.045970
vol1|S1223,150500.0,-0.81,1.0602,0.019160
vol1|S1223,150500.0,0.75,1.2717,0.020960
vol1|S1223,150500.0,2.92,1.5364,0.023720
vol1|S1223,198500.0,8.91,2.1239,0.031970
vol1|S1223,198500.0,10.16,2.2145,0.034220
vol1|S1223,198500.0,11.10,2.2496,0.036250
vol1|S1223,198500.0,11.87,2.2692,0.038720
vol1|S1223,198500.0,13.17,2.2925,0.044020
vol1|S1223,198500.0,13.96,2.2796,0.050030
vol1|S1223,198500.0,15.19,2.2405,0.065020
vol1|S1223,200400.0,-2.83,0.4111,0.049890
vol1|S1223,200400.0,-1.45,0.9460,0.018380
vol1|S1223,200400.0,0.67,1.2583,0.018870
vol1|S1223,200400.0,1.82,1.4009,0.020000
vol1|S1223,200400.0,2.99,1.5440,0.021320
vol1|S1223,200400.0,3.77,1.6163,0.021960
vol1|S1223,200400.0,4.76,1.7267,0.023600
vol1|S1223,200400.0,6.26,1.8836,0.026460
vol1|S1223,200400.0,6.90,1.9497,0.027920
vol1|S1223,200400.0,7.93,2.0473,0.029730
vol1|S1223,249700.0,-1.07,1.0034,0.016850
vol1|S1223,249700.0,0.47,1.2309,0.017260
vol1|S1223,249700.0,1.94,1.4084,0.018650
vol1|S1223,249700.0,5.12,1.7612,0.022170
vol1|S1223,249700.0,6.64,1.9178,0.024680
vol1|S1223,249700.0,8.18,2.0610,0.027270
vol1|S1223,249700.0,9.57,2.1692,0.029720
vol1|S1223,249700.0,11.39,2.2470,0.034010
vol1|S1223,249700.0,12.93,2.2881,0.040120
vol1|S1223,249700.0,14.58,2.2858,0.053170
vol1|S1223,299100.0,-2.68,0.5130,0.036690
vol1|S1223,299100.0,-1.02,1.0113,0.016010
vol1|S1223,299100.0,0.48,1.2288,0.016330
vol1|S1223,299100.0,2.05,1.4145,0.017680
vol1|S1223,299100.0,5.10,1.7541,0.020790
vol1|S1223,299100.0,6.61,1.9112,0.023080
vol1|S1223,299100.0,8.21,2.0551,0.025580
vol1|S1223,299100.0,9.70,2.1566,0.028140
vol1|S1223,299100.0,11.22,2.2338,0.031630
vol1|S1223,299100.0,12.84,2.2910,0.037730
vol1|S1223,299100.0,14.74,2.2976,0.053190
vol1|S1223,299100.0,16.38,2.1900,0.088360
vol1|S6062,101300.0,-3.98,-0.3398,0.021730
vol1|S6062,101300.0,-2.17,-0.1648,0.011850
vol1|S6062,101300.0,-0.61,-0.0267,0.012850
vol1|S6062,101300.0,0.75,0.2356,0.014200
vol1|S6062,101300.0,2.39,0.4761,0.013950
vol1|S6062,101300.0,3.53,0.5839,0.013750
vol1|S6062,101300.0,5.32,0.7405,0.014760
vol1|S6062,101300.0,7.02,0.8610,0.026640
vol1|S6062,101300.0,8.30,0.9698,0.041990
vol1|S6062,202000.0,-4.21,-0.3641,0.009970
vol1|S6062,202100.0,-6.86,-0.4706,0.052200
vol1|S6062,202100.0,-2.91,-0.1917,0.004430
vol1|S6062,202100.0,-2.59,-0.1526,0.003330
vol1|S6062,202100.0,-0.76,0.1618,0.002520
vol1|S6062,202100.0,0.56,0.2843,0.002530
vol1|S6062,202100.0,2.45,0.4528,0.002890
vol1|S6062,202100.0,3.73,0.5785,0.003310
vol1|S6062,202100.0,5.49,0.7271,0.006540
vol1|S6062,202100.0,6.73,0.8284,0.011500
vol1|S7012 (B),61100.0,-4.31,-0.3189,0.029650
vol1|S7012 (B),61100.0,-2.78,-0.1804,0.015890
vol1|S7012 (B),61100.0,-1.28,-0.0694,0.015130
vol1|S7012 (B),61100.0,0.13,0.0884,0.017890
vol1|S7012 (B),61100.0,1.75,0.4187,0.019930
vol1|S7012 (B),61100.0,3.52,0.6481,0.020910
vol1|S7012 (B),61100.0,4.85,0.7826,0.022410
vol1|S7012 (B),61100.0,6.36,0.9240,0.024180
vol1|S7012 (B),61100.0,7.89,1.0132,0.031110
vol1|S7012 (B),61100.0,9.58,1.1220,0.054370
vol1|S7012 (B),61100.0,10.99,1.0434,0.078950
vol1|S7012 (B),101200.0,-5.86,-0.4416,0.057640
vol1|S7012 (B),101200.0,-4.38,-0.3198,0.026290
vol1|S7012 (B),101200.0,-2.88,-0.1855,0.016640
vol1|S7012 (B),101200.0,-1.29,-0.0355,0.012720
vol1|S7012 (B),101200.0,0.26,0.2825,0.012760
vol1|S7012 (B),101200.0,1.79,0.4710,0.012920
vol1|S7012 (B),101200.0,3.32,0.6288,0.014250
vol1|S7012 (B),101200.0,4.79,0.7786,0.015850
vol1|S7012 (B),101200.0,6.42,0.9323,0.017860
vol1|S7012 (B),101200.0,7.98,1.0215,0.027710
vol1|S7012 (B),101200.0,9.53,1.1350,0.046120
vol1|S7012 (B),101200.0,11.03,1.0965,0.068550
vol1|S7012 (B),152100.0,-5.93,-0.4404,0.050090
vol1|S7012 (B),152100.0,-4.13,-0.2996,0.021220
vol1|S7012 (B),152100.0,-2.52,-0.1400,0.012370
vol1|S7012 (B),152100.0,-1.10,0.0768,0.010290
vol1|S7012 (B),152100.0,0.59,0.3420,0.009520
vol1|S7012 (B),152100.0,1.99,0.4857,0.010330
vol1|S7012 (B),152100.0,3.46,0.6404,0.011600
vol1|S7012 (B),152100.0,5.17,0.8166,0.013260
vol1|S7012 (B),152100.0,6.73,0.9610,0.015900
vol1|S7012 (B),152100.0,8.07,1.0405,0.025630
vol1|S7012 (B),152100.0,9.62,1.1524,0.040090
vol1|S7012 (B),202200.0,-5.90,-0.4378,0.045360
vol1|S7012 (B),202200.0,-2.86,-0.1396,0.013020
vol1|S7012 (B),202200.0,-1.38,0.0773,0.008770
vol1|S7012 (B),202200.0,0.36,0.3219,0.008120
vol1|S7012 (B),202200.0,1.78,0.4604,0.008910
vol1|S7012 (B),202200.0,3.37,0.6298,0.010130
vol1|S7012 (B),202200.0,4.78,0.7780,0.011350
vol1|S7012 (B),202200.0,6.45,0.9396,0.013960
vol1|S7012 (B),202200.0,7.95,1.0453,0.022620
vol1|S7012 (B),202200.0,9.48,1.1503,0.035790
vol1|S7012 (B),303000.0,-5.83,-0.4225,0.028120
vol1|S7012 (B),303000.0,-4.21,-0.2649,0.007500
vol1|S7012 (B),303000.0,-2.75,-0.0479,0.003090
vol1|S7012 (B),303000.0,-1.15,0.1387,0.002180
vol1|S7012 (B),303000.0,0.15,0.2593,0.002200
vol1|S7012 (B),303000.0,1.71,0.4409,0.002570
vol1|S7012 (B),303000.0,3.33,0.6164,0.003070
vol1|S7012 (B),303000.0,4.91,0.7831,0.003670
vol1|S7012 (B),303000.0,6.51,0.9339,0.005640
vol1|S7012 (B),303000.0,7.89,1.0320,0.011770
vol1|S7012 (B),303000.0,9.60,1.1371,0.026480
vol1|S7012 (B),303000.0,11.07,1.1098,0.048420
vol1|S7055,60600.0,11.91,1.2418,0.049060
vol1|S7055,60700.0,-2.72,-0.2799,0.034950
vol1|S7055,60700.0,-0.93,0.0404,0.025360
vol1|S7055,60700.0,0.40,0.2183,0.028610
vol1|S7055,60700.0,2.33,0.4573,0.032860
vol1|S7055,60700.0,3.49,0.5887,0.034980
vol1|S7055,60700.0,5.29,0.8000,0.036180
vol1|S7055,60700.0,6.57,0.9487,0.035530
vol1|S7055,60700.0,8.32,1.1616,0.032780
vol1|S7055,60700.0,9.65,1.2643,0.033690
vol1|S7055,101400.0,-2.40,0.0017,0.023170
vol1|S7055,101400.0,-0.92,0.3096,0.017600
vol1|S7055,101400.0,0.45,0.4489,0.017900
vol1|S7055,101400.0,2.35,0.6397,0.017940
vol1|S7055,101400.0,3.57,0.7589,0.018190
vol1|S7055,101400.0,5.41,0.9405,0.018930
vol1|S7055,101400.0,6.68,1.0632,0.019810
vol1|S7055,101400.0,7.98,1.1709,0.021420
vol1|S7055,101400.0,9.92,1.2558,0.026320
vol1|S7055,151900.0,-4.63,-0.1662,0.029620
vol1|S7055,151900.0,-2.64,0.0833,0.017080
vol1|S7055,151900.0,-1.03,0.3500,0.012170
vol1|S7055,151900.0,0.44,0.4769,0.012250
vol1|S7055,151900.0,1.91,0.6140,0.012530
vol1|S7055,151900.0,3.48,0.7661,0.013100
vol1|S7055,151900.0,5.03,0.9155,0.014060
vol1|S7055,151900.0,6.53,1.0528,0.015480
vol1|S7055,151900.0,8.09,1.1759,0.017710
vol1|S7055,151900.0,9.75,1.2486,0.022010
vol1|S7055,201900.0,-2.08,0.1471,0.013110
vol1|S7055,201900.0,-0.82,0.3640,0.009990
vol1|S7055,201900.0,0.49,0.4821,0.010010
vol1|S7055,201900.0,2.42,0.6658,0.010540
vol1|S7055,201900.0,3.75,0.7945,0.011210
vol1|S7055,201900.0,5.23,0.9345,0.012270
vol1|S7055,201900.0,7.12,1.1013,0.014320
vol1|S7055,201900.0,8.32,1.1888,0.016340
vol1|S7055,201900.0,9.61,1.2431,0.019860
vol1|S7055,202800.0,-2.92,0.0657,0.014940
vol1|S7055,203900.0,-4.49,-0.0943,0.021120
vol1|S7055,301600.0,-1.06,0.2295,0.007920
vol1|S7055,301600.0,0.37,0.4711,0.007960
vol1|S7055,301600.0,2.11,0.6369,0.008460
vol1|S7055,301600.0,4.01,0.8196,0.009440
vol1|S7055,301600.0,5.21,0.9326,0.010340
vol1|S7055,301600.0,6.45,1.0446,0.011560
vol1|S7055,301600.0,8.13,1.1778,0.014110
vol1|S7055,301600.0,10.12,1.2541,0.020530
vol1|S7055,304900.0,-2.96,0.0521,0.012220
vol1|S7055,305200.0,-4.49,-0.0990,0.016840
vol1|SD6060,61000.0,-6.14,-0.5364,0.052250
vol1|SD6060,61000.0,-5.15,-0.5040,0.038800
vol1|SD6060,61000.0,-4.24,-0.4425,0.029760
vol1|SD6060,61000.0,-3.21,-0.3604,0.023010
vol1|SD6060,61000.0,-2.15,-0.1432,0.019800
vol1|SD6060,61000.0,-1.17,-0.1486,0.019660
vol1|SD6060,61000.0,-0.10,-0.0162,0.021980
vol1|SD6060,61000.0,0.97,0.1424,0.024780
vol1|SD6060,61000.0,1.88,0.2661,0.026920
vol1|SD6060,61000.0,3.11,0.4405,0.029120
vol1|SD6060,61000.0,4.06,0.5776,0.029290
vol1|SD6060,61000.0,4.96,0.7056,0.027280
vol1|SD6060,61000.0,6.02,0.8236,0.024700
vol1|SD6060,61000.0,7.07,0.9159,0.023890
vol1|SD6060,61000.0,8.04,0.9575,0.027920
vol1|SD6060,61000.0,9.11,1.0138,0.037770
vol1|SD6060,61000.0,10.08,1.0753,0.050340
vol1|SD6060,101800.0,-5.30,-0.5156,0.028340
vol1|SD6060,101800.0,-4.18,-0.4060,0.014520
vol1|SD6060,101800.0,-3.24,-0.2746,0.007780
vol1|SD6060,101800.0,-2.32,-0.1788,0.005970
vol1|SD6060,101800.0,-1.20,0.1936,0.005950
vol1|SD6060,101800.0,-0.09,0.3264,0.005790
vol1|SD6060,101800.0,0.85,0.4007,0.005960
vol1|SD6060,101800.0,1.95,0.4766,0.006360
vol1|SD6060,101800.0,2.93,0.5513,0.006630
vol1|SD6060,101800.0,3.95,0.6360,0.006870
vol1|SD6060,101800.0,5.06,0.7348,0.007130
vol1|SD6060,101800.0,6.01,0.8178,0.007590
vol1|SD6060,101800.0,7.06,0.8901,0.009600
vol1|SD6060,101800.0,8.02,0.9276,0.013510
vol1|SD6060,101800.0,9.04,0.9658,0.022360
vol1|SD6060,101800.0,10.06,1.0868,0.041170
vol1|SD6060,202700.0,-0.22,0.1992,0.003430
vol1|SD6060,202700.0,0.96,0.3965,0.003230
vol1|SD6060,202700.0,2.03,0.4869,0.003240
vol1|SD6060,202700.0,2.84,0.5539,0.003340
vol1|SD6060,202700.0,3.90,0.6429,0.003600
vol1|SD6060,202700.0,5.10,0.7459,0.004080
vol1|SD6060,202700.0,6.01,0.8198,0.004820
vol1|SD6060,202700.0,7.06,0.8921,0.006740
vol1|SD6060,202700.0,8.03,0.9403,0.010400
vol1|SD6060,202700.0,9.04,0.9768,0.015230
vol1|SD6060,202700.0,10.10,1.0329,0.023300
vol1|SD6060,303500.0,-6.11,-0.4450,0.024690
vol1|SD6060,303500.0,-4.61,-0.2732,0.014060
vol1|SD6060,303500.0,-3.96,-0.2149,0.012250
vol1|SD6060,303500.0,-2.88,-0.1289,0.008610
vol1|SD6060,303500.0,-1.90,-0.0394,0.007890
vol1|SD6060,303500.0,-0.89,0.0598,0.008030
vol1|SD6060,303500.0,0.07,0.1796,0.008320
vol1|SD6060,303500.0,1.24,0.3714,0.008430
vol1|SD6060,303500.0,2.25,0.5199,0.008330
vol1|SD6060,303500.0,3.19,0.6004,0.008410
vol1|SD6060,303500.0,4.19,0.6864,0.008750
vol1|SD6060,303500.0,5.21,0.7734,0.009470
vol1|SD6060,303500.0,6.22,0.8504,0.011450
vol1|SD6060,303500.0,7.32,0.9357,0.014240
vol1|SD6060,303500.0,8.37,0.9948,0.018940
vol1|SD6060,303500.0,9.28,1.0436,0.022440
vol1|SD6060,303500.0,10.29,1.0831,0.028040
vol1|SD7003,61100.0,-4.84,-0.4057,0.028200
vol1|SD7003,61100.0,-2.92,-0.2277,0.016630
vol1|SD7003,61100.0,-1.61,-0.0783,0.014050
vol1|SD7003,61100.0,-0.09,0.0168,0.014970
vol1|SD7003,61100.0,1.66,0.3656,0.017370
vol1|SD7003,61100.0,3.03,0.5340,0.017760
vol1|SD7003,61100.0,4.60,0.6819,0.020560
vol1|SD7003,61100.0,6.09,0.8234,0.025290
vol1|SD7003,61100.0,7.72,0.9692,0.034100
vol1|SD7003,61100.0,9.20,1.0685,0.048170
vol1|SD7003,101600.0,-4.76,-0.3916,0.021510
vol1|SD7003,101600.0,-3.21,-0.2472,0.014870
vol1|SD7003,101600.0,-1.54,-0.0997,0.011230
vol1|SD7003,101600.0,0.01,0.1242,0.012270
vol1|SD7003,101600.0,1.33,0.3585,0.011740
vol1|SD7003,101600.0,3.12,0.5324,0.013240
vol1|SD7003,101600.0,4.42,0.6595,0.015260
vol1|SD7003,101600.0,6.18,0.8301,0.019480
vol1|SD7003,101600.0,7.57,0.9600,0.024600
vol1|SD7003,101600.0,9.25,1.0950,0.034650
vol1|SD7003,101600.0,10.57,1.1589,0.050100
vol1|SD7003,202200.0,-4.65,-0.3810,0.015250
vol1|SD7003,202200.0,-2.85,-0.2150,0.010800
vol1|SD7003,202200.0,-1.67,-0.0807,0.008730
vol1|SD7003,202200.0,0.02,0.2261,0.007730
vol1|SD7003,202200.0,1.53,0.3662,0.008420
vol1|SD7003,202200.0,3.06,0.5205,0.009800
vol1|SD7003,202200.0,4.67,0.6852,0.011830
vol1|SD7003,202200.0,5.98,0.8171,0.014100
vol1|SD7003,202200.0,7.51,0.9651,0.017660
vol1|SD7003,202200.0,9.06,1.0982,0.023320
vol1|SD7003,202200.0,10.52,1.1968,0.033520
vol1|SD7003,302800.0,-4.27,-0.3483,0.011890
vol1|SD7003,302800.0,-2.96,-0.2276,0.009840
vol1|SD7003,302800.0,-1.67,-0.0219,0.007240
vol1|SD7003,302800.0,0.24,0.2230,0.006530
vol1|SD7003,302800.0,1.72,0.3810,0.007400
vol1|SD7003,302800.0,3.24,0.5388,0.008720
vol1|SD7003,302800.0,4.71,0.6927,0.010400
vol1|SD7003,302800.0,6.08,0.8335,0.012490
vol1|SD7003,302800.0,7.79,1.0031,0.015800
vol1|SD7003,302800.0,9.09,1.1155,0.020360
vol1|SD7003,302800.0,10.61,1.2234,0.027840
vol1|SD7003,305500.0,-6.29,-0.5387,0.017030
vol1|SD7032 (D),60300.0,-2.19,-0.1190,0.028570
vol1|SD7032 (D),60300.0,-0.68,0.0855,0.023310
vol1|SD7032 (D),60300.0,0.83,0.3395,0.027090
vol1|SD7032 (D),60300.0,2.88,0.6597,0.027870
vol1|SD7032 (D),60300.0,4.05,0.8214,0.026690
vol1|SD7032 (D),60300.0,5.60,1.0066,0.026480
vol1|SD7032 (D),60300.0,7.10,1.1535,0.029490
vol1|SD7032 (D),60300.0,8.61,1.2846,0.034100
vol1|SD7032 (D),60300.0,10.26,1.3884,0.041630
vol1|SD7032 (D),60300.0,11.54,1.4302,0.052370
vol1|SD7032 (D),100700.0,-3.62,-0.1890,0.031820
vol1|SD7032 (D),100700.0,-1.90,0.0936,0.020420
vol1|SD7032 (D),100700.0,-0.48,0.3185,0.017500
vol1|SD7032 (D),100700.0,1.10,0.5425,0.016410
vol1|SD7032 (D),100700.0,2.48,0.7065,0.015620
vol1|SD7032 (D),100700.0,4.04,0.8721,0.016250
vol1|SD7032 (D),100700.0,5.53,1.0217,0.018120
vol1|SD7032 (D),100700.0,7.05,1.1649,0.021060
vol1|SD7032 (D),100700.0,8.63,1.2934,0.025080
vol1|SD7032 (D),100700.0,10.29,1.3843,0.031440
vol1|SD7032 (D),100700.0,11.69,1.4192,0.040120
vol1|SD7032 (D),100700.0,13.19,1.4381,0.054130
vol1|SD7032 (D),151200.0,-3.64,-0.0555,0.023050
vol1|SD7032 (D),151200.0,-1.76,0.2204,0.013470
vol1|SD7032 (D),151200.0,-0.11,0.4333,0.011710
vol1|SD7032 (D),151200.0,1.02,0.5578,0.011380
vol1|SD7032 (D),151200.0,2.63,0.7309,0.011750
vol1|SD7032 (D),151200.0,4.24,0.8970,0.013130
vol1|SD7032 (D),151200.0,5.62,1.0328,0.014960
vol1|SD7032 (D),151200.0,7.28,1.1845,0.017920
vol1|SD7032 (D),151200.0,8.70,1.2961,0.021140
vol1|SD7032 (D),151200.0,10.21,1.3749,0.026190
vol1|SD7032 (D),151200.0,11.58,1.4013,0.034240
vol1|SD7032 (D),201700.0,-4.07,-0.0407,0.020740
vol1|SD7032 (D),201700.0,-1.98,0.2317,0.011410
vol1|SD7032 (D),201700.0,-0.40,0.4061,0.009400
vol1|SD7032 (D),201700.0,0.95,0.5525,0.009360
vol1|SD7032 (D),201700.0,2.61,0.7301,0.010110
vol1|SD7032 (D),201700.0,4.10,0.8835,0.011410
vol1|SD7032 (D),201700.0,5.70,1.0416,0.013420
vol1|SD7032 (D),201700.0,7.10,1.1704,0.015720
vol1|SD7032 (D),201700.0,11.72,1.4175,0.032100
vol1|SD7032 (D),301200.0,-3.87,0.0407,0.014580
vol1|SD7032 (D),301200.0,-2.48,0.1904,0.010770
vol1|SD7032 (D),301200.0,-0.85,0.3499,0.007690
vol1|SD7032 (D),301200.0,0.72,0.5279,0.007490
vol1|SD7032 (D),301200.0,2.39,0.7073,0.008400
vol1|SD7032 (D),301200.0,3.63,0.8369,0.009410
vol1|SD7032 (D),301200.0,5.57,1.0328,0.011520
vol1|SD7032 (D),301200.0,7.23,1.1892,0.013980
vol1|SD7032 (D),301200.0,9.11,1.3454,0.017770
vol1|SD7032 (D),301200.0,10.52,1.4208,0.022260
vol1|SD7032 (D),301200.0,11.95,1.4589,0.029410
vol1|SD7032 (E),201400.0,-4.38,-0.0936,0.024530
vol1|SD7032 (E),201400.0,-2.47,0.1765,0.013520
vol1|SD7032 (E),201400.0,-0.93,0.3286,0.009740
vol1|SD7032 (E),201400.0,0.74,0.5297,0.009330
vol1|SD7032 (E),201400.0,2.00,0.6656,0.009740
vol1|SD7032 (E),201400.0,3.42,0.8141,0.010760
vol1|SD7032 (E),201400.0,5.33,1.0057,0.012910
vol1|SD7032 (E),201400.0,6.85,1.1484,0.015260
vol1|SD7032 (E),201400.0,8.09,1.2540,0.017640
vol1|SD7032 (E),201400.0,9.86,1.3720,0.022400
vol1|SD7032 (E),201400.0,11.10,1.4053,0.028270
vol1|SD7032 (E),201400.0,12.50,1.4234,0.038400
vol1|SD7037 (A),60900.0,-3.12,-0.2195,0.029000
vol1|SD7037 (A),60900.0,-1.80,-0.0938,0.021620
vol1|SD7037 (A),60900.0,-0.02,0.0818,0.021070
vol1|SD7037 (A),60900.0,1.39,0.3440,0.025000
vol1|SD7037 (A),60900.0,3.11,0.6427,0.024480
vol1|SD7037 (A),60900.0,4.53,0.8302,0.022750
vol1|SD7037 (A),60900.0,6.03,0.9834,0.024260
vol1|SD7037 (A),60900.0,7.71,1.1317,0.029350
vol1|SD7037 (A),60900.0,9.07,1.2317,0.036380
vol1|SD7037 (A),60900.0,10.56,1.2902,0.046690
vol1|SD7037 (A),101100.0,-4.49,-0.3809,0.051560
vol1|SD7037 (A),101100.0,-2.79,-0.1887,0.023060
vol1|SD7037 (A),101100.0,-1.59,-0.0072,0.016340
vol1|SD7037 (A),101100.0,0.17,0.3129,0.016670
vol1|SD7037 (A),101100.0,1.80,0.5519,0.015340
vol1|SD7037 (A),101100.0,3.27,0.7206,0.014590
vol1|SD7037 (A),101100.0,4.80,0.8741,0.015890
vol1|SD7037 (A),101100.0,6.32,1.0137,0.018590
vol1|SD7037 (A),101100.0,7.84,1.1386,0.022840
vol1|SD7037 (A),101100.0,9.37,1.2416,0.028980
vol1|SD7037 (A),101100.0,10.74,1.2694,0.037240
vol1|SD7037 (A),202100.0,-2.87,-0.0137,0.015420
vol1|SD7037 (A),202100.0,-1.16,0.2330,0.009980
vol1|SD7037 (A),202100.0,0.18,0.4053,0.009110
vol1|SD7037 (A),202100.0,1.64,0.5560,0.008990
vol1|SD7037 (A),202100.0,3.26,0.7222,0.010000
vol1|SD7037 (A),202100.0,4.85,0.8789,0.011740
vol1|SD7037 (A),202100.0,6.48,1.0299,0.014370
vol1|SD7037 (A),202100.0,7.91,1.1513,0.017560
vol1|SD7037 (A),202100.0,9.39,1.2592,0.021800
vol1|SD7037 (A),202100.0,10.83,1.2891,0.030520
vol1|SD7037 (A),302100.0,-4.69,-0.1946,0.026100
vol1|SD7037 (A),302100.0,-2.88,0.0577,0.011910
vol1|SD7037 (A),302100.0,-1.39,0.2171,0.007910
vol1|SD7037 (A),302100.0,-0.01,0.3851,0.006980
vol1|SD7037 (A),302100.0,1.72,0.5630,0.007470
vol1|SD7037 (A),302100.0,3.01,0.6957,0.008390
vol1|SD7037 (A),302100.0,5.13,0.9078,0.010630
vol1|SD7037 (A),302100.0,6.49,1.0366,0.012750
vol1|SD7037 (A),302100.0,8.01,1.1719,0.015760
vol1|SD7037 (A),302100.0,9.45,1.2828,0.019720
vol1|SD7037 (A),302100.0,10.89,1.3228,0.027380
vol1|SD7037 (B),60500.0,-4.35,-0.3390,0.044630
vol1|SD7037 (B),60500.0,-2.87,-0.1938,0.027350
vol1|SD7037 (B),60500.0,-1.24,-0.0514,0.018080
vol1|SD7037 (B),60500.0,0.28,0.1392,0.022250
vol1|SD7037 (B),60500.0,1.86,0.4212,0.025660
vol1|SD7037 (B),60500.0,3.42,0.6816,0.024400
vol1|SD7037 (B),60500.0,5.02,0.8847,0.022920
vol1|SD7037 (B),60500.0,6.34,1.0114,0.025090
vol1|SD7037 (B),60500.0,8.24,1.1712,0.031950
vol1|SD7037 (B),60500.0,9.39,1.2508,0.038680
vol1|SD7037 (B),60500.0,11.13,1.2951,0.053760
vol1|SD7037 (B),101400.0,-4.17,-0.3305,0.038530
vol1|SD7037 (B),101400.0,-2.88,-0.1972,0.023470
vol1|SD7037 (B),101400.0,-1.35,0.0415,0.015880
vol1|SD7037 (B),101400.0,0.31,0.3313,0.016640
vol1|SD7037 (B),101400.0,1.77,0.5488,0.015320
vol1|SD7037 (B),101400.0,3.27,0.7207,0.014560
vol1|SD7037 (B),101400.0,5.03,0.8965,0.016180
vol1|SD7037 (B),101400.0,6.31,1.0127,0.018540
vol1|SD7037 (B),101400.0,8.10,1.1583,0.023730
vol1|SD7037 (B),101400.0,9.39,1.2427,0.029070
vol1|SD7037 (B),101400.0,11.07,1.2787,0.040340
vol1|SD7037 (B),151400.0,-5.03,-0.4013,0.050340
vol1|SD7037 (B),151400.0,-2.53,-0.0248,0.017170
vol1|SD7037 (B),151400.0,-0.94,0.2340,0.012390
vol1|SD7037 (B),151400.0,0.58,0.4400,0.011300
vol1|SD7037 (B),151400.0,2.09,0.6020,0.010830
vol1|SD7037 (B),151400.0,3.77,0.7739,0.011870
vol1|SD7037 (B),151400.0,5.23,0.9147,0.013690
vol1|SD7037 (B),151400.0,6.82,1.0568,0.016690
vol1|SD7037 (B),151400.0,8.71,1.2027,0.021940
vol1|SD7037 (B),151400.0,9.84,1.2673,0.025940
vol1|SD7037 (B),151400.0,11.30,1.2815,0.036910
vol1|SD7037 (B),201900.0,-4.25,-0.2208,0.028720
vol1|SD7037 (B),201900.0,-2.77,0.0026,0.015000
vol1|SD7037 (B),201900.0,-0.99,0.2789,0.009780
vol1|SD7037 (B),201900.0,0.20,0.4077,0.009100
vol1|SD7037 (B),201900.0,1.76,0.5687,0.009030
vol1|SD7037 (B),201900.0,3.47,0.7433,0.010210
vol1|SD7037 (B),201900.0,4.96,0.8895,0.011880
vol1|SD7037 (B),201900.0,6.53,1.0344,0.014460
vol1|SD7037 (B),201900.0,7.94,1.1536,0.017640
vol1|SD7037 (B),201900.0,9.61,1.2732,0.022560
vol1|SD7037 (B),201900.0,11.05,1.2932,0.031980
vol1|SD8000,60800.0,-5.55,-0.4797,0.035080
vol1|SD8000,60800.0,-3.88,-0.3397,0.022700
vol1|SD8000,60800.0,-0.81,-0.0648,0.015860
vol1|SD8000,60800.0,0.80,0.0580,0.018080
vol1|SD8000,60800.0,2.29,0.3443,0.022370
vol1|SD8000,60800.0,3.97,0.6508,0.019210
vol1|SD8000,60800.0,5.36,0.7800,0.020850
vol1|SD8000,60800.0,6.96,0.9206,0.028620
vol1|SD8000,60800.0,8.36,1.0342,0.039260
vol1|SD8000,60800.0,10.01,1.0604,0.064130
vol1|SD8000,60800.0,11.52,0.8577,0.117670
vol1|SD8000,101100.0,-5.63,-0.4880,0.027620
vol1|SD8000,101100.0,-3.68,-0.3216,0.017710
vol1|SD8000,101100.0,-2.22,-0.2024,0.013460
vol1|SD8000,101100.0,-0.85,-0.0761,0.013200
vol1|SD8000,101100.0,0.82,0.2255,0.015430
vol1|SD8000,101100.0,2.30,0.4849,0.014080
vol1|SD8000,101100.0,3.98,0.6579,0.013460
vol1|SD8000,101100.0,5.48,0.7877,0.016820
vol1|SD8000,101100.0,7.12,0.9313,0.023050
vol1|SD8000,101100.0,8.53,1.0488,0.030620
vol1|SD8000,101100.0,10.10,1.1450,0.046400
vol1|SD8000,201600.0,-5.50,-0.4871,0.018280
vol1|SD8000,201600.0,-3.76,-0.3367,0.013960
vol1|SD8000,201600.0,-2.30,-0.1384,0.011280
vol1|SD8000,201600.0,-0.72,0.1163,0.009870
vol1|SD8000,201600.0,0.80,0.3533,0.008810
vol1|SD8000,201600.0,2.21,0.4844,0.008600
vol1|SD8000,201600.0,3.84,0.6410,0.009970
vol1|SD8000,201600.0,5.26,0.7718,0.012670
vol1|SD8000,201600.0,6.84,0.9154,0.016640
vol1|SD8000,201600.0,8.36,1.0463,0.021210
vol1|SD8000,201600.0,9.82,1.1529,0.030220
vol1|SD8000,302100.0,-6.39,-0.5672,0.018140
vol1|SD8000,302100.0,-3.59,-0.2414,0.011490
vol1|SD8000,302100.0,-2.19,-0.0336,0.008990
vol1|SD8000,302100.0,-0.58,0.1557,0.007350
vol1|SD8000,302100.0,0.82,0.3499,0.006780
vol1|SD8000,302100.0,2.48,0.5067,0.007330
vol1|SD8000,302100.0,4.17,0.6705,0.009410
vol1|SD8000,302100.0,5.58,0.8064,0.011920
vol1|SD8000,302100.0,7.67,1.0042,0.016200
vol1|SD8000,302100.0,8.61,1.0834,0.019130
vol1|SD8000,302100.0,10.34,1.2019,0.027460
vol1|SD8000,302100.0,11.57,1.2502,0.036990
vol1|SD8020,61400.0,-6.45,-0.7180,0.027810
vol1|SD8020,61400.0,-4.94,-0.6046,0.020860
vol1|SD8020,61400.0,-3.36,-0.4912,0.017600
vol1|SD8020,61400.0,-1.81,-0.1572,0.019640
vol1|SD8020,61400.0,-0.29,0.0056,0.016970
vol1|SD8020,61400.0,1.17,-0.0027,0.018010
vol1|SD8020,61400.0,2.72,0.4310,0.017750
vol1|SD8020,61400.0,4.38,0.5651,0.019160
vol1|SD8020,61400.0,5.89,0.6758,0.024840
vol1|SD8020,61400.0,7.40,0.7866,0.034450
vol1|SD8020,101500.0,-6.55,-0.7212,0.021880
vol1|SD8020,101500.0,-5.03,-0.6091,0.016750
vol1|SD8020,101500.0,-3.33,-0.4885,0.013400
vol1|SD8020,101500.0,-1.81,-0.3530,0.013250
vol1|SD8020,101500.0,-0.41,0.0046,0.014540
vol1|SD8020,101500.0,1.22,0.2176,0.014350
vol1|SD8020,101500.0,2.70,0.4432,0.012920
vol1|SD8020,101500.0,4.10,0.5430,0.014550
vol1|SD8020,101500.0,5.69,0.6575,0.018820
vol1|SD8020,101500.0,7.28,0.7758,0.025570
vol1|SD8020,101500.0,8.90,0.8754,0.040030
vol1|SD8020,203300.0,-6.41,-0.7246,0.015970
vol1|SD8020,203300.0,-4.96,-0.6136,0.012860
vol1|SD8020,203300.0,-3.43,-0.4980,0.010650
vol1|SD8020,203300.0,-1.63,-0.3223,0.009750
vol1|SD8020,203300.0,-0.33,-0.0734,0.009980
vol1|SD8020,203300.0,1.21,0.2516,0.009730
vol1|SD8020,203300.0,2.59,0.4382,0.009960
vol1|SD8020,203300.0,4.30,0.5632,0.011750
vol1|SD8020,203300.0,5.78,0.6766,0.014510
vol1|SD8020,203300.0,7.31,0.7885,0.018970
vol1|SD8020,203300.0,8.87,0.8972,0.026360
vol1|SD8020,304800.0,-6.78,-0.7665,0.014750
vol1|SD8020,304800.0,-4.76,-0.6073,0.011130
vol1|SD8020,304800.0,-3.27,-0.4919,0.009520
vol1|SD8020,304800.0,-1.74,-0.2599,0.008160
vol1|SD8020,304800.0,-0.22,-0.0339,0.007160
vol1|SD8020,304800.0,1.18,0.1787,0.007710
vol1|SD8020,304800.0,2.61,0.3952,0.008940
vol1|SD8020,304800.0,4.46,0.5835,0.010730
vol1|SD8020,304800.0,5.69,0.6813,0.012570
vol1|SD8020,304800.0,7.25,0.8008,0.016030
vol1|SD8020,304800.0,8.87,0.9108,0.021700
vol1|WASP,60700.0,-4.30,-0.3214,0.040260
vol1|WASP,60700.0,-2.62,-0.1680,0.024870
vol1|WASP,60700.0,-1.00,0.0030,0.018200
vol1|WASP,60700.0,0.39,0.2544,0.021400
vol1|WASP,60700.0,2.00,0.5544,0.021370
vol1|WASP,60700.0,3.35,0.7124,0.021770
vol1|WASP,60700.0,4.94,0.8735,0.023840
vol1|WASP,60700.0,6.70,1.0369,0.028460
vol1|WASP,60700.0,8.15,1.1584,0.033970
vol1|WASP,60700.0,9.65,1.2445,0.035990
vol1|WASP,60700.0,11.26,1.2885,0.050680
vol1|WASP,101300.0,-4.18,-0.3127,0.030340
vol1|WASP,101300.0,-2.44,-0.1506,0.020290
vol1|WASP,101300.0,-0.87,0.1674,0.014590
vol1|WASP,101300.0,0.24,0.3741,0.014030
vol1|WASP,101300.0,2.06,0.5983,0.013820
vol1|WASP,101300.0,3.64,0.7554,0.015320
vol1|WASP,101300.0,5.24,0.9081,0.017700
vol1|WASP,101300.0,7.09,1.0789,0.021590
vol1|WASP,101300.0,8.22,1.1690,0.023800
vol1|WASP,101300.0,9.90,1.2402,0.029790
vol1|WASP,201600.0,-4.03,-0.2390,0.019500
vol1|WASP,201600.0,-2.65,-0.0224,0.013590
vol1|WASP,201600.0,-0.29,0.3626,0.008560
vol1|WASP,201600.0,0.41,0.4387,0.008690
vol1|WASP,201600.0,2.63,0.6571,0.010210
vol1|WASP,201600.0,3.51,0.7416,0.011040
vol1|WASP,201600.0,5.13,0.8965,0.012870
vol1|WASP,201600.0,6.65,1.0373,0.015010
vol1|WASP,201600.0,8.28,1.1757,0.017760
vol1|WASP,201600.0,9.81,1.2599,0.024350
vol1|WASP,201600.0,11.11,1.2755,0.033120
vol1|WASP,302600.0,-4.31,-0.2176,0.016010
vol1|WASP,302600.0,-2.53,0.0519,0.010350
vol1|WASP,302600.0,-1.02,0.2115,0.007520
vol1|WASP,302600.0,2.23,0.6188,0.008490
vol1|WASP,302600.0,3.61,0.7529,0.009670
vol1|WASP,302600.0,5.07,0.8946,0.011070
vol1|WASP,302600.0,6.48,1.0281,0.012740
vol1|WASP,302600.0,8.13,1.1746,0.015380
vol1|WASP,302600.0,9.53,1.2636,0.020790
vol1|WASP,302600.0,11.27,1.3120,0.029910
vol2|CR-001,59200.0,-4.23,-0.3482,0.068640
vol2|CR-001,59200.0,-1.16,0.0385,0.026610
vol2|CR-001,59200.0,0.38,0.1851,0.021860
vol2|CR-001,59200.0,1.82,0.4120,0.027120
vol2|CR-001,59200.0,3.48,0.7001,0.029420
vol2|CR-001,59200.0,5.01,0.9662,0.025380
vol2|CR-001,59200.0,6.55,1.1415,0.024390
vol2|CR-001,59200.0,8.08,1.2292,0.031310
vol2|CR-001,59200.0,9.59,1.3178,0.047350
vol2|CR-001,59200.0,11.10,1.3131,0.071890
vol2|CR-001,99100.0,-4.25,-0.3065,0.060080
vol2|CR-001,99100.0,-1.17,0.1025,0.023060
vol2|CR-001,99100.0,0.39,0.3647,0.018470
vol2|CR-001,99100.0,1.94,0.6182,0.018180
vol2|CR-001,99100.0,3.49,0.8536,0.015950
vol2|CR-001,99100.0,5.02,1.0205,0.016010
vol2|CR-001,99100.0,6.56,1.1425,0.018640
vol2|CR-001,99100.0,7.98,1.2200,0.024450
vol2|CR-001,99100.0,9.59,1.3130,0.038950
vol2|CR-001,99100.0,11.10,1.3614,0.059160
vol2|CR-001,199000.0,-5.27,-0.3597,0.069820
vol2|CR-001,199000.0,-3.75,-0.1096,0.038240
vol2|CR-001,199000.0,-2.17,0.1414,0.018290
vol2|CR-001,199000.0,-0.62,0.3653,0.011080
vol2|CR-001,199000.0,0.91,0.5980,0.009660
vol2|CR-001,199000.0,2.49,0.7791,0.009510
vol2|CR-001,199000.0,4.00,0.9306,0.010470
vol2|CR-001,199000.0,5.53,1.0663,0.012420
vol2|CR-001,199000.0,7.07,1.1784,0.016360
vol2|CR-001,199000.0,8.60,1.2639,0.023240
vol2|CR-001,199000.0,10.11,1.3237,0.032920
vol2|CR-001,298800.0,-5.30,-0.1806,0.045800
vol2|DU 86-084/18,59700.0,-5.77,-0.5684,0.047650
vol2|DU 86-084/18,59700.0,-4.24,-0.4696,0.028560
vol2|DU 86-084/18,59700.0,-2.74,-0.1492,0.018080
vol2|DU 86-084/18,59700.0,-1.19,-0.0924,0.017880
vol2|DU 86-084/18,59700.0,0.32,-0.0213,0.018320
vol2|DU 86-084/18,59700.0,1.88,0.0666,0.019830
vol2|DU 86-084/18,59700.0,3.43,0.3255,0.025210
vol2|DU 86-084/18,59700.0,4.96,0.6576,0.018670
vol2|DU 86-084/18,59700.0,6.51,0.7614,0.028360
vol2|DU 86-084/18,59700.0,8.03,0.8686,0.046010
vol2|DU 86-084/18,59700.0,9.55,0.8382,0.072460
vol2|DU 86-084/18,300500.0,-5.69,-0.4227,0.022430
vol2|DU 86-084/18,300500.0,-4.30,-0.2850,0.013820
vol2|DU 86-084/18,300500.0,-2.59,-0.1462,0.008800
vol2|DU 86-084/18,300500.0,0.08,0.2532,0.010050
vol2|DU 86-084/18,300500.0,0.40,0.3009,0.009910
vol2|DU 86-084/18,300500.0,1.92,0.4525,0.009650
vol2|DU 86-084/18,300500.0,3.47,0.5820,0.008030
vol2|DU 86-084/18,300500.0,4.99,0.6868,0.011760
vol2|DU 86-084/18,300500.0,6.52,0.7959,0.015360
vol2|DU 86-084/18,300500.0,8.04,0.8810,0.022380
vol2|E374 (B),60100.0,-5.43,-0.5407,0.046780
vol2|E374 (B),60100.0,-4.40,-0.4979,0.034730
vol2|E374 (B),60100.0,-3.39,-0.4256,0.027760
vol2|E374 (B),60100.0,-2.35,-0.1985,0.021690
vol2|E374 (B),60100.0,-1.32,-0.0731,0.023160
vol2|E374 (B),60100.0,-0.31,0.0511,0.025010
vol2|E374 (B),60100.0,0.71,0.1705,0.027230
vol2|E374 (B),60100.0,1.75,0.2598,0.029900
vol2|E374 (B),60100.0,2.75,0.3663,0.032730
vol2|E374 (B),60100.0,4.03,0.4760,0.036730
vol2|E374 (B),60100.0,4.84,0.5564,0.038950
vol2|E374 (B),60100.0,5.87,0.6965,0.039280
vol2|E374 (B),60100.0,6.89,0.8890,0.031180
vol2|E374 (B),60100.0,7.92,0.9612,0.025270
vol2|E374 (B),60100.0,8.90,0.9582,0.034580
vol2|E374 (B),60100.0,10.11,1.0793,0.050060
vol2|E374 (B),100400.0,6.89,0.9560,0.017870
vol2|E374 (B),100400.0,7.91,0.9576,0.021840
vol2|E374 (B),100400.0,8.89,0.9508,0.029080
vol2|E374 (B),100400.0,9.91,1.0567,0.038820
vol2|E374 (B),300700.0,-6.42,-0.4590,0.026870
vol2|E374 (B),300700.0,-5.37,-0.3278,0.016270
vol2|E374 (B),300700.0,-3.98,-0.1909,0.011640
vol2|E374 (B),300700.0,-3.41,-0.1409,0.010330
vol2|E374 (B),300700.0,-2.33,-0.0598,0.008010
vol2|E374 (B),300700.0,-1.31,0.0622,0.008350
vol2|E374 (B),300700.0,-0.29,0.2310,0.009130
vol2|E374 (B),300700.0,0.75,0.4057,0.009490
vol2|E374 (B),300700.0,1.73,0.5534,0.009340
vol2|E374 (B),300700.0,2.80,0.6453,0.009410
vol2|E374 (B),300700.0,3.84,0.7344,0.009500
vol2|E374 (B),300700.0,4.86,0.8209,0.009720
vol2|E374 (B),300700.0,5.89,0.8993,0.010310
vol2|E374 (B),300700.0,6.90,0.9430,0.013290
vol2|E374 (B),300700.0,7.88,0.9675,0.017530
vol2|E374 (B),300700.0,8.91,0.9956,0.021040
vol2|E374 (B),300700.0,9.92,1.0203,0.025860
vol2|E423,60300.0,-3.03,-0.2926,0.137060
vol2|E423,60300.0,-1.48,-0.2063,0.122210
vol2|E423,60300.0,0.09,0.0085,0.111030
vol2|E423,60300.0,4.67,0.5779,0.119030
vol2|E423,60300.0,6.20,0.6541,0.130760
vol2|E423,60300.0,7.73,0.7596,0.144830
vol2|E423,60300.0,9.23,0.7959,0.155590
vol2|E423,60300.0,10.75,0.8319,0.166870
vol2|E423,99700.0,-4.42,0.2410,0.084880
vol2|E423,99700.0,6.22,0.9567,0.095010
vol2|E423,99700.0,7.71,1.0525,0.103260
vol2|E423,99700.0,9.25,1.1030,0.117290
vol2|E423,99700.0,10.70,1.2029,0.124060
vol2|E423,198600.0,-2.88,0.7815,0.020460
vol2|E423,198600.0,-1.29,0.9629,0.019380
vol2|E423,198600.0,0.20,1.1267,0.019580
vol2|E423,198600.0,1.76,1.2842,0.020240
vol2|E423,198600.0,3.32,1.4334,0.021290
vol2|E423,198600.0,4.85,1.5720,0.022320
vol2|E423,198600.0,7.22,1.7760,0.025060
vol2|E423,198600.0,7.90,1.8238,0.025890
vol2|E423,198600.0,9.32,1.9321,0.026720
vol2|E423,198600.0,11.00,1.9649,0.030520
vol2|E423,296900.0,-2.31,0.8593,0.015340
vol2|E423,296900.0,-0.76,1.0322,0.015170
vol2|E423,296900.0,0.76,1.1974,0.015600
vol2|E423,296900.0,2.30,1.3617,0.016120
vol2|E423,296900.0,3.83,1.5164,0.016080
vol2|E423,296900.0,5.36,1.6572,0.017370
vol2|E423,296900.0,6.89,1.7829,0.018570
vol2|E423,296900.0,8.44,1.8874,0.019920
vol2|E423,296900.0,9.93,1.9609,0.021930
vol2|E423,296900.0,11.47,1.9874,0.026840
vol2|E423,296900.0,13.01,1.9912,0.036180
vol2|E423,300800.0,-4.48,0.5658,0.031880
vol2|E423,300800.0,-3.38,0.6530,0.039380
vol2|M6 (65%),60600.0,-5.53,-0.5400,0.052050
vol2|M6 (65%),60600.0,-3.45,-0.4328,0.032620
vol2|M6 (65%),60600.0,-2.47,-0.2477,0.027500
vol2|M6 (65%),60600.0,-0.94,0.2082,0.023390
vol2|M6 (65%),60600.0,0.59,0.3807,0.025150
vol2|M6 (65%),60600.0,2.12,0.5092,0.027900
vol2|M6 (65%),60600.0,3.67,0.6205,0.031840
vol2|M6 (65%),60600.0,5.18,0.7372,0.034720
vol2|M6 (65%),60600.0,6.75,0.8643,0.036800
vol2|M6 (65%),60600.0,8.26,1.0168,0.031280
vol2|M6 (65%),60600.0,9.79,1.0699,0.034700
vol2|M6 (65%),100000.0,-4.01,-0.3087,0.025430
vol2|M6 (65%),100000.0,-2.47,-0.0946,0.018920
vol2|M6 (65%),100000.0,-0.92,0.2179,0.017290
vol2|M6 (65%),100000.0,0.59,0.3551,0.017690
vol2|M6 (65%),100000.0,2.16,0.5020,0.018530
vol2|M6 (65%),100000.0,3.67,0.6420,0.019570
vol2|M6 (65%),100000.0,5.19,0.7817,0.020560
vol2|M6 (65%),100000.0,6.75,0.9214,0.020990
vol2|M6 (65%),100000.0,8.26,1.0388,0.021340
vol2|M6 (65%),100000.0,9.80,1.0640,0.028920
vol2|M6 (65%),200900.0,-5.54,-0.4478,0.025120
vol2|M6 (65%),200900.0,-4.00,-0.2932,0.017870
vol2|M6 (65%),200900.0,-2.47,-0.1419,0.014680
vol2|M6 (65%),200900.0,-0.95,0.0421,0.011880
vol2|M6 (65%),200900.0,0.58,0.3192,0.012610
vol2|M6 (65%),200900.0,2.14,0.4788,0.012630
vol2|M6 (65%),200900.0,3.68,0.6354,0.012850
vol2|M6 (65%),200900.0,5.87,0.8490,0.013590
vol2|M6 (65%),200900.0,6.75,0.9280,0.014070
vol2|M6 (65%),200900.0,8.27,1.0476,0.016420
vol2|M6 (65%),200900.0,9.81,1.0854,0.023900
vol2|M6 (65%),300500.0,-5.55,-0.4691,0.020720
vol2|M6 (65%),300500.0,-4.02,-0.3168,0.015800
vol2|M6 (65%),300500.0,-2.48,-0.1587,0.012960
vol2|M6 (65%),300500.0,-0.96,-0.0271,0.008700
vol2|M6 (65%),300500.0,0.59,0.3123,0.010920
vol2|M6 (65%),300500.0,2.23,0.4838,0.010740
vol2|M6 (65%),300500.0,3.68,0.6329,0.010840
vol2|M6 (65%),300500.0,5.23,0.7897,0.011230
vol2|M6 (65%),300500.0,6.75,0.9328,0.012230
vol2|M6 (65%),300500.0,8.28,1.0523,0.015170
vol2|M6 (65%),300500.0,9.80,1.1095,0.021330
vol2|M6 (85%),60000.0,-5.48,-0.5449,0.049720
vol2|M6 (85%),60000.0,-4.03,-0.4877,0.036340
vol2|M6 (85%),60000.0,-2.45,-0.2499,0.027620
vol2|M6 (85%),60000.0,-0.91,0.2075,0.023600
vol2|M6 (85%),60000.0,0.64,0.3836,0.025440
vol2|M6 (85%),60000.0,2.20,0.5162,0.028230
vol2|M6 (85%),60000.0,3.74,0.6229,0.032420
vol2|M6 (85%),60000.0,5.26,0.7452,0.034950
vol2|M6 (85%),60000.0,6.79,0.8675,0.037100
vol2|M6 (85%),60000.0,8.32,1.0225,0.031240
vol2|M6 (85%),60000.0,9.84,1.0737,0.035200
vol2|M6 (85%),100400.0,-4.31,-0.3598,0.027050
vol2|M6 (85%),100400.0,-2.96,-0.1432,0.020350
vol2|M6 (85%),100400.0,-1.43,0.1734,0.017220
vol2|M6 (85%),100400.0,0.15,0.3137,0.017480
vol2|M6 (85%),100400.0,1.68,0.4566,0.018130
vol2|M6 (85%),100400.0,3.23,0.6013,0.019250
vol2|M6 (85%),100400.0,4.75,0.7410,0.020250
vol2|M6 (85%),100400.0,6.29,0.8804,0.021010
vol2|M6 (85%),100400.0,7.82,1.0086,0.020830
vol2|M6 (85%),100400.0,9.33,1.0639,0.025740
vol2|M6 (85%),100400.0,10.85,1.0970,0.035100
vol2|M6 (85%),200400.0,-4.79,-0.3694,0.020980
vol2|M6 (85%),200400.0,-2.32,-0.1265,0.014480
vol2|M6 (85%),200400.0,-1.40,-0.0506,0.010600
vol2|M6 (85%),200400.0,0.73,0.3347,0.012600
vol2|M6 (85%),200400.0,1.69,0.4328,0.012600
vol2|M6 (85%),200400.0,3.85,0.6525,0.012900
vol2|M6 (85%),200400.0,4.75,0.7418,0.013180
vol2|M6 (85%),200400.0,7.01,0.9508,0.014330
vol2|M6 (85%),200400.0,7.37,0.9813,0.014730
vol2|M6 (85%),200400.0,9.34,1.0778,0.021690
vol2|M6 (85%),200400.0,10.86,1.0998,0.029170
vol2|M6 (85%),300300.0,-4.47,-0.3631,0.016960
vol2|M6 (85%),300300.0,-2.90,-0.2028,0.013400
vol2|M6 (85%),300300.0,-2.17,-0.1264,0.012530
vol2|M6 (85%),300300.0,0.14,0.1723,0.010500
vol2|M6 (85%),300300.0,1.68,0.4270,0.010760
vol2|M6 (85%),300300.0,4.08,0.6739,0.010930
vol2|M6 (85%),300300.0,5.60,0.8257,0.011380
vol2|M6 (85%),300300.0,7.12,0.9653,0.012670
vol2|M6 (85%),300300.0,7.81,1.0211,0.013860
vol2|M6 (85%),300300.0,9.34,1.0917,0.019830
vol2|M6 (85%),300300.0,11.52,1.1481,0.029140
vol2|MH32,59500.0,-4.26,-0.3550,0.035270
vol2|MH32,59500.0,-2.25,-0.1818,0.017010
vol2|MH32,59500.0,-0.71,-0.0349,0.017350
vol2|MH32,59500.0,0.75,0.0922,0.020540
vol2|MH32,59500.0,2.39,0.4052,0.025200
vol2|MH32,59500.0,3.83,0.6604,0.024160
vol2|MH32,59500.0,5.45,0.8573,0.022010
vol2|MH32,59500.0,6.99,0.9824,0.025750
vol2|MH32,59500.0,8.52,1.0772,0.037030
vol2|MH32,59500.0,10.03,1.1195,0.058860
vol2|MH32,59500.0,11.56,1.0016,0.087070
vol2|MH32,99400.0,-3.82,-0.3204,0.026490
vol2|MH32,99400.0,-2.26,-0.1811,0.015840
vol2|MH32,99400.0,-0.72,0.0399,0.015330
vol2|MH32,99400.0,0.84,0.3189,0.016520
vol2|MH32,99400.0,2.39,0.5530,0.015340
vol2|MH32,99400.0,3.93,0.7173,0.014510
vol2|MH32,99400.0,5.47,0.8609,0.016030
vol2|MH32,99400.0,6.99,0.9788,0.020040
vol2|MH32,99400.0,8.52,1.0667,0.029640
vol2|MH32,99400.0,10.04,1.1427,0.046560
vol2|MH32,99400.0,11.55,1.0863,0.068870
vol2|MH32,199100.0,-3.77,-0.2419,0.018510
vol2|MH32,199100.0,-2.23,-0.0311,0.011170
vol2|MH32,199100.0,-0.69,0.2628,0.009650
vol2|MH32,199100.0,1.28,0.4546,0.009040
vol2|MH32,199100.0,2.38,0.5625,0.009060
vol2|MH32,199100.0,3.94,0.7161,0.010040
vol2|MH32,199100.0,5.46,0.8579,0.012080
vol2|MH32,199100.0,7.01,0.9879,0.015750
vol2|MH32,199100.0,8.53,1.0824,0.023190
vol2|MH32,199100.0,10.02,1.1497,0.036270
vol2|MH32,298800.0,-3.77,-0.1546,0.014280
vol2|MH32,298800.0,-2.22,0.0441,0.008620
vol2|MH32,298800.0,-0.69,0.2499,0.007230
vol2|MH32,298800.0,0.86,0.4099,0.007020
vol2|MH32,298800.0,2.93,0.6141,0.007790
vol2|MH32,298800.0,3.95,0.7148,0.008700
vol2|MH32,298800.0,5.47,0.8595,0.010740
vol2|MH32,298800.0,7.01,0.9957,0.014110
vol2|MH32,298800.0,8.54,1.1012,0.020640
vol2|MH32,298800.0,10.00,1.1167,0.022430
vol2|NACA 2414,60200.0,-4.91,-0.5292,0.028500
vol2|NACA 2414,60200.0,-3.37,-0.4021,0.024830
vol2|NACA 2414,60200.0,-1.86,-0.2894,0.023910
vol2|NACA 2414,60200.0,-0.31,0.0678,0.027040
vol2|NACA 2414,60200.0,1.25,0.3141,0.028450
vol2|NACA 2414,60200.0,2.80,0.5085,0.029230
vol2|NACA 2414,60200.0,4.33,0.6848,0.029480
vol2|NACA 2414,60200.0,5.87,0.8560,0.029340
vol2|NACA 2414,60200.0,7.41,1.0036,0.030010
vol2|NACA 2414,60200.0,8.95,1.1112,0.033360
vol2|NACA 2414,60200.0,11.25,1.2333,0.048930
vol2|NACA 2414,100300.0,-3.36,-0.3163,0.020620
vol2|NACA 2414,100300.0,-1.84,-0.0860,0.018980
vol2|NACA 2414,100300.0,-0.26,0.2717,0.018470
vol2|NACA 2414,100300.0,1.31,0.4926,0.016580
vol2|NACA 2414,100300.0,2.83,0.6240,0.016850
vol2|NACA 2414,100300.0,4.35,0.7603,0.017960
vol2|NACA 2414,100300.0,5.88,0.8977,0.019390
vol2|NACA 2414,100300.0,7.42,1.0183,0.021280
vol2|NACA 2414,100300.0,8.95,1.1053,0.025410
vol2|NACA 2414,100300.0,10.47,1.1785,0.032520
vol2|NACA 2414,200500.0,-4.88,-0.3768,0.016190
vol2|NACA 2414,200500.0,-3.28,-0.1359,0.013540
vol2|NACA 2414,200500.0,-1.77,0.0425,0.011230
vol2|NACA 2414,200500.0,-0.28,0.1985,0.010470
vol2|NACA 2414,200500.0,1.28,0.4452,0.011070
vol2|NACA 2414,200500.0,2.81,0.6307,0.011510
vol2|NACA 2414,200500.0,4.34,0.7643,0.012490
vol2|NACA 2414,200500.0,5.90,0.8969,0.013850
vol2|NACA 2414,200500.0,7.44,1.0193,0.015920
vol2|NACA 2414,200500.0,8.96,1.1142,0.019860
vol2|NACA 2414,200500.0,10.48,1.1769,0.025650
vol2|NACA 2414,301000.0,-4.87,-0.3047,0.012880
vol2|NACA 2414,301000.0,-3.35,-0.1147,0.010810
vol2|NACA 2414,301000.0,-1.80,0.0481,0.009130
vol2|NACA 2414,301000.0,-0.23,0.2079,0.008390
vol2|NACA 2414,301000.0,1.27,0.3846,0.009010
vol2|NACA 2414,301000.0,2.86,0.6363,0.009880
vol2|NACA 2414,301000.0,4.37,0.7676,0.010720
vol2|NACA 2414,301000.0,5.89,0.8974,0.011940
vol2|NACA 2414,301000.0,7.42,1.0223,0.014120
vol2|NACA 2414,301000.0,8.94,1.1293,0.017700
vol2|NACA 2414,301000.0,10.47,1.2066,0.022490
vol2|NACA 2415,59700.0,-4.90,-0.5570,0.029330
vol2|NACA 2415,59700.0,-3.38,-0.4376,0.026400
vol2|NACA 2415,59700.0,-1.82,-0.2630,0.026610
vol2|NACA 2415,59700.0,-0.29,0.1506,0.029640
vol2|NACA 2415,59700.0,1.25,0.3439,0.029840
vol2|NACA 2415,59700.0,2.77,0.4977,0.031180
vol2|NACA 2415,59700.0,4.31,0.6786,0.031010
vol2|NACA 2415,59700.0,5.87,0.8410,0.031780
vol2|NACA 2415,59700.0,7.41,0.9993,0.032120
vol2|NACA 2415,59700.0,8.93,1.1179,0.034240
vol2|NACA 2415,59700.0,10.46,1.1959,0.040720
vol2|NACA 2415,100600.0,-4.92,-0.5563,0.023240
vol2|NACA 2415,100600.0,-2.42,-0.1542,0.020430
vol2|NACA 2415,100600.0,-1.81,-0.0669,0.019760
vol2|NACA 2415,100600.0,-0.28,0.1916,0.019240
vol2|NACA 2415,100600.0,1.29,0.5193,0.017410
vol2|NACA 2415,100600.0,2.82,0.6427,0.017390
vol2|NACA 2415,100600.0,4.34,0.7711,0.018640
vol2|NACA 2415,100600.0,5.89,0.9039,0.020130
vol2|NACA 2415,100600.0,8.42,1.0910,0.023660
vol2|NACA 2415,100600.0,8.94,1.1164,0.024960
vol2|NACA 2415,100600.0,10.46,1.1711,0.031110
vol2|NACA 2415,200600.0,-4.87,-0.3537,0.016200
vol2|NACA 2415,200600.0,-3.29,-0.1262,0.013620
vol2|NACA 2415,200600.0,-1.80,0.0427,0.011500
vol2|NACA 2415,200600.0,-0.22,0.2041,0.010810
vol2|NACA 2415,200600.0,1.25,0.3988,0.011490
vol2|NACA 2415,200600.0,2.81,0.6521,0.012100
vol2|NACA 2415,200600.0,4.35,0.7803,0.012980
vol2|NACA 2415,200600.0,5.86,0.9033,0.014230
vol2|NACA 2415,200600.0,7.42,1.0219,0.016070
vol2|NACA 2415,200600.0,8.95,1.1179,0.019300
vol2|NACA 2415,200600.0,11.35,1.2006,0.029490
vol2|NACA 2415,301100.0,-4.88,-0.2899,0.012770
vol2|NACA 2415,301100.0,-3.43,-0.1224,0.010970
vol2|NACA 2415,301100.0,-1.79,0.0500,0.009420
vol2|NACA 2415,301100.0,-0.28,0.2051,0.008820
vol2|NACA 2415,301100.0,1.26,0.3680,0.009230
vol2|NACA 2415,301100.0,2.83,0.6110,0.010320
vol2|NACA 2415,301100.0,4.36,0.7831,0.011150
vol2|NACA 2415,301100.0,5.89,0.9069,0.012270
vol2|NACA 2415,301100.0,7.43,1.0264,0.014140
vol2|NACA 2415,301100.0,8.94,1.1303,0.017200
vol2|NACA 2415,301100.0,10.47,1.2032,0.021980
vol2|S4083 (A),60000.0,-3.46,-0.2904,0.054110
vol2|S4083 (A),60000.0,-2.17,-0.0478,0.026150
vol2|S4083 (A),60000.0,-0.59,0.1287,0.017790
vol2|S4083 (A),60000.0,0.98,0.4979,0.017570
vol2|S4083 (A),60000.0,2.52,0.6925,0.019620
vol2|S4083 (A),60000.0,4.06,0.8454,0.023550
vol2|S4083 (A),60000.0,5.59,0.9870,0.028360
vol2|S4083 (A),60000.0,7.11,1.1224,0.033020
vol2|S4083 (A),60000.0,8.65,1.2503,0.035470
vol2|S4083 (A),60000.0,10.18,1.2714,0.041640
vol2|S4083 (A),60000.0,11.70,1.3010,0.062590
vol2|S4083 (A),100000.0,-4.68,-0.3031,0.058630
vol2|S4083 (A),100000.0,-1.60,0.0531,0.019100
vol2|S4083 (A),100000.0,2.01,0.6418,0.013980
vol2|S4083 (A),100000.0,3.56,0.8000,0.016490
vol2|S4083 (A),100000.0,5.07,0.9499,0.019160
vol2|S4083 (A),100000.0,6.45,1.0819,0.021570
vol2|S4083 (A),100000.0,8.16,1.2282,0.023810
vol2|S4083 (A),100000.0,9.67,1.2730,0.030740
vol2|S4083 (A),100000.0,11.19,1.2888,0.046440
vol2|S4083 (A),100600.0,-0.07,0.3770,0.011830
vol2|S4083 (A),199100.0,-4.56,-0.2831,0.049070
vol2|S4083 (A),199100.0,-1.75,0.1350,0.012870
vol2|S4083 (A),199100.0,-0.05,0.4282,0.008360
vol2|S4083 (A),199100.0,1.49,0.5818,0.010000
vol2|S4083 (A),199100.0,3.06,0.7428,0.011550
vol2|S4083 (A),199100.0,4.58,0.8979,0.013060
vol2|S4083 (A),199100.0,6.11,1.0492,0.014640
vol2|S4083 (A),199100.0,7.65,1.1888,0.016170
vol2|S4083 (A),199100.0,9.18,1.2730,0.023610
vol2|S4083 (A),199100.0,10.71,1.2912,0.033810
vol2|S4083 (A),299000.0,-4.69,-0.2728,0.047780
vol2|S4083 (B),59800.0,-3.85,-0.3009,0.057750
vol2|S4083 (B),59800.0,-2.32,-0.0623,0.027310
vol2|S4083 (B),59800.0,-0.79,0.0736,0.018700
vol2|S4083 (B),59800.0,0.77,0.4582,0.017720
vol2|S4083 (B),59800.0,2.18,0.6566,0.018940
vol2|S4083 (B),59800.0,3.84,0.8242,0.022990
vol2|S4083 (B),59800.0,5.37,0.9672,0.027680
vol2|S4083 (B),59800.0,6.91,1.1046,0.032560
vol2|S4083 (B),59800.0,8.44,1.2340,0.035470
vol2|S4083 (B),59800.0,9.93,1.2780,0.039170
vol2|S4083 (B),59800.0,11.47,1.2860,0.057910
vol2|S4083 (B),99200.0,-3.74,-0.2321,0.046800
vol2|S4083 (B),99200.0,-2.34,-0.0635,0.023310
vol2|S4083 (B),99200.0,-0.78,0.2208,0.012830
vol2|S4083 (B),99200.0,0.77,0.5091,0.012240
vol2|S4083 (B),99200.0,2.30,0.6721,0.014500
vol2|S4083 (B),99200.0,3.81,0.8253,0.016980
vol2|S4083 (B),99200.0,5.37,0.9791,0.019790
vol2|S4083 (B),99200.0,6.91,1.1242,0.022360
vol2|S4083 (B),99200.0,8.46,1.2482,0.024230
vol2|S4083 (B),99200.0,9.97,1.2663,0.033840
vol2|S4083 (B),99200.0,11.47,1.2980,0.049730
vol2|S4083 (B),198800.0,-3.85,-0.2234,0.038100
vol2|S4083 (B),198800.0,-2.31,0.0414,0.016010
vol2|S4083 (B),198800.0,-0.76,0.3258,0.007840
vol2|S4083 (B),198800.0,0.77,0.5093,0.009270
vol2|S4083 (B),198800.0,2.32,0.6667,0.010810
vol2|S4083 (B),198800.0,3.85,0.8237,0.012320
vol2|S4083 (B),198800.0,5.40,0.9801,0.013950
vol2|S4083 (B),198800.0,6.93,1.1265,0.015510
vol2|S4083 (B),198800.0,8.47,1.2518,0.018180
vol2|S4083 (B),198800.0,9.91,1.2881,0.028460
vol2|S4083 (B),198800.0,11.47,1.2958,0.040410
vol2|S4083 (B),298300.0,-2.29,0.1048,0.004410
vol2|S4083 (B),298300.0,0.79,0.4997,0.002790
vol2|S4083 (B),298300.0,2.19,0.6417,0.003290
vol2|S4083 (B),298300.0,3.87,0.8127,0.003960
vol2|S4083 (B),298300.0,5.42,0.9678,0.004650
vol2|S4083 (B),298300.0,6.96,1.1143,0.005490
vol2|S4083 (B),298300.0,8.47,1.2294,0.008640
vol2|S4083 (B),298300.0,9.99,1.3110,0.026250
vol2|S4083 (B),298300.0,11.51,1.3148,0.036820
vol2|S5010,59900.0,-3.38,-0.3224,0.027610
vol2|S5010,59900.0,-1.84,0.0988,0.017710
vol2|S5010,59900.0,-0.29,0.2594,0.020060
vol2|S5010,59900.0,1.25,0.3787,0.023240
vol2|S5010,59900.0,2.79,0.5043,0.026040
vol2|S5010,59900.0,4.34,0.6386,0.028150
vol2|S5010,59900.0,5.85,0.7752,0.029760
vol2|S5010,59900.0,7.38,0.9221,0.030610
vol2|S5010,59900.0,8.93,1.0567,0.035370
vol2|S5010,59900.0,10.44,1.1468,0.046450
vol2|S5010,99700.0,-4.89,-0.3770,0.033230
vol2|S5010,99700.0,-3.35,-0.1734,0.019980
vol2|S5010,99700.0,-1.83,0.0681,0.014010
vol2|S5010,99700.0,-0.31,0.1888,0.014710
vol2|S5010,99700.0,1.24,0.3282,0.015680
vol2|S5010,99700.0,2.77,0.4748,0.016610
vol2|S5010,99700.0,4.30,0.6254,0.017430
vol2|S5010,99700.0,5.83,0.7779,0.018410
vol2|S5010,99700.0,7.38,0.9279,0.020660
vol2|S5010,99700.0,8.89,1.0592,0.025140
vol2|S5010,99700.0,10.45,1.1689,0.032790
vol2|S5010,200300.0,-3.38,-0.2460,0.017080
vol2|S5010,200300.0,-1.82,-0.0958,0.011110
vol2|S5010,200300.0,-0.34,0.1441,0.009770
vol2|S5010,200300.0,1.19,0.2956,0.010020
vol2|S5010,200300.0,2.75,0.4557,0.010530
vol2|S5010,200300.0,4.30,0.6166,0.011270
vol2|S5010,200300.0,5.85,0.7763,0.012530
vol2|S5010,200300.0,7.39,0.9288,0.014860
vol2|S5010,200300.0,8.94,1.0683,0.018640
vol2|S5010,200300.0,10.46,1.1745,0.024300
vol2|S7012 (B),60100.0,-4.86,-0.3693,0.036170
vol2|S7012 (B),60100.0,-3.28,-0.2207,0.021650
vol2|S7012 (B),60100.0,-1.78,-0.1019,0.015020
vol2|S7012 (B),60100.0,-0.26,0.0063,0.016750
vol2|S7012 (B),60100.0,1.31,0.3322,0.020030
vol2|S7012 (B),60100.0,2.85,0.5736,0.020640
vol2|S7012 (B),60100.0,4.39,0.7361,0.022200
vol2|S7012 (B),60100.0,5.93,0.8853,0.024030
vol2|S7012 (B),60100.0,7.47,0.9990,0.027400
vol2|S7012 (B),60100.0,8.99,1.0928,0.044900
vol2|S7012 (B),60100.0,10.50,1.0969,0.070350
vol2|S7012 (B),99900.0,-3.78,-0.2646,0.021510
vol2|S7012 (B),99900.0,-2.27,-0.1506,0.012530
vol2|S7012 (B),99900.0,-0.75,0.0771,0.013160
vol2|S7012 (B),99900.0,0.81,0.3605,0.012750
vol2|S7012 (B),99900.0,2.37,0.5311,0.013460
vol2|S7012 (B),99900.0,3.90,0.6884,0.014980
vol2|S7012 (B),99900.0,6.32,0.9237,0.017820
vol2|S7012 (B),99900.0,6.98,0.9756,0.019350
vol2|S7012 (B),99900.0,8.50,1.0617,0.032290
vol2|S7012 (B),99900.0,10.02,1.1421,0.053420
vol2|S7012 (B),199400.0,-3.78,-0.2700,0.017270
vol2|S7012 (B),199400.0,-2.26,-0.0490,0.009410
vol2|S7012 (B),199400.0,-0.73,0.1521,0.008460
vol2|S7012 (B),199400.0,0.81,0.3600,0.008350
vol2|S7012 (B),199400.0,2.36,0.5222,0.009390
vol2|S7012 (B),199400.0,3.86,0.6817,0.010580
vol2|S7012 (B),199400.0,5.41,0.8421,0.012060
vol2|S7012 (B),199400.0,6.95,0.9810,0.015890
vol2|S7012 (B),199400.0,8.49,1.0788,0.026730
vol2|S7012 (B),199400.0,10.02,1.1698,0.043360
vol2|S7012 (B),299700.0,-3.79,-0.2300,0.014160
vol2|S7012 (B),299700.0,-2.22,0.0096,0.007570
vol2|S7012 (B),299700.0,-0.74,0.1789,0.006960
vol2|S7012 (B),299700.0,0.81,0.3504,0.007060
vol2|S7012 (B),299700.0,2.34,0.5185,0.007950
vol2|S7012 (B),299700.0,3.89,0.6860,0.009040
vol2|S7012 (B),299700.0,5.43,0.8479,0.010490
vol2|S7012 (B),299700.0,6.95,0.9811,0.015690
vol2|S7012 (B),299700.0,8.49,1.0943,0.023910
vol2|S7012 (B),299700.0,10.01,1.1843,0.038830
vol2|S8025,60000.0,-6.67,-0.6696,0.043940
vol2|S8025,60000.0,-5.16,-0.5408,0.025040
vol2|S8025,60000.0,-3.63,-0.4004,0.017080
vol2|S8025,60000.0,-2.09,-0.1628,0.015080
vol2|S8025,60000.0,-0.54,-0.0182,0.013130
vol2|S8025,60000.0,0.98,0.0945,0.014420
vol2|S8025,60000.0,2.54,0.3555,0.016520
vol2|S8025,60000.0,4.06,0.4970,0.020150
vol2|S8025,60000.0,6.52,0.7323,0.030550
vol2|S8025,60000.0,7.15,0.7850,0.036090
vol2|S8025,60000.0,8.65,0.8104,0.067450
vol2|S8025,100400.0,-6.64,-0.6728,0.033830
vol2|S8025,100400.0,-5.13,-0.5335,0.019220
vol2|S8025,100400.0,-3.63,-0.3923,0.013480
vol2|S8025,100400.0,-2.10,-0.2619,0.010880
vol2|S8025,100400.0,-0.56,-0.0178,0.010260
vol2|S8025,100400.0,1.00,0.2005,0.010660
vol2|S8025,100400.0,2.53,0.3369,0.012680
vol2|S8025,100400.0,4.07,0.4884,0.015330
vol2|S8025,100400.0,5.61,0.6419,0.019000
vol2|S8025,100400.0,7.15,0.7901,0.025300
vol2|S8025,100400.0,8.66,0.9133,0.038930
vol2|S8025,200700.0,-6.67,-0.6811,0.024340
vol2|S8025,200700.0,-5.17,-0.5410,0.014730
vol2|S8025,200700.0,-3.67,-0.3924,0.010610
vol2|S8025,200700.0,-2.08,-0.2418,0.008100
vol2|S8025,200700.0,-0.55,-0.0356,0.007400
vol2|S8025,200700.0,0.96,0.1786,0.008020
vol2|S8025,200700.0,2.50,0.3253,0.009490
vol2|S8025,200700.0,4.07,0.4854,0.011300
vol2|S8025,200700.0,5.58,0.6399,0.013750
vol2|S8025,200700.0,7.15,0.7954,0.017730
vol2|S8025,200700.0,8.67,0.9320,0.025900
vol2|S8025,301100.0,-6.68,-0.6846,0.021400
vol2|S8025,301100.0,-5.15,-0.5408,0.013050
vol2|S8025,301100.0,-3.58,-0.3831,0.009240
vol2|S8025,301100.0,-2.10,-0.2376,0.007170
vol2|S8025,301100.0,-0.56,-0.0464,0.006040
vol2|S8025,301100.0,0.98,0.1750,0.007050
vol2|S8025,301100.0,2.51,0.3250,0.008260
vol2|S8025,301100.0,4.07,0.4861,0.009760
vol2|S8025,301100.0,5.61,0.6462,0.011780
vol2|S8025,301100.0,7.15,0.8014,0.015040
vol2|S8025,301100.0,8.68,0.9425,0.020900
vol2|SD7037 (B),59600.0,-3.82,-0.2900,0.036090
vol2|SD7037 (B),59600.0,-2.28,-0.1377,0.024190
vol2|SD7037 (B),59600.0,-0.76,-0.0119,0.018980
vol2|SD7037 (B),59600.0,0.79,0.2283,0.023960
vol2|SD7037 (B),59600.0,2.35,0.4992,0.026180
vol2|SD7037 (B),59600.0,3.89,0.7472,0.023930
vol2|SD7037 (B),59600.0,5.43,0.9242,0.023690
vol2|SD7037 (B),59600.0,6.97,1.0678,0.027080
vol2|SD7037 (B),59600.0,8.48,1.1884,0.033450
vol2|SD7037 (B),59600.0,10.00,1.2808,0.043290
vol2|SD7037 (B),59600.0,11.54,1.3073,0.059810
vol2|SD7037 (B),99500.0,-3.82,-0.2922,0.031520
vol2|SD7037 (B),99500.0,-2.28,-0.1155,0.020990
vol2|SD7037 (B),99500.0,-0.75,0.1437,0.016660
vol2|SD7037 (B),99500.0,0.82,0.4150,0.016520
vol2|SD7037 (B),99500.0,2.36,0.6195,0.015030
vol2|SD7037 (B),99500.0,3.90,0.7853,0.015080
vol2|SD7037 (B),99500.0,5.43,0.9334,0.016970
vol2|SD7037 (B),99500.0,6.96,1.0680,0.020340
vol2|SD7037 (B),99500.0,9.35,1.2409,0.029130
vol2|SD7037 (B),99500.0,10.01,1.2610,0.031910
vol2|SD7037 (B),99500.0,11.53,1.2964,0.044950
vol2|SD7037 (B),200100.0,-4.79,-0.3014,0.038930
vol2|SD7037 (B),200100.0,-3.29,-0.0743,0.017280
vol2|SD7037 (B),200100.0,-1.74,0.1418,0.010940
vol2|SD7037 (B),200100.0,-0.21,0.3633,0.009390
vol2|SD7037 (B),200100.0,1.33,0.5238,0.008980
vol2|SD7037 (B),200100.0,2.87,0.6828,0.009720
vol2|SD7037 (B),200100.0,4.42,0.8373,0.011250
vol2|SD7037 (B),200100.0,5.95,0.9820,0.013440
vol2|SD7037 (B),200100.0,7.49,1.1164,0.016620
vol2|SD7037 (B),200100.0,8.99,1.2318,0.020590
vol2|SD7037 (B),200100.0,10.52,1.2895,0.028200
vol2|SD7037 (B),300400.0,-1.82,0.1773,0.008780
vol2|SD7037 (C),60300.0,-4.31,-0.3365,0.044130
vol2|SD7037 (C),60300.0,-2.85,-0.1916,0.027250
vol2|SD7037 (C),60300.0,-1.29,-0.0557,0.018030
vol2|SD7037 (C),60300.0,0.26,0.1355,0.022240
vol2|SD7037 (C),60300.0,1.83,0.4239,0.025620
vol2|SD7037 (C),60300.0,3.37,0.6798,0.024310
vol2|SD7037 (C),60300.0,4.93,0.8732,0.023040
vol2|SD7037 (C),60300.0,6.45,1.0219,0.025390
vol2|SD7037 (C),60300.0,7.95,1.1484,0.030680
vol2|SD7037 (C),60300.0,9.52,1.2570,0.039890
vol2|SD7037 (C),60300.0,11.03,1.2992,0.052510
vol2|SD7037 (C),100200.0,-4.33,-0.3715,0.050200
vol2|SD7037 (C),100200.0,-2.80,-0.1895,0.023190
vol2|SD7037 (C),100200.0,-1.27,0.0529,0.016060
vol2|SD7037 (C),100200.0,0.24,0.3257,0.016750
vol2|SD7037 (C),100200.0,1.83,0.5547,0.015450
vol2|SD7037 (C),100200.0,3.37,0.7313,0.014700
vol2|SD7037 (C),100200.0,4.91,0.8849,0.016110
vol2|SD7037 (C),100200.0,6.43,1.0229,0.018910
vol2|SD7037 (C),100200.0,7.99,1.1500,0.023450
vol2|SD7037 (C),100200.0,9.50,1.2465,0.029580
vol2|SD7037 (C),100200.0,11.02,1.2792,0.040170
vol2|SD7037 (C),199100.0,-4.24,-0.2215,0.023970
vol2|SD7037 (C),199100.0,-2.76,0.0007,0.015120
vol2|SD7037 (C),199100.0,-1.23,0.2178,0.010140
vol2|SD7037 (C),199100.0,0.31,0.4171,0.009200
vol2|SD7037 (C),199100.0,1.84,0.5768,0.009130
vol2|SD7037 (C),199100.0,3.38,0.7343,0.010170
vol2|SD7037 (C),199100.0,4.92,0.8856,0.011910
vol2|SD7037 (C),199100.0,6.45,1.0269,0.014400
vol2|SD7037 (C),199100.0,7.98,1.1563,0.017830
vol2|SD7037 (C),199100.0,9.52,1.2674,0.022300
vol2|SD7037 (C),199100.0,11.04,1.2915,0.032090
vol2|SD7037 (C),298900.0,-4.89,-0.2256,0.030980
vol2|SD7037 (C),298900.0,-2.84,0.0618,0.011900
vol2|SD7037 (C),298900.0,-1.23,0.2313,0.007740
vol2|SD7037 (C),298900.0,0.30,0.4166,0.007020
vol2|SD7037 (C),298900.0,1.85,0.5765,0.007580
vol2|SD7037 (C),298900.0,3.39,0.7344,0.008760
vol2|SD7037 (C),298900.0,4.93,0.8882,0.010410
vol2|SD7037 (C),298900.0,6.40,1.0285,0.012590
vol2|SD7037 (C),298900.0,7.99,1.1699,0.015760
vol2|SD7037 (C),298900.0,9.52,1.2871,0.020000
vol2|SD7037 (C),298900.0,11.00,1.3233,0.028120
vol3|Avistar,100000.0,-3.32,-0.2408,0.026930
vol3|Avistar,100000.0,-2.33,-0.0886,0.023620
vol3|Avistar,100000.0,-1.30,0.0156,0.019530
vol3|Avistar,100000.0,-0.24,0.3624,0.019980
vol3|Avistar,100000.0,0.77,0.4602,0.019460
vol3|Avistar,100000.0,1.78,0.5342,0.019420
vol3|Avistar,100000.0,2.90,0.6217,0.019490
vol3|Avistar,100000.0,3.81,0.7035,0.019890
vol3|Avistar,100000.0,4.93,0.8116,0.018880
vol3|Avistar,100000.0,5.88,0.8926,0.018710
vol3|Avistar,100000.0,6.89,0.9507,0.019470
vol3|Avistar,100000.0,7.91,0.9411,0.025540
vol3|Avistar,100000.0,8.94,0.9523,0.030900
vol3|Avistar,100000.0,9.90,0.9680,0.037010
vol3|Avistar,200600.0,-5.44,-0.3469,0.028230
vol3|Avistar,200600.0,-4.32,-0.2258,0.021290
vol3|Avistar,200600.0,-3.33,-0.1224,0.018380
vol3|Avistar,200600.0,-2.29,-0.0246,0.016000
vol3|Avistar,200600.0,-1.33,0.0640,0.014610
vol3|Avistar,200600.0,-0.25,0.1385,0.011160
vol3|Avistar,200600.0,0.77,0.3440,0.011620
vol3|Avistar,200600.0,2.78,0.6274,0.012000
vol3|Avistar,200600.0,3.82,0.7188,0.012270
vol3|Avistar,200600.0,4.87,0.8107,0.012870
vol3|Avistar,200600.0,5.90,0.8732,0.014820
vol3|Avistar,200600.0,6.89,0.8956,0.019930
vol3|Avistar,200600.0,7.89,0.9335,0.023060
vol3|Avistar,300900.0,-5.37,-0.3517,0.027120
vol3|Avistar,300900.0,-4.38,-0.2438,0.019110
vol3|Avistar,300900.0,-3.32,-0.1336,0.016120
vol3|Avistar,300900.0,-2.31,-0.0355,0.014000
vol3|Avistar,300900.0,-1.23,0.0693,0.012480
vol3|Avistar,300900.0,-0.22,0.1414,0.009450
vol3|Avistar,300900.0,0.78,0.2658,0.008800
vol3|Avistar,300900.0,1.83,0.4768,0.009670
vol3|Avistar,300900.0,2.85,0.6329,0.010260
vol3|Avistar,300900.0,3.84,0.7206,0.010570
vol3|Avistar,300900.0,4.86,0.8091,0.011240
vol3|Avistar,300900.0,5.90,0.8411,0.016290
vol3|Avistar,300900.0,6.93,0.9078,0.018700
vol3|Avistar,300900.0,7.89,0.9425,0.021630
vol3|Avistar,300900.0,8.91,0.9715,0.025820
vol3|Avistar,402100.0,-5.42,-0.3596,0.021340
vol3|Avistar,402100.0,-4.37,-0.2511,0.017260
vol3|Avistar,402100.0,-3.35,-0.1442,0.014950
vol3|Avistar,402100.0,-2.34,-0.0447,0.012820
vol3|Avistar,402100.0,-1.34,0.0541,0.011500
vol3|Avistar,402100.0,-0.26,0.1576,0.009860
vol3|Avistar,402100.0,0.77,0.2356,0.007780
vol3|Avistar,402100.0,1.80,0.4405,0.008310
vol3|Avistar,402100.0,2.85,0.6029,0.009270
vol3|Avistar,402100.0,3.87,0.7248,0.009700
vol3|Avistar,402100.0,4.95,0.8072,0.011330
vol3|Avistar,402100.0,5.88,0.8472,0.015450
vol3|Avistar,402100.0,6.87,0.9126,0.017740
vol3|Avistar,402100.0,7.91,0.9623,0.020400
vol3|BW-3,59400.0,-2.11,-0.0846,0.055850
vol3|BW-3,59400.0,2.69,0.6262,0.034990
vol3|BW-3,59400.0,4.24,1.0502,0.025220
vol3|BW-3,59400.0,5.78,1.1375,0.027730
vol3|BW-3,59400.0,7.32,1.2934,0.039590
vol3|BW-3,59400.0,8.77,1.4123,0.057290
vol3|BW-3,59400.0,10.30,1.3695,0.088890
vol3|BW-3,59400.0,11.83,1.0785,0.168900
vol3|BW-3,99400.0,-2.16,-0.0392,0.051980
vol3|BW-3,198900.0,-2.58,0.1218,0.040890
vol3|BW-3,198900.0,2.24,0.8333,0.014070
vol3|BW-3,198900.0,3.75,0.9805,0.013260
vol3|BW-3,198900.0,5.39,1.0881,0.020490
vol3|BW-3,198900.0,6.82,1.2778,0.027350
vol3|BW-3,198900.0,8.41,1.4238,0.040470
vol3|BW-3,297600.0,-2.58,0.2072,0.017440
vol3|BW-3,297600.0,-0.98,0.4729,0.005960
vol3|BW-3,297600.0,0.55,0.6396,0.004950
vol3|BW-3,297600.0,2.10,0.7962,0.004040
vol3|BW-3,297600.0,3.66,0.9374,0.004000
vol3|BW-3,297600.0,5.21,1.0233,0.008580
vol3|BW-3,297600.0,6.73,1.2373,0.013850
vol3|BW-3,297600.0,8.29,1.4248,0.033520
vol3|BW-3,297600.0,9.92,1.5114,0.053360
vol3|BW-3,297600.0,11.22,1.4217,0.079070
vol3|BW-3,397300.0,-3.16,0.1149,0.013710
vol3|BW-3,397300.0,-1.41,0.4311,0.012870
vol3|BW-3,397300.0,0.30,0.6279,0.012380
vol3|BW-3,397300.0,1.60,0.7607,0.011300
vol3|BW-3,397300.0,3.16,0.9119,0.010870
vol3|BW-3,397300.0,4.68,1.0118,0.016020
vol3|BW-3,397300.0,6.20,1.1498,0.019180
vol3|BW-3,397300.0,7.77,1.3872,0.026110
vol3|BW-3,397300.0,9.29,1.5099,0.035330
vol3|BW-3,397300.0,10.90,1.5749,0.051470
vol3|Clark-Y (B),59500.0,11.31,1.3858,0.046270
vol3|Clark-Y (B),59500.0,12.80,1.3933,0.051750
vol3|Clark-Y (B),60700.0,-2.07,-0.1875,0.030270
vol3|Clark-Y (B),60700.0,-0.45,0.0797,0.027080
vol3|Clark-Y (B),60700.0,1.02,0.3232,0.029930
vol3|Clark-Y (B),60700.0,4.16,0.7648,0.029260
vol3|Clark-Y (B),60700.0,5.71,0.9465,0.029480
vol3|Clark-Y (B),60700.0,7.19,1.0912,0.031740
vol3|Clark-Y (B),60700.0,8.74,1.2350,0.033820
vol3|Clark-Y (B),60700.0,10.26,1.3501,0.039620
vol3|Clark-Y (B),99000.0,12.30,1.3696,0.038720
vol3|Clark-Y (B),100000.0,-3.07,-0.1190,0.026270
vol3|Clark-Y (B),100000.0,-1.42,0.1135,0.020340
vol3|Clark-Y (B),100000.0,0.01,0.3663,0.018800
vol3|Clark-Y (B),100000.0,1.64,0.5654,0.017980
vol3|Clark-Y (B),100000.0,3.17,0.7349,0.017330
vol3|Clark-Y (B),100000.0,4.64,0.8858,0.017620
vol3|Clark-Y (B),100000.0,6.20,1.0368,0.019730
vol3|Clark-Y (B),100000.0,7.72,1.1738,0.022350
vol3|Clark-Y (B),100000.0,9.29,1.2932,0.026100
vol3|Clark-Y (B),200000.0,-4.64,-0.1491,0.020710
vol3|Clark-Y (B),200000.0,-2.92,0.0752,0.015210
vol3|Clark-Y (B),200000.0,-1.57,0.2171,0.011810
vol3|Clark-Y (B),200000.0,0.10,0.4518,0.010160
vol3|Clark-Y (B),200000.0,1.74,0.6146,0.010450
vol3|Clark-Y (B),200000.0,3.11,0.7479,0.010970
vol3|Clark-Y (B),200000.0,4.76,0.9014,0.012320
vol3|Clark-Y (B),200000.0,6.24,1.0337,0.014430
vol3|Clark-Y (B),200000.0,7.78,1.1733,0.016910
vol3|Clark-Y (B),200000.0,9.30,1.2860,0.019410
vol3|Clark-Y (B),200000.0,10.78,1.3437,0.024710
vol3|Clark-Y (B),200000.0,12.35,1.3959,0.032860
vol3|Clark-Y (B),299800.0,-4.56,-0.0919,0.015230
vol3|Clark-Y (B),299800.0,-2.97,0.0789,0.012120
vol3|Clark-Y (B),299800.0,-1.44,0.2372,0.009690
vol3|Clark-Y (B),299800.0,0.14,0.4578,0.008140
vol3|Clark-Y (B),299800.0,1.71,0.6129,0.008520
vol3|Clark-Y (B),299800.0,3.28,0.7648,0.009250
vol3|Clark-Y (B),299800.0,4.95,0.9159,0.011000
vol3|Clark-Y (B),299800.0,6.28,1.0376,0.012800
vol3|Clark-Y (B),299800.0,7.87,1.1830,0.014930
vol3|Clark-Y (B),299800.0,9.26,1.2914,0.017210
vol3|Clark-Y (B),299800.0,10.77,1.3617,0.022500
vol3|Clark-Y (B),299800.0,12.32,1.4020,0.031440
vol3|Clark-Y (B),399900.0,-4.70,-0.1056,0.013440
vol3|Clark-Y (B),399900.0,-1.48,0.2330,0.008880
vol3|Clark-Y (B),399900.0,0.10,0.4050,0.007140
vol3|Clark-Y (B),399900.0,1.69,0.6115,0.007560
vol3|Clark-Y (B),399900.0,3.21,0.7582,0.008310
vol3|Clark-Y (B),399900.0,4.78,0.9008,0.009960
vol3|Clark-Y (B),399900.0,6.51,1.0634,0.012070
vol3|Clark-Y (B),399900.0,8.06,1.2077,0.013860
vol3|Clark-Y (B),399900.0,9.56,1.3117,0.017380
vol3|Clark-Y (B),399900.0,10.96,1.3876,0.021740
vol3|Clark-Y (B),399900.0,12.39,1.4130,0.030820
vol3|DH4009,100000.0,-3.66,-0.4351,0.023400
vol3|DH4009,100000.0,-2.62,-0.3400,0.017870
vol3|DH4009,100000.0,-1.59,-0.2831,0.012680
vol3|DH4009,100000.0,-0.53,0.0423,0.014580
vol3|DH4009,100000.0,0.43,0.0267,0.014240
vol3|DH4009,100000.0,1.47,0.0221,0.014600
vol3|DH4009,100000.0,2.88,0.4433,0.013400
vol3|DH4009,100000.0,3.51,0.4611,0.018120
vol3|DH4009,100000.0,4.54,0.5422,0.023610
vol3|DH4009,100000.0,5.58,0.6320,0.033630
vol3|DH4009,200800.0,-2.63,-0.3571,0.006320
vol3|DH4009,200800.0,-1.56,-0.2306,0.003750
vol3|DH4009,200800.0,-0.60,-0.1482,0.002560
vol3|DH4009,200800.0,0.43,0.0199,0.002540
vol3|DH4009,200800.0,1.46,0.2162,0.002480
vol3|DH4009,200800.0,2.49,0.3737,0.002440
vol3|DH4009,200800.0,3.52,0.4635,0.005990
vol3|DH4009,200800.0,4.55,0.5580,0.010430
vol3|DH4009,301500.0,-3.65,-0.4673,0.020340
vol3|E231,60800.0,-4.57,-0.5782,0.048260
vol3|E231,60800.0,-3.53,-0.5038,0.036860
vol3|E231,60900.0,-2.51,-0.4146,0.030180
vol3|E231,60900.0,-1.44,-0.1616,0.027460
vol3|E231,60900.0,-0.44,-0.1265,0.028000
vol3|E231,60900.0,0.59,-0.0831,0.029170
vol3|E231,60900.0,1.61,0.0839,0.033970
vol3|E231,60900.0,2.62,0.2194,0.037680
vol3|E231,60900.0,3.67,0.3395,0.040560
vol3|E231,60900.0,4.67,0.4782,0.042080
vol3|E231,60900.0,5.75,0.5996,0.041820
vol3|E231,60900.0,6.75,0.8012,0.034100
vol3|E231,60900.0,7.81,1.0006,0.026460
vol3|E231,60900.0,8.79,1.0504,0.029970
vol3|E231,60900.0,9.82,1.0934,0.035820
vol3|E231,60900.0,10.81,1.1374,0.043420
vol3|E231,60900.0,11.86,1.1443,0.053370
vol3|E231,99900.0,-2.50,-0.2959,0.026800
vol3|E231,99900.0,-1.44,0.0680,0.026150
vol3|E231,99900.0,-0.36,0.1649,0.027080
vol3|E231,99900.0,0.65,0.2667,0.028100
vol3|E231,99900.0,1.66,0.3769,0.028920
vol3|E231,99900.0,2.62,0.4855,0.029090
vol3|E231,99900.0,3.70,0.6338,0.027760
vol3|E231,99900.0,4.77,0.7838,0.024050
vol3|E231,99900.0,5.73,0.8994,0.020230
vol3|E231,99900.0,6.78,0.9852,0.018540
vol3|E231,99900.0,7.82,1.0095,0.020740
vol3|E231,99900.0,8.82,1.0149,0.023960
vol3|E231,99900.0,9.87,1.0397,0.028490
vol3|E231,99900.0,10.83,1.0748,0.033720
vol3|E231,101900.0,-3.53,-0.4042,0.031450
vol3|E231,200600.0,-4.56,-0.2126,0.022450
vol3|E231,200600.0,-3.48,-0.1178,0.018300
vol3|E231,200600.0,-1.38,0.2436,0.017090
vol3|E231,200600.0,-0.29,0.4318,0.016270
vol3|E231,200600.0,0.61,0.5659,0.015110
vol3|E231,200600.0,1.78,0.6607,0.014480
vol3|E231,200600.0,2.73,0.7413,0.013770
vol3|E231,200600.0,3.69,0.8219,0.013010
vol3|E231,200600.0,4.72,0.9072,0.012280
vol3|E231,200600.0,5.75,0.9779,0.012540
vol3|E231,200600.0,6.82,1.0089,0.014660
vol3|E231,200600.0,7.84,0.9986,0.016730
vol3|E231,200600.0,8.85,0.9975,0.019280
vol3|E231,200600.0,9.83,1.0243,0.022850
vol3|E231,200600.0,10.84,1.0551,0.027390
vol3|E231,301000.0,-4.57,-0.1775,0.017100
vol3|E231,301000.0,-3.39,-0.0852,0.013320
vol3|E231,301000.0,-2.26,-0.0169,0.011040
vol3|E231,301000.0,-1.51,0.0873,0.012250
vol3|E231,301000.0,-0.44,0.2913,0.012760
vol3|E231,301000.0,0.57,0.4447,0.012430
vol3|E231,301000.0,1.72,0.6013,0.011600
vol3|E231,301000.0,2.78,0.7415,0.010580
vol3|E231,301000.0,3.75,0.8439,0.010020
vol3|E231,301000.0,4.72,0.9217,0.010080
vol3|E231,301000.0,5.74,0.9811,0.011380
vol3|E231,301000.0,6.83,1.0138,0.013610
vol3|E231,301000.0,7.85,1.0026,0.015260
vol3|E231,301000.0,8.86,1.0079,0.017400
vol3|E231,301000.0,9.83,1.0424,0.020440
vol3|E231,301000.0,10.85,1.0819,0.024260
vol3|E231,400400.0,-4.53,-0.1852,0.015200
vol3|E231,400400.0,-3.48,-0.0931,0.012420
vol3|E231,400400.0,-2.47,-0.0395,0.008540
vol3|E231,400400.0,-1.44,0.0654,0.009420
vol3|E231,400400.0,-0.34,0.2314,0.010220
vol3|E231,400400.0,0.64,0.3907,0.010280
vol3|E231,400400.0,1.69,0.5315,0.010010
vol3|E231,400400.0,2.66,0.6542,0.009600
vol3|E231,400400.0,3.75,0.7837,0.009260
vol3|E231,400400.0,4.78,0.8964,0.009480
vol3|E231,400400.0,5.83,0.9863,0.011130
vol3|E231,400400.0,6.80,1.0225,0.012950
vol3|E231,400400.0,7.80,1.0220,0.014470
vol3|E231,400400.0,8.83,1.0189,0.016180
vol3|E231,400400.0,9.86,1.0595,0.019030
vol3|E231,400400.0,10.86,1.1020,0.022420
vol3|E374 (B),60200.0,-5.46,-0.5416,0.047130
vol3|E374 (B),60200.0,-4.38,-0.4965,0.034510
vol3|E374 (B),60200.0,-3.19,-0.4095,0.026610
vol3|E374 (B),60200.0,-2.17,-0.1987,0.021690
vol3|E374 (B),60200.0,-1.11,-0.0460,0.023490
vol3|E374 (B),60200.0,-0.26,0.0586,0.025100
vol3|E374 (B),60200.0,0.94,0.1849,0.027750
vol3|E374 (B),60200.0,1.96,0.2949,0.030410
vol3|E374 (B),60200.0,2.98,0.3736,0.033510
vol3|E374 (B),60200.0,4.01,0.4735,0.036640
vol3|E374 (B),60200.0,5.06,0.5790,0.039410
vol3|E374 (B),60200.0,6.12,0.7342,0.038540
vol3|E374 (B),60200.0,7.14,0.9352,0.027810
vol3|E374 (B),60200.0,8.13,0.9502,0.026850
vol3|E374 (B),60200.0,9.14,0.9883,0.037170
vol3|E374 (B),60200.0,9.97,1.0755,0.048210
vol3|E374 (B),100100.0,-4.04,-0.3295,0.023200
vol3|E374 (B),100100.0,-3.00,-0.2175,0.016490
vol3|E374 (B),100100.0,-2.38,0.0258,0.017770
vol3|E374 (B),100100.0,-1.34,0.2603,0.016330
vol3|E374 (B),100100.0,-0.28,0.3725,0.016250
vol3|E374 (B),100100.0,0.71,0.4534,0.016850
vol3|E374 (B),100100.0,1.71,0.5284,0.017930
vol3|E374 (B),100100.0,2.74,0.6087,0.019070
vol3|E374 (B),100100.0,3.78,0.6908,0.020070
vol3|E374 (B),100100.0,4.81,0.7838,0.020130
vol3|E374 (B),100100.0,5.83,0.8750,0.019430
vol3|E374 (B),100100.0,6.88,0.9554,0.017910
vol3|E374 (B),100100.0,7.86,0.9595,0.021440
vol3|E374 (B),100100.0,8.91,0.9520,0.029250
vol3|E374 (B),100100.0,9.93,1.0589,0.039100
vol3|E374 (B),200500.0,-5.18,-0.3336,0.019230
vol3|E374 (B),200500.0,-3.80,-0.1705,0.012810
vol3|E374 (B),200500.0,-3.50,-0.1460,0.011770
vol3|E374 (B),200500.0,-2.47,-0.0626,0.009820
vol3|E374 (B),200500.0,-1.51,0.0998,0.010830
vol3|E374 (B),200500.0,0.48,0.4433,0.011030
vol3|E374 (B),200500.0,0.60,0.4532,0.011040
vol3|E374 (B),200500.0,2.44,0.6095,0.011420
vol3|E374 (B),200500.0,2.71,0.6337,0.011470
vol3|E374 (B),200500.0,3.74,0.7211,0.011730
vol3|E374 (B),200500.0,4.75,0.8078,0.011910
vol3|E374 (B),200500.0,5.76,0.8893,0.012020
vol3|E374 (B),200500.0,6.82,0.9478,0.013580
vol3|E374 (B),200500.0,8.38,0.9629,0.021350
vol3|E374 (B),200500.0,8.85,0.9681,0.023540
vol3|E374 (B),200500.0,9.87,1.0081,0.029260
vol3|E374 (B),301200.0,-6.40,-0.4572,0.026500
vol3|E374 (B),301200.0,-5.42,-0.3341,0.016650
vol3|E374 (B),301200.0,-4.40,-0.2286,0.012690
vol3|E374 (B),301200.0,-3.42,-0.1418,0.010350
vol3|E374 (B),301200.0,-2.36,-0.0627,0.008020
vol3|E374 (B),301200.0,-1.35,0.0553,0.008310
vol3|E374 (B),301200.0,-0.40,0.2088,0.009050
vol3|E374 (B),301200.0,0.71,0.3981,0.009490
vol3|E374 (B),301200.0,1.74,0.5543,0.009340
vol3|E374 (B),301200.0,2.79,0.6444,0.009400
vol3|E374 (B),301200.0,3.81,0.7318,0.009490
vol3|E374 (B),301200.0,4.84,0.8192,0.009710
vol3|E374 (B),301200.0,5.87,0.8982,0.010270
vol3|E374 (B),301200.0,6.91,0.9431,0.013340
vol3|E374 (B),301200.0,7.92,0.9694,0.017630
vol3|E374 (B),301200.0,8.94,0.9971,0.021100
vol3|E374 (B),301200.0,9.95,1.0213,0.026060
vol3|E387 (C),59885.0,-4.13,-0.4093,0.067280
vol3|E387 (C),59885.0,-3.05,-0.1566,0.036220
vol3|E387 (C),59885.0,-2.08,0.0014,0.028190
vol3|E387 (C),59885.0,-1.00,0.1602,0.022930
vol3|E387 (C),59885.0,-0.02,0.2782,0.025110
vol3|E387 (C),59885.0,1.00,0.3964,0.027730
vol3|E387 (C),59885.0,2.05,0.5172,0.030730
vol3|E387 (C),59885.0,3.07,0.5916,0.034870
vol3|E387 (C),59885.0,4.09,0.7081,0.038080
vol3|E387 (C),59885.0,5.07,0.8024,0.041280
vol3|E387 (C),59885.0,6.20,0.9074,0.043920
vol3|E387 (C),59885.0,7.11,1.0558,0.037930
vol3|E387 (C),59885.0,8.29,1.1889,0.027140
vol3|E387 (C),59885.0,9.17,1.1429,0.036320
vol3|E387 (C),59885.0,10.29,1.2669,0.051000
vol3|E387 (C),59885.0,11.27,1.3102,0.066760
vol3|E387 (C),99744.0,-3.05,0.0611,0.021540
vol3|E387 (C),99744.0,-2.04,0.1777,0.005320
vol3|E387 (C),99744.0,-0.95,0.3078,0.005020
vol3|E387 (C),99744.0,0.05,0.4057,0.005690
vol3|E387 (C),99744.0,1.04,0.5037,0.006490
vol3|E387 (C),99744.0,2.19,0.6176,0.007620
vol3|E387 (C),99744.0,3.06,0.7017,0.008710
vol3|E387 (C),99744.0,4.12,0.8089,0.009660
vol3|E387 (C),99744.0,5.16,0.9122,0.010440
vol3|E387 (C),99744.0,6.16,1.0150,0.010440
vol3|E387 (C),99744.0,7.15,1.1133,0.009510
vol3|E387 (C),99744.0,8.22,1.1415,0.013680
vol3|E387 (C),99744.0,9.24,1.1622,0.033090
vol3|E387 (C),99744.0,10.27,1.2627,0.043400
vol3|E387 (C),199604.0,-3.99,-0.0262,0.020550
vol3|E387 (C),199604.0,-2.81,0.0975,0.014240
vol3|E387 (C),199604.0,-1.93,0.1890,0.011350
vol3|E387 (C),199604.0,-0.92,0.3060,0.009390
vol3|E387 (C),199604.0,0.06,0.4108,0.009890
vol3|E387 (C),199604.0,1.17,0.5309,0.010540
vol3|E387 (C),199604.0,2.10,0.6317,0.011140
vol3|E387 (C),199604.0,3.10,0.7397,0.011820
vol3|E387 (C),199604.0,4.15,0.8524,0.012390
vol3|E387 (C),199604.0,5.30,0.9736,0.012820
vol3|E387 (C),199604.0,6.17,1.0592,0.012810
vol3|E387 (C),199604.0,7.32,1.1479,0.015250
vol3|E387 (C),199604.0,8.32,1.1723,0.022680
vol3|E387 (C),199604.0,9.27,1.1965,0.027770
vol3|E387 (C),199604.0,10.26,1.2317,0.034840
vol3|E387 (C),299856.0,-4.11,-0.0490,0.019120
vol3|E387 (C),299856.0,-3.08,0.0603,0.013000
vol3|E387 (C),299856.0,-2.04,0.1727,0.010490
vol3|E387 (C),299856.0,-0.99,0.2703,0.007910
vol3|E387 (C),299856.0,0.11,0.4116,0.008080
vol3|E387 (C),299856.0,1.02,0.5112,0.008470
vol3|E387 (C),299856.0,2.10,0.6298,0.009000
vol3|E387 (C),299856.0,3.11,0.7401,0.009460
vol3|E387 (C),299856.0,4.19,0.8567,0.009900
vol3|E387 (C),299856.0,5.13,0.9566,0.010260
vol3|E387 (C),299856.0,6.23,1.0657,0.010880
vol3|E387 (C),299856.0,7.33,1.1386,0.015440
vol3|E387 (C),299856.0,8.34,1.1925,0.020520
vol3|E387 (C),299856.0,9.32,1.2227,0.025290
vol3|E387 (C),299856.0,10.32,1.2495,0.031370
vol3|E387 (C),458992.0,-4.10,-0.0616,0.011170
vol3|E387 (C),458992.0,-3.08,0.0517,0.004160
vol3|E387 (C),458992.0,-2.03,0.1670,0.003320
vol3|E387 (C),458992.0,-1.04,0.2738,0.002490
vol3|E387 (C),458992.0,0.02,0.3914,0.002100
vol3|E387 (C),458992.0,1.16,0.5162,0.002250
vol3|E387 (C),458992.0,2.03,0.6116,0.002360
vol3|E387 (C),458992.0,3.36,0.7562,0.002530
vol3|E387 (C),458992.0,4.10,0.8360,0.002620
vol3|E387 (C),458992.0,5.09,0.9402,0.002770
vol3|E387 (C),458992.0,6.42,1.0581,0.004020
vol3|E387 (C),458992.0,7.27,1.1073,0.006730
vol3|E387 (C),458992.0,8.30,1.1771,0.009350
vol3|E387 (C),458992.0,9.36,1.2106,0.013020
vol3|E387 (C),458992.0,10.47,1.2205,0.019920
vol3|E387 (D),59507.0,-4.25,-0.4114,0.068440
vol3|E387 (D),59507.0,-3.19,-0.1858,0.038480
vol3|E387 (D),59507.0,-2.09,-0.0053,0.028490
vol3|E387 (D),59507.0,-1.31,0.1090,0.022390
vol3|E387 (D),59507.0,-0.12,0.2732,0.024910
vol3|E387 (D),59507.0,0.95,0.3847,0.027770
vol3|E387 (D),59507.0,1.97,0.4937,0.030860
vol3|E387 (D),59507.0,3.11,0.5917,0.035230
vol3|E387 (D),59507.0,3.97,0.6712,0.038570
vol3|E387 (D),59507.0,5.02,0.7779,0.042140
vol3|E387 (D),59507.0,5.93,0.8988,0.042540
vol3|E387 (D),59507.0,6.85,1.0223,0.039580
vol3|E387 (D),59507.0,7.70,1.1541,0.031030
vol3|E387 (D),59507.0,9.09,1.1471,0.035270
vol3|E387 (D),59507.0,10.02,1.2454,0.047540
vol3|E387 (D),59507.0,10.94,1.3064,0.061000
vol3|E472,100300.0,-2.95,-0.4547,0.018790
vol3|E472,100300.0,-1.94,-0.3670,0.017160
vol3|E472,100300.0,-0.90,-0.2693,0.016080
vol3|E472,100300.0,0.16,0.0927,0.013310
vol3|E472,100300.0,1.16,0.3045,0.016320
vol3|E472,100300.0,2.21,0.3901,0.017590
vol3|E472,100300.0,3.22,0.4789,0.019390
vol3|E472,100300.0,4.24,0.5692,0.021650
vol3|E472,100300.0,5.29,0.6594,0.024900
vol3|E472,100300.0,6.28,0.7381,0.028740
vol3|E472,100300.0,7.33,0.8141,0.033740
vol3|E472,100300.0,8.34,0.8712,0.040220
vol3|E472,100300.0,9.30,0.6434,0.079500
vol3|E472,100300.0,10.32,0.7776,0.072210
vol3|E472,200100.0,-2.94,-0.4601,0.014150
vol3|E472,200100.0,-1.90,-0.3265,0.013240
vol3|E472,200100.0,-0.90,-0.1422,0.011370
vol3|E472,200100.0,0.14,0.0083,0.010670
vol3|E472,200100.0,1.15,0.1901,0.011890
vol3|E472,200100.0,2.20,0.3899,0.013550
vol3|E472,200100.0,3.22,0.4847,0.014350
vol3|E472,200100.0,4.26,0.5773,0.015540
vol3|E472,200100.0,5.27,0.6689,0.017140
vol3|E472,200100.0,6.27,0.7588,0.018910
vol3|E472,200100.0,7.31,0.8500,0.020830
vol3|E472,200100.0,8.35,0.9378,0.022970
vol3|E472,200100.0,9.35,1.0181,0.025270
vol3|E472,200100.0,10.40,1.0953,0.027960
vol3|E472,200100.0,11.42,1.1613,0.030770
vol3|E472,200100.0,12.26,1.2115,0.032860
vol3|E472,298100.0,13.71,1.2861,0.029630
vol3|E472,298100.0,14.42,1.2945,0.032780
vol3|E472,300900.0,-2.89,-0.4433,0.012090
vol3|E472,300900.0,-1.88,-0.2648,0.010920
vol3|E472,300900.0,-0.85,-0.0660,0.009920
vol3|E472,300900.0,0.21,0.0169,0.010280
vol3|E472,300900.0,1.15,0.1001,0.009730
vol3|E472,300900.0,2.19,0.3150,0.011410
vol3|E472,300900.0,3.24,0.4957,0.012380
vol3|E472,300900.0,4.33,0.5919,0.013220
vol3|E472,300900.0,5.26,0.6754,0.014170
vol3|E472,300900.0,6.29,0.7683,0.015320
vol3|E472,300900.0,7.34,0.8620,0.016630
vol3|E472,300900.0,8.37,0.9517,0.018060
vol3|E472,300900.0,9.47,1.0436,0.019770
vol3|E472,300900.0,10.58,1.1300,0.021730
vol3|E472,300900.0,11.44,1.1905,0.023380
vol3|E472,300900.0,12.47,1.2511,0.025720
vol3|E472,397000.0,13.90,1.3310,0.026340
vol3|E472,397000.0,14.71,1.3395,0.030120
vol3|E472,401000.0,-2.90,-0.3989,0.010850
vol3|E472,401000.0,-2.02,-0.2664,0.009760
vol3|E472,401000.0,-0.81,-0.0718,0.009680
vol3|E472,401000.0,0.18,0.0163,0.009930
vol3|E472,401000.0,1.15,0.0989,0.009420
vol3|E472,401000.0,2.19,0.2881,0.009990
vol3|E472,401000.0,3.25,0.4591,0.011070
vol3|E472,401000.0,4.25,0.5940,0.011690
vol3|E472,401000.0,5.28,0.6866,0.012430
vol3|E472,401000.0,6.38,0.7861,0.013420
vol3|E472,401000.0,7.35,0.8737,0.014340
vol3|E472,401000.0,8.45,0.9706,0.015620
vol3|E472,401000.0,9.84,1.0876,0.017630
vol3|E472,401000.0,10.45,1.1373,0.018430
vol3|E472,401000.0,11.64,1.2241,0.020640
vol3|E472,401000.0,12.94,1.3041,0.023440
vol3|E472,501400.0,-3.14,-0.4104,0.010060
vol3|E472,501400.0,0.45,0.0430,0.009560
vol3|E472,501400.0,2.28,0.2897,0.009140
vol3|E472,501400.0,3.27,0.4339,0.010220
vol3|E472,501400.0,4.20,0.5910,0.010800
vol3|E472,501400.0,5.31,0.6979,0.011450
vol3|E472,501400.0,6.24,0.7823,0.012170
vol3|E472,501400.0,7.40,0.8880,0.013140
vol3|E472,501400.0,8.40,0.9773,0.014170
vol3|E472,501400.0,9.73,1.0931,0.015710
vol3|E472,501400.0,10.74,1.1765,0.017090
vol3|E472,501400.0,12.02,1.2687,0.019550
vol3|E472,501400.0,12.40,1.2974,0.020120
vol3|E472,501400.0,13.62,1.3655,0.022970
vol3|Goe 417a,59300.0,-2.25,-0.1095,0.061640
vol3|Goe 417a,59300.0,-0.67,0.0011,0.049940
vol3|Goe 417a,99500.0,-3.77,-0.2083,0.074440
vol3|Goe 417a,99500.0,-2.20,-0.1326,0.057130
vol3|Goe 417a,99500.0,-0.63,0.1400,0.047530
vol3|Goe 417a,99500.0,0.87,0.3504,0.035370
vol3|Goe 417a,99500.0,2.43,0.5856,0.024740
vol3|Goe 417a,99500.0,4.05,0.8982,0.018650
vol3|Goe 417a,99500.0,5.54,1.0849,0.017700
vol3|Goe 417a,99500.0,7.06,1.2117,0.023280
vol3|Goe 417a,99500.0,8.62,1.2945,0.033410
vol3|Goe 417a,99500.0,10.13,1.4116,0.049550
vol3|Goe 417a,99500.0,11.65,1.3400,0.070890
vol3|Goe 417a,297500.0,-3.73,-0.0426,0.058470
vol3|Goe 417a,297500.0,-2.15,0.1578,0.041560
vol3|Goe 417a,297500.0,-0.39,0.4218,0.026970
vol3|Goe 417a,297500.0,0.94,0.5878,0.019520
vol3|Goe 417a,398800.0,-2.40,0.2063,0.041930
vol3|Goe 417a,398800.0,-0.34,0.4798,0.025570
vol3|Goe 417a,398800.0,1.01,0.6201,0.017480
vol3|Goe 417a,398800.0,2.49,0.7677,0.014120
vol3|LRN1007 (B),59500.0,-3.56,-0.2908,0.080120
vol3|LRN1007 (B),59500.0,-2.50,-0.1789,0.068380
vol3|LRN1007 (B),59500.0,-1.45,-0.0824,0.055810
vol3|LRN1007 (B),59500.0,-0.40,-0.0189,0.046180
vol3|LRN1007 (B),59500.0,0.60,0.1007,0.040830
vol3|LRN1007 (B),59500.0,1.63,0.2701,0.041410
vol3|LRN1007 (B),59500.0,2.64,0.3639,0.044460
vol3|LRN1007 (B),59500.0,3.67,0.4545,0.048250
vol3|LRN1007 (B),59500.0,4.67,0.7644,0.052130
vol3|LRN1007 (B),59500.0,5.70,0.8777,0.054940
vol3|LRN1007 (B),59500.0,6.70,0.9997,0.055030
vol3|LRN1007 (B),59500.0,7.76,1.1569,0.035310
vol3|LRN1007 (B),59500.0,8.89,1.1789,0.046820
vol3|LRN1007 (B),98800.0,3.67,0.7951,0.037640
vol3|LRN1007 (B),98800.0,4.73,0.9267,0.037720
vol3|LRN1007 (B),98800.0,5.76,1.0589,0.035460
vol3|LRN1007 (B),98800.0,6.79,1.1649,0.025030
vol3|LRN1007 (B),98800.0,7.86,1.1965,0.032860
vol3|LRN1007 (B),199100.0,-4.54,0.1144,0.057850
vol3|LRN1007 (B),199100.0,-3.33,0.2156,0.048870
vol3|PT-40 (A),100600.0,-5.91,-0.4067,0.082130
vol3|PT-40 (A),100600.0,-3.70,-0.3149,0.059810
vol3|PT-40 (A),100600.0,-3.07,-0.2247,0.052240
vol3|PT-40 (A),100600.0,-1.04,0.0820,0.033950
vol3|PT-40 (A),100600.0,0.34,0.3620,0.022720
vol3|PT-40 (A),100600.0,1.33,0.4838,0.019740
vol3|PT-40 (A),100600.0,2.27,0.5874,0.017840
vol3|PT-40 (A),100600.0,3.28,0.7042,0.015530
vol3|PT-40 (A),100600.0,4.30,0.7937,0.016240
vol3|PT-40 (A),100600.0,5.31,0.8772,0.019060
vol3|PT-40 (A),100600.0,6.30,0.9696,0.021970
vol3|PT-40 (A),100600.0,7.27,1.0557,0.024710
vol3|PT-40 (A),100600.0,8.57,1.1585,0.028450
vol3|PT-40 (A),100600.0,9.16,1.1946,0.030710
vol3|PT-40 (A),100600.0,10.39,1.2776,0.036810
vol3|PT-40 (A),200200.0,-4.28,-0.1823,0.045330
vol3|PT-40 (A),200200.0,-3.53,-0.0773,0.037780
vol3|PT-40 (A),200200.0,-2.50,0.0569,0.029910
vol3|PT-40 (A),200200.0,-1.50,0.1840,0.022450
vol3|PT-40 (A),200200.0,0.32,0.3913,0.015280
vol3|PT-40 (A),200200.0,0.63,0.4246,0.014880
vol3|PT-40 (A),200200.0,1.64,0.5313,0.013690
vol3|PT-40 (A),200200.0,2.71,0.6415,0.012940
vol3|PT-40 (A),200200.0,3.70,0.7442,0.011560
vol3|PT-40 (A),200200.0,4.72,0.8255,0.013890
vol3|PT-40 (A),200200.0,5.73,0.9152,0.016100
vol3|PT-40 (A),200200.0,7.24,1.0547,0.018750
vol3|PT-40 (A),200200.0,7.79,1.1037,0.019640
vol3|PT-40 (A),200200.0,8.88,1.1908,0.021670
vol3|PT-40 (A),200200.0,9.87,1.2444,0.025190
vol3|PT-40 (A),200200.0,10.88,1.2912,0.029560
vol3|PT-40 (A),299800.0,-3.28,-0.0025,0.028930
vol3|PT-40 (A),299800.0,-2.38,0.0963,0.023970
vol3|PT-40 (A),299800.0,-1.35,0.2043,0.020290
vol3|PT-40 (A),299800.0,-0.32,0.3212,0.013830
vol3|PT-40 (A),299800.0,0.71,0.4325,0.012810
vol3|PT-40 (A),299800.0,1.73,0.5400,0.011860
vol3|PT-40 (A),299800.0,3.25,0.7017,0.009690
vol3|PT-40 (A),299800.0,3.78,0.7481,0.010530
vol3|PT-40 (A),299800.0,4.81,0.8375,0.012710
vol3|PT-40 (A),299800.0,5.85,0.9365,0.014320
vol3|PT-40 (A),299800.0,6.78,1.0256,0.015620
vol3|PT-40 (A),299800.0,7.75,1.1169,0.016950
vol3|PT-40 (A),299800.0,8.90,1.2129,0.019310
vol3|PT-40 (A),299800.0,10.35,1.2955,0.024060
vol3|PT-40 (A),299800.0,10.86,1.3194,0.026030
vol3|PT-40 (A),399500.0,-3.37,-0.0092,0.020930
vol3|PT-40 (A),399500.0,-2.42,0.0936,0.016480
vol3|PT-40 (A),399500.0,-1.35,0.2081,0.013880
vol3|PT-40 (A),399500.0,-0.31,0.3206,0.012320
vol3|PT-40 (A),399500.0,0.57,0.4157,0.011580
vol3|PT-40 (A),399500.0,1.73,0.5391,0.010950
vol3|PT-40 (A),399500.0,2.76,0.6461,0.010930
vol3|PT-40 (A),399500.0,3.49,0.7214,0.009460
vol3|PT-40 (A),399500.0,4.81,0.8425,0.011820
vol3|PT-40 (A),399500.0,5.58,0.9187,0.012770
vol3|PT-40 (A),399500.0,6.64,1.0234,0.014040
vol3|PT-40 (A),399500.0,7.90,1.1447,0.015650
vol3|PT-40 (A),399500.0,8.91,1.2245,0.018230
vol3|PT-40 (A),399500.0,9.93,1.2918,0.021120
vol3|PT-40 (A),399500.0,10.95,1.3467,0.024340
vol3|PT-40 (A),399500.0,11.93,1.3870,0.028640
vol3|PT-40 (B),99700.0,-2.84,-0.1965,0.050370
vol3|PT-40 (B),99700.0,-0.85,0.1422,0.029440
vol3|PT-40 (B),99700.0,0.35,0.3614,0.022900
vol3|PT-40 (B),99700.0,1.34,0.4842,0.019870
vol3|PT-40 (B),99700.0,2.35,0.5966,0.017560
vol3|PT-40 (B),99700.0,3.36,0.7117,0.015630
vol3|PT-40 (B),99700.0,4.43,0.8037,0.016590
vol3|PT-40 (B),99700.0,5.45,0.8902,0.019510
vol3|PT-40 (B),99700.0,6.48,0.9864,0.022610
vol3|PT-40 (B),99700.0,7.48,1.0736,0.025340
vol3|PT-40 (B),99700.0,8.51,1.1541,0.028420
vol3|PT-40 (B),99700.0,9.50,1.2153,0.032380
vol3|PT-40 (B),99700.0,10.46,1.2825,0.037410
vol3|PT-40 (B),99700.0,11.51,1.3479,0.044180
vol3|PT-40 (B),200100.0,-1.46,0.1856,0.012780
vol3|PT-40 (B),200100.0,-0.85,0.2445,0.011480
vol3|PT-40 (B),200100.0,0.47,0.3987,0.007490
vol3|PT-40 (B),200100.0,1.49,0.5050,0.006610
vol3|PT-40 (B),200100.0,2.48,0.6057,0.006110
vol3|PT-40 (B),200100.0,3.50,0.7131,0.005090
vol3|PT-40 (B),200100.0,4.54,0.7930,0.006640
vol3|PT-40 (B),200100.0,5.54,0.8778,0.008340
vol3|PT-40 (B),200100.0,6.53,0.9647,0.009920
vol3|PT-40 (B),200100.0,7.52,1.0500,0.011440
vol3|PT-40 (B),200100.0,8.45,1.1223,0.012860
vol3|PT-40 (B),200100.0,9.53,1.1768,0.015870
vol3|PT-40 (B),200100.0,10.48,1.2121,0.019990
vol3|PT-40 (B),200100.0,11.54,1.2500,0.025840
vol3|PT-40 (B),299800.0,-2.81,0.0495,0.025850
vol3|PT-40 (B),299800.0,-1.76,0.1623,0.021450
vol3|PT-40 (B),299800.0,-0.69,0.2718,0.018090
vol3|PT-40 (B),299800.0,0.32,0.3903,0.013100
vol3|PT-40 (B),299800.0,1.36,0.5011,0.012130
vol3|PT-40 (B),299800.0,2.35,0.6045,0.011640
vol3|PT-40 (B),299800.0,4.59,0.8170,0.012330
vol3|PT-40 (B),299800.0,5.65,0.9178,0.013990
vol3|PT-40 (B),299800.0,6.64,1.0129,0.015370
vol3|PT-40 (B),299800.0,7.65,1.1083,0.016760
vol3|PT-40 (B),299800.0,8.65,1.1958,0.018500
vol3|PT-40 (B),299800.0,9.59,1.2565,0.021500
vol3|PT-40 (B),299800.0,10.59,1.3055,0.025050
vol3|PT-40 (B),299800.0,11.49,1.3468,0.028780
vol3|PT-40 (B),299800.0,12.50,1.3862,0.034140
vol3|PT-40 (B),399100.0,-2.90,0.0433,0.023400
vol3|PT-40 (B),399100.0,-1.62,0.1768,0.018570
vol3|PT-40 (B),399100.0,-0.72,0.2761,0.012930
vol3|PT-40 (B),399100.0,0.29,0.3854,0.011770
vol3|PT-40 (B),399100.0,1.34,0.4979,0.011040
vol3|PT-40 (B),399100.0,2.28,0.5969,0.010850
vol3|PT-40 (B),399100.0,3.34,0.7030,0.011010
vol3|PT-40 (B),399100.0,7.36,1.0932,0.014950
vol3|PT-40 (B),399100.0,8.75,1.2129,0.017760
vol3|PT-40 (B),399100.0,9.46,1.2643,0.019710
vol3|PT-40 (B),399100.0,10.48,1.3237,0.022680
vol3|PT-40 (B),399100.0,11.55,1.3697,0.027020
vol3|PT-40 (B),399100.0,12.59,1.4126,0.032000
vol3|RG14,60400.0,-5.20,-0.4655,0.038980
vol3|RG14,60400.0,-4.18,-0.3832,0.027250
vol3|RG14,60400.0,-3.23,-0.2979,0.020280
vol3|RG14,60400.0,-2.17,-0.1080,0.015800
vol3|RG14,60400.0,-1.13,-0.0776,0.015660
vol3|RG14,60400.0,-0.14,-0.0235,0.016380
vol3|RG14,60400.0,0.93,0.0429,0.018080
vol3|RG14,60400.0,1.93,0.2275,0.021240
vol3|RG14,60400.0,3.01,0.4697,0.021630
vol3|RG14,60400.0,4.65,0.7069,0.019730
vol3|RG14,60400.0,5.09,0.7451,0.020090
vol3|RG14,60400.0,6.12,0.8219,0.022460
vol3|RG14,60400.0,7.13,0.8888,0.028260
vol3|RG14,60400.0,8.13,0.9628,0.038010
vol3|RG14,60400.0,9.12,1.0008,0.053020
vol3|RG14,60400.0,10.13,0.9562,0.070060
vol3|RG14,100600.0,-5.20,-0.4657,0.032930
vol3|RG14,100600.0,-4.14,-0.3792,0.022670
vol3|RG14,100600.0,-3.17,-0.2970,0.016830
vol3|RG14,100600.0,-2.12,-0.1054,0.013030
vol3|RG14,100600.0,-1.13,-0.0924,0.012940
vol3|RG14,100600.0,-0.09,0.0116,0.014140
vol3|RG14,100600.0,0.92,0.2163,0.014970
vol3|RG14,100600.0,1.97,0.4281,0.014020
vol3|RG14,100600.0,2.99,0.5595,0.013300
vol3|RG14,100600.0,4.01,0.6534,0.013710
vol3|RG14,100600.0,5.07,0.7416,0.015030
vol3|RG14,100600.0,6.11,0.8182,0.017570
vol3|RG14,100600.0,7.10,0.8830,0.022350
vol3|RG14,100600.0,8.12,0.9577,0.030470
vol3|RG14,100600.0,9.13,1.0201,0.043320
vol3|RG14,100600.0,10.12,1.0078,0.057650
vol3|RG14,199900.0,-5.25,-0.4775,0.027170
vol3|RG14,199900.0,-4.16,-0.3901,0.017590
vol3|RG14,199900.0,-3.14,-0.3050,0.013460
vol3|RG14,199900.0,-1.08,0.0264,0.010340
vol3|RG14,199900.0,-0.07,0.2222,0.009760
vol3|RG14,199900.0,0.96,0.3866,0.008810
vol3|RG14,199900.0,1.97,0.4848,0.008660
vol3|RG14,199900.0,3.00,0.5679,0.009160
vol3|RG14,199900.0,4.03,0.6516,0.010110
vol3|RG14,199900.0,6.06,0.8199,0.013740
vol3|RG14,199900.0,7.14,0.9017,0.017710
vol3|RG14,199900.0,8.13,0.9679,0.023070
vol3|RG14,199900.0,9.13,1.0336,0.032430
vol3|RG14,199900.0,10.14,1.0485,0.046250
vol3|RG14,300300.0,-5.28,-0.4865,0.024460
vol3|RG14,300300.0,-4.12,-0.3934,0.015240
vol3|RG14,300300.0,-3.13,-0.2484,0.011380
vol3|RG14,300300.0,-2.05,-0.1038,0.007990
vol3|RG14,300300.0,-1.04,0.0358,0.007600
vol3|RG14,300300.0,0.02,0.2342,0.007460
vol3|RG14,300300.0,1.07,0.4172,0.007180
vol3|RG14,300300.0,2.20,0.5077,0.007450
vol3|RG14,300300.0,3.12,0.5780,0.008010
vol3|RG14,300300.0,3.96,0.6445,0.008800
vol3|RG14,300300.0,5.11,0.7426,0.010380
vol3|RG14,300300.0,7.15,0.9153,0.015560
vol3|RG14,300300.0,8.11,0.9832,0.019910
vol3|RG14,300300.0,9.17,1.0465,0.028250
vol3|RG14,300300.0,10.12,1.0759,0.039360
vol3|S6063,60000.0,-4.89,-0.4113,0.037040
vol3|S6063,60000.0,-3.88,-0.3168,0.025440
vol3|S6063,60000.0,-2.87,-0.2219,0.017320
vol3|S6063,60000.0,-1.83,-0.0990,0.013520
vol3|S6063,60000.0,-0.81,-0.0256,0.013760
vol3|S6063,60000.0,0.21,0.0534,0.014520
vol3|S6063,60000.0,1.24,0.1304,0.015970
vol3|S6063,60000.0,2.26,0.2755,0.018930
vol3|S6063,60000.0,3.30,0.5271,0.019730
vol3|S6063,60000.0,4.34,0.6501,0.018420
vol3|S6063,60000.0,5.33,0.7012,0.020720
vol3|S6063,60000.0,6.37,0.7957,0.031100
vol3|S6063,60000.0,7.36,0.8860,0.044040
vol3|S6063,60000.0,8.38,0.9018,0.065990
vol3|S6063,60000.0,9.40,0.7510,0.090130
vol3|S6063,100000.0,-4.88,-0.4154,0.037840
vol3|S6063,100000.0,-3.86,-0.3117,0.021820
vol3|S6063,100000.0,-2.84,-0.2219,0.015760
vol3|S6063,100000.0,-1.83,-0.1052,0.010730
vol3|S6063,100000.0,-0.81,-0.0325,0.011080
vol3|S6063,100000.0,0.22,0.0469,0.012010
vol3|S6063,100000.0,1.24,0.2490,0.013370
vol3|S6063,100000.0,2.28,0.4425,0.013150
vol3|S6063,100000.0,3.32,0.5484,0.012810
vol3|S6063,100000.0,4.33,0.6339,0.013090
vol3|S6063,100000.0,5.35,0.7036,0.019550
vol3|S6063,100000.0,6.37,0.7979,0.026990
vol3|S6063,100000.0,7.40,0.8932,0.038920
vol3|S6063,200100.0,-4.91,-0.4119,0.033550
vol3|S6063,200100.0,-3.90,-0.3189,0.018080
vol3|S6063,200100.0,-2.87,-0.2315,0.013000
vol3|S6063,200100.0,-1.83,-0.1449,0.008960
vol3|S6063,200100.0,-0.82,0.0384,0.008360
vol3|S6063,200100.0,0.22,0.2230,0.008200
vol3|S6063,200100.0,1.24,0.3343,0.008110
vol3|S6063,200100.0,2.25,0.4282,0.008230
vol3|S6063,200100.0,3.30,0.5272,0.008800
vol3|S6063,200100.0,4.34,0.6220,0.011150
vol3|S6063,200100.0,5.37,0.7126,0.016170
vol3|S6063,200100.0,6.37,0.8039,0.022210
vol3|S6063,200100.0,7.37,0.8978,0.031380
vol3|S8036,99700.0,12.19,1.1832,0.037910
vol3|S8036,99700.0,12.28,1.1826,0.038410
vol3|S8036,100800.0,-5.51,-0.4985,0.024830
vol3|S8036,100800.0,-3.99,-0.3929,0.021680
vol3|S8036,100800.0,-3.06,-0.3061,0.023250
vol3|S8036,100800.0,-1.24,0.0367,0.025500
vol3|S8036,100800.0,-1.03,0.0831,0.025530
vol3|S8036,100800.0,0.10,0.3118,0.025140
vol3|S8036,100800.0,1.02,0.4193,0.025590
vol3|S8036,100800.0,2.01,0.5677,0.025490
vol3|S8036,100800.0,3.20,0.7622,0.024070
vol3|S8036,100800.0,4.10,0.8628,0.023040
vol3|S8036,100800.0,5.12,0.9225,0.022010
vol3|S8036,100800.0,6.26,0.9670,0.021340
vol3|S8036,100800.0,7.16,1.0077,0.020980
vol3|S8036,100800.0,8.20,1.0335,0.021980
vol3|S8036,100800.0,9.24,1.0394,0.024890
vol3|S8036,100800.0,10.34,1.0755,0.029130
vol3|S8036,200700.0,-3.95,-0.2277,0.012510
vol3|S8036,200700.0,-2.90,-0.1232,0.012920
vol3|S8036,200700.0,-1.84,-0.0199,0.013350
vol3|S8036,200700.0,-0.72,0.0982,0.013480
vol3|S8036,200700.0,0.02,0.1770,0.013530
vol3|S8036,200700.0,1.05,0.2831,0.013650
vol3|S8036,200700.0,2.30,0.4412,0.013900
vol3|S8036,200700.0,3.24,0.5779,0.014090
vol3|S8036,200700.0,4.40,0.7605,0.014280
vol3|S8036,200700.0,5.45,0.9112,0.014450
vol3|S8036,200700.0,6.18,1.0202,0.014500
vol3|S8036,200700.0,7.19,1.0309,0.015190
vol3|S8036,200700.0,8.23,1.0289,0.017110
vol3|S8036,200700.0,9.38,1.0256,0.020350
vol3|S8036,200700.0,10.84,1.0571,0.026100
vol3|S8036,200700.0,11.40,1.0765,0.028490
vol3|S8036,301400.0,-3.96,-0.2211,0.010120
vol3|S8036,301400.0,-2.94,-0.1243,0.010280
vol3|S8036,301400.0,-1.54,0.0155,0.010520
vol3|S8036,301400.0,-0.88,0.0831,0.010550
vol3|S8036,301400.0,0.14,0.1899,0.010610
vol3|S8036,301400.0,1.18,0.2977,0.010600
vol3|S8036,301400.0,3.24,0.5274,0.010590
vol3|S8036,301400.0,4.27,0.6783,0.010960
vol3|S8036,301400.0,5.08,0.7938,0.011430
vol3|S8036,301400.0,6.32,0.9709,0.012560
vol3|S8036,301400.0,7.33,1.0321,0.013920
vol3|S8036,301400.0,8.36,1.0275,0.015760
vol3|S8036,301400.0,9.38,1.0397,0.018350
vol3|S8036,301400.0,10.28,1.0595,0.021420
vol3|S8036,301400.0,11.43,1.0941,0.026160
vol3|S8036,304500.0,-6.73,-0.4016,0.014630
vol3|S8036,304500.0,-6.17,-0.3543,0.013500
vol3|S8036,305000.0,-4.99,-0.2897,0.010950
vol3|S8036,402400.0,-7.02,-0.4232,0.013790
vol3|S8036,402400.0,-5.99,-0.3477,0.012300
vol3|S8036,402400.0,-5.13,-0.2921,0.010800
vol3|S8036,402400.0,-3.83,-0.2082,0.009010
vol3|S8036,402400.0,-2.91,-0.1217,0.008980
vol3|S8036,402400.0,-1.92,-0.0224,0.009050
vol3|S8036,402400.0,-0.90,0.0831,0.009160
vol3|S8036,402400.0,0.53,0.2319,0.009160
vol3|S8036,402400.0,0.80,0.2611,0.009170
vol3|S8036,402400.0,2.20,0.4049,0.009150
vol3|S8036,402400.0,3.22,0.5090,0.009120
vol3|S8036,402400.0,4.25,0.6404,0.009330
vol3|S8036,402400.0,5.09,0.7715,0.009900
vol3|S8036,402400.0,6.33,0.9358,0.011360
vol3|S8036,402400.0,7.19,1.0391,0.013010
vol3|S8036,402400.0,8.21,1.0371,0.014550
vol3|S8036,402400.0,9.56,1.0625,0.017520
vol3|S8036,402400.0,10.34,1.0832,0.019950
vol3|S8036,402400.0,11.37,1.1186,0.023720
vol3|S8036,402400.0,12.37,1.1498,0.028400
vol3|S8036,502900.0,-5.03,-0.2867,0.010270
vol3|S8036,502900.0,-3.97,-0.2180,0.008500
vol3|S8036,502900.0,-2.94,-0.1251,0.008210
vol3|S8036,502900.0,-1.91,-0.0215,0.008220
vol3|S8036,502900.0,-0.92,0.0803,0.008260
vol3|S8036,502900.0,0.14,0.1918,0.008290
vol3|S8036,502900.0,1.28,0.3101,0.008270
vol3|S8036,502900.0,2.29,0.4131,0.008300
vol3|S8036,502900.0,3.42,0.5241,0.008290
vol3|S8036,502900.0,4.13,0.6018,0.008380
vol3|S8036,502900.0,5.21,0.7706,0.009060
vol3|S8036,502900.0,6.47,0.9321,0.010880
vol3|S8036,502900.0,7.44,1.0472,0.012900
vol3|S8036,502900.0,8.33,1.0494,0.014130
vol3|S8036,502900.0,9.32,1.0715,0.016020
vol3|S8036,502900.0,10.34,1.1029,0.018690
vol3|S8036,502900.0,11.35,1.1419,0.021920
vol3|S8036,502900.0,12.52,1.1834,0.026890
vol3|S8037,100500.0,-4.14,-0.3090,0.021450
vol3|S8037,100500.0,-2.90,-0.1693,0.022520
vol3|S8037,100500.0,-1.59,0.0960,0.024970
vol3|S8037,100500.0,-1.07,0.2284,0.024920
vol3|S8037,100500.0,-0.04,0.4033,0.025310
vol3|S8037,100500.0,1.00,0.5695,0.025270
vol3|S8037,100500.0,1.87,0.7230,0.024010
vol3|S8037,100500.0,3.27,0.7806,0.024690
vol3|S8037,100500.0,3.84,0.8153,0.024560
vol3|S8037,100500.0,4.86,0.8715,0.024750
vol3|S8037,100500.0,5.97,0.9612,0.024100
vol3|S8037,100500.0,7.30,1.0641,0.023710
vol3|S8037,100500.0,8.17,1.1253,0.023890
vol3|S8037,100500.0,9.03,1.1651,0.024940
vol3|S8037,100500.0,10.07,1.2003,0.027200
vol3|S8037,100500.0,11.22,1.2194,0.030900
vol3|S8037,100500.0,12.23,1.2400,0.035330
vol3|S8037,200800.0,-4.16,-0.1809,0.012810
vol3|S8037,200800.0,-3.11,-0.0998,0.012830
vol3|S8037,200800.0,-2.11,-0.0041,0.013010
vol3|S8037,200800.0,-1.09,0.1033,0.013240
vol3|S8037,200800.0,-0.09,0.2253,0.013500
vol3|S8037,200800.0,0.98,0.3988,0.014030
vol3|S8037,200800.0,2.00,0.5656,0.014570
vol3|S8037,200800.0,3.07,0.7303,0.014780
vol3|S8037,200800.0,4.03,0.8823,0.014660
vol3|S8037,200800.0,5.09,0.9855,0.014390
vol3|S8037,200800.0,6.11,1.0428,0.014680
vol3|S8037,200800.0,7.16,1.0990,0.015440
vol3|S8037,200800.0,8.14,1.1372,0.016700
vol3|S8037,200800.0,9.17,1.1510,0.018540
vol3|S8037,200800.0,10.19,1.1631,0.021330
vol3|S8037,200800.0,11.20,1.1807,0.025230
vol3|S8037,200800.0,12.26,1.2018,0.030430
vol3|S8037,300900.0,-4.15,-0.1673,0.011140
vol3|S8037,300900.0,-3.11,-0.0924,0.010380
vol3|S8037,300900.0,-2.06,0.0081,0.010340
vol3|S8037,300900.0,-1.07,0.1076,0.010370
vol3|S8037,300900.0,-0.03,0.2163,0.010340
vol3|S8037,300900.0,1.00,0.3458,0.010420
vol3|S8037,300900.0,2.00,0.5026,0.010810
vol3|S8037,300900.0,3.00,0.6586,0.011340
vol3|S8037,300900.0,4.02,0.8076,0.011830
vol3|S8037,300900.0,5.09,0.9714,0.012120
vol3|S8037,300900.0,6.09,1.0521,0.012430
vol3|S8037,300900.0,7.12,1.1021,0.013280
vol3|S8037,300900.0,8.16,1.1385,0.014720
vol3|S8037,300900.0,9.18,1.1481,0.016540
vol3|S8037,300900.0,10.30,1.1690,0.019710
vol3|S8037,300900.0,11.17,1.1894,0.023080
vol3|S8037,400800.0,-4.17,-0.1632,0.010560
vol3|S8037,400800.0,-3.03,-0.0823,0.009180
vol3|S8037,400800.0,-2.13,0.0038,0.009070
vol3|S8037,400800.0,-1.09,0.1061,0.009000
vol3|S8037,400800.0,-0.04,0.2126,0.008920
vol3|S8037,400800.0,1.00,0.3256,0.008850
vol3|S8037,400800.0,2.07,0.4809,0.009060
vol3|S8037,400800.0,3.09,0.6384,0.009600
vol3|S8037,400800.0,4.11,0.7853,0.010260
vol3|S8037,400800.0,5.07,0.9243,0.010840
vol3|S8037,400800.0,6.09,1.0613,0.011330
vol3|S8037,400800.0,7.11,1.1081,0.012250
vol3|S8037,400800.0,8.16,1.1439,0.013690
vol3|S8037,400800.0,9.25,1.1589,0.015550
vol3|S8037,400800.0,10.37,1.1842,0.018640
vol3|S8037,400800.0,11.28,1.2087,0.022080
vol3|S8037,400800.0,12.22,1.2341,0.026470
vol3|S8037,501900.0,-4.16,-0.1619,0.010140
vol3|S8037,501900.0,-3.15,-0.0907,0.008540
vol3|S8037,501900.0,-2.12,0.0050,0.008250
vol3|S8037,501900.0,-1.07,0.1098,0.008180
vol3|S8037,501900.0,-0.01,0.2159,0.008060
vol3|S8037,501900.0,1.05,0.3258,0.007970
vol3|S8037,501900.0,2.11,0.4620,0.008050
vol3|S8037,501900.0,3.27,0.6467,0.008630
vol3|S8037,501900.0,4.29,0.7893,0.009360
vol3|S8037,501900.0,5.28,0.9278,0.010060
vol3|S8037,501900.0,6.33,1.0791,0.010860
vol3|S8037,501900.0,7.49,1.1309,0.012090
vol3|S8037,501900.0,8.27,1.1532,0.013190
vol3|S8037,501900.0,9.15,1.1682,0.014570
vol3|S8037,501900.0,10.17,1.1949,0.016970
vol3|S8037,501900.0,11.18,1.2242,0.020360
vol3|S8037,501900.0,12.26,1.2559,0.025090
vol3|S8052,100200.0,-3.99,-0.4042,0.020610
vol3|S8052,100200.0,-2.94,-0.3115,0.017850
vol3|S8052,100200.0,-1.93,-0.1942,0.019460
vol3|S8052,100200.0,-0.91,0.0841,0.020780
vol3|S8052,100200.0,0.14,0.3409,0.019680
vol3|S8052,100200.0,1.17,0.4833,0.018460
vol3|S8052,100200.0,2.18,0.5427,0.018090
vol3|S8052,100200.0,3.21,0.6038,0.017350
vol3|S8052,100200.0,4.22,0.6754,0.016420
vol3|S8052,100200.0,5.25,0.7590,0.015850
vol3|S8052,100200.0,6.29,0.8360,0.017940
vol3|S8052,100200.0,7.35,0.9183,0.021390
vol3|S8052,100200.0,8.35,0.9970,0.025060
vol3|S8052,100200.0,9.41,1.0806,0.029910
vol3|S8052,100200.0,10.36,1.1493,0.035480
vol3|S8052,101000.0,-6.02,-0.6215,0.033820
vol3|S8052,101000.0,-5.00,-0.5292,0.025640
vol3|S8052,200400.0,-2.99,-0.1469,0.011360
vol3|S8052,200400.0,-1.87,-0.0367,0.011750
vol3|S8052,200400.0,-0.86,0.0611,0.011940
vol3|S8052,200400.0,0.12,0.1577,0.011920
vol3|S8052,200400.0,1.15,0.2779,0.011720
vol3|S8052,200400.0,2.16,0.4307,0.011410
vol3|S8052,200400.0,3.19,0.5911,0.010910
vol3|S8052,200400.0,4.22,0.6942,0.010620
vol3|S8052,200400.0,5.27,0.7628,0.011790
vol3|S8052,200400.0,6.29,0.8375,0.014050
vol3|S8052,200400.0,7.32,0.9183,0.016430
vol3|S8052,200400.0,8.34,0.9969,0.018840
vol3|S8052,200400.0,9.35,1.0647,0.021750
vol3|S8052,200400.0,10.36,1.1183,0.025250
vol3|S8052,202500.0,-6.06,-0.4352,0.020620
vol3|S8052,202500.0,-4.94,-0.3064,0.015730
vol3|S8052,202500.0,-4.03,-0.2346,0.012290
vol3|S8052,301200.0,-6.04,-0.4252,0.016840
vol3|S8052,301200.0,-5.00,-0.3332,0.013970
vol3|S8052,301200.0,-3.95,-0.2405,0.010970
vol3|S8052,301200.0,-2.93,-0.1505,0.009070
vol3|S8052,301200.0,-1.93,-0.0458,0.009150
vol3|S8052,301200.0,-0.88,0.0657,0.009230
vol3|S8052,301200.0,0.13,0.1721,0.009170
vol3|S8052,301200.0,1.30,0.2935,0.008980
vol3|S8052,301200.0,2.17,0.3861,0.008790
vol3|S8052,301200.0,3.20,0.5224,0.008730
vol3|S8052,301200.0,4.22,0.6778,0.009140
vol3|S8052,301200.0,5.26,0.7613,0.010570
vol3|S8052,301200.0,6.29,0.8423,0.012510
vol3|S8052,301200.0,7.30,0.9275,0.014370
vol3|S8052,301200.0,8.34,1.0123,0.016410
vol3|S8052,301200.0,9.41,1.0873,0.019030
vol3|S8052,301200.0,10.39,1.1370,0.021870
vol3|S8052,401800.0,-6.03,-0.4437,0.015360
vol3|S8052,401800.0,-5.00,-0.3478,0.012880
vol3|S8052,401800.0,-3.97,-0.2495,0.010460
vol3|S8052,401800.0,-2.96,-0.1557,0.008180
vol3|S8052,401800.0,-1.90,-0.0444,0.007910
vol3|S8052,401800.0,-0.83,0.0727,0.007920
vol3|S8052,401800.0,0.11,0.1750,0.007870
vol3|S8052,401800.0,1.23,0.2960,0.007750
vol3|S8052,401800.0,2.17,0.3954,0.007630
vol3|S8052,401800.0,3.24,0.5110,0.007590
vol3|S8052,401800.0,4.26,0.6505,0.008370
vol3|S8052,401800.0,5.29,0.7647,0.009980
vol3|S8052,401800.0,6.30,0.8477,0.011630
vol3|S8052,401800.0,7.33,0.9385,0.013260
vol3|S8052,401800.0,8.33,1.0242,0.014960
vol3|S8052,401800.0,9.36,1.1034,0.017120
vol3|S8052,401800.0,10.37,1.1607,0.019720
vol3|S8052,502300.0,-6.03,-0.4529,0.014590
vol3|S8052,502300.0,-5.01,-0.3565,0.012190
vol3|S8052,502300.0,-3.99,-0.2555,0.010040
vol3|S8052,502300.0,-2.91,-0.1504,0.007830
vol3|S8052,502300.0,-1.88,-0.0433,0.007140
vol3|S8052,502300.0,-0.81,0.0754,0.007110
vol3|S8052,502300.0,0.24,0.1917,0.007060
vol3|S8052,502300.0,1.37,0.3160,0.007000
vol3|S8052,502300.0,2.49,0.4367,0.006930
vol3|S8052,502300.0,3.49,0.5398,0.007130
vol3|S8052,502300.0,4.38,0.6511,0.008080
vol3|S8052,502300.0,5.22,0.7616,0.009440
vol3|S8052,502300.0,6.26,0.8481,0.010940
vol3|S8052,502300.0,7.31,0.9430,0.012430
vol3|S8052,502300.0,8.42,1.0409,0.014170
vol3|S8052,502300.0,9.33,1.1145,0.015880
vol3|S8052,502300.0,10.35,1.1784,0.018370
vol3|S8052,502300.0,11.38,1.2265,0.021310
vol3|SA7035,59893.0,-6.53,-0.4253,0.081580
vol3|SA7035,59893.0,-4.27,-0.3482,0.036950
vol3|SA7035,59893.0,-3.35,-0.2609,0.027250
vol3|SA7035,59893.0,-2.52,-0.1850,0.022050
vol3|SA7035,59893.0,-1.42,-0.0899,0.017080
vol3|SA7035,59893.0,-0.46,-0.0172,0.018510
vol3|SA7035,59893.0,0.82,0.2010,0.022670
vol3|SA7035,59893.0,1.69,0.3573,0.024300
vol3|SA7035,59893.0,2.77,0.5475,0.024280
vol3|SA7035,59893.0,3.67,0.6770,0.023300
vol3|SA7035,59893.0,4.68,0.7972,0.022650
vol3|SA7035,59893.0,5.69,0.8978,0.023660
vol3|SA7035,59893.0,6.80,0.9993,0.026040
vol3|SA7035,59893.0,7.74,1.0758,0.029150
vol3|SA7035,59893.0,8.85,1.1480,0.035160
vol3|SA7035,59893.0,9.75,1.1961,0.043340
vol3|SA7035,59893.0,10.80,1.2156,0.057010
vol3|SA7035,59893.0,11.84,1.1357,0.074350
vol3|SA7035,99882.0,-6.50,-0.4293,0.071510
vol3|SA7035,99882.0,-5.63,-0.4305,0.061310
vol3|SA7035,99882.0,-4.38,-0.3956,0.046700
vol3|SA7035,99882.0,-3.34,-0.2639,0.023220
vol3|SA7035,99882.0,-2.32,-0.1745,0.018730
vol3|SA7035,99882.0,-1.37,-0.0095,0.015040
vol3|SA7035,99882.0,-0.26,0.1960,0.015970
vol3|SA7035,99882.0,0.70,0.3627,0.015680
vol3|SA7035,99882.0,1.86,0.5192,0.014710
vol3|SA7035,99882.0,2.84,0.6249,0.014340
vol3|SA7035,99882.0,3.82,0.7234,0.014740
vol3|SA7035,99882.0,4.71,0.8103,0.015640
vol3|SA7035,99882.0,5.76,0.9088,0.017250
vol3|SA7035,99882.0,6.77,0.9970,0.019420
vol3|SA7035,99882.0,7.97,1.0880,0.022980
vol3|SA7035,99882.0,8.97,1.1469,0.027990
vol3|SA7035,99882.0,9.90,1.1939,0.034600
vol3|SA7035,99882.0,10.99,1.2433,0.046560
vol3|SA7035,150142.0,-5.11,-0.4221,0.047010
vol3|SA7035,150142.0,-4.43,-0.3897,0.040620
vol3|SA7035,150142.0,-3.40,-0.2165,0.020680
vol3|SA7035,150142.0,-2.34,-0.0589,0.013490
vol3|SA7035,150142.0,-1.43,0.1199,0.012110
vol3|SA7035,150142.0,-0.22,0.3125,0.011320
vol3|SA7035,150142.0,0.96,0.4354,0.010770
vol3|SA7035,150142.0,1.70,0.5098,0.010640
vol3|SA7035,150142.0,2.88,0.6289,0.011020
vol3|SA7035,150142.0,3.81,0.7213,0.011770
vol3|SA7035,150142.0,4.96,0.8328,0.013100
vol3|SA7035,150142.0,5.77,0.9086,0.014330
vol3|SA7035,150142.0,6.93,1.0104,0.016630
vol3|SA7035,150142.0,7.86,1.0844,0.019090
vol3|SA7035,150142.0,8.88,1.1484,0.023310
vol3|SA7035,150142.0,9.86,1.1911,0.029470
vol3|SA7035,150142.0,10.86,1.2295,0.036880
vol3|SA7035,199609.0,3.88,0.7134,0.004000
vol3|SA7035,199609.0,4.84,0.8062,0.004650
vol3|SA7035,199609.0,5.97,0.9117,0.005710
vol3|SA7035,199609.0,6.85,0.9885,0.006880
vol3|SA7035,199609.0,7.97,1.0778,0.009110
vol3|SA7035,199609.0,8.98,1.1388,0.012790
vol3|SA7035,199609.0,9.80,1.1600,0.017710
vol3|SA7035,199609.0,10.82,1.2294,0.032810
vol3|SA7036 (A),100036.0,-5.93,-0.4232,0.067410
vol3|SA7036 (A),100036.0,-4.87,-0.4077,0.053680
vol3|SA7036 (A),100036.0,-4.08,-0.3294,0.033100
vol3|SA7036 (A),100036.0,-2.76,-0.2036,0.021860
vol3|SA7036 (A),100036.0,-1.73,-0.0617,0.015710
vol3|SA7036 (A),100036.0,-0.66,0.1434,0.016220
vol3|SA7036 (A),100036.0,0.05,0.2683,0.016390
vol3|SA7036 (A),100036.0,1.24,0.4584,0.015630
vol3|SA7036 (A),100036.0,2.32,0.5904,0.014780
vol3|SA7036 (A),100036.0,3.33,0.6983,0.014640
vol3|SA7036 (A),100036.0,4.19,0.7845,0.015190
vol3|SA7036 (A),100036.0,5.47,0.9074,0.016850
vol3|SA7036 (A),100036.0,6.32,0.9838,0.018430
vol3|SA7036 (A),100036.0,7.47,1.0792,0.021360
vol3|SA7036 (A),100036.0,8.44,1.1468,0.024690
vol3|SA7036 (A),100036.0,9.52,1.2065,0.030480
vol3|SA7036 (A),100036.0,10.42,1.2557,0.037650
vol3|SA7036 (A),100036.0,11.47,1.2699,0.046750
vol3|SA7036 (A),149976.0,-5.84,-0.4168,0.054170
vol3|SA7036 (A),149976.0,-5.04,-0.4117,0.048580
vol3|SA7036 (A),149976.0,-3.73,-0.2391,0.023450
vol3|SA7036 (A),149976.0,-3.01,-0.1259,0.018400
vol3|SA7036 (A),149976.0,-1.66,0.0587,0.012540
vol3|SA7036 (A),149976.0,-0.64,0.2693,0.011870
vol3|SA7036 (A),149976.0,0.13,0.3671,0.011370
vol3|SA7036 (A),149976.0,1.39,0.5014,0.010830
vol3|SA7036 (A),149976.0,2.40,0.6054,0.010900
vol3|SA7036 (A),149976.0,3.19,0.6851,0.011340
vol3|SA7036 (A),149976.0,4.43,0.8078,0.012520
vol3|SA7036 (A),149976.0,5.38,0.8982,0.013790
vol3|SA7036 (A),149976.0,6.47,0.9968,0.015720
vol3|SA7036 (A),149976.0,7.51,1.0831,0.018100
vol3|SA7036 (A),149976.0,8.51,1.1558,0.021140
vol3|SA7036 (A),149976.0,9.39,1.2046,0.025130
vol3|SA7036 (A),149976.0,10.52,1.2460,0.032320
vol3|SA7036 (A),149976.0,11.51,1.2539,0.039470
vol3|SA7036 (A),200059.0,-5.77,-0.4385,0.054270
vol3|SA7036 (A),200059.0,-4.69,-0.3103,0.036350
vol3|SA7036 (A),299385.0,-6.00,-0.3776,0.049630
vol3|SA7036 (B),99750.0,-5.92,-0.4232,0.067350
vol3|SA7036 (B),99750.0,-3.76,-0.2971,0.028350
vol3|SA7036 (B),99750.0,-2.52,-0.1784,0.020960
vol3|SA7036 (B),99750.0,-1.67,-0.0577,0.015560
vol3|SA7036 (B),99750.0,-0.51,0.1709,0.016330
vol3|SA7036 (B),99750.0,1.40,0.4842,0.015410
vol3|SA7036 (B),99750.0,2.46,0.6066,0.014710
vol3|SA7036 (B),99750.0,3.39,0.7045,0.014690
vol3|SA7036 (B),99750.0,4.45,0.8104,0.015470
vol3|SA7036 (B),99750.0,5.40,0.9011,0.016760
vol3|SA7036 (B),99750.0,6.52,1.0016,0.018910
vol3|SA7036 (B),99750.0,7.55,1.0850,0.021620
vol3|SA7036 (B),99750.0,8.46,1.1481,0.024820
vol3|SA7036 (B),99750.0,9.58,1.2095,0.030880
vol3|SA7036 (B),99750.0,10.56,1.2603,0.038620
vol3|SA7036 (B),99750.0,11.55,1.2701,0.047420
vol3|SA7036 (B),150030.0,-4.73,-0.3979,0.045710
vol3|SA7036 (B),150030.0,-3.74,-0.2408,0.023460
vol3|SA7036 (B),150030.0,-2.58,-0.0603,0.016600
vol3|SA7036 (B),150030.0,-1.48,0.1295,0.012350
vol3|SA7036 (B),150030.0,-0.53,0.2833,0.011810
vol3|SA7036 (B),150030.0,0.56,0.4153,0.011120
vol3|SA7036 (B),150030.0,1.38,0.5003,0.010840
vol3|SA7036 (B),150030.0,2.33,0.5978,0.010880
vol3|SA7036 (B),150030.0,3.47,0.7131,0.011550
vol3|SA7036 (B),150030.0,4.41,0.8058,0.012500
vol3|SA7036 (B),150030.0,5.70,0.9277,0.014290
vol3|SA7036 (B),150030.0,6.56,1.0047,0.015880
vol3|SA7036 (B),150030.0,7.54,1.0857,0.018160
vol3|SA7036 (B),150030.0,8.65,1.1647,0.021670
vol3|SA7036 (B),150030.0,9.59,1.2134,0.026270
vol3|SA7036 (B),150030.0,10.62,1.2480,0.032660
vol3|SA7036 (B),150030.0,11.56,1.2545,0.039870
vol3|SA7036 (B),199817.0,-5.10,-0.3676,0.043090
vol3|SA7036 (B),199817.0,-3.38,-0.0847,0.006840
vol3|SA7036 (B),199817.0,-2.59,0.0282,0.004490
vol3|SA7036 (B),199817.0,-1.44,0.1537,0.003270
vol3|SA7036 (B),199817.0,-0.43,0.3164,0.003010
vol3|SA7036 (B),199817.0,0.06,0.3595,0.003040
vol3|SA7036 (B),199817.0,1.57,0.5081,0.003260
vol3|SA7036 (B),199817.0,2.53,0.6053,0.003570
vol3|SA7036 (B),199817.0,3.15,0.6673,0.003840
vol3|SA7036 (B),199817.0,4.61,0.8109,0.004720
vol3|SA7036 (B),199817.0,5.61,0.9047,0.005600
vol3|SA7036 (B),199817.0,6.63,0.9956,0.006820
vol3|SA7036 (B),199817.0,7.55,1.0718,0.008370
vol3|SA7036 (B),199817.0,8.78,1.1572,0.011690
vol3|SA7036 (B),199817.0,9.76,1.2326,0.024760
vol3|SA7036 (B),199817.0,10.55,1.2595,0.028350
vol3|SA7036 (B),199817.0,11.64,1.2637,0.037060
vol3|SA7036 (B),299784.0,-4.24,-0.1576,0.017220
vol3|SA7036 (B),299784.0,-3.40,-0.0376,0.012940
vol3|SA7036 (B),299784.0,-2.32,0.0931,0.009450
vol3|SA7036 (B),299784.0,-1.34,0.1855,0.007540
vol3|SA7036 (B),299784.0,-0.31,0.3329,0.006950
vol3|SA7036 (B),299784.0,0.77,0.4358,0.007060
vol3|SA7036 (B),299784.0,1.78,0.5382,0.007480
vol3|SA7036 (B),299784.0,2.86,0.6484,0.008210
vol3|SA7036 (B),299784.0,3.92,0.7561,0.009110
vol3|SA7036 (B),299784.0,4.66,0.8298,0.009910
vol3|SA7036 (B),299784.0,6.08,0.9677,0.011810
vol3|SA7036 (B),299784.0,7.08,1.0597,0.013580
vol3|SA7036 (B),299784.0,8.30,1.1642,0.016360
vol3|SA7036 (B),299784.0,9.07,1.2208,0.018800
vol3|SA7036 (B),299784.0,10.18,1.2839,0.023060
vol3|SA7036 (B),299784.0,11.09,1.2972,0.028300
vol3|SA7036 (B),299784.0,12.10,1.2990,0.036160
vol3|SA7038,99713.0,-5.71,-0.4162,0.069250
vol3|SA7038,99713.0,-4.66,-0.3858,0.056650
vol3|SA7038,99713.0,-2.49,-0.1147,0.023490
vol3|SA7038,99713.0,-1.43,0.0550,0.016540
vol3|SA7038,99713.0,-0.44,0.2245,0.017250
vol3|SA7038,99713.0,0.45,0.3735,0.017170
vol3|SA7038,99713.0,1.57,0.5434,0.016070
vol3|SA7038,99713.0,2.68,0.6743,0.015230
vol3|SA7038,99713.0,3.71,0.7847,0.015240
vol3|SA7038,99713.0,4.52,0.8666,0.015840
vol3|SA7038,99713.0,5.60,0.9702,0.017300
vol3|SA7038,99713.0,6.70,1.0672,0.019490
vol3|SA7038,99713.0,7.64,1.1443,0.022030
vol3|SA7038,99713.0,8.77,1.2237,0.025920
vol3|SA7038,99713.0,9.80,1.2809,0.030960
vol3|SA7038,99713.0,10.74,1.3228,0.037330
vol3|SA7038,99713.0,11.76,1.3176,0.044440
vol3|SA7038,149636.0,-4.60,-0.3267,0.046650
vol3|SA7038,149636.0,-3.59,-0.1586,0.024230
vol3|SA7038,149636.0,-2.44,0.0182,0.018040
vol3|SA7038,149636.0,-1.36,0.1911,0.012820
vol3|SA7038,149636.0,-0.31,0.3523,0.012150
vol3|SA7038,149636.0,0.53,0.4521,0.011640
vol3|SA7038,149636.0,1.64,0.5743,0.011150
vol3|SA7038,149636.0,2.58,0.6729,0.011240
vol3|SA7038,149636.0,3.66,0.7834,0.011920
vol3|SA7038,149636.0,4.64,0.8796,0.012960
vol3|SA7038,149636.0,5.73,0.9817,0.014510
vol3|SA7038,149636.0,6.70,1.0674,0.016330
vol3|SA7038,149636.0,7.61,1.1419,0.018450
vol3|SA7038,149636.0,8.70,1.2204,0.021640
vol3|SA7038,149636.0,9.68,1.2748,0.025540
vol3|SA7038,149636.0,10.81,1.3071,0.031070
vol3|SA7038,149636.0,11.64,1.3135,0.037060
vol3|SA7038,199566.0,-4.49,-0.2209,0.036230
vol3|SA7038,199566.0,-3.33,-0.0487,0.018230
vol3|SA7038,199566.0,-2.51,0.0767,0.014820
vol3|SA7038,199566.0,-1.89,0.1632,0.011940
vol3|SA7038,199566.0,-0.79,0.3215,0.009710
vol3|SA7038,199566.0,0.73,0.4811,0.009160
vol3|SA7038,199566.0,1.71,0.5832,0.009220
vol3|SA7038,199566.0,2.77,0.6930,0.009730
vol3|SA7038,199566.0,3.63,0.7799,0.010430
vol3|SA7038,199566.0,4.75,0.8901,0.011640
vol3|SA7038,199566.0,5.75,0.9841,0.013050
vol3|SA7038,199566.0,6.74,1.0730,0.014810
vol3|SA7038,199566.0,7.69,1.1523,0.016850
vol3|SA7038,199566.0,8.75,1.2323,0.019680
vol3|SA7038,199566.0,9.79,1.2930,0.023310
vol3|SA7038,199566.0,10.68,1.3252,0.027130
vol3|SA7038,199566.0,11.73,1.3315,0.034750
vol3|SA7038,200114.0,-5.66,-0.3765,0.055700
vol3|SA7038,299315.0,-5.86,-0.2933,0.048700
vol3|SA7038,299315.0,-4.76,-0.1686,0.030170
vol3|SA7038,299315.0,-3.73,-0.0209,0.015490
vol3|SA7038,299315.0,-2.69,0.1090,0.011850
vol3|SA7038,299315.0,-1.68,0.2166,0.008950
vol3|SA7038,299315.0,-0.61,0.3437,0.007120
vol3|SA7038,299315.0,0.48,0.4540,0.007140
vol3|SA7038,299315.0,1.92,0.6040,0.007670
vol3|SA7038,299315.0,2.57,0.6713,0.008090
vol3|SA7038,299315.0,3.68,0.7844,0.009020
vol3|SA7038,299315.0,4.75,0.8910,0.010150
vol3|SA7038,299315.0,5.80,0.9923,0.011530
vol3|SA7038,299315.0,6.72,1.0778,0.013010
vol3|SA7038,299315.0,7.77,1.1699,0.015070
vol3|SA7038,299315.0,8.84,1.2558,0.017630
vol3|SA7038,299315.0,9.76,1.3178,0.020460
vol3|SA7038,299315.0,10.66,1.3597,0.023700
vol3|SA7038,299315.0,11.61,1.3613,0.030350
vol3|SD7037 (D),59200.0,-4.02,-0.3073,0.038750
vol3|SD7037 (D),59200.0,-2.94,-0.2005,0.028020
vol3|SD7037 (D),59200.0,-1.97,-0.1094,0.022750
vol3|SD7037 (D),59200.0,-0.95,-0.0271,0.018670
vol3|SD7037 (D),59200.0,0.13,0.0987,0.021730
vol3|SD7037 (D),59200.0,1.15,0.2911,0.024930
vol3|SD7037 (D),59200.0,2.19,0.4684,0.026320
vol3|SD7037 (D),59200.0,3.18,0.6475,0.025150
vol3|SD7037 (D),59200.0,4.26,0.7947,0.023610
vol3|SD7037 (D),59200.0,5.29,0.9093,0.023700
vol3|SD7037 (D),59200.0,6.31,1.0101,0.025310
vol3|SD7037 (D),59200.0,7.26,1.0922,0.028190
vol3|SD7037 (D),59200.0,8.28,1.1737,0.032600
vol3|SD7037 (D),59200.0,9.33,1.2461,0.038850
vol3|SD7037 (D),59200.0,10.31,1.2849,0.045710
vol3|SD7037 (D),98500.0,-5.07,-0.4059,0.058640
vol3|SD7037 (D),98500.0,-3.99,-0.3235,0.038530
vol3|SD7037 (D),98500.0,-2.94,-0.2022,0.024060
vol3|SD7037 (D),98500.0,-2.00,-0.0721,0.019710
vol3|SD7037 (D),98500.0,-0.97,0.0996,0.016520
vol3|SD7037 (D),98500.0,0.04,0.2746,0.017100
vol3|SD7037 (D),98500.0,1.10,0.4535,0.016460
vol3|SD7037 (D),98500.0,2.29,0.6097,0.015270
vol3|SD7037 (D),98500.0,3.27,0.7197,0.014890
vol3|SD7037 (D),98500.0,4.15,0.8109,0.015370
vol3|SD7037 (D),98500.0,5.33,0.9244,0.016890
vol3|SD7037 (D),98500.0,6.21,1.0041,0.018580
vol3|SD7037 (D),98500.0,7.32,1.0976,0.021470
vol3|SD7037 (D),98500.0,8.19,1.1651,0.024370
vol3|SD7037 (D),98500.0,9.39,1.2432,0.029440
vol3|SD7037 (D),98500.0,10.40,1.2658,0.034430
vol3|SD7037 (D),196600.0,-4.72,-0.2973,0.038780
vol3|SD7037 (D),196600.0,-4.07,-0.1977,0.021780
vol3|SD7037 (D),196600.0,-2.96,-0.0337,0.016260
vol3|SD7037 (D),196600.0,-1.64,0.1496,0.010890
vol3|SD7037 (D),196600.0,-0.99,0.2764,0.009990
vol3|SD7037 (D),196600.0,0.21,0.4079,0.009290
vol3|SD7037 (D),196600.0,1.11,0.5006,0.009090
vol3|SD7037 (D),196600.0,2.22,0.6162,0.009360
vol3|SD7037 (D),196600.0,3.32,0.7284,0.010180
vol3|SD7037 (D),196600.0,4.14,0.8099,0.011010
vol3|SD7037 (D),196600.0,5.29,0.9208,0.012470
vol3|SD7037 (D),196600.0,6.33,1.0161,0.014230
vol3|SD7037 (D),196600.0,7.24,1.0954,0.016110
vol3|SD7037 (D),196600.0,8.18,1.1716,0.018420
vol3|SD7037 (D),196600.0,9.31,1.2536,0.021660
vol3|SD7037 (D),196600.0,10.32,1.2850,0.027140
vol3|SD7037 (D),295100.0,-5.09,-0.2244,0.021720
vol3|SD7037 (D),295100.0,-3.95,-0.0732,0.006140
vol3|SD7037 (D),295100.0,-3.00,0.0497,0.004100
vol3|SD7037 (D),295100.0,-1.92,0.1672,0.002770
vol3|SD7037 (D),295100.0,-0.90,0.2562,0.002220
vol3|SD7037 (D),295100.0,0.17,0.3936,0.002170
vol3|SD7037 (D),295100.0,1.23,0.5021,0.002340
vol3|SD7037 (D),295100.0,2.33,0.6151,0.002650
vol3|SD7037 (D),295100.0,3.30,0.7136,0.003000
vol3|SD7037 (D),295100.0,4.46,0.8288,0.003550
vol3|SD7037 (D),295100.0,5.48,0.9266,0.004230
vol3|SD7037 (D),295100.0,6.63,1.0318,0.005340
vol3|SD7037 (D),295100.0,7.21,1.0827,0.006070
vol3|SD7037 (D),295100.0,8.25,1.1681,0.007800
vol3|SD7037 (D),295100.0,9.45,1.2522,0.010740
vol3|SD7037 (D),295100.0,10.30,1.2655,0.015250
vol3|SD7062 (B),59900.0,-3.82,-0.1968,0.037900
vol3|SD7062 (B),59900.0,-2.21,0.0187,0.030430
vol3|SD7062 (B),59900.0,-0.79,0.2173,0.030320
vol3|SD7062 (B),59900.0,0.87,0.4120,0.032430
vol3|SD7062 (B),59900.0,2.43,0.6032,0.033770
vol3|SD7062 (B),59900.0,3.90,0.7288,0.037830
vol3|SD7062 (B),59900.0,5.49,0.8528,0.043450
vol3|SD7062 (B),59900.0,6.88,0.9500,0.049400
vol3|SD7062 (B),59900.0,8.51,0.8184,0.084260
vol3|SD7062 (B),59900.0,9.89,0.7849,0.110470
vol3|SD7062 (B),99400.0,-3.23,0.0832,0.021110
vol3|SD7062 (B),99400.0,-2.20,0.1872,0.018860
vol3|SD7062 (B),99400.0,-1.21,0.2783,0.018490
vol3|SD7062 (B),99400.0,-0.16,0.3947,0.018100
vol3|SD7062 (B),99400.0,0.86,0.5450,0.017790
vol3|SD7062 (B),99400.0,1.90,0.6463,0.018550
vol3|SD7062 (B),99400.0,2.96,0.7617,0.019180
vol3|SD7062 (B),99400.0,3.94,0.8596,0.020290
vol3|SD7062 (B),99400.0,4.96,0.9681,0.021370
vol3|SD7062 (B),99400.0,5.98,1.0655,0.023040
vol3|SD7062 (B),99400.0,7.00,1.1670,0.024690
vol3|SD7062 (B),99400.0,8.12,1.2647,0.027220
vol3|SD7062 (B),99400.0,9.04,1.3422,0.029520
vol3|SD7062 (B),99400.0,10.07,1.4211,0.032510
vol3|SD7062 (B),99400.0,11.14,1.4909,0.036190
vol3|SD7062 (B),99400.0,12.11,1.5341,0.040370
vol3|SD7062 (B),101500.0,-5.32,-0.1810,0.032410
vol3|SD7062 (B),101500.0,-4.24,-0.0311,0.025230
vol3|SD7062 (B),198400.0,13.15,1.5410,0.033820
vol3|SD7062 (B),198400.0,14.60,1.5687,0.043370
vol3|SD7062 (B),199800.0,-5.33,-0.1083,0.019930
vol3|SD7062 (B),199800.0,-3.74,0.0520,0.015360
vol3|SD7062 (B),199800.0,-2.11,0.2186,0.011990
vol3|SD7062 (B),199800.0,-0.67,0.3673,0.011540
vol3|SD7062 (B),199800.0,0.86,0.5321,0.011280
vol3|SD7062 (B),199800.0,2.41,0.7142,0.012060
vol3|SD7062 (B),199800.0,4.00,0.8807,0.013340
vol3|SD7062 (B),199800.0,5.51,1.0340,0.014930
vol3|SD7062 (B),199800.0,7.02,1.1780,0.016890
vol3|SD7062 (B),199800.0,8.55,1.3106,0.019380
vol3|SD7062 (B),199800.0,10.12,1.4211,0.022630
vol3|SD7062 (B),199800.0,11.60,1.4932,0.026890
vol3|SD7062 (B),299500.0,-5.35,-0.1204,0.016630
vol3|SD7062 (B),299500.0,-3.73,0.0475,0.013020
vol3|SD7062 (B),299500.0,-2.11,0.2200,0.010290
vol3|SD7062 (B),299500.0,-0.66,0.3755,0.009650
vol3|SD7062 (B),299500.0,1.02,0.5420,0.009500
vol3|SD7062 (B),299500.0,2.57,0.7322,0.010160
vol3|SD7062 (B),299500.0,4.17,0.9007,0.011350
vol3|SD7062 (B),299500.0,5.72,1.0575,0.012850
vol3|SD7062 (B),299500.0,7.21,1.1992,0.014630
vol3|SD7062 (B),299500.0,8.67,1.3231,0.016820
vol3|SD7062 (B),299500.0,10.21,1.4196,0.019850
vol3|SD7062 (B),299500.0,11.69,1.4905,0.024190
vol3|SD7062 (B),299500.0,13.23,1.5412,0.031560
vol3|SD7062 (B),299500.0,14.67,1.5696,0.041750
vol3|SD7062 (B),399900.0,-5.53,-0.1457,0.014960
vol3|SD7062 (B),399900.0,-3.74,0.0434,0.011770
vol3|SD7062 (B),399900.0,-2.24,0.2060,0.009580
vol3|SD7062 (B),399900.0,-0.70,0.3741,0.008710
vol3|SD7062 (B),399900.0,0.86,0.5389,0.008630
vol3|SD7062 (B),399900.0,2.40,0.7158,0.008980
vol3|SD7062 (B),399900.0,3.96,0.8821,0.010040
vol3|SD7062 (B),399900.0,5.54,1.0442,0.011470
vol3|SD7062 (B),399900.0,7.05,1.1915,0.013080
vol3|SD7062 (B),399900.0,8.72,1.3370,0.015350
vol3|SD7062 (B),399900.0,10.23,1.4333,0.018110
vol3|SD7062 (B),399900.0,11.84,1.5126,0.022720
vol3|SD7062 (B),399900.0,13.09,1.5584,0.028350
vol3|SD7062 (B),399900.0,14.53,1.5902,0.038000
vol3|SD7080,99943.0,-6.02,-0.4473,0.064980
vol3|SD7080,99943.0,-3.91,-0.3162,0.025950
vol3|SD7080,99943.0,-2.97,-0.2285,0.021150
vol3|SD7080,99943.0,-1.95,-0.1388,0.016420
vol3|SD7080,99943.0,0.18,0.2286,0.016280
vol3|SD7080,99943.0,1.22,0.4189,0.015530
vol3|SD7080,99943.0,2.28,0.5596,0.014260
vol3|SD7080,99943.0,3.25,0.6643,0.013960
vol3|SD7080,99943.0,4.21,0.7600,0.014800
vol3|SD7080,99943.0,5.26,0.8582,0.016520
vol3|SD7080,99943.0,6.32,0.9538,0.018850
vol3|SD7080,99943.0,7.29,1.0361,0.021540
vol3|SD7080,99943.0,8.32,1.1158,0.025160
vol3|SD7080,99943.0,9.34,1.1797,0.029800
vol3|SD7080,99943.0,10.32,1.2067,0.036060
vol3|SD7080,99943.0,11.24,1.2443,0.046560
vol3|SD7080,149842.0,-6.01,-0.4592,0.056610
vol3|SD7080,149842.0,-3.90,-0.3088,0.013120
vol3|SD7080,149842.0,-2.86,-0.1465,0.007560
vol3|SD7080,149842.0,-1.81,-0.0014,0.004360
vol3|SD7080,149842.0,-0.71,0.2120,0.004030
vol3|SD7080,149842.0,0.40,0.3607,0.003840
vol3|SD7080,149842.0,1.21,0.4475,0.003770
vol3|SD7080,149842.0,2.24,0.5518,0.003920
vol3|SD7080,149842.0,3.25,0.6517,0.004450
vol3|SD7080,149842.0,4.21,0.7437,0.005240
vol3|SD7080,149842.0,5.31,0.8459,0.006460
vol3|SD7080,149842.0,7.26,1.0150,0.009810
vol3|SD7080,149842.0,8.34,1.0963,0.012860
vol3|SD7080,149842.0,9.29,1.1524,0.016010
vol3|SD7080,149842.0,10.42,1.1662,0.024100
vol3|SD7080,149842.0,11.22,1.2325,0.038280
vol3|SD7080,199879.0,-3.84,-0.2548,0.019000
vol3|SD7080,199879.0,-2.75,-0.0897,0.014860
vol3|SD7080,199879.0,-1.71,0.0628,0.010860
vol3|SD7080,199879.0,-0.75,0.2634,0.009860
vol3|SD7080,199879.0,0.24,0.3651,0.009170
vol3|SD7080,199879.0,1.41,0.4805,0.008760
vol3|SD7080,199879.0,2.27,0.5669,0.009010
vol3|SD7080,199879.0,3.24,0.6627,0.009820
vol3|SD7080,199879.0,4.40,0.7753,0.011190
vol3|SD7080,199879.0,5.09,0.8411,0.012180
vol3|SD7080,199879.0,6.31,0.9547,0.014240
vol3|SD7080,199879.0,7.25,1.0382,0.016150
vol3|SD7080,199879.0,8.28,1.1238,0.018700
vol3|SD7080,199879.0,9.34,1.2003,0.022110
vol3|SD7080,199879.0,10.23,1.2254,0.027700
vol3|SD7080,199879.0,11.26,1.2424,0.034870
vol3|SD7080,299767.0,-6.19,-0.4635,0.050820
vol3|SD7080,299767.0,-5.06,-0.3354,0.030270
vol3|SD7080,299767.0,-4.10,-0.2016,0.015920
vol3|SD7080,299767.0,-3.04,-0.0418,0.012450
vol3|SD7080,299767.0,-1.96,0.0966,0.009090
vol3|SD7080,299767.0,-0.77,0.2153,0.007410
vol3|SD7080,299767.0,0.21,0.3658,0.006940
vol3|SD7080,299767.0,1.26,0.4643,0.007030
vol3|SD7080,299767.0,2.16,0.5533,0.007560
vol3|SD7080,299767.0,2.86,0.6229,0.008160
vol3|SD7080,299767.0,4.35,0.7707,0.009740
vol3|SD7080,299767.0,5.19,0.8531,0.010830
vol3|SD7080,299767.0,6.17,0.9475,0.012280
vol3|SD7080,299767.0,7.29,1.0518,0.014280
vol3|SD7080,299767.0,8.34,1.1432,0.016640
vol3|SD7080,299767.0,9.35,1.2168,0.020130
vol3|SD7080,299767.0,10.23,1.2542,0.024690
vol3|SD7080,299767.0,11.26,1.2744,0.030320
vol3|SG6040,99872.0,-3.97,-0.3211,0.024270
vol3|SG6040,99872.0,-3.01,-0.2190,0.026600
vol3|SG6040,99872.0,-1.87,-0.1079,0.028170
vol3|SG6040,99872.0,1.08,0.2240,0.027000
vol3|SG6040,99872.0,2.31,0.3701,0.026150
vol3|SG6040,99872.0,3.30,0.4780,0.026060
vol3|SG6040,99872.0,5.20,0.8451,0.024220
vol3|SG6040,99872.0,6.37,0.9593,0.023870
vol3|SG6040,99872.0,7.25,1.0511,0.023830
vol3|SG6040,99872.0,8.30,1.1573,0.023570
vol3|SG6040,99872.0,9.38,1.2144,0.024210
vol3|SG6040,99872.0,10.36,1.2109,0.027010
vol3|SG6040,99872.0,11.43,1.1890,0.034400
vol3|SG6040,99872.0,12.40,1.2009,0.042040
vol3|SG6040,100031.0,-6.06,-0.5527,0.028400
vol3|SG6040,100031.0,-4.87,-0.4057,0.024860
vol3|SG6040,149553.0,-6.93,-0.5179,0.024780
vol3|SG6040,149553.0,-6.10,-0.4339,0.022020
vol3|SG6040,149969.0,-4.83,-0.2690,0.017530
vol3|SG6040,149969.0,-3.98,-0.1545,0.017680
vol3|SG6040,149969.0,-2.38,0.0405,0.018580
vol3|SG6040,149969.0,-1.77,0.1210,0.018760
vol3|SG6040,149969.0,-0.95,0.1996,0.018790
vol3|SG6040,149969.0,0.37,0.3502,0.018090
vol3|SG6040,149969.0,1.27,0.4493,0.017720
vol3|SG6040,149969.0,2.39,0.5701,0.017390
vol3|SG6040,149969.0,3.43,0.6823,0.017280
vol3|SG6040,149969.0,4.43,0.7821,0.017300
vol3|SG6040,149969.0,5.57,0.8972,0.017170
vol3|SG6040,149969.0,6.87,1.0542,0.017200
vol3|SG6040,149969.0,7.25,1.0893,0.017420
vol3|SG6040,149969.0,8.55,1.1848,0.018620
vol3|SG6040,149969.0,9.39,1.2098,0.020070
vol3|SG6040,149969.0,10.59,1.2073,0.025220
vol3|SG6040,149969.0,11.24,1.1964,0.030050
vol3|SG6040,149969.0,12.51,1.1964,0.040500
vol3|SG6040,199113.0,12.35,1.2051,0.037350
vol3|SG6040,199113.0,13.41,1.2211,0.045980
vol3|SG6040,199979.0,-6.81,-0.4281,0.019410
vol3|SG6040,199979.0,-5.70,-0.2944,0.016820
vol3|SG6040,199979.0,-5.14,-0.2191,0.014650
vol3|SG6040,199979.0,-3.54,-0.0365,0.013860
vol3|SG6040,199979.0,-2.76,0.0543,0.014100
vol3|SG6040,199979.0,-1.61,0.1817,0.014560
vol3|SG6040,199979.0,-0.69,0.2872,0.014530
vol3|SG6040,199979.0,0.53,0.4162,0.014340
vol3|SG6040,199979.0,1.18,0.4871,0.014230
vol3|SG6040,199979.0,2.30,0.6082,0.014150
vol3|SG6040,199979.0,3.34,0.7187,0.014250
vol3|SG6040,199979.0,4.34,0.8223,0.014480
vol3|SG6040,199979.0,5.32,0.9162,0.014680
vol3|SG6040,199979.0,6.48,1.0098,0.014870
vol3|SG6040,199979.0,7.40,1.0961,0.015150
vol3|SG6040,199979.0,8.49,1.1733,0.016410
vol3|SG6040,199979.0,9.51,1.2074,0.018670
vol3|SG6040,199979.0,10.37,1.2093,0.022590
vol3|SG6040,199979.0,11.42,1.2035,0.029840
vol3|SG6040,299663.0,-8.07,-0.4949,0.019140
vol3|SG6040,299663.0,-7.06,-0.3846,0.015400
vol3|SG6040,299663.0,-6.04,-0.2635,0.013550
vol3|SG6040,299663.0,-4.93,-0.1551,0.010910
vol3|SG6040,299663.0,-3.99,-0.0557,0.010220
vol3|SG6040,299663.0,-2.96,0.0593,0.010480
vol3|SG6040,299663.0,-1.93,0.1722,0.010750
vol3|SG6040,299663.0,-0.54,0.3244,0.011070
vol3|SG6040,299663.0,0.27,0.4128,0.011090
vol3|SG6040,299663.0,1.31,0.5259,0.011130
vol3|SG6040,299663.0,2.26,0.6278,0.011250
vol3|SG6040,299663.0,3.45,0.7553,0.011570
vol3|SG6040,299663.0,4.05,0.8157,0.011740
vol3|SG6040,299663.0,5.02,0.9095,0.012060
vol3|SG6040,299663.0,6.65,1.0503,0.012850
vol3|SG6040,299663.0,7.50,1.1026,0.013350
vol3|SG6040,299663.0,8.63,1.1725,0.014730
vol3|SG6040,299663.0,9.60,1.2031,0.017610
vol3|SG6040,299663.0,10.53,1.2133,0.022180
vol3|SG6040,299663.0,11.39,1.2259,0.027180
vol3|SG6040,299663.0,12.34,1.2382,0.033740
vol3|SG6040,299663.0,13.47,1.2535,0.042780
vol3|SG6040,299663.0,14.49,1.2678,0.052010
vol3|SG6040,399758.0,-8.07,-0.4651,0.016410
vol3|SG6040,399758.0,-7.09,-0.3599,0.013280
vol3|SG6040,399758.0,-5.95,-0.2397,0.011770
vol3|SG6040,399758.0,-5.00,-0.1491,0.010270
vol3|SG6040,399758.0,-3.99,-0.0514,0.008760
vol3|SG6040,399758.0,-2.97,0.0626,0.008920
vol3|SG6040,399758.0,-1.90,0.1819,0.009110
vol3|SG6040,399758.0,-0.89,0.2920,0.009350
vol3|SG6040,399758.0,0.23,0.4150,0.009510
vol3|SG6040,399758.0,1.14,0.5137,0.009590
vol3|SG6040,399758.0,2.29,0.6380,0.009840
vol3|SG6040,399758.0,3.35,0.7500,0.010140
vol3|SG6040,399758.0,4.26,0.8419,0.010450
vol3|SG6040,399758.0,5.26,0.9367,0.010880
vol3|SG6040,399758.0,6.43,1.0394,0.011570
vol3|SG6040,399758.0,7.51,1.1133,0.012400
vol3|SG6040,399758.0,8.54,1.1676,0.013630
vol3|SG6040,399758.0,9.64,1.2038,0.017170
vol3|SG6040,399758.0,10.62,1.2272,0.021480
vol3|SG6040,399758.0,11.55,1.2496,0.026280
vol3|SG6040,399758.0,12.46,1.2670,0.032020
vol3|SG6040,399758.0,13.43,1.2861,0.039000
vol3|SG6040,498293.0,-5.92,-0.2355,0.010930
vol3|SG6040,498293.0,-4.96,-0.1421,0.009710
vol3|SG6040,498293.0,-4.04,-0.0549,0.007970
vol3|SG6040,498293.0,-2.97,0.0640,0.008010
vol3|SG6040,498293.0,-1.94,0.1786,0.008150
vol3|SG6040,498293.0,-0.90,0.2932,0.008370
vol3|SG6040,498293.0,0.11,0.4041,0.008560
vol3|SG6040,498293.0,1.13,0.5155,0.008700
vol3|SG6040,498293.0,2.19,0.6299,0.008930
vol3|SG6040,498293.0,3.21,0.7381,0.009240
vol3|SG6040,498293.0,4.25,0.8435,0.009620
vol3|SG6040,498293.0,5.25,0.9389,0.010110
vol3|SG6040,498293.0,6.34,1.0365,0.010810
vol3|SG6040,498293.0,7.12,1.0948,0.011430
vol3|SG6040,498293.0,8.53,1.1635,0.013130
vol3|SG6040,498293.0,9.23,1.1960,0.015210
vol3|SG6040,498293.0,10.30,1.2290,0.019210
vol3|SG6040,498293.0,11.33,1.2608,0.023740
vol3|SG6040,498293.0,12.73,1.2981,0.031520
vol3|SG6041,99837.0,-7.41,-0.4249,0.073800
vol3|SG6041,99837.0,-6.51,-0.5242,0.065010
vol3|SG6041,99837.0,-5.13,-0.5176,0.051620
vol3|SG6041,99837.0,-4.47,-0.4574,0.032970
vol3|SG6041,99837.0,-3.45,-0.3678,0.024810
vol3|SG6041,99837.0,-2.37,-0.2747,0.019830
vol3|SG6041,99837.0,-1.39,-0.1538,0.016510
vol3|SG6041,99837.0,-0.29,-0.0096,0.018050
vol3|SG6041,99837.0,0.68,0.1468,0.019460
vol3|SG6041,99837.0,1.74,0.3244,0.019970
vol3|SG6041,99837.0,2.68,0.5009,0.018580
vol3|SG6041,99837.0,3.56,0.6384,0.016310
vol3|SG6041,99837.0,4.94,0.7894,0.014810
vol3|SG6041,99837.0,5.84,0.8478,0.017120
vol3|SG6041,99837.0,7.03,0.9308,0.021800
vol3|SG6041,99837.0,7.85,1.0008,0.025470
vol3|SG6041,99837.0,9.15,1.1117,0.032780
vol3|SG6041,99837.0,9.86,1.1622,0.037890
vol3|SG6041,99837.0,10.89,1.2113,0.048240
vol3|SG6041,149940.0,-4.26,-0.4452,0.027110
vol3|SG6041,149940.0,-3.10,-0.2945,0.020030
vol3|SG6041,149940.0,-2.18,-0.1714,0.016280
vol3|SG6041,149940.0,-0.82,0.0751,0.015930
vol3|SG6041,149940.0,-0.11,0.2056,0.015760
vol3|SG6041,149940.0,1.03,0.4060,0.014590
vol3|SG6041,149940.0,1.96,0.5300,0.013080
vol3|SG6041,149940.0,2.72,0.6064,0.012110
vol3|SG6041,149940.0,4.09,0.7304,0.011460
vol3|SG6041,149940.0,4.95,0.7946,0.012590
vol3|SG6041,149940.0,6.18,0.8709,0.016000
vol3|SG6041,149940.0,6.84,0.9172,0.018070
vol3|SG6041,149940.0,7.82,0.9926,0.021400
vol3|SG6041,149940.0,9.12,1.0954,0.026390
vol3|SG6041,149940.0,10.06,1.1672,0.031550
vol3|SG6041,149940.0,11.09,1.2279,0.038690
vol3|SG6041,199832.0,-4.36,-0.3752,0.022370
vol3|SG6041,199832.0,-3.27,-0.2367,0.017430
vol3|SG6041,199832.0,-2.28,-0.1206,0.013340
vol3|SG6041,199832.0,-1.28,-0.0124,0.012830
vol3|SG6041,199832.0,-0.11,0.2429,0.012880
vol3|SG6041,199832.0,0.82,0.4201,0.011730
vol3|SG6041,199832.0,1.83,0.5715,0.010380
vol3|SG6041,199832.0,2.83,0.6409,0.009740
vol3|SG6041,199832.0,3.95,0.7254,0.009950
vol3|SG6041,199832.0,4.87,0.7865,0.011460
vol3|SG6041,199832.0,5.95,0.8579,0.014100
vol3|SG6041,199832.0,6.83,0.9220,0.016440
vol3|SG6041,199832.0,7.86,0.9998,0.019270
vol3|SG6041,199832.0,8.84,1.0725,0.022500
vol3|SG6041,199832.0,9.96,1.1516,0.027050
vol3|SG6041,199832.0,11.14,1.2226,0.033360
vol3|SG6041,399121.0,-6.54,-0.4556,0.038770
vol3|SG6041,399121.0,-5.44,-0.3544,0.017910
vol3|SG6041,399121.0,-3.44,-0.0958,0.011240
vol3|SG6041,399121.0,-2.40,0.0102,0.008050
vol3|SG6041,399121.0,-1.40,0.1186,0.007490
vol3|SG6041,399121.0,-0.38,0.2251,0.007240
vol3|SG6041,399121.0,0.71,0.3372,0.006960
vol3|SG6041,399121.0,1.67,0.4462,0.006830
vol3|SG6041,399121.0,2.72,0.5940,0.007050
vol3|SG6041,399121.0,3.79,0.7101,0.008160
vol3|SG6041,399121.0,4.83,0.7797,0.009850
vol3|SG6041,399121.0,6.15,0.8874,0.012190
vol3|SG6041,399121.0,6.94,0.9546,0.013560
vol3|SG6041,399121.0,7.89,1.0327,0.015360
vol3|SG6041,399121.0,9.05,1.1218,0.017790
vol3|SG6041,399121.0,9.90,1.1745,0.019930
vol3|SG6041,399121.0,10.97,1.2264,0.023650
vol3|SG6041,399121.0,11.95,1.2703,0.027500
vol3|SG6041,498408.0,-6.48,-0.4316,0.022120
vol3|SG6041,498408.0,-5.41,-0.3102,0.014660
vol3|SG6041,498408.0,-4.45,-0.1950,0.011850
vol3|SG6041,498408.0,-3.40,-0.0722,0.009870
vol3|SG6041,498408.0,-2.40,0.0273,0.007210
vol3|SG6041,498408.0,-1.34,0.1346,0.006490
vol3|SG6041,498408.0,-0.33,0.2399,0.006320
vol3|SG6041,498408.0,0.79,0.3537,0.006170
vol3|SG6041,498408.0,1.77,0.4550,0.006100
vol3|SG6041,498408.0,2.72,0.5730,0.006510
vol3|SG6041,498408.0,3.83,0.7110,0.007960
vol3|SG6041,498408.0,4.85,0.7826,0.009510
vol3|SG6041,498408.0,6.00,0.8803,0.011300
vol3|SG6041,498408.0,7.24,0.9879,0.013280
vol3|SG6041,498408.0,8.35,1.0809,0.015200
vol3|SG6041,498408.0,9.35,1.1577,0.017210
vol3|SG6041,498408.0,10.16,1.2078,0.019130
vol3|SG6041,498408.0,11.09,1.2559,0.021930
vol3|SG6041,498408.0,12.12,1.2954,0.026130
vol3|SG6042,99645.0,9.29,1.2792,0.030610
vol3|SG6042,99645.0,10.36,1.3688,0.037260
vol3|SG6042,99645.0,11.39,1.4387,0.045350
vol3|SG6042,99645.0,12.42,1.4539,0.055150
vol3|SG6042,99645.0,13.35,1.4034,0.066490
vol3|SG6042,99856.0,-5.13,-0.4441,0.071460
vol3|SG6042,99856.0,-3.78,-0.3760,0.054500
vol3|SG6042,99856.0,-3.02,-0.2302,0.039480
vol3|SG6042,99856.0,-1.97,-0.0504,0.027610
vol3|SG6042,99856.0,-0.94,0.0934,0.022620
vol3|SG6042,99856.0,0.08,0.2270,0.023040
vol3|SG6042,99856.0,1.06,0.3641,0.024130
vol3|SG6042,99856.0,2.09,0.5238,0.024300
vol3|SG6042,99856.0,3.14,0.6800,0.023200
vol3|SG6042,99856.0,4.32,0.8898,0.019140
vol3|SG6042,99856.0,5.23,1.0069,0.017250
vol3|SG6042,99856.0,6.20,1.0956,0.017500
vol3|SG6042,99856.0,7.28,1.1519,0.020870
vol3|SG6042,99856.0,8.25,1.2022,0.025210
vol3|SG6042,150036.0,-4.86,-0.3064,0.053550
vol3|SG6042,150036.0,-3.77,-0.1659,0.034780
vol3|SG6042,150036.0,-2.78,-0.0226,0.024430
vol3|SG6042,150036.0,-1.73,0.1239,0.020360
vol3|SG6042,150036.0,-0.65,0.2481,0.017360
vol3|SG6042,150036.0,0.57,0.4231,0.017260
vol3|SG6042,150036.0,1.40,0.5577,0.016340
vol3|SG6042,150036.0,2.41,0.7095,0.014980
vol3|SG6042,150036.0,3.39,0.8401,0.013720
vol3|SG6042,150036.0,4.53,0.9675,0.013000
vol3|SG6042,150036.0,5.43,1.0504,0.013500
vol3|SG6042,150036.0,6.47,1.1163,0.015670
vol3|SG6042,150036.0,7.45,1.1599,0.018930
vol3|SG6042,150036.0,8.53,1.2121,0.023030
vol3|SG6042,150036.0,9.53,1.2708,0.027170
vol3|SG6042,150036.0,10.31,1.3201,0.030820
vol3|SG6042,150036.0,11.45,1.3891,0.037040
vol3|SG6042,150036.0,12.57,1.4369,0.044530
vol3|SG6042,199860.0,-4.82,-0.2022,0.042630
vol3|SG6042,199860.0,-3.98,-0.1050,0.034130
vol3|SG6042,199860.0,-2.89,0.0460,0.019500
vol3|SG6042,199860.0,-1.86,0.1851,0.016430
vol3|SG6042,199860.0,-0.93,0.2889,0.013650
vol3|SG6042,199860.0,0.32,0.5000,0.012370
vol3|SG6042,199860.0,1.25,0.6170,0.011830
vol3|SG6042,199860.0,2.24,0.7448,0.011140
vol3|SG6042,199860.0,3.29,0.8556,0.010880
vol3|SG6042,199860.0,4.31,0.9591,0.010950
vol3|SG6042,199860.0,5.39,1.0501,0.012080
vol3|SG6042,199860.0,6.07,1.0930,0.013520
vol3|SG6042,199860.0,7.30,1.1559,0.017020
vol3|SG6042,199860.0,8.37,1.2099,0.020550
vol3|SG6042,199860.0,9.28,1.2584,0.023900
vol3|SG6042,199860.0,10.45,1.3226,0.028530
vol3|SG6042,199860.0,11.35,1.3664,0.032750
vol3|SG6042,199860.0,12.49,1.4173,0.039730
vol3|SG6042,299571.0,-5.09,-0.1332,0.026830
vol3|SG6042,299571.0,-3.02,0.1492,0.013770
vol3|SG6042,299571.0,-1.94,0.2880,0.011020
vol3|SG6042,299571.0,-0.90,0.3945,0.009260
vol3|SG6042,299571.0,0.09,0.5079,0.008590
vol3|SG6042,299571.0,1.11,0.6457,0.008350
vol3|SG6042,299571.0,2.11,0.7501,0.008360
vol3|SG6042,299571.0,3.16,0.8572,0.008520
vol3|SG6042,299571.0,4.22,0.9567,0.009170
vol3|SG6042,299571.0,5.42,1.0482,0.011000
vol3|SG6042,299571.0,6.37,1.1090,0.013180
vol3|SG6042,299571.0,7.44,1.1739,0.015850
vol3|SG6042,299571.0,8.41,1.2329,0.018400
vol3|SG6042,299571.0,9.85,1.3149,0.022720
vol3|SG6042,299571.0,10.32,1.3389,0.024400
vol3|SG6042,299571.0,11.50,1.3898,0.029600
vol3|SG6042,299571.0,12.32,1.4183,0.034150
vol3|SG6042,399200.0,-4.15,0.0598,0.005160
vol3|SG6042,399200.0,-2.92,0.2064,0.003630
vol3|SG6042,399200.0,-1.97,0.3120,0.002940
vol3|SG6042,399200.0,-0.95,0.4173,0.002330
vol3|SG6042,399200.0,0.07,0.5184,0.002230
vol3|SG6042,399200.0,1.06,0.6351,0.002180
vol3|SG6042,399200.0,2.12,0.7453,0.002280
vol3|SG6042,399200.0,3.16,0.8480,0.002450
vol3|SG6042,399200.0,4.17,0.9385,0.002820
vol3|SG6042,399200.0,5.21,1.0161,0.003590
vol3|SG6042,399200.0,6.25,1.0880,0.004760
vol3|SG6042,399200.0,7.29,1.1557,0.006170
vol3|SG6042,399200.0,8.42,1.2244,0.008050
vol3|SG6042,399200.0,9.38,1.2758,0.010170
vol3|SG6042,399200.0,10.49,1.3309,0.013230
vol3|SG6042,399200.0,11.93,1.3792,0.020160
vol3|SG6042,399200.0,12.61,1.3876,0.025760
vol3|SG6042,498399.0,-4.96,-0.0163,0.014110
vol3|SG6042,498399.0,-3.98,0.0979,0.011120
vol3|SG6042,498399.0,-3.24,0.1814,0.009870
vol3|SG6042,498548.0,-1.84,0.3371,0.008040
vol3|SG6042,498548.0,-0.90,0.4337,0.006690
vol3|SG6042,498548.0,0.10,0.5368,0.006470
vol3|SG6042,498548.0,1.24,0.6688,0.006250
vol3|SG6042,498548.0,2.15,0.7620,0.006460
vol3|SG6042,498548.0,3.17,0.8617,0.006980
vol3|SG6042,498548.0,4.20,0.9526,0.008050
vol3|SG6042,498548.0,5.21,1.0306,0.009770
vol3|SG6042,498548.0,6.25,1.1100,0.011810
vol3|SG6042,498548.0,7.30,1.1872,0.013850
vol3|SG6042,498548.0,8.31,1.2561,0.015930
vol3|SG6042,498548.0,9.36,1.3264,0.018170
vol3|SG6042,498548.0,10.52,1.3941,0.021290
vol3|SG6042,498548.0,11.66,1.4528,0.025040
vol3|SG6042,498548.0,12.85,1.4875,0.031380
vol3|SG6043,99681.0,-4.32,-0.2976,0.081350
vol3|SG6043,99681.0,-3.07,-0.1259,0.060610
vol3|SG6043,99681.0,-1.89,0.0885,0.043190
vol3|SG6043,99681.0,-0.87,0.2821,0.032890
vol3|SG6043,99681.0,0.10,0.4097,0.028860
vol3|SG6043,99681.0,1.13,0.5509,0.029480
vol3|SG6043,99681.0,2.25,0.6773,0.030750
vol3|SG6043,99681.0,2.95,0.7801,0.030410
vol3|SG6043,99681.0,4.20,0.9880,0.027020
vol3|SG6043,99681.0,5.10,1.1490,0.023380
vol3|SG6043,99681.0,6.08,1.2815,0.020930
vol3|SG6043,99681.0,7.27,1.3839,0.021020
vol3|SG6043,99681.0,8.39,1.4232,0.024190
vol3|SG6043,99681.0,9.35,1.4409,0.029050
vol3|SG6043,99681.0,10.33,1.4748,0.034860
vol3|SG6043,99681.0,11.30,1.5254,0.040980
vol3|SG6043,149877.0,-4.01,-0.0708,0.057330
vol3|SG6043,149877.0,-3.18,0.0477,0.045320
vol3|SG6043,149877.0,-2.22,0.2313,0.028700
vol3|SG6043,149877.0,0.37,0.5921,0.019770
vol3|SG6043,149877.0,1.34,0.7524,0.018520
vol3|SG6043,149877.0,2.33,0.8808,0.017920
vol3|SG6043,149877.0,2.95,0.9732,0.017050
vol3|SG6043,149877.0,4.56,1.1819,0.015430
vol3|SG6043,149877.0,5.43,1.2633,0.015360
vol3|SG6043,149877.0,6.72,1.3657,0.016490
vol3|SG6043,149877.0,7.12,1.3870,0.017280
vol3|SG6043,149877.0,8.51,1.4206,0.021990
vol3|SG6043,149877.0,9.40,1.4398,0.026350
vol3|SG6043,149877.0,10.41,1.4690,0.032030
vol3|SG6043,149877.0,11.58,1.5121,0.039240
vol3|SG6043,149877.0,12.43,1.5475,0.044910
vol3|SG6043,199052.0,12.28,1.5391,0.041750
vol3|SG6043,199052.0,13.61,1.5806,0.051790
vol3|SG6043,199784.0,-4.95,-0.0517,0.052840
vol3|SG6043,199784.0,-3.91,0.0742,0.031840
vol3|SG6043,199784.0,-2.93,0.2283,0.019770
vol3|SG6043,199784.0,-0.97,0.5540,0.005330
vol3|SG6043,199784.0,1.07,0.7906,0.004460
vol3|SG6043,199784.0,2.20,0.9318,0.004400
vol3|SG6043,199784.0,3.36,1.0615,0.004460
vol3|SG6043,199784.0,3.97,1.1241,0.004530
vol3|SG6043,199784.0,5.32,1.2475,0.005000
vol3|SG6043,199784.0,6.46,1.3254,0.006110
vol3|SG6043,199784.0,7.55,1.3597,0.008170
vol3|SG6043,199784.0,8.59,1.3793,0.011690
vol3|SG6043,199784.0,9.56,1.4000,0.016620
vol3|SG6043,199784.0,10.20,1.4145,0.020820
vol3|SG6043,199784.0,11.44,1.4433,0.031040
vol3|SG6043,299102.0,-6.23,-0.0581,0.065150
vol3|SG6043,299102.0,-5.20,0.0810,0.033840
vol3|SG6043,299102.0,-2.05,0.5007,0.012450
vol3|SG6043,299102.0,-1.02,0.6366,0.010240
vol3|SG6043,299102.0,-0.02,0.7277,0.009360
vol3|SG6043,299102.0,1.05,0.8535,0.009250
vol3|SG6043,299102.0,2.17,0.9787,0.009410
vol3|SG6043,299102.0,3.12,1.0774,0.009640
vol3|SG6043,299102.0,4.17,1.1785,0.010050
vol3|SG6043,299102.0,5.18,1.2640,0.010910
vol3|SG6043,299102.0,6.35,1.3398,0.012730
vol3|SG6043,299102.0,7.19,1.3740,0.014810
vol3|SG6043,299102.0,8.25,1.4169,0.018200
vol3|SG6043,299102.0,9.34,1.4634,0.022270
vol3|SG6043,299102.0,10.31,1.5028,0.026490
vol3|SG6043,299102.0,11.33,1.5375,0.031930
vol3|SG6043,299102.0,12.32,1.5715,0.037730
vol3|SG6043,299102.0,13.30,1.5933,0.045180
vol3|SG6043,398416.0,-0.02,0.7595,0.007950
vol3|SG6043,398416.0,1.04,0.8663,0.007740
vol3|SG6043,398416.0,2.03,0.9730,0.007990
vol3|SG6043,398416.0,3.06,1.0772,0.008330
vol3|SG6043,398416.0,4.10,1.1745,0.008930
vol3|SG6043,398416.0,5.13,1.2595,0.009990
vol3|SG6043,398416.0,6.14,1.3228,0.011640
vol3|SG6043,398416.0,7.21,1.3744,0.014260
vol3|SG6043,398416.0,8.18,1.4230,0.017070
vol3|SG6043,398416.0,9.27,1.4768,0.020650
vol3|SG6043,398416.0,10.32,1.5251,0.024660
vol3|SG6043,398416.0,11.33,1.5669,0.029240
vol3|SG6043,398416.0,12.38,1.6061,0.034810
vol3|SG6043,399643.0,-6.25,0.0064,0.054520
vol3|SG6043,399643.0,-4.11,0.2674,0.023720
vol3|SG6043,399643.0,-3.09,0.4049,0.011930
vol3|SG6043,399643.0,-2.02,0.5370,0.010120
vol3|SG6043,399643.0,-0.96,0.6603,0.008730
vol3|SG6043,498423.0,-5.22,0.1614,0.033070
vol3|SG6043,498423.0,-4.17,0.2940,0.019700
vol3|SG6043,498423.0,-3.17,0.4152,0.010580
vol3|SG6043,498423.0,-2.12,0.5347,0.009210
vol3|SG6043,498423.0,-0.06,0.7649,0.007230
vol3|SG6043,498423.0,1.00,0.8669,0.006890
vol3|SG6043,498423.0,2.11,0.9854,0.007220
vol3|SG6043,498423.0,3.15,1.0886,0.007640
vol3|SG6043,498423.0,4.20,1.1836,0.008430
vol3|SG6043,498423.0,5.20,1.2625,0.009630
vol3|SG6043,498423.0,6.17,1.3212,0.011350
vol3|SG6043,498423.0,7.29,1.3827,0.014030
vol3|SG6043,498423.0,8.18,1.4324,0.016390
vol3|SG6043,498423.0,9.22,1.4884,0.019470
vol3|SG6043,498423.0,10.21,1.5402,0.022700
vol3|SG6043,498423.0,11.22,1.5869,0.026690
vol3|SG6043,498423.0,12.28,1.6281,0.031890
vol3|Trainer 60,100800.0,-4.15,-0.4292,0.022330
vol3|Trainer 60,100800.0,-3.10,-0.3278,0.022360
vol3|Trainer 60,100800.0,-1.92,-0.2125,0.021970
vol3|Trainer 60,100800.0,-1.00,-0.1182,0.021970
vol3|Trainer 60,100800.0,-0.02,-0.0197,0.022030
vol3|Trainer 60,100800.0,1.00,0.0810,0.022100
vol3|Trainer 60,100800.0,2.15,0.1978,0.022070
vol3|Trainer 60,100800.0,3.09,0.2929,0.022200
vol3|Trainer 60,100800.0,4.09,0.3950,0.022050
vol3|Trainer 60,100800.0,5.18,0.5572,0.021160
vol3|Trainer 60,100800.0,6.28,0.7948,0.023070
vol3|Trainer 60,100800.0,7.24,0.8640,0.024730
vol3|Trainer 60,100800.0,8.24,0.9590,0.026980
vol3|Trainer 60,100800.0,9.24,1.0530,0.028590
vol3|Trainer 60,100800.0,10.25,1.1398,0.031400
vol3|Trainer 60,100800.0,11.28,1.2046,0.035160
vol3|Trainer 60,199200.0,12.29,1.2558,0.034820
vol3|Trainer 60,199200.0,13.27,1.2560,0.046510
vol3|Trainer 60,201600.0,-4.15,-0.4618,0.014350
vol3|Trainer 60,201600.0,-3.11,-0.3527,0.014270
vol3|Trainer 60,201600.0,-2.09,-0.2433,0.014350
vol3|Trainer 60,201600.0,-1.07,-0.1335,0.014420
vol3|Trainer 60,201600.0,-0.02,-0.0210,0.014580
vol3|Trainer 60,201600.0,0.99,0.0895,0.014310
vol3|Trainer 60,201600.0,2.01,0.2030,0.014220
vol3|Trainer 60,201600.0,3.05,0.3192,0.014390
vol3|Trainer 60,201600.0,4.11,0.4383,0.014630
vol3|Trainer 60,201600.0,5.12,0.5442,0.015020
vol3|Trainer 60,201600.0,7.17,0.8528,0.016750
vol3|Trainer 60,201600.0,8.20,0.9760,0.018870
vol3|Trainer 60,201600.0,9.21,1.0758,0.021100
vol3|Trainer 60,201600.0,10.24,1.1720,0.023360
vol3|Trainer 60,201600.0,11.26,1.2495,0.026340
vol3|Trainer 60,301800.0,-3.11,-0.3566,0.011930
vol3|Trainer 60,301800.0,-2.08,-0.2441,0.011860
vol3|Trainer 60,301800.0,-1.04,-0.1297,0.011910
vol3|Trainer 60,301800.0,-0.03,-0.0187,0.011860
vol3|Trainer 60,301800.0,1.07,0.1024,0.011890
vol3|Trainer 60,301800.0,2.16,0.2263,0.011990
vol3|Trainer 60,301800.0,3.06,0.3300,0.012130
vol3|Trainer 60,301800.0,4.08,0.4483,0.012370
vol3|Trainer 60,301800.0,5.10,0.5667,0.012660
vol3|Trainer 60,301800.0,6.15,0.6674,0.013440
vol3|Trainer 60,301800.0,7.23,0.7553,0.014630
vol3|Trainer 60,301800.0,8.46,1.0195,0.017030
vol3|Trainer 60,301800.0,9.30,1.1075,0.018490
vol3|Trainer 60,301800.0,10.48,1.2245,0.020760
vol3|Trainer 60,301800.0,11.53,1.2900,0.025500
vol3|Trainer 60,301800.0,12.27,1.2922,0.031770
vol3|Trainer 60,398700.0,11.50,1.3080,0.024120
vol3|Trainer 60,398700.0,12.35,1.3226,0.030010
vol3|Trainer 60,404100.0,-4.17,-0.4755,0.011040
vol3|Trainer 60,404100.0,-3.14,-0.3625,0.010740
vol3|Trainer 60,404100.0,-2.17,-0.2549,0.010620
vol3|Trainer 60,404100.0,-1.07,-0.1323,0.010510
vol3|Trainer 60,404100.0,-0.05,-0.0189,0.010500
vol3|Trainer 60,404100.0,1.06,0.1049,0.010650
vol3|Trainer 60,404100.0,2.02,0.2150,0.010790
vol3|Trainer 60,404100.0,3.07,0.3370,0.010980
vol3|Trainer 60,404100.0,4.11,0.4610,0.011180
vol3|Trainer 60,404100.0,5.20,0.5916,0.011570
vol3|Trainer 60,404100.0,6.17,0.7005,0.012360
vol3|Trainer 60,404100.0,8.32,0.9167,0.014890
vol3|Trainer 60,404100.0,9.34,1.1184,0.016810
vol3|Trainer 60,404100.0,10.42,1.2399,0.018800
vol3|Trainer 60,504000.0,-3.18,-0.3690,0.010040
vol3|Trainer 60,504000.0,-2.14,-0.2527,0.009800
vol3|Trainer 60,504000.0,-1.06,-0.1308,0.009670
vol3|Trainer 60,504000.0,-0.02,-0.0138,0.009710
vol3|Trainer 60,504000.0,1.00,0.1015,0.009850
vol3|Trainer 60,504000.0,2.02,0.2181,0.010080
vol3|Trainer 60,504000.0,3.04,0.3384,0.010240
vol3|Trainer 60,504000.0,4.08,0.4631,0.010490
vol3|Trainer 60,504000.0,5.10,0.5883,0.010810
vol3|Trainer 60,504000.0,6.12,0.7123,0.011740
vol3|Trainer 60,504000.0,7.14,0.8000,0.012920
vol3|Trainer 60,504000.0,8.17,0.8675,0.014080
vol3|Trainer 60,504000.0,9.19,1.0447,0.015080
vol3|Trainer 60,504000.0,10.20,1.2181,0.017120
vol3|Trainer 60,504000.0,11.23,1.3062,0.021730
vol3|Trainer 60,504000.0,12.27,1.3481,0.027170
vol3|USNPS-4,99800.0,-1.58,0.1819,0.035370
vol3|USNPS-4,99800.0,0.01,0.4581,0.025520
vol3|USNPS-4,99800.0,1.54,0.7155,0.018150
vol3|USNPS-4,99800.0,3.15,0.9328,0.017180
vol3|USNPS-4,99800.0,4.59,1.0726,0.019460
vol3|USNPS-4,99800.0,6.22,1.2198,0.023170
vol3|USNPS-4,99800.0,7.69,1.3545,0.027260
vol3|USNPS-4,99800.0,9.26,1.4913,0.032620
vol3|USNPS-4,99800.0,10.71,1.5996,0.038980
vol3|USNPS-4,99800.0,12.31,1.6989,0.047880
vol3|USNPS-4,199300.0,-3.29,0.0936,0.035860
vol3|USNPS-4,199300.0,-1.56,0.3667,0.019550
vol3|USNPS-4,199300.0,-0.09,0.5898,0.013690
vol3|USNPS-4,199300.0,1.45,0.7847,0.010960
vol3|USNPS-4,199300.0,3.08,0.9343,0.012640
vol3|USNPS-4,199300.0,4.60,1.0615,0.014940
vol3|USNPS-4,199300.0,6.08,1.1856,0.017430
vol3|USNPS-4,199300.0,7.60,1.3092,0.020180
vol3|USNPS-4,199300.0,9.11,1.4324,0.023480
vol3|USNPS-4,199300.0,10.67,1.5553,0.027440
vol3|USNPS-4,199300.0,12.21,1.6552,0.031900
vol3|USNPS-4,299000.0,-4.72,-0.0210,0.044810
vol3|USNPS-4,299000.0,-1.60,0.4363,0.013970
vol3|USNPS-4,299000.0,-0.07,0.6326,0.010890
vol3|USNPS-4,299000.0,1.46,0.7909,0.009410
vol3|USNPS-4,299000.0,3.00,0.9238,0.011120
vol3|USNPS-4,299000.0,4.53,1.0536,0.013130
vol3|USNPS-4,299000.0,6.15,1.1865,0.015420
vol3|USNPS-4,299000.0,7.67,1.3078,0.017870
vol3|USNPS-4,299000.0,9.17,1.4222,0.020710
vol3|USNPS-4,299000.0,10.68,1.5300,0.024210
vol3|USNPS-4,299000.0,12.16,1.6182,0.028420
vol3|USNPS-4,299000.0,13.68,1.6777,0.034370
