source,airfoil,config,Re,alpha,CL,CD,u_cd_span
vol1,A18,clean,40000.0,-1.16,0.117,0.0244,0.0043500000000000014
vol1,A18,clean,40000.0,0.93,0.324,0.0202,0.0049
vol1,A18,clean,40000.0,2.82,0.54,0.0349,0.005500000000000001
vol1,A18,clean,40000.0,5.05,0.842,0.0405,0.00605
vol1,A18,clean,40000.0,7.04,1.007,0.0314,0.007299999999999999
vol1,A18,clean,40000.0,9.08,1.108,0.0283,0.006700000000000001
vol1,A18,clean,40000.0,11.1,1.155,0.0572,0.011200000000000005
vol1,A18,clean,60700.0,-2.07,0.027,0.0229,0.00115
vol1,A18,clean,60700.0,-0.17,0.216,0.0182,0.0019000000000000006
vol1,A18,clean,60700.0,1.14,0.407,0.0201,0.00445
vol1,A18,clean,60700.0,2.44,0.591,0.0214,0.0062499999999999995
vol1,A18,clean,60700.0,4.17,0.81,0.0231,0.0023499999999999997
vol1,A18,clean,60700.0,6.02,0.967,0.0207,0.0050999999999999995
vol1,A18,clean,60700.0,7.62,1.057,0.0243,0.0069
vol1,A18,clean,60700.0,9.15,1.141,0.0318,0.0071
vol1,A18,clean,60700.0,10.41,1.186,0.0395,0.0081
vol1,A18,clean,100700.0,-1.53,0.084,0.0183,0.0020999999999999994
vol1,A18,clean,100700.0,-0.37,0.266,0.0141,0.0006000000000000007
vol1,A18,clean,100700.0,1.1,0.468,0.0147,0.0014500000000000008
vol1,A18,clean,100700.0,2.82,0.653,0.0161,0.0014500000000000008
vol1,A18,clean,100700.0,4.38,0.787,0.0153,0.00145
vol1,A18,clean,100700.0,5.94,0.92,0.0165,0.0006499999999999995
vol1,A18,clean,100700.0,7.6,1.024,0.024,0.0012500000000000011
vol1,A18,clean,100700.0,9.01,1.105,0.03,0.00145
vol1,A18,clean,100700.0,10.18,1.145,0.0366,0.004799999999999999
vol1,A18,clean,201800.0,-1.55,0.199,0.0126,0.0013500000000000005
vol1,A18,clean,201800.0,0.17,0.385,0.0093,0.0007000000000000001
vol1,A18,clean,201800.0,1.53,0.525,0.0089,0.0012000000000000005
vol1,A18,clean,201800.0,2.93,0.673,0.01,0.0013
vol1,A18,clean,201800.0,4.38,0.809,0.0117,0.0013
vol1,A18,clean,201800.0,5.59,0.906,0.014,0.0015499999999999993
vol1,A18,clean,201800.0,7.5,1.045,0.0196,0.0007499999999999989
vol1,A18,clean,201800.0,8.93,1.135,0.0249,0.0009500000000000012
vol1,A18,clean,201800.0,10.22,1.191,0.0316,0.0017499999999999998
vol1,A18,clean,204500.0,-5.29,-0.375,0.0685,0.0028499999999999984
vol1,A18,clean,204500.0,-3.39,-0.093,0.0178,0.0008000000000000004
vol1,A18,clean,300400.0,-2.37,0.122,0.0108,0.0005999999999999998
vol1,A18,clean,300400.0,-0.45,0.327,0.01,0.0006500000000000004
vol1,A18,clean,300400.0,0.94,0.474,0.008,9.99999999999994e-05
vol1,A18,clean,300400.0,2.39,0.622,0.0082,0.0005500000000000001
vol1,A18,clean,300400.0,4.28,0.792,0.0099,0.0013
vol1,A18,clean,300400.0,5.81,0.914,0.0139,0.0006500000000000004
vol1,A18,clean,300400.0,7.94,1.077,0.0194,0.0005500000000000001
vol1,A18,clean,300400.0,9.31,1.156,0.0234,0.0008000000000000004
vol1,A18,clean,300400.0,10.27,1.192,0.0295,0.0017000000000000001
vol1,A18,clean,305600.0,-5.35,-0.332,0.0623,0.010099999999999998
vol1,A18,clean,305600.0,-3.58,-0.057,0.0137,0.0009499999999999995
vol1,BE50,clean,60300.0,-1.74,0.032,0.0206,0.0019500000000000003
vol1,BE50,clean,60300.0,-0.12,0.188,0.0158,0.0017499999999999998
vol1,BE50,clean,60300.0,1.36,0.436,0.014,0.002
vol1,BE50,clean,60300.0,2.99,0.619,0.018,0.0023499999999999997
vol1,BE50,clean,60300.0,4.52,0.762,0.0227,0.00865
vol1,BE50,clean,60300.0,5.79,0.868,0.0189,0.0008500000000000001
vol1,BE50,clean,60300.0,7.47,1.001,0.0276,0.007600000000000001
vol1,BE50,clean,60300.0,9.05,1.12,0.029,0.0025000000000000005
vol1,BE50,clean,60300.0,10.53,1.207,0.0347,0.003300000000000001
vol1,BE50,clean,101000.0,-3.48,-0.129,0.0272,0.0026
vol1,BE50,clean,101000.0,-1.75,0.019,0.0174,0.0005500000000000001
vol1,BE50,clean,101000.0,-0.28,0.235,0.0125,0.0017499999999999998
vol1,BE50,clean,101000.0,1.42,0.462,0.0123,0.0011999999999999997
vol1,BE50,clean,101000.0,3.46,0.653,0.0146,0.0011000000000000003
vol1,BE50,clean,101000.0,4.3,0.73,0.0159,0.00115
vol1,BE50,clean,101000.0,5.99,0.879,0.0193,0.0013500000000000005
vol1,BE50,clean,101000.0,7.32,0.995,0.0225,0.0009999999999999992
vol1,BE50,clean,101000.0,9.23,1.146,0.0271,0.0010499999999999989
vol1,BE50,clean,101000.0,10.39,1.199,0.033,0.0025000000000000005
vol1,BE50,clean,201700.0,-5.41,-0.365,0.0707,0.0045499999999999985
vol1,BE50,clean,201700.0,-3.12,-0.09,0.0186,0.0020999999999999994
vol1,BE50,clean,201700.0,-1.73,0.1,0.0124,0.0015000000000000005
vol1,BE50,clean,201700.0,-0.44,0.244,0.0099,0.0015999999999999999
vol1,BE50,clean,201700.0,1.28,0.434,0.0087,0.0006500000000000004
vol1,BE50,clean,201700.0,2.81,0.589,0.0098,0.0006499999999999995
vol1,BE50,clean,201700.0,4.38,0.739,0.012,0.0007999999999999995
vol1,BE50,clean,201700.0,5.72,0.865,0.0147,0.0013000000000000008
vol1,BE50,clean,201700.0,7.57,1.031,0.0174,0.00045000000000000075
vol1,BE50,clean,201700.0,8.84,1.13,0.0204,0.0008999999999999998
vol1,BE50,clean,201700.0,10.39,1.209,0.0301,0.001400000000000002
vol1,BE50,clean,302700.0,-5.1,-0.32,0.0618,0.0035499999999999976
vol1,BE50,clean,302700.0,-3.45,-0.088,0.017,0.0019000000000000006
vol1,BE50,clean,302700.0,-2.18,0.068,0.0117,0.0012500000000000002
vol1,BE50,clean,302700.0,-0.34,0.261,0.0091,0.0009500000000000003
vol1,BE50,clean,302700.0,1.24,0.427,0.0076,0.0005500000000000001
vol1,BE50,clean,302700.0,2.9,0.595,0.0087,0.00010000000000000026
vol1,BE50,clean,302700.0,4.34,0.736,0.0105,0.0007000000000000001
vol1,BE50,clean,302700.0,6.22,0.924,0.0133,0.0007499999999999998
vol1,BE50,clean,302700.0,7.75,1.061,0.0158,0.0006500000000000004
vol1,BE50,clean,302700.0,9.19,1.158,0.0204,0.0014000000000000002
vol1,BE50,clean,302700.0,10.5,1.222,0.0276,0.0015499999999999993
vol1,CH 10-48-13,modified,199600.0,1.32,0.957,0.0185,0.0013000000000000008
vol1,CH 10-48-13,modified,199600.0,2.32,1.052,0.0179,0.0008999999999999998
vol1,CH 10-48-13,modified,199600.0,3.43,1.155,0.0174,0.0011000000000000003
vol1,CH 10-48-13,modified,199600.0,5.19,1.306,0.0186,0.0008999999999999998
vol1,CH 10-48-13,modified,199600.0,7.29,1.502,0.0212,0.0006999999999999992
vol1,CH 10-48-13,modified,199600.0,9.56,1.696,0.0252,0.0009499999999999995
vol1,CH 10-48-13,modified,199600.0,11.71,1.872,0.031,0.0013499999999999988
vol1,CH 10-48-13,modified,202500.0,-2.08,0.328,0.0518,0.0019999999999999983
vol1,CH 10-48-13,modified,202500.0,-0.47,0.697,0.0281,0.00285
vol1,E374 (B),clean,61200.0,-6.39,-0.426,0.0342,0.005349999999999999
vol1,E374 (B),clean,61200.0,-5.3,-0.372,0.0289,0.0017999999999999995
vol1,E374 (B),clean,61200.0,-4.27,-0.314,0.0224,0.0017999999999999995
vol1,E374 (B),clean,61200.0,-3.27,-0.23,0.0166,0.0021999999999999997
vol1,E374 (B),clean,61200.0,-2.31,-0.155,0.0166,0.00345
vol1,E374 (B),clean,61200.0,-1.2,-0.015,0.0187,0.004600000000000001
vol1,E374 (B),clean,61200.0,-0.18,0.104,0.0216,0.0035000000000000014
vol1,E374 (B),clean,61200.0,0.9,0.253,0.0253,0.002749999999999999
vol1,E374 (B),clean,61200.0,1.86,0.361,0.0275,0.00285
vol1,E374 (B),clean,61200.0,2.98,0.426,0.0316,0.00515
vol1,E374 (B),clean,61200.0,3.92,0.519,0.0337,0.006500000000000001
vol1,E374 (B),clean,61200.0,4.95,0.669,0.0331,0.0072499999999999995
vol1,E374 (B),clean,61200.0,6.02,0.789,0.0324,0.004900000000000002
vol1,E374 (B),clean,61200.0,7.01,0.887,0.0277,0.003299999999999999
vol1,E374 (B),clean,61200.0,8.0,0.958,0.0266,0.002450000000000001
vol1,E374 (B),clean,61200.0,9.0,0.987,0.029,0.0079
vol1,E374 (B),clean,61200.0,10.01,1.025,0.0364,0.00855
vol1,E374 (B),clean,101600.0,-4.22,-0.295,0.0205,0.0023
vol1,E374 (B),clean,101600.0,-3.31,-0.181,0.0156,0.0005499999999999993
vol1,E374 (B),clean,101600.0,-2.23,-0.012,0.0152,0.004550000000000001
vol1,E374 (B),clean,101600.0,-1.1,0.152,0.0189,0.0025000000000000005
vol1,E374 (B),clean,101600.0,-0.24,0.236,0.02,0.0020499999999999997
vol1,E374 (B),clean,101600.0,0.82,0.312,0.022,0.002
vol1,E374 (B),clean,101600.0,1.84,0.397,0.0249,0.0023
vol1,E374 (B),clean,101600.0,2.84,0.49,0.0268,0.0022500000000000003
vol1,E374 (B),clean,101600.0,4.01,0.608,0.0273,0.0022500000000000003
vol1,E374 (B),clean,101600.0,5.03,0.709,0.0226,0.001850000000000001
vol1,E374 (B),clean,101600.0,5.96,0.804,0.0196,0.0012499999999999994
vol1,E374 (B),clean,101600.0,7.02,0.903,0.0182,0.0006499999999999995
vol1,E374 (B),clean,101600.0,8.02,0.949,0.0241,0.0009499999999999995
vol1,E374 (B),clean,101600.0,8.96,0.977,0.031,0.0023000000000000017
vol1,E374 (B),clean,101600.0,10.02,1.018,0.0413,0.0029499999999999978
vol1,E374 (B),clean,102800.0,-6.37,-0.455,0.0327,0.0014000000000000002
vol1,E374 (B),clean,102800.0,-5.38,-0.412,0.0255,0.0012000000000000014
vol1,E374 (B),clean,102800.0,-4.35,-0.328,0.0205,0.004399999999999999
vol1,E374 (B),clean,152400.0,-6.44,-0.462,0.0296,0.0003499999999999996
vol1,E374 (B),clean,152400.0,-5.26,-0.379,0.0203,0.0014000000000000002
vol1,E374 (B),clean,152400.0,-4.26,-0.234,0.0162,0.0019000000000000006
vol1,E374 (B),clean,152400.0,-3.11,-0.098,0.0125,0.0018999999999999998
vol1,E374 (B),clean,152400.0,-2.22,-0.031,0.0128,0.0021999999999999997
vol1,E374 (B),clean,152400.0,-1.08,0.082,0.0142,0.0021999999999999997
vol1,E374 (B),clean,152400.0,-0.2,0.235,0.0139,0.0007000000000000001
vol1,E374 (B),clean,152400.0,0.85,0.331,0.0145,0.0006500000000000004
vol1,E374 (B),clean,152400.0,1.82,0.416,0.0154,0.0008000000000000004
vol1,E374 (B),clean,152400.0,2.93,0.521,0.0166,0.0011500000000000008
vol1,E374 (B),clean,152400.0,3.96,0.62,0.0168,0.0008500000000000001
vol1,E374 (B),clean,152400.0,4.9,0.712,0.0159,9.99999999999994e-05
vol1,E374 (B),clean,152400.0,5.91,0.809,0.0152,0.0006499999999999995
vol1,E374 (B),clean,152400.0,7.03,0.907,0.0161,0.0006999999999999992
vol1,E374 (B),clean,152400.0,8.05,0.947,0.0244,0.0023000000000000017
vol1,E374 (B),clean,152400.0,9.03,0.987,0.0305,0.0019000000000000006
vol1,E374 (B),clean,152400.0,10.01,1.021,0.0381,0.0018499999999999975
vol1,E374 (B),clean,203000.0,-6.37,-0.436,0.0225,0.00285
vol1,E374 (B),clean,203000.0,-5.32,-0.303,0.0169,0.0017000000000000001
vol1,E374 (B),clean,203000.0,-4.28,-0.176,0.0134,0.0018999999999999998
vol1,E374 (B),clean,203000.0,-3.29,-0.095,0.0115,0.0015000000000000005
vol1,E374 (B),clean,203000.0,-2.28,-0.023,0.0108,0.0017999999999999995
vol1,E374 (B),clean,203000.0,-1.2,0.079,0.0115,0.0006000000000000007
vol1,E374 (B),clean,203000.0,-0.16,0.233,0.011,0.0009500000000000003
vol1,E374 (B),clean,203000.0,0.84,0.334,0.0115,0.00019999999999999966
vol1,E374 (B),clean,203000.0,1.8,0.418,0.0122,0.00014999999999999996
vol1,E374 (B),clean,203000.0,2.84,0.515,0.0127,5.0000000000000565e-05
vol1,E374 (B),clean,203000.0,3.87,0.614,0.013,0.0002999999999999999
vol1,E374 (B),clean,203000.0,5.0,0.726,0.0128,0.0007000000000000001
vol1,E374 (B),clean,203000.0,5.93,0.815,0.0129,0.0011000000000000003
vol1,E374 (B),clean,203000.0,6.92,0.891,0.015,0.0007999999999999995
vol1,E374 (B),clean,203000.0,7.95,0.93,0.0222,0.0014000000000000002
vol1,E374 (B),clean,203000.0,8.97,0.973,0.0278,0.0013000000000000008
vol1,E374 (B),clean,203000.0,9.98,1.009,0.036,0.0023999999999999994
vol1,E374 (B),clean,303300.0,-6.36,-0.405,0.0197,0.001899999999999999
vol1,E374 (B),clean,303300.0,-5.28,-0.282,0.0147,0.0027500000000000007
vol1,E374 (B),clean,303300.0,-4.13,-0.188,0.0127,0.0017999999999999995
vol1,E374 (B),clean,303300.0,-3.06,-0.097,0.0107,0.0013500000000000005
vol1,E374 (B),clean,303300.0,-2.1,-0.013,0.009,0.0010499999999999997
vol1,E374 (B),clean,303300.0,-1.03,0.078,0.0092,0.0010500000000000006
vol1,E374 (B),clean,303300.0,-0.01,0.192,0.0088,0.0017999999999999995
vol1,E374 (B),clean,303300.0,1.04,0.35,0.0094,0.00045000000000000075
vol1,E374 (B),clean,303300.0,2.08,0.45,0.0097,0.00015000000000000083
vol1,E374 (B),clean,303300.0,3.08,0.549,0.0101,0.00010000000000000026
vol1,E374 (B),clean,303300.0,4.08,0.652,0.0103,0.0002999999999999999
vol1,E374 (B),clean,303300.0,5.15,0.758,0.0104,0.0006000000000000007
vol1,E374 (B),clean,303300.0,6.08,0.842,0.0111,0.0008000000000000004
vol1,E374 (B),clean,303300.0,6.95,0.898,0.0151,0.001749999999999999
vol1,E374 (B),clean,303300.0,8.03,0.95,0.0209,0.001299999999999999
vol1,E374 (B),clean,303300.0,9.11,0.998,0.0264,0.0017499999999999998
vol1,E374 (B),clean,303300.0,10.13,1.032,0.0342,0.00315
vol1,E387 (A),clean,61000.0,-5.36,-0.25,0.0427,0.0058499999999999976
vol1,E387 (A),clean,61000.0,-3.71,-0.124,0.0245,0.004
vol1,E387 (A),clean,61000.0,-2.12,0.058,0.0233,0.008700000000000001
vol1,E387 (A),clean,61000.0,-0.68,0.247,0.0228,0.005500000000000001
vol1,E387 (A),clean,61000.0,0.93,0.436,0.0281,0.005299999999999999
vol1,E387 (A),clean,61000.0,2.59,0.61,0.0325,0.005800000000000001
vol1,E387 (A),clean,61000.0,4.18,0.773,0.0371,0.007300000000000001
vol1,E387 (A),clean,61000.0,5.42,0.888,0.0387,0.00825
vol1,E387 (A),clean,61000.0,6.99,1.039,0.0377,0.0051
vol1,E387 (A),clean,61000.0,8.82,1.198,0.0257,0.0014000000000000002
vol1,E387 (A),clean,61000.0,10.15,1.222,0.0393,0.01245
vol1,E387 (A),clean,101000.0,-5.38,-0.289,0.0477,0.008899999999999998
vol1,E387 (A),clean,101000.0,-3.62,-0.066,0.0226,0.0020499999999999997
vol1,E387 (A),clean,101000.0,-2.04,0.144,0.0162,0.0027999999999999995
vol1,E387 (A),clean,101000.0,-0.49,0.307,0.0162,0.0034000000000000002
vol1,E387 (A),clean,101000.0,0.81,0.433,0.0185,0.0032500000000000003
vol1,E387 (A),clean,101000.0,2.46,0.588,0.0207,0.0026499999999999996
vol1,E387 (A),clean,101000.0,3.86,0.722,0.0213,0.002749999999999999
vol1,E387 (A),clean,101000.0,5.61,0.895,0.0209,0.000700000000000001
vol1,E387 (A),clean,101000.0,6.93,1.023,0.0205,0.0014000000000000002
vol1,E387 (A),clean,101000.0,8.7,1.165,0.0226,0.0022000000000000006
vol1,E387 (A),clean,101000.0,10.13,1.192,0.0381,0.006100000000000001
vol1,E387 (A),clean,151600.0,-5.31,-0.291,0.0498,0.006100000000000001
vol1,E387 (A),clean,151600.0,-3.46,-0.029,0.0188,0.0012000000000000014
vol1,E387 (A),clean,151600.0,-2.11,0.101,0.0137,0.0011000000000000003
vol1,E387 (A),clean,151600.0,-0.5,0.254,0.0115,0.0004499999999999999
vol1,E387 (A),clean,151600.0,0.83,0.395,0.0126,0.0002500000000000002
vol1,E387 (A),clean,151600.0,2.54,0.575,0.0147,0.0012499999999999994
vol1,E387 (A),clean,151600.0,4.07,0.733,0.0166,0.0006999999999999992
vol1,E387 (A),clean,151600.0,5.65,0.892,0.0167,0.0005500000000000001
vol1,E387 (A),clean,151600.0,7.06,1.027,0.0167,0.0005500000000000001
vol1,E387 (A),clean,151600.0,8.65,1.142,0.0221,0.000449999999999999
vol1,E387 (A),clean,151600.0,10.04,1.182,0.0348,0.003349999999999999
vol1,E387 (A),clean,202300.0,-4.65,-0.142,0.0236,0.0025000000000000005
vol1,E387 (A),clean,202300.0,-3.35,-0.009,0.0155,0.001
vol1,E387 (A),clean,202300.0,-1.97,0.119,0.0116,0.0005000000000000004
vol1,E387 (A),clean,202300.0,-0.37,0.278,0.01,0.0002999999999999999
vol1,E387 (A),clean,202300.0,1.27,0.452,0.011,0.0003499999999999996
vol1,E387 (A),clean,202300.0,2.67,0.598,0.0122,0.0007500000000000007
vol1,E387 (A),clean,202300.0,4.24,0.763,0.0131,0.0011000000000000003
vol1,E387 (A),clean,202300.0,5.61,0.898,0.0137,0.0008000000000000004
vol1,E387 (A),clean,202300.0,7.25,1.053,0.0148,0.0004999999999999996
vol1,E387 (A),clean,202300.0,8.79,1.145,0.0234,0.0010499999999999989
vol1,E387 (A),clean,202300.0,10.18,1.188,0.0341,0.0026499999999999996
vol1,E387 (A),clean,303000.0,-5.46,-0.231,0.0408,0.004650000000000001
vol1,E387 (A),clean,303000.0,-3.93,-0.075,0.0161,0.0015499999999999993
vol1,E387 (A),clean,303000.0,-2.24,0.083,0.0114,0.0014000000000000002
vol1,E387 (A),clean,303000.0,-0.24,0.286,0.0081,0.0002999999999999999
vol1,E387 (A),clean,303000.0,1.05,0.427,0.0088,0.00014999999999999996
vol1,E387 (A),clean,303000.0,2.53,0.586,0.0094,0.0002999999999999999
vol1,E387 (A),clean,303000.0,4.08,0.751,0.0105,0.0007499999999999998
vol1,E387 (A),clean,303000.0,5.94,0.939,0.0114,0.0007499999999999998
vol1,E387 (A),clean,303000.0,6.95,1.024,0.0127,0.0012000000000000005
vol1,E387 (A),clean,303000.0,8.46,1.119,0.0192,0.0006999999999999992
vol1,E387 (A),clean,303000.0,9.93,1.177,0.0291,0.002199999999999999
vol1,FX 63-137 (B),clean,100800.0,-5.05,-0.019,0.0476,0.0017000000000000001
vol1,FX 63-137 (B),clean,100800.0,-3.74,0.172,0.0373,0.002149999999999999
vol1,FX 63-137 (B),clean,100800.0,-2.86,0.287,0.0351,0.0017000000000000001
vol1,FX 63-137 (B),clean,100800.0,-1.91,0.397,0.0348,0.0013500000000000005
vol1,FX 63-137 (B),clean,100800.0,-0.57,0.495,0.042,0.0013500000000000005
vol1,FX 63-137 (B),clean,100800.0,0.37,0.567,0.0484,0.0020000000000000018
vol1,FX 63-137 (B),clean,100800.0,1.29,0.624,0.051,0.0032000000000000015
vol1,FX 63-137 (B),clean,100800.0,2.27,0.686,0.0557,0.002450000000000001
vol1,FX 63-137 (B),clean,100800.0,3.48,0.786,0.0616,0.0038500000000000027
vol1,FX 63-137 (B),clean,100800.0,4.41,1.026,0.0457,0.005249999999999998
vol1,FX 63-137 (B),clean,100800.0,5.65,1.234,0.0339,0.0035000000000000014
vol1,FX 63-137 (B),clean,100800.0,6.53,1.331,0.0312,0.0020999999999999994
vol1,FX 63-137 (B),clean,100800.0,7.53,1.429,0.0296,0.002449999999999999
vol1,FX 63-137 (B),clean,100800.0,8.34,1.494,0.0295,0.005349999999999999
vol1,FX 63-137 (B),clean,100800.0,9.72,1.599,0.0293,0.0023
vol1,FX 63-137 (B),clean,100800.0,10.57,1.654,0.0316,0.003749999999999998
vol1,FX 63-137 (B),clean,100800.0,11.44,1.697,0.0349,0.0063500000000000015
vol1,FX 63-137 (B),clean,100800.0,13.0,1.738,0.0443,0.0045000000000000005
vol1,FX 63-137 (B),clean,201100.0,-5.79,0.142,0.0259,0.0009500000000000012
vol1,FX 63-137 (B),clean,201100.0,-4.73,0.261,0.0195,0.0008500000000000001
vol1,FX 63-137 (B),clean,201100.0,-3.65,0.376,0.0168,0.00045000000000000075
vol1,FX 63-137 (B),clean,201100.0,-2.54,0.507,0.0147,0.0003500000000000005
vol1,FX 63-137 (B),clean,201100.0,-1.61,0.603,0.0149,0.0003499999999999996
vol1,FX 63-137 (B),clean,201100.0,-0.42,0.726,0.0161,0.0006999999999999992
vol1,FX 63-137 (B),clean,201100.0,0.87,0.859,0.0169,0.0010499999999999989
vol1,FX 63-137 (B),clean,201100.0,1.42,0.914,0.0169,0.0010000000000000009
vol1,FX 63-137 (B),clean,201100.0,2.63,1.035,0.0175,0.000700000000000001
vol1,FX 63-137 (B),clean,201100.0,3.99,1.172,0.0175,0.0005999999999999998
vol1,FX 63-137 (B),clean,201100.0,4.67,1.232,0.0173,0.0002999999999999999
vol1,FX 63-137 (B),clean,201100.0,5.89,1.342,0.0171,0.0002500000000000002
vol1,FX 63-137 (B),clean,201100.0,6.78,1.43,0.0177,0.00040000000000000105
vol1,FX 63-137 (B),clean,201100.0,8.29,1.555,0.0189,0.0005000000000000004
vol1,FX 63-137 (B),clean,201100.0,9.14,1.616,0.0206,9.99999999999994e-05
vol1,FX 63-137 (B),clean,201100.0,10.51,1.69,0.0245,0.000449999999999999
vol1,FX 63-137 (B),clean,201100.0,10.7,1.697,0.0256,0.0002500000000000002
vol1,FX 63-137 (B),clean,201100.0,11.97,1.728,0.0316,0.0014500000000000016
vol1,FX 63-137 (B),clean,201100.0,12.86,1.731,0.0395,0.008299999999999998
vol1,FX 63-137 (B),clean,251600.0,-6.29,0.084,0.0307,0.0017000000000000019
vol1,FX 63-137 (B),clean,251600.0,-4.91,0.238,0.0178,0.0012499999999999994
vol1,FX 63-137 (B),clean,251600.0,-3.87,0.353,0.0152,0.0006000000000000007
vol1,FX 63-137 (B),clean,251600.0,-2.74,0.481,0.0128,4.99999999999997e-05
vol1,FX 63-137 (B),clean,251600.0,-1.81,0.586,0.0128,0.00019999999999999966
vol1,FX 63-137 (B),clean,251600.0,-0.74,0.695,0.0134,0.0005999999999999998
vol1,FX 63-137 (B),clean,251600.0,0.24,0.794,0.014,0.001
vol1,FX 63-137 (B),clean,251600.0,1.25,0.892,0.0145,0.0009499999999999995
vol1,FX 63-137 (B),clean,251600.0,2.34,1.005,0.0149,0.0007000000000000001
vol1,FX 63-137 (B),clean,251600.0,3.37,1.108,0.0151,0.000449999999999999
vol1,FX 63-137 (B),clean,251600.0,4.34,1.201,0.0154,0.0003999999999999993
vol1,FX 63-137 (B),clean,251600.0,5.36,1.293,0.0154,0.0006000000000000007
vol1,FX 63-137 (B),clean,251600.0,6.49,1.39,0.0156,0.0005000000000000004
vol1,FX 63-137 (B),clean,251600.0,7.5,1.478,0.0163,0.0005500000000000001
vol1,FX 63-137 (B),clean,251600.0,8.33,1.539,0.0174,0.00045000000000000075
vol1,FX 63-137 (B),clean,251600.0,9.5,1.616,0.0202,0.00045000000000000075
vol1,FX 63-137 (B),clean,251600.0,10.51,1.672,0.0231,0.0005000000000000004
vol1,FX 63-137 (B),clean,251600.0,11.6,1.71,0.0285,0.0017499999999999998
vol1,FX 63-137 (B),clean,302300.0,-5.82,0.142,0.0201,0.0014000000000000002
vol1,FX 63-137 (B),clean,302300.0,-4.86,0.247,0.0161,0.0014000000000000002
vol1,FX 63-137 (B),clean,302300.0,-3.85,0.36,0.014,0.0007000000000000001
vol1,FX 63-137 (B),clean,302300.0,-2.79,0.479,0.012,0.00020000000000000052
vol1,FX 63-137 (B),clean,302300.0,-1.74,0.599,0.0116,0.00014999999999999996
vol1,FX 63-137 (B),clean,302300.0,-0.71,0.706,0.012,0.0005000000000000004
vol1,FX 63-137 (B),clean,302300.0,0.33,0.811,0.0125,0.001
vol1,FX 63-137 (B),clean,302300.0,1.34,0.914,0.0131,0.00115
vol1,FX 63-137 (B),clean,302300.0,2.35,1.018,0.0134,0.0008500000000000001
vol1,FX 63-137 (B),clean,302300.0,3.36,1.118,0.0136,0.0004000000000000002
vol1,FX 63-137 (B),clean,302300.0,4.45,1.232,0.0139,0.0004000000000000002
vol1,FX 63-137 (B),clean,302300.0,5.46,1.324,0.0145,0.0006000000000000007
vol1,FX 63-137 (B),clean,302300.0,6.42,1.398,0.0144,0.00045000000000000075
vol1,FX 63-137 (B),clean,302300.0,7.49,1.487,0.0153,0.000550000000000001
vol1,FX 63-137 (B),clean,302300.0,8.52,1.559,0.017,0.0007500000000000007
vol1,FX 63-137 (B),clean,302300.0,9.57,1.626,0.0196,0.0008500000000000001
vol1,FX 63-137 (B),clean,302300.0,10.55,1.676,0.0227,0.0008999999999999998
vol1,FX 63-137 (B),clean,302300.0,11.53,1.708,0.0277,0.00255
vol1,FX 74-CL5-140 MOD,clean,199400.0,-1.8,0.611,0.0379,0.0011499999999999982
vol1,FX 74-CL5-140 MOD,clean,199400.0,-0.47,0.859,0.0258,0.00145
vol1,FX 74-CL5-140 MOD,clean,199400.0,1.2,1.049,0.0223,0.0016000000000000007
vol1,FX 74-CL5-140 MOD,clean,199400.0,2.71,1.2,0.0211,0.0007500000000000007
vol1,FX 74-CL5-140 MOD,clean,199400.0,4.25,1.347,0.0234,0.00115
vol1,FX 74-CL5-140 MOD,clean,199400.0,5.6,1.468,0.0253,0.0008000000000000004
vol1,FX 74-CL5-140 MOD,clean,199400.0,7.42,1.622,0.0285,0.0008500000000000001
vol1,FX 74-CL5-140 MOD,clean,199400.0,9.05,1.749,0.0318,0.0009000000000000015
vol1,FX 74-CL5-140 MOD,clean,199400.0,10.48,1.85,0.0351,0.0005499999999999984
vol1,GEMINI,clean,101600.0,-7.01,-0.505,0.0276,0.0031000000000000003
vol1,GEMINI,clean,101600.0,-3.28,-0.073,0.0154,0.0028000000000000004
vol1,GEMINI,clean,101600.0,-2.71,-0.027,0.0167,0.0025499999999999993
vol1,GEMINI,clean,101600.0,-1.08,0.099,0.0166,0.0016999999999999993
vol1,GEMINI,clean,101600.0,0.56,0.356,0.0194,0.006
vol1,GEMINI,clean,101600.0,2.08,0.501,0.0175,0.0024000000000000002
vol1,GEMINI,clean,101600.0,3.64,0.622,0.0183,0.0012499999999999994
vol1,GEMINI,clean,101600.0,5.13,0.757,0.0224,0.0029499999999999995
vol1,GEMINI,clean,101600.0,6.44,0.864,0.0241,0.0048000000000000004
vol1,GEMINI,clean,101600.0,8.3,1.018,0.0263,0.0043500000000000014
vol1,GEMINI,clean,101600.0,9.63,1.126,0.027,0.004249999999999999
vol1,GEMINI,clean,101600.0,11.05,1.217,0.029,0.003299999999999999
vol1,GEMINI,clean,101600.0,12.66,1.202,0.0368,0.0091
vol1,GEMINI,clean,202800.0,-7.05,-0.38,0.0192,0.0026499999999999996
vol1,GEMINI,clean,202800.0,-5.6,-0.263,0.0148,0.0005499999999999993
vol1,GEMINI,clean,202800.0,-3.85,-0.134,0.0118,0.00145
vol1,GEMINI,clean,202800.0,-2.47,-0.022,0.0117,0.0028000000000000004
vol1,GEMINI,clean,202800.0,-1.14,0.101,0.0116,0.0032
vol1,GEMINI,clean,202800.0,0.38,0.248,0.0119,0.0020500000000000006
vol1,GEMINI,clean,202800.0,2.11,0.474,0.0118,0.0018000000000000004
vol1,GEMINI,clean,202800.0,3.56,0.641,0.0128,0.0005999999999999998
vol1,GEMINI,clean,202800.0,5.15,0.775,0.0148,0.001700000000000001
vol1,GEMINI,clean,202800.0,7.04,0.945,0.0183,0.0026
vol1,GEMINI,clean,202800.0,8.21,1.045,0.0197,0.002450000000000001
vol1,GEMINI,clean,202800.0,9.78,1.154,0.0207,0.0010500000000000006
vol1,GEMINI,clean,202800.0,11.13,1.157,0.031,0.0134
vol1,GEMINI,clean,202800.0,12.68,1.118,0.0494,0.020649999999999995
vol1,GEMINI,clean,304100.0,-5.77,-0.284,0.0146,0.0017499999999999998
vol1,GEMINI,clean,304100.0,-4.53,-0.188,0.0121,0.0014000000000000002
vol1,GEMINI,clean,304100.0,-2.47,-0.019,0.0104,0.0017499999999999998
vol1,GEMINI,clean,304100.0,-1.29,0.091,0.0101,0.0021999999999999997
vol1,GEMINI,clean,304100.0,0.76,0.307,0.0099,0.002
vol1,GEMINI,clean,304100.0,2.08,0.449,0.0108,0.00245
vol1,GEMINI,clean,304100.0,3.59,0.634,0.0126,0.0033
vol1,GEMINI,clean,304100.0,5.24,0.797,0.0126,0.0009500000000000003
vol1,GEMINI,clean,304100.0,6.87,0.946,0.0149,0.0014000000000000002
vol1,GEMINI,clean,304100.0,8.27,1.068,0.0161,0.0006999999999999992
vol1,GEMINI,clean,304100.0,9.59,1.129,0.0181,0.002449999999999999
vol1,GEMINI,clean,304100.0,11.25,1.131,0.0318,0.014450000000000001
vol1,GM15,clean,40600.0,-3.62,-0.071,0.0499,0.015049999999999997
vol1,GM15,clean,40600.0,-1.52,0.157,0.0261,0.003349999999999999
vol1,GM15,clean,40600.0,0.66,0.362,0.0223,0.008849999999999998
vol1,GM15,clean,40600.0,2.61,0.588,0.0217,0.0027999999999999987
vol1,GM15,clean,40600.0,4.61,0.869,0.0292,0.0033500000000000005
vol1,GM15,clean,40600.0,6.83,1.091,0.0256,0.00255
vol1,GM15,clean,40600.0,8.75,1.187,0.0256,0.005300000000000001
vol1,GM15,clean,40600.0,9.94,1.25,0.0259,0.00455
vol1,GM15,clean,38600.0,10.98,1.278,0.0454,0.0103
vol1,GM15,clean,60700.0,-3.59,-0.032,0.0393,0.012700000000000001
vol1,GM15,clean,60700.0,-1.91,0.163,0.0209,0.0027999999999999987
vol1,GM15,clean,60700.0,-0.37,0.312,0.0206,0.003299999999999999
vol1,GM15,clean,60700.0,1.07,0.466,0.0176,0.0041
vol1,GM15,clean,60700.0,2.72,0.718,0.0209,0.0019500000000000003
vol1,GM15,clean,60700.0,4.28,0.913,0.0214,0.004449999999999999
vol1,GM15,clean,60700.0,5.74,1.034,0.0199,0.0040999999999999995
vol1,GM15,clean,60700.0,7.34,1.173,0.0203,0.0016499999999999987
vol1,GM15,clean,60700.0,8.95,1.252,0.0273,0.0038000000000000013
vol1,GM15,clean,60700.0,10.38,1.308,0.0421,0.003950000000000002
vol1,GM15,clean,60700.0,11.96,1.335,0.0557,0.0125
vol1,GM15,clean,100600.0,0.0,0.428,0.0168,0.0023
vol1,GM15,clean,100600.0,1.63,0.667,0.0164,0.0014000000000000002
vol1,GM15,clean,100600.0,3.13,0.833,0.0158,0.0020500000000000006
vol1,GM15,clean,100600.0,4.55,0.961,0.0164,0.002000000000000001
vol1,GM15,clean,100600.0,6.15,1.103,0.018,0.0009499999999999995
vol1,GM15,clean,100600.0,7.58,1.206,0.0216,0.001299999999999999
vol1,GM15,clean,100600.0,9.11,1.265,0.0345,0.0026499999999999996
vol1,GM15,clean,100600.0,10.6,1.319,0.0459,0.004300000000000002
vol1,GM15,clean,100600.0,12.45,1.35,0.0838,0.0109
vol1,GM15,clean,102100.0,-1.49,0.221,0.0177,0.0006499999999999995
vol1,GM15,clean,101900.0,-3.46,0.021,0.0315,0.0018000000000000013
vol1,GM15,clean,200500.0,-3.41,0.116,0.017,0.0019000000000000006
vol1,GM15,clean,200500.0,-1.25,0.388,0.011,0.0020999999999999994
vol1,GM15,clean,200500.0,-0.44,0.492,0.0107,0.0023
vol1,GM15,clean,200500.0,1.54,0.688,0.0097,0.0006000000000000007
vol1,GM15,clean,200500.0,2.77,0.811,0.0103,0.00115
vol1,GM15,clean,200500.0,4.75,1.012,0.0125,0.0006499999999999995
vol1,GM15,clean,200500.0,5.86,1.107,0.0145,0.0004499999999999999
vol1,GM15,clean,200500.0,7.66,1.218,0.0238,0.0008999999999999998
vol1,GM15,clean,200500.0,9.14,1.29,0.0332,0.0009000000000000015
vol1,GM15,clean,200500.0,10.58,1.326,0.0475,0.002999999999999999
vol1,GM15,modified,60700.0,-1.91,-0.341,0.0587,0.018449999999999998
vol1,GM15,modified,60700.0,-0.29,-0.17,0.0286,0.005600000000000001
vol1,GM15,modified,60700.0,1.2,-0.026,0.0183,0.0008500000000000001
vol1,GM15,modified,60700.0,2.5,0.112,0.0135,0.00020000000000000052
vol1,GM15,modified,60700.0,4.18,0.321,0.0127,0.0023
vol1,GM15,modified,60700.0,5.6,0.464,0.0144,0.0015499999999999993
vol1,GM15,modified,60700.0,7.26,0.636,0.0191,0.0023
vol1,GM15,modified,60700.0,8.75,0.773,0.0214,0.0026999999999999993
vol1,GM15,modified,60700.0,10.36,0.879,0.0237,0.00435
vol1,GM15,modified,60700.0,11.81,0.994,0.0249,0.0038499999999999993
vol1,GM15,modified,60700.0,13.44,1.085,0.0343,0.0075000000000000015
vol1,GM15,modified,101300.0,-1.93,-0.336,0.0471,0.006850000000000002
vol1,GM15,modified,101300.0,-0.14,-0.151,0.0195,0.0005500000000000001
vol1,GM15,modified,101300.0,1.31,-0.02,0.0143,0.0007499999999999998
vol1,GM15,modified,101300.0,2.7,0.136,0.0115,0.0008500000000000001
vol1,GM15,modified,101300.0,4.19,0.285,0.0128,0.0016000000000000007
vol1,GM15,modified,101300.0,5.63,0.431,0.0154,0.0016499999999999996
vol1,GM15,modified,101300.0,7.27,0.591,0.0179,0.0012500000000000011
vol1,GM15,modified,101300.0,8.72,0.738,0.0176,0.0006499999999999995
vol1,GM15,modified,101300.0,10.42,0.897,0.0191,0.0004999999999999987
vol1,GM15,modified,101300.0,11.84,0.996,0.0294,0.0020500000000000015
vol1,GM15,modified,101300.0,13.45,1.088,0.0465,0.003700000000000002
vol1,GM15,modified,202200.0,-1.73,-0.276,0.0299,0.0012499999999999994
vol1,GM15,modified,202200.0,0.09,-0.088,0.0151,0.0010999999999999994
vol1,GM15,modified,202200.0,1.47,-0.002,0.0132,0.0012500000000000002
vol1,GM15,modified,202200.0,3.07,0.163,0.0117,0.00045000000000000075
vol1,GM15,modified,202200.0,4.53,0.309,0.0115,0.0007000000000000001
vol1,GM15,modified,202200.0,5.93,0.482,0.0115,0.0002999999999999999
vol1,GM15,modified,202200.0,7.46,0.644,0.0117,0.0007500000000000007
vol1,GM15,modified,202200.0,9.09,0.805,0.0136,0.0008999999999999998
vol1,GM15,modified,202200.0,10.64,0.937,0.0205,0.0008999999999999998
vol1,GM15,modified,202200.0,11.96,1.034,0.0283,0.0010500000000000006
vol1,GM15,modified,202200.0,13.53,1.109,0.0482,0.0040999999999999995
vol1,GM15,modified,302500.0,-1.99,-0.301,0.0413,0.0007000000000000027
vol1,GM15,modified,302500.0,-0.49,-0.147,0.0165,0.0023
vol1,GM15,modified,302500.0,2.04,0.055,0.012,0.0010999999999999994
vol1,GM15,modified,302500.0,3.01,0.184,0.011,0.0007999999999999995
vol1,GM15,modified,302500.0,4.54,0.343,0.0096,0.0007000000000000001
vol1,GM15,modified,302500.0,6.09,0.509,0.0093,0.0003499999999999996
vol1,GM15,modified,302500.0,7.54,0.655,0.01,0.0004999999999999996
vol1,GM15,modified,302500.0,9.0,0.798,0.0118,0.0005500000000000001
vol1,GM15,modified,302500.0,10.51,0.928,0.0175,0.0009999999999999992
vol1,GM15,modified,302500.0,12.41,1.072,0.0294,0.0020999999999999994
vol1,GM15,modified,302500.0,13.77,1.133,0.0585,0.011100000000000002
vol1,K3311,clean,61100.0,-4.25,-0.232,0.0322,0.003299999999999999
vol1,K3311,clean,61100.0,-2.71,-0.077,0.0251,0.00315
vol1,K3311,clean,61100.0,-1.19,0.088,0.0179,0.0032499999999999994
vol1,K3311,clean,61100.0,0.58,0.337,0.0229,0.0060500000000000016
vol1,K3311,clean,61100.0,1.9,0.494,0.0264,0.007850000000000001
vol1,K3311,clean,61100.0,3.68,0.654,0.0351,0.00665
vol1,K3311,clean,61100.0,5.07,0.775,0.0386,0.008799999999999999
vol1,K3311,clean,61100.0,6.8,0.931,0.0447,0.013300000000000003
vol1,K3311,clean,61100.0,8.31,1.099,0.0363,0.01005
vol1,K3311,clean,61100.0,9.89,1.222,0.03,0.002150000000000001
vol1,K3311,clean,61100.0,11.23,1.243,0.0424,0.011
vol1,K3311,clean,101100.0,-4.09,-0.154,0.0262,0.0019500000000000003
vol1,K3311,clean,101100.0,-2.54,0.064,0.0189,0.0023
vol1,K3311,clean,101100.0,-1.21,0.168,0.0147,0.002
vol1,K3311,clean,101100.0,0.43,0.374,0.0149,0.0010000000000000009
vol1,K3311,clean,101100.0,2.12,0.538,0.0172,0.0019500000000000003
vol1,K3311,clean,101100.0,3.59,0.684,0.0187,0.001599999999999999
vol1,K3311,clean,101100.0,5.18,0.842,0.0197,0.0017000000000000001
vol1,K3311,clean,101100.0,6.83,1.005,0.021,0.0011000000000000003
vol1,K3311,clean,101100.0,8.25,1.147,0.0215,0.0013000000000000008
vol1,K3311,clean,101100.0,9.76,1.227,0.0249,0.0022500000000000003
vol1,K3311,clean,101100.0,11.22,1.233,0.0407,0.0026000000000000016
vol1,K3311,clean,201800.0,-5.79,-0.294,0.0434,0.0018499999999999975
vol1,K3311,clean,201800.0,-4.11,-0.104,0.0199,0.0019000000000000006
vol1,K3311,clean,201800.0,-2.55,0.037,0.0141,0.0008999999999999998
vol1,K3311,clean,201800.0,-1.07,0.169,0.0104,0.0013
vol1,K3311,clean,201800.0,0.4,0.338,0.0095,0.0002999999999999999
vol1,K3311,clean,201800.0,2.18,0.534,0.0108,0.0004499999999999999
vol1,K3311,clean,201800.0,3.52,0.683,0.012,0.0005000000000000004
vol1,K3311,clean,201800.0,5.22,0.862,0.0132,0.0004000000000000002
vol1,K3311,clean,201800.0,6.6,1.0,0.0143,0.0008500000000000001
vol1,K3311,clean,201800.0,8.15,1.141,0.016,0.00115
vol1,K3311,clean,201800.0,9.85,1.213,0.0263,0.002100000000000001
vol1,K3311,clean,201800.0,11.19,1.213,0.0417,0.0075
vol1,K3311,clean,302900.0,-5.62,-0.238,0.036,0.0017000000000000001
vol1,K3311,clean,302900.0,-4.28,-0.117,0.0193,0.0017499999999999998
vol1,K3311,clean,302900.0,-2.78,0.018,0.0135,0.0015000000000000005
vol1,K3311,clean,302900.0,-1.0,0.19,0.0089,0.0008500000000000001
vol1,K3311,clean,302900.0,0.47,0.355,0.0078,0.0002500000000000002
vol1,K3311,clean,302900.0,2.11,0.533,0.0088,0.0004499999999999999
vol1,K3311,clean,302900.0,3.51,0.678,0.0097,0.0004499999999999999
vol1,K3311,clean,302900.0,5.25,0.858,0.0111,0.0011000000000000003
vol1,K3311,clean,302900.0,6.83,1.011,0.0121,0.0007500000000000007
vol1,K3311,clean,302900.0,8.16,1.115,0.0146,0.0004999999999999996
vol1,K3311,clean,302900.0,10.05,1.184,0.0264,0.0026
vol1,K3311,clean,302900.0,11.68,1.19,0.0479,0.014300000000000004
vol1,M06-13-128 (B),clean,203200.0,-3.63,-0.054,0.0462,0.0026499999999999996
vol1,M06-13-128 (B),clean,203200.0,-2.61,0.051,0.0387,0.0016499999999999987
vol1,M06-13-128 (B),clean,203200.0,-1.65,0.137,0.0401,0.0030999999999999986
vol1,M06-13-128 (B),clean,203200.0,-0.4,0.218,0.0491,0.0026499999999999996
vol1,M06-13-128 (B),clean,203200.0,0.35,0.259,0.0543,0.006249999999999999
vol1,M06-13-128 (B),clean,203200.0,1.51,0.333,0.0603,0.0063999999999999994
vol1,M06-13-128 (B),clean,203200.0,2.5,0.39,0.0684,0.0052
vol1,M06-13-128 (B),clean,203200.0,3.57,0.458,0.0769,0.005249999999999998
vol1,M06-13-128 (B),clean,201000.0,4.23,0.504,0.0807,0.006999999999999999
vol1,M06-13-128 (B),clean,201000.0,5.5,0.619,0.088,0.0025499999999999967
vol1,M06-13-128 (B),clean,201000.0,6.56,0.808,0.0786,0.0018499999999999975
vol1,M06-13-128 (B),clean,201000.0,7.46,0.968,0.0564,0.002149999999999999
vol1,M06-13-128 (B),clean,201000.0,8.36,1.097,0.0401,0.0009499999999999995
vol1,M06-13-128 (B),clean,201000.0,9.44,1.234,0.0295,0.0003499999999999996
vol1,M06-13-128 (B),clean,201000.0,10.51,1.362,0.0229,0.00045000000000000075
vol1,M06-13-128 (B),clean,201000.0,11.61,1.47,0.0219,0.0008500000000000001
vol1,M06-13-128 (B),clean,201000.0,12.53,1.524,0.0248,0.0019499999999999986
vol1,M06-13-128 (B),clean,304400.0,-3.87,-0.113,0.0443,0.002400000000000003
vol1,M06-13-128 (B),clean,304400.0,-2.46,0.043,0.0301,0.001749999999999998
vol1,M06-13-128 (B),clean,304400.0,-1.59,0.136,0.0283,0.0013500000000000005
vol1,M06-13-128 (B),clean,304400.0,-0.71,0.229,0.0304,0.0010500000000000006
vol1,M06-13-128 (B),clean,304400.0,0.44,0.352,0.0331,0.0008000000000000021
vol1,M06-13-128 (B),clean,304400.0,1.63,0.468,0.0374,0.0008500000000000001
vol1,M06-13-128 (B),clean,302200.0,1.63,0.468,0.0372,0.0008000000000000021
vol1,M06-13-128 (B),clean,302200.0,2.35,0.539,0.0381,0.00145
vol1,M06-13-128 (B),clean,302200.0,3.66,0.676,0.0355,0.0007500000000000007
vol1,M06-13-128 (B),clean,302200.0,4.34,0.747,0.0329,0.0010999999999999968
vol1,M06-13-128 (B),clean,302200.0,5.41,0.858,0.0295,0.0007500000000000007
vol1,M06-13-128 (B),clean,302200.0,6.54,0.98,0.0258,0.0006999999999999992
vol1,M06-13-128 (B),clean,302200.0,7.43,1.076,0.0233,0.0002999999999999999
vol1,M06-13-128 (B),clean,302200.0,8.5,1.193,0.0207,0.00035000000000000135
vol1,M06-13-128 (B),clean,302200.0,9.45,1.297,0.0185,0.0002999999999999999
vol1,M06-13-128 (B),clean,302200.0,10.52,1.409,0.0161,0.0006999999999999992
vol1,M06-13-128 (B),clean,302200.0,11.54,1.489,0.0177,0.0018499999999999992
vol1,M06-13-128 (B),clean,302200.0,12.53,1.513,0.0363,0.03275
vol1,MA409,clean,40700.0,-1.98,-0.007,0.0208,0.006999999999999999
vol1,MA409,clean,40700.0,0.16,0.214,0.0162,0.00315
vol1,MA409,clean,40700.0,2.11,0.421,0.0175,0.008150000000000001
vol1,MA409,clean,40700.0,4.32,0.745,0.0199,0.00115
vol1,MA409,clean,40700.0,6.35,0.905,0.0239,0.005549999999999999
vol1,MA409,clean,40700.0,8.22,1.02,0.0276,0.004149999999999999
vol1,MA409,clean,40700.0,10.34,1.091,0.0699,0.030900000000000004
vol1,MA409,clean,60800.0,-2.71,-0.095,0.024,0.0054
vol1,MA409,clean,60800.0,-1.11,0.038,0.0137,0.00185
vol1,MA409,clean,60800.0,0.56,0.198,0.015,0.0085
vol1,MA409,clean,60800.0,2.03,0.384,0.017,0.003150000000000001
vol1,MA409,clean,60800.0,3.26,0.575,0.0173,0.0039499999999999995
vol1,MA409,clean,60800.0,4.89,0.713,0.0147,0.0030499999999999998
vol1,MA409,clean,60800.0,6.36,0.835,0.0189,0.0017500000000000016
vol1,MA409,clean,60800.0,7.98,0.931,0.0289,0.00285
vol1,MA409,clean,60800.0,9.58,1.012,0.0422,0.0107
vol1,MA409,clean,101500.0,-4.39,-0.249,0.0264,0.00315
vol1,MA409,clean,101500.0,-2.61,-0.104,0.0184,0.0005999999999999998
vol1,MA409,clean,101500.0,-1.24,0.02,0.0144,0.0009500000000000003
vol1,MA409,clean,101500.0,0.31,0.17,0.0105,0.0029
vol1,MA409,clean,101500.0,1.81,0.413,0.0132,0.0018000000000000004
vol1,MA409,clean,101500.0,3.29,0.578,0.0138,0.00115
vol1,MA409,clean,101500.0,5.07,0.733,0.0144,0.0010499999999999997
vol1,MA409,clean,101500.0,6.42,0.843,0.0181,0.0014000000000000002
vol1,MA409,clean,101500.0,8.24,0.954,0.0289,0.004
vol1,MA409,clean,101500.0,9.45,1.013,0.0395,0.0053999999999999986
vol1,MA409,clean,201900.0,-4.4,-0.245,0.0176,0.0019500000000000003
vol1,MA409,clean,201900.0,-2.83,-0.115,0.0143,0.0008500000000000001
vol1,MA409,clean,201900.0,-1.45,0.038,0.0111,0.0015499999999999993
vol1,MA409,clean,201900.0,-0.03,0.223,0.0089,0.00115
vol1,MA409,clean,201900.0,1.72,0.411,0.0088,0.0013499999999999996
vol1,MA409,clean,201900.0,3.3,0.572,0.0096,0.0004000000000000002
vol1,MA409,clean,201900.0,4.71,0.703,0.0114,0.0009500000000000003
vol1,MA409,clean,201900.0,6.14,0.823,0.0151,0.0008500000000000001
vol1,MA409,clean,201900.0,7.58,0.925,0.0213,0.002
vol1,MA409,clean,201900.0,9.24,1.021,0.0343,0.0025000000000000022
vol1,MA409,clean,302500.0,-4.68,-0.273,0.0146,0.001299999999999999
vol1,MA409,clean,302500.0,-3.14,-0.137,0.0141,0.002899999999999999
vol1,MA409,clean,302500.0,-1.43,0.069,0.0085,0.001
vol1,MA409,clean,302500.0,-0.0,0.237,0.0078,0.0005500000000000001
vol1,MA409,clean,302500.0,1.61,0.403,0.0069,0.0005
vol1,MA409,clean,302500.0,3.49,0.589,0.0086,0.0002500000000000002
vol1,MA409,clean,302500.0,4.78,0.703,0.0105,0.0007500000000000007
vol1,MA409,clean,302500.0,6.21,0.824,0.0138,0.0008000000000000004
vol1,MA409,clean,302500.0,8.0,0.96,0.0214,0.002100000000000001
vol1,MA409,clean,302500.0,9.39,1.038,0.0321,0.0029
vol1,MA409,clean,305400.0,-6.09,-0.438,0.0695,0.0015999999999999973
vol1,MH45,clean,60900.0,-3.22,-0.187,0.0181,0.002
vol1,MH45,clean,60900.0,-1.62,0.015,0.0185,0.003250000000000001
vol1,MH45,clean,60900.0,-0.06,0.247,0.0216,0.00285
vol1,MH45,clean,60900.0,1.45,0.389,0.0283,0.0022499999999999985
vol1,MH45,clean,60900.0,2.98,0.534,0.0296,0.004749999999999999
vol1,MH45,clean,60900.0,4.5,0.654,0.0272,0.00715
vol1,MH45,clean,60900.0,6.05,0.794,0.0234,0.004149999999999999
vol1,MH45,clean,60900.0,7.58,0.916,0.0248,0.004150000000000001
vol1,MH45,clean,60900.0,9.09,1.018,0.0296,0.004399999999999999
vol1,MH45,clean,60900.0,10.64,1.105,0.0372,0.0076999999999999985
vol1,MH45,clean,61600.0,-6.2,-0.452,0.0327,0.009150000000000002
vol1,MH45,clean,61600.0,-4.66,-0.304,0.0209,0.0033500000000000005
vol1,MH45,clean,101100.0,-2.94,-0.149,0.0123,0.0029499999999999995
vol1,MH45,clean,101100.0,-1.4,0.079,0.0131,0.0029000000000000007
vol1,MH45,clean,101100.0,0.16,0.22,0.0165,0.002049999999999999
vol1,MH45,clean,101100.0,1.48,0.338,0.0187,0.0014999999999999996
vol1,MH45,clean,101100.0,3.34,0.513,0.017,0.0005999999999999998
vol1,MH45,clean,101100.0,4.69,0.648,0.0171,0.0007999999999999986
vol1,MH45,clean,101100.0,6.18,0.79,0.0191,0.0013999999999999985
vol1,MH45,clean,101100.0,7.64,0.916,0.023,0.0019500000000000003
vol1,MH45,clean,101100.0,9.28,1.037,0.0281,0.0014999999999999996
vol1,MH45,clean,101100.0,10.69,1.112,0.0364,0.0022000000000000006
vol1,MH45,clean,101100.0,12.36,1.121,0.043,0.00605
vol1,MH45,clean,102500.0,-6.11,-0.473,0.0265,0.0017999999999999995
vol1,MH45,clean,102500.0,-4.67,-0.341,0.0177,0.0013000000000000008
vol1,MH45,clean,201900.0,-3.0,-0.164,0.0122,0.0013999999999999993
vol1,MH45,clean,201900.0,-1.64,-0.047,0.0105,0.0013500000000000005
vol1,MH45,clean,201900.0,-0.04,0.148,0.0106,0.0004499999999999999
vol1,MH45,clean,201900.0,1.47,0.304,0.0109,0.00014999999999999996
vol1,MH45,clean,201900.0,3.22,0.492,0.0115,0.0004999999999999996
vol1,MH45,clean,201900.0,4.68,0.65,0.013,0.0007999999999999995
vol1,MH45,clean,201900.0,6.14,0.803,0.0151,0.0007499999999999998
vol1,MH45,clean,201900.0,7.73,0.948,0.018,0.0009500000000000012
vol1,MH45,clean,201900.0,9.27,1.066,0.0231,0.0005999999999999998
vol1,MH45,clean,201900.0,10.63,1.144,0.028,0.0008000000000000004
vol1,MH45,clean,201900.0,12.27,1.132,0.0416,0.0261
vol1,MH45,clean,204700.0,-4.63,-0.326,0.0149,0.0033999999999999994
vol1,MH45,clean,204200.0,-6.17,-0.493,0.0213,0.0017999999999999995
vol1,MH45,clean,302600.0,-2.92,-0.174,0.0113,0.0017499999999999998
vol1,MH45,clean,302600.0,-1.45,-0.03,0.0094,0.00185
vol1,MH45,clean,302600.0,0.14,0.162,0.0086,0.0007499999999999998
vol1,MH45,clean,302600.0,1.48,0.314,0.0085,0.00019999999999999966
vol1,MH45,clean,302600.0,3.03,0.488,0.0094,0.0002999999999999999
vol1,MH45,clean,302600.0,4.5,0.648,0.0106,0.0002999999999999999
vol1,MH45,clean,302600.0,6.28,0.836,0.0127,0.0006500000000000004
vol1,MH45,clean,302600.0,7.66,0.968,0.0154,0.0004499999999999999
vol1,MH45,clean,302600.0,9.36,1.112,0.0198,0.0009499999999999995
vol1,MH45,clean,302600.0,10.74,1.182,0.0247,0.0016499999999999987
vol1,MH45,clean,306500.0,-6.07,-0.487,0.0194,0.0025000000000000005
vol1,MH45,clean,306500.0,-4.5,-0.345,0.0146,0.0019500000000000003
vol1,NACA 6409,clean,61000.0,-2.8,-0.004,0.0623,0.013049999999999996
vol1,NACA 6409,clean,61000.0,-1.13,0.238,0.0373,0.003199999999999998
vol1,NACA 6409,clean,61000.0,0.26,0.452,0.0363,0.0009999999999999974
vol1,NACA 6409,clean,61000.0,2.09,0.65,0.0367,0.0022499999999999985
vol1,NACA 6409,clean,61000.0,3.33,0.774,0.0399,0.001749999999999998
vol1,NACA 6409,clean,61000.0,5.0,0.923,0.0468,0.006499999999999999
vol1,NACA 6409,clean,100700.0,-2.68,0.194,0.0378,0.0023999999999999994
vol1,NACA 6409,clean,100700.0,-1.0,0.433,0.0228,0.00405
vol1,NACA 6409,clean,100700.0,0.26,0.563,0.02,0.00435
vol1,NACA 6409,clean,100700.0,1.98,0.728,0.0188,0.0052
vol1,NACA 6409,clean,100700.0,3.34,0.861,0.0197,0.0023499999999999997
vol1,NACA 6409,clean,100700.0,5.09,1.017,0.0213,0.0023499999999999997
vol1,NACA 6409,clean,100700.0,6.47,1.145,0.0219,0.0023
vol1,NACA 6409,clean,100700.0,8.12,1.285,0.0227,0.002449999999999999
vol1,NACA 6409,clean,100700.0,9.73,1.41,0.0252,0.0019500000000000003
vol1,NACA 6409,clean,200600.0,-2.89,0.282,0.0186,0.004999999999999999
vol1,NACA 6409,clean,200600.0,-1.37,0.435,0.0143,0.0024999999999999996
vol1,NACA 6409,clean,200600.0,0.22,0.601,0.0136,0.002300000000000001
vol1,NACA 6409,clean,200600.0,1.67,0.745,0.0125,0.002
vol1,NACA 6409,clean,200600.0,3.34,0.908,0.0134,0.0015499999999999993
vol1,NACA 6409,clean,200600.0,4.97,1.07,0.0142,0.0015000000000000005
vol1,NACA 6409,clean,200600.0,6.97,1.258,0.016,0.0006000000000000007
vol1,NACA 6409,clean,200600.0,8.11,1.352,0.0174,0.0008500000000000001
vol1,NACA 6409,clean,200600.0,10.13,1.457,0.0211,0.0011999999999999997
vol1,NACA 6409,clean,200600.0,11.33,1.44,0.0277,0.0039000000000000007
vol1,NACA 64A010,clean,61600.0,-6.06,-0.555,0.023,0.0024999999999999988
vol1,NACA 64A010,clean,61600.0,-4.31,-0.43,0.0175,0.0075
vol1,NACA 64A010,clean,61600.0,-2.72,-0.322,0.0177,0.0001499999999999991
vol1,NACA 64A010,clean,61600.0,-1.17,-0.042,0.0191,0.0022000000000000006
vol1,NACA 64A010,clean,61600.0,0.32,0.03,0.0113,0.0052
vol1,NACA 64A010,clean,61600.0,1.84,0.142,0.0173,0.0020500000000000006
vol1,NACA 64A010,clean,61600.0,3.18,0.383,0.0162,0.0016500000000000004
vol1,NACA 64A010,clean,61600.0,4.69,0.515,0.0184,0.002149999999999999
vol1,NACA 64A010,clean,61600.0,6.51,0.648,0.027,0.004599999999999998
vol1,NACA 64A010,clean,61600.0,7.91,0.736,0.0405,0.009000000000000001
vol1,NACA 64A010,clean,101600.0,-6.29,-0.625,0.0244,0.0017499999999999998
vol1,NACA 64A010,clean,101600.0,-4.28,-0.496,0.0137,0.0005500000000000001
vol1,NACA 64A010,clean,101600.0,-2.72,-0.376,0.0133,0.0007499999999999998
vol1,NACA 64A010,clean,101600.0,-1.22,-0.216,0.0148,0.002100000000000001
vol1,NACA 64A010,clean,101600.0,0.12,-0.017,0.0099,0.0013500000000000005
vol1,NACA 64A010,clean,101600.0,1.7,0.216,0.0136,0.00145
vol1,NACA 64A010,clean,101600.0,3.37,0.383,0.0132,0.0005999999999999998
vol1,NACA 64A010,clean,101600.0,4.7,0.479,0.0154,0.0011000000000000003
vol1,NACA 64A010,clean,101600.0,6.4,0.599,0.0259,0.0008000000000000004
vol1,NACA 64A010,clean,101600.0,7.68,0.687,0.0387,0.0014999999999999979
vol1,NACA 64A010,clean,202900.0,-6.07,-0.585,0.0167,0.00045000000000000075
vol1,NACA 64A010,clean,202900.0,-4.39,-0.472,0.011,0.0005000000000000004
vol1,NACA 64A010,clean,202900.0,-2.73,-0.336,0.0097,0.0015999999999999999
vol1,NACA 64A010,clean,202900.0,-1.1,-0.149,0.0107,0.0007000000000000001
vol1,NACA 64A010,clean,202900.0,0.08,-0.001,0.011,0.0026
vol1,NACA 64A010,clean,202900.0,1.66,0.183,0.0104,0.0009000000000000006
vol1,NACA 64A010,clean,202900.0,3.43,0.396,0.0102,0.0004000000000000002
vol1,NACA 64A010,clean,202900.0,4.66,0.487,0.0138,0.0002500000000000002
vol1,NACA 64A010,clean,202900.0,6.09,0.598,0.0189,0.0008999999999999998
vol1,NACA 64A010,clean,202900.0,7.73,0.721,0.0341,0.00145
vol1,NACA 64A010,clean,304400.0,-6.25,-0.61,0.0156,0.0007999999999999995
vol1,NACA 64A010,clean,304400.0,-4.27,-0.464,0.0104,0.0002999999999999999
vol1,NACA 64A010,clean,304400.0,-2.54,-0.301,0.0087,0.0013000000000000004
vol1,NACA 64A010,clean,304400.0,-0.87,-0.085,0.0081,0.0005000000000000004
vol1,NACA 64A010,clean,304400.0,0.36,0.031,0.0077,0.0009500000000000003
vol1,NACA 64A010,clean,304400.0,1.68,0.156,0.0079,0.0006999999999999997
vol1,NACA 64A010,clean,304400.0,3.29,0.363,0.0086,0.0007999999999999995
vol1,NACA 64A010,clean,304400.0,4.64,0.482,0.0122,0.00045000000000000075
vol1,NACA 64A010,clean,304400.0,6.2,0.608,0.0171,0.0010500000000000006
vol1,NACA 64A010,clean,304400.0,7.76,0.724,0.0309,0.002149999999999999
vol1,R140 (A),clean,101600.0,-4.02,-0.446,0.0181,0.001599999999999999
vol1,R140 (A),clean,101600.0,-2.47,-0.358,0.0183,0.002
vol1,R140 (A),clean,101600.0,-0.91,-0.065,0.016,0.00495
vol1,R140 (A),clean,101600.0,0.55,0.171,0.0179,0.0031000000000000003
vol1,R140 (A),clean,101600.0,2.14,0.403,0.0191,0.0017499999999999998
vol1,R140 (A),clean,101600.0,3.65,0.508,0.018,0.002150000000000001
vol1,R140 (A),clean,101600.0,4.99,0.59,0.0151,0.0008999999999999998
vol1,R140 (A),clean,101600.0,6.56,0.652,0.0211,0.00145
vol1,R140 (A),clean,101600.0,8.26,0.737,0.0311,0.0014999999999999979
vol1,R140 (A),clean,101600.0,9.53,0.797,0.0422,0.003550000000000001
vol1,R140 (A),clean,103000.0,-5.77,-0.563,0.0253,0.0012499999999999994
vol1,R140 (A),clean,203000.0,-5.63,-0.531,0.0203,0.0006999999999999992
vol1,R140 (A),clean,203000.0,-4.07,-0.419,0.0149,0.0006999999999999992
vol1,R140 (A),clean,203000.0,-2.71,-0.266,0.0105,0.0015000000000000005
vol1,R140 (A),clean,203000.0,-0.96,-0.09,0.0105,0.0023499999999999997
vol1,R140 (A),clean,203000.0,0.36,0.023,0.0104,0.0024000000000000002
vol1,R140 (A),clean,203000.0,2.02,0.208,0.012,0.0011999999999999997
vol1,R140 (A),clean,203000.0,3.84,0.462,0.0123,0.0008999999999999998
vol1,R140 (A),clean,203000.0,5.13,0.563,0.0162,0.0005500000000000001
vol1,R140 (A),clean,203000.0,6.47,0.627,0.0204,0.0011000000000000003
vol1,R140 (A),clean,203000.0,8.29,0.719,0.0298,0.0014000000000000002
vol1,R140 (A),clean,203000.0,9.56,0.796,0.0456,0.0029499999999999978
vol1,R140 (A),clean,304400.0,-5.71,-0.54,0.0194,0.001599999999999999
vol1,R140 (A),clean,304400.0,-3.85,-0.348,0.0121,0.0005000000000000004
vol1,R140 (A),clean,304400.0,-2.66,-0.237,0.0096,0.0013500000000000005
vol1,R140 (A),clean,304400.0,-0.44,-0.046,0.0089,0.0014000000000000002
vol1,R140 (A),clean,304400.0,0.59,0.043,0.0087,0.0009500000000000003
vol1,R140 (A),clean,304400.0,2.13,0.202,0.0089,0.0017500000000000003
vol1,R140 (A),clean,304400.0,3.4,0.359,0.0097,0.0022500000000000003
vol1,R140 (A),clean,304400.0,5.11,0.558,0.0155,0.002450000000000001
vol1,R140 (A),clean,304400.0,6.46,0.629,0.0187,0.000700000000000001
vol1,R140 (A),clean,304400.0,8.05,0.709,0.0263,0.0019500000000000003
vol1,R140 (A),clean,304400.0,9.62,0.814,0.049,0.004
vol1,RG15 (B),clean,61100.0,-6.86,-0.487,0.054,0.013900000000000003
vol1,RG15 (B),clean,61100.0,-4.99,-0.356,0.0286,0.005000000000000001
vol1,RG15 (B),clean,61100.0,-3.58,-0.251,0.0198,0.00775
vol1,RG15 (B),clean,61100.0,-1.93,-0.128,0.0153,0.00375
vol1,RG15 (B),clean,61100.0,-0.34,-0.009,0.0143,0.0070999999999999995
vol1,RG15 (B),clean,61100.0,1.12,0.166,0.0169,0.0071
vol1,RG15 (B),clean,61100.0,2.76,0.444,0.0176,0.0058
vol1,RG15 (B),clean,61100.0,4.24,0.595,0.0186,0.002450000000000001
vol1,RG15 (B),clean,61100.0,5.66,0.708,0.0197,0.0043
vol1,RG15 (B),clean,61100.0,7.31,0.83,0.0251,0.0049499999999999995
vol1,RG15 (B),clean,61100.0,8.86,0.935,0.0327,0.008899999999999998
vol1,RG15 (B),clean,61100.0,10.25,0.997,0.0451,0.017800000000000003
vol1,RG15 (B),clean,101200.0,-6.45,-0.566,0.039,0.0038499999999999993
vol1,RG15 (B),clean,101200.0,-4.97,-0.407,0.0237,0.000700000000000001
vol1,RG15 (B),clean,101200.0,-3.47,-0.276,0.0149,0.0005000000000000004
vol1,RG15 (B),clean,101200.0,-2.04,-0.195,0.0124,0.0025499999999999993
vol1,RG15 (B),clean,101200.0,-0.47,-0.063,0.0123,0.0026499999999999996
vol1,RG15 (B),clean,101200.0,1.1,0.217,0.0157,0.0006500000000000004
vol1,RG15 (B),clean,101200.0,2.62,0.408,0.0143,0.0005500000000000001
vol1,RG15 (B),clean,101200.0,4.1,0.52,0.0149,0.0011000000000000012
vol1,RG15 (B),clean,101200.0,5.66,0.659,0.017,0.0014999999999999996
vol1,RG15 (B),clean,101200.0,7.23,0.802,0.0223,0.0019500000000000003
vol1,RG15 (B),clean,101200.0,8.77,0.895,0.0294,0.003000000000000001
vol1,RG15 (B),clean,101200.0,10.28,0.925,0.0466,0.005800000000000003
vol1,RG15 (B),clean,151800.0,-6.07,-0.425,0.0315,0.001100000000000002
vol1,RG15 (B),clean,151800.0,-5.1,-0.35,0.0219,0.0008500000000000001
vol1,RG15 (B),clean,151800.0,-4.13,-0.27,0.0169,0.0011999999999999997
vol1,RG15 (B),clean,151800.0,-3.25,-0.193,0.0137,0.0007499999999999998
vol1,RG15 (B),clean,151800.0,-2.02,-0.09,0.0125,0.0017000000000000001
vol1,RG15 (B),clean,151800.0,-1.28,-0.029,0.012,0.00285
vol1,RG15 (B),clean,151800.0,0.04,0.173,0.0106,0.0008000000000000004
vol1,RG15 (B),clean,151800.0,0.92,0.301,0.01,0.0008500000000000001
vol1,RG15 (B),clean,151800.0,2.01,0.421,0.0103,0.0006500000000000004
vol1,RG15 (B),clean,151800.0,2.91,0.511,0.0112,0.0010500000000000006
vol1,RG15 (B),clean,151800.0,4.07,0.629,0.0117,0.0002500000000000002
vol1,RG15 (B),clean,151800.0,5.11,0.727,0.0133,0.0005000000000000004
vol1,RG15 (B),clean,151800.0,5.95,0.799,0.0156,0.0003000000000000008
vol1,RG15 (B),clean,151800.0,7.15,0.899,0.0195,0.0017999999999999995
vol1,RG15 (B),clean,151800.0,8.2,0.966,0.0223,0.000700000000000001
vol1,RG15 (B),clean,151800.0,8.98,1.008,0.0277,0.0011999999999999997
vol1,RG15 (B),clean,151800.0,10.0,1.054,0.0378,0.0010000000000000009
vol1,RG15 (B),clean,202500.0,-6.46,-0.424,0.0327,0.0011500000000000017
vol1,RG15 (B),clean,202500.0,-5.09,-0.32,0.0183,0.0012500000000000011
vol1,RG15 (B),clean,202500.0,-3.53,-0.188,0.0132,0.0010499999999999997
vol1,RG15 (B),clean,202500.0,-1.98,-0.038,0.0113,0.0015500000000000002
vol1,RG15 (B),clean,202500.0,-0.47,0.157,0.0093,0.00335
vol1,RG15 (B),clean,202500.0,1.13,0.334,0.0089,0.0017500000000000003
vol1,RG15 (B),clean,202500.0,2.68,0.495,0.0093,0.0004499999999999999
vol1,RG15 (B),clean,202500.0,4.2,0.647,0.0107,0.0006999999999999992
vol1,RG15 (B),clean,202500.0,5.74,0.789,0.0136,0.0005500000000000001
vol1,RG15 (B),clean,202500.0,7.27,0.912,0.0177,0.0005000000000000004
vol1,RG15 (B),clean,202500.0,8.76,1.003,0.0247,0.0012500000000000011
vol1,RG15 (B),clean,202500.0,10.31,1.066,0.0385,0.0017999999999999995
vol1,RG15 (B),clean,302700.0,-6.49,-0.458,0.0344,0.0008500000000000001
vol1,RG15 (B),clean,302700.0,-5.14,-0.345,0.0157,0.0012499999999999994
vol1,RG15 (B),clean,302700.0,-3.66,-0.209,0.0126,0.00285
vol1,RG15 (B),clean,302700.0,-2.16,-0.02,0.0091,0.0004999999999999996
vol1,RG15 (B),clean,302700.0,-0.56,0.16,0.0083,0.00195
vol1,RG15 (B),clean,302700.0,0.94,0.319,0.0074,0.0007499999999999998
vol1,RG15 (B),clean,302700.0,2.57,0.501,0.0078,0.0002000000000000001
vol1,RG15 (B),clean,302700.0,4.06,0.657,0.0094,0.00019999999999999966
vol1,RG15 (B),clean,302700.0,5.6,0.802,0.0121,0.0008000000000000004
vol1,RG15 (B),clean,302700.0,7.16,0.935,0.015,0.0006499999999999995
vol1,RG15 (B),clean,302700.0,8.77,1.043,0.0219,0.0016500000000000004
vol1,RG15 (B),clean,302700.0,10.36,1.112,0.0344,0.0016500000000000022
vol1,S1210,clean,101100.0,-3.97,0.352,0.0307,0.0010000000000000009
vol1,S1210,clean,101100.0,-3.03,0.531,0.0257,0.0017499999999999998
vol1,S1210,clean,101100.0,-2.04,0.677,0.0228,0.0023999999999999994
vol1,S1210,clean,101100.0,-0.95,0.79,0.0256,0.006299999999999998
vol1,S1210,clean,101100.0,-0.0,0.873,0.025,0.00345
vol1,S1210,clean,101100.0,1.09,0.981,0.028,0.00375
vol1,S1210,clean,101100.0,2.04,1.074,0.0276,0.0040999999999999995
vol1,S1210,clean,101100.0,3.1,1.179,0.0286,0.003250000000000001
vol1,S1210,clean,101100.0,4.25,1.27,0.0287,0.0038499999999999993
vol1,S1210,clean,101100.0,5.22,1.35,0.0309,0.0040999999999999995
vol1,S1210,clean,101100.0,6.35,1.449,0.0333,0.004499999999999999
vol1,S1210,clean,101100.0,7.16,1.512,0.0343,0.004750000000000001
vol1,S1210,clean,101100.0,8.28,1.607,0.0336,0.004450000000000001
vol1,S1210,clean,101100.0,9.39,1.689,0.0345,0.0032000000000000015
vol1,S1210,clean,101100.0,10.2,1.74,0.0334,0.00345
vol1,S1210,clean,101100.0,11.22,1.792,0.0336,0.004400000000000001
vol1,S1210,clean,100400.0,12.29,1.775,0.0398,0.002650000000000003
vol1,S1210,clean,150500.0,-3.82,0.424,0.0217,0.0001499999999999991
vol1,S1210,clean,150500.0,-2.88,0.594,0.0161,0.0023999999999999994
vol1,S1210,clean,150500.0,-1.83,0.708,0.0162,0.0005500000000000001
vol1,S1210,clean,150500.0,-0.78,0.81,0.017,0.0007500000000000007
vol1,S1210,clean,150500.0,0.21,0.907,0.0189,0.00115
vol1,S1210,clean,150500.0,1.39,1.024,0.0201,0.0008999999999999998
vol1,S1210,clean,150500.0,2.33,1.118,0.0208,0.0007500000000000007
vol1,S1210,clean,150500.0,3.14,1.195,0.0216,0.0008999999999999998
vol1,S1210,clean,150500.0,4.14,1.285,0.0221,0.001299999999999999
vol1,S1210,clean,150500.0,5.33,1.384,0.0238,0.0009499999999999995
vol1,S1210,clean,150500.0,6.35,1.468,0.0252,0.0006499999999999995
vol1,S1210,clean,150500.0,7.35,1.548,0.0262,0.0006499999999999995
vol1,S1210,clean,150500.0,8.17,1.61,0.0268,0.0006999999999999992
vol1,S1210,clean,150500.0,9.49,1.706,0.0277,0.0003499999999999996
vol1,S1210,clean,150500.0,10.32,1.758,0.0287,0.0007499999999999989
vol1,S1210,clean,150500.0,11.27,1.794,0.0315,0.0006999999999999992
vol1,S1210,clean,150500.0,12.31,1.816,0.0375,0.0013500000000000005
vol1,S1210,clean,200900.0,-4.14,0.449,0.0188,0.0003999999999999993
vol1,S1210,clean,200900.0,-3.15,0.589,0.014,0.0004000000000000002
vol1,S1210,clean,200900.0,-2.18,0.695,0.0138,0.0011000000000000003
vol1,S1210,clean,200900.0,-1.15,0.795,0.0148,0.0013500000000000005
vol1,S1210,clean,200900.0,-0.02,0.909,0.0158,0.001
vol1,S1210,clean,200900.0,0.92,1.001,0.0165,0.0008500000000000001
vol1,S1210,clean,200900.0,1.95,1.106,0.0172,0.0009499999999999995
vol1,S1210,clean,200900.0,2.94,1.2,0.018,0.0009499999999999995
vol1,S1210,clean,200900.0,4.0,1.299,0.0187,0.0006999999999999992
vol1,S1210,clean,200900.0,5.1,1.39,0.019,0.0003999999999999993
vol1,S1210,clean,200900.0,6.16,1.485,0.0201,0.00045000000000000075
vol1,S1210,clean,200900.0,7.16,1.568,0.0211,0.0003499999999999996
vol1,S1210,clean,200900.0,8.16,1.646,0.0221,0.0003499999999999996
vol1,S1210,clean,200900.0,9.37,1.737,0.0236,0.0005000000000000004
vol1,S1210,clean,200900.0,10.47,1.793,0.0262,0.0008999999999999998
vol1,S1210,clean,200900.0,11.66,1.821,0.0317,0.002
vol1,S1210,clean,250500.0,-4.14,0.426,0.017,0.0005999999999999998
vol1,S1210,clean,250500.0,-3.12,0.571,0.0128,0.00014999999999999996
vol1,S1210,clean,250500.0,-2.16,0.686,0.0125,0.0003999999999999993
vol1,S1210,clean,250500.0,-1.09,0.79,0.0135,0.0011000000000000003
vol1,S1210,clean,250500.0,-0.05,0.896,0.0145,0.001
vol1,S1210,clean,250500.0,1.01,1.005,0.015,0.0008000000000000004
vol1,S1210,clean,250500.0,2.05,1.11,0.0157,0.0003999999999999993
vol1,S1210,clean,250500.0,3.02,1.204,0.0163,0.0003999999999999993
vol1,S1210,clean,250500.0,4.09,1.306,0.017,0.0005999999999999998
vol1,S1210,clean,250500.0,5.03,1.387,0.017,0.0005500000000000001
vol1,S1210,clean,250500.0,6.16,1.483,0.0178,0.0005500000000000001
vol1,S1210,clean,250500.0,7.19,1.572,0.0187,0.0002999999999999999
vol1,S1210,clean,250500.0,8.18,1.651,0.0197,0.0003999999999999993
vol1,S1210,clean,250500.0,9.41,1.738,0.0213,0.00045000000000000075
vol1,S1210,clean,250500.0,10.24,1.779,0.0233,0.000449999999999999
vol1,S1210,clean,250500.0,11.28,1.81,0.0278,0.0008000000000000004
vol1,S1210,clean,247600.0,12.3,1.839,0.0337,0.0014999999999999979
vol1,S1210,clean,300800.0,-5.1,0.294,0.0203,0.0002999999999999999
vol1,S1210,clean,300800.0,-4.1,0.447,0.0148,0.0004000000000000002
vol1,S1210,clean,300800.0,-3.05,0.586,0.0116,0.00014999999999999996
vol1,S1210,clean,300800.0,-2.03,0.698,0.0116,0.0003500000000000005
vol1,S1210,clean,300800.0,-1.03,0.796,0.0126,0.0006500000000000004
vol1,S1210,clean,300800.0,0.02,0.904,0.0135,0.0009499999999999995
vol1,S1210,clean,300800.0,1.01,1.005,0.0138,0.001
vol1,S1210,clean,300800.0,2.09,1.116,0.0146,0.0005499999999999993
vol1,S1210,clean,300800.0,3.1,1.217,0.0151,0.0002999999999999999
vol1,S1210,clean,300800.0,4.13,1.316,0.0157,0.0007500000000000007
vol1,S1210,clean,300800.0,5.15,1.409,0.0158,0.0006500000000000004
vol1,S1210,clean,300800.0,6.17,1.493,0.0163,0.0005000000000000004
vol1,S1210,clean,300800.0,7.13,1.571,0.0172,0.0005999999999999998
vol1,S1210,clean,300800.0,8.23,1.66,0.0183,0.00040000000000000105
vol1,S1210,clean,300800.0,9.14,1.721,0.0195,0.0005000000000000004
vol1,S1210,clean,300800.0,10.23,1.778,0.0224,0.0005500000000000001
vol1,S1210,clean,300800.0,11.27,1.812,0.0273,0.0007999999999999986
vol1,S1210,clean,300800.0,12.27,1.835,0.0339,0.0014999999999999979
vol1,S1223,clean,100600.0,-3.29,0.387,0.0665,0.004050000000000005
vol1,S1223,clean,100600.0,-2.52,0.756,0.0331,0.0034999999999999996
vol1,S1223,clean,100600.0,-0.99,0.944,0.0226,0.0008999999999999998
vol1,S1223,clean,100600.0,-0.01,1.048,0.0244,0.003049999999999999
vol1,S1223,clean,100600.0,0.92,1.136,0.028,0.003300000000000001
vol1,S1223,clean,100600.0,1.75,1.213,0.029,0.003300000000000001
vol1,S1223,clean,100600.0,2.59,1.291,0.0303,0.00405
vol1,S1223,clean,100600.0,3.72,1.372,0.0332,0.004100000000000001
vol1,S1223,clean,100600.0,4.85,1.461,0.0376,0.004400000000000001
vol1,S1223,clean,100600.0,5.74,1.529,0.0418,0.003950000000000002
vol1,S1223,clean,100600.0,6.72,1.588,0.0481,0.004449999999999999
vol1,S1223,clean,150500.0,-2.29,0.784,0.0255,0.00145
vol1,S1223,clean,150500.0,-0.81,0.956,0.02,0.0003999999999999993
vol1,S1223,clean,150500.0,0.75,1.13,0.0221,0.000700000000000001
vol1,S1223,clean,150500.0,2.92,1.339,0.0259,0.0009500000000000012
vol1,S1223,clean,149700.0,3.94,1.432,0.0275,0.0007999999999999986
vol1,S1223,clean,149700.0,5.25,1.543,0.0315,0.0009999999999999992
vol1,S1223,clean,149700.0,6.87,1.669,0.0359,0.0009499999999999995
vol1,S1223,clean,149700.0,8.64,1.796,0.0425,0.0010499999999999989
vol1,S1223,clean,149700.0,9.94,1.879,0.0477,0.0020499999999999997
vol1,S1223,clean,149700.0,11.47,1.972,0.0532,0.0023
vol1,S1223,clean,200400.0,-2.83,0.591,0.0414,0.0020499999999999997
vol1,S1223,clean,200400.0,-1.45,0.91,0.019,0.0009499999999999995
vol1,S1223,clean,200400.0,-0.0,1.083,0.0191,0.0007500000000000007
vol1,S1223,clean,200400.0,0.67,1.145,0.02,0.0008000000000000004
vol1,S1223,clean,200400.0,1.82,1.256,0.0212,0.0007500000000000007
vol1,S1223,clean,200400.0,2.99,1.369,0.0223,0.00045000000000000075
vol1,S1223,clean,200400.0,3.77,1.428,0.0227,0.0002999999999999999
vol1,S1223,clean,200400.0,4.76,1.51,0.0245,0.0005500000000000001
vol1,S1223,clean,200400.0,6.26,1.628,0.0277,0.0003999999999999993
vol1,S1223,clean,200400.0,6.9,1.678,0.0289,0.0008999999999999998
vol1,S1223,clean,200400.0,7.93,1.753,0.0314,0.0009000000000000015
vol1,S1223,clean,198500.0,8.91,1.829,0.0335,0.0008500000000000001
vol1,S1223,clean,198500.0,10.16,1.913,0.036,0.0009500000000000029
vol1,S1223,clean,198500.0,11.1,1.971,0.0383,0.0008500000000000001
vol1,S1223,clean,198500.0,11.87,2.018,0.0397,0.0011000000000000003
vol1,S1223,clean,198500.0,13.17,2.094,0.0413,0.0009000000000000015
vol1,S1223,clean,198500.0,13.96,2.139,0.0428,0.0016000000000000007
vol1,S1223,clean,198500.0,15.19,2.195,0.0454,0.0023500000000000014
vol1,S1223,clean,249700.0,-3.04,0.446,0.055,0.0015999999999999973
vol1,S1223,clean,249700.0,-1.07,0.944,0.0169,0.0011000000000000003
vol1,S1223,clean,249700.0,0.47,1.12,0.0175,0.0008000000000000004
vol1,S1223,clean,249700.0,1.94,1.262,0.0197,0.0008000000000000004
vol1,S1223,clean,249700.0,3.48,1.406,0.0209,0.0008999999999999998
vol1,S1223,clean,249700.0,5.12,1.535,0.0226,0.0006499999999999995
vol1,S1223,clean,249700.0,6.64,1.657,0.0252,0.0002999999999999999
vol1,S1223,clean,249700.0,8.18,1.776,0.0276,0.0002999999999999999
vol1,S1223,clean,249700.0,9.57,1.877,0.0302,0.0002999999999999999
vol1,S1223,clean,249700.0,11.39,1.998,0.0337,0.000449999999999999
vol1,S1223,clean,249700.0,12.93,2.09,0.0358,0.0007999999999999986
vol1,S1223,clean,249700.0,14.58,2.173,0.0396,0.0014999999999999979
vol1,S1223,clean,299100.0,-2.68,0.642,0.04,0.0013999999999999985
vol1,S1223,clean,299100.0,-1.02,0.961,0.0168,0.0019499999999999995
vol1,S1223,clean,299100.0,0.48,1.131,0.0164,0.0008999999999999998
vol1,S1223,clean,299100.0,2.05,1.282,0.0187,0.0006999999999999992
vol1,S1223,clean,299100.0,3.6,1.429,0.02,0.0007500000000000007
vol1,S1223,clean,299100.0,5.1,1.548,0.0212,0.0009499999999999995
vol1,S1223,clean,299100.0,6.61,1.671,0.0232,0.0005500000000000001
vol1,S1223,clean,299100.0,8.21,1.8,0.0257,0.00035000000000000135
vol1,S1223,clean,299100.0,9.7,1.91,0.0281,0.0005500000000000001
vol1,S1223,clean,299100.0,11.22,2.016,0.0307,0.0005999999999999998
vol1,S1223,clean,299100.0,12.84,2.116,0.0336,0.0009500000000000029
vol1,S1223,clean,299100.0,14.74,2.175,0.0371,0.00315
vol1,S1223,clean,299100.0,16.38,2.217,0.0454,0.008399999999999998
vol1,S1223,modified,199400.0,-0.39,1.266,0.0241,0.00115
vol1,S1223,modified,199400.0,3.62,1.636,0.0289,0.0010000000000000009
vol1,S1223,modified,199400.0,7.83,1.915,0.0364,0.0006500000000000013
vol1,S1223,modified,200100.0,-0.43,0.975,0.0302,0.00685
vol1,S1223,modified,200100.0,1.77,1.184,0.0336,0.0075
vol1,S1223,modified,200100.0,3.78,1.352,0.0362,0.00785
vol1,S1223,modified,200100.0,5.85,1.521,0.041,0.007399999999999997
vol1,S1223,modified,200100.0,7.7,1.653,0.0454,0.0068000000000000005
vol1,S1223,modified,200100.0,9.92,1.801,0.0527,0.00825
vol1,S6062,clean,101300.0,-3.98,-0.21,0.0185,0.0007999999999999986
vol1,S6062,clean,101300.0,-2.17,-0.047,0.0122,0.0009499999999999995
vol1,S6062,clean,101300.0,-0.61,0.088,0.0104,0.0033499999999999997
vol1,S6062,clean,101300.0,0.75,0.24,0.013,0.0014999999999999996
vol1,S6062,clean,101300.0,2.39,0.506,0.0137,0.00115
vol1,S6062,clean,101300.0,3.53,0.617,0.0136,0.001599999999999999
vol1,S6062,clean,101300.0,5.32,0.773,0.0153,0.0010000000000000009
vol1,S6062,clean,101300.0,7.02,0.882,0.0269,0.002400000000000001
vol1,S6062,clean,101300.0,8.3,0.964,0.0391,0.00435
vol1,S6062,clean,202100.0,-6.86,-0.47,0.0584,0.0030000000000000027
vol1,S6062,clean,202100.0,-2.91,-0.106,0.0122,0.0007000000000000001
vol1,S6062,clean,202100.0,-2.59,-0.07,0.0112,0.001
vol1,S6062,clean,202100.0,-0.76,0.138,0.009,0.0011000000000000003
vol1,S6062,clean,202100.0,0.56,0.308,0.0081,0.0014000000000000002
vol1,S6062,clean,202100.0,2.45,0.516,0.0086,0.0010499999999999997
vol1,S6062,clean,202100.0,3.73,0.65,0.0098,0.0007499999999999998
vol1,S6062,clean,202100.0,5.49,0.783,0.0157,0.0014500000000000008
vol1,S6062,clean,202100.0,6.73,0.873,0.0218,0.0016500000000000004
vol1,S6062,clean,202000.0,-4.21,-0.237,0.0155,0.0015499999999999993
vol1,S6062,clean,202000.0,8.7,1.006,0.0422,0.004799999999999999
vol1,S6062,clean,303600.0,-5.55,-0.335,0.018,0.0017999999999999995
vol1,S6062,clean,303600.0,-3.94,-0.192,0.0131,0.00185
vol1,S6062,clean,303600.0,-2.57,-0.038,0.0092,0.0015500000000000002
vol1,S6062,clean,303600.0,-0.83,0.175,0.0072,0.0008999999999999998
vol1,S6062,clean,303600.0,0.59,0.322,0.0066,0.0013
vol1,S6062,clean,303600.0,2.57,0.529,0.0077,0.00030000000000000035
vol1,S6062,clean,303600.0,3.75,0.64,0.0088,0.0005500000000000001
vol1,S6062,clean,303600.0,5.74,0.798,0.0155,0.0008500000000000009
vol1,S6062,clean,303600.0,7.24,0.915,0.0228,0.002
vol1,S6062,clean,303600.0,8.62,1.014,0.0453,0.007100000000000002
vol1,S7012 (B),clean,61100.0,-5.8,-0.42,0.04,0.0040500000000000015
vol1,S7012 (B),clean,61100.0,-4.31,-0.299,0.0253,0.004200000000000001
vol1,S7012 (B),clean,61100.0,-2.78,-0.162,0.0169,0.0023
vol1,S7012 (B),clean,61100.0,-1.28,-0.035,0.0124,0.005299999999999999
vol1,S7012 (B),clean,61100.0,0.13,0.107,0.0109,0.0027
vol1,S7012 (B),clean,61100.0,1.75,0.388,0.0171,0.007949999999999999
vol1,S7012 (B),clean,61100.0,3.52,0.576,0.023,0.006500000000000001
vol1,S7012 (B),clean,61100.0,4.85,0.692,0.0175,0.0031000000000000003
vol1,S7012 (B),clean,61100.0,6.36,0.827,0.0224,0.004650000000000001
vol1,S7012 (B),clean,61100.0,7.89,0.953,0.025,0.005349999999999999
vol1,S7012 (B),clean,61100.0,9.58,1.059,0.0351,0.010400000000000001
vol1,S7012 (B),clean,61100.0,10.99,1.103,0.0535,0.0156
vol1,S7012 (B),clean,101200.0,-5.86,-0.456,0.0355,0.0036500000000000005
vol1,S7012 (B),clean,101200.0,-4.38,-0.322,0.0202,0.00115
vol1,S7012 (B),clean,101200.0,-2.88,-0.185,0.0143,0.0017999999999999995
vol1,S7012 (B),clean,101200.0,-1.29,-0.048,0.0102,0.0014999999999999996
vol1,S7012 (B),clean,101200.0,0.26,0.185,0.0118,0.0013500000000000005
vol1,S7012 (B),clean,101200.0,1.79,0.369,0.0136,0.002450000000000001
vol1,S7012 (B),clean,101200.0,3.32,0.52,0.0151,0.001999999999999999
vol1,S7012 (B),clean,101200.0,4.79,0.669,0.0161,0.0007999999999999995
vol1,S7012 (B),clean,101200.0,6.42,0.833,0.0171,0.0013000000000000008
vol1,S7012 (B),clean,101200.0,7.98,0.966,0.0226,0.0017999999999999995
vol1,S7012 (B),clean,101200.0,9.53,1.055,0.0377,0.0012499999999999976
vol1,S7012 (B),clean,101200.0,11.03,1.106,0.0603,0.0029
vol1,S7012 (B),clean,152100.0,-5.93,-0.435,0.0281,0.0017000000000000001
vol1,S7012 (B),clean,152100.0,-4.13,-0.273,0.0167,0.0010500000000000006
vol1,S7012 (B),clean,152100.0,-2.52,-0.125,0.0112,0.0008999999999999998
vol1,S7012 (B),clean,152100.0,-1.1,0.027,0.0097,0.0007999999999999995
vol1,S7012 (B),clean,152100.0,0.59,0.23,0.0095,0.00145
vol1,S7012 (B),clean,152100.0,1.99,0.375,0.011,0.0009499999999999995
vol1,S7012 (B),clean,152100.0,3.46,0.533,0.0123,0.0002999999999999999
vol1,S7012 (B),clean,152100.0,5.17,0.713,0.0134,0.0005999999999999998
vol1,S7012 (B),clean,152100.0,6.73,0.868,0.0157,0.0006999999999999992
vol1,S7012 (B),clean,152100.0,8.07,0.965,0.023,0.0008999999999999998
vol1,S7012 (B),clean,152100.0,9.62,1.056,0.0349,0.0005000000000000004
vol1,S7012 (B),clean,202200.0,-5.9,-0.437,0.0233,0.001299999999999999
vol1,S7012 (B),clean,202200.0,-4.39,-0.302,0.016,0.0007500000000000007
vol1,S7012 (B),clean,202200.0,-2.86,-0.154,0.0111,0.0013499999999999996
vol1,S7012 (B),clean,202200.0,-1.38,0.007,0.0089,0.0008000000000000004
vol1,S7012 (B),clean,202200.0,0.36,0.193,0.0075,0.0007500000000000002
vol1,S7012 (B),clean,202200.0,1.78,0.347,0.0092,0.0004000000000000002
vol1,S7012 (B),clean,202200.0,3.37,0.522,0.0105,0.0003499999999999996
vol1,S7012 (B),clean,202200.0,4.78,0.671,0.0115,0.0004000000000000002
vol1,S7012 (B),clean,202200.0,6.45,0.839,0.0135,0.0008999999999999998
vol1,S7012 (B),clean,202200.0,7.95,0.958,0.0204,0.0006500000000000013
vol1,S7012 (B),clean,202200.0,9.48,1.052,0.0313,0.0007500000000000007
vol1,S7012 (B),clean,202200.0,10.99,1.097,0.0538,0.0009000000000000015
vol1,S7012 (B),clean,303000.0,-5.83,-0.445,0.0202,0.00145
vol1,S7012 (B),clean,303000.0,-4.21,-0.291,0.0129,0.001
vol1,S7012 (B),clean,303000.0,-2.75,-0.146,0.0099,0.0015000000000000005
vol1,S7012 (B),clean,303000.0,-1.15,0.041,0.0076,0.0010500000000000002
vol1,S7012 (B),clean,303000.0,0.15,0.163,0.0077,0.0008500000000000005
vol1,S7012 (B),clean,303000.0,1.71,0.342,0.0075,0.00019999999999999966
vol1,S7012 (B),clean,303000.0,3.33,0.526,0.0086,0.0002500000000000002
vol1,S7012 (B),clean,303000.0,4.91,0.703,0.0097,0.0005000000000000004
vol1,S7012 (B),clean,303000.0,6.51,0.862,0.0121,0.0005500000000000001
vol1,S7012 (B),clean,303000.0,7.89,0.979,0.0181,0.0005499999999999984
vol1,S7012 (B),clean,303000.0,9.6,1.086,0.0286,0.0007499999999999989
vol1,S7012 (B),clean,303000.0,11.07,1.143,0.0549,0.00485
vol1,S7055,clean,60700.0,-4.55,-0.207,0.0341,0.004
vol1,S7055,clean,60700.0,-2.72,0.008,0.0277,0.0037
vol1,S7055,clean,60700.0,-0.93,0.18,0.0229,0.0060999999999999995
vol1,S7055,clean,60700.0,0.4,0.348,0.0271,0.0058
vol1,S7055,clean,60700.0,2.33,0.563,0.0298,0.0071
vol1,S7055,clean,60700.0,3.49,0.688,0.0329,0.005899999999999999
vol1,S7055,clean,60700.0,5.29,0.875,0.0333,0.014400000000000001
vol1,S7055,clean,60700.0,6.57,0.993,0.0311,0.015
vol1,S7055,clean,60700.0,8.32,1.137,0.0329,0.0068000000000000005
vol1,S7055,clean,60700.0,9.65,1.23,0.0296,0.0036500000000000005
vol1,S7055,clean,60600.0,11.91,1.237,0.0522,0.01745
vol1,S7055,clean,101400.0,-4.43,-0.103,0.0262,0.0023499999999999997
vol1,S7055,clean,101400.0,-2.4,0.132,0.0198,0.0018000000000000013
vol1,S7055,clean,101400.0,-0.92,0.281,0.0189,0.0029
vol1,S7055,clean,101400.0,0.45,0.423,0.0203,0.0029499999999999995
vol1,S7055,clean,101400.0,2.35,0.608,0.021,0.00375
vol1,S7055,clean,101400.0,3.57,0.729,0.0206,0.00315
vol1,S7055,clean,101400.0,5.41,0.914,0.0186,0.0012500000000000011
vol1,S7055,clean,101400.0,6.68,1.031,0.0202,0.0010499999999999989
vol1,S7055,clean,101400.0,7.98,1.145,0.0233,0.0014999999999999996
vol1,S7055,clean,101400.0,9.92,1.25,0.031,0.0060500000000000016
vol1,S7055,clean,151900.0,-4.63,-0.078,0.0214,0.001850000000000001
vol1,S7055,clean,151900.0,-2.64,0.101,0.0161,0.0013499999999999996
vol1,S7055,clean,151900.0,-1.03,0.258,0.0137,0.0011999999999999997
vol1,S7055,clean,151900.0,0.44,0.396,0.0139,0.0008500000000000001
vol1,S7055,clean,151900.0,1.91,0.547,0.0147,0.0006999999999999992
vol1,S7055,clean,151900.0,3.48,0.71,0.0153,0.0006499999999999995
vol1,S7055,clean,151900.0,5.03,0.873,0.0161,0.0009999999999999992
vol1,S7055,clean,151900.0,6.53,1.02,0.0172,0.0005999999999999998
vol1,S7055,clean,151900.0,8.09,1.142,0.0196,0.0011000000000000003
vol1,S7055,clean,151900.0,9.75,1.228,0.0289,0.008299999999999998
vol1,S7055,clean,201900.0,-2.08,0.161,0.0129,0.0015000000000000005
vol1,S7055,clean,201900.0,-0.82,0.275,0.011,0.0018000000000000004
vol1,S7055,clean,201900.0,0.49,0.414,0.0116,0.0015500000000000002
vol1,S7055,clean,201900.0,2.42,0.619,0.012,0.0008500000000000001
vol1,S7055,clean,201900.0,3.75,0.76,0.0126,0.0004499999999999999
vol1,S7055,clean,201900.0,5.23,0.912,0.0131,0.0006499999999999995
vol1,S7055,clean,201900.0,7.12,1.088,0.0159,0.0008999999999999989
vol1,S7055,clean,201900.0,8.32,1.177,0.0192,0.0017499999999999998
vol1,S7055,clean,201900.0,9.61,1.217,0.0273,0.009399999999999999
vol1,S7055,clean,203900.0,-4.49,-0.078,0.0188,0.0019000000000000006
vol1,S7055,clean,202800.0,-2.92,0.071,0.0148,0.00185
vol1,S7055,clean,301600.0,-1.06,0.239,0.0093,0.00115
vol1,S7055,clean,301600.0,0.37,0.394,0.0089,0.0008999999999999998
vol1,S7055,clean,301600.0,2.11,0.582,0.0094,0.0007999999999999995
vol1,S7055,clean,301600.0,4.01,0.786,0.0103,0.0010499999999999997
vol1,S7055,clean,301600.0,5.21,0.906,0.0113,0.0011000000000000003
vol1,S7055,clean,301600.0,6.45,1.021,0.0127,0.0009500000000000003
vol1,S7055,clean,301600.0,8.13,1.152,0.017,0.00215
vol1,S7055,clean,301600.0,10.12,1.2,0.0338,0.009799999999999998
vol1,S7055,clean,305200.0,-4.49,-0.109,0.0165,0.0024999999999999996
vol1,S7055,clean,304900.0,-2.96,0.054,0.0129,0.00185
vol1,S822,clean,102100.0,-7.2,-0.683,0.0258,0.0013500000000000005
vol1,S822,clean,102100.0,-4.29,-0.374,0.0245,0.00425
vol1,S822,clean,102100.0,-2.75,-0.26,0.0285,0.00115
vol1,S822,clean,102100.0,-1.4,-0.208,0.0315,0.0026
vol1,S822,clean,102100.0,0.09,-0.11,0.0334,0.005899999999999999
vol1,S822,clean,102100.0,1.61,0.035,0.0352,0.00255
vol1,S822,clean,102100.0,3.19,0.185,0.0431,0.0036500000000000005
vol1,S822,clean,102100.0,4.65,0.338,0.0516,0.0027500000000000024
vol1,S822,clean,102100.0,6.4,0.755,0.0306,0.0017000000000000001
vol1,S822,clean,102100.0,7.91,0.97,0.0201,0.0014999999999999996
vol1,S822,clean,102100.0,9.46,1.074,0.0236,0.0029499999999999995
vol1,S822,clean,102100.0,10.95,1.091,0.0359,0.003449999999999998
vol1,S822,clean,100900.0,12.45,1.139,0.0463,0.00655
vol1,S822,clean,203400.0,-7.69,-0.536,0.0196,0.00045000000000000075
vol1,S822,clean,203400.0,-5.9,-0.366,0.0178,0.0008500000000000001
vol1,S822,clean,203400.0,-4.42,-0.226,0.0177,0.0008500000000000001
vol1,S822,clean,203400.0,-3.12,-0.101,0.019,0.00115
vol1,S822,clean,203400.0,-1.56,0.046,0.0206,0.0013000000000000008
vol1,S822,clean,203400.0,0.08,0.2,0.0225,0.0008000000000000004
vol1,S822,clean,203400.0,1.53,0.338,0.023,0.0008999999999999998
vol1,S822,clean,203400.0,3.02,0.492,0.0217,0.0005500000000000001
vol1,S822,clean,203400.0,4.58,0.653,0.0182,0.000449999999999999
vol1,S822,clean,203400.0,6.13,0.84,0.0152,0.0006000000000000007
vol1,S822,clean,203400.0,7.76,0.974,0.0151,0.0012500000000000002
vol1,S822,clean,203400.0,9.11,1.045,0.0205,0.0010999999999999985
vol1,S822,clean,203400.0,10.66,1.093,0.0305,0.0036499999999999987
vol1,S822,clean,203400.0,12.12,1.131,0.0424,0.0067500000000000025
vol1,S822,clean,304800.0,-8.4,-0.559,0.016,0.0002499999999999985
vol1,S822,clean,304800.0,-6.48,-0.398,0.0136,0.0005500000000000001
vol1,S822,clean,304800.0,-5.04,-0.266,0.0126,0.0008500000000000001
vol1,S822,clean,304800.0,-3.55,-0.119,0.0127,0.0011999999999999997
vol1,S822,clean,304800.0,-2.05,0.038,0.0131,0.0011999999999999997
vol1,S822,clean,304800.0,-0.45,0.206,0.0134,0.0011000000000000003
vol1,S822,clean,304800.0,1.38,0.412,0.0138,0.0006000000000000007
vol1,S822,clean,304800.0,2.76,0.563,0.0139,0.0003500000000000005
vol1,S822,clean,304800.0,4.64,0.755,0.013,0.0005500000000000001
vol1,S822,clean,304800.0,5.97,0.87,0.0125,0.001
vol1,S822,clean,304800.0,7.57,0.965,0.0142,0.0018499999999999992
vol1,S822,clean,304800.0,8.91,1.039,0.0187,0.0015000000000000013
vol1,S822,clean,304800.0,10.41,1.107,0.0265,0.0028000000000000004
vol1,S822,clean,304800.0,12.14,1.163,0.0374,0.0032499999999999994
vol1,S822,clean,405900.0,-8.08,-0.537,0.0138,0.0005000000000000004
vol1,S822,clean,405900.0,-6.54,-0.405,0.0121,0.00020000000000000052
vol1,S822,clean,405900.0,-5.16,-0.274,0.011,0.0011000000000000003
vol1,S822,clean,405900.0,-3.49,-0.105,0.0109,0.0015499999999999993
vol1,S822,clean,405900.0,-1.97,0.057,0.0108,0.0012499999999999994
vol1,S822,clean,405900.0,-0.52,0.218,0.0108,0.0008999999999999998
vol1,S822,clean,405900.0,1.15,0.405,0.0108,0.0007499999999999998
vol1,S822,clean,405900.0,2.59,0.563,0.0106,0.0004999999999999996
vol1,S822,clean,405900.0,4.24,0.737,0.0107,0.0006500000000000004
vol1,S822,clean,405900.0,5.89,0.89,0.0109,0.0011999999999999997
vol1,S822,clean,405900.0,7.9,0.984,0.0157,0.002300000000000001
vol1,S822,clean,405900.0,9.44,1.056,0.021,0.0018499999999999992
vol1,S822,clean,405900.0,10.82,1.116,0.0277,0.0034000000000000002
vol1,S822,clean,405900.0,12.37,1.163,0.0371,0.00315
vol1,S822,clean,509300.0,-2.84,-0.027,0.0098,0.0013
vol1,S822,clean,505800.0,-1.2,0.152,0.0095,0.0012000000000000005
vol1,S822,clean,508300.0,0.52,0.346,0.0092,0.0008000000000000004
vol1,S822,clean,508300.0,1.68,0.472,0.009,0.0008000000000000004
vol1,S822,clean,506800.0,3.58,0.683,0.009,0.0005499999999999993
vol1,S822,clean,502900.0,4.85,0.809,0.0091,0.0004499999999999999
vol1,S822,clean,503400.0,6.22,0.916,0.0105,0.0011000000000000003
vol1,S822,clean,503300.0,7.85,0.986,0.0151,0.0016999999999999993
vol1,S822,clean,502700.0,9.23,1.036,0.0195,0.002
vol1,S822,clean,503800.0,10.86,1.1,0.0264,0.0029
vol1,S822,clean,502600.0,12.87,1.173,0.0388,0.00485
vol1,S822,clean,511100.0,-5.11,-0.279,0.01,0.0002999999999999999
vol1,S822,clean,510800.0,-8.0,-0.558,0.0129,0.0005500000000000001
vol1,S822,clean,511400.0,-8.77,-0.618,0.0144,0.0003500000000000005
vol1,S823,clean,102100.0,-1.64,-0.033,0.0489,0.004899999999999998
vol1,S823,clean,102100.0,-0.13,0.107,0.0441,0.004700000000000003
vol1,S823,clean,102100.0,1.55,0.288,0.0425,0.002149999999999999
vol1,S823,clean,102100.0,2.98,0.43,0.043,0.0023
vol1,S823,clean,102100.0,4.36,0.605,0.0382,0.002149999999999999
vol1,S823,clean,102100.0,5.99,0.776,0.0358,0.002700000000000001
vol1,S823,clean,102100.0,7.58,0.926,0.0304,0.00255
vol1,S823,clean,102100.0,9.24,1.079,0.0289,0.001299999999999999
vol1,S823,clean,102100.0,10.59,1.178,0.0273,0.0032499999999999994
vol1,S823,clean,102100.0,12.24,1.19,0.0393,0.014199999999999999
vol1,S823,clean,203000.0,-3.19,-0.094,0.0212,0.001899999999999999
vol1,S823,clean,203000.0,-1.46,0.078,0.0194,0.0017999999999999995
vol1,S823,clean,203000.0,0.41,0.281,0.0184,0.0006999999999999992
vol1,S823,clean,203000.0,1.54,0.407,0.0187,0.0006999999999999992
vol1,S823,clean,203000.0,3.06,0.579,0.0192,0.0002999999999999999
vol1,S823,clean,203000.0,4.68,0.753,0.0191,0.00045000000000000075
vol1,S823,clean,203000.0,6.13,0.898,0.0197,0.000700000000000001
vol1,S823,clean,203000.0,7.68,1.041,0.0195,0.00145
vol1,S823,clean,203000.0,9.33,1.169,0.0214,0.00145
vol1,S823,clean,203000.0,10.7,1.203,0.0307,0.00875
vol1,S823,clean,203000.0,12.2,1.185,0.0602,0.0353
vol1,S823,clean,206500.0,-4.74,-0.224,0.023,0.0020499999999999997
vol1,S823,clean,305300.0,-4.9,-0.263,0.0173,0.0016500000000000004
vol1,S823,clean,305300.0,-3.28,-0.112,0.0167,0.002100000000000001
vol1,S823,clean,305300.0,-1.84,0.039,0.016,0.00215
vol1,S823,clean,305300.0,-0.21,0.221,0.0154,0.0013
vol1,S823,clean,305300.0,1.3,0.394,0.0147,0.0010499999999999997
vol1,S823,clean,305300.0,2.85,0.57,0.0146,0.0005500000000000001
vol1,S823,clean,305300.0,4.45,0.744,0.0151,0.00024999999999999935
vol1,S823,clean,305300.0,5.99,0.902,0.0155,0.0008000000000000004
vol1,S823,clean,305300.0,7.52,1.041,0.0166,0.0018499999999999992
vol1,S823,clean,305300.0,9.24,1.158,0.0197,0.001899999999999999
vol1,S823,clean,305300.0,10.82,1.184,0.0333,0.01245
vol1,S823,clean,307900.0,-5.85,-0.348,0.0178,0.0009499999999999995
vol1,S823,clean,412000.0,-7.87,-0.544,0.0186,0.0009500000000000012
vol1,S823,clean,408100.0,-7.84,-0.544,0.0186,0.0008000000000000004
vol1,S823,clean,408100.0,-6.35,-0.401,0.0156,0.0007499999999999998
vol1,S823,clean,408100.0,-4.8,-0.264,0.0148,0.0016499999999999996
vol1,S823,clean,408100.0,-3.27,-0.121,0.0147,0.0021999999999999997
vol1,S823,clean,408100.0,-1.76,0.042,0.0142,0.0023499999999999997
vol1,S823,clean,408100.0,-0.22,0.22,0.0136,0.0013
vol1,S823,clean,408100.0,1.38,0.405,0.0128,0.0008999999999999998
vol1,S823,clean,408100.0,2.83,0.573,0.0125,0.0004999999999999996
vol1,S823,clean,408100.0,4.45,0.751,0.0127,0.0004999999999999996
vol1,S823,clean,408100.0,5.97,0.904,0.0135,0.0007000000000000001
vol1,S823,clean,408100.0,7.49,1.038,0.0146,0.0012499999999999994
vol1,S823,clean,408100.0,9.06,1.132,0.0187,0.002150000000000001
vol1,S823,clean,408100.0,10.54,1.159,0.0304,0.01035
vol1,S823,clean,510300.0,-3.52,-0.126,0.0136,0.0022500000000000003
vol1,S823,clean,512500.0,-1.55,0.09,0.0132,0.0020999999999999994
vol1,S823,clean,509700.0,-0.36,0.221,0.0129,0.0013
vol1,S823,clean,507700.0,1.47,0.433,0.0119,0.0008500000000000001
vol1,S823,clean,509600.0,2.76,0.58,0.0117,0.0008500000000000001
vol1,S823,clean,508300.0,4.41,0.758,0.0119,0.0012500000000000002
vol1,S823,clean,504500.0,6.03,0.918,0.0128,0.0012500000000000002
vol1,S823,clean,503900.0,7.63,1.052,0.0144,0.0013499999999999996
vol1,S823,clean,504400.0,9.07,1.129,0.0185,0.002150000000000001
vol1,S823,clean,504500.0,10.45,1.151,0.0316,0.0122
vol1,S823,clean,510400.0,-4.75,-0.259,0.0138,0.0015500000000000002
vol1,SD6060,clean,61000.0,-6.14,-0.426,0.0296,0.00695
vol1,SD6060,clean,61000.0,-5.15,-0.352,0.0229,0.0037
vol1,SD6060,clean,61000.0,-4.24,-0.287,0.0208,0.0040999999999999995
vol1,SD6060,clean,61000.0,-3.21,-0.207,0.0148,0.0038000000000000004
vol1,SD6060,clean,61000.0,-2.15,-0.116,0.0127,0.0029499999999999995
vol1,SD6060,clean,61000.0,-1.17,-0.034,0.012,0.0045000000000000005
vol1,SD6060,clean,61000.0,-0.1,0.115,0.0185,0.0012000000000000014
vol1,SD6060,clean,61000.0,0.97,0.275,0.0212,0.00375
vol1,SD6060,clean,61000.0,1.88,0.401,0.023,0.00625
vol1,SD6060,clean,61000.0,3.11,0.54,0.0282,0.00435
vol1,SD6060,clean,61000.0,4.06,0.635,0.0271,0.00485
vol1,SD6060,clean,61000.0,4.96,0.709,0.0255,0.004650000000000001
vol1,SD6060,clean,61000.0,6.02,0.805,0.0228,0.0018000000000000013
vol1,SD6060,clean,61000.0,7.07,0.904,0.0226,0.0026999999999999993
vol1,SD6060,clean,61000.0,8.04,0.971,0.0228,0.001550000000000001
vol1,SD6060,clean,61000.0,9.11,1.031,0.0297,0.006699999999999999
vol1,SD6060,clean,61000.0,10.08,1.083,0.0392,0.012799999999999999
vol1,SD6060,clean,101800.0,-6.07,-0.437,0.026,0.00115
vol1,SD6060,clean,101800.0,-5.3,-0.384,0.0213,0.0007499999999999989
vol1,SD6060,clean,101800.0,-4.18,-0.307,0.0174,0.0017499999999999998
vol1,SD6060,clean,101800.0,-3.24,-0.228,0.0158,0.0023
vol1,SD6060,clean,101800.0,-2.32,-0.133,0.0152,0.0036500000000000005
vol1,SD6060,clean,101800.0,-1.2,0.042,0.0158,0.0027
vol1,SD6060,clean,101800.0,-0.09,0.2,0.0165,0.00285
vol1,SD6060,clean,101800.0,0.85,0.294,0.0181,0.002450000000000001
vol1,SD6060,clean,101800.0,1.95,0.398,0.0195,0.0025000000000000005
vol1,SD6060,clean,101800.0,2.93,0.488,0.0201,0.002999999999999999
vol1,SD6060,clean,101800.0,3.95,0.58,0.0185,0.0023999999999999994
vol1,SD6060,clean,101800.0,5.06,0.689,0.0168,0.0008999999999999998
vol1,SD6060,clean,101800.0,6.01,0.776,0.0175,0.0018499999999999992
vol1,SD6060,clean,101800.0,7.06,0.872,0.0182,0.0025000000000000005
vol1,SD6060,clean,101800.0,8.02,0.945,0.0215,0.0033500000000000005
vol1,SD6060,clean,101800.0,9.04,0.997,0.0298,0.005450000000000002
vol1,SD6060,clean,101800.0,10.06,1.03,0.0368,0.0018499999999999975
vol1,SD6060,clean,152300.0,-6.03,-0.448,0.0237,0.000700000000000001
vol1,SD6060,clean,152300.0,-5.04,-0.387,0.0193,0.0016999999999999984
vol1,SD6060,clean,152300.0,-4.08,-0.296,0.0179,0.0029499999999999995
vol1,SD6060,clean,152300.0,-2.8,-0.127,0.0131,0.0027
vol1,SD6060,clean,152300.0,-1.78,-0.028,0.013,0.0016499999999999996
vol1,SD6060,clean,152300.0,-0.96,0.026,0.0135,0.0023500000000000005
vol1,SD6060,clean,152300.0,0.12,0.193,0.0128,0.0004499999999999999
vol1,SD6060,clean,152300.0,1.14,0.276,0.0123,0.0003999999999999993
vol1,SD6060,clean,152300.0,2.18,0.379,0.0128,0.0003499999999999996
vol1,SD6060,clean,152300.0,3.27,0.491,0.0134,0.0005000000000000004
vol1,SD6060,clean,152300.0,4.3,0.596,0.013,0.0005499999999999993
vol1,SD6060,clean,152300.0,5.22,0.69,0.0135,0.0007000000000000001
vol1,SD6060,clean,152300.0,6.27,0.789,0.0143,0.001
vol1,SD6060,clean,152300.0,7.45,0.891,0.0176,0.0008000000000000004
vol1,SD6060,clean,152300.0,8.23,0.944,0.0215,0.002450000000000001
vol1,SD6060,clean,152300.0,9.3,0.993,0.0304,0.0029
vol1,SD6060,clean,152300.0,10.72,1.033,0.0459,0.00605
vol1,SD6060,clean,202700.0,-6.08,-0.424,0.0202,0.00115
vol1,SD6060,clean,202700.0,-5.27,-0.361,0.0177,0.0045000000000000005
vol1,SD6060,clean,202700.0,-4.36,-0.247,0.0149,0.0034999999999999996
vol1,SD6060,clean,202700.0,-3.21,-0.123,0.0115,0.0011999999999999997
vol1,SD6060,clean,202700.0,-2.26,-0.053,0.0105,0.0015500000000000002
vol1,SD6060,clean,202700.0,-1.17,0.034,0.0094,0.0028
vol1,SD6060,clean,202700.0,-0.22,0.118,0.0085,0.00145
vol1,SD6060,clean,202700.0,0.96,0.264,0.0107,0.0004999999999999996
vol1,SD6060,clean,202700.0,2.03,0.375,0.0107,0.00019999999999999966
vol1,SD6060,clean,202700.0,2.84,0.458,0.0108,0.00014999999999999996
vol1,SD6060,clean,202700.0,3.9,0.571,0.0106,0.0007000000000000001
vol1,SD6060,clean,202700.0,5.1,0.7,0.0115,0.0008000000000000004
vol1,SD6060,clean,202700.0,6.01,0.787,0.0123,0.0008000000000000004
vol1,SD6060,clean,202700.0,7.06,0.881,0.0155,0.0013499999999999988
vol1,SD6060,clean,202700.0,8.03,0.951,0.0201,0.0022500000000000003
vol1,SD6060,clean,202700.0,9.04,1.001,0.0274,0.0023999999999999994
vol1,SD6060,clean,202700.0,10.1,1.035,0.0368,0.004749999999999997
vol1,SD6060,clean,303500.0,-6.11,-0.421,0.0187,0.0010499999999999989
vol1,SD6060,clean,303500.0,-4.61,-0.27,0.0135,0.0020500000000000006
vol1,SD6060,clean,303500.0,-3.96,-0.213,0.0123,0.0014999999999999996
vol1,SD6060,clean,303500.0,-2.88,-0.121,0.0102,0.0013000000000000008
vol1,SD6060,clean,303500.0,-1.9,-0.038,0.0091,0.0011000000000000003
vol1,SD6060,clean,303500.0,-0.89,0.049,0.0087,0.0005999999999999998
vol1,SD6060,clean,303500.0,0.07,0.132,0.008,0.0006000000000000003
vol1,SD6060,clean,303500.0,1.24,0.289,0.0084,0.0004000000000000002
vol1,SD6060,clean,303500.0,2.25,0.397,0.0084,0.00010000000000000026
vol1,SD6060,clean,303500.0,3.19,0.498,0.0087,0.00019999999999999966
vol1,SD6060,clean,303500.0,4.19,0.604,0.0091,0.0004000000000000002
vol1,SD6060,clean,303500.0,5.21,0.71,0.0097,0.0002500000000000002
vol1,SD6060,clean,303500.0,6.22,0.806,0.0121,0.0009500000000000003
vol1,SD6060,clean,303500.0,7.32,0.899,0.016,0.0018000000000000004
vol1,SD6060,clean,303500.0,8.37,0.967,0.021,0.0023499999999999997
vol1,SD6060,clean,303500.0,9.28,1.01,0.0268,0.0030500000000000006
vol1,SD6060,clean,303500.0,10.29,1.036,0.0363,0.007600000000000001
vol1,SD7003,clean,61100.0,-4.84,-0.296,0.025,0.006200000000000002
vol1,SD7003,clean,61100.0,-2.92,-0.147,0.0152,0.0022500000000000003
vol1,SD7003,clean,61100.0,-1.61,-0.04,0.0125,0.0035499999999999993
vol1,SD7003,clean,61100.0,-0.09,0.108,0.0131,0.0040999999999999995
vol1,SD7003,clean,61100.0,1.66,0.368,0.013,0.003899999999999999
vol1,SD7003,clean,61100.0,3.03,0.511,0.0132,0.0026
vol1,SD7003,clean,61100.0,4.6,0.652,0.0168,0.003049999999999999
vol1,SD7003,clean,61100.0,6.09,0.786,0.0192,0.0033999999999999985
vol1,SD7003,clean,61100.0,7.72,0.92,0.0264,0.004150000000000001
vol1,SD7003,clean,61100.0,9.2,1.028,0.0307,0.003049999999999999
vol1,SD7003,clean,101600.0,-4.76,-0.333,0.018,0.0005500000000000001
vol1,SD7003,clean,101600.0,-3.21,-0.187,0.0143,0.0006500000000000004
vol1,SD7003,clean,101600.0,-1.54,-0.051,0.0099,0.0013
vol1,SD7003,clean,101600.0,0.01,0.104,0.0088,0.00215
vol1,SD7003,clean,101600.0,1.33,0.322,0.0113,0.0017499999999999998
vol1,SD7003,clean,101600.0,3.12,0.49,0.0136,0.0006500000000000004
vol1,SD7003,clean,101600.0,4.42,0.617,0.0148,0.0012499999999999994
vol1,SD7003,clean,101600.0,6.18,0.789,0.0182,0.0010999999999999985
vol1,SD7003,clean,101600.0,7.57,0.913,0.0233,0.0010500000000000006
vol1,SD7003,clean,101600.0,9.25,1.031,0.0353,0.0017999999999999995
vol1,SD7003,clean,101600.0,10.57,1.091,0.0551,0.0045499999999999985
vol1,SD7003,clean,202200.0,-4.65,-0.317,0.0139,0.0008500000000000001
vol1,SD7003,clean,202200.0,-2.85,-0.141,0.0107,0.0006499999999999995
vol1,SD7003,clean,202200.0,-1.67,-0.032,0.0091,0.0008500000000000001
vol1,SD7003,clean,202200.0,0.02,0.159,0.0073,0.00065
vol1,SD7003,clean,202200.0,1.53,0.317,0.0086,0.00014999999999999996
vol1,SD7003,clean,202200.0,3.06,0.476,0.0101,0.0003499999999999996
vol1,SD7003,clean,202200.0,4.67,0.644,0.0122,0.0006499999999999995
vol1,SD7003,clean,202200.0,5.98,0.775,0.0145,0.001599999999999999
vol1,SD7003,clean,202200.0,7.51,0.916,0.0187,0.0010000000000000009
vol1,SD7003,clean,202200.0,9.06,1.036,0.0262,0.0006499999999999995
vol1,SD7003,clean,202200.0,10.52,1.122,0.0373,0.0020000000000000018
vol1,SD7003,clean,302800.0,-4.27,-0.282,0.0115,0.0008500000000000001
vol1,SD7003,clean,302800.0,-2.96,-0.15,0.0099,0.0009500000000000003
vol1,SD7003,clean,302800.0,-1.67,-0.021,0.0078,0.0013999999999999998
vol1,SD7003,clean,302800.0,0.24,0.171,0.007,0.0012500000000000002
vol1,SD7003,clean,302800.0,1.72,0.332,0.0077,0.0005999999999999998
vol1,SD7003,clean,302800.0,3.24,0.5,0.0093,0.00014999999999999996
vol1,SD7003,clean,302800.0,4.71,0.657,0.0109,0.0003999999999999993
vol1,SD7003,clean,302800.0,6.08,0.791,0.0127,0.0007999999999999995
vol1,SD7003,clean,302800.0,7.79,0.949,0.0176,0.0008500000000000001
vol1,SD7003,clean,302800.0,9.09,1.053,0.0227,0.0010500000000000006
vol1,SD7003,clean,302800.0,10.61,1.142,0.0328,0.0009000000000000015
vol1,SD7003,clean,305500.0,-6.29,-0.49,0.017,0.0005500000000000001
vol1,SD7032 (D),clean,60300.0,-3.83,-0.102,0.0297,0.0023
vol1,SD7032 (D),clean,60300.0,-2.19,0.07,0.0179,0.0016500000000000004
vol1,SD7032 (D),clean,60300.0,-0.68,0.251,0.0178,0.00445
vol1,SD7032 (D),clean,60300.0,0.83,0.44,0.0265,0.0039000000000000007
vol1,SD7032 (D),clean,60300.0,2.88,0.698,0.0295,0.0017999999999999995
vol1,SD7032 (D),clean,60300.0,4.05,0.817,0.0291,0.0036999999999999984
vol1,SD7032 (D),clean,60300.0,5.6,0.961,0.0297,0.004699999999999999
vol1,SD7032 (D),clean,60300.0,7.1,1.081,0.0331,0.01015
vol1,SD7032 (D),clean,60300.0,8.61,1.2,0.0286,0.003899999999999999
vol1,SD7032 (D),clean,60300.0,10.26,1.291,0.0404,0.008049999999999998
vol1,SD7032 (D),clean,60300.0,11.54,1.355,0.0443,0.0038499999999999993
vol1,SD7032 (D),clean,100700.0,-3.62,-0.046,0.0231,0.00115
vol1,SD7032 (D),clean,100700.0,-1.9,0.213,0.0168,0.0008500000000000001
vol1,SD7032 (D),clean,100700.0,-0.48,0.378,0.0165,0.0026999999999999993
vol1,SD7032 (D),clean,100700.0,1.1,0.55,0.0177,0.0026000000000000007
vol1,SD7032 (D),clean,100700.0,2.48,0.684,0.017,0.0013999999999999993
vol1,SD7032 (D),clean,100700.0,4.04,0.838,0.0172,0.0010499999999999989
vol1,SD7032 (D),clean,100700.0,5.53,0.981,0.0193,0.0012499999999999994
vol1,SD7032 (D),clean,100700.0,7.05,1.123,0.0219,0.0007500000000000007
vol1,SD7032 (D),clean,100700.0,8.63,1.26,0.025,0.0026999999999999993
vol1,SD7032 (D),clean,100700.0,10.29,1.355,0.0301,0.003850000000000001
vol1,SD7032 (D),clean,100700.0,11.69,1.381,0.043,0.005899999999999999
vol1,SD7032 (D),clean,100700.0,13.19,1.38,0.0499,0.007949999999999999
vol1,SD7032 (D),clean,151200.0,-3.64,0.013,0.0182,0.0010500000000000006
vol1,SD7032 (D),clean,151200.0,-1.76,0.231,0.0128,0.0022500000000000003
vol1,SD7032 (D),clean,151200.0,-0.11,0.381,0.0118,0.002
vol1,SD7032 (D),clean,151200.0,1.02,0.499,0.0127,0.0020500000000000006
vol1,SD7032 (D),clean,151200.0,2.63,0.669,0.0133,0.00115
vol1,SD7032 (D),clean,151200.0,4.24,0.842,0.0138,0.0015499999999999993
vol1,SD7032 (D),clean,151200.0,5.62,0.979,0.0155,0.0010999999999999994
vol1,SD7032 (D),clean,151200.0,7.28,1.13,0.0187,0.0015000000000000013
vol1,SD7032 (D),clean,151200.0,8.7,1.251,0.0225,0.0008000000000000004
vol1,SD7032 (D),clean,151200.0,10.21,1.339,0.0281,0.00285
vol1,SD7032 (D),clean,151200.0,11.58,1.364,0.0379,0.006950000000000001
vol1,SD7032 (D),clean,201700.0,-4.07,0.017,0.016,0.0029500000000000004
vol1,SD7032 (D),clean,201700.0,-1.98,0.229,0.0117,0.0008500000000000001
vol1,SD7032 (D),clean,201700.0,-0.4,0.376,0.01,0.0011000000000000003
vol1,SD7032 (D),clean,201700.0,0.95,0.521,0.0106,0.0008999999999999998
vol1,SD7032 (D),clean,201700.0,2.61,0.703,0.0109,0.0007499999999999998
vol1,SD7032 (D),clean,201700.0,4.1,0.856,0.0123,0.001
vol1,SD7032 (D),clean,201700.0,5.7,1.017,0.014,0.0010499999999999997
vol1,SD7032 (D),clean,201700.0,7.1,1.143,0.0168,0.0017500000000000007
vol1,SD7032 (D),clean,201700.0,8.64,1.27,0.0203,0.0008999999999999998
vol1,SD7032 (D),clean,201700.0,10.23,1.352,0.0267,0.003000000000000001
vol1,SD7032 (D),clean,201700.0,11.72,1.388,0.0371,0.007550000000000001
vol1,SD7032 (D),clean,301200.0,-3.87,0.032,0.0136,0.0004000000000000002
vol1,SD7032 (D),clean,301200.0,-2.48,0.163,0.011,0.0010499999999999997
vol1,SD7032 (D),clean,301200.0,-0.85,0.337,0.0089,0.0002500000000000002
vol1,SD7032 (D),clean,301200.0,0.72,0.494,0.008,0.0002999999999999999
vol1,SD7032 (D),clean,301200.0,2.39,0.675,0.0089,0.0011000000000000003
vol1,SD7032 (D),clean,301200.0,3.63,0.799,0.0099,0.00145
vol1,SD7032 (D),clean,301200.0,5.57,0.996,0.012,0.0005999999999999998
vol1,SD7032 (D),clean,301200.0,7.23,1.148,0.0145,0.0007000000000000001
vol1,SD7032 (D),clean,301200.0,9.11,1.288,0.0193,0.0017000000000000001
vol1,SD7032 (D),clean,301200.0,10.52,1.357,0.0254,0.0019500000000000003
vol1,SD7032 (D),clean,301200.0,11.95,1.389,0.0341,0.011700000000000002
vol1,SD7032 (E),clean,201400.0,-4.38,-0.026,0.019,0.00445
vol1,SD7032 (E),clean,201400.0,-2.47,0.152,0.014,0.0018999999999999998
vol1,SD7032 (E),clean,201400.0,-0.93,0.303,0.0117,0.0012499999999999994
vol1,SD7032 (E),clean,201400.0,0.74,0.468,0.0107,0.0012500000000000002
vol1,SD7032 (E),clean,201400.0,2.0,0.603,0.0109,0.0005999999999999998
vol1,SD7032 (E),clean,201400.0,3.42,0.746,0.0115,0.00115
vol1,SD7032 (E),clean,201400.0,5.33,0.931,0.0136,0.002
vol1,SD7032 (E),clean,201400.0,6.85,1.065,0.0158,0.0020499999999999997
vol1,SD7032 (E),clean,201400.0,8.09,1.167,0.0175,0.00145
vol1,SD7032 (E),clean,201400.0,9.86,1.276,0.024,0.001299999999999999
vol1,SD7032 (E),clean,201400.0,11.1,1.324,0.0311,0.003749999999999998
vol1,SD7032 (E),clean,201400.0,12.5,1.335,0.0553,0.03055
vol1,SD7037 (A),clean,60900.0,-4.19,-0.228,0.0365,0.00605
vol1,SD7037 (A),clean,60900.0,-3.12,-0.154,0.0259,0.0036500000000000005
vol1,SD7037 (A),clean,60900.0,-1.8,-0.043,0.0201,0.0023
vol1,SD7037 (A),clean,60900.0,-0.02,0.127,0.0163,0.0033
vol1,SD7037 (A),clean,60900.0,1.39,0.322,0.0202,0.00395
vol1,SD7037 (A),clean,60900.0,3.11,0.6,0.0222,0.0017999999999999995
vol1,SD7037 (A),clean,60900.0,4.53,0.74,0.02,0.002700000000000001
vol1,SD7037 (A),clean,60900.0,6.03,0.877,0.0187,0.0026
vol1,SD7037 (A),clean,60900.0,7.71,1.013,0.0215,0.0017499999999999998
vol1,SD7037 (A),clean,60900.0,9.07,1.087,0.0255,0.005949999999999999
vol1,SD7037 (A),clean,60900.0,10.56,1.16,0.0357,0.00635
vol1,SD7037 (A),clean,101100.0,-4.49,-0.287,0.0327,0.003049999999999999
vol1,SD7037 (A),clean,101100.0,-2.79,-0.118,0.0213,0.002700000000000001
vol1,SD7037 (A),clean,101100.0,-1.59,0.037,0.0154,0.0015499999999999993
vol1,SD7037 (A),clean,101100.0,0.17,0.266,0.0146,0.0008000000000000004
vol1,SD7037 (A),clean,101100.0,1.8,0.479,0.0153,0.0014000000000000002
vol1,SD7037 (A),clean,101100.0,3.27,0.623,0.0159,0.000449999999999999
vol1,SD7037 (A),clean,101100.0,4.8,0.762,0.0145,0.0015500000000000002
vol1,SD7037 (A),clean,101100.0,6.32,0.898,0.0166,0.0015000000000000005
vol1,SD7037 (A),clean,101100.0,7.84,1.024,0.0205,0.0009999999999999992
vol1,SD7037 (A),clean,101100.0,9.37,1.1,0.0299,0.0026000000000000016
vol1,SD7037 (A),clean,101100.0,10.74,1.167,0.0398,0.004750000000000001
vol1,SD7037 (A),clean,202100.0,-4.28,-0.168,0.0216,0.0016999999999999984
vol1,SD7037 (A),clean,202100.0,-2.87,-0.01,0.0149,0.0017000000000000001
vol1,SD7037 (A),clean,202100.0,-1.16,0.163,0.0096,0.00115
vol1,SD7037 (A),clean,202100.0,0.18,0.301,0.0083,0.0008500000000000001
vol1,SD7037 (A),clean,202100.0,1.64,0.458,0.0093,0.0007499999999999998
vol1,SD7037 (A),clean,202100.0,3.26,0.624,0.01,0.00045000000000000075
vol1,SD7037 (A),clean,202100.0,4.85,0.772,0.0114,0.0008500000000000001
vol1,SD7037 (A),clean,202100.0,6.48,0.92,0.0144,0.0014999999999999996
vol1,SD7037 (A),clean,202100.0,7.91,1.021,0.0195,0.0022500000000000003
vol1,SD7037 (A),clean,202100.0,9.39,1.111,0.0263,0.0023499999999999997
vol1,SD7037 (A),clean,202100.0,10.83,1.181,0.0356,0.005349999999999999
vol1,SD7037 (A),clean,302100.0,-4.69,-0.181,0.0213,0.0023499999999999997
vol1,SD7037 (A),clean,302100.0,-2.88,-0.002,0.0133,0.0015499999999999993
vol1,SD7037 (A),clean,302100.0,-1.39,0.138,0.0098,0.0018999999999999998
vol1,SD7037 (A),clean,302100.0,-0.01,0.282,0.0074,0.0004499999999999999
vol1,SD7037 (A),clean,302100.0,1.72,0.466,0.0074,0.0007500000000000002
vol1,SD7037 (A),clean,302100.0,3.01,0.595,0.008,0.00039999999999999975
vol1,SD7037 (A),clean,302100.0,5.13,0.802,0.0106,0.0008999999999999998
vol1,SD7037 (A),clean,302100.0,6.49,0.921,0.0131,0.00185
vol1,SD7037 (A),clean,302100.0,8.01,1.026,0.018,0.001899999999999999
vol1,SD7037 (A),clean,302100.0,9.45,1.12,0.0235,0.002749999999999999
vol1,SD7037 (A),clean,302100.0,10.89,1.186,0.0321,0.0058
vol1,SD7037 (B),clean,60500.0,-4.35,-0.176,0.03,0.00285
vol1,SD7037 (B),clean,60500.0,-2.87,-0.083,0.023,0.0029499999999999995
vol1,SD7037 (B),clean,60500.0,-1.24,0.053,0.0145,0.0012500000000000002
vol1,SD7037 (B),clean,60500.0,0.28,0.226,0.0174,0.0026499999999999996
vol1,SD7037 (B),clean,60500.0,1.86,0.486,0.0216,0.005949999999999999
vol1,SD7037 (B),clean,60500.0,3.42,0.659,0.0258,0.010299999999999998
vol1,SD7037 (B),clean,60500.0,5.02,0.8,0.0257,0.010850000000000002
vol1,SD7037 (B),clean,60500.0,6.34,0.921,0.0252,0.0108
vol1,SD7037 (B),clean,60500.0,8.24,1.051,0.0289,0.003250000000000001
vol1,SD7037 (B),clean,60500.0,9.39,1.137,0.0335,0.0052
vol1,SD7037 (B),clean,60500.0,11.13,1.221,0.0414,0.004699999999999999
vol1,SD7037 (B),clean,101400.0,-4.17,-0.223,0.0268,0.0015499999999999993
vol1,SD7037 (B),clean,101400.0,-2.88,-0.116,0.0189,0.0011999999999999997
vol1,SD7037 (B),clean,101400.0,-1.35,0.051,0.0153,0.0019500000000000003
vol1,SD7037 (B),clean,101400.0,0.31,0.306,0.0155,0.0020499999999999997
vol1,SD7037 (B),clean,101400.0,1.77,0.494,0.0166,0.002199999999999999
vol1,SD7037 (B),clean,101400.0,3.27,0.638,0.0165,0.0012000000000000005
vol1,SD7037 (B),clean,101400.0,5.03,0.801,0.0174,0.0016000000000000007
vol1,SD7037 (B),clean,101400.0,6.31,0.921,0.0192,0.002199999999999999
vol1,SD7037 (B),clean,101400.0,8.1,1.077,0.0255,0.002450000000000001
vol1,SD7037 (B),clean,101400.0,9.39,1.164,0.0295,0.002049999999999998
vol1,SD7037 (B),clean,101400.0,11.07,1.245,0.0355,0.0015000000000000013
vol1,SD7037 (B),clean,151400.0,-5.03,-0.295,0.0324,0.002199999999999999
vol1,SD7037 (B),clean,151400.0,-2.53,-0.032,0.0145,0.0011000000000000003
vol1,SD7037 (B),clean,151400.0,-0.94,0.186,0.0121,0.0004499999999999999
vol1,SD7037 (B),clean,151400.0,0.58,0.352,0.0112,0.0007499999999999998
vol1,SD7037 (B),clean,151400.0,2.09,0.507,0.0105,0.0015500000000000002
vol1,SD7037 (B),clean,151400.0,3.77,0.686,0.0127,0.0006500000000000004
vol1,SD7037 (B),clean,151400.0,5.23,0.829,0.0142,0.0010499999999999997
vol1,SD7037 (B),clean,151400.0,6.82,0.975,0.0167,0.0008999999999999998
vol1,SD7037 (B),clean,151400.0,8.71,1.131,0.0226,0.0006499999999999995
vol1,SD7037 (B),clean,151400.0,9.84,1.205,0.0278,0.0013000000000000008
vol1,SD7037 (B),clean,151400.0,11.3,1.268,0.0341,0.0019500000000000003
vol1,SD7037 (B),clean,201900.0,-4.25,-0.206,0.0224,0.0031000000000000003
vol1,SD7037 (B),clean,201900.0,-2.77,0.005,0.0135,0.0021000000000000003
vol1,SD7037 (B),clean,201900.0,-0.99,0.209,0.01,0.0015500000000000002
vol1,SD7037 (B),clean,201900.0,0.2,0.327,0.0097,0.0011000000000000003
vol1,SD7037 (B),clean,201900.0,1.76,0.493,0.0099,0.00019999999999999966
vol1,SD7037 (B),clean,201900.0,3.47,0.678,0.0109,0.0004499999999999999
vol1,SD7037 (B),clean,201900.0,4.96,0.831,0.0126,0.0006499999999999995
vol1,SD7037 (B),clean,201900.0,6.53,0.98,0.0147,0.0007500000000000007
vol1,SD7037 (B),clean,201900.0,7.94,1.099,0.0183,0.0008000000000000004
vol1,SD7037 (B),clean,201900.0,9.61,1.216,0.0237,0.0018000000000000013
vol1,SD7037 (B),clean,201900.0,11.05,1.289,0.0289,0.0011000000000000003
vol1,SD7037 (B),clean,302200.0,-5.87,-0.363,0.0581,0.0034500000000000017
vol1,SD7037 (B),clean,302200.0,-4.54,-0.192,0.0159,0.00355
vol1,SD7037 (B),clean,302200.0,-2.9,0.007,0.0119,0.00185
vol1,SD7037 (B),clean,302200.0,-1.42,0.161,0.0101,0.0014000000000000002
vol1,SD7037 (B),clean,302200.0,0.18,0.312,0.0075,0.0007999999999999999
vol1,SD7037 (B),clean,302200.0,1.94,0.505,0.0079,0.0005500000000000001
vol1,SD7037 (B),clean,302200.0,3.61,0.682,0.0092,0.0004499999999999999
vol1,SD7037 (B),clean,302200.0,5.04,0.827,0.0109,0.0003499999999999996
vol1,SD7037 (B),clean,302200.0,6.63,0.973,0.0132,0.0005500000000000001
vol1,SD7037 (B),clean,302200.0,8.22,1.105,0.0167,0.0006499999999999995
vol1,SD7037 (B),clean,302200.0,9.47,1.194,0.0201,0.0008999999999999998
vol1,SD7037 (B),clean,302200.0,11.2,1.282,0.0261,0.0019000000000000006
vol1,SD8000,clean,60800.0,-5.55,-0.344,0.0302,0.005550000000000001
vol1,SD8000,clean,60800.0,-3.88,-0.201,0.0208,0.00345
vol1,SD8000,clean,60800.0,-2.36,-0.076,0.0142,0.00475
vol1,SD8000,clean,60800.0,-0.81,0.065,0.016,0.0033999999999999994
vol1,SD8000,clean,60800.0,0.8,0.241,0.0144,0.00145
vol1,SD8000,clean,60800.0,2.29,0.476,0.0149,0.0016499999999999996
vol1,SD8000,clean,60800.0,3.97,0.682,0.0172,0.0024000000000000002
vol1,SD8000,clean,60800.0,5.36,0.796,0.02,0.006049999999999999
vol1,SD8000,clean,60800.0,6.96,0.935,0.0206,0.0049
vol1,SD8000,clean,60800.0,8.36,1.034,0.0276,0.005050000000000001
vol1,SD8000,clean,60800.0,10.01,1.13,0.0341,0.00655
vol1,SD8000,clean,60800.0,11.52,1.153,0.0657,0.0233
vol1,SD8000,clean,101100.0,-5.63,-0.357,0.0245,0.002100000000000001
vol1,SD8000,clean,101100.0,-3.68,-0.196,0.0153,0.0010499999999999997
vol1,SD8000,clean,101100.0,-2.22,-0.074,0.0123,0.0004000000000000002
vol1,SD8000,clean,101100.0,-0.85,0.046,0.0123,0.00245
vol1,SD8000,clean,101100.0,0.82,0.259,0.0145,0.002149999999999999
vol1,SD8000,clean,101100.0,2.3,0.502,0.0152,0.0013500000000000005
vol1,SD8000,clean,101100.0,3.98,0.656,0.0134,0.0013
vol1,SD8000,clean,101100.0,5.48,0.792,0.0169,0.0017499999999999998
vol1,SD8000,clean,101100.0,7.12,0.927,0.0227,0.0014000000000000002
vol1,SD8000,clean,101100.0,8.53,1.038,0.0274,0.0028000000000000004
vol1,SD8000,clean,101100.0,10.1,1.127,0.0416,0.003250000000000003
vol1,SD8000,clean,201600.0,-5.5,-0.339,0.0172,0.0011000000000000003
vol1,SD8000,clean,201600.0,-3.76,-0.186,0.0133,0.0007999999999999995
vol1,SD8000,clean,201600.0,-2.3,-0.045,0.0111,0.0024999999999999996
vol1,SD8000,clean,201600.0,-0.72,0.175,0.0091,0.0013999999999999998
vol1,SD8000,clean,201600.0,0.8,0.346,0.0088,0.0013000000000000004
vol1,SD8000,clean,201600.0,2.21,0.488,0.0095,0.0007999999999999995
vol1,SD8000,clean,201600.0,3.84,0.654,0.0104,0.0006000000000000007
vol1,SD8000,clean,201600.0,5.26,0.788,0.0134,0.00115
vol1,SD8000,clean,201600.0,6.84,0.928,0.0176,0.00115
vol1,SD8000,clean,201600.0,8.36,1.045,0.0221,0.000449999999999999
vol1,SD8000,clean,201600.0,9.82,1.137,0.0295,0.002599999999999998
vol1,SD8000,clean,302100.0,-6.39,-0.409,0.019,0.0008999999999999998
vol1,SD8000,clean,302100.0,-3.59,-0.146,0.0122,0.00185
vol1,SD8000,clean,302100.0,-2.19,0.033,0.0077,0.0007999999999999999
vol1,SD8000,clean,302100.0,-0.58,0.204,0.0074,0.001
vol1,SD8000,clean,302100.0,0.82,0.335,0.0073,0.00035000000000000005
vol1,SD8000,clean,302100.0,2.48,0.51,0.0078,0.0003500000000000005
vol1,SD8000,clean,302100.0,4.17,0.682,0.0101,0.0005999999999999998
vol1,SD8000,clean,302100.0,5.58,0.815,0.0128,0.0012000000000000005
vol1,SD8000,clean,302100.0,7.67,1.002,0.0171,0.0012499999999999994
vol1,SD8000,clean,302100.0,8.61,1.077,0.0204,0.0017499999999999998
vol1,SD8000,clean,302100.0,10.34,1.179,0.0294,0.0025000000000000005
vol1,SD8000,clean,302100.0,11.57,1.215,0.0404,0.003599999999999999
vol1,SD8020,clean,61400.0,-6.45,-0.609,0.026,0.00405
vol1,SD8020,clean,61400.0,-4.94,-0.49,0.0183,0.0017499999999999998
vol1,SD8020,clean,61400.0,-3.36,-0.34,0.0178,0.0029499999999999995
vol1,SD8020,clean,61400.0,-1.81,-0.094,0.0176,0.004049999999999999
vol1,SD8020,clean,61400.0,-0.29,0.03,0.0134,0.00495
vol1,SD8020,clean,61400.0,1.17,0.105,0.0195,0.0086
vol1,SD8020,clean,61400.0,2.72,0.36,0.0132,0.003150000000000001
vol1,SD8020,clean,61400.0,4.38,0.508,0.0164,0.003150000000000001
vol1,SD8020,clean,61400.0,5.89,0.632,0.0191,0.0023499999999999997
vol1,SD8020,clean,61400.0,7.4,0.743,0.0262,0.004100000000000001
vol1,SD8020,clean,101500.0,-6.55,-0.676,0.0189,0.00115
vol1,SD8020,clean,101500.0,-5.03,-0.542,0.0151,0.0008999999999999998
vol1,SD8020,clean,101500.0,-3.33,-0.393,0.0136,0.0007500000000000007
vol1,SD8020,clean,101500.0,-1.81,-0.231,0.0124,0.00115
vol1,SD8020,clean,101500.0,-0.41,-0.001,0.01,0.004
vol1,SD8020,clean,101500.0,1.22,0.142,0.0122,0.0010500000000000006
vol1,SD8020,clean,101500.0,2.7,0.299,0.0134,0.001
vol1,SD8020,clean,101500.0,4.1,0.419,0.0153,0.0009000000000000006
vol1,SD8020,clean,101500.0,5.69,0.558,0.0171,0.0016499999999999996
vol1,SD8020,clean,101500.0,7.28,0.68,0.0239,0.0019500000000000003
vol1,SD8020,clean,101500.0,8.9,0.79,0.038,0.004750000000000001
vol1,SD8020,clean,203300.0,-6.41,-0.636,0.0138,0.0003500000000000005
vol1,SD8020,clean,203300.0,-4.96,-0.511,0.0113,0.0005500000000000001
vol1,SD8020,clean,203300.0,-3.43,-0.375,0.01,0.0004000000000000002
vol1,SD8020,clean,203300.0,-1.63,-0.215,0.0086,0.0010499999999999997
vol1,SD8020,clean,203300.0,-0.33,-0.041,0.0086,0.00295
vol1,SD8020,clean,203300.0,1.21,0.145,0.0077,0.0022500000000000003
vol1,SD8020,clean,203300.0,2.59,0.284,0.0097,0.0003499999999999996
vol1,SD8020,clean,203300.0,4.3,0.442,0.0117,0.0005500000000000001
vol1,SD8020,clean,203300.0,5.78,0.572,0.0143,0.0004499999999999999
vol1,SD8020,clean,203300.0,7.31,0.699,0.0198,0.0012000000000000014
vol1,SD8020,clean,203300.0,8.87,0.814,0.0276,0.0027500000000000007
vol1,SD8020,clean,304800.0,-6.78,-0.674,0.0144,0.0007000000000000001
vol1,SD8020,clean,304800.0,-4.76,-0.498,0.0099,0.0004000000000000002
vol1,SD8020,clean,304800.0,-3.27,-0.361,0.0088,0.0005999999999999998
vol1,SD8020,clean,304800.0,-1.74,-0.201,0.0074,0.0007999999999999999
vol1,SD8020,clean,304800.0,-0.22,-0.032,0.0073,0.0006999999999999997
vol1,SD8020,clean,304800.0,1.18,0.099,0.0085,0.0008499999999999996
vol1,SD8020,clean,304800.0,2.61,0.277,0.0087,0.00024999999999999935
vol1,SD8020,clean,304800.0,4.46,0.451,0.0108,0.0002500000000000002
vol1,SD8020,clean,304800.0,5.69,0.564,0.0128,0.0004000000000000002
vol1,SD8020,clean,304800.0,7.25,0.698,0.0172,0.0015499999999999993
vol1,SD8020,clean,304800.0,8.87,0.821,0.0241,0.0030999999999999986
vol1,SD8020,modified,61100.0,-6.45,-0.596,0.026,0.0049
vol1,SD8020,modified,61100.0,-4.64,-0.457,0.0209,0.0048000000000000004
vol1,SD8020,modified,61100.0,-2.59,-0.277,0.0159,0.0018499999999999992
vol1,SD8020,modified,61100.0,-0.49,-0.04,0.0143,0.0029000000000000007
vol1,SD8020,modified,61100.0,1.59,0.226,0.0154,0.0024000000000000002
vol1,SD8020,modified,61100.0,3.58,0.405,0.0149,0.0029
vol1,SD8020,modified,61100.0,5.64,0.579,0.0204,0.00255
vol1,SD8020,modified,61100.0,6.62,0.644,0.0217,0.005299999999999999
vol1,SD8020,modified,61100.0,7.79,0.728,0.0265,0.006700000000000001
vol1,SD8020,modified,61100.0,8.67,0.778,0.036,0.0079
vol1,SD8020,modified,203000.0,-6.53,-0.634,0.0195,4.99999999999997e-05
vol1,SD8020,modified,203000.0,-4.58,-0.463,0.0162,0.0005999999999999998
vol1,SD8020,modified,203000.0,-2.62,-0.266,0.0163,0.0009500000000000012
vol1,SD8020,modified,203000.0,-0.5,-0.052,0.0167,0.0009999999999999992
vol1,SD8020,modified,203000.0,1.56,0.141,0.0159,0.00045000000000000075
vol1,SD8020,modified,203000.0,3.63,0.354,0.0161,0.0001999999999999988
vol1,SD8020,modified,203000.0,5.69,0.553,0.0192,0.00045000000000000075
vol1,SD8020,modified,203000.0,6.74,0.641,0.0224,0.0008999999999999998
vol1,SD8020,modified,203000.0,7.77,0.725,0.0263,0.0015499999999999993
vol1,SD8020,modified,203000.0,8.8,0.797,0.0313,0.0029500000000000012
vol1,WASP,clean,60700.0,-4.3,-0.182,0.0292,0.0038499999999999993
vol1,WASP,clean,60700.0,-2.62,-0.046,0.021,0.0023
vol1,WASP,clean,60700.0,-1.0,0.104,0.0167,0.00555
vol1,WASP,clean,60700.0,0.39,0.313,0.0207,0.0067
vol1,WASP,clean,60700.0,2.0,0.55,0.0204,0.01035
vol1,WASP,clean,60700.0,3.35,0.673,0.022,0.00915
vol1,WASP,clean,60700.0,4.94,0.809,0.0286,0.013049999999999999
vol1,WASP,clean,60700.0,6.7,0.96,0.0334,0.010350000000000002
vol1,WASP,clean,60700.0,8.15,1.079,0.0367,0.006
vol1,WASP,clean,60700.0,9.65,1.183,0.0346,0.0016500000000000022
vol1,WASP,clean,60700.0,11.26,1.263,0.0422,0.0081
vol1,WASP,clean,101300.0,-4.18,-0.206,0.0244,0.0009999999999999992
vol1,WASP,clean,101300.0,-2.44,-0.053,0.019,0.0007500000000000007
vol1,WASP,clean,101300.0,-0.87,0.164,0.0125,0.0013
vol1,WASP,clean,101300.0,0.24,0.342,0.0138,0.002300000000000001
vol1,WASP,clean,101300.0,2.06,0.539,0.015,0.0005000000000000004
vol1,WASP,clean,101300.0,3.64,0.683,0.0159,0.0010500000000000006
vol1,WASP,clean,101300.0,5.24,0.834,0.0176,0.0013499999999999988
vol1,WASP,clean,101300.0,7.09,1.007,0.0213,0.0015499999999999993
vol1,WASP,clean,101300.0,8.22,1.097,0.024,0.001899999999999999
vol1,WASP,clean,101300.0,9.9,1.22,0.0264,0.001299999999999999
vol1,WASP,clean,201600.0,-4.03,-0.171,0.0181,0.00405
vol1,WASP,clean,201600.0,-2.65,0.006,0.0129,0.00115
vol1,WASP,clean,201600.0,-0.29,0.285,0.0088,0.0007499999999999998
vol1,WASP,clean,201600.0,0.41,0.352,0.0091,0.0007000000000000001
vol1,WASP,clean,201600.0,2.63,0.586,0.0108,0.0005000000000000004
vol1,WASP,clean,201600.0,3.51,0.675,0.0115,0.0007500000000000007
vol1,WASP,clean,201600.0,5.13,0.834,0.0134,0.0012000000000000005
vol1,WASP,clean,201600.0,6.65,0.979,0.0155,0.0006500000000000004
vol1,WASP,clean,201600.0,8.28,1.12,0.0182,0.0007500000000000007
vol1,WASP,clean,201600.0,9.81,1.215,0.0242,0.0023
vol1,WASP,clean,201600.0,11.11,1.245,0.0353,0.005100000000000002
vol1,WASP,clean,302600.0,-4.31,-0.172,0.0154,0.0016500000000000004
vol1,WASP,clean,302600.0,-2.53,0.048,0.0107,0.0007999999999999995
vol1,WASP,clean,302600.0,-1.02,0.198,0.0087,0.0007000000000000001
vol1,WASP,clean,302600.0,0.9,0.397,0.0081,0.0004999999999999996
vol1,WASP,clean,302600.0,2.23,0.541,0.009,0.0004999999999999996
vol1,WASP,clean,302600.0,3.61,0.68,0.0099,0.0008500000000000001
vol1,WASP,clean,302600.0,5.07,0.826,0.0115,0.001
vol1,WASP,clean,302600.0,6.48,0.964,0.013,0.0007499999999999998
vol1,WASP,clean,302600.0,8.13,1.108,0.0156,0.0004499999999999999
vol1,WASP,clean,302600.0,9.53,1.204,0.0204,0.0023499999999999997
vol1,WASP,clean,302600.0,11.27,1.249,0.0339,0.0063999999999999994
vol2,SD7037 (B),clean,59600.0,-3.82,-0.161,0.0237,0.0013000000000000008
vol2,SD7037 (B),clean,59600.0,-2.28,-0.031,0.021,0.0020999999999999994
vol2,SD7037 (B),clean,59600.0,-0.76,0.1,0.0162,0.0039499999999999995
vol2,SD7037 (B),clean,59600.0,0.79,0.279,0.022,0.008649999999999998
vol2,SD7037 (B),clean,59600.0,2.35,0.531,0.0259,0.004200000000000001
vol2,SD7037 (B),clean,59600.0,3.89,0.69,0.0265,0.0019499999999999986
vol2,SD7037 (B),clean,59600.0,5.43,0.826,0.0253,0.0032000000000000015
vol2,SD7037 (B),clean,59600.0,6.97,0.953,0.0284,0.003000000000000001
vol2,SD7037 (B),clean,59600.0,8.48,1.058,0.0326,0.001299999999999999
vol2,SD7037 (B),clean,59600.0,10.0,1.16,0.038,0.00315
vol2,SD7037 (B),clean,59600.0,11.54,1.239,0.0463,0.006250000000000002
vol2,SD7037 (B),clean,99500.0,-3.82,-0.188,0.0222,0.0016500000000000004
vol2,SD7037 (B),clean,99500.0,-2.28,-0.031,0.017,0.00255
vol2,SD7037 (B),clean,99500.0,-0.75,0.134,0.0148,0.0004499999999999999
vol2,SD7037 (B),clean,99500.0,0.82,0.37,0.0163,0.0012500000000000002
vol2,SD7037 (B),clean,99500.0,2.36,0.536,0.0161,0.000700000000000001
vol2,SD7037 (B),clean,99500.0,3.9,0.676,0.0159,0.0010500000000000006
vol2,SD7037 (B),clean,99500.0,5.43,0.81,0.0171,0.000700000000000001
vol2,SD7037 (B),clean,99500.0,6.96,0.942,0.0193,0.0008999999999999998
vol2,SD7037 (B),clean,99500.0,9.35,1.117,0.0297,0.0020000000000000018
vol2,SD7037 (B),clean,99500.0,10.01,1.154,0.032,0.0014999999999999996
vol2,SD7037 (B),clean,99500.0,11.53,1.22,0.0428,0.0017000000000000001
vol2,SD7037 (B),clean,200100.0,-4.79,-0.181,0.0189,0.0013000000000000008
vol2,SD7037 (B),clean,200100.0,-3.29,-0.026,0.0126,0.0008000000000000004
vol2,SD7037 (B),clean,200100.0,-1.74,0.137,0.0112,0.0008500000000000001
vol2,SD7037 (B),clean,200100.0,-0.21,0.278,0.0096,0.0012500000000000002
vol2,SD7037 (B),clean,200100.0,1.33,0.425,0.0095,0.0005000000000000004
vol2,SD7037 (B),clean,200100.0,2.87,0.581,0.0103,0.0004000000000000002
vol2,SD7037 (B),clean,200100.0,4.42,0.749,0.0117,0.0006499999999999995
vol2,SD7037 (B),clean,200100.0,5.95,0.895,0.0139,0.0003500000000000005
vol2,SD7037 (B),clean,200100.0,7.49,1.029,0.017,0.00015000000000000083
vol2,SD7037 (B),clean,200100.0,8.99,1.135,0.0221,0.0008999999999999998
vol2,SD7037 (B),clean,200100.0,10.52,1.229,0.0276,0.0007499999999999989
vol2,SD7037 (B),clean,299400.0,-4.85,-0.157,0.016,0.0011999999999999997
vol2,SD7037 (B),clean,299400.0,-3.28,-0.01,0.0125,0.0010499999999999997
vol2,SD7037 (B),clean,299400.0,-0.64,0.235,0.0087,0.0004999999999999996
vol2,SD7037 (B),clean,299400.0,-0.26,0.269,0.0083,0.0002999999999999999
vol2,SD7037 (B),clean,299400.0,1.37,0.448,0.0076,0.0002999999999999999
vol2,SD7037 (B),clean,299400.0,2.88,0.603,0.0088,0.00014999999999999996
vol2,SD7037 (B),clean,299400.0,4.43,0.759,0.0103,0.00020000000000000052
vol2,SD7037 (B),clean,299400.0,5.91,0.898,0.0124,0.0004000000000000002
vol2,SD7037 (B),clean,299400.0,7.48,1.034,0.0152,0.0003499999999999996
vol2,SD7037 (B),clean,299400.0,9.0,1.149,0.0195,0.0007500000000000007
vol2,SD7037 (B),clean,299400.0,10.52,1.249,0.0236,0.0011000000000000003
vol2,SD7037 (B),clean,300400.0,-1.82,0.131,0.0102,0.0009500000000000003
vol2,SD7037 (B),modified,59500.0,-4.82,-0.027,0.0289,0.0016500000000000004
vol2,SD7037 (B),modified,59500.0,-3.28,0.111,0.0242,0.002150000000000001
vol2,SD7037 (B),modified,59500.0,-1.75,0.24,0.0228,0.00435
vol2,SD7037 (B),modified,59500.0,-0.21,0.391,0.0281,0.0005999999999999998
vol2,SD7037 (B),modified,59500.0,1.32,0.576,0.0325,0.00655
vol2,SD7037 (B),modified,59500.0,2.91,0.846,0.0318,0.0013499999999999988
vol2,SD7037 (B),modified,59500.0,5.14,1.071,0.023,0.001299999999999999
vol2,SD7037 (B),modified,59500.0,5.98,1.127,0.0272,0.0014000000000000002
vol2,SD7037 (B),modified,59500.0,7.5,1.201,0.0307,0.003000000000000001
vol2,SD7037 (B),modified,59500.0,9.0,1.262,0.0424,0.002599999999999998
vol2,SD7037 (B),modified,59500.0,10.51,1.323,0.049,0.0040500000000000015
vol2,SD7037 (B),modified,99400.0,-3.77,0.181,0.0235,0.0014999999999999996
vol2,SD7037 (B),modified,99400.0,-2.22,0.301,0.0214,0.0023499999999999997
vol2,SD7037 (B),modified,99400.0,-0.7,0.444,0.0224,0.0013000000000000008
vol2,SD7037 (B),modified,99400.0,0.49,0.57,0.0262,0.0025000000000000005
vol2,SD7037 (B),modified,99400.0,2.41,0.908,0.0215,0.0016000000000000007
vol2,SD7037 (B),modified,99400.0,3.97,1.051,0.0187,0.0016500000000000004
vol2,SD7037 (B),modified,99400.0,5.47,1.167,0.0228,0.0017999999999999995
vol2,SD7037 (B),modified,99400.0,7.01,1.262,0.0271,0.002
vol2,SD7037 (B),modified,99400.0,8.52,1.314,0.0367,0.0028000000000000004
vol2,SD7037 (B),modified,99400.0,10.03,1.37,0.0445,0.0038500000000000027
vol2,SD7037 (B),modified,99400.0,11.27,1.397,0.0541,0.007449999999999998
vol2,SD7037 (B),modified,198400.0,-3.76,0.306,0.0155,0.0008999999999999998
vol2,SD7037 (B),modified,198400.0,-2.13,0.469,0.0148,0.0014000000000000002
vol2,SD7037 (B),modified,198400.0,-0.65,0.62,0.0154,0.0018499999999999992
vol2,SD7037 (B),modified,198400.0,0.88,0.779,0.0153,0.0003499999999999996
vol2,SD7037 (B),modified,198400.0,2.42,0.932,0.0131,0.0002999999999999999
vol2,SD7037 (B),modified,198400.0,3.96,1.062,0.0163,0.00010000000000000113
vol2,SD7037 (B),modified,198400.0,5.48,1.175,0.0198,0.0002999999999999999
vol2,SD7037 (B),modified,198400.0,6.98,1.26,0.0247,0.0009999999999999992
vol2,SD7037 (B),modified,198400.0,8.52,1.33,0.0302,0.0008999999999999998
vol2,SD7037 (B),modified,198400.0,10.0,1.393,0.0359,0.0010000000000000009
vol2,SD7037 (B),modified,198400.0,11.54,1.427,0.0443,0.0008500000000000001
vol2,SD7037 (B),modified,200800.0,-5.82,0.114,0.019,0.0006999999999999992
vol2,SD7037 (B),modified,200800.0,-4.7,0.215,0.0166,0.0008500000000000001
vol2,SD7037 (B),modified,298800.0,-5.78,0.106,0.0154,0.0006499999999999995
vol2,SD7037 (B),modified,298800.0,-4.26,0.247,0.0135,0.00014999999999999996
vol2,SD7037 (B),modified,298800.0,-2.72,0.427,0.0128,0.00014999999999999996
vol2,SD7037 (B),modified,298800.0,-1.17,0.578,0.0147,0.0007500000000000007
vol2,SD7037 (B),modified,298800.0,0.37,0.744,0.0117,0.0003000000000000008
vol2,SD7037 (B),modified,298800.0,1.89,0.877,0.011,0.00014999999999999996
vol2,SD7037 (B),modified,298800.0,3.42,1.007,0.0139,0.00020000000000000052
vol2,SD7037 (B),modified,298800.0,4.96,1.125,0.0172,0.0001999999999999988
vol2,SD7037 (B),modified,298800.0,6.53,1.218,0.0215,0.0005500000000000001
vol2,SD7037 (B),modified,298800.0,8.0,1.294,0.026,0.0009499999999999995
vol2,SD7037 (B),modified,298800.0,9.5,1.374,0.0299,0.0008999999999999998
vol2,SD7037 (B),modified,301400.0,-7.84,-0.142,0.0648,0.005500000000000001
vol2,SD7037 (B),modified,301400.0,-6.8,0.01,0.02,0.0017000000000000001
vol2,SD7037 (B),modified,59900.0,-3.78,-0.035,0.0251,0.003000000000000001
vol2,SD7037 (B),modified,59900.0,-2.25,0.097,0.0204,0.0011999999999999997
vol2,SD7037 (B),modified,59900.0,-0.72,0.253,0.0231,0.004150000000000001
vol2,SD7037 (B),modified,59900.0,0.83,0.431,0.025,0.0038499999999999993
vol2,SD7037 (B),modified,59900.0,2.38,0.678,0.03,0.0038499999999999993
vol2,SD7037 (B),modified,59900.0,3.94,0.897,0.0225,0.0020999999999999994
vol2,SD7037 (B),modified,59900.0,5.47,1.013,0.022,0.0008999999999999998
vol2,SD7037 (B),modified,59900.0,7.0,1.126,0.0267,0.003000000000000001
vol2,SD7037 (B),modified,59900.0,8.49,1.195,0.0356,0.005349999999999999
vol2,SD7037 (B),modified,59900.0,10.02,1.272,0.0434,0.00595
vol2,SD7037 (B),modified,59900.0,11.54,1.313,0.0559,0.007599999999999999
vol2,SD7037 (B),modified,99900.0,-4.8,-0.005,0.0255,0.0013500000000000005
vol2,SD7037 (B),modified,99900.0,-3.24,0.151,0.0214,0.0012499999999999994
vol2,SD7037 (B),modified,99900.0,-1.72,0.265,0.0186,0.0023999999999999994
vol2,SD7037 (B),modified,99900.0,-0.19,0.438,0.0203,0.0008999999999999998
vol2,SD7037 (B),modified,99900.0,1.37,0.67,0.0224,0.0005500000000000001
vol2,SD7037 (B),modified,99900.0,2.92,0.861,0.0178,0.0006999999999999992
vol2,SD7037 (B),modified,99900.0,4.46,0.988,0.0177,0.0015499999999999993
vol2,SD7037 (B),modified,99900.0,5.99,1.117,0.0208,0.0022500000000000003
vol2,SD7037 (B),modified,99900.0,7.51,1.213,0.0262,0.0020499999999999997
vol2,SD7037 (B),modified,99900.0,9.01,1.276,0.0349,0.003049999999999997
vol2,SD7037 (B),modified,99900.0,10.54,1.335,0.0422,0.004049999999999998
vol2,SD7037 (B),modified,199100.0,-5.64,0.019,0.0189,0.0014999999999999996
vol2,SD7037 (B),modified,199100.0,-4.24,0.144,0.0153,0.0009499999999999995
vol2,SD7037 (B),modified,199100.0,-2.71,0.288,0.0134,0.00185
vol2,SD7037 (B),modified,199100.0,-1.16,0.44,0.0124,0.0006999999999999992
vol2,SD7037 (B),modified,199100.0,0.35,0.581,0.0133,0.00019999999999999966
vol2,SD7037 (B),modified,199100.0,1.88,0.762,0.0111,0.0003499999999999996
vol2,SD7037 (B),modified,199100.0,3.41,0.898,0.0131,0.0003499999999999996
vol2,SD7037 (B),modified,199100.0,4.96,1.035,0.0159,0.0005000000000000004
vol2,SD7037 (B),modified,199100.0,6.5,1.153,0.0191,0.0005000000000000004
vol2,SD7037 (B),modified,199100.0,7.99,1.243,0.0246,0.0006999999999999992
vol2,SD7037 (B),modified,199100.0,9.54,1.321,0.0299,0.0007499999999999989
vol2,SD7037 (B),modified,298600.0,-4.77,0.082,0.0139,0.0005999999999999998
vol2,SD7037 (B),modified,298600.0,-3.25,0.23,0.0122,0.0003499999999999996
vol2,SD7037 (B),modified,298600.0,-1.69,0.418,0.012,0.0006500000000000004
vol2,SD7037 (B),modified,298600.0,-0.15,0.572,0.0097,0.00145
vol2,SD7037 (B),modified,298600.0,1.37,0.72,0.0086,0.0002500000000000002
vol2,SD7037 (B),modified,298600.0,2.93,0.866,0.0109,0.00019999999999999966
vol2,SD7037 (B),modified,298600.0,5.08,1.066,0.0145,0.0002500000000000002
vol2,SD7037 (B),modified,298600.0,5.98,1.135,0.0161,0.0002999999999999999
vol2,SD7037 (B),modified,298600.0,7.46,1.233,0.0205,0.0007499999999999989
vol2,SD7037 (B),modified,298600.0,9.06,1.327,0.025,0.0009500000000000012
vol2,SD7037 (B),modified,298600.0,10.55,1.392,0.0293,0.0010500000000000006
vol2,SD7037 (B),modified,301900.0,-5.81,-0.01,0.0169,0.0008000000000000004
vol2,SD7037 (C),clean,60300.0,-4.31,-0.207,0.0307,0.0026
vol2,SD7037 (C),clean,60300.0,-2.85,-0.087,0.0233,0.0008000000000000004
vol2,SD7037 (C),clean,60300.0,-1.29,0.057,0.0193,0.004150000000000001
vol2,SD7037 (C),clean,60300.0,0.26,0.237,0.0221,0.0027500000000000007
vol2,SD7037 (C),clean,60300.0,1.83,0.461,0.0269,0.0019500000000000003
vol2,SD7037 (C),clean,60300.0,3.37,0.664,0.0302,0.00485
vol2,SD7037 (C),clean,60300.0,4.93,0.822,0.0278,0.006400000000000001
vol2,SD7037 (C),clean,60300.0,6.45,0.958,0.0245,0.0027500000000000007
vol2,SD7037 (C),clean,60300.0,7.95,1.071,0.0276,0.0032499999999999994
vol2,SD7037 (C),clean,60300.0,9.52,1.166,0.0327,0.0015000000000000013
vol2,SD7037 (C),clean,60300.0,11.03,1.252,0.0433,0.0022499999999999985
vol2,SD7037 (C),clean,100200.0,-4.33,-0.236,0.0269,0.0012499999999999994
vol2,SD7037 (C),clean,100200.0,-2.8,-0.092,0.0212,0.0014999999999999996
vol2,SD7037 (C),clean,100200.0,-1.27,0.07,0.0163,0.0022499999999999994
vol2,SD7037 (C),clean,100200.0,0.24,0.321,0.0186,0.0020999999999999994
vol2,SD7037 (C),clean,100200.0,1.83,0.513,0.0191,0.0010499999999999989
vol2,SD7037 (C),clean,100200.0,3.37,0.663,0.0177,0.0005500000000000001
vol2,SD7037 (C),clean,100200.0,4.91,0.805,0.0173,0.00045000000000000075
vol2,SD7037 (C),clean,100200.0,6.43,0.939,0.0185,0.0009499999999999995
vol2,SD7037 (C),clean,100200.0,7.99,1.071,0.0234,0.000700000000000001
vol2,SD7037 (C),clean,100200.0,9.5,1.161,0.0295,0.0008999999999999998
vol2,SD7037 (C),clean,100200.0,11.02,1.241,0.0368,0.0020499999999999997
vol2,SD7037 (C),clean,199100.0,-4.24,-0.172,0.0203,0.002199999999999999
vol2,SD7037 (C),clean,199100.0,-2.76,0.014,0.015,0.0010000000000000009
vol2,SD7037 (C),clean,199100.0,-1.23,0.197,0.0119,0.0004999999999999996
vol2,SD7037 (C),clean,199100.0,0.31,0.349,0.0105,0.0014500000000000008
vol2,SD7037 (C),clean,199100.0,1.84,0.505,0.0107,0.0015000000000000005
vol2,SD7037 (C),clean,199100.0,3.38,0.664,0.0113,0.0011999999999999997
vol2,SD7037 (C),clean,199100.0,4.92,0.82,0.0122,0.00010000000000000026
vol2,SD7037 (C),clean,199100.0,6.45,0.961,0.0143,0.0004499999999999999
vol2,SD7037 (C),clean,199100.0,7.98,1.083,0.0185,0.0003999999999999993
vol2,SD7037 (C),clean,199100.0,9.52,1.187,0.0232,0.0016000000000000007
vol2,SD7037 (C),clean,199100.0,11.04,1.267,0.0285,0.0014000000000000002
vol2,SD7037 (C),clean,298900.0,-4.89,-0.185,0.0212,0.0017499999999999998
vol2,SD7037 (C),clean,298900.0,-2.84,0.036,0.0123,0.001
vol2,SD7037 (C),clean,298900.0,-1.23,0.184,0.0096,0.0008000000000000004
vol2,SD7037 (C),clean,298900.0,0.3,0.34,0.0073,0.0004000000000000002
vol2,SD7037 (C),clean,298900.0,1.85,0.504,0.0078,0.0007500000000000002
vol2,SD7037 (C),clean,298900.0,3.39,0.664,0.0088,0.0004499999999999999
vol2,SD7037 (C),clean,298900.0,4.93,0.819,0.0105,0.0003499999999999996
vol2,SD7037 (C),clean,298900.0,6.4,0.952,0.0126,0.00020000000000000052
vol2,SD7037 (C),clean,298900.0,7.99,1.083,0.0166,0.0005000000000000004
vol2,SD7037 (C),clean,298900.0,9.52,1.199,0.0208,0.0008500000000000001
vol2,SD7037 (C),clean,298900.0,11.0,1.275,0.025,0.0006499999999999995
vol2,SD7037 (C),modified,60100.0,-5.31,-0.153,0.0385,0.0029499999999999978
vol2,SD7037 (C),modified,60100.0,-3.77,-0.033,0.0264,0.0022499999999999985
vol2,SD7037 (C),modified,60100.0,-2.25,0.087,0.0176,0.0027500000000000007
vol2,SD7037 (C),modified,60100.0,-0.73,0.235,0.0174,0.0016000000000000007
vol2,SD7037 (C),modified,60100.0,0.8,0.392,0.0267,0.0017000000000000001
vol2,SD7037 (C),modified,60100.0,2.38,0.589,0.0327,0.0036500000000000005
vol2,SD7037 (C),modified,60100.0,3.92,0.778,0.0285,0.0037
vol2,SD7037 (C),modified,60100.0,5.45,0.947,0.024,0.003299999999999999
vol2,SD7037 (C),modified,60100.0,6.99,1.077,0.0257,0.002150000000000001
vol2,SD7037 (C),modified,60100.0,8.49,1.176,0.0287,0.0034999999999999996
vol2,SD7037 (C),modified,100000.0,-5.28,-0.198,0.0342,0.0017000000000000001
vol2,SD7037 (C),modified,100000.0,-4.18,-0.05,0.022,0.0005000000000000004
vol2,SD7037 (C),modified,100000.0,-2.22,0.1,0.0161,0.002
vol2,SD7037 (C),modified,100000.0,-0.7,0.249,0.0169,0.001449999999999999
vol2,SD7037 (C),modified,100000.0,0.84,0.499,0.0183,0.0019500000000000003
vol2,SD7037 (C),modified,100000.0,2.39,0.666,0.0191,0.0006500000000000013
vol2,SD7037 (C),modified,100000.0,3.92,0.813,0.0176,0.0007999999999999986
vol2,SD7037 (C),modified,100000.0,5.46,0.96,0.018,0.0013000000000000008
vol2,SD7037 (C),modified,100000.0,7.0,1.092,0.0219,0.0005500000000000001
vol2,SD7037 (C),modified,100000.0,8.52,1.202,0.0283,0.0019500000000000003
vol2,SD7037 (C),modified,199700.0,-5.31,-0.178,0.0248,0.00115
vol2,SD7037 (C),modified,199700.0,-3.78,-0.022,0.0166,0.00145
vol2,SD7037 (C),modified,199700.0,-2.26,0.18,0.0128,0.0015000000000000005
vol2,SD7037 (C),modified,199700.0,-0.72,0.338,0.0123,0.0013
vol2,SD7037 (C),modified,199700.0,0.85,0.475,0.0111,0.0015500000000000002
vol2,SD7037 (C),modified,199700.0,2.37,0.645,0.0111,0.0008000000000000004
vol2,SD7037 (C),modified,199700.0,3.93,0.812,0.0123,0.0004499999999999999
vol2,SD7037 (C),modified,199700.0,5.44,0.964,0.0143,0.0007000000000000001
vol2,SD7037 (C),modified,199700.0,7.0,1.108,0.0178,0.0005500000000000001
vol2,SD7037 (C),modified,199700.0,8.53,1.228,0.0226,0.0007500000000000007
vol2,SD7037 (C),modified,299300.0,-5.29,-0.154,0.0205,0.0020500000000000015
vol2,SD7037 (C),modified,299300.0,-3.76,0.029,0.0126,0.003
vol2,SD7037 (C),modified,299300.0,-2.25,0.218,0.0102,0.0011000000000000003
vol2,SD7037 (C),modified,299300.0,-0.7,0.365,0.0086,0.0006500000000000004
vol2,SD7037 (C),modified,299300.0,0.79,0.477,0.0081,0.0005500000000000001
vol2,SD7037 (C),modified,299300.0,2.38,0.658,0.0092,0.0004000000000000002
vol2,SD7037 (C),modified,299300.0,4.02,0.836,0.0107,0.0002999999999999999
vol2,SD7037 (C),modified,299300.0,5.45,0.98,0.0126,0.00020000000000000052
vol2,SD7037 (C),modified,299300.0,6.95,1.119,0.016,0.000449999999999999
vol2,SD7037 (C),modified,299300.0,8.52,1.25,0.0199,0.00115
vol2,SD7037 (C),modified,299300.0,10.04,1.352,0.0245,0.000449999999999999
vol2,S7075 (A),modified,99800.0,-4.0,-0.188,0.0264,0.0012499999999999994
vol2,S7075 (A),modified,99800.0,-2.49,-0.04,0.0192,0.0009999999999999992
vol2,S7075 (A),modified,99800.0,-0.94,0.083,0.0147,0.0009499999999999995
vol2,S7075 (A),modified,99800.0,0.62,0.291,0.0173,0.0016499999999999987
vol2,S7075 (A),modified,99800.0,2.15,0.518,0.0216,0.0011999999999999997
vol2,S7075 (A),modified,99800.0,3.71,0.715,0.0175,0.0009499999999999995
vol2,S7075 (A),modified,99800.0,5.24,0.851,0.0165,0.0014000000000000002
vol2,S7075 (A),modified,99800.0,6.77,0.971,0.0191,0.0005000000000000004
vol2,S7075 (A),modified,99800.0,8.29,1.092,0.0243,0.002
vol2,S7075 (A),modified,99800.0,9.81,1.147,0.0334,0.0015499999999999993
vol2,S7075 (A),modified,99800.0,11.33,1.198,0.0478,0.0020499999999999997
vol2,S7075 (A),modified,199100.0,-3.8,-0.034,0.0161,0.00145
vol2,S7075 (A),modified,199100.0,-2.42,0.098,0.0128,0.0007999999999999995
vol2,S7075 (A),modified,199100.0,-0.9,0.25,0.0103,0.0004000000000000002
vol2,S7075 (A),modified,199100.0,0.64,0.385,0.0116,0.0003499999999999996
vol2,S7075 (A),modified,199100.0,2.02,0.535,0.0107,0.0004499999999999999
vol2,S7075 (A),modified,199100.0,3.73,0.727,0.01,0.0002500000000000002
vol2,S7075 (A),modified,199100.0,5.13,0.853,0.0124,0.00019999999999999966
vol2,S7075 (A),modified,199100.0,6.78,0.988,0.0157,0.0004000000000000002
vol2,S7075 (A),modified,199100.0,8.31,1.095,0.0205,0.0011999999999999997
vol2,S7075 (A),modified,199100.0,9.82,1.167,0.0286,0.0005500000000000001
vol2,S7075 (A),modified,199100.0,11.34,1.22,0.0404,0.00145
vol2,S7075 (A),modified,202900.0,-4.99,-0.144,0.0231,0.0016499999999999987
vol2,S7075 (A),modified,300000.0,-5.0,-0.154,0.0204,0.0017000000000000001
vol2,S7075 (A),modified,300000.0,-3.46,-0.013,0.0129,0.00115
vol2,S7075 (A),modified,300000.0,-1.92,0.13,0.0102,0.0004499999999999999
vol2,S7075 (A),modified,300000.0,-0.49,0.272,0.0086,0.0003499999999999996
vol2,S7075 (A),modified,300000.0,1.14,0.468,0.0077,0.0004499999999999999
vol2,S7075 (A),modified,300000.0,2.79,0.645,0.0081,0.0005
vol2,S7075 (A),modified,300000.0,4.24,0.785,0.0097,0.0002999999999999999
vol2,S7075 (A),modified,300000.0,5.77,0.918,0.0121,0.0002500000000000002
vol2,S7075 (A),modified,300000.0,7.29,1.043,0.0157,0.0002999999999999999
vol2,S7075 (A),modified,300000.0,8.83,1.144,0.0203,0.0008999999999999998
vol2,S7075 (A),modified,300000.0,10.36,1.216,0.0287,0.0005000000000000004
vol2,S7075 (A),modified,60200.0,-4.0,-0.19,0.0309,0.0017000000000000019
vol2,S7075 (A),modified,60200.0,-2.49,-0.055,0.0236,0.0010499999999999989
vol2,S7075 (A),modified,60200.0,-0.97,0.072,0.0183,0.0017000000000000001
vol2,S7075 (A),modified,60200.0,0.58,0.238,0.022,0.0031999999999999997
vol2,S7075 (A),modified,60200.0,2.13,0.422,0.0241,0.0013999999999999985
vol2,S7075 (A),modified,60200.0,3.72,0.68,0.0297,0.0024999999999999988
vol2,S7075 (A),modified,60200.0,5.24,0.857,0.0228,0.0036000000000000008
vol2,S7075 (A),modified,60200.0,6.73,0.97,0.0224,0.0013500000000000005
vol2,S7075 (A),modified,60200.0,8.28,1.063,0.0315,0.005900000000000001
vol2,S7075 (A),modified,60200.0,9.82,1.136,0.0375,0.00425
vol2,S7075 (A),modified,60200.0,11.33,1.197,0.0573,0.0057
vol2,S7075 (A),modified,100200.0,-5.0,-0.172,0.0292,0.001950000000000002
vol2,S7075 (A),modified,100200.0,-3.47,-0.027,0.02,0.00115
vol2,S7075 (A),modified,100200.0,-1.95,0.107,0.0143,0.0004499999999999999
vol2,S7075 (A),modified,100200.0,-0.5,0.207,0.0157,0.0008000000000000004
vol2,S7075 (A),modified,100200.0,1.12,0.361,0.0194,0.0010499999999999989
vol2,S7075 (A),modified,100200.0,2.55,0.571,0.0212,0.0009499999999999995
vol2,S7075 (A),modified,100200.0,4.21,0.762,0.0169,0.0005999999999999998
vol2,S7075 (A),modified,100200.0,5.76,0.896,0.0177,0.0003499999999999996
vol2,S7075 (A),modified,100200.0,7.28,1.019,0.0209,0.0014999999999999996
vol2,S7075 (A),modified,100200.0,8.8,1.109,0.0281,0.0014000000000000002
vol2,S7075 (A),modified,100200.0,10.32,1.168,0.0389,0.0008500000000000001
vol2,S7075 (A),modified,199600.0,-4.97,-0.158,0.0236,0.0013999999999999985
vol2,S7075 (A),modified,199600.0,-3.47,-0.028,0.0155,0.0006499999999999995
vol2,S7075 (A),modified,199600.0,-1.94,0.121,0.011,0.00019999999999999966
vol2,S7075 (A),modified,199600.0,-0.41,0.265,0.0083,0.0003499999999999996
vol2,S7075 (A),modified,199600.0,1.14,0.429,0.009,0.0002999999999999999
vol2,S7075 (A),modified,199600.0,2.68,0.605,0.0105,0.0003499999999999996
vol2,S7075 (A),modified,199600.0,4.23,0.779,0.0109,0.00014999999999999996
vol2,S7075 (A),modified,199600.0,5.77,0.908,0.0142,0.0003499999999999996
vol2,S7075 (A),modified,199600.0,7.28,1.03,0.0174,0.0004999999999999987
vol2,S7075 (A),modified,199600.0,8.81,1.118,0.023,0.0011500000000000017
vol2,S7075 (A),modified,199600.0,10.33,1.184,0.032,0.0006499999999999995
vol2,S7075 (A),modified,299700.0,-5.0,-0.162,0.0217,0.001550000000000001
vol2,S7075 (A),modified,299700.0,-3.45,-0.023,0.0137,0.0006499999999999995
vol2,S7075 (A),modified,299700.0,-1.89,0.124,0.0101,0.00024999999999999935
vol2,S7075 (A),modified,299700.0,-0.4,0.259,0.0078,0.00014999999999999996
vol2,S7075 (A),modified,299700.0,1.15,0.458,0.0077,0.00020000000000000052
vol2,S7075 (A),modified,299700.0,2.68,0.626,0.008,0.0006499999999999995
vol2,S7075 (A),modified,299700.0,4.24,0.78,0.0103,0.0002999999999999999
vol2,S7075 (A),modified,299700.0,5.76,0.917,0.0128,0.0003500000000000005
vol2,S7075 (A),modified,299700.0,7.31,1.04,0.0161,0.0005000000000000004
vol2,S7075 (A),modified,299700.0,8.83,1.14,0.0208,0.0008999999999999998
vol2,S7075 (A),modified,299700.0,10.2,1.205,0.0277,0.00020000000000000052
vol2,S7075 (A),modified,99900.0,-4.99,-0.178,0.0285,0.0011999999999999997
vol2,S7075 (A),modified,99900.0,-3.48,-0.038,0.0193,0.0010000000000000009
vol2,S7075 (A),modified,99900.0,-1.95,0.091,0.0128,0.0005000000000000004
vol2,S7075 (A),modified,99900.0,-0.4,0.262,0.0126,4.99999999999997e-05
vol2,S7075 (A),modified,99900.0,1.11,0.375,0.0193,0.000449999999999999
vol2,S7075 (A),modified,99900.0,2.67,0.594,0.0196,0.00045000000000000075
vol2,S7075 (A),modified,99900.0,4.23,0.766,0.0155,0.0008000000000000004
vol2,S7075 (A),modified,99900.0,5.74,0.892,0.0186,0.000449999999999999
vol2,S7075 (A),modified,99900.0,7.19,1.006,0.0223,0.0014999999999999996
vol2,S7075 (A),modified,99900.0,8.76,1.102,0.0282,0.002149999999999999
vol2,S7075 (A),modified,99900.0,10.32,1.165,0.0384,0.0006499999999999978
vol2,S7075 (A),modified,199400.0,-4.99,-0.156,0.0237,0.00145
vol2,S7075 (A),modified,199400.0,-3.46,-0.023,0.0159,0.0006499999999999995
vol2,S7075 (A),modified,199400.0,-1.96,0.122,0.0115,0.0002500000000000002
vol2,S7075 (A),modified,199400.0,-0.4,0.272,0.0089,0.0003499999999999996
vol2,S7075 (A),modified,199400.0,1.15,0.434,0.0094,0.00014999999999999996
vol2,S7075 (A),modified,199400.0,2.67,0.604,0.0099,0.00019999999999999966
vol2,S7075 (A),modified,199400.0,4.25,0.77,0.0109,0.00020000000000000052
vol2,S7075 (A),modified,199400.0,5.76,0.898,0.0149,0.00019999999999999966
vol2,S7075 (A),modified,199400.0,7.29,1.022,0.0181,0.0006999999999999992
vol2,S7075 (A),modified,199400.0,9.57,1.158,0.027,0.0014000000000000002
vol2,S7075 (A),modified,199400.0,10.33,1.183,0.032,0.0006499999999999978
vol2,S7075 (A),modified,299100.0,-5.0,-0.158,0.0217,0.0015499999999999993
vol2,S7075 (A),modified,299100.0,-3.45,-0.016,0.0143,0.0006500000000000004
vol2,S7075 (A),modified,299100.0,-1.95,0.122,0.0108,0.0003499999999999996
vol2,S7075 (A),modified,299100.0,0.24,0.34,0.008,9.99999999999994e-05
vol2,S7075 (A),modified,299100.0,1.13,0.442,0.0081,0.00020000000000000052
vol2,S7075 (A),modified,299100.0,3.18,0.666,0.0087,0.0005999999999999998
vol2,S7075 (A),modified,299100.0,4.23,0.762,0.011,0.0003500000000000005
vol2,S7075 (A),modified,299100.0,5.76,0.899,0.0137,0.0004000000000000002
vol2,S7075 (A),modified,299100.0,7.29,1.027,0.0169,0.0006500000000000013
vol2,S7075 (A),modified,299100.0,8.83,1.129,0.0215,0.0008000000000000004
vol2,S7075 (A),modified,299100.0,10.34,1.198,0.029,0.000449999999999999
vol2,S7075 (A),modified,60300.0,-5.99,-0.018,0.0385,0.0023
vol2,S7075 (A),modified,60300.0,-4.43,0.161,0.0325,0.0017000000000000001
vol2,S7075 (A),modified,60300.0,-2.94,0.274,0.0289,0.0010499999999999989
vol2,S7075 (A),modified,60300.0,-1.4,0.409,0.0305,0.0014999999999999979
vol2,S7075 (A),modified,60300.0,0.13,0.551,0.035,0.0024999999999999988
vol2,S7075 (A),modified,60300.0,1.66,0.661,0.0375,0.0087
vol2,S7075 (A),modified,60300.0,3.21,0.88,0.0455,0.0013500000000000005
vol2,S7075 (A),modified,60300.0,4.8,1.185,0.0281,0.003550000000000001
vol2,S7075 (A),modified,60300.0,6.31,1.245,0.0373,0.00255
vol2,S7075 (A),modified,60300.0,7.82,1.283,0.0445,0.0010000000000000009
vol2,S7075 (A),modified,60300.0,9.33,1.338,0.0593,0.0029500000000000012
vol2,S7075 (A),modified,99600.0,-6.0,-0.014,0.0336,0.000899999999999998
vol2,S7075 (A),modified,99600.0,-4.46,0.151,0.0286,0.000700000000000001
vol2,S7075 (A),modified,99600.0,-2.92,0.295,0.0265,0.0006499999999999995
vol2,S7075 (A),modified,99600.0,-1.4,0.426,0.0267,0.0013000000000000008
vol2,S7075 (A),modified,99600.0,0.15,0.578,0.0326,0.0035499999999999993
vol2,S7075 (A),modified,99600.0,1.67,0.679,0.0399,0.000449999999999999
vol2,S7075 (A),modified,99600.0,3.25,1.044,0.0306,0.0014999999999999996
vol2,S7075 (A),modified,99600.0,4.79,1.191,0.0249,0.0011000000000000003
vol2,S7075 (A),modified,99600.0,6.32,1.265,0.0313,0.0003999999999999993
vol2,S7075 (A),modified,99600.0,7.82,1.294,0.0403,0.0011000000000000003
vol2,S7075 (A),modified,99600.0,9.34,1.345,0.0511,0.0015499999999999993
vol2,S7075 (A),modified,198500.0,-5.92,0.241,0.0181,0.0005999999999999998
vol2,S7075 (A),modified,198500.0,-4.35,0.383,0.0144,5.0000000000000565e-05
vol2,S7075 (A),modified,198500.0,-2.88,0.525,0.0139,0.0003500000000000005
vol2,S7075 (A),modified,198500.0,-1.25,0.675,0.0144,0.0006000000000000007
vol2,S7075 (A),modified,198500.0,0.21,0.813,0.015,0.0002999999999999999
vol2,S7075 (A),modified,198500.0,1.74,0.976,0.0168,0.0002999999999999999
vol2,S7075 (A),modified,198500.0,3.26,1.161,0.016,0.0002499999999999985
vol2,S7075 (A),modified,198500.0,4.76,1.203,0.023,0.0007500000000000007
vol2,S7075 (A),modified,198500.0,6.31,1.266,0.0285,0.000700000000000001
vol2,S7075 (A),modified,198500.0,7.81,1.323,0.0353,0.0006999999999999992
vol2,S7075 (A),modified,198500.0,9.34,1.387,0.0444,0.0009000000000000015
vol2,S7075 (A),modified,297900.0,-7.15,0.107,0.0223,0.00145
vol2,S7075 (A),modified,297900.0,-4.38,0.403,0.013,0.00019999999999999966
vol2,S7075 (A),modified,297900.0,-2.85,0.563,0.0121,0.00024999999999999935
vol2,S7075 (A),modified,297900.0,-1.34,0.711,0.0129,0.0003499999999999996
vol2,S7075 (A),modified,297900.0,0.19,0.861,0.0128,0.0002999999999999999
vol2,S7075 (A),modified,297900.0,1.74,1.014,0.0129,0.0003500000000000005
vol2,S7075 (A),modified,297900.0,3.26,1.127,0.0166,0.0002999999999999999
vol2,S7075 (A),modified,297900.0,4.77,1.168,0.0231,0.0008000000000000004
vol2,S7075 (A),modified,297900.0,6.32,1.243,0.0278,0.0008999999999999998
vol2,S7075 (A),modified,297900.0,7.86,1.324,0.0335,0.0006999999999999992
vol2,S7075 (A),modified,297900.0,9.33,1.389,0.0414,0.001349999999999997
vol2,S7075 (A),modified,59300.0,-4.82,-0.063,0.0307,0.0026499999999999996
vol2,S7075 (A),modified,59300.0,-2.43,0.146,0.022,0.0011000000000000003
vol2,S7075 (A),modified,59300.0,-0.91,0.28,0.0232,0.0010500000000000006
vol2,S7075 (A),modified,59300.0,0.63,0.424,0.0263,0.0022500000000000003
vol2,S7075 (A),modified,59300.0,2.15,0.553,0.035,0.002450000000000001
vol2,S7075 (A),modified,59300.0,3.71,0.863,0.031,0.0008999999999999998
vol2,S7075 (A),modified,59300.0,5.26,1.018,0.0233,0.00345
vol2,S7075 (A),modified,59300.0,6.79,1.126,0.0322,0.004450000000000001
vol2,S7075 (A),modified,59300.0,8.28,1.178,0.0376,0.0011999999999999997
vol2,S7075 (A),modified,59300.0,9.83,1.237,0.0513,0.0019999999999999983
vol2,S7075 (A),modified,59300.0,11.34,1.276,0.0752,0.003699999999999995
vol2,S7075 (A),modified,99500.0,-4.98,0.032,0.0244,0.0010499999999999989
vol2,S7075 (A),modified,99500.0,-3.44,0.166,0.0204,0.0006999999999999992
vol2,S7075 (A),modified,99500.0,-1.93,0.282,0.019,0.0002999999999999999
vol2,S7075 (A),modified,99500.0,-0.39,0.4,0.0201,0.0022500000000000003
vol2,S7075 (A),modified,99500.0,1.63,0.601,0.0284,0.0008500000000000001
vol2,S7075 (A),modified,99500.0,2.68,0.757,0.0288,0.0006499999999999995
vol2,S7075 (A),modified,99500.0,4.26,1.008,0.017,0.00045000000000000075
vol2,S7075 (A),modified,99500.0,5.8,1.102,0.0211,0.0017499999999999998
vol2,S7075 (A),modified,99500.0,7.3,1.208,0.0277,0.0038000000000000013
vol2,S7075 (A),modified,99500.0,8.83,1.243,0.036,0.0016000000000000007
vol2,S7075 (A),modified,99500.0,10.34,1.296,0.0494,0.0016500000000000022
vol2,S7075 (A),modified,98800.0,3.42,0.897,0.021,0.0005499999999999984
vol2,S7075 (A),modified,198900.0,-4.95,0.095,0.0167,0.000700000000000001
vol2,S7075 (A),modified,198900.0,-3.56,0.227,0.0125,0.0005000000000000004
vol2,S7075 (A),modified,198900.0,-1.89,0.376,0.0106,0.0007499999999999998
vol2,S7075 (A),modified,198900.0,-0.38,0.521,0.01,0.0005500000000000001
vol2,S7075 (A),modified,198900.0,1.19,0.714,0.0106,0.00020000000000000052
vol2,S7075 (A),modified,198900.0,2.77,0.895,0.0112,0.00019999999999999966
vol2,S7075 (A),modified,198900.0,4.28,1.027,0.0142,0.0003000000000000008
vol2,S7075 (A),modified,198900.0,5.78,1.127,0.0182,0.0002500000000000002
vol2,S7075 (A),modified,198900.0,7.31,1.213,0.0235,0.0011999999999999997
vol2,S7075 (A),modified,198900.0,8.83,1.267,0.0308,0.0011000000000000003
vol2,S7075 (A),modified,198900.0,10.33,1.318,0.0411,0.0008500000000000001
vol2,S7075 (A),modified,299100.0,-5.97,-0.011,0.0198,0.0011999999999999997
vol2,S7075 (A),modified,299100.0,-4.52,0.117,0.0141,0.0007000000000000001
vol2,S7075 (A),modified,299100.0,-2.93,0.273,0.0107,0.00014999999999999996
vol2,S7075 (A),modified,299100.0,-1.37,0.45,0.0094,0.00014999999999999996
vol2,S7075 (A),modified,299100.0,0.15,0.605,0.0087,0.0003499999999999996
vol2,S7075 (A),modified,299100.0,1.7,0.777,0.0092,0.0002500000000000002
vol2,S7075 (A),modified,299100.0,3.19,0.93,0.0106,0.00020000000000000052
vol2,S7075 (A),modified,299100.0,4.77,1.048,0.0148,0.0002999999999999999
vol2,S7075 (A),modified,299100.0,6.32,1.15,0.0187,0.000449999999999999
vol2,S7075 (A),modified,299100.0,7.87,1.226,0.0244,0.0005000000000000004
vol2,S7075 (A),modified,299100.0,9.32,1.28,0.0316,0.0002500000000000002
vol2,S7075 (B),modified,59900.0,-5.21,-0.379,0.0333,0.0039000000000000007
vol2,S7075 (B),modified,59900.0,-3.69,-0.269,0.0251,0.0010000000000000009
vol2,S7075 (B),modified,59900.0,-2.18,-0.147,0.0163,0.002299999999999999
vol2,S7075 (B),modified,59900.0,0.32,0.094,0.0189,0.0041
vol2,S7075 (B),modified,59900.0,0.91,0.181,0.0229,0.007099999999999999
vol2,S7075 (B),modified,59900.0,2.46,0.416,0.0301,0.0081
vol2,S7075 (B),modified,59900.0,4.01,0.623,0.0235,0.0035499999999999993
vol2,S7075 (B),modified,59900.0,5.56,0.779,0.0201,0.0026499999999999996
vol2,S7075 (B),modified,59900.0,7.08,0.906,0.0245,0.005899999999999999
vol2,S7075 (B),modified,59900.0,8.61,0.991,0.0324,0.0052
vol2,S7075 (B),modified,59900.0,10.11,1.048,0.0513,0.003500000000000003
vol2,S7075 (B),modified,100100.0,-5.16,-0.257,0.0296,0.0023
vol2,S7075 (B),modified,100100.0,-3.64,-0.097,0.0204,0.0008999999999999998
vol2,S7075 (B),modified,100100.0,-2.17,0.032,0.0159,0.0012499999999999994
vol2,S7075 (B),modified,100100.0,-0.6,0.152,0.0148,0.0008500000000000001
vol2,S7075 (B),modified,100100.0,0.93,0.355,0.0162,0.00185
vol2,S7075 (B),modified,100100.0,2.48,0.517,0.0173,0.0013499999999999988
vol2,S7075 (B),modified,100100.0,4.02,0.66,0.0163,0.0010000000000000009
vol2,S7075 (B),modified,100100.0,5.55,0.799,0.0179,0.0003499999999999996
vol2,S7075 (B),modified,100100.0,7.09,0.934,0.0206,0.00115
vol2,S7075 (B),modified,100100.0,8.62,1.027,0.0287,0.002450000000000001
vol2,S7075 (B),modified,100100.0,10.12,1.11,0.037,0.0020499999999999997
vol2,S7075 (B),modified,199800.0,-5.17,-0.244,0.0278,0.0016499999999999987
vol2,S7075 (B),modified,199800.0,-3.64,-0.107,0.0171,0.0006999999999999992
vol2,S7075 (B),modified,199800.0,-0.85,0.164,0.0093,0.00019999999999999966
vol2,S7075 (B),modified,199800.0,-0.6,0.189,0.0093,0.0010500000000000006
vol2,S7075 (B),modified,199800.0,0.95,0.361,0.0097,0.0008999999999999998
vol2,S7075 (B),modified,199800.0,2.47,0.517,0.0097,0.0002999999999999999
vol2,S7075 (B),modified,199800.0,4.03,0.678,0.0114,0.0007499999999999998
vol2,S7075 (B),modified,199800.0,5.57,0.825,0.0133,0.0007999999999999995
vol2,S7075 (B),modified,199800.0,7.1,0.956,0.0173,0.00020000000000000052
vol2,S7075 (B),modified,199800.0,8.64,1.064,0.0233,0.0008500000000000001
vol2,S7075 (B),modified,199800.0,10.15,1.16,0.0295,0.0026
vol2,S7075 (B),modified,300100.0,-5.23,-0.256,0.026,0.0017999999999999995
vol2,S7075 (B),modified,300100.0,-3.53,-0.097,0.0147,0.0005500000000000001
vol2,S7075 (B),modified,300100.0,-2.22,0.027,0.012,0.0002500000000000002
vol2,S7075 (B),modified,300100.0,-0.54,0.194,0.008,0.00014999999999999996
vol2,S7075 (B),modified,300100.0,0.94,0.355,0.008,0.00065
vol2,S7075 (B),modified,300100.0,2.53,0.529,0.0084,0.0002999999999999999
vol2,S7075 (B),modified,300100.0,4.05,0.686,0.0102,0.0004499999999999999
vol2,S7075 (B),modified,300100.0,5.56,0.832,0.0122,0.0004999999999999996
vol2,S7075 (B),modified,300100.0,7.13,0.967,0.0159,0.0001999999999999988
vol2,S7075 (B),modified,300100.0,8.62,1.081,0.0204,0.0002999999999999999
vol2,S7075 (B),modified,300100.0,10.14,1.183,0.0258,0.0016499999999999987
vol2,CR-001,clean,59200.0,-4.23,-0.107,0.0443,0.001899999999999999
vol2,CR-001,clean,59200.0,-2.7,0.062,0.0272,0.0007500000000000007
vol2,CR-001,clean,59200.0,-1.16,0.217,0.0208,0.0020999999999999994
vol2,CR-001,clean,59200.0,0.38,0.381,0.0215,0.005600000000000001
vol2,CR-001,clean,59200.0,1.82,0.562,0.0245,0.0008500000000000001
vol2,CR-001,clean,59200.0,3.48,0.788,0.0297,0.0015499999999999993
vol2,CR-001,clean,59200.0,5.01,0.975,0.0259,0.002199999999999999
vol2,CR-001,clean,59200.0,6.55,1.099,0.0264,0.003299999999999999
vol2,CR-001,clean,59200.0,8.08,1.202,0.0293,0.002
vol2,CR-001,clean,59200.0,9.59,1.269,0.0385,0.0023999999999999994
vol2,CR-001,clean,59200.0,11.1,1.318,0.0576,0.00375
vol2,CR-001,clean,99100.0,-4.25,-0.175,0.0488,0.0019999999999999983
vol2,CR-001,clean,99100.0,-2.67,0.051,0.0237,0.0008999999999999998
vol2,CR-001,clean,99100.0,-1.17,0.211,0.0194,0.002199999999999999
vol2,CR-001,clean,99100.0,0.39,0.429,0.0181,0.00015000000000000083
vol2,CR-001,clean,99100.0,1.94,0.65,0.0211,0.0010500000000000006
vol2,CR-001,clean,99100.0,3.49,0.829,0.0186,0.0020999999999999994
vol2,CR-001,clean,99100.0,5.02,0.963,0.0173,0.0012499999999999994
vol2,CR-001,clean,99100.0,6.56,1.089,0.0185,0.0006499999999999995
vol2,CR-001,clean,99100.0,7.98,1.191,0.025,0.0013499999999999988
vol2,CR-001,clean,99100.0,9.59,1.266,0.0332,0.0020000000000000018
vol2,CR-001,clean,99100.0,11.1,1.302,0.0499,0.0010500000000000023
vol2,CR-001,clean,199000.0,-5.27,-0.306,0.0763,0.0025000000000000022
vol2,CR-001,clean,199000.0,-3.75,-0.05,0.0345,0.0016499999999999987
vol2,CR-001,clean,199000.0,-2.17,0.174,0.0165,0.0022500000000000003
vol2,CR-001,clean,199000.0,-0.62,0.407,0.012,0.0004000000000000002
vol2,CR-001,clean,199000.0,0.91,0.579,0.01,0.0004000000000000002
vol2,CR-001,clean,199000.0,2.49,0.738,0.0102,0.00019999999999999966
vol2,CR-001,clean,199000.0,4.0,0.887,0.0111,0.00024999999999999935
vol2,CR-001,clean,199000.0,5.53,1.025,0.0129,0.0003499999999999996
vol2,CR-001,clean,199000.0,7.07,1.146,0.0169,0.0005999999999999998
vol2,CR-001,clean,199000.0,8.6,1.236,0.0234,0.00145
vol2,CR-001,clean,199000.0,10.11,1.297,0.0322,0.0011499999999999982
vol2,CR-001,clean,298800.0,-5.3,-0.248,0.0702,0.0008500000000000035
vol2,CR-001,clean,298800.0,-3.7,0.04,0.0262,0.0023499999999999997
vol2,CR-001,clean,298800.0,-2.28,0.243,0.0128,0.00145
vol2,CR-001,clean,298800.0,-0.62,0.436,0.0083,0.0013499999999999996
vol2,CR-001,clean,298800.0,0.95,0.594,0.0073,0.0006500000000000004
vol2,CR-001,clean,298800.0,2.47,0.753,0.008,0.0004000000000000002
vol2,CR-001,clean,298800.0,4.03,0.906,0.0095,0.00014999999999999996
vol2,CR-001,clean,298800.0,5.55,1.042,0.0118,0.00020000000000000052
vol2,CR-001,clean,298800.0,7.1,1.161,0.0156,0.0003500000000000005
vol2,CR-001,clean,298800.0,8.63,1.258,0.0211,0.0008500000000000001
vol2,CR-001,clean,298800.0,10.13,1.32,0.0294,0.0019000000000000006
vol2,Davis 3R,modified,40100.0,-1.99,0.13,0.0484,0.0038499999999999993
vol2,Davis 3R,modified,40100.0,-0.46,0.338,0.038,0.001850000000000001
vol2,Davis 3R,modified,40100.0,1.08,0.519,0.0348,0.0006500000000000013
vol2,Davis 3R,modified,40100.0,2.64,0.693,0.0345,0.0017999999999999995
vol2,Davis 3R,modified,40100.0,4.18,0.853,0.0433,0.0015999999999999973
vol2,Davis 3R,modified,40100.0,5.68,0.989,0.0425,0.0015000000000000013
vol2,Davis 3R,modified,40100.0,7.23,1.151,0.0314,0.00315
vol2,Davis 3R,modified,40100.0,8.75,1.21,0.0351,0.005100000000000002
vol2,Davis 3R,modified,40100.0,10.26,1.259,0.0493,0.010000000000000002
vol2,Davis 3R,modified,40100.0,11.78,1.327,0.0627,0.007449999999999998
vol2,Davis 3R,modified,40100.0,13.28,1.34,0.098,0.006949999999999998
vol2,Davis 3R,modified,59600.0,-1.96,0.274,0.0456,0.0015499999999999993
vol2,Davis 3R,modified,59600.0,-0.42,0.474,0.0321,0.0020499999999999997
vol2,Davis 3R,modified,59600.0,1.12,0.653,0.0263,0.0012000000000000014
vol2,Davis 3R,modified,59600.0,2.66,0.818,0.0248,0.00040000000000000105
vol2,Davis 3R,modified,59600.0,4.2,0.965,0.027,0.0011000000000000003
vol2,Davis 3R,modified,59600.0,5.73,1.109,0.0262,0.000700000000000001
vol2,Davis 3R,modified,59600.0,7.26,1.2,0.0289,0.0014000000000000002
vol2,Davis 3R,modified,59600.0,8.76,1.254,0.0386,0.00255
vol2,Davis 3R,modified,59600.0,10.28,1.324,0.0508,0.00255
vol2,Davis 3R,modified,59600.0,11.81,1.384,0.0638,0.00255
vol2,Davis 3R,modified,59600.0,13.29,1.392,0.099,0.004749999999999997
vol2,Davis 3R,modified,99300.0,-1.93,0.322,0.0331,0.0020999999999999994
vol2,Davis 3R,modified,99300.0,-0.41,0.516,0.023,0.0017000000000000001
vol2,Davis 3R,modified,99300.0,1.12,0.671,0.0185,0.0012000000000000014
vol2,Davis 3R,modified,99300.0,2.66,0.824,0.0172,0.0009500000000000012
vol2,Davis 3R,modified,99300.0,4.18,0.967,0.0185,0.0005999999999999998
vol2,Davis 3R,modified,99300.0,5.73,1.096,0.0203,0.0011000000000000003
vol2,Davis 3R,modified,99300.0,7.25,1.17,0.0301,0.0027999999999999987
vol2,Davis 3R,modified,99300.0,8.76,1.24,0.0398,0.0010499999999999989
vol2,Davis 3R,modified,99300.0,10.28,1.311,0.0507,0.002100000000000001
vol2,Davis 3R,modified,99300.0,11.79,1.362,0.0686,0.0026499999999999996
vol2,Davis 3R,modified,99300.0,13.25,1.368,0.103,0.0072499999999999995
vol2,Davis 3R,modified,198600.0,-2.95,0.039,0.0542,0.003199999999999998
vol2,Davis 3R,modified,198600.0,-1.46,0.26,0.0346,0.0017500000000000016
vol2,Davis 3R,modified,198600.0,0.14,0.613,0.0164,0.0010500000000000006
vol2,Davis 3R,modified,198600.0,1.67,0.781,0.0142,0.0004000000000000002
vol2,Davis 3R,modified,198600.0,3.03,0.923,0.0152,0.0011000000000000003
vol2,Davis 3R,modified,198600.0,4.67,1.07,0.0199,0.0013000000000000008
vol2,Davis 3R,modified,198600.0,6.1,1.151,0.0275,0.0007500000000000007
vol2,Davis 3R,modified,198600.0,7.76,1.24,0.0361,0.0017999999999999995
vol2,Davis 3R,modified,198600.0,9.27,1.306,0.0477,0.0020999999999999977
vol2,Davis 3R,modified,297900.0,-3.12,0.025,0.0594,0.0026499999999999996
vol2,Davis 3R,modified,297900.0,-1.42,0.477,0.0227,0.0014999999999999996
vol2,Davis 3R,modified,297900.0,0.1,0.654,0.0165,0.0011000000000000012
vol2,Davis 3R,modified,297900.0,1.65,0.823,0.0151,0.0007500000000000007
vol2,Davis 3R,modified,297900.0,3.19,0.986,0.0165,0.001
vol2,Davis 3R,modified,297900.0,4.7,1.098,0.0218,0.0010999999999999985
vol2,Davis 3R,modified,297900.0,6.27,1.193,0.029,0.0015499999999999993
vol2,Davis 3R,modified,297900.0,7.79,1.27,0.0372,0.0016000000000000007
vol2,DU 86-084/18,clean,59700.0,-5.77,-0.48,0.0313,0.0006500000000000013
vol2,DU 86-084/18,clean,59700.0,-4.24,-0.388,0.0232,0.0011000000000000003
vol2,DU 86-084/18,clean,59700.0,-2.74,-0.295,0.0152,0.0008000000000000004
vol2,DU 86-084/18,clean,59700.0,-1.19,-0.166,0.0158,0.0031999999999999997
vol2,DU 86-084/18,clean,59700.0,0.32,-0.039,0.016,0.002149999999999999
vol2,DU 86-084/18,clean,59700.0,1.88,0.11,0.021,0.0013500000000000005
vol2,DU 86-084/18,clean,59700.0,3.43,0.34,0.0274,0.0018499999999999992
vol2,DU 86-084/18,clean,59700.0,4.96,0.533,0.023,0.0005000000000000004
vol2,DU 86-084/18,clean,59700.0,6.51,0.648,0.022,0.0018499999999999992
vol2,DU 86-084/18,clean,59700.0,8.03,0.736,0.0342,0.0009999999999999974
vol2,DU 86-084/18,clean,59700.0,9.55,0.815,0.0528,0.002400000000000003
vol2,DU 86-084/18,clean,100000.0,-5.73,-0.456,0.0299,0.000700000000000001
vol2,DU 86-084/18,clean,100000.0,-4.22,-0.345,0.0211,0.000700000000000001
vol2,DU 86-084/18,clean,100000.0,-2.71,-0.219,0.0152,0.0019500000000000003
vol2,DU 86-084/18,clean,100000.0,-1.18,-0.105,0.0127,0.0004499999999999999
vol2,DU 86-084/18,clean,100000.0,0.38,0.071,0.0154,0.0015499999999999993
vol2,DU 86-084/18,clean,100000.0,1.92,0.269,0.0178,0.00145
vol2,DU 86-084/18,clean,100000.0,3.46,0.479,0.019,0.0016500000000000004
vol2,DU 86-084/18,clean,100000.0,5.0,0.598,0.0156,0.0008999999999999989
vol2,DU 86-084/18,clean,100000.0,6.51,0.715,0.0191,0.0009500000000000012
vol2,DU 86-084/18,clean,100000.0,8.04,0.819,0.0306,0.0014999999999999996
vol2,DU 86-084/18,clean,100000.0,9.58,0.909,0.0497,0.004900000000000002
vol2,DU 86-084/18,clean,200600.0,-5.7,-0.4,0.023,0.0023
vol2,DU 86-084/18,clean,200600.0,-4.21,-0.257,0.0156,0.0013999999999999993
vol2,DU 86-084/18,clean,200600.0,-2.7,-0.116,0.012,0.0012000000000000005
vol2,DU 86-084/18,clean,200600.0,-0.13,0.123,0.0114,0.0012499999999999994
vol2,DU 86-084/18,clean,200600.0,0.39,0.203,0.0121,0.0006499999999999995
vol2,DU 86-084/18,clean,200600.0,1.92,0.334,0.0124,0.0005499999999999993
vol2,DU 86-084/18,clean,200600.0,3.47,0.452,0.0114,0.0005999999999999998
vol2,DU 86-084/18,clean,200600.0,5.01,0.6,0.0106,0.00020000000000000052
vol2,DU 86-084/18,clean,200600.0,6.56,0.734,0.0171,0.00045000000000000075
vol2,DU 86-084/18,clean,200600.0,8.06,0.848,0.0256,0.0009499999999999995
vol2,DU 86-084/18,clean,200600.0,9.59,0.939,0.0435,0.0045000000000000005
vol2,DU 86-084/18,clean,300500.0,-5.69,-0.415,0.0234,0.00115
vol2,DU 86-084/18,clean,300500.0,-4.3,-0.292,0.0158,0.000449999999999999
vol2,DU 86-084/18,clean,300500.0,-2.59,-0.129,0.0111,0.0009500000000000003
vol2,DU 86-084/18,clean,300500.0,0.08,0.084,0.01,0.0003499999999999996
vol2,DU 86-084/18,clean,300500.0,0.4,0.14,0.0099,0.0005999999999999998
vol2,DU 86-084/18,clean,300500.0,1.92,0.303,0.0097,0.0004499999999999999
vol2,DU 86-084/18,clean,300500.0,3.47,0.45,0.0087,0.0006499999999999995
vol2,DU 86-084/18,clean,300500.0,4.99,0.59,0.0099,0.0003000000000000008
vol2,DU 86-084/18,clean,300500.0,6.52,0.727,0.0156,0.0006999999999999992
vol2,DU 86-084/18,clean,300500.0,8.04,0.846,0.0229,0.0010499999999999989
vol2,DU 86-084/18,clean,300500.0,9.6,0.954,0.0426,0.0051
vol2,E374 (B),clean,60100.0,-6.43,-0.356,0.0343,0.0009000000000000015
vol2,E374 (B),clean,60100.0,-5.43,-0.311,0.0278,0.0008500000000000001
vol2,E374 (B),clean,60100.0,-4.4,-0.262,0.0229,0.0015499999999999993
vol2,E374 (B),clean,60100.0,-3.39,-0.203,0.0184,0.00375
vol2,E374 (B),clean,60100.0,-2.35,-0.096,0.0185,0.001899999999999999
vol2,E374 (B),clean,60100.0,-1.32,0.006,0.0227,0.0032499999999999994
vol2,E374 (B),clean,60100.0,-0.31,0.152,0.0258,0.0013500000000000005
vol2,E374 (B),clean,60100.0,0.71,0.258,0.0296,0.0013000000000000008
vol2,E374 (B),clean,60100.0,1.75,0.335,0.0314,0.000449999999999999
vol2,E374 (B),clean,60100.0,2.75,0.4,0.0369,0.0011999999999999997
vol2,E374 (B),clean,60100.0,4.03,0.519,0.0416,0.0022000000000000006
vol2,E374 (B),clean,60100.0,4.84,0.683,0.0382,0.0020499999999999997
vol2,E374 (B),clean,60100.0,5.87,0.796,0.0355,0.0038999999999999972
vol2,E374 (B),clean,60100.0,6.89,0.895,0.0302,0.0035499999999999993
vol2,E374 (B),clean,60100.0,7.92,0.977,0.0245,0.0017499999999999998
vol2,E374 (B),clean,60100.0,8.9,0.993,0.0352,0.0016500000000000022
vol2,E374 (B),clean,60100.0,10.11,1.029,0.0467,0.001850000000000001
vol2,E374 (B),clean,100400.0,-6.44,-0.439,0.0302,0.0008999999999999998
vol2,E374 (B),clean,100400.0,-5.45,-0.394,0.0244,0.0009999999999999992
vol2,E374 (B),clean,100400.0,-4.41,-0.302,0.0199,0.002749999999999999
vol2,E374 (B),clean,100400.0,-3.38,-0.161,0.0165,0.0033500000000000005
vol2,E374 (B),clean,100400.0,-2.33,-0.004,0.0176,0.00515
vol2,E374 (B),clean,100400.0,-1.31,0.138,0.0193,0.002199999999999999
vol2,E374 (B),clean,100400.0,-0.01,0.265,0.0211,0.0016999999999999984
vol2,E374 (B),clean,100400.0,0.72,0.322,0.0231,0.0016000000000000007
vol2,E374 (B),clean,100400.0,1.77,0.409,0.0262,0.0018499999999999992
vol2,E374 (B),clean,100400.0,2.8,0.499,0.0291,0.0014000000000000002
vol2,E374 (B),clean,100400.0,3.82,0.601,0.0291,0.0014000000000000002
vol2,E374 (B),clean,100400.0,4.84,0.708,0.0245,0.0018499999999999992
vol2,E374 (B),clean,100400.0,5.86,0.805,0.0201,0.0008999999999999998
vol2,E374 (B),clean,100400.0,6.89,0.895,0.0193,0.00145
vol2,E374 (B),clean,100400.0,7.91,0.954,0.0242,0.002100000000000001
vol2,E374 (B),clean,100400.0,8.89,0.981,0.0322,0.0019499999999999986
vol2,E374 (B),clean,100400.0,9.91,1.021,0.0398,0.002749999999999999
vol2,E374 (B),clean,200500.0,-6.42,-0.438,0.0236,0.001899999999999999
vol2,E374 (B),clean,200500.0,-5.38,-0.307,0.0173,0.00145
vol2,E374 (B),clean,200500.0,-4.37,-0.182,0.0133,0.0007499999999999998
vol2,E374 (B),clean,200500.0,-3.35,-0.099,0.0112,0.0002999999999999999
vol2,E374 (B),clean,200500.0,-2.32,-0.03,0.0096,0.0006000000000000007
vol2,E374 (B),clean,200500.0,-1.31,0.06,0.0113,0.0004999999999999996
vol2,E374 (B),clean,200500.0,-0.28,0.192,0.0114,0.0012499999999999994
vol2,E374 (B),clean,200500.0,0.74,0.326,0.0117,0.0006499999999999995
vol2,E374 (B),clean,200500.0,1.77,0.418,0.0123,0.0005000000000000004
vol2,E374 (B),clean,200500.0,2.8,0.517,0.0128,0.0008999999999999998
vol2,E374 (B),clean,200500.0,3.83,0.622,0.013,0.0007999999999999995
vol2,E374 (B),clean,200500.0,4.8,0.719,0.0128,0.0007499999999999998
vol2,E374 (B),clean,200500.0,5.87,0.824,0.0131,0.0007000000000000001
vol2,E374 (B),clean,200500.0,6.9,0.902,0.0154,0.0007000000000000001
vol2,E374 (B),clean,200500.0,7.91,0.944,0.0224,0.0016000000000000007
vol2,E374 (B),clean,200500.0,8.92,0.986,0.0279,0.001299999999999999
vol2,E374 (B),clean,200500.0,9.93,1.022,0.0353,0.0020499999999999997
vol2,E374 (B),clean,300700.0,-6.42,-0.396,0.02,0.0014000000000000002
vol2,E374 (B),clean,300700.0,-5.37,-0.277,0.0147,0.0019500000000000003
vol2,E374 (B),clean,300700.0,-3.98,-0.162,0.0118,0.0006000000000000007
vol2,E374 (B),clean,300700.0,-3.41,-0.118,0.0109,0.0008000000000000004
vol2,E374 (B),clean,300700.0,-2.33,-0.03,0.009,0.0005999999999999998
vol2,E374 (B),clean,300700.0,-1.31,0.056,0.0086,0.0005500000000000001
vol2,E374 (B),clean,300700.0,-0.29,0.157,0.0091,0.00185
vol2,E374 (B),clean,300700.0,0.75,0.325,0.01,0.0011000000000000003
vol2,E374 (B),clean,300700.0,1.73,0.419,0.0096,0.0006500000000000004
vol2,E374 (B),clean,300700.0,2.8,0.523,0.0097,0.0004000000000000002
vol2,E374 (B),clean,300700.0,3.84,0.626,0.01,0.0003499999999999996
vol2,E374 (B),clean,300700.0,4.86,0.727,0.0103,0.0004999999999999996
vol2,E374 (B),clean,300700.0,5.89,0.824,0.0108,0.0004499999999999999
vol2,E374 (B),clean,300700.0,6.9,0.893,0.0154,0.0013500000000000005
vol2,E374 (B),clean,300700.0,7.88,0.937,0.0209,0.00115
vol2,E374 (B),clean,300700.0,8.91,0.984,0.0257,0.0017000000000000001
vol2,E374 (B),clean,300700.0,9.92,1.021,0.033,0.0024999999999999988
vol2,E423,clean,60300.0,-4.55,-0.2,0.1057,0.007600000000000003
vol2,E423,clean,60300.0,-3.03,-0.252,0.1098,0.0068000000000000005
vol2,E423,clean,60300.0,-1.48,-0.054,0.1048,0.005850000000000001
vol2,E423,clean,60300.0,0.09,0.274,0.0999,0.004900000000000002
vol2,E423,clean,60300.0,1.64,0.489,0.1083,0.002149999999999999
vol2,E423,clean,60300.0,3.14,0.604,0.1175,0.0054500000000000035
vol2,E423,clean,60300.0,4.67,0.699,0.1311,0.007300000000000001
vol2,E423,clean,60300.0,6.2,0.784,0.1514,0.016200000000000006
vol2,E423,clean,60300.0,7.73,0.855,0.1614,0.024849999999999997
vol2,E423,clean,60300.0,9.23,0.9,0.1742,0.016
vol2,E423,clean,60300.0,10.75,0.96,0.2051,0.02099999999999999
vol2,E423,clean,99700.0,-4.42,0.218,0.0633,0.009250000000000001
vol2,E423,clean,99700.0,-2.9,0.358,0.053,0.009499999999999998
vol2,E423,clean,99700.0,-1.29,0.696,0.0304,0.0049
vol2,E423,clean,99700.0,0.21,0.859,0.0336,0.0037
vol2,E423,clean,99700.0,1.76,0.978,0.0405,0.004750000000000001
vol2,E423,clean,99700.0,3.28,1.118,0.0411,0.0030500000000000006
vol2,E423,clean,99700.0,4.85,1.267,0.0403,0.004749999999999997
vol2,E423,clean,99700.0,6.22,0.945,0.1296,0.017699999999999994
vol2,E423,clean,99700.0,7.71,0.974,0.1425,0.006900000000000003
vol2,E423,clean,99700.0,9.25,0.995,0.1941,0.017150000000000012
vol2,E423,clean,99700.0,10.7,1.056,0.1924,0.010499999999999995
vol2,E423,clean,198600.0,-4.43,0.251,0.0597,0.003799999999999998
vol2,E423,clean,198600.0,-2.88,0.432,0.0464,0.0034500000000000017
vol2,E423,clean,198600.0,-1.29,0.797,0.0193,0.0005999999999999998
vol2,E423,clean,198600.0,0.2,0.948,0.0205,0.0015499999999999993
vol2,E423,clean,198600.0,1.76,1.099,0.0216,0.0010499999999999989
vol2,E423,clean,198600.0,3.32,1.245,0.0219,0.0011999999999999997
vol2,E423,clean,198600.0,4.85,1.378,0.0222,0.0007500000000000007
vol2,E423,clean,198600.0,7.22,1.579,0.0256,0.00020000000000000052
vol2,E423,clean,198600.0,7.9,1.633,0.0267,0.0004999999999999987
vol2,E423,clean,198600.0,9.32,1.742,0.0282,0.0008500000000000001
vol2,E423,clean,198600.0,11.0,1.871,0.0296,0.0013500000000000005
vol2,E423,clean,296900.0,-2.31,0.727,0.0168,0.0008999999999999998
vol2,E423,clean,296900.0,-0.76,0.883,0.0158,0.0009999999999999992
vol2,E423,clean,296900.0,0.76,1.035,0.0168,0.0008999999999999998
vol2,E423,clean,296900.0,2.3,1.187,0.0173,0.0010499999999999989
vol2,E423,clean,296900.0,3.83,1.328,0.0177,0.00115
vol2,E423,clean,296900.0,5.36,1.463,0.0177,0.0008999999999999998
vol2,E423,clean,296900.0,6.89,1.597,0.019,0.0005999999999999998
vol2,E423,clean,296900.0,8.44,1.716,0.0204,0.00040000000000000105
vol2,E423,clean,296900.0,9.93,1.827,0.0221,0.0005999999999999998
vol2,E423,clean,296900.0,11.47,1.937,0.0237,0.0005500000000000001
vol2,E423,clean,296900.0,13.01,2.018,0.027,0.0038499999999999993
vol2,E423,clean,300800.0,-4.48,0.275,0.0605,0.0024999999999999988
vol2,E423,clean,300800.0,-3.38,0.415,0.0497,0.002650000000000003
vol2,LD-79,clean,59400.0,-5.6,-0.361,0.0891,0.01675
vol2,LD-79,clean,59400.0,-4.06,-0.186,0.0491,0.0038000000000000013
vol2,LD-79,clean,59400.0,-2.52,0.022,0.0334,0.0015499999999999993
vol2,LD-79,clean,59400.0,-1.01,0.197,0.0261,0.001899999999999999
vol2,LD-79,clean,59400.0,0.58,0.45,0.0221,0.0033500000000000005
vol2,LD-79,clean,59400.0,2.16,0.618,0.0193,0.0037999999999999996
vol2,LD-79,clean,59400.0,3.65,0.763,0.0233,0.006749999999999999
vol2,LD-79,clean,59400.0,5.17,0.899,0.0274,0.005949999999999999
vol2,LD-79,clean,59400.0,6.72,1.036,0.0246,0.00315
vol2,LD-79,clean,59400.0,8.26,1.13,0.036,0.0032499999999999994
vol2,LD-79,clean,59400.0,9.76,1.191,0.0549,0.0016499999999999987
vol2,LD-79,clean,99600.0,-4.58,-0.269,0.0582,0.0029500000000000012
vol2,LD-79,clean,99600.0,-3.09,-0.035,0.0391,0.0029
vol2,LD-79,clean,99600.0,-1.48,0.177,0.0258,0.0020499999999999997
vol2,LD-79,clean,99600.0,0.04,0.384,0.0202,0.0015000000000000013
vol2,LD-79,clean,99600.0,1.62,0.538,0.0196,0.0017999999999999995
vol2,LD-79,clean,99600.0,3.15,0.694,0.0179,0.0014000000000000002
vol2,LD-79,clean,99600.0,4.67,0.846,0.0195,0.0010500000000000006
vol2,LD-79,clean,99600.0,6.16,0.975,0.0245,0.0009999999999999992
vol2,LD-79,clean,99600.0,7.73,1.089,0.0322,0.0016499999999999987
vol2,LD-79,clean,99600.0,9.27,1.184,0.0443,0.0034500000000000017
vol2,LD-79,clean,149400.0,-4.55,-0.252,0.0572,0.0012000000000000031
vol2,LD-79,clean,149400.0,-2.97,-0.029,0.0348,0.00145
vol2,LD-79,clean,149400.0,-1.51,0.17,0.0239,0.002
vol2,LD-79,clean,149400.0,0.12,0.376,0.019,0.0013000000000000008
vol2,LD-79,clean,149400.0,1.59,0.53,0.0174,0.0010499999999999989
vol2,LD-79,clean,149400.0,3.16,0.729,0.016,0.0002499999999999985
vol2,LD-79,clean,149400.0,4.63,0.867,0.0179,0.0005500000000000001
vol2,LD-79,clean,149400.0,6.23,0.999,0.0264,0.0006499999999999995
vol2,LD-79,clean,149400.0,7.75,1.11,0.0344,0.0012499999999999976
vol2,LD-79,clean,199200.0,-4.58,-0.264,0.0575,0.0019999999999999983
vol2,LD-79,clean,199200.0,-3.33,-0.072,0.037,0.0013500000000000005
vol2,LD-79,clean,199200.0,-1.39,0.187,0.0223,0.0012499999999999994
vol2,LD-79,clean,199200.0,0.08,0.394,0.0173,0.0005999999999999998
vol2,LD-79,clean,199200.0,1.59,0.556,0.0158,0.0008000000000000004
vol2,LD-79,clean,199200.0,3.15,0.719,0.0143,0.001
vol2,LD-79,clean,199200.0,6.06,0.982,0.0247,0.0006999999999999992
vol2,LD-79,clean,199200.0,6.22,0.99,0.0253,0.000700000000000001
vol2,LD-79,clean,199200.0,7.77,1.102,0.034,0.0007499999999999972
vol2,LD-79,clean,199200.0,9.25,1.178,0.0455,0.0015499999999999993
vol2,M06-13-128 (B),modified,299200.0,-4.45,0.011,0.0431,0.0017999999999999995
vol2,M06-13-128 (B),modified,299200.0,-2.88,0.187,0.029,0.0010500000000000006
vol2,M06-13-128 (B),modified,299200.0,-1.33,0.4,0.0279,0.0006499999999999995
vol2,M06-13-128 (B),modified,299200.0,0.2,0.511,0.03,0.0012499999999999994
vol2,M06-13-128 (B),modified,299200.0,1.77,0.663,0.0358,0.0004500000000000025
vol2,M06-13-128 (B),modified,299200.0,3.3,0.83,0.035,0.0009499999999999995
vol2,M06-13-128 (B),modified,299200.0,4.92,1.009,0.0315,0.000449999999999999
vol2,M06-13-128 (B),modified,299200.0,6.35,1.159,0.0279,0.00045000000000000075
vol2,M06-13-128 (B),modified,299200.0,7.92,1.335,0.0242,0.00045000000000000075
vol2,M06-13-128 (B),modified,299200.0,9.43,1.493,0.0202,0.0007499999999999989
vol2,M06-13-128 (B),modified,299200.0,10.94,1.638,0.0212,0.0008500000000000001
vol2,M6 (65%),clean,60600.0,-5.53,-0.463,0.0444,0.0011500000000000017
vol2,M6 (65%),clean,60600.0,-3.45,-0.317,0.0246,0.0011000000000000003
vol2,M6 (65%),clean,60600.0,-2.47,-0.226,0.0204,0.0007500000000000007
vol2,M6 (65%),clean,60600.0,-0.94,-0.036,0.0148,0.0030999999999999995
vol2,M6 (65%),clean,60600.0,0.59,0.028,0.0138,0.0022500000000000003
vol2,M6 (65%),clean,60600.0,2.12,0.224,0.0196,0.0045000000000000005
vol2,M6 (65%),clean,60600.0,3.67,0.416,0.0189,0.0028000000000000004
vol2,M6 (65%),clean,60600.0,5.18,0.522,0.0197,0.00285
vol2,M6 (65%),clean,60600.0,6.75,0.654,0.023,0.0019000000000000006
vol2,M6 (65%),clean,60600.0,8.26,0.748,0.0319,0.0028000000000000004
vol2,M6 (65%),clean,60600.0,9.79,0.845,0.0484,0.0063500000000000015
vol2,M6 (65%),clean,100000.0,-5.54,-0.497,0.0497,0.0010500000000000023
vol2,M6 (65%),clean,100000.0,-4.01,-0.351,0.0271,0.0011000000000000003
vol2,M6 (65%),clean,100000.0,-2.47,-0.227,0.0186,0.0008000000000000004
vol2,M6 (65%),clean,100000.0,-0.92,-0.018,0.0117,0.00145
vol2,M6 (65%),clean,100000.0,0.59,0.051,0.013,0.0017000000000000001
vol2,M6 (65%),clean,100000.0,2.16,0.316,0.013,0.0023499999999999997
vol2,M6 (65%),clean,100000.0,3.67,0.442,0.0146,0.002
vol2,M6 (65%),clean,100000.0,5.19,0.562,0.0151,0.0014000000000000002
vol2,M6 (65%),clean,100000.0,6.75,0.677,0.019,0.0011999999999999997
vol2,M6 (65%),clean,100000.0,8.26,0.786,0.0284,0.0017499999999999998
vol2,M6 (65%),clean,100000.0,9.8,0.881,0.0429,0.00485
vol2,M6 (65%),clean,200900.0,-5.54,-0.518,0.0526,0.0017999999999999995
vol2,M6 (65%),clean,200900.0,-4.0,-0.37,0.0249,0.0011999999999999997
vol2,M6 (65%),clean,200900.0,-2.47,-0.239,0.0157,0.0009499999999999995
vol2,M6 (65%),clean,200900.0,-0.95,-0.098,0.0109,0.0018000000000000004
vol2,M6 (65%),clean,200900.0,0.58,0.122,0.0084,0.00115
vol2,M6 (65%),clean,200900.0,2.14,0.282,0.0093,0.0006500000000000004
vol2,M6 (65%),clean,200900.0,3.68,0.422,0.01,0.0005500000000000001
vol2,M6 (65%),clean,200900.0,5.87,0.617,0.0131,0.0008999999999999998
vol2,M6 (65%),clean,200900.0,6.75,0.692,0.0171,0.0013500000000000005
vol2,M6 (65%),clean,200900.0,8.27,0.807,0.0239,0.002149999999999999
vol2,M6 (65%),clean,200900.0,9.81,0.899,0.0396,0.01
vol2,M6 (65%),clean,300500.0,-5.55,-0.529,0.0539,0.001400000000000002
vol2,M6 (65%),clean,300500.0,-4.02,-0.392,0.0243,0.001850000000000001
vol2,M6 (65%),clean,300500.0,-2.48,-0.257,0.0137,0.0008000000000000004
vol2,M6 (65%),clean,300500.0,-0.96,-0.09,0.0108,0.0016500000000000004
vol2,M6 (65%),clean,300500.0,0.59,0.075,0.0085,0.0007499999999999998
vol2,M6 (65%),clean,300500.0,2.23,0.29,0.0081,0.00019999999999999966
vol2,M6 (65%),clean,300500.0,3.68,0.441,0.0086,0.00014999999999999996
vol2,M6 (65%),clean,300500.0,5.23,0.576,0.0109,0.0004999999999999996
vol2,M6 (65%),clean,300500.0,6.75,0.697,0.0152,0.0008500000000000001
vol2,M6 (65%),clean,300500.0,8.28,0.816,0.0206,0.0017000000000000001
vol2,M6 (65%),clean,300500.0,9.8,0.92,0.036,0.011949999999999999
vol2,M6 (85%),clean,60000.0,-5.48,-0.419,0.0424,0.0013500000000000005
vol2,M6 (85%),clean,60000.0,-4.03,-0.324,0.029,0.0008500000000000001
vol2,M6 (85%),clean,60000.0,-2.45,-0.23,0.0214,0.0011999999999999997
vol2,M6 (85%),clean,60000.0,-0.91,-0.056,0.0159,0.0040999999999999995
vol2,M6 (85%),clean,60000.0,0.64,0.116,0.0205,0.0038499999999999993
vol2,M6 (85%),clean,60000.0,2.2,0.363,0.0226,0.004700000000000001
vol2,M6 (85%),clean,60000.0,3.74,0.509,0.0295,0.005250000000000001
vol2,M6 (85%),clean,60000.0,5.26,0.63,0.0308,0.003550000000000001
vol2,M6 (85%),clean,60000.0,6.79,0.748,0.0272,0.0031000000000000003
vol2,M6 (85%),clean,60000.0,8.32,0.872,0.0252,0.003000000000000001
vol2,M6 (85%),clean,60000.0,9.84,0.921,0.0358,0.0019500000000000003
vol2,M6 (85%),clean,100400.0,-4.31,-0.353,0.0264,0.0009500000000000012
vol2,M6 (85%),clean,100400.0,-2.96,-0.279,0.0203,0.0010000000000000009
vol2,M6 (85%),clean,100400.0,-1.43,-0.096,0.0135,0.006749999999999999
vol2,M6 (85%),clean,100400.0,0.15,0.193,0.0131,0.0009499999999999995
vol2,M6 (85%),clean,100400.0,1.68,0.361,0.0146,0.0033500000000000005
vol2,M6 (85%),clean,100400.0,3.23,0.482,0.0169,0.0019499999999999995
vol2,M6 (85%),clean,100400.0,4.75,0.606,0.0176,0.0014999999999999996
vol2,M6 (85%),clean,100400.0,6.29,0.738,0.0176,0.0006999999999999992
vol2,M6 (85%),clean,100400.0,7.82,0.861,0.0203,0.0009999999999999992
vol2,M6 (85%),clean,100400.0,9.33,0.929,0.0297,0.00145
vol2,M6 (85%),clean,100400.0,10.85,1.006,0.0416,0.002149999999999999
vol2,M6 (85%),clean,200400.0,-4.79,-0.416,0.0287,0.0006499999999999995
vol2,M6 (85%),clean,200400.0,-2.32,-0.152,0.0123,0.0033999999999999994
vol2,M6 (85%),clean,200400.0,-1.4,-0.055,0.0093,0.0016500000000000004
vol2,M6 (85%),clean,200400.0,0.73,0.229,0.0099,0.0002999999999999999
vol2,M6 (85%),clean,200400.0,1.69,0.316,0.0104,0.0002999999999999999
vol2,M6 (85%),clean,200400.0,3.85,0.518,0.0112,0.0003999999999999993
vol2,M6 (85%),clean,200400.0,4.75,0.6,0.0116,0.0005000000000000004
vol2,M6 (85%),clean,200400.0,7.01,0.81,0.0134,0.00019999999999999966
vol2,M6 (85%),clean,200400.0,7.37,0.825,0.0155,0.0010999999999999994
vol2,M6 (85%),clean,200400.0,9.34,0.928,0.0249,0.0008500000000000001
vol2,M6 (85%),clean,200400.0,10.86,0.999,0.035,0.0017000000000000001
vol2,M6 (85%),clean,300300.0,-4.47,-0.4,0.0234,0.00145
vol2,M6 (85%),clean,300300.0,-2.9,-0.207,0.0122,0.0019000000000000006
vol2,M6 (85%),clean,300300.0,-2.17,-0.127,0.0116,0.0009499999999999995
vol2,M6 (85%),clean,300300.0,0.14,0.09,0.0095,0.0019499999999999995
vol2,M6 (85%),clean,300300.0,1.68,0.326,0.0086,0.0005500000000000001
vol2,M6 (85%),clean,300300.0,4.08,0.563,0.0095,0.0006499999999999995
vol2,M6 (85%),clean,300300.0,5.6,0.702,0.0108,0.0004499999999999999
vol2,M6 (85%),clean,300300.0,7.12,0.813,0.0139,0.0011999999999999997
vol2,M6 (85%),clean,300300.0,7.81,0.846,0.017,0.0010000000000000009
vol2,M6 (85%),clean,300300.0,9.34,0.938,0.0223,0.0006499999999999995
vol2,M6 (85%),clean,300300.0,11.52,1.028,0.0378,0.0022499999999999985
vol2,MA409,modified,59600.0,-4.95,-0.237,0.0298,0.0023
vol2,MA409,modified,59600.0,-3.47,-0.128,0.0241,0.0029
vol2,MA409,modified,59600.0,-1.99,0.019,0.0167,0.00115
vol2,MA409,modified,59600.0,-0.42,0.166,0.0153,0.004399999999999999
vol2,MA409,modified,59600.0,1.11,0.333,0.0154,0.006400000000000001
vol2,MA409,modified,59600.0,2.66,0.507,0.0188,0.0003499999999999996
vol2,MA409,modified,59600.0,4.25,0.665,0.0206,0.0010500000000000006
vol2,MA409,modified,59600.0,5.75,0.808,0.0236,0.0019500000000000003
vol2,MA409,modified,59600.0,7.26,0.907,0.0332,0.00315
vol2,MA409,modified,59600.0,8.8,1.01,0.0472,0.0019500000000000003
vol2,MA409,modified,59600.0,10.33,1.062,0.0888,0.0133
vol2,MA409,modified,99700.0,-5.98,-0.386,0.0619,0.0032499999999999994
vol2,MA409,modified,99700.0,-4.5,-0.191,0.0249,0.0012499999999999994
vol2,MA409,modified,99700.0,-3.0,-0.056,0.0185,0.0005500000000000001
vol2,MA409,modified,99700.0,-1.43,0.07,0.0135,0.0005999999999999998
vol2,MA409,modified,99700.0,0.11,0.214,0.0127,0.0038000000000000004
vol2,MA409,modified,99700.0,1.65,0.427,0.0135,0.001
vol2,MA409,modified,99700.0,3.16,0.613,0.0142,0.0013499999999999996
vol2,MA409,modified,99700.0,4.74,0.765,0.015,0.0006499999999999995
vol2,MA409,modified,99700.0,6.3,0.884,0.0209,0.0020499999999999997
vol2,MA409,modified,99700.0,7.79,0.979,0.0302,0.0029
vol2,MA409,modified,99700.0,9.29,1.069,0.0484,0.0049499999999999995
vol2,MA409,modified,199700.0,-6.04,-0.346,0.0541,0.0013999999999999985
vol2,MA409,modified,199700.0,-4.41,-0.163,0.0162,0.0018000000000000004
vol2,MA409,modified,199700.0,-2.87,-0.008,0.0135,0.0007000000000000001
vol2,MA409,modified,199700.0,-1.37,0.146,0.0104,0.0012500000000000002
vol2,MA409,modified,199700.0,0.07,0.299,0.0084,0.0011500000000000004
vol2,MA409,modified,199700.0,2.84,0.596,0.0095,0.0003000000000000008
vol2,MA409,modified,199700.0,3.14,0.625,0.0099,0.0003500000000000005
vol2,MA409,modified,199700.0,4.72,0.779,0.0127,0.0003500000000000005
vol2,MA409,modified,199700.0,6.24,0.92,0.0176,0.0009499999999999995
vol2,MA409,modified,199700.0,7.79,1.03,0.0254,0.0008999999999999998
vol2,MA409,modified,199700.0,9.33,1.114,0.0426,0.0016000000000000007
vol2,MA409,modified,299200.0,-5.99,-0.297,0.0197,0.0009999999999999992
vol2,MA409,modified,299200.0,-4.54,-0.152,0.0137,0.0009499999999999995
vol2,MA409,modified,299200.0,-2.95,0.009,0.0119,0.0006500000000000004
vol2,MA409,modified,299200.0,-1.46,0.171,0.0094,0.001
vol2,MA409,modified,299200.0,0.1,0.325,0.0072,0.00065
vol2,MA409,modified,299200.0,1.65,0.478,0.0076,0.0006000000000000003
vol2,MA409,modified,299200.0,3.27,0.648,0.0092,0.0004000000000000002
vol2,MA409,modified,299200.0,6.08,0.917,0.0152,0.0005499999999999993
vol2,MA409,modified,299200.0,6.37,0.941,0.0161,0.0005000000000000004
vol2,MA409,modified,299200.0,7.79,1.043,0.0231,0.0011999999999999997
vol2,MA409,modified,299200.0,9.23,1.119,0.0353,0.0020499999999999997
vol2,MH32,clean,59500.0,-4.26,-0.223,0.0309,0.0010499999999999989
vol2,MH32,clean,59500.0,-2.25,-0.087,0.02,0.0006499999999999995
vol2,MH32,clean,59500.0,-0.71,0.05,0.0141,0.0047
vol2,MH32,clean,59500.0,0.75,0.187,0.0173,0.0008999999999999998
vol2,MH32,clean,59500.0,2.39,0.463,0.0218,0.0017000000000000001
vol2,MH32,clean,59500.0,3.83,0.65,0.0228,0.00435
vol2,MH32,clean,59500.0,5.45,0.791,0.0221,0.0054
vol2,MH32,clean,59500.0,6.99,0.92,0.0227,0.0013000000000000008
vol2,MH32,clean,59500.0,8.52,1.025,0.0282,0.0031999999999999997
vol2,MH32,clean,59500.0,10.03,1.109,0.0361,0.0004500000000000025
vol2,MH32,clean,59500.0,11.56,1.167,0.0525,0.003300000000000001
vol2,MH32,clean,99400.0,-3.82,-0.236,0.0248,0.0009500000000000012
vol2,MH32,clean,99400.0,-2.26,-0.088,0.0174,0.0013499999999999988
vol2,MH32,clean,99400.0,-0.72,0.061,0.0142,0.0008500000000000001
vol2,MH32,clean,99400.0,0.84,0.307,0.0169,0.002000000000000001
vol2,MH32,clean,99400.0,2.39,0.506,0.0172,0.0011000000000000003
vol2,MH32,clean,99400.0,3.93,0.653,0.0161,0.0011999999999999997
vol2,MH32,clean,99400.0,5.47,0.794,0.0163,0.0005500000000000001
vol2,MH32,clean,99400.0,6.99,0.921,0.0191,0.0006499999999999995
vol2,MH32,clean,99400.0,8.52,1.037,0.0257,0.0020499999999999997
vol2,MH32,clean,99400.0,10.04,1.115,0.0365,0.0009000000000000015
vol2,MH32,clean,99400.0,11.55,1.172,0.051,0.0026000000000000016
vol2,MH32,clean,199100.0,-3.77,-0.197,0.0186,0.001850000000000001
vol2,MH32,clean,199100.0,-2.23,0.013,0.013,0.0012500000000000002
vol2,MH32,clean,199100.0,-0.69,0.171,0.0109,0.0002500000000000002
vol2,MH32,clean,199100.0,1.28,0.382,0.0096,0.0002500000000000002
vol2,MH32,clean,199100.0,2.38,0.492,0.0098,0.0002999999999999999
vol2,MH32,clean,199100.0,3.94,0.648,0.0104,0.00019999999999999966
vol2,MH32,clean,199100.0,5.46,0.793,0.0122,0.00019999999999999966
vol2,MH32,clean,199100.0,7.01,0.927,0.0153,0.000550000000000001
vol2,MH32,clean,199100.0,8.53,1.038,0.0207,0.001599999999999999
vol2,MH32,clean,199100.0,10.02,1.122,0.0282,0.0009499999999999995
vol2,MH32,clean,199100.0,11.57,1.183,0.0386,0.0006999999999999992
vol2,MH32,clean,298800.0,-3.77,-0.134,0.0154,0.0016500000000000004
vol2,MH32,clean,298800.0,-2.22,0.031,0.0114,0.0017000000000000001
vol2,MH32,clean,298800.0,-0.69,0.17,0.0082,0.0007499999999999998
vol2,MH32,clean,298800.0,0.86,0.334,0.007,0.0005999999999999998
vol2,MH32,clean,298800.0,2.93,0.553,0.0078,0.0005499999999999997
vol2,MH32,clean,298800.0,3.95,0.655,0.0088,0.00024999999999999935
vol2,MH32,clean,298800.0,5.47,0.802,0.0112,0.0002500000000000002
vol2,MH32,clean,298800.0,7.01,0.937,0.014,0.0005500000000000001
vol2,MH32,clean,298800.0,8.54,1.052,0.019,0.000700000000000001
vol2,MH32,clean,298800.0,10.0,1.136,0.0249,0.0008500000000000001
vol2,MH32,clean,298800.0,11.58,1.2,0.034,0.0006999999999999992
vol2,NACA 2414,clean,60200.0,-4.91,-0.505,0.0305,0.0019999999999999983
vol2,NACA 2414,clean,60200.0,-3.37,-0.422,0.0232,0.0007500000000000007
vol2,NACA 2414,clean,60200.0,-1.86,-0.3,0.022,0.0014000000000000002
vol2,NACA 2414,clean,60200.0,-0.31,-0.123,0.0245,0.00115
vol2,NACA 2414,clean,60200.0,1.25,0.15,0.0295,0.00115
vol2,NACA 2414,clean,60200.0,2.8,0.315,0.0316,0.0038499999999999993
vol2,NACA 2414,clean,60200.0,4.33,0.48,0.0326,0.005049999999999999
vol2,NACA 2414,clean,60200.0,5.87,0.619,0.0332,0.006999999999999999
vol2,NACA 2414,clean,60200.0,7.41,0.748,0.0331,0.004899999999999998
vol2,NACA 2414,clean,60200.0,8.95,0.871,0.0321,0.00465
vol2,NACA 2414,clean,60200.0,11.25,0.994,0.0392,0.003550000000000001
vol2,NACA 2414,clean,100300.0,-6.24,-0.591,0.0266,0.0006999999999999992
vol2,NACA 2414,clean,100300.0,-3.36,-0.323,0.0202,0.00375
vol2,NACA 2414,clean,100300.0,-1.84,-0.13,0.0199,0.0017000000000000001
vol2,NACA 2414,clean,100300.0,-0.26,0.075,0.0191,0.0034000000000000002
vol2,NACA 2414,clean,100300.0,1.31,0.359,0.02,0.002150000000000001
vol2,NACA 2414,clean,100300.0,2.83,0.466,0.02,0.0014000000000000002
vol2,NACA 2414,clean,100300.0,4.35,0.59,0.0187,0.0009499999999999995
vol2,NACA 2414,clean,100300.0,5.88,0.718,0.0191,0.0005999999999999998
vol2,NACA 2414,clean,100300.0,7.42,0.844,0.0202,0.0005000000000000004
vol2,NACA 2414,clean,100300.0,8.95,0.976,0.0227,0.002199999999999999
vol2,NACA 2414,clean,100300.0,10.47,1.063,0.0303,0.004650000000000001
vol2,NACA 2414,clean,200500.0,-4.88,-0.372,0.0177,0.0013999999999999985
vol2,NACA 2414,clean,200500.0,-3.28,-0.167,0.0147,0.0017000000000000001
vol2,NACA 2414,clean,200500.0,-1.77,-0.02,0.0132,0.0006499999999999995
vol2,NACA 2414,clean,200500.0,-0.28,0.11,0.011,0.00019999999999999966
vol2,NACA 2414,clean,200500.0,1.28,0.268,0.0104,0.0010999999999999994
vol2,NACA 2414,clean,200500.0,2.81,0.491,0.0116,0.0004999999999999996
vol2,NACA 2414,clean,200500.0,4.34,0.627,0.0126,0.0004499999999999999
vol2,NACA 2414,clean,200500.0,5.9,0.763,0.0135,0.00024999999999999935
vol2,NACA 2414,clean,200500.0,7.44,0.892,0.0151,0.00010000000000000026
vol2,NACA 2414,clean,200500.0,8.96,1.006,0.0177,0.0002500000000000002
vol2,NACA 2414,clean,200500.0,10.48,1.083,0.0226,0.0011999999999999997
vol2,NACA 2414,clean,301000.0,-4.87,-0.308,0.013,0.0018999999999999998
vol2,NACA 2414,clean,301000.0,-3.35,-0.166,0.0115,0.0012499999999999994
vol2,NACA 2414,clean,301000.0,-1.8,-0.03,0.0108,0.0007999999999999995
vol2,NACA 2414,clean,301000.0,-0.23,0.118,0.0095,0.0005999999999999998
vol2,NACA 2414,clean,301000.0,1.27,0.26,0.0088,0.0003499999999999996
vol2,NACA 2414,clean,301000.0,2.86,0.477,0.0106,0.0009500000000000003
vol2,NACA 2414,clean,301000.0,4.37,0.633,0.0107,0.0003999999999999993
vol2,NACA 2414,clean,301000.0,5.89,0.761,0.0118,0.00020000000000000052
vol2,NACA 2414,clean,301000.0,7.42,0.884,0.0133,0.00020000000000000052
vol2,NACA 2414,clean,301000.0,8.94,0.993,0.016,0.0002500000000000002
vol2,NACA 2414,clean,301000.0,10.47,1.076,0.0207,0.0007499999999999989
vol2,NACA 2415,clean,59700.0,-4.9,-0.412,0.0296,0.006499999999999999
vol2,NACA 2415,clean,59700.0,-3.38,-0.248,0.0236,0.0037
vol2,NACA 2415,clean,59700.0,-1.82,-0.047,0.0267,0.0054
vol2,NACA 2415,clean,59700.0,-0.29,0.133,0.0365,0.002850000000000002
vol2,NACA 2415,clean,59700.0,1.25,0.213,0.0356,0.001899999999999999
vol2,NACA 2415,clean,59700.0,2.77,0.336,0.0418,0.0038000000000000013
vol2,NACA 2415,clean,59700.0,4.31,0.525,0.0428,0.00425
vol2,NACA 2415,clean,59700.0,5.87,0.721,0.0422,0.0059000000000000025
vol2,NACA 2415,clean,59700.0,7.41,0.878,0.0381,0.0036500000000000005
vol2,NACA 2415,clean,59700.0,8.93,1.002,0.0313,0.0057
vol2,NACA 2415,clean,59700.0,10.46,1.08,0.0408,0.0049499999999999995
vol2,NACA 2415,clean,100600.0,-4.92,-0.403,0.021,0.0018000000000000013
vol2,NACA 2415,clean,100600.0,-2.42,-0.055,0.0209,0.0009499999999999995
vol2,NACA 2415,clean,100600.0,-1.81,0.002,0.022,0.00115
vol2,NACA 2415,clean,100600.0,-0.28,0.136,0.0246,0.0023
vol2,NACA 2415,clean,100600.0,1.29,0.4,0.0241,0.0017999999999999995
vol2,NACA 2415,clean,100600.0,2.82,0.513,0.0229,0.0011000000000000003
vol2,NACA 2415,clean,100600.0,4.34,0.642,0.0213,0.0011000000000000003
vol2,NACA 2415,clean,100600.0,5.89,0.778,0.0218,0.0012499999999999994
vol2,NACA 2415,clean,100600.0,8.42,0.983,0.0228,0.0023999999999999994
vol2,NACA 2415,clean,100600.0,8.94,1.005,0.0249,0.00145
vol2,NACA 2415,clean,100600.0,10.46,1.073,0.0369,0.0024999999999999988
vol2,NACA 2415,clean,200600.0,-4.87,-0.242,0.0144,0.0015999999999999999
vol2,NACA 2415,clean,200600.0,-3.29,-0.112,0.0126,0.00115
vol2,NACA 2415,clean,200600.0,-1.8,0.011,0.0123,0.0007999999999999995
vol2,NACA 2415,clean,200600.0,-0.22,0.167,0.0128,0.0004999999999999996
vol2,NACA 2415,clean,200600.0,1.25,0.306,0.0132,0.0016500000000000004
vol2,NACA 2415,clean,200600.0,2.81,0.518,0.012,0.0023500000000000005
vol2,NACA 2415,clean,200600.0,4.35,0.694,0.0142,0.0005500000000000001
vol2,NACA 2415,clean,200600.0,5.86,0.835,0.0152,0.0003999999999999993
vol2,NACA 2415,clean,200600.0,7.42,0.958,0.0166,0.0002999999999999999
vol2,NACA 2415,clean,200600.0,8.95,1.049,0.0214,0.0019000000000000006
vol2,NACA 2415,clean,200600.0,11.35,1.166,0.0334,0.0045000000000000005
vol2,NACA 2415,clean,301100.0,-4.88,-0.257,0.0118,0.0016499999999999996
vol2,NACA 2415,clean,301100.0,-3.43,-0.136,0.0108,0.0006500000000000004
vol2,NACA 2415,clean,301100.0,-1.79,0.017,0.0103,0.0006500000000000004
vol2,NACA 2415,clean,301100.0,-0.28,0.163,0.01,0.0006499999999999995
vol2,NACA 2415,clean,301100.0,1.26,0.341,0.0102,0.0006499999999999995
vol2,NACA 2415,clean,301100.0,2.83,0.539,0.0099,0.0006500000000000004
vol2,NACA 2415,clean,301100.0,4.36,0.721,0.0115,0.0009500000000000003
vol2,NACA 2415,clean,301100.0,5.89,0.858,0.0124,0.0004999999999999996
vol2,NACA 2415,clean,301100.0,7.43,0.969,0.0152,0.0003499999999999996
vol2,NACA 2415,clean,301100.0,8.94,1.065,0.0197,0.0017000000000000001
vol2,NACA 2415,clean,301100.0,10.47,1.149,0.026,0.00315
vol2,RG15 (C),modified,59700.0,-6.48,-0.36,0.0381,0.0010000000000000009
vol2,RG15 (C),modified,59700.0,-4.99,-0.265,0.0247,0.0027500000000000007
vol2,RG15 (C),modified,59700.0,-3.47,-0.164,0.0148,0.0026499999999999996
vol2,RG15 (C),modified,59700.0,-1.96,-0.068,0.0141,0.0045000000000000005
vol2,RG15 (C),modified,59700.0,-0.4,0.062,0.0179,0.0029
vol2,RG15 (C),modified,59700.0,1.14,0.269,0.0212,0.00405
vol2,RG15 (C),modified,59700.0,2.71,0.508,0.0223,0.0020499999999999997
vol2,RG15 (C),modified,59700.0,4.24,0.617,0.0212,0.0022500000000000003
vol2,RG15 (C),modified,59700.0,5.77,0.762,0.0212,0.0020500000000000015
vol2,RG15 (C),modified,59700.0,7.3,0.874,0.0253,0.0026
vol2,RG15 (C),modified,59700.0,8.82,0.961,0.0354,0.0032000000000000015
vol2,RG15 (C),modified,100100.0,-6.49,-0.401,0.0332,0.0030500000000000006
vol2,RG15 (C),modified,100100.0,-4.98,-0.292,0.0206,0.001299999999999999
vol2,RG15 (C),modified,100100.0,-3.47,-0.171,0.0148,0.0007999999999999995
vol2,RG15 (C),modified,100100.0,-1.97,-0.046,0.0104,0.0033
vol2,RG15 (C),modified,100100.0,-0.4,0.164,0.0142,0.0017499999999999998
vol2,RG15 (C),modified,100100.0,1.18,0.402,0.0142,0.0014500000000000008
vol2,RG15 (C),modified,100100.0,2.71,0.539,0.014,0.0017500000000000007
vol2,RG15 (C),modified,100100.0,4.23,0.668,0.0161,0.0006499999999999995
vol2,RG15 (C),modified,100100.0,5.78,0.814,0.0188,0.0015000000000000013
vol2,RG15 (C),modified,100100.0,7.32,0.936,0.0232,0.0017999999999999995
vol2,RG15 (C),modified,100100.0,8.85,1.013,0.0354,0.0006499999999999978
vol2,RG15 (C),modified,200400.0,-6.39,-0.387,0.0274,0.0034000000000000002
vol2,RG15 (C),modified,200400.0,-4.99,-0.281,0.0173,0.0012499999999999994
vol2,RG15 (C),modified,200400.0,-2.15,0.039,0.0089,0.0008999999999999998
vol2,RG15 (C),modified,200400.0,-1.92,0.056,0.0088,0.0008000000000000004
vol2,RG15 (C),modified,200400.0,-0.37,0.226,0.0086,0.001
vol2,RG15 (C),modified,200400.0,1.15,0.391,0.009,0.0007499999999999998
vol2,RG15 (C),modified,200400.0,2.71,0.555,0.01,0.0005500000000000001
vol2,RG15 (C),modified,200400.0,4.24,0.708,0.0121,0.0007499999999999998
vol2,RG15 (C),modified,200400.0,5.79,0.851,0.015,0.0006499999999999995
vol2,RG15 (C),modified,200400.0,7.32,0.961,0.0215,0.0003999999999999993
vol2,RG15 (C),modified,200400.0,8.84,1.046,0.0307,0.0005000000000000004
vol2,RG15 (C),modified,300300.0,-6.53,-0.405,0.03,0.003250000000000001
vol2,RG15 (C),modified,300300.0,-4.99,-0.273,0.0153,0.0013499999999999996
vol2,RG15 (C),modified,300300.0,-1.73,0.089,0.0072,0.0010000000000000005
vol2,RG15 (C),modified,300300.0,-1.92,0.066,0.0076,0.0008000000000000004
vol2,RG15 (C),modified,300300.0,-0.38,0.212,0.0062,0.0009000000000000002
vol2,RG15 (C),modified,300300.0,1.16,0.387,0.0074,0.0005
vol2,RG15 (C),modified,300300.0,2.69,0.548,0.0086,0.0003999999999999993
vol2,RG15 (C),modified,300300.0,4.24,0.704,0.0103,0.00014999999999999996
vol2,RG15 (C),modified,300300.0,5.79,0.844,0.0137,0.0005500000000000001
vol2,RG15 (C),modified,300300.0,7.32,0.96,0.0198,0.0003999999999999993
vol2,RG15 (C),modified,300300.0,8.83,1.05,0.0281,0.00030000000000000165
vol2,RG15 (C),modified,59900.0,-6.5,-0.346,0.033,0.001349999999999997
vol2,RG15 (C),modified,59900.0,-4.96,-0.235,0.0227,0.0014000000000000002
vol2,RG15 (C),modified,59900.0,-3.43,-0.129,0.0145,0.0011500000000000008
vol2,RG15 (C),modified,59900.0,-1.93,-0.026,0.0145,0.00245
vol2,RG15 (C),modified,59900.0,-0.39,0.129,0.0158,0.0050999999999999995
vol2,RG15 (C),modified,59900.0,1.15,0.305,0.0215,0.0023499999999999997
vol2,RG15 (C),modified,59900.0,2.72,0.573,0.0211,0.0025000000000000005
vol2,RG15 (C),modified,59900.0,4.26,0.705,0.021,0.0023000000000000017
vol2,RG15 (C),modified,59900.0,5.8,0.844,0.0214,0.004450000000000001
vol2,RG15 (C),modified,59900.0,7.31,0.95,0.0257,0.00345
vol2,RG15 (C),modified,59900.0,8.84,1.027,0.0371,0.0094
vol2,RG15 (C),modified,100100.0,-6.48,-0.366,0.0304,0.0019499999999999986
vol2,RG15 (C),modified,100100.0,-4.97,-0.25,0.0217,0.0011999999999999997
vol2,RG15 (C),modified,100100.0,-3.45,-0.129,0.015,0.0007999999999999995
vol2,RG15 (C),modified,100100.0,-1.93,-0.025,0.0128,0.0032499999999999994
vol2,RG15 (C),modified,100100.0,-0.37,0.17,0.0164,0.0015999999999999999
vol2,RG15 (C),modified,100100.0,1.18,0.435,0.0157,0.0018000000000000004
vol2,RG15 (C),modified,100100.0,2.72,0.587,0.0148,0.00245
vol2,RG15 (C),modified,100100.0,4.26,0.728,0.0158,0.0012500000000000002
vol2,RG15 (C),modified,100100.0,5.79,0.867,0.0189,0.0017499999999999998
vol2,RG15 (C),modified,100100.0,7.32,0.977,0.0236,0.0018499999999999992
vol2,RG15 (C),modified,100100.0,8.83,1.047,0.0362,0.0019500000000000003
vol2,RG15 (C),modified,200000.0,-6.49,-0.387,0.0291,0.003049999999999999
vol2,RG15 (C),modified,200000.0,-4.99,-0.267,0.018,0.0027500000000000007
vol2,RG15 (C),modified,200000.0,-3.45,-0.124,0.0124,0.00255
vol2,RG15 (C),modified,200000.0,-1.9,0.069,0.0096,0.0013999999999999993
vol2,RG15 (C),modified,200000.0,-0.36,0.244,0.0088,0.0012000000000000005
vol2,RG15 (C),modified,200000.0,1.19,0.395,0.009,0.0012500000000000002
vol2,RG15 (C),modified,200000.0,2.72,0.553,0.01,0.0004000000000000002
vol2,RG15 (C),modified,200000.0,4.26,0.724,0.0124,0.0010500000000000006
vol2,RG15 (C),modified,200000.0,5.8,0.867,0.0154,0.0003499999999999996
vol2,RG15 (C),modified,200000.0,7.34,0.978,0.0218,0.0008000000000000004
vol2,RG15 (C),modified,200000.0,8.86,1.059,0.0315,0.0007499999999999989
vol2,RG15 (C),modified,300000.0,-6.57,-0.39,0.029,0.002449999999999999
vol2,RG15 (C),modified,300000.0,-4.98,-0.246,0.0153,0.0010500000000000006
vol2,RG15 (C),modified,300000.0,-3.56,-0.084,0.0113,0.0015500000000000002
vol2,RG15 (C),modified,300000.0,-1.91,0.09,0.0078,0.0020499999999999997
vol2,RG15 (C),modified,300000.0,-0.37,0.227,0.0069,0.0006999999999999997
vol2,RG15 (C),modified,300000.0,1.19,0.429,0.0077,0.0007000000000000001
vol2,RG15 (C),modified,300000.0,2.75,0.595,0.0089,0.0003999999999999993
vol2,RG15 (C),modified,300000.0,4.27,0.744,0.011,4.99999999999997e-05
vol2,RG15 (C),modified,300000.0,5.78,0.88,0.0143,0.0004999999999999996
vol2,RG15 (C),modified,300000.0,7.3,0.991,0.0205,0.0005500000000000001
vol2,RG15 (C),modified,300000.0,8.85,1.077,0.0293,0.00045000000000000075
vol2,RG15 (C),modified,60100.0,-8.56,-0.309,0.051,0.0026000000000000016
vol2,RG15 (C),modified,60100.0,-7.01,-0.109,0.029,0.0012500000000000011
vol2,RG15 (C),modified,60100.0,-5.46,0.05,0.0227,0.004150000000000001
vol2,RG15 (C),modified,60100.0,-3.97,0.114,0.0215,0.0023500000000000014
vol2,RG15 (C),modified,60100.0,-2.42,0.251,0.0238,0.0030500000000000006
vol2,RG15 (C),modified,60100.0,-0.89,0.41,0.0252,0.0046
vol2,RG15 (C),modified,60100.0,0.66,0.59,0.0285,0.0037999999999999996
vol2,RG15 (C),modified,60100.0,2.25,0.915,0.0296,0.0023
vol2,RG15 (C),modified,60100.0,3.79,1.085,0.0252,0.006900000000000002
vol2,RG15 (C),modified,60100.0,5.3,1.146,0.0315,0.0026000000000000016
vol2,RG15 (C),modified,60100.0,6.8,1.205,0.0417,0.003949999999999999
vol2,RG15 (C),modified,99600.0,-8.55,-0.279,0.0539,0.0030500000000000006
vol2,RG15 (C),modified,99600.0,-6.99,-0.091,0.0298,0.0015499999999999993
vol2,RG15 (C),modified,99600.0,-5.48,0.038,0.0198,0.003300000000000001
vol2,RG15 (C),modified,99600.0,-3.95,0.137,0.0204,0.0008500000000000001
vol2,RG15 (C),modified,99600.0,-2.41,0.286,0.0194,0.003299999999999999
vol2,RG15 (C),modified,99600.0,-0.87,0.458,0.0201,0.002100000000000001
vol2,RG15 (C),modified,99600.0,0.66,0.664,0.0253,0.0023999999999999994
vol2,RG15 (C),modified,99600.0,2.25,0.929,0.0177,0.0002499999999999985
vol2,RG15 (C),modified,99600.0,3.78,1.038,0.0215,0.001299999999999999
vol2,RG15 (C),modified,99600.0,5.3,1.117,0.0266,0.0008500000000000001
vol2,RG15 (C),modified,99600.0,6.79,1.17,0.0361,0.0030500000000000006
vol2,RG15 (C),modified,199200.0,-8.5,-0.09,0.0266,0.0023999999999999994
vol2,RG15 (C),modified,199200.0,-6.89,0.029,0.0206,0.001550000000000001
vol2,RG15 (C),modified,199200.0,-5.53,0.143,0.0175,0.0008000000000000004
vol2,RG15 (C),modified,199200.0,-3.9,0.277,0.0172,0.0008000000000000004
vol2,RG15 (C),modified,199200.0,-2.32,0.425,0.0177,0.00040000000000000105
vol2,RG15 (C),modified,199200.0,-0.83,0.581,0.0182,0.0033
vol2,RG15 (C),modified,199200.0,0.81,0.837,0.0104,0.0018999999999999998
vol2,RG15 (C),modified,199200.0,2.23,0.954,0.0134,0.0007499999999999998
vol2,RG15 (C),modified,199200.0,3.74,1.059,0.0181,0.00015000000000000083
vol2,RG15 (C),modified,199200.0,5.29,1.141,0.0251,0.0005999999999999998
vol2,RG15 (C),modified,199200.0,6.81,1.208,0.0333,0.00145
vol2,RG15 (C),modified,298700.0,-7.48,0.022,0.0173,0.0013500000000000005
vol2,RG15 (C),modified,298700.0,-5.93,0.177,0.0137,0.0007000000000000001
vol2,RG15 (C),modified,298700.0,-4.41,0.301,0.0146,0.0016499999999999996
vol2,RG15 (C),modified,298700.0,-2.89,0.407,0.0158,0.0008999999999999989
vol2,RG15 (C),modified,298700.0,-1.33,0.646,0.0131,0.0015000000000000005
vol2,RG15 (C),modified,298700.0,0.23,0.81,0.0104,0.0007999999999999995
vol2,RG15 (C),modified,298700.0,1.71,0.93,0.0117,0.0011000000000000003
vol2,RG15 (C),modified,298700.0,3.3,1.044,0.0154,0.00045000000000000075
vol2,RG15 (C),modified,298700.0,4.67,1.122,0.0206,0.0006499999999999995
vol2,RG15 (C),modified,298700.0,6.29,1.198,0.0282,0.0013000000000000008
vol2,RG15 (C),modified,298700.0,7.89,1.262,0.0394,0.0010499999999999989
vol2,RG15 (C),modified,60300.0,-6.53,-0.316,0.03,0.0017000000000000001
vol2,RG15 (C),modified,60300.0,-4.98,-0.143,0.0232,0.0019000000000000006
vol2,RG15 (C),modified,60300.0,-3.46,-0.025,0.0156,0.002250000000000001
vol2,RG15 (C),modified,60300.0,-1.92,0.134,0.0164,0.0043
vol2,RG15 (C),modified,60300.0,-0.41,0.286,0.019,0.0026999999999999993
vol2,RG15 (C),modified,60300.0,1.12,0.415,0.0242,0.00345
vol2,RG15 (C),modified,60300.0,2.7,0.66,0.0232,0.0023999999999999994
vol2,RG15 (C),modified,60300.0,4.23,0.796,0.0251,0.006699999999999999
vol2,RG15 (C),modified,60300.0,5.76,0.892,0.0293,0.002449999999999999
vol2,RG15 (C),modified,60300.0,7.27,0.99,0.0365,0.005500000000000001
vol2,RG15 (C),modified,60300.0,8.8,1.061,0.046,0.00885
vol2,RG15 (C),modified,99800.0,-6.48,-0.252,0.0276,0.005949999999999999
vol2,RG15 (C),modified,99800.0,-4.98,-0.094,0.0224,0.00425
vol2,RG15 (C),modified,99800.0,-3.46,0.023,0.0166,0.0017499999999999998
vol2,RG15 (C),modified,99800.0,-1.93,0.161,0.0148,0.0024000000000000002
vol2,RG15 (C),modified,99800.0,-0.37,0.358,0.018,0.0009999999999999992
vol2,RG15 (C),modified,99800.0,1.2,0.633,0.0177,0.0005000000000000004
vol2,RG15 (C),modified,99800.0,2.73,0.807,0.0144,0.001
vol2,RG15 (C),modified,99800.0,4.26,0.921,0.0178,0.0011000000000000003
vol2,RG15 (C),modified,99800.0,5.78,1.023,0.0232,0.0010000000000000009
vol2,RG15 (C),modified,99800.0,7.3,1.09,0.0312,0.0010000000000000009
vol2,RG15 (C),modified,99800.0,8.82,1.156,0.0454,0.0019999999999999983
vol2,RG15 (C),modified,199400.0,-6.44,-0.091,0.0183,0.001550000000000001
vol2,RG15 (C),modified,199400.0,-4.96,0.033,0.0154,0.0018000000000000004
vol2,RG15 (C),modified,199400.0,-3.37,0.162,0.0121,0.0008500000000000001
vol2,RG15 (C),modified,199400.0,-0.61,0.464,0.0111,0.0017499999999999998
vol2,RG15 (C),modified,199400.0,-0.34,0.498,0.0103,0.0014999999999999996
vol2,RG15 (C),modified,199400.0,1.19,0.67,0.0101,0.0008000000000000004
vol2,RG15 (C),modified,199400.0,2.76,0.818,0.012,0.0004999999999999996
vol2,RG15 (C),modified,199400.0,4.26,0.947,0.0155,0.0004000000000000002
vol2,RG15 (C),modified,199400.0,5.79,1.051,0.0206,0.0008500000000000001
vol2,RG15 (C),modified,199400.0,7.31,1.128,0.0286,0.0007499999999999989
vol2,RG15 (C),modified,201000.0,-1.89,0.311,0.0123,0.00145
vol2,RG15 (C),modified,299100.0,-6.47,-0.094,0.0171,0.0023500000000000005
vol2,RG15 (C),modified,299100.0,-4.97,0.042,0.0124,0.0017499999999999998
vol2,RG15 (C),modified,299100.0,-3.42,0.191,0.0094,0.0010499999999999997
vol2,RG15 (C),modified,299100.0,-2.04,0.33,0.0086,0.0011000000000000003
vol2,RG15 (C),modified,299100.0,-0.4,0.489,0.0099,0.0015000000000000005
vol2,RG15 (C),modified,299100.0,1.19,0.652,0.0105,0.00115
vol2,RG15 (C),modified,299100.0,2.68,0.808,0.0115,0.0008500000000000001
vol2,RG15 (C),modified,299100.0,4.23,0.933,0.0142,0.00014999999999999996
vol2,RG15 (C),modified,299100.0,5.76,1.03,0.019,0.00040000000000000105
vol2,RG15 (C),modified,299100.0,7.32,1.11,0.0261,0.0004999999999999987
vol2,RG15 (C),modified,299100.0,8.81,1.177,0.0368,0.0007500000000000007
vol2,S4083 (A),clean,60000.0,-3.46,-0.083,0.0295,0.0028000000000000004
vol2,S4083 (A),clean,60000.0,-2.17,0.019,0.0222,0.0016000000000000007
vol2,S4083 (A),clean,60000.0,-0.59,0.164,0.0143,0.0039000000000000007
vol2,S4083 (A),clean,60000.0,0.98,0.381,0.0186,0.004849999999999999
vol2,S4083 (A),clean,60000.0,2.52,0.594,0.0243,0.00625
vol2,S4083 (A),clean,60000.0,4.06,0.726,0.0287,0.00655
vol2,S4083 (A),clean,60000.0,5.59,0.854,0.0325,0.005549999999999999
vol2,S4083 (A),clean,60000.0,7.11,0.987,0.0369,0.0028000000000000004
vol2,S4083 (A),clean,60000.0,8.65,1.114,0.0389,0.0034000000000000002
vol2,S4083 (A),clean,60000.0,10.18,1.223,0.0338,0.0010499999999999989
vol2,S4083 (A),clean,60000.0,11.7,1.293,0.0493,0.007599999999999999
vol2,S4083 (A),clean,100000.0,-4.68,-0.192,0.042,0.0041499999999999974
vol2,S4083 (A),clean,100000.0,-3.12,-0.036,0.0223,0.0017999999999999995
vol2,S4083 (A),clean,100000.0,-1.6,0.082,0.0172,0.00035000000000000135
vol2,S4083 (A),clean,100000.0,2.01,0.553,0.0142,0.002300000000000001
vol2,S4083 (A),clean,100000.0,3.56,0.701,0.016,0.0006500000000000004
vol2,S4083 (A),clean,100000.0,5.07,0.845,0.0185,0.00045000000000000075
vol2,S4083 (A),clean,100000.0,6.45,0.972,0.0208,0.0003999999999999993
vol2,S4083 (A),clean,100000.0,8.16,1.124,0.0234,0.00035000000000000135
vol2,S4083 (A),clean,100000.0,9.67,1.254,0.0257,0.0011000000000000003
vol2,S4083 (A),clean,100000.0,11.19,1.321,0.0363,0.002400000000000003
vol2,S4083 (A),clean,100600.0,-0.07,0.282,0.0125,0.0002500000000000002
vol2,S4083 (A),clean,199100.0,-4.56,-0.176,0.0421,0.0045000000000000005
vol2,S4083 (A),clean,199100.0,-3.12,-0.026,0.0188,0.0019000000000000006
vol2,S4083 (A),clean,199100.0,-1.75,0.089,0.0147,0.0019499999999999995
vol2,S4083 (A),clean,199100.0,-0.05,0.331,0.0085,0.0005000000000000004
vol2,S4083 (A),clean,199100.0,1.49,0.507,0.0093,0.0002999999999999999
vol2,S4083 (A),clean,199100.0,3.06,0.668,0.0113,0.0004499999999999999
vol2,S4083 (A),clean,199100.0,4.58,0.824,0.0131,0.0003499999999999996
vol2,S4083 (A),clean,199100.0,6.11,0.974,0.0149,0.0005500000000000001
vol2,S4083 (A),clean,199100.0,7.65,1.117,0.017,0.0005500000000000001
vol2,S4083 (A),clean,199100.0,9.18,1.242,0.0194,0.0008500000000000001
vol2,S4083 (A),clean,199100.0,10.71,1.327,0.0269,0.00115
vol2,S4083 (A),clean,299000.0,-4.69,-0.194,0.0449,0.004799999999999999
vol2,S4083 (A),clean,299000.0,-3.09,-0.009,0.0161,0.003250000000000001
vol2,S4083 (A),clean,299000.0,-1.6,0.147,0.0117,0.0006500000000000004
vol2,S4083 (A),clean,299000.0,-0.05,0.352,0.0077,0.0004000000000000002
vol2,S4083 (A),clean,299000.0,1.5,0.504,0.0083,0.0003999999999999993
vol2,S4083 (A),clean,299000.0,3.04,0.665,0.0096,0.0004999999999999996
vol2,S4083 (A),clean,299000.0,4.58,0.821,0.0111,0.0002999999999999999
vol2,S4083 (A),clean,299000.0,6.12,0.972,0.0127,0.0004000000000000002
vol2,S4083 (A),clean,299000.0,7.65,1.11,0.0145,0.0003500000000000005
vol2,S4083 (A),clean,299000.0,9.19,1.235,0.0178,0.00045000000000000075
vol2,S4083 (A),clean,299000.0,10.73,1.333,0.0246,0.0008499999999999983
vol2,S4083 (B),clean,59800.0,-3.85,-0.078,0.035,0.00145
vol2,S4083 (B),clean,59800.0,-2.32,0.065,0.024,0.0013000000000000008
vol2,S4083 (B),clean,59800.0,-0.79,0.209,0.0171,0.0014999999999999996
vol2,S4083 (B),clean,59800.0,0.77,0.453,0.0154,0.0022000000000000006
vol2,S4083 (B),clean,59800.0,2.18,0.605,0.0197,0.0055000000000000005
vol2,S4083 (B),clean,59800.0,3.84,0.753,0.0254,0.005700000000000002
vol2,S4083 (B),clean,59800.0,5.37,0.888,0.0339,0.003599999999999999
vol2,S4083 (B),clean,59800.0,6.91,1.019,0.0379,0.0024999999999999988
vol2,S4083 (B),clean,59800.0,8.44,1.135,0.0299,0.0015000000000000013
vol2,S4083 (B),clean,59800.0,9.93,1.219,0.0414,0.0030500000000000006
vol2,S4083 (B),clean,59800.0,11.47,1.26,0.0589,0.002599999999999998
vol2,S4083 (B),clean,99200.0,-3.74,-0.095,0.0288,0.001299999999999999
vol2,S4083 (B),clean,99200.0,-2.34,0.046,0.0193,0.0005999999999999998
vol2,S4083 (B),clean,99200.0,-0.78,0.256,0.0137,0.0010499999999999997
vol2,S4083 (B),clean,99200.0,0.77,0.45,0.0113,0.002
vol2,S4083 (B),clean,99200.0,2.3,0.608,0.0149,0.0015000000000000005
vol2,S4083 (B),clean,99200.0,3.81,0.756,0.0178,0.0014999999999999996
vol2,S4083 (B),clean,99200.0,5.37,0.904,0.0196,0.0008500000000000001
vol2,S4083 (B),clean,99200.0,6.91,1.047,0.0219,0.0008500000000000001
vol2,S4083 (B),clean,99200.0,8.46,1.171,0.0255,0.0008999999999999998
vol2,S4083 (B),clean,99200.0,9.97,1.239,0.0394,0.0011999999999999997
vol2,S4083 (B),clean,99200.0,11.47,1.268,0.0585,0.0034500000000000017
vol2,S4083 (B),clean,198800.0,-3.85,-0.083,0.0285,0.0011000000000000003
vol2,S4083 (B),clean,198800.0,-2.31,0.116,0.0153,0.0007000000000000001
vol2,S4083 (B),clean,198800.0,-0.76,0.312,0.0112,0.0010999999999999994
vol2,S4083 (B),clean,198800.0,0.77,0.486,0.0095,0.0008000000000000004
vol2,S4083 (B),clean,198800.0,2.32,0.651,0.0116,0.0006499999999999995
vol2,S4083 (B),clean,198800.0,3.85,0.808,0.0134,0.0007499999999999998
vol2,S4083 (B),clean,198800.0,5.4,0.96,0.015,0.0004499999999999999
vol2,S4083 (B),clean,198800.0,6.93,1.098,0.0172,0.0006999999999999992
vol2,S4083 (B),clean,198800.0,8.47,1.202,0.0252,0.0013499999999999988
vol2,S4083 (B),clean,198800.0,9.91,1.264,0.0358,0.0013999999999999985
vol2,S4083 (B),clean,198800.0,11.47,1.268,0.0764,0.03425
vol2,S4083 (B),clean,298300.0,-3.77,-0.035,0.0227,0.0013000000000000008
vol2,S4083 (B),clean,298300.0,-2.29,0.155,0.0118,0.0007499999999999998
vol2,S4083 (B),clean,298300.0,-0.75,0.35,0.0096,0.0006500000000000004
vol2,S4083 (B),clean,298300.0,0.79,0.504,0.0083,0.0002999999999999999
vol2,S4083 (B),clean,298300.0,2.19,0.652,0.0097,0.0004000000000000002
vol2,S4083 (B),clean,298300.0,3.87,0.827,0.0112,0.0004499999999999999
vol2,S4083 (B),clean,298300.0,5.42,0.986,0.013,0.0008999999999999998
vol2,S4083 (B),clean,298300.0,6.96,1.118,0.0171,0.0011999999999999997
vol2,S4083 (B),clean,298300.0,8.47,1.222,0.0238,0.001299999999999999
vol2,S4083 (B),clean,298300.0,9.99,1.287,0.0342,0.002149999999999999
vol2,S4083 (B),clean,298300.0,11.51,1.275,0.0923,0.03895
vol2,S5010,clean,59900.0,-4.89,-0.316,0.0361,0.0015500000000000028
vol2,S5010,clean,59900.0,-3.38,-0.178,0.023,0.001550000000000001
vol2,S5010,clean,59900.0,-1.84,-0.04,0.0154,0.00425
vol2,S5010,clean,59900.0,-0.29,0.156,0.0182,0.0037999999999999996
vol2,S5010,clean,59900.0,1.25,0.295,0.0248,0.0045000000000000005
vol2,S5010,clean,59900.0,2.79,0.428,0.0319,0.0023500000000000014
vol2,S5010,clean,59900.0,4.34,0.555,0.0341,0.0031999999999999997
vol2,S5010,clean,59900.0,5.85,0.686,0.0365,0.0063500000000000015
vol2,S5010,clean,59900.0,7.38,0.822,0.0387,0.005349999999999997
vol2,S5010,clean,59900.0,8.93,0.955,0.03,0.0008000000000000004
vol2,S5010,clean,59900.0,10.44,1.074,0.0356,0.003349999999999999
vol2,S5010,clean,99700.0,-4.89,-0.365,0.0319,0.0007500000000000007
vol2,S5010,clean,99700.0,-3.35,-0.181,0.0195,0.002149999999999999
vol2,S5010,clean,99700.0,-1.83,-0.048,0.0149,0.0008500000000000009
vol2,S5010,clean,99700.0,-0.31,0.085,0.0161,0.00035000000000000135
vol2,S5010,clean,99700.0,1.24,0.225,0.0187,0.0002999999999999999
vol2,S5010,clean,99700.0,2.77,0.366,0.0196,0.0008000000000000004
vol2,S5010,clean,99700.0,4.3,0.507,0.0187,0.0013499999999999988
vol2,S5010,clean,99700.0,5.83,0.652,0.0184,0.0014000000000000002
vol2,S5010,clean,99700.0,7.38,0.792,0.0202,0.0013500000000000005
vol2,S5010,clean,99700.0,8.89,0.93,0.0228,0.0017000000000000001
vol2,S5010,clean,99700.0,10.45,1.05,0.0309,0.0020999999999999977
vol2,S5010,clean,200300.0,-4.92,-0.386,0.0345,0.001749999999999998
vol2,S5010,clean,200300.0,-3.38,-0.243,0.0183,0.0009499999999999995
vol2,S5010,clean,200300.0,-1.82,-0.097,0.0138,0.0007499999999999998
vol2,S5010,clean,200300.0,-0.34,0.032,0.0092,0.0011000000000000003
vol2,S5010,clean,200300.0,1.19,0.179,0.0104,0.00014999999999999996
vol2,S5010,clean,200300.0,2.75,0.338,0.0107,0.0002999999999999999
vol2,S5010,clean,200300.0,4.3,0.5,0.0114,0.0006000000000000007
vol2,S5010,clean,200300.0,5.85,0.682,0.0131,0.0006999999999999992
vol2,S5010,clean,200300.0,7.39,0.837,0.015,0.0009000000000000006
vol2,S5010,clean,200300.0,8.94,0.987,0.0186,0.000449999999999999
vol2,S5010,clean,200300.0,10.46,1.097,0.0275,0.0008999999999999998
vol2,S5010,clean,300600.0,-4.93,-0.422,0.0374,0.0015500000000000028
vol2,S5010,clean,300600.0,-3.38,-0.276,0.0164,0.0006500000000000013
vol2,S5010,clean,300600.0,-1.86,-0.128,0.0126,0.0007000000000000001
vol2,S5010,clean,300600.0,-0.32,0.009,0.0086,0.0004499999999999999
vol2,S5010,clean,300600.0,1.21,0.16,0.0082,0.0004000000000000002
vol2,S5010,clean,300600.0,2.75,0.355,0.0088,0.0002999999999999999
vol2,S5010,clean,300600.0,4.3,0.518,0.0097,0.0004000000000000002
vol2,S5010,clean,300600.0,5.83,0.674,0.0109,0.0007000000000000001
vol2,S5010,clean,300600.0,7.38,0.83,0.013,0.0007000000000000001
vol2,S5010,clean,300600.0,8.91,0.977,0.0165,0.0002999999999999999
vol2,S5010,clean,300600.0,10.89,1.125,0.0279,0.0017999999999999995
vol2,S7012 (B),clean,60100.0,-4.86,-0.352,0.0209,0.0014000000000000002
vol2,S7012 (B),clean,60100.0,-3.28,-0.23,0.0148,0.0020500000000000006
vol2,S7012 (B),clean,60100.0,-1.78,-0.117,0.0123,0.0027
vol2,S7012 (B),clean,60100.0,-0.26,0.024,0.0173,0.00355
vol2,S7012 (B),clean,60100.0,1.31,0.258,0.0213,0.0049
vol2,S7012 (B),clean,60100.0,2.85,0.469,0.0256,0.0019499999999999986
vol2,S7012 (B),clean,60100.0,4.39,0.604,0.026,0.0031999999999999997
vol2,S7012 (B),clean,60100.0,5.93,0.736,0.0287,0.0009500000000000012
vol2,S7012 (B),clean,60100.0,7.47,0.866,0.027,0.00145
vol2,S7012 (B),clean,60100.0,8.99,0.963,0.0397,0.0030500000000000006
vol2,S7012 (B),clean,60100.0,10.5,1.028,0.0626,0.007949999999999999
vol2,S7012 (B),clean,99900.0,-3.78,-0.227,0.0158,0.000449999999999999
vol2,S7012 (B),clean,99900.0,-2.27,-0.086,0.012,0.0013
vol2,S7012 (B),clean,99900.0,-0.75,0.06,0.0118,0.0029
vol2,S7012 (B),clean,99900.0,0.81,0.315,0.0126,0.0019500000000000003
vol2,S7012 (B),clean,99900.0,2.37,0.466,0.0146,0.0013499999999999996
vol2,S7012 (B),clean,99900.0,3.9,0.606,0.0152,0.0016500000000000004
vol2,S7012 (B),clean,99900.0,6.32,0.842,0.0185,0.0012000000000000014
vol2,S7012 (B),clean,99900.0,6.98,0.908,0.0203,0.0028000000000000004
vol2,S7012 (B),clean,99900.0,8.5,1.015,0.0275,0.0019500000000000003
vol2,S7012 (B),clean,99900.0,10.02,1.091,0.0421,0.0026000000000000016
vol2,S7012 (B),clean,99900.0,11.49,1.095,0.0775,0.005649999999999995
vol2,S7012 (B),clean,199400.0,-3.78,-0.196,0.0127,0.0017000000000000001
vol2,S7012 (B),clean,199400.0,-2.26,-0.048,0.0094,0.0013999999999999998
vol2,S7012 (B),clean,199400.0,-0.73,0.114,0.0097,0.00235
vol2,S7012 (B),clean,199400.0,0.81,0.274,0.0089,0.0007499999999999998
vol2,S7012 (B),clean,199400.0,2.36,0.441,0.0097,0.0003499999999999996
vol2,S7012 (B),clean,199400.0,3.86,0.598,0.011,0.00019999999999999966
vol2,S7012 (B),clean,199400.0,5.41,0.756,0.0123,0.00020000000000000052
vol2,S7012 (B),clean,199400.0,6.95,0.901,0.015,0.00014999999999999996
vol2,S7012 (B),clean,199400.0,8.49,1.016,0.0233,0.0005999999999999998
vol2,S7012 (B),clean,199400.0,10.02,1.089,0.0355,0.0023999999999999994
vol2,S7012 (B),clean,199400.0,11.5,1.125,0.0683,0.004449999999999996
vol2,S7012 (B),clean,299700.0,-3.79,-0.193,0.0114,0.00115
vol2,S7012 (B),clean,299700.0,-2.22,-0.028,0.0094,0.0005999999999999998
vol2,S7012 (B),clean,299700.0,-0.74,0.102,0.0081,0.0007999999999999995
vol2,S7012 (B),clean,299700.0,0.81,0.256,0.0071,0.0002000000000000001
vol2,S7012 (B),clean,299700.0,2.34,0.426,0.0082,0.0003999999999999993
vol2,S7012 (B),clean,299700.0,3.89,0.594,0.0093,0.0004000000000000002
vol2,S7012 (B),clean,299700.0,5.43,0.75,0.0108,0.00014999999999999996
vol2,S7012 (B),clean,299700.0,6.95,0.891,0.0135,0.00020000000000000052
vol2,S7012 (B),clean,299700.0,8.49,1.012,0.0204,0.0010000000000000009
vol2,S7012 (B),clean,299700.0,10.01,1.091,0.0322,0.0006999999999999992
vol2,S7012 (B),clean,299700.0,11.51,1.13,0.0612,0.012149999999999998
vol2,S7012 (B),modified,60300.0,-4.84,-0.175,0.0217,0.0018499999999999992
vol2,S7012 (B),modified,60300.0,-3.31,-0.039,0.0168,0.001700000000000001
vol2,S7012 (B),modified,60300.0,-1.8,0.073,0.0146,0.0029500000000000004
vol2,S7012 (B),modified,60300.0,-0.25,0.237,0.0204,0.0031000000000000003
vol2,S7012 (B),modified,60300.0,1.27,0.405,0.0263,0.005900000000000001
vol2,S7012 (B),modified,60300.0,2.85,0.646,0.0249,0.005549999999999999
vol2,S7012 (B),modified,60300.0,4.38,0.798,0.0303,0.0065499999999999985
vol2,S7012 (B),modified,60300.0,5.93,0.921,0.0289,0.0032499999999999994
vol2,S7012 (B),modified,60300.0,7.45,1.027,0.0287,0.0030999999999999986
vol2,S7012 (B),modified,60300.0,8.97,1.111,0.0462,0.0063999999999999994
vol2,S7012 (B),modified,60300.0,10.46,1.154,0.0663,0.007799999999999998
vol2,S7012 (B),modified,99900.0,-4.85,-0.122,0.0184,0.0009999999999999992
vol2,S7012 (B),modified,99900.0,-3.31,-0.019,0.0144,0.0011999999999999997
vol2,S7012 (B),modified,99900.0,-1.78,0.093,0.0137,0.0005000000000000004
vol2,S7012 (B),modified,99900.0,-0.24,0.275,0.0138,0.00245
vol2,S7012 (B),modified,99900.0,1.33,0.552,0.0142,0.0015999999999999999
vol2,S7012 (B),modified,99900.0,2.87,0.721,0.0145,0.0017000000000000001
vol2,S7012 (B),modified,99900.0,4.4,0.858,0.0175,0.0005999999999999998
vol2,S7012 (B),modified,99900.0,5.93,0.993,0.0202,0.0019500000000000003
vol2,S7012 (B),modified,99900.0,7.46,1.08,0.0289,0.0017000000000000001
vol2,S7012 (B),modified,99900.0,8.98,1.144,0.043,0.002450000000000001
vol2,S7012 (B),modified,199800.0,-6.86,-0.247,0.02,0.0017499999999999998
vol2,S7012 (B),modified,199800.0,-5.34,-0.097,0.0149,0.0010500000000000006
vol2,S7012 (B),modified,199800.0,-3.77,0.057,0.0113,0.0008500000000000001
vol2,S7012 (B),modified,199800.0,-2.25,0.202,0.0109,0.0008500000000000001
vol2,S7012 (B),modified,199800.0,-0.72,0.351,0.0118,0.0029000000000000007
vol2,S7012 (B),modified,199800.0,0.82,0.504,0.0106,0.00215
vol2,S7012 (B),modified,199800.0,2.34,0.662,0.0105,0.00019999999999999966
vol2,S7012 (B),modified,199800.0,3.9,0.841,0.0131,0.0004999999999999996
vol2,S7012 (B),modified,199800.0,5.42,0.985,0.0156,0.0004000000000000002
vol2,S7012 (B),modified,199800.0,6.95,1.084,0.0222,0.0005000000000000004
vol2,S7012 (B),modified,199800.0,8.47,1.158,0.0326,0.0009499999999999995
vol2,S7012 (B),modified,299900.0,-6.87,-0.257,0.0185,0.0019500000000000003
vol2,S7012 (B),modified,299900.0,-5.33,-0.104,0.0133,0.0017499999999999998
vol2,S7012 (B),modified,299900.0,-3.81,0.047,0.01,0.0002999999999999999
vol2,S7012 (B),modified,299900.0,-2.26,0.199,0.0088,0.0003500000000000005
vol2,S7012 (B),modified,299900.0,-0.72,0.384,0.0086,0.0005499999999999993
vol2,S7012 (B),modified,299900.0,0.85,0.539,0.0079,0.0004499999999999999
vol2,S7012 (B),modified,299900.0,2.34,0.691,0.0094,0.00014999999999999996
vol2,S7012 (B),modified,299900.0,3.75,0.835,0.0111,0.00020000000000000052
vol2,S7012 (B),modified,299900.0,5.43,0.99,0.0139,0.00019999999999999966
vol2,S7012 (B),modified,299900.0,6.96,1.099,0.02,0.0006499999999999995
vol2,S7012 (B),modified,299900.0,8.46,1.174,0.0297,0.0003999999999999993
vol2,S7012 (B),modified,59500.0,-6.84,-0.259,0.03,0.001850000000000001
vol2,S7012 (B),modified,59500.0,-5.34,-0.114,0.0241,0.0014000000000000002
vol2,S7012 (B),modified,59500.0,-3.82,0.023,0.0187,0.00285
vol2,S7012 (B),modified,59500.0,-2.29,0.133,0.0196,0.0049
vol2,S7012 (B),modified,59500.0,-0.77,0.305,0.0196,0.0019500000000000003
vol2,S7012 (B),modified,59500.0,0.78,0.474,0.0221,0.0020499999999999997
vol2,S7012 (B),modified,59500.0,2.38,0.751,0.026,0.00115
vol2,S7012 (B),modified,59500.0,3.89,0.933,0.0233,0.003250000000000001
vol2,S7012 (B),modified,59500.0,5.43,1.051,0.0287,0.0017499999999999998
vol2,S7012 (B),modified,59500.0,6.95,1.159,0.0324,0.0007500000000000007
vol2,S7012 (B),modified,59500.0,8.47,1.216,0.0491,0.0029
vol2,S7012 (B),modified,99700.0,-6.85,-0.141,0.0252,0.00040000000000000105
vol2,S7012 (B),modified,99700.0,-5.31,0.011,0.0192,0.0009500000000000012
vol2,S7012 (B),modified,99700.0,-3.8,0.137,0.0161,0.0017499999999999998
vol2,S7012 (B),modified,99700.0,-2.27,0.242,0.0173,0.00255
vol2,S7012 (B),modified,99700.0,-0.76,0.336,0.0151,0.0023500000000000005
vol2,S7012 (B),modified,99700.0,0.81,0.574,0.0185,0.0009499999999999995
vol2,S7012 (B),modified,99700.0,2.36,0.794,0.0168,0.0006500000000000013
vol2,S7012 (B),modified,99700.0,3.88,0.927,0.0183,0.0008999999999999998
vol2,S7012 (B),modified,99700.0,5.43,1.073,0.021,0.0009499999999999995
vol2,S7012 (B),modified,99700.0,6.96,1.15,0.0298,0.0012500000000000011
vol2,S7012 (B),modified,99700.0,8.47,1.204,0.0436,0.0015000000000000013
vol2,S7012 (B),modified,199600.0,-6.87,-0.117,0.0193,0.0023499999999999997
vol2,S7012 (B),modified,199600.0,-5.29,0.033,0.0145,0.0015500000000000002
vol2,S7012 (B),modified,199600.0,-3.68,0.198,0.0121,0.00115
vol2,S7012 (B),modified,199600.0,-2.27,0.329,0.0133,0.0006500000000000004
vol2,S7012 (B),modified,199600.0,-0.73,0.461,0.0142,0.00115
vol2,S7012 (B),modified,199600.0,0.83,0.64,0.0127,0.0017500000000000007
vol2,S7012 (B),modified,199600.0,2.36,0.809,0.0118,0.00020000000000000052
vol2,S7012 (B),modified,199600.0,3.91,0.96,0.0148,0.0005499999999999993
vol2,S7012 (B),modified,199600.0,5.43,1.086,0.018,0.0002999999999999999
vol2,S7012 (B),modified,199600.0,6.95,1.158,0.0268,0.0009999999999999992
vol2,S7012 (B),modified,199600.0,8.47,1.214,0.0378,0.0022000000000000006
vol2,S7012 (B),modified,299600.0,-6.83,-0.118,0.0159,0.0015999999999999999
vol2,S7012 (B),modified,299600.0,-5.3,0.029,0.0125,0.0008499999999999992
vol2,S7012 (B),modified,299600.0,-3.8,0.172,0.0103,0.0005500000000000001
vol2,S7012 (B),modified,299600.0,-2.24,0.362,0.0099,0.0003500000000000005
vol2,S7012 (B),modified,299600.0,-0.69,0.526,0.0106,0.00019999999999999966
vol2,S7012 (B),modified,299600.0,0.74,0.663,0.0088,0.0006499999999999995
vol2,S7012 (B),modified,299600.0,2.36,0.819,0.0107,0.00010000000000000026
vol2,S7012 (B),modified,299600.0,3.95,0.976,0.013,0.0002999999999999999
vol2,S7012 (B),modified,299600.0,5.43,1.089,0.0169,0.0002500000000000002
vol2,S7012 (B),modified,299600.0,6.99,1.177,0.0248,0.0006499999999999995
vol2,S7012 (B),modified,299600.0,8.46,1.228,0.035,0.0011000000000000003
vol2,S7055,modified,99700.0,-5.94,-0.18,0.0374,0.0068000000000000005
vol2,S7055,modified,99700.0,-4.41,0.046,0.0229,0.0016500000000000004
vol2,S7055,modified,99700.0,-2.86,0.262,0.02,0.0022000000000000006
vol2,S7055,modified,99700.0,-1.36,0.338,0.0174,0.001899999999999999
vol2,S7055,modified,99700.0,0.18,0.503,0.0204,0.0014999999999999996
vol2,S7055,modified,99700.0,1.74,0.654,0.0219,0.001899999999999999
vol2,S7055,modified,99700.0,3.27,0.811,0.0195,0.0023499999999999997
vol2,S7055,modified,99700.0,4.81,0.978,0.0204,0.0022000000000000006
vol2,S7055,modified,99700.0,6.35,1.138,0.0225,0.0012500000000000011
vol2,S7055,modified,99700.0,7.87,1.278,0.0265,0.00345
vol2,S7055,modified,99700.0,9.41,1.363,0.0354,0.00855
vol2,S7055,modified,99700.0,10.89,1.371,0.0603,0.01845
vol2,S7055,modified,298900.0,-5.94,-0.062,0.0195,0.002199999999999999
vol2,S7055,modified,298900.0,-3.72,0.168,0.015,0.0017000000000000001
vol2,S7055,modified,298900.0,-2.87,0.282,0.0134,0.001
vol2,S7055,modified,298900.0,-1.32,0.47,0.013,0.0007000000000000001
vol2,S7055,modified,298900.0,0.19,0.562,0.0127,0.0006500000000000004
vol2,S7055,modified,298900.0,1.73,0.706,0.0111,0.0003500000000000005
vol2,S7055,modified,298900.0,3.27,0.886,0.0122,0.0008500000000000001
vol2,S7055,modified,298900.0,4.83,1.055,0.0139,0.0008000000000000004
vol2,S7055,modified,298900.0,6.35,1.204,0.0163,0.0009000000000000006
vol2,S7055,modified,298900.0,7.92,1.322,0.0236,0.00405
vol2,S7055,modified,298900.0,9.44,1.363,0.0402,0.0075
vol2,S7055,modified,298900.0,10.94,1.365,0.076,0.02565
vol2,S7055,modified,60200.0,-4.47,-0.146,0.032,0.002150000000000001
vol2,S7055,modified,60200.0,-2.89,0.05,0.0238,0.004200000000000001
vol2,S7055,modified,60200.0,-1.38,0.189,0.0207,0.0018499999999999992
vol2,S7055,modified,60200.0,0.17,0.364,0.0243,0.0022000000000000006
vol2,S7055,modified,60200.0,1.67,0.532,0.0313,0.0020499999999999997
vol2,S7055,modified,60200.0,3.24,0.685,0.0349,0.00435
vol2,S7055,modified,60200.0,4.78,0.829,0.0378,0.00605
vol2,S7055,modified,60200.0,6.28,0.983,0.0342,0.006750000000000001
vol2,S7055,modified,60200.0,7.85,1.134,0.0355,0.0111
vol2,S7055,modified,60200.0,9.39,1.268,0.0336,0.00040000000000000105
vol2,S7055,modified,60200.0,10.9,1.316,0.044,0.0063999999999999994
vol2,S7055,modified,60200.0,12.41,1.329,0.0659,0.010350000000000002
vol2,S7055,modified,99600.0,-4.45,-0.066,0.0256,0.002400000000000001
vol2,S7055,modified,99600.0,-2.92,0.136,0.0194,0.001599999999999999
vol2,S7055,modified,99600.0,-1.36,0.244,0.018,0.0014999999999999996
vol2,S7055,modified,99600.0,0.15,0.395,0.0198,0.0020500000000000015
vol2,S7055,modified,99600.0,1.69,0.565,0.0222,0.0002999999999999999
vol2,S7055,modified,99600.0,3.26,0.728,0.0201,0.00145
vol2,S7055,modified,99600.0,4.79,0.888,0.0198,0.002450000000000001
vol2,S7055,modified,99600.0,6.31,1.033,0.0217,0.0009000000000000015
vol2,S7055,modified,99600.0,7.84,1.163,0.0248,0.00285
vol2,S7055,modified,99600.0,9.38,1.263,0.0298,0.005750000000000002
vol2,S7055,modified,99600.0,10.88,1.289,0.0517,0.009399999999999999
vol2,S7055,modified,98600.0,12.38,1.284,0.0861,0.025750000000000002
vol2,S7055,modified,199400.0,-4.45,0.008,0.0161,0.00145
vol2,S7055,modified,199400.0,-2.99,0.141,0.0142,0.0003000000000000008
vol2,S7055,modified,199400.0,-1.35,0.295,0.0121,0.0006500000000000004
vol2,S7055,modified,199400.0,0.2,0.396,0.0117,0.0004000000000000002
vol2,S7055,modified,199400.0,1.71,0.562,0.0124,0.0004499999999999999
vol2,S7055,modified,199400.0,3.31,0.745,0.0128,0.0006500000000000004
vol2,S7055,modified,199400.0,4.78,0.91,0.014,0.0006499999999999995
vol2,S7055,modified,199400.0,6.24,1.06,0.016,0.0007999999999999995
vol2,S7055,modified,199400.0,7.86,1.197,0.0193,0.00115
vol2,S7055,modified,199400.0,9.38,1.268,0.0294,0.0060500000000000016
vol2,S7055,modified,199400.0,10.87,1.278,0.0568,0.0194
vol2,S7055,modified,299700.0,-4.41,-0.014,0.0145,0.0008999999999999998
vol2,S7055,modified,299700.0,-2.88,0.144,0.0123,0.0003500000000000005
vol2,S7055,modified,299700.0,-1.35,0.315,0.0104,0.0006500000000000004
vol2,S7055,modified,299700.0,0.15,0.402,0.0095,0.0007499999999999998
vol2,S7055,modified,299700.0,1.72,0.582,0.0099,0.0004000000000000002
vol2,S7055,modified,299700.0,3.25,0.755,0.0107,0.0007000000000000001
vol2,S7055,modified,299700.0,4.81,0.929,0.012,0.0009000000000000006
vol2,S7055,modified,299700.0,6.3,1.08,0.0137,0.0005999999999999998
vol2,S7055,modified,299700.0,7.88,1.212,0.0183,0.00115
vol2,S8025,clean,60000.0,-6.67,-0.591,0.0385,0.0040500000000000015
vol2,S8025,clean,60000.0,-5.16,-0.454,0.0234,0.0025000000000000005
vol2,S8025,clean,60000.0,-3.63,-0.322,0.0175,0.0012499999999999994
vol2,S8025,clean,60000.0,-2.09,-0.149,0.0135,0.0057
vol2,S8025,clean,60000.0,-0.54,0.008,0.0126,0.0004499999999999999
vol2,S8025,clean,60000.0,0.98,0.139,0.0128,0.0029
vol2,S8025,clean,60000.0,2.54,0.31,0.0158,0.0026000000000000007
vol2,S8025,clean,60000.0,4.06,0.45,0.0267,0.01325
vol2,S8025,clean,60000.0,6.52,0.67,0.0332,0.0051
vol2,S8025,clean,60000.0,7.15,0.748,0.0296,0.00345
vol2,S8025,clean,60000.0,8.65,0.882,0.0379,0.0008500000000000001
vol2,S8025,clean,100400.0,-6.64,-0.61,0.0309,0.002449999999999999
vol2,S8025,clean,100400.0,-5.13,-0.488,0.0193,0.0009499999999999995
vol2,S8025,clean,100400.0,-3.63,-0.361,0.0141,0.001
vol2,S8025,clean,100400.0,-2.1,-0.221,0.01,0.0010499999999999997
vol2,S8025,clean,100400.0,-0.56,-0.03,0.0096,0.0004499999999999999
vol2,S8025,clean,100400.0,1.0,0.144,0.01,0.0007000000000000001
vol2,S8025,clean,100400.0,2.53,0.296,0.0128,0.0008999999999999998
vol2,S8025,clean,100400.0,4.07,0.447,0.0154,0.00115
vol2,S8025,clean,100400.0,5.61,0.592,0.0192,0.00115
vol2,S8025,clean,100400.0,7.15,0.712,0.0238,0.001299999999999999
vol2,S8025,clean,100400.0,8.66,0.836,0.0311,0.0031500000000000018
vol2,S8025,clean,200700.0,-6.67,-0.639,0.0213,0.0005500000000000001
vol2,S8025,clean,200700.0,-5.17,-0.507,0.0143,0.0007000000000000001
vol2,S8025,clean,200700.0,-3.67,-0.362,0.0114,0.0008000000000000004
vol2,S8025,clean,200700.0,-2.08,-0.211,0.0078,0.0005999999999999998
vol2,S8025,clean,200700.0,-0.55,-0.029,0.0069,0.0011500000000000004
vol2,S8025,clean,200700.0,0.96,0.122,0.0081,0.0002999999999999999
vol2,S8025,clean,200700.0,2.5,0.267,0.0094,0.0005000000000000004
vol2,S8025,clean,200700.0,4.07,0.431,0.0119,0.00045000000000000075
vol2,S8025,clean,200700.0,5.58,0.599,0.0144,0.0003499999999999996
vol2,S8025,clean,200700.0,7.15,0.754,0.0166,0.0006999999999999992
vol2,S8025,clean,200700.0,8.67,0.882,0.0239,0.000700000000000001
vol2,S8025,clean,301100.0,-6.68,-0.648,0.0193,0.0005999999999999998
vol2,S8025,clean,301100.0,-5.15,-0.514,0.0126,0.0002999999999999999
vol2,S8025,clean,301100.0,-3.58,-0.36,0.0101,0.0005000000000000004
vol2,S8025,clean,301100.0,-2.1,-0.214,0.0077,0.0005999999999999998
vol2,S8025,clean,301100.0,-0.56,-0.045,0.0062,0.0002500000000000002
vol2,S8025,clean,301100.0,0.98,0.105,0.0072,0.00035000000000000005
vol2,S8025,clean,301100.0,2.51,0.281,0.0087,0.00024999999999999935
vol2,S8025,clean,301100.0,4.07,0.447,0.0103,0.0002999999999999999
vol2,S8025,clean,301100.0,5.61,0.602,0.012,0.0004000000000000002
vol2,S8025,clean,301100.0,7.15,0.752,0.0143,0.0005000000000000004
vol2,S8025,clean,301100.0,8.68,0.888,0.0208,0.0010000000000000009
vol2,S822,modified,100400.0,-4.18,-0.359,0.0285,0.0010499999999999989
vol2,S822,modified,100400.0,-2.62,-0.198,0.0284,0.0006000000000000016
vol2,S822,modified,100400.0,-1.09,-0.076,0.0308,0.0017499999999999998
vol2,S822,modified,100400.0,0.44,0.042,0.0344,0.0015499999999999993
vol2,S822,modified,100400.0,1.94,0.126,0.0402,0.00145
vol2,S822,modified,100400.0,4.29,0.609,0.0214,0.0020999999999999994
vol2,S822,modified,100400.0,5.06,0.604,0.0215,0.0012499999999999994
vol2,S822,modified,100400.0,6.58,0.715,0.026,0.000700000000000001
vol2,S822,modified,100400.0,8.12,0.826,0.031,0.0019000000000000006
vol2,S822,modified,100400.0,9.64,0.917,0.0389,0.0026499999999999996
vol2,S822,modified,100400.0,11.17,0.994,0.0479,0.002999999999999999
vol2,S822,modified,201000.0,-4.1,-0.154,0.022,0.0008000000000000004
vol2,S822,modified,201000.0,-2.56,-0.02,0.023,0.0009499999999999995
vol2,S822,modified,201000.0,-1.03,0.175,0.019,0.0026499999999999996
vol2,S822,modified,201000.0,0.5,0.308,0.0154,0.00045000000000000075
vol2,S822,modified,201000.0,2.03,0.423,0.0175,0.0005999999999999998
vol2,S822,modified,201000.0,3.56,0.553,0.0191,0.0011999999999999997
vol2,S822,modified,201000.0,5.08,0.635,0.0218,0.0014000000000000002
vol2,S822,modified,201000.0,6.58,0.725,0.0224,0.0023
vol2,S822,modified,201000.0,8.1,0.837,0.0287,0.0018499999999999992
vol2,S822,modified,201000.0,9.65,0.927,0.036,0.002149999999999999
vol2,S822,modified,201000.0,11.16,0.999,0.0452,0.007050000000000001
vol2,S822,modified,301400.0,-4.09,-0.112,0.0172,0.0009500000000000012
vol2,S822,modified,301400.0,-2.56,0.013,0.0149,0.0005000000000000004
vol2,S822,modified,301400.0,-1.1,0.14,0.0146,0.0003999999999999993
vol2,S822,modified,301400.0,0.33,0.261,0.0158,0.0006499999999999995
vol2,S822,modified,301400.0,2.01,0.414,0.0173,0.0009000000000000015
vol2,S822,modified,301400.0,3.63,0.558,0.0187,0.0010000000000000009
vol2,S822,modified,301400.0,5.09,0.675,0.0205,0.0012499999999999994
vol2,S822,modified,301400.0,6.59,0.766,0.0237,0.0019500000000000003
vol2,S822,modified,301400.0,8.12,0.829,0.0276,0.0034999999999999996
vol2,S822,modified,301400.0,9.65,0.918,0.0338,0.0036499999999999987
vol2,S822,modified,301400.0,11.15,0.992,0.0427,0.00545
vol2,S822,modified,401800.0,-3.05,-0.041,0.0146,0.0007000000000000001
vol2,S822,modified,401800.0,-1.55,0.092,0.0145,0.0004000000000000002
vol2,S822,modified,401800.0,-0.05,0.225,0.0156,0.0004000000000000002
vol2,S822,modified,401800.0,1.5,0.371,0.0164,0.000449999999999999
vol2,S822,modified,401800.0,3.04,0.509,0.0178,0.0008500000000000001
vol2,S822,modified,401800.0,4.65,0.642,0.0198,0.00115
vol2,S822,modified,401800.0,6.08,0.742,0.0222,0.0017999999999999995
vol2,S822,modified,401800.0,7.61,0.834,0.0262,0.0026499999999999996
vol2,S822,modified,401800.0,9.16,0.902,0.0305,0.003349999999999999
vol2,S822,modified,401800.0,10.65,0.977,0.0373,0.004899999999999998
vol2,S823,modified,100700.0,-2.79,-0.197,0.0375,0.002149999999999999
vol2,S823,modified,100700.0,-1.22,-0.006,0.0379,0.000899999999999998
vol2,S823,modified,100700.0,0.31,0.169,0.0384,0.0014999999999999979
vol2,S823,modified,100700.0,1.84,0.385,0.0298,0.003300000000000001
vol2,S823,modified,100700.0,3.39,0.564,0.0231,0.00115
vol2,S823,modified,100700.0,4.92,0.713,0.0233,0.0007499999999999989
vol2,S823,modified,100700.0,6.43,0.805,0.0269,0.0008500000000000001
vol2,S823,modified,100700.0,7.97,0.888,0.0317,0.0009499999999999995
vol2,S823,modified,100700.0,9.48,0.957,0.0364,0.0009499999999999995
vol2,S823,modified,100700.0,10.99,1.004,0.0456,0.003599999999999999
vol2,S823,modified,201300.0,-3.69,-0.111,0.0259,0.0026999999999999993
vol2,S823,modified,201300.0,-2.25,0.001,0.0234,0.0015499999999999993
vol2,S823,modified,201300.0,-0.71,0.154,0.0212,0.0026
vol2,S823,modified,201300.0,0.81,0.303,0.0193,0.0005500000000000001
vol2,S823,modified,201300.0,2.36,0.44,0.0204,0.0012500000000000011
vol2,S823,modified,201300.0,3.91,0.574,0.0223,0.0005999999999999998
vol2,S823,modified,201300.0,5.41,0.699,0.0244,0.000700000000000001
vol2,S823,modified,201300.0,6.96,0.811,0.028,0.00045000000000000075
vol2,S823,modified,201300.0,8.47,0.904,0.0331,0.0008500000000000001
vol2,S823,modified,201300.0,9.97,0.969,0.0443,0.0023
vol2,S823,modified,201300.0,11.49,1.017,0.0649,0.00945
vol2,S823,modified,301900.0,-2.74,-0.052,0.0212,0.0023000000000000017
vol2,S823,modified,301900.0,-1.23,0.086,0.0186,0.0007500000000000007
vol2,S823,modified,301900.0,0.31,0.237,0.018,0.0010000000000000009
vol2,S823,modified,301900.0,1.81,0.371,0.0195,0.0009000000000000015
vol2,S823,modified,301900.0,3.37,0.519,0.0209,0.0005500000000000001
vol2,S823,modified,301900.0,4.84,0.646,0.0227,0.0005999999999999998
vol2,S823,modified,301900.0,6.43,0.767,0.0254,0.0005999999999999998
vol2,S823,modified,301900.0,7.8,0.855,0.0293,0.0013999999999999985
vol2,S823,modified,301900.0,9.47,0.936,0.038,0.0024999999999999988
vol2,S823,modified,301900.0,10.93,0.989,0.0531,0.0032499999999999994
vol2,S823,modified,402800.0,-2.75,-0.054,0.0196,0.0013000000000000008
vol2,S823,modified,402800.0,-1.22,0.09,0.0183,0.0010500000000000006
vol2,S823,modified,402800.0,0.41,0.244,0.0185,0.0006499999999999995
vol2,S823,modified,402800.0,1.85,0.401,0.0193,0.000449999999999999
vol2,S823,modified,402800.0,3.37,0.547,0.0203,0.0002500000000000002
vol2,S823,modified,402800.0,5.01,0.692,0.0222,0.0006499999999999995
vol2,S823,modified,402800.0,6.44,0.791,0.0247,0.0008500000000000001
vol2,S823,modified,402800.0,7.95,0.877,0.0291,0.0014000000000000002
vol2,S823,modified,402800.0,9.8,0.96,0.0404,0.003599999999999999
vol2,S823,modified,402800.0,11.01,0.999,0.0484,0.0114
vol3,SD7037 (E),modified,105616.0,-6.16,-0.415,0.041,0.0016000000000000007
vol3,SD7037 (E),modified,105616.0,-5.19,-0.346,0.0278,0.000449999999999999
vol3,SD7037 (E),modified,105616.0,-4.11,-0.266,0.0212,0.0005500000000000001
vol3,SD7037 (E),modified,105616.0,-2.96,-0.176,0.0161,0.0003999999999999993
vol3,SD7037 (E),modified,105616.0,-2.12,-0.099,0.0144,0.0011500000000000008
vol3,SD7037 (E),modified,105616.0,-1.07,0.037,0.013,0.0010499999999999997
vol3,SD7037 (E),modified,105616.0,0.01,0.228,0.0134,0.0003499999999999996
vol3,SD7037 (E),modified,105616.0,1.02,0.355,0.0137,0.0005500000000000001
vol3,SD7037 (E),modified,105616.0,2.01,0.448,0.0144,0.0007999999999999995
vol3,SD7037 (E),modified,105616.0,3.03,0.539,0.0154,0.0009999999999999992
vol3,SD7037 (E),modified,105616.0,4.13,0.641,0.0158,0.0010000000000000009
vol3,SD7037 (E),modified,105616.0,5.15,0.73,0.0163,0.0007500000000000007
vol3,SD7037 (E),modified,105616.0,6.13,0.82,0.0175,0.0007500000000000007
vol3,SD7037 (E),modified,105616.0,7.16,0.898,0.0207,0.0007499999999999989
vol3,SD7037 (E),modified,105616.0,8.21,0.976,0.025,0.002100000000000001
vol3,SD7037 (E),modified,105616.0,9.2,1.037,0.031,0.002250000000000002
vol3,SD7037 (E),modified,105616.0,10.22,1.086,0.0385,0.0023999999999999994
vol3,SD7037 (E),modified,105616.0,11.21,1.121,0.0507,0.0026000000000000016
vol3,SD7037 (E),modified,200149.0,-6.06,-0.429,0.0363,0.0015999999999999973
vol3,SD7037 (E),modified,200149.0,-4.83,-0.331,0.0209,0.0008999999999999998
vol3,SD7037 (E),modified,200149.0,-4.12,-0.272,0.0174,0.0006499999999999995
vol3,SD7037 (E),modified,200149.0,-2.94,-0.115,0.0129,0.001
vol3,SD7037 (E),modified,200149.0,-2.04,-0.002,0.0113,0.0018499999999999992
vol3,SD7037 (E),modified,200149.0,-1.04,0.103,0.0102,0.001
vol3,SD7037 (E),modified,200149.0,0.14,0.217,0.0097,0.0005999999999999998
vol3,SD7037 (E),modified,200149.0,1.0,0.309,0.0099,0.0005000000000000004
vol3,SD7037 (E),modified,200149.0,2.1,0.419,0.0099,0.0006000000000000007
vol3,SD7037 (E),modified,200149.0,3.07,0.524,0.0105,0.0003500000000000005
vol3,SD7037 (E),modified,200149.0,4.08,0.625,0.0113,0.0003999999999999993
vol3,SD7037 (E),modified,200149.0,5.1,0.728,0.0121,0.0003499999999999996
vol3,SD7037 (E),modified,200149.0,6.41,0.846,0.0149,0.0005000000000000004
vol3,SD7037 (E),modified,200149.0,7.22,0.916,0.0175,0.0002500000000000002
vol3,SD7037 (E),modified,200149.0,8.24,0.998,0.0209,0.0002500000000000002
vol3,SD7037 (E),modified,200149.0,9.16,1.062,0.0237,0.0005500000000000001
vol3,SD7037 (E),modified,200149.0,10.33,1.131,0.0297,0.0006499999999999995
vol3,SD7037 (E),modified,200149.0,11.19,1.17,0.0355,0.0011000000000000003
vol3,SD7037 (E),modified,200149.0,12.21,1.193,0.0454,0.005299999999999999
vol3,SD7037 (E),modified,299430.0,-6.33,-0.46,0.0498,0.0019500000000000003
vol3,SD7037 (E),modified,299430.0,-5.4,-0.382,0.0248,0.0006999999999999992
vol3,SD7037 (E),modified,299430.0,-3.97,-0.224,0.0158,0.0016500000000000004
vol3,SD7037 (E),modified,299430.0,-3.07,-0.108,0.011,0.0010499999999999997
vol3,SD7037 (E),modified,299430.0,-2.28,-0.021,0.0096,0.0008000000000000004
vol3,SD7037 (E),modified,299430.0,-1.11,0.096,0.0096,0.0004499999999999999
vol3,SD7037 (E),modified,299430.0,-0.1,0.2,0.0097,0.0005000000000000004
vol3,SD7037 (E),modified,299430.0,0.93,0.31,0.0092,0.0003499999999999996
vol3,SD7037 (E),modified,299430.0,1.87,0.405,0.009,0.00024999999999999935
vol3,SD7037 (E),modified,299430.0,2.89,0.514,0.0087,0.00019999999999999966
vol3,SD7037 (E),modified,299430.0,3.92,0.623,0.0096,0.0002500000000000002
vol3,SD7037 (E),modified,299430.0,4.92,0.723,0.0106,0.0003999999999999993
vol3,SD7037 (E),modified,299430.0,5.92,0.817,0.0125,0.00019999999999999966
vol3,SD7037 (E),modified,299430.0,7.02,0.917,0.0151,0.00020000000000000052
vol3,SD7037 (E),modified,299430.0,7.97,1.003,0.0173,9.99999999999994e-05
vol3,SD7037 (E),modified,299430.0,8.98,1.085,0.0197,0.0011999999999999997
vol3,SD7037 (E),modified,299430.0,9.97,1.151,0.0235,0.0007999999999999986
vol3,SD7037 (E),modified,299430.0,11.06,1.206,0.0295,0.0016000000000000007
vol3,SD7037 (E),modified,299430.0,12.06,1.233,0.0382,0.005000000000000001
vol3,SD7037 (E),modified,299430.0,13.02,1.233,0.0583,0.02145
vol3,SD7037 (E),modified,99678.0,-5.19,-0.272,0.041,0.0011000000000000003
vol3,SD7037 (E),modified,99678.0,-4.18,-0.192,0.0277,0.0008500000000000001
vol3,SD7037 (E),modified,99678.0,-3.11,-0.098,0.0207,0.0002500000000000002
vol3,SD7037 (E),modified,99678.0,-2.11,-0.003,0.0163,0.0007500000000000007
vol3,SD7037 (E),modified,99678.0,-1.06,0.117,0.0142,0.0007499999999999998
vol3,SD7037 (E),modified,99678.0,0.05,0.301,0.0152,0.0002500000000000002
vol3,SD7037 (E),modified,99678.0,0.99,0.429,0.0163,0.0007500000000000007
vol3,SD7037 (E),modified,99678.0,2.1,0.534,0.0162,0.0005500000000000001
vol3,SD7037 (E),modified,99678.0,3.1,0.618,0.0155,0.0004499999999999999
vol3,SD7037 (E),modified,99678.0,4.08,0.714,0.0158,0.00010000000000000113
vol3,SD7037 (E),modified,99678.0,5.11,0.82,0.017,0.0008999999999999998
vol3,SD7037 (E),modified,99678.0,6.14,0.918,0.0183,0.0005999999999999998
vol3,SD7037 (E),modified,99678.0,7.15,1.003,0.0206,0.0007999999999999986
vol3,SD7037 (E),modified,99678.0,8.25,1.083,0.0225,0.0010499999999999989
vol3,SD7037 (E),modified,99678.0,9.17,1.145,0.0256,0.001599999999999999
vol3,SD7037 (E),modified,99678.0,10.19,1.19,0.0312,0.0013499999999999988
vol3,SD7037 (E),modified,99678.0,11.22,1.226,0.0395,0.0026000000000000016
vol3,SD7037 (E),modified,199620.0,-4.48,-0.155,0.0198,0.00115
vol3,SD7037 (E),modified,199620.0,-3.65,-0.056,0.0156,0.00145
vol3,SD7037 (E),modified,199620.0,-2.34,0.1,0.0122,0.00145
vol3,SD7037 (E),modified,199620.0,-1.37,0.208,0.0107,0.00010000000000000026
vol3,SD7037 (E),modified,199620.0,-0.3,0.31,0.0093,0.0006499999999999995
vol3,SD7037 (E),modified,199620.0,0.67,0.41,0.0095,0.0006499999999999995
vol3,SD7037 (E),modified,199620.0,1.78,0.527,0.01,0.0007499999999999998
vol3,SD7037 (E),modified,199620.0,2.73,0.622,0.0106,0.0004999999999999996
vol3,SD7037 (E),modified,199620.0,3.76,0.722,0.0116,0.00014999999999999996
vol3,SD7037 (E),modified,199620.0,4.89,0.831,0.0128,0.0002999999999999999
vol3,SD7037 (E),modified,199620.0,5.85,0.923,0.0144,0.0005999999999999998
vol3,SD7037 (E),modified,199620.0,6.73,1.002,0.0161,0.00045000000000000075
vol3,SD7037 (E),modified,199620.0,7.73,1.088,0.0181,0.00015000000000000083
vol3,SD7037 (E),modified,199620.0,8.77,1.17,0.0207,0.0002500000000000002
vol3,SD7037 (E),modified,199620.0,9.9,1.232,0.0258,0.0010000000000000009
vol3,SD7037 (E),modified,199620.0,10.81,1.269,0.0317,0.0012500000000000011
vol3,SD7037 (E),modified,199620.0,11.78,1.296,0.0389,0.0038499999999999993
vol3,SD7037 (E),modified,299364.0,-4.96,-0.175,0.0225,0.0015000000000000013
vol3,SD7037 (E),modified,299364.0,-4.02,-0.07,0.0149,0.0013999999999999993
vol3,SD7037 (E),modified,299364.0,-2.96,0.046,0.0119,0.0002500000000000002
vol3,SD7037 (E),modified,299364.0,-1.95,0.15,0.0097,0.0005500000000000001
vol3,SD7037 (E),modified,299364.0,-0.95,0.25,0.0085,0.0005500000000000001
vol3,SD7037 (E),modified,299364.0,-0.24,0.315,0.0077,0.00020000000000000052
vol3,SD7037 (E),modified,299364.0,0.88,0.437,0.008,0.00035000000000000005
vol3,SD7037 (E),modified,299364.0,2.2,0.579,0.0087,0.0004499999999999999
vol3,SD7037 (E),modified,299364.0,3.2,0.681,0.0096,0.0005500000000000001
vol3,SD7037 (E),modified,299364.0,4.12,0.775,0.0104,0.0004999999999999996
vol3,SD7037 (E),modified,299364.0,5.14,0.875,0.0118,0.0003500000000000005
vol3,SD7037 (E),modified,299364.0,6.16,0.971,0.0131,0.00019999999999999966
vol3,SD7037 (E),modified,299364.0,7.15,1.063,0.0149,0.0002999999999999999
vol3,SD7037 (E),modified,299364.0,8.2,1.153,0.017,0.0003499999999999996
vol3,SD7037 (E),modified,299364.0,9.2,1.226,0.0197,0.0006000000000000016
vol3,SD7037 (E),modified,299364.0,10.17,1.277,0.0246,0.0016500000000000004
vol3,SD7037 (E),modified,299364.0,11.21,1.32,0.0305,0.0026499999999999996
vol3,SD7037 (E),modified,299364.0,12.23,1.338,0.0412,0.008999999999999998
vol3,SD7037 (E),modified,99786.0,-5.22,-0.222,0.0536,0.0017500000000000016
vol3,SD7037 (E),modified,99786.0,-4.17,-0.079,0.0306,0.0002999999999999999
vol3,SD7037 (E),modified,99786.0,-3.05,0.045,0.0228,0.0016500000000000004
vol3,SD7037 (E),modified,99786.0,-2.1,0.156,0.0191,0.0013000000000000008
vol3,SD7037 (E),modified,99786.0,-1.03,0.286,0.0165,0.0005000000000000004
vol3,SD7037 (E),modified,99786.0,0.02,0.431,0.0172,0.0005999999999999998
vol3,SD7037 (E),modified,99786.0,1.01,0.572,0.0167,0.0003499999999999996
vol3,SD7037 (E),modified,99786.0,2.03,0.665,0.0156,0.0008000000000000004
vol3,SD7037 (E),modified,99786.0,3.07,0.768,0.0149,0.0004000000000000002
vol3,SD7037 (E),modified,99786.0,4.11,0.856,0.0164,0.00015000000000000083
vol3,SD7037 (E),modified,99786.0,5.16,0.938,0.0179,0.0007499999999999989
vol3,SD7037 (E),modified,99786.0,6.16,1.019,0.0211,0.0010499999999999989
vol3,SD7037 (E),modified,99786.0,7.21,1.111,0.0235,0.00035000000000000135
vol3,SD7037 (E),modified,99786.0,8.2,1.195,0.0265,0.0012499999999999994
vol3,SD7037 (E),modified,99786.0,9.21,1.268,0.0285,0.0017999999999999995
vol3,SD7037 (E),modified,99786.0,10.25,1.326,0.0313,0.0012500000000000011
vol3,SD7037 (E),modified,99786.0,11.21,1.357,0.0352,0.0032000000000000015
vol3,SD7037 (E),modified,99786.0,12.26,1.373,0.0435,0.0009499999999999995
vol3,SD7037 (E),modified,99786.0,13.18,1.382,0.0542,0.0036500000000000005
vol3,SD7037 (E),modified,99786.0,14.18,1.369,0.0711,0.002150000000000006
vol3,SD7037 (E),modified,205042.0,-4.96,-0.015,0.0268,0.0005999999999999998
vol3,SD7037 (E),modified,205042.0,-3.97,0.09,0.0189,0.0008999999999999998
vol3,SD7037 (E),modified,205042.0,-2.92,0.196,0.016,0.00115
vol3,SD7037 (E),modified,205042.0,-1.63,0.338,0.012,0.00014999999999999996
vol3,SD7037 (E),modified,205042.0,-0.86,0.406,0.0109,0.0004999999999999996
vol3,SD7037 (E),modified,205042.0,0.01,0.486,0.0106,0.0013
vol3,SD7037 (E),modified,205042.0,1.03,0.603,0.0103,4.99999999999997e-05
vol3,SD7037 (E),modified,205042.0,2.05,0.699,0.0105,0.0003500000000000005
vol3,SD7037 (E),modified,205042.0,3.1,0.8,0.0116,0.0004499999999999999
vol3,SD7037 (E),modified,205042.0,4.15,0.897,0.0129,0.0002999999999999999
vol3,SD7037 (E),modified,205042.0,5.11,0.983,0.015,0.0002999999999999999
vol3,SD7037 (E),modified,205042.0,6.12,1.07,0.0173,0.00035000000000000135
vol3,SD7037 (E),modified,205042.0,7.33,1.178,0.0195,0.0001499999999999991
vol3,SD7037 (E),modified,205042.0,8.29,1.258,0.021,0.0002999999999999999
vol3,SD7037 (E),modified,205042.0,9.23,1.333,0.0228,0.0005499999999999984
vol3,SD7037 (E),modified,205042.0,10.21,1.382,0.0268,0.0026500000000000013
vol3,SD7037 (E),modified,205042.0,11.33,1.396,0.0369,0.004799999999999999
vol3,SD7037 (E),modified,205042.0,12.23,1.403,0.0466,0.0097
vol3,SD7037 (E),modified,298981.0,-5.11,-0.032,0.0298,0.0009999999999999992
vol3,SD7037 (E),modified,298981.0,-4.1,0.082,0.0161,0.0005999999999999998
vol3,SD7037 (E),modified,298981.0,-3.08,0.185,0.0126,0.00020000000000000052
vol3,SD7037 (E),modified,298981.0,-1.85,0.315,0.0103,0.0002999999999999999
vol3,SD7037 (E),modified,298981.0,-1.01,0.401,0.0093,0.0005500000000000001
vol3,SD7037 (E),modified,298981.0,0.06,0.508,0.0081,0.0008499999999999996
vol3,SD7037 (E),modified,298981.0,1.27,0.635,0.0087,0.0005999999999999998
vol3,SD7037 (E),modified,298981.0,2.25,0.731,0.0096,0.0005500000000000001
vol3,SD7037 (E),modified,298981.0,3.5,0.855,0.011,0.0005500000000000001
vol3,SD7037 (E),modified,298981.0,4.45,0.945,0.0123,0.0002999999999999999
vol3,SD7037 (E),modified,298981.0,5.29,1.023,0.0135,0.0002500000000000002
vol3,SD7037 (E),modified,298981.0,6.3,1.113,0.0154,0.0003500000000000005
vol3,SD7037 (E),modified,298981.0,7.26,1.203,0.0169,0.00020000000000000052
vol3,SD7037 (E),modified,298981.0,8.24,1.29,0.0182,0.00015000000000000083
vol3,SD7037 (E),modified,298981.0,9.31,1.369,0.0203,0.0005000000000000004
vol3,SD7037 (E),modified,298981.0,10.23,1.403,0.0258,0.003299999999999999
vol3,SD7037 (E),modified,298981.0,11.23,1.426,0.0327,0.004899999999999998
vol3,SD7037 (E),modified,100009.0,-5.49,-0.013,0.0262,0.0014999999999999996
vol3,SD7037 (E),modified,100009.0,-4.38,0.091,0.0221,0.00020000000000000052
vol3,SD7037 (E),modified,100009.0,-3.44,0.171,0.02,0.0008999999999999998
vol3,SD7037 (E),modified,100009.0,-2.33,0.234,0.0199,0.004150000000000001
vol3,SD7037 (E),modified,100009.0,-1.4,0.302,0.0185,0.0014999999999999996
vol3,SD7037 (E),modified,100009.0,-0.44,0.431,0.0218,0.0010500000000000006
vol3,SD7037 (E),modified,100009.0,0.6,0.567,0.0249,0.0002500000000000002
vol3,SD7037 (E),modified,100009.0,1.68,0.743,0.0221,0.0002999999999999999
vol3,SD7037 (E),modified,100009.0,2.9,0.884,0.0185,0.0009499999999999995
vol3,SD7037 (E),modified,100009.0,3.74,0.955,0.0161,0.00045000000000000075
vol3,SD7037 (E),modified,100009.0,4.68,1.018,0.0179,0.0004999999999999987
vol3,SD7037 (E),modified,100009.0,5.73,1.095,0.0209,0.0006499999999999995
vol3,SD7037 (E),modified,100009.0,7.12,1.196,0.0251,0.0005999999999999998
vol3,SD7037 (E),modified,100009.0,7.8,1.237,0.0281,0.0019499999999999986
vol3,SD7037 (E),modified,100009.0,8.75,1.277,0.0312,0.0020000000000000018
vol3,SD7037 (E),modified,100009.0,9.89,1.312,0.0404,0.003550000000000001
vol3,SD7037 (E),modified,100009.0,10.77,1.341,0.0484,0.0026999999999999975
vol3,SD7037 (E),modified,199795.0,-7.09,-0.13,0.0455,0.0010000000000000009
vol3,SD7037 (E),modified,199795.0,-5.72,0.038,0.0189,0.00315
vol3,SD7037 (E),modified,199795.0,-4.9,0.124,0.0162,0.0025000000000000005
vol3,SD7037 (E),modified,199795.0,-3.77,0.245,0.0156,0.0017499999999999998
vol3,SD7037 (E),modified,199795.0,-2.83,0.336,0.0152,0.0015999999999999999
vol3,SD7037 (E),modified,199795.0,-1.77,0.426,0.0162,0.001
vol3,SD7037 (E),modified,199795.0,-0.92,0.527,0.0158,0.00020000000000000052
vol3,SD7037 (E),modified,199795.0,0.13,0.637,0.0137,0.0002999999999999999
vol3,SD7037 (E),modified,199795.0,1.1,0.736,0.0124,0.0006500000000000004
vol3,SD7037 (E),modified,199795.0,2.11,0.837,0.0114,0.0010499999999999997
vol3,SD7037 (E),modified,199795.0,3.13,0.93,0.0122,0.0002999999999999999
vol3,SD7037 (E),modified,199795.0,4.08,1.014,0.0139,0.0004499999999999999
vol3,SD7037 (E),modified,199795.0,5.1,1.102,0.0159,0.00040000000000000105
vol3,SD7037 (E),modified,199795.0,6.28,1.195,0.0188,0.00020000000000000052
vol3,SD7037 (E),modified,199795.0,7.17,1.26,0.0214,0.0005500000000000001
vol3,SD7037 (E),modified,199795.0,8.38,1.324,0.026,0.0009499999999999995
vol3,SD7037 (E),modified,199795.0,9.23,1.35,0.0321,0.0018499999999999992
vol3,SD7037 (E),modified,299247.0,-7.22,-0.148,0.0525,0.0026999999999999975
vol3,SD7037 (E),modified,299247.0,-6.03,0.008,0.0192,0.0011999999999999997
vol3,SD7037 (E),modified,299247.0,-5.09,0.107,0.0147,0.0008500000000000001
vol3,SD7037 (E),modified,299247.0,-4.0,0.226,0.0125,0.0003499999999999996
vol3,SD7037 (E),modified,299247.0,-3.02,0.337,0.0115,0.0004000000000000002
vol3,SD7037 (E),modified,299247.0,-1.95,0.454,0.0111,0.00014999999999999996
vol3,SD7037 (E),modified,299247.0,-0.95,0.556,0.0105,9.99999999999994e-05
vol3,SD7037 (E),modified,299247.0,0.07,0.657,0.0096,0.0004499999999999999
vol3,SD7037 (E),modified,299247.0,1.16,0.773,0.0092,0.0006500000000000004
vol3,SD7037 (E),modified,299247.0,2.16,0.864,0.0099,0.0004000000000000002
vol3,SD7037 (E),modified,299247.0,3.24,0.964,0.0115,0.0002999999999999999
vol3,SD7037 (E),modified,299247.0,4.26,1.056,0.0129,0.0002999999999999999
vol3,SD7037 (E),modified,299247.0,5.44,1.159,0.0151,0.0002999999999999999
vol3,SD7037 (E),modified,299247.0,6.14,1.213,0.0166,0.0001999999999999988
vol3,SD7037 (E),modified,299247.0,7.45,1.308,0.0199,0.00020000000000000052
vol3,SD7037 (E),modified,299247.0,8.38,1.356,0.0239,0.0013000000000000008
vol3,SD7037 (E),modified,299247.0,9.55,1.396,0.0304,0.0033500000000000023
vol3,SD7037 (E),modified,299247.0,10.41,1.422,0.0362,0.0045000000000000005
vol3,SD7037 (E),modified,299247.0,11.4,1.438,0.0462,0.00785
vol3,A18,modified,103018.0,-4.19,-0.219,0.0443,0.003799999999999998
vol3,A18,modified,103018.0,-3.65,-0.157,0.0321,0.0019500000000000003
vol3,A18,modified,103018.0,-2.28,-0.028,0.0209,0.0008500000000000001
vol3,A18,modified,103018.0,-1.26,0.081,0.0201,0.0016500000000000004
vol3,A18,modified,103018.0,-0.31,0.228,0.0181,0.0011000000000000003
vol3,A18,modified,103018.0,0.84,0.374,0.0147,0.0008500000000000001
vol3,A18,modified,103018.0,1.39,0.432,0.0149,0.0010499999999999989
vol3,A18,modified,103018.0,2.8,0.531,0.0166,0.0002499999999999985
vol3,A18,modified,103018.0,3.89,0.629,0.0189,0.00040000000000000105
vol3,A18,modified,103018.0,4.81,0.712,0.0208,0.0005500000000000001
vol3,A18,modified,103018.0,5.91,0.809,0.0235,0.00045000000000000075
vol3,A18,modified,103018.0,6.9,0.892,0.0261,0.0009499999999999995
vol3,A18,modified,103018.0,7.86,0.969,0.0289,0.0011000000000000003
vol3,A18,modified,103018.0,9.01,1.05,0.0331,0.0009500000000000029
vol3,A18,modified,103018.0,9.81,1.104,0.0362,0.0017000000000000001
vol3,A18,modified,103018.0,10.83,1.156,0.0421,0.0026499999999999996
vol3,A18,modified,199845.0,-4.42,-0.198,0.0328,0.0030999999999999986
vol3,A18,modified,199845.0,-2.77,0.016,0.015,0.001299999999999999
vol3,A18,modified,199845.0,-1.26,0.209,0.0135,0.0003499999999999996
vol3,A18,modified,199845.0,0.22,0.331,0.0153,0.0003499999999999996
vol3,A18,modified,199845.0,1.97,0.503,0.017,0.000449999999999999
vol3,A18,modified,199845.0,3.42,0.638,0.0188,0.0005999999999999998
vol3,A18,modified,199845.0,4.84,0.764,0.0211,0.0006500000000000013
vol3,A18,modified,199845.0,6.1,0.873,0.0234,0.000700000000000001
vol3,A18,modified,199845.0,8.03,1.034,0.0271,0.0010000000000000009
vol3,A18,modified,199845.0,9.42,1.14,0.0304,0.0016999999999999984
vol3,A18,modified,199845.0,10.94,1.222,0.0366,0.002999999999999999
vol3,A18,modified,199845.0,12.5,1.253,0.0524,0.008150000000000001
vol3,A18,modified,300494.0,-4.66,-0.199,0.0166,0.00145
vol3,A18,modified,300494.0,-2.88,0.032,0.0125,0.0008000000000000004
vol3,A18,modified,300494.0,-1.34,0.181,0.0136,0.0002999999999999999
vol3,A18,modified,300494.0,0.15,0.323,0.0146,0.00024999999999999935
vol3,A18,modified,300494.0,1.68,0.474,0.0156,0.0003500000000000005
vol3,A18,modified,300494.0,3.27,0.632,0.0174,0.0005000000000000004
vol3,A18,modified,300494.0,4.89,0.785,0.02,0.0006000000000000016
vol3,A18,modified,300494.0,6.6,0.934,0.0233,0.0005500000000000001
vol3,A18,modified,300494.0,7.42,1.001,0.025,0.0011000000000000003
vol3,A18,modified,300494.0,10.01,1.185,0.0334,0.0029000000000000015
vol3,A18,modified,300494.0,10.63,1.207,0.0369,0.0027500000000000024
vol3,A18,modified,298924.0,11.71,1.224,0.05,0.007950000000000002
vol3,Avistar,clean,100000.0,-3.32,-0.067,0.0207,0.0017499999999999998
vol3,Avistar,clean,100000.0,-2.33,0.037,0.0203,0.0011999999999999997
vol3,Avistar,clean,100000.0,-1.3,0.183,0.021,0.0023999999999999994
vol3,Avistar,clean,100000.0,-0.24,0.387,0.0225,0.0026999999999999993
vol3,Avistar,clean,100000.0,0.77,0.453,0.0217,0.0022000000000000006
vol3,Avistar,clean,100000.0,1.78,0.527,0.0218,0.002449999999999999
vol3,Avistar,clean,100000.0,2.9,0.612,0.0223,0.0023999999999999994
vol3,Avistar,clean,100000.0,3.81,0.683,0.0223,0.002749999999999999
vol3,Avistar,clean,100000.0,4.93,0.777,0.0227,0.00315
vol3,Avistar,clean,100000.0,5.88,0.85,0.0216,0.00145
vol3,Avistar,clean,100000.0,6.89,0.925,0.021,0.0013500000000000005
vol3,Avistar,clean,100000.0,7.91,0.97,0.0237,0.0025000000000000005
vol3,Avistar,clean,100000.0,8.94,0.987,0.0315,0.0045499999999999985
vol3,Avistar,clean,100000.0,9.9,1.008,0.0364,0.0045000000000000005
vol3,Avistar,clean,200600.0,-5.44,-0.21,0.0206,0.002
vol3,Avistar,clean,200600.0,-4.32,-0.14,0.0174,0.0013000000000000008
vol3,Avistar,clean,200600.0,-3.33,-0.047,0.0146,0.0014999999999999996
vol3,Avistar,clean,200600.0,-2.29,0.032,0.0122,0.0004499999999999999
vol3,Avistar,clean,200600.0,-1.33,0.13,0.0119,0.0004000000000000002
vol3,Avistar,clean,200600.0,-0.25,0.245,0.0115,0.0009499999999999995
vol3,Avistar,clean,200600.0,0.77,0.389,0.0124,0.0013499999999999996
vol3,Avistar,clean,200600.0,1.78,0.523,0.0125,0.0007000000000000001
vol3,Avistar,clean,200600.0,2.78,0.617,0.013,0.0005999999999999998
vol3,Avistar,clean,200600.0,3.82,0.726,0.0137,0.0004499999999999999
vol3,Avistar,clean,200600.0,4.87,0.821,0.0145,0.0007499999999999998
vol3,Avistar,clean,200600.0,5.9,0.888,0.0159,0.00185
vol3,Avistar,clean,200600.0,6.89,0.923,0.0203,0.002999999999999999
vol3,Avistar,clean,200600.0,7.89,0.95,0.0262,0.0018499999999999992
vol3,Avistar,clean,300900.0,-5.37,-0.215,0.0173,0.0008999999999999998
vol3,Avistar,clean,300900.0,-4.38,-0.154,0.0153,0.0009000000000000006
vol3,Avistar,clean,300900.0,-3.32,-0.054,0.0134,0.00115
vol3,Avistar,clean,300900.0,-2.31,0.042,0.0105,0.00145
vol3,Avistar,clean,300900.0,-1.23,0.144,0.0095,0.0009499999999999995
vol3,Avistar,clean,300900.0,-0.22,0.237,0.0098,0.0006500000000000004
vol3,Avistar,clean,300900.0,0.78,0.416,0.0108,0.0004999999999999996
vol3,Avistar,clean,300900.0,1.83,0.575,0.0112,0.0012500000000000002
vol3,Avistar,clean,300900.0,2.85,0.679,0.0111,0.0005999999999999998
vol3,Avistar,clean,300900.0,3.84,0.771,0.0116,0.0007500000000000007
vol3,Avistar,clean,300900.0,4.86,0.853,0.0127,0.0022000000000000006
vol3,Avistar,clean,300900.0,5.9,0.907,0.0169,0.002
vol3,Avistar,clean,300900.0,6.93,0.944,0.0213,0.0016499999999999987
vol3,Avistar,clean,300900.0,7.89,0.98,0.0257,0.0020999999999999994
vol3,Avistar,clean,300900.0,8.91,1.011,0.032,0.004149999999999999
vol3,Avistar,clean,402100.0,-5.42,-0.236,0.0158,0.0006500000000000004
vol3,Avistar,clean,402100.0,-4.37,-0.144,0.0138,0.0007500000000000007
vol3,Avistar,clean,402100.0,-3.35,-0.045,0.0122,0.0008500000000000001
vol3,Avistar,clean,402100.0,-2.34,0.054,0.01,0.0013500000000000005
vol3,Avistar,clean,402100.0,-1.34,0.149,0.0084,0.0003500000000000005
vol3,Avistar,clean,402100.0,-0.26,0.284,0.0087,0.0002500000000000002
vol3,Avistar,clean,402100.0,0.77,0.408,0.0096,0.0010499999999999997
vol3,Avistar,clean,402100.0,1.8,0.546,0.01,0.0009499999999999995
vol3,Avistar,clean,402100.0,2.85,0.686,0.009,0.0033
vol3,Avistar,clean,402100.0,3.87,0.784,0.0109,0.00115
vol3,Avistar,clean,402100.0,4.95,0.85,0.013,0.0018000000000000004
vol3,Avistar,clean,402100.0,5.88,0.886,0.0163,0.0023499999999999997
vol3,Avistar,clean,402100.0,6.87,0.923,0.0206,0.0016500000000000004
vol3,Avistar,clean,402100.0,7.91,0.964,0.0255,0.003250000000000001
vol3,BW-3,clean,59400.0,-2.11,-0.085,0.0747,0.0020999999999999977
vol3,BW-3,clean,59400.0,-0.45,0.156,0.0463,0.00545
vol3,BW-3,clean,59400.0,1.06,0.386,0.0337,0.002100000000000001
vol3,BW-3,clean,59400.0,2.69,0.609,0.0324,0.0031500000000000018
vol3,BW-3,clean,59400.0,4.24,0.872,0.0279,0.0026
vol3,BW-3,clean,59400.0,5.78,1.033,0.023,0.0012000000000000014
vol3,BW-3,clean,59400.0,7.32,1.141,0.0218,0.005299999999999999
vol3,BW-3,clean,59400.0,8.77,1.207,0.0325,0.002450000000000001
vol3,BW-3,clean,59400.0,10.3,1.289,0.041,0.0076999999999999985
vol3,BW-3,clean,59400.0,11.83,1.321,0.0548,0.0023
vol3,BW-3,clean,99400.0,-2.16,-0.166,0.0681,0.008250000000000004
vol3,BW-3,clean,99400.0,-0.48,0.123,0.0414,0.004
vol3,BW-3,clean,99400.0,1.18,0.456,0.0282,0.0020500000000000015
vol3,BW-3,clean,99400.0,2.71,0.699,0.0251,0.00345
vol3,BW-3,clean,99400.0,4.26,0.866,0.0203,0.0006499999999999995
vol3,BW-3,clean,99400.0,5.77,0.993,0.0181,0.0010499999999999989
vol3,BW-3,clean,99400.0,7.3,1.1,0.0214,0.0008500000000000001
vol3,BW-3,clean,99400.0,8.7,1.183,0.0296,0.0011000000000000003
vol3,BW-3,clean,99400.0,10.35,1.284,0.0423,0.00255
vol3,BW-3,clean,99400.0,11.73,1.341,0.0589,0.002400000000000003
vol3,BW-3,clean,198900.0,-2.58,-0.084,0.0575,0.006149999999999999
vol3,BW-3,clean,198900.0,-0.85,0.294,0.0317,0.001550000000000001
vol3,BW-3,clean,198900.0,0.48,0.53,0.0192,0.0017499999999999998
vol3,BW-3,clean,198900.0,2.24,0.728,0.0159,0.0002500000000000002
vol3,BW-3,clean,198900.0,3.75,0.882,0.0151,0.0003999999999999993
vol3,BW-3,clean,198900.0,5.39,1.034,0.0149,0.0002999999999999999
vol3,BW-3,clean,198900.0,6.82,1.129,0.0221,0.0005000000000000004
vol3,BW-3,clean,198900.0,8.41,1.24,0.0291,0.0008000000000000004
vol3,BW-3,clean,198900.0,9.73,1.317,0.0386,0.0009499999999999995
vol3,BW-3,clean,198900.0,11.34,1.393,0.0689,0.0022999999999999965
vol3,BW-3,clean,297600.0,-2.58,0.014,0.0515,0.0040500000000000015
vol3,BW-3,clean,297600.0,-0.98,0.35,0.0275,0.00145
vol3,BW-3,clean,297600.0,0.55,0.555,0.0182,0.0003499999999999996
vol3,BW-3,clean,297600.0,2.1,0.734,0.0141,0.00045000000000000075
vol3,BW-3,clean,297600.0,3.66,0.904,0.0129,0.0005999999999999998
vol3,BW-3,clean,297600.0,5.21,1.048,0.0149,0.0007499999999999998
vol3,BW-3,clean,297600.0,6.73,1.155,0.0203,0.0004999999999999987
vol3,BW-3,clean,297600.0,8.29,1.269,0.0264,0.0008500000000000001
vol3,BW-3,clean,297600.0,9.92,1.363,0.0391,0.0019999999999999983
vol3,BW-3,clean,297600.0,11.22,1.432,0.0703,0.0034000000000000002
vol3,BW-3,clean,397300.0,-3.16,-0.06,0.0581,0.004
vol3,BW-3,clean,397300.0,-1.41,0.312,0.0305,0.0015499999999999993
vol3,BW-3,clean,397300.0,0.3,0.546,0.018,0.0005500000000000001
vol3,BW-3,clean,397300.0,1.6,0.701,0.0136,0.0004000000000000002
vol3,BW-3,clean,397300.0,3.16,0.872,0.0121,0.00024999999999999935
vol3,BW-3,clean,397300.0,4.68,1.012,0.0134,0.0004000000000000002
vol3,BW-3,clean,397300.0,6.2,1.134,0.0185,0.0005500000000000001
vol3,BW-3,clean,397300.0,7.77,1.255,0.0233,0.0007500000000000007
vol3,BW-3,clean,397300.0,9.29,1.348,0.0309,0.0013999999999999985
vol3,BW-3,clean,397300.0,10.9,1.433,0.0586,0.001749999999999998
vol3,BW-3,modified,99700.0,-2.14,-0.153,0.0732,0.00605
vol3,BW-3,modified,99700.0,-0.46,0.182,0.04,0.001850000000000001
vol3,BW-3,modified,99700.0,1.14,0.52,0.0265,0.0006499999999999995
vol3,BW-3,modified,99700.0,2.59,0.666,0.0255,0.0008999999999999998
vol3,BW-3,modified,99700.0,4.09,0.811,0.025,0.0003999999999999993
vol3,BW-3,modified,99700.0,5.68,0.949,0.027,0.0006499999999999995
vol3,BW-3,modified,99700.0,7.19,1.071,0.0311,0.0006499999999999995
vol3,BW-3,modified,99700.0,8.76,1.191,0.0366,0.0011999999999999997
vol3,BW-3,modified,99700.0,10.29,1.293,0.0479,0.0017000000000000001
vol3,BW-3,modified,199200.0,-3.64,-0.286,0.082,0.007449999999999998
vol3,BW-3,modified,199200.0,-2.11,0.024,0.0477,0.0038000000000000013
vol3,BW-3,modified,199200.0,-0.63,0.261,0.0306,0.0029000000000000015
vol3,BW-3,modified,199200.0,1.26,0.565,0.0219,0.0012000000000000014
vol3,BW-3,modified,199200.0,2.76,0.733,0.0216,0.00020000000000000052
vol3,BW-3,modified,199200.0,4.33,0.882,0.0236,0.0006499999999999995
vol3,BW-3,modified,199200.0,5.8,1.007,0.0275,0.0009999999999999992
vol3,BW-3,modified,199200.0,7.34,1.13,0.0324,0.0006999999999999992
vol3,BW-3,modified,199200.0,8.87,1.243,0.0398,0.0013999999999999985
vol3,BW-3,modified,199200.0,10.25,1.344,0.055,0.0018499999999999975
vol3,BW-3,modified,298300.0,-3.59,-0.18,0.0704,0.006399999999999996
vol3,BW-3,modified,298300.0,-2.07,0.06,0.0484,0.00425
vol3,BW-3,modified,298300.0,-0.49,0.365,0.0297,0.0007500000000000007
vol3,BW-3,modified,298300.0,1.08,0.586,0.0196,0.0004999999999999987
vol3,BW-3,modified,298300.0,2.63,0.747,0.0202,0.0002500000000000002
vol3,BW-3,modified,298300.0,4.13,0.89,0.0221,0.0003999999999999993
vol3,BW-3,modified,298300.0,5.66,1.026,0.0256,0.0007499999999999989
vol3,BW-3,modified,298300.0,7.28,1.156,0.0314,0.001299999999999999
vol3,BW-3,modified,298300.0,8.93,1.268,0.0396,0.0015499999999999993
vol3,BW-3,modified,298300.0,10.42,1.361,0.0505,0.002850000000000002
vol3,BW-3,modified,402400.0,-3.6,-0.182,0.0687,0.006199999999999997
vol3,BW-3,modified,402400.0,-2.06,0.143,0.0441,0.0025499999999999967
vol3,BW-3,modified,397200.0,-0.52,0.409,0.0251,0.0016000000000000007
vol3,BW-3,modified,397200.0,0.92,0.597,0.0186,0.00020000000000000052
vol3,BW-3,modified,397200.0,2.5,0.765,0.0195,0.0002500000000000002
vol3,BW-3,modified,397200.0,4.33,0.941,0.0221,0.0002999999999999999
vol3,BW-3,modified,397200.0,6.0,1.087,0.0259,0.0008000000000000004
vol3,BW-3,modified,397200.0,7.64,1.209,0.0314,0.0010499999999999989
vol3,BW-3,modified,397200.0,9.42,1.318,0.0392,0.0015999999999999973
vol3,Clark-Y (B),clean,60700.0,-2.07,-0.084,0.0265,0.001299999999999999
vol3,Clark-Y (B),clean,60700.0,-0.45,0.076,0.0232,0.0009499999999999995
vol3,Clark-Y (B),clean,60700.0,1.02,0.222,0.0295,0.0026000000000000016
vol3,Clark-Y (B),clean,60700.0,2.54,0.389,0.0333,0.005000000000000001
vol3,Clark-Y (B),clean,60700.0,4.16,0.604,0.0339,0.0012499999999999976
vol3,Clark-Y (B),clean,60700.0,5.71,0.744,0.0357,0.003300000000000001
vol3,Clark-Y (B),clean,60700.0,7.19,0.884,0.0389,0.005000000000000001
vol3,Clark-Y (B),clean,60700.0,8.74,1.016,0.039,0.0019500000000000003
vol3,Clark-Y (B),clean,60700.0,10.26,1.127,0.0349,0.002349999999999998
vol3,Clark-Y (B),clean,59500.0,11.31,1.169,0.0355,0.00255
vol3,Clark-Y (B),clean,59500.0,12.8,1.221,0.0374,0.0028000000000000004
vol3,Clark-Y (B),clean,100000.0,-3.07,-0.125,0.0249,0.0013000000000000008
vol3,Clark-Y (B),clean,100000.0,-1.42,0.07,0.022,0.0009999999999999992
vol3,Clark-Y (B),clean,100000.0,0.01,0.235,0.0229,0.0009999999999999992
vol3,Clark-Y (B),clean,100000.0,1.64,0.436,0.024,0.0016000000000000007
vol3,Clark-Y (B),clean,100000.0,3.17,0.605,0.0225,0.0027999999999999987
vol3,Clark-Y (B),clean,100000.0,4.64,0.759,0.0206,0.002749999999999999
vol3,Clark-Y (B),clean,100000.0,6.2,0.907,0.0193,0.0012000000000000014
vol3,Clark-Y (B),clean,100000.0,7.72,1.033,0.0207,0.00040000000000000105
vol3,Clark-Y (B),clean,100000.0,9.29,1.152,0.0255,0.0008500000000000001
vol3,Clark-Y (B),clean,99000.0,12.3,1.299,0.0326,0.0019500000000000003
vol3,Clark-Y (B),clean,200000.0,-4.64,-0.177,0.0213,0.0007499999999999989
vol3,Clark-Y (B),clean,200000.0,-2.92,0.038,0.0156,0.0003000000000000008
vol3,Clark-Y (B),clean,200000.0,-1.57,0.166,0.0132,0.0004000000000000002
vol3,Clark-Y (B),clean,200000.0,0.1,0.338,0.0105,0.0005999999999999998
vol3,Clark-Y (B),clean,200000.0,1.74,0.526,0.0111,0.0003999999999999993
vol3,Clark-Y (B),clean,200000.0,3.11,0.654,0.0115,0.0002999999999999999
vol3,Clark-Y (B),clean,200000.0,4.76,0.81,0.0125,0.00019999999999999966
vol3,Clark-Y (B),clean,200000.0,6.24,0.944,0.0147,0.0007500000000000007
vol3,Clark-Y (B),clean,200000.0,7.78,1.073,0.017,0.0003499999999999996
vol3,Clark-Y (B),clean,200000.0,9.3,1.197,0.0192,0.000449999999999999
vol3,Clark-Y (B),clean,200000.0,10.78,1.29,0.0225,0.0011000000000000003
vol3,Clark-Y (B),clean,200000.0,12.35,1.309,0.0349,0.0038999999999999972
vol3,Clark-Y (B),clean,299800.0,-4.56,-0.111,0.0156,0.0007500000000000007
vol3,Clark-Y (B),clean,299800.0,-2.97,0.032,0.0124,0.0004999999999999996
vol3,Clark-Y (B),clean,299800.0,-1.44,0.177,0.0102,0.0004499999999999999
vol3,Clark-Y (B),clean,299800.0,0.14,0.348,0.0088,0.0008000000000000004
vol3,Clark-Y (B),clean,299800.0,1.71,0.541,0.009,0.00014999999999999996
vol3,Clark-Y (B),clean,299800.0,3.28,0.694,0.0097,0.0003000000000000008
vol3,Clark-Y (B),clean,299800.0,4.95,0.846,0.0108,0.00014999999999999996
vol3,Clark-Y (B),clean,299800.0,6.28,0.963,0.0125,0.00014999999999999996
vol3,Clark-Y (B),clean,299800.0,7.87,1.104,0.0148,0.0005500000000000001
vol3,Clark-Y (B),clean,299800.0,9.26,1.219,0.0168,0.000700000000000001
vol3,Clark-Y (B),clean,299800.0,10.77,1.304,0.0212,0.0013500000000000005
vol3,Clark-Y (B),clean,299800.0,12.32,1.334,0.0316,0.00255
vol3,Clark-Y (B),clean,399900.0,-4.7,-0.132,0.0142,0.0007499999999999998
vol3,Clark-Y (B),clean,399900.0,-3.0,0.027,0.0111,0.0007000000000000001
vol3,Clark-Y (B),clean,399900.0,-1.48,0.181,0.0095,9.99999999999994e-05
vol3,Clark-Y (B),clean,399900.0,0.1,0.337,0.0074,9.999999999999983e-05
vol3,Clark-Y (B),clean,399900.0,1.69,0.55,0.0079,0.00035000000000000005
vol3,Clark-Y (B),clean,399900.0,3.21,0.696,0.0086,0.0003500000000000005
vol3,Clark-Y (B),clean,399900.0,4.78,0.836,0.0098,0.0002999999999999999
vol3,Clark-Y (B),clean,399900.0,6.51,0.99,0.0116,0.00019999999999999966
vol3,Clark-Y (B),clean,399900.0,8.06,1.129,0.0138,0.0004499999999999999
vol3,Clark-Y (B),clean,399900.0,9.56,1.245,0.0165,0.0010000000000000009
vol3,Clark-Y (B),clean,399900.0,10.96,1.303,0.0223,0.0019500000000000003
vol3,Clark-Y (B),clean,399900.0,12.39,1.332,0.0307,0.0025499999999999984
vol3,Clark-Y (B),modified,99800.0,-3.1,-0.115,0.0253,0.002
vol3,Clark-Y (B),modified,99800.0,-1.42,0.08,0.0241,0.0009500000000000012
vol3,Clark-Y (B),modified,99800.0,0.09,0.303,0.0253,0.002
vol3,Clark-Y (B),modified,99800.0,1.67,0.53,0.0164,0.0049499999999999995
vol3,Clark-Y (B),modified,99800.0,3.18,0.643,0.0157,0.0018499999999999992
vol3,Clark-Y (B),modified,99800.0,4.77,0.739,0.0181,0.0013499999999999988
vol3,Clark-Y (B),modified,99800.0,6.29,0.842,0.0228,0.001550000000000001
vol3,Clark-Y (B),modified,99800.0,7.78,0.948,0.0279,0.0017000000000000001
vol3,Clark-Y (B),modified,99800.0,9.22,1.04,0.0321,0.002150000000000001
vol3,Clark-Y (B),modified,99600.0,10.74,1.103,0.0383,0.0026999999999999975
vol3,Clark-Y (B),modified,199900.0,-4.7,-0.179,0.0199,0.0006499999999999995
vol3,Clark-Y (B),modified,199900.0,-3.08,0.027,0.0166,0.0005999999999999998
vol3,Clark-Y (B),modified,199900.0,-1.29,0.196,0.0138,0.0033999999999999994
vol3,Clark-Y (B),modified,199900.0,0.22,0.334,0.0132,0.0007000000000000001
vol3,Clark-Y (B),modified,199900.0,1.76,0.467,0.0148,0.0007499999999999998
vol3,Clark-Y (B),modified,199900.0,3.22,0.586,0.0175,0.000449999999999999
vol3,Clark-Y (B),modified,199900.0,4.78,0.711,0.0198,0.0002500000000000002
vol3,Clark-Y (B),modified,199900.0,6.22,0.817,0.0216,0.0005000000000000004
vol3,Clark-Y (B),modified,199900.0,7.82,0.922,0.0258,0.0010000000000000009
vol3,Clark-Y (B),modified,199900.0,9.25,1.004,0.0319,0.0017000000000000019
vol3,Clark-Y (B),modified,199900.0,10.86,1.065,0.0437,0.004400000000000001
vol3,Clark-Y (B),modified,300100.0,-4.53,-0.109,0.0153,0.0004999999999999996
vol3,Clark-Y (B),modified,300100.0,-3.05,0.027,0.0138,0.0033
vol3,Clark-Y (B),modified,300100.0,-1.43,0.164,0.0132,0.0004999999999999996
vol3,Clark-Y (B),modified,300100.0,0.2,0.329,0.0136,0.00014999999999999996
vol3,Clark-Y (B),modified,300100.0,1.81,0.47,0.0154,0.0003499999999999996
vol3,Clark-Y (B),modified,300100.0,3.36,0.608,0.0172,0.0002999999999999999
vol3,Clark-Y (B),modified,300100.0,4.81,0.729,0.019,0.0005500000000000001
vol3,Clark-Y (B),modified,300100.0,6.14,0.832,0.021,0.0005999999999999998
vol3,Clark-Y (B),modified,300100.0,7.85,0.953,0.025,0.0010499999999999989
vol3,Clark-Y (B),modified,300100.0,9.17,1.025,0.0294,0.0020499999999999997
vol3,Clark-Y (B),modified,300100.0,10.77,1.084,0.0394,0.0040999999999999995
vol3,Clark-Y (B),modified,400700.0,-4.6,-0.124,0.0139,0.0005000000000000004
vol3,Clark-Y (B),modified,400700.0,-3.03,0.013,0.013,0.0002500000000000002
vol3,Clark-Y (B),modified,400700.0,-1.49,0.151,0.013,0.00019999999999999966
vol3,Clark-Y (B),modified,400700.0,0.1,0.304,0.0136,0.0004000000000000002
vol3,Clark-Y (B),modified,400700.0,1.65,0.45,0.015,0.00010000000000000026
vol3,Clark-Y (B),modified,400700.0,3.25,0.598,0.0165,0.0002999999999999999
vol3,Clark-Y (B),modified,400700.0,4.9,0.739,0.0184,0.0006499999999999995
vol3,Clark-Y (B),modified,400700.0,6.47,0.862,0.0209,0.0006499999999999995
vol3,Clark-Y (B),modified,400700.0,7.92,0.958,0.0244,0.0008999999999999998
vol3,Clark-Y (B),modified,400700.0,9.21,1.022,0.0295,0.001749999999999998
vol3,Clark-Y (B),modified,400700.0,10.82,1.081,0.0406,0.004299999999999998
vol3,DH4009,clean,100000.0,-3.66,-0.339,0.0162,0.0006500000000000013
vol3,DH4009,clean,100000.0,-2.62,-0.295,0.0129,0.0005999999999999998
vol3,DH4009,clean,100000.0,-1.59,-0.085,0.0155,0.0016999999999999993
vol3,DH4009,clean,100000.0,-0.53,0.046,0.0122,0.0029
vol3,DH4009,clean,100000.0,0.43,0.051,0.0139,0.0046
vol3,DH4009,clean,100000.0,1.47,0.174,0.0138,0.0011999999999999997
vol3,DH4009,clean,100000.0,2.88,0.356,0.0121,0.0005500000000000001
vol3,DH4009,clean,100000.0,3.51,0.389,0.0159,0.0006000000000000007
vol3,DH4009,clean,100000.0,4.54,0.462,0.0217,0.002
vol3,DH4009,clean,100000.0,5.58,0.549,0.0293,0.0013500000000000005
vol3,DH4009,clean,100000.0,6.6,0.636,0.0424,0.0026499999999999996
vol3,DH4009,clean,100000.0,7.61,0.717,0.0637,0.0034999999999999996
vol3,DH4009,clean,100000.0,8.68,0.784,0.1076,0.0049999999999999975
vol3,DH4009,clean,100000.0,10.16,0.821,0.1478,0.014399999999999996
vol3,DH4009,clean,200800.0,-3.65,-0.352,0.0149,0.0003999999999999993
vol3,DH4009,clean,200800.0,-2.63,-0.278,0.0119,0.0007500000000000007
vol3,DH4009,clean,200800.0,-1.56,-0.193,0.0112,0.0015999999999999999
vol3,DH4009,clean,200800.0,-0.6,-0.063,0.0107,0.0011999999999999997
vol3,DH4009,clean,200800.0,0.43,0.063,0.0095,0.0015500000000000002
vol3,DH4009,clean,200800.0,1.46,0.187,0.0089,0.0015999999999999999
vol3,DH4009,clean,200800.0,2.49,0.317,0.009,0.00014999999999999996
vol3,DH4009,clean,200800.0,3.52,0.386,0.0138,0.0005500000000000001
vol3,DH4009,clean,200800.0,4.55,0.465,0.0176,0.0005999999999999998
vol3,DH4009,clean,200800.0,5.56,0.548,0.0246,0.000700000000000001
vol3,DH4009,clean,200800.0,6.57,0.646,0.0415,0.001899999999999999
vol3,DH4009,clean,200800.0,7.65,0.737,0.0715,0.0029
vol3,DH4009,clean,200800.0,8.61,0.799,0.1097,0.006649999999999996
vol3,DH4009,clean,301500.0,-3.65,-0.362,0.0139,0.0004499999999999999
vol3,DH4009,clean,301500.0,-2.61,-0.271,0.012,0.00145
vol3,DH4009,clean,301500.0,-1.6,-0.149,0.0087,0.0007499999999999998
vol3,DH4009,clean,301500.0,-0.58,-0.035,0.0083,0.0004999999999999996
vol3,DH4009,clean,301500.0,1.2,0.125,0.0075,0.0006000000000000003
vol3,DH4009,clean,301500.0,1.58,0.163,0.0078,0.0005500000000000001
vol3,DH4009,clean,301500.0,2.53,0.309,0.0086,0.0021
vol3,DH4009,clean,301500.0,3.57,0.412,0.0135,0.0002999999999999999
vol3,DH4009,clean,301500.0,4.55,0.49,0.0169,0.000700000000000001
vol3,DH4009,clean,301500.0,5.63,0.584,0.0272,0.0017000000000000001
vol3,DH4009,clean,301500.0,6.6,0.668,0.0439,0.0011000000000000003
vol3,DH4009,clean,401700.0,-3.71,-0.379,0.0138,0.0002999999999999999
vol3,DH4009,clean,401700.0,-2.66,-0.266,0.0104,0.0008000000000000004
vol3,DH4009,clean,401700.0,-1.62,-0.149,0.0067,0.0007999999999999999
vol3,DH4009,clean,401700.0,-0.58,-0.039,0.0067,0.0004499999999999999
vol3,DH4009,clean,401700.0,0.42,0.049,0.0068,0.0009500000000000003
vol3,DH4009,clean,401700.0,1.56,0.186,0.0065,0.00039999999999999975
vol3,DH4009,clean,401700.0,2.52,0.289,0.0078,0.00185
vol3,DH4009,clean,401700.0,3.53,0.4,0.0115,0.00275
vol3,DH4009,clean,401700.0,4.54,0.497,0.0155,0.0005000000000000004
vol3,DH4009,clean,401700.0,5.61,0.592,0.0266,0.0017999999999999995
vol3,DH4009,clean,501500.0,-3.81,-0.387,0.0148,0.0011999999999999997
vol3,DH4009,clean,501500.0,-2.71,-0.25,0.0106,0.0011000000000000003
vol3,DH4009,clean,501500.0,-1.69,-0.146,0.0064,0.0008999999999999998
vol3,DH4009,clean,501500.0,-0.58,-0.034,0.006,0.0005
vol3,DH4009,clean,501500.0,0.45,0.068,0.006,0.0004500000000000003
vol3,DH4009,clean,501500.0,1.5,0.175,0.0063,0.0004499999999999999
vol3,DH4009,clean,501500.0,2.54,0.279,0.007,0.0006999999999999997
vol3,DH4009,clean,501500.0,3.53,0.38,0.0109,0.0002999999999999999
vol3,DH4009,clean,501500.0,4.54,0.486,0.0132,0.0004000000000000002
vol3,DH4009,clean,501500.0,5.59,0.578,0.021,0.0014000000000000002
vol3,DH4009,clean,501500.0,6.62,0.659,0.0386,0.0011999999999999997
vol3,E231,clean,60900.0,-2.51,-0.223,0.0197,0.0026500000000000013
vol3,E231,clean,60900.0,-1.44,-0.124,0.0204,0.0017999999999999995
vol3,E231,clean,60900.0,-0.44,-0.021,0.023,0.0011500000000000017
vol3,E231,clean,60900.0,0.59,0.071,0.0275,0.0018499999999999992
vol3,E231,clean,60900.0,1.61,0.141,0.031,0.006500000000000001
vol3,E231,clean,60900.0,2.62,0.214,0.0391,0.001800000000000003
vol3,E231,clean,60900.0,3.67,0.282,0.0437,0.0029500000000000012
vol3,E231,clean,60900.0,4.67,0.365,0.0499,0.0009499999999999995
vol3,E231,clean,60900.0,5.75,0.504,0.0515,0.001400000000000002
vol3,E231,clean,60900.0,6.75,0.734,0.0362,0.00655
vol3,E231,clean,60900.0,7.81,0.84,0.0318,0.006799999999999999
vol3,E231,clean,60900.0,8.79,0.901,0.0333,0.0081
vol3,E231,clean,60900.0,9.82,0.953,0.0394,0.0034000000000000002
vol3,E231,clean,60900.0,10.81,0.992,0.0442,0.00485
vol3,E231,clean,60900.0,11.86,1.027,0.0539,0.003700000000000002
vol3,E231,clean,60800.0,-4.57,-0.452,0.0276,0.002150000000000001
vol3,E231,clean,60800.0,-3.53,-0.363,0.0219,0.0027500000000000007
vol3,E231,clean,99900.0,-2.5,-0.21,0.0188,0.0007499999999999989
vol3,E231,clean,99900.0,-1.44,-0.024,0.0219,0.0010499999999999989
vol3,E231,clean,99900.0,-0.36,0.067,0.0225,0.0005999999999999998
vol3,E231,clean,99900.0,0.65,0.12,0.0253,0.0008500000000000001
vol3,E231,clean,99900.0,1.66,0.185,0.0293,0.0008500000000000001
vol3,E231,clean,99900.0,2.62,0.26,0.0331,0.0011999999999999997
vol3,E231,clean,99900.0,3.7,0.38,0.0367,0.001349999999999997
vol3,E231,clean,99900.0,4.77,0.608,0.0302,0.0005000000000000004
vol3,E231,clean,99900.0,5.73,0.734,0.0231,0.0006499999999999995
vol3,E231,clean,99900.0,6.78,0.839,0.0189,0.0002500000000000002
vol3,E231,clean,99900.0,7.82,0.929,0.0198,0.0010500000000000006
vol3,E231,clean,99900.0,8.82,0.994,0.0242,0.0026
vol3,E231,clean,99900.0,9.87,1.04,0.0303,0.00145
vol3,E231,clean,99900.0,10.83,1.08,0.0359,0.0021500000000000026
vol3,E231,clean,101900.0,-4.54,-0.371,0.0264,0.0012499999999999994
vol3,E231,clean,101900.0,-3.53,-0.283,0.0219,0.0008500000000000001
vol3,E231,clean,200600.0,-4.56,-0.238,0.0195,0.000700000000000001
vol3,E231,clean,200600.0,-3.48,-0.159,0.0175,0.0006500000000000013
vol3,E231,clean,200600.0,-2.35,-0.095,0.0148,0.0002999999999999999
vol3,E231,clean,200600.0,-1.38,-0.021,0.0163,0.0011000000000000003
vol3,E231,clean,200600.0,-0.29,0.153,0.0185,0.0022500000000000003
vol3,E231,clean,200600.0,0.61,0.306,0.0149,0.00185
vol3,E231,clean,200600.0,1.78,0.425,0.016,0.0003499999999999996
vol3,E231,clean,200600.0,2.73,0.506,0.0155,0.0004000000000000002
vol3,E231,clean,200600.0,3.69,0.59,0.0147,0.0005000000000000004
vol3,E231,clean,200600.0,4.72,0.703,0.0131,0.0004999999999999996
vol3,E231,clean,200600.0,5.75,0.795,0.0124,0.0003499999999999996
vol3,E231,clean,200600.0,6.82,0.882,0.0135,0.0003500000000000005
vol3,E231,clean,200600.0,7.84,0.943,0.0163,0.000449999999999999
vol3,E231,clean,200600.0,8.85,0.999,0.0204,0.0007500000000000007
vol3,E231,clean,200600.0,9.83,1.052,0.0244,0.00115
vol3,E231,clean,200600.0,10.84,1.099,0.0294,0.00145
vol3,E231,clean,301000.0,-4.57,-0.284,0.0168,0.0005000000000000004
vol3,E231,clean,301000.0,-3.39,-0.177,0.015,0.0004000000000000002
vol3,E231,clean,301000.0,-2.26,-0.09,0.012,0.0002999999999999999
vol3,E231,clean,301000.0,-1.51,-0.039,0.0113,0.00019999999999999966
vol3,E231,clean,301000.0,-0.44,0.05,0.0123,0.0011999999999999997
vol3,E231,clean,301000.0,0.57,0.16,0.0112,0.0006499999999999995
vol3,E231,clean,301000.0,1.72,0.382,0.0117,0.0017999999999999995
vol3,E231,clean,301000.0,2.78,0.518,0.0108,0.0020499999999999997
vol3,E231,clean,301000.0,3.75,0.627,0.0102,0.0007000000000000001
vol3,E231,clean,301000.0,4.72,0.723,0.01,0.0005000000000000004
vol3,E231,clean,301000.0,5.74,0.82,0.0106,0.0002999999999999999
vol3,E231,clean,301000.0,6.83,0.902,0.0126,0.0005500000000000001
vol3,E231,clean,301000.0,7.85,0.954,0.0151,0.0006500000000000004
vol3,E231,clean,301000.0,8.86,1.019,0.018,0.0008000000000000004
vol3,E231,clean,301000.0,9.83,1.08,0.0216,0.0010499999999999989
vol3,E231,clean,301000.0,10.85,1.13,0.0262,0.004149999999999999
vol3,E231,clean,400400.0,-4.53,-0.302,0.0146,0.0004000000000000002
vol3,E231,clean,400400.0,-3.48,-0.203,0.0133,0.0004999999999999996
vol3,E231,clean,400400.0,-2.47,-0.11,0.0113,0.00014999999999999996
vol3,E231,clean,400400.0,-1.44,-0.034,0.0089,0.00019999999999999966
vol3,E231,clean,400400.0,-0.34,0.064,0.0094,0.0005000000000000004
vol3,E231,clean,400400.0,0.64,0.182,0.0097,0.0011000000000000003
vol3,E231,clean,400400.0,1.69,0.314,0.0088,0.0021499999999999996
vol3,E231,clean,400400.0,2.66,0.439,0.0084,0.0016499999999999996
vol3,E231,clean,400400.0,3.75,0.589,0.0093,0.0017499999999999998
vol3,E231,clean,400400.0,4.78,0.724,0.0085,0.0028
vol3,E231,clean,400400.0,5.83,0.835,0.0094,0.0017499999999999998
vol3,E231,clean,400400.0,6.8,0.905,0.012,0.0003499999999999996
vol3,E231,clean,400400.0,7.8,0.945,0.0143,0.0007000000000000001
vol3,E231,clean,400400.0,8.83,1.013,0.0169,0.0008000000000000004
vol3,E231,clean,400400.0,9.86,1.085,0.02,0.0018499999999999992
vol3,E231,clean,400400.0,10.86,1.128,0.0243,0.005149999999999998
vol3,E374 (B),clean,60200.0,-5.46,-0.382,0.0225,0.0020499999999999997
vol3,E374 (B),clean,60200.0,-4.38,-0.334,0.0168,0.0012500000000000002
vol3,E374 (B),clean,60200.0,-3.19,-0.258,0.0216,0.0097
vol3,E374 (B),clean,60200.0,-2.17,-0.151,0.0226,0.0014999999999999996
vol3,E374 (B),clean,60200.0,-1.11,0.001,0.0228,0.00375
vol3,E374 (B),clean,60200.0,-0.26,0.122,0.0282,0.002449999999999999
vol3,E374 (B),clean,60200.0,0.94,0.213,0.0337,0.0005000000000000004
vol3,E374 (B),clean,60200.0,1.96,0.284,0.0363,0.0040999999999999995
vol3,E374 (B),clean,60200.0,2.98,0.344,0.0423,0.004650000000000001
vol3,E374 (B),clean,60200.0,4.01,0.432,0.0466,0.002450000000000001
vol3,E374 (B),clean,60200.0,5.06,0.619,0.0472,0.002850000000000002
vol3,E374 (B),clean,60200.0,6.12,0.771,0.0392,0.00595
vol3,E374 (B),clean,60200.0,7.14,0.877,0.0278,0.007350000000000001
vol3,E374 (B),clean,60200.0,8.13,0.928,0.0346,0.004000000000000002
vol3,E374 (B),clean,60200.0,9.14,0.973,0.0459,0.003700000000000002
vol3,E374 (B),clean,60200.0,9.97,1.015,0.0536,0.00485
vol3,E374 (B),clean,100100.0,-5.62,-0.416,0.0236,0.0011000000000000003
vol3,E374 (B),clean,100100.0,-4.04,-0.269,0.0182,0.0029499999999999995
vol3,E374 (B),clean,100100.0,-3.0,-0.114,0.0156,0.0017000000000000001
vol3,E374 (B),clean,100100.0,-2.38,-0.02,0.0153,0.0019000000000000006
vol3,E374 (B),clean,100100.0,-1.34,0.123,0.0181,0.0022000000000000006
vol3,E374 (B),clean,100100.0,-0.28,0.236,0.0198,0.0013500000000000005
vol3,E374 (B),clean,100100.0,0.71,0.307,0.0234,0.001550000000000001
vol3,E374 (B),clean,100100.0,1.71,0.374,0.0263,0.0017499999999999998
vol3,E374 (B),clean,100100.0,2.74,0.44,0.0289,0.0016000000000000007
vol3,E374 (B),clean,100100.0,3.78,0.529,0.0296,0.002049999999999998
vol3,E374 (B),clean,100100.0,4.81,0.634,0.0239,0.0009499999999999995
vol3,E374 (B),clean,100100.0,5.83,0.74,0.0196,0.0016500000000000004
vol3,E374 (B),clean,100100.0,6.88,0.846,0.0184,0.0019500000000000003
vol3,E374 (B),clean,100100.0,7.86,0.902,0.0247,0.0012500000000000011
vol3,E374 (B),clean,100100.0,8.91,0.947,0.0344,0.0011499999999999982
vol3,E374 (B),clean,100100.0,9.93,0.986,0.0456,0.0009000000000000015
vol3,E374 (B),clean,200500.0,-5.18,-0.301,0.0174,0.002149999999999999
vol3,E374 (B),clean,200500.0,-3.8,-0.152,0.0119,0.0014999999999999996
vol3,E374 (B),clean,200500.0,-3.5,-0.127,0.0115,0.0012499999999999994
vol3,E374 (B),clean,200500.0,-2.47,-0.05,0.0103,0.0003499999999999996
vol3,E374 (B),clean,200500.0,-1.51,0.036,0.0105,0.0005999999999999998
vol3,E374 (B),clean,200500.0,0.48,0.293,0.0112,0.0002999999999999999
vol3,E374 (B),clean,200500.0,0.6,0.304,0.0112,0.0002999999999999999
vol3,E374 (B),clean,200500.0,2.44,0.471,0.0121,0.00019999999999999966
vol3,E374 (B),clean,200500.0,2.71,0.508,0.0124,0.00019999999999999966
vol3,E374 (B),clean,200500.0,3.74,0.604,0.0128,0.00024999999999999935
vol3,E374 (B),clean,200500.0,4.75,0.736,0.0127,0.0002500000000000002
vol3,E374 (B),clean,200500.0,5.76,0.841,0.0127,0.0005000000000000004
vol3,E374 (B),clean,200500.0,6.82,0.93,0.0154,0.001
vol3,E374 (B),clean,200500.0,8.38,0.996,0.0263,0.00145
vol3,E374 (B),clean,200500.0,8.85,1.016,0.0292,0.0010499999999999989
vol3,E374 (B),clean,200500.0,9.87,1.05,0.0371,0.002100000000000001
vol3,E374 (B),clean,301200.0,-6.4,-0.47,0.0275,0.0016499999999999987
vol3,E374 (B),clean,301200.0,-5.42,-0.347,0.0183,0.0011000000000000003
vol3,E374 (B),clean,301200.0,-4.4,-0.242,0.0138,0.0007000000000000001
vol3,E374 (B),clean,301200.0,-3.42,-0.163,0.0113,0.0003499999999999996
vol3,E374 (B),clean,301200.0,-2.36,-0.071,0.0094,0.00020000000000000052
vol3,E374 (B),clean,301200.0,-1.35,0.012,0.0085,0.0002500000000000002
vol3,E374 (B),clean,301200.0,-0.4,0.094,0.0089,0.0005000000000000004
vol3,E374 (B),clean,301200.0,0.71,0.232,0.0091,0.0010499999999999997
vol3,E374 (B),clean,301200.0,1.74,0.396,0.0095,0.0002500000000000002
vol3,E374 (B),clean,301200.0,2.79,0.502,0.01,0.00010000000000000026
vol3,E374 (B),clean,301200.0,3.81,0.608,0.0103,0.00014999999999999996
vol3,E374 (B),clean,301200.0,4.84,0.715,0.0105,0.0002999999999999999
vol3,E374 (B),clean,301200.0,5.87,0.818,0.011,0.0003500000000000005
vol3,E374 (B),clean,301200.0,6.91,0.9,0.0144,0.0016000000000000007
vol3,E374 (B),clean,301200.0,7.92,0.947,0.0202,0.0010499999999999989
vol3,E374 (B),clean,301200.0,8.94,0.996,0.0252,0.001550000000000001
vol3,E374 (B),clean,301200.0,9.95,1.035,0.0323,0.002400000000000001
vol3,E387 (C),clean,59885.0,-4.13,-0.179,0.0331,0.001850000000000001
vol3,E387 (C),clean,59885.0,-3.05,-0.084,0.0261,0.004
vol3,E387 (C),clean,59885.0,-2.08,0.053,0.0219,0.0022500000000000003
vol3,E387 (C),clean,59885.0,-1.0,0.176,0.0221,0.0060999999999999995
vol3,E387 (C),clean,59885.0,-0.02,0.27,0.0256,0.005300000000000001
vol3,E387 (C),clean,59885.0,1.0,0.398,0.0302,0.0010499999999999989
vol3,E387 (C),clean,59885.0,2.05,0.462,0.0346,0.0022000000000000006
vol3,E387 (C),clean,59885.0,3.07,0.521,0.04,0.002999999999999999
vol3,E387 (C),clean,59885.0,4.09,0.571,0.0501,0.0010499999999999989
vol3,E387 (C),clean,59885.0,5.07,0.637,0.0563,0.0023500000000000014
vol3,E387 (C),clean,59885.0,6.2,0.708,0.0717,0.005049999999999999
vol3,E387 (C),clean,59885.0,7.11,0.76,0.0844,0.0018499999999999975
vol3,E387 (C),clean,59885.0,8.29,1.064,0.0356,0.00255
vol3,E387 (C),clean,59885.0,9.17,1.159,0.0299,0.0020000000000000018
vol3,E387 (C),clean,59885.0,10.29,1.185,0.0374,0.0041499999999999974
vol3,E387 (C),clean,59885.0,11.27,1.206,0.0486,0.0011499999999999982
vol3,E387 (C),clean,99744.0,-4.08,-0.119,0.0306,0.002150000000000001
vol3,E387 (C),clean,99744.0,-3.05,0.025,0.0211,0.0012500000000000011
vol3,E387 (C),clean,99744.0,-2.04,0.16,0.0176,0.0017499999999999998
vol3,E387 (C),clean,99744.0,-0.95,0.267,0.0164,0.002000000000000001
vol3,E387 (C),clean,99744.0,0.05,0.356,0.019,0.0013000000000000008
vol3,E387 (C),clean,99744.0,1.04,0.45,0.0214,0.00115
vol3,E387 (C),clean,99744.0,2.19,0.547,0.0241,0.0023
vol3,E387 (C),clean,99744.0,3.06,0.625,0.0275,0.0019500000000000003
vol3,E387 (C),clean,99744.0,4.12,0.728,0.0282,0.0016499999999999987
vol3,E387 (C),clean,99744.0,5.16,0.837,0.0264,0.0014000000000000002
vol3,E387 (C),clean,99744.0,6.16,0.937,0.0227,0.002150000000000001
vol3,E387 (C),clean,99744.0,7.15,1.038,0.0211,0.0012499999999999994
vol3,E387 (C),clean,99744.0,8.22,1.133,0.0202,0.00145
vol3,E387 (C),clean,99744.0,9.24,1.179,0.0258,0.0005500000000000001
vol3,E387 (C),clean,99744.0,10.27,1.193,0.0359,0.0011999999999999997
vol3,E387 (C),clean,199604.0,-3.99,-0.046,0.0202,0.0008500000000000001
vol3,E387 (C),clean,199604.0,-2.81,0.066,0.0145,0.0007000000000000001
vol3,E387 (C),clean,199604.0,-1.93,0.148,0.0126,0.0003499999999999996
vol3,E387 (C),clean,199604.0,-0.92,0.245,0.0101,0.0005999999999999998
vol3,E387 (C),clean,199604.0,0.06,0.344,0.0106,0.00020000000000000052
vol3,E387 (C),clean,199604.0,1.17,0.462,0.0116,0.0002500000000000002
vol3,E387 (C),clean,199604.0,2.1,0.562,0.0124,0.00014999999999999996
vol3,E387 (C),clean,199604.0,3.1,0.671,0.0134,0.00014999999999999996
vol3,E387 (C),clean,199604.0,4.15,0.779,0.0141,0.00010000000000000026
vol3,E387 (C),clean,199604.0,5.3,0.899,0.0146,0.0003999999999999993
vol3,E387 (C),clean,199604.0,6.17,0.984,0.0147,0.0004000000000000002
vol3,E387 (C),clean,199604.0,7.32,1.099,0.015,0.0002999999999999999
vol3,E387 (C),clean,199604.0,8.32,1.172,0.0179,0.0002999999999999999
vol3,E387 (C),clean,199604.0,9.27,1.202,0.0262,0.0005999999999999998
vol3,E387 (C),clean,199604.0,10.26,1.216,0.0341,0.0007999999999999986
vol3,E387 (C),clean,299856.0,-4.11,-0.075,0.0208,0.0007499999999999989
vol3,E387 (C),clean,299856.0,-3.08,0.028,0.014,0.0004499999999999999
vol3,E387 (C),clean,299856.0,-2.04,0.138,0.0114,0.0004000000000000002
vol3,E387 (C),clean,299856.0,-0.99,0.249,0.0095,0.0002999999999999999
vol3,E387 (C),clean,299856.0,0.11,0.36,0.0086,0.0002999999999999999
vol3,E387 (C),clean,299856.0,1.02,0.465,0.0091,0.00014999999999999996
vol3,E387 (C),clean,299856.0,2.1,0.58,0.0097,0.00020000000000000052
vol3,E387 (C),clean,299856.0,3.11,0.689,0.0105,0.0002500000000000002
vol3,E387 (C),clean,299856.0,4.19,0.803,0.0111,0.00019999999999999966
vol3,E387 (C),clean,299856.0,5.13,0.907,0.0115,0.0004000000000000002
vol3,E387 (C),clean,299856.0,6.23,1.023,0.0119,0.00045000000000000075
vol3,E387 (C),clean,299856.0,7.33,1.131,0.013,0.0002999999999999999
vol3,E387 (C),clean,299856.0,8.34,1.198,0.0176,0.0001499999999999991
vol3,E387 (C),clean,299856.0,9.32,1.233,0.0248,0.00020000000000000052
vol3,E387 (C),clean,299856.0,10.32,1.251,0.0319,0.001299999999999999
vol3,E387 (C),clean,458992.0,-4.1,-0.078,0.0189,0.0013500000000000005
vol3,E387 (C),clean,458992.0,-3.08,0.026,0.0124,0.0003499999999999996
vol3,E387 (C),clean,458992.0,-2.03,0.139,0.0102,0.0002500000000000002
vol3,E387 (C),clean,458992.0,-1.04,0.248,0.0089,0.00014999999999999996
vol3,E387 (C),clean,458992.0,0.02,0.356,0.0072,0.0002000000000000001
vol3,E387 (C),clean,458992.0,1.16,0.485,0.0075,0.00014999999999999996
vol3,E387 (C),clean,458992.0,2.03,0.578,0.0079,0.00014999999999999996
vol3,E387 (C),clean,458992.0,3.36,0.728,0.0087,0.00014999999999999996
vol3,E387 (C),clean,458992.0,4.1,0.808,0.0092,0.0002500000000000002
vol3,E387 (C),clean,458992.0,5.09,0.917,0.0097,0.0002999999999999999
vol3,E387 (C),clean,458992.0,6.42,1.055,0.0105,0.00010000000000000026
vol3,E387 (C),clean,458992.0,7.27,1.129,0.0128,0.0003499999999999996
vol3,E387 (C),clean,458992.0,8.3,1.196,0.0176,0.00020000000000000052
vol3,E387 (C),clean,458992.0,9.36,1.25,0.0229,0.00045000000000000075
vol3,E387 (C),clean,458992.0,10.47,1.277,0.0287,0.0019500000000000003
vol3,E387 (D),clean,59507.0,-4.25,-0.282,0.0556,0.0
vol3,E387 (D),clean,59507.0,-3.19,-0.178,0.0379,0.0
vol3,E387 (D),clean,59507.0,-2.09,-0.046,0.0278,0.0
vol3,E387 (D),clean,59507.0,-1.31,0.07,0.0247,0.0
vol3,E387 (D),clean,59507.0,-0.12,0.226,0.0248,0.0
vol3,E387 (D),clean,59507.0,0.95,0.356,0.0283,0.0
vol3,E387 (D),clean,59507.0,1.97,0.45,0.0331,0.0
vol3,E387 (D),clean,59507.0,3.11,0.532,0.0383,0.0
vol3,E387 (D),clean,59507.0,3.97,0.598,0.0423,0.0
vol3,E387 (D),clean,59507.0,5.02,0.663,0.0496,0.0
vol3,E387 (D),clean,59507.0,5.93,0.75,0.0504,0.0
vol3,E387 (D),clean,59507.0,6.85,0.937,0.0419,0.0
vol3,E387 (D),clean,59507.0,7.7,1.038,0.0353,0.0
vol3,E387 (D),clean,59507.0,9.09,1.161,0.0281,0.0
vol3,E387 (D),clean,59507.0,10.02,1.189,0.0374,0.0
vol3,E387 (D),clean,59507.0,10.94,1.213,0.0489,0.0
vol3,E472,clean,100300.0,-2.95,-0.301,0.0177,0.00115
vol3,E472,clean,100300.0,-1.94,-0.209,0.0168,0.0011000000000000003
vol3,E472,clean,100300.0,-0.9,-0.119,0.0141,0.0026000000000000007
vol3,E472,clean,100300.0,0.16,0.047,0.0122,0.0029500000000000004
vol3,E472,clean,100300.0,1.16,0.184,0.0146,0.0017000000000000001
vol3,E472,clean,100300.0,2.21,0.278,0.0166,0.0012500000000000011
vol3,E472,clean,100300.0,3.22,0.374,0.0187,0.0008999999999999998
vol3,E472,clean,100300.0,4.24,0.465,0.0207,0.00145
vol3,E472,clean,100300.0,5.29,0.558,0.024,0.0012499999999999994
vol3,E472,clean,100300.0,6.28,0.639,0.0313,0.0009499999999999995
vol3,E472,clean,100300.0,7.33,0.733,0.038,0.00255
vol3,E472,clean,100300.0,8.34,0.73,0.1006,0.02685
vol3,E472,clean,100300.0,9.3,0.687,0.1452,0.016199999999999992
vol3,E472,clean,100300.0,10.32,0.667,0.164,0.006500000000000006
vol3,E472,clean,200100.0,-2.94,-0.335,0.0138,0.0006500000000000004
vol3,E472,clean,200100.0,-1.9,-0.198,0.013,0.0037500000000000007
vol3,E472,clean,200100.0,-0.9,-0.064,0.0109,0.0017500000000000007
vol3,E472,clean,200100.0,0.14,0.032,0.0102,0.0002999999999999999
vol3,E472,clean,200100.0,1.15,0.118,0.0117,0.0029500000000000004
vol3,E472,clean,200100.0,2.2,0.257,0.0132,0.0015999999999999999
vol3,E472,clean,200100.0,3.22,0.367,0.0143,0.0004000000000000002
vol3,E472,clean,200100.0,4.26,0.466,0.0156,0.00020000000000000052
vol3,E472,clean,200100.0,5.27,0.561,0.0176,0.0005500000000000001
vol3,E472,clean,200100.0,6.27,0.656,0.0196,0.000449999999999999
vol3,E472,clean,200100.0,7.31,0.748,0.0221,0.0005999999999999998
vol3,E472,clean,200100.0,8.35,0.842,0.0245,0.0008999999999999998
vol3,E472,clean,200100.0,9.35,0.929,0.0273,0.0008999999999999998
vol3,E472,clean,200100.0,10.4,1.013,0.0307,0.0012499999999999976
vol3,E472,clean,200100.0,11.42,1.084,0.0345,0.0016499999999999987
vol3,E472,clean,200100.0,12.26,0.671,0.1673,0.009800000000000003
vol3,E472,clean,300900.0,-2.89,-0.333,0.012,0.0008000000000000004
vol3,E472,clean,300900.0,-1.88,-0.179,0.0112,0.0006500000000000004
vol3,E472,clean,300900.0,-0.85,-0.058,0.0103,0.0002999999999999999
vol3,E472,clean,300900.0,0.21,0.036,0.0106,0.0003499999999999996
vol3,E472,clean,300900.0,1.15,0.121,0.0102,0.0004000000000000002
vol3,E472,clean,300900.0,2.19,0.247,0.0109,0.0008999999999999998
vol3,E472,clean,300900.0,3.24,0.384,0.0121,0.00014999999999999996
vol3,E472,clean,300900.0,4.33,0.486,0.0131,0.0002999999999999999
vol3,E472,clean,300900.0,5.26,0.573,0.0143,0.00020000000000000052
vol3,E472,clean,300900.0,6.29,0.669,0.0155,0.0004000000000000002
vol3,E472,clean,300900.0,7.34,0.769,0.0169,0.0003999999999999993
vol3,E472,clean,300900.0,8.37,0.867,0.0181,0.0004999999999999987
vol3,E472,clean,300900.0,9.47,0.969,0.0198,0.0005999999999999998
vol3,E472,clean,300900.0,10.58,1.067,0.0224,0.0010500000000000006
vol3,E472,clean,300900.0,11.44,1.135,0.0254,0.0013500000000000005
vol3,E472,clean,300900.0,12.47,1.202,0.0294,0.0013500000000000005
vol3,E472,clean,298100.0,13.71,1.245,0.0339,0.0023000000000000017
vol3,E472,clean,298100.0,14.42,1.257,0.0409,0.004550000000000002
vol3,E472,clean,401000.0,-2.9,-0.304,0.0105,0.0013
vol3,E472,clean,401000.0,-2.02,-0.185,0.0098,0.0002500000000000002
vol3,E472,clean,401000.0,-0.81,-0.059,0.0101,0.0003499999999999996
vol3,E472,clean,401000.0,0.18,0.036,0.0104,0.0002500000000000002
vol3,E472,clean,401000.0,1.15,0.133,0.0102,0.0004000000000000002
vol3,E472,clean,401000.0,2.19,0.234,0.0098,0.0002500000000000002
vol3,E472,clean,401000.0,3.25,0.372,0.0105,0.0009500000000000003
vol3,E472,clean,401000.0,4.25,0.484,0.0115,0.00020000000000000052
vol3,E472,clean,401000.0,5.28,0.582,0.0125,0.00014999999999999996
vol3,E472,clean,401000.0,6.38,0.69,0.0137,0.00024999999999999935
vol3,E472,clean,401000.0,7.35,0.787,0.0146,0.0004000000000000002
vol3,E472,clean,401000.0,8.45,0.894,0.0159,0.0006000000000000007
vol3,E472,clean,401000.0,9.84,1.02,0.0179,0.0006999999999999992
vol3,E472,clean,401000.0,10.45,1.063,0.019,0.0007500000000000007
vol3,E472,clean,401000.0,11.64,1.156,0.0225,0.0008500000000000001
vol3,E472,clean,401000.0,12.94,1.237,0.0277,0.0014000000000000002
vol3,E472,clean,397000.0,13.9,1.271,0.0313,0.0022000000000000006
vol3,E472,clean,397000.0,14.71,1.257,0.0732,0.041550000000000004
vol3,E472,clean,501400.0,-3.14,-0.369,0.0099,0.0014000000000000002
vol3,E472,clean,501400.0,-1.79,-0.192,0.0093,0.0002999999999999999
vol3,E472,clean,501400.0,-0.48,-0.064,0.0098,0.00020000000000000052
vol3,E472,clean,501400.0,0.45,0.028,0.0101,0.00019999999999999966
vol3,E472,clean,501400.0,1.28,0.109,0.0102,0.00019999999999999966
vol3,E472,clean,501400.0,2.28,0.21,0.0099,0.0002500000000000002
vol3,E472,clean,501400.0,3.27,0.312,0.0094,0.0006499999999999995
vol3,E472,clean,501400.0,4.2,0.433,0.0102,0.0006500000000000004
vol3,E472,clean,501400.0,5.31,0.552,0.0112,0.00014999999999999996
vol3,E472,clean,501400.0,6.24,0.635,0.0121,0.00019999999999999966
vol3,E472,clean,501400.0,7.4,0.75,0.0131,0.0004499999999999999
vol3,E472,clean,501400.0,8.4,0.85,0.014,0.0004499999999999999
vol3,E472,clean,501400.0,9.73,0.985,0.0156,0.0005500000000000001
vol3,E472,clean,501400.0,10.74,1.079,0.0172,0.0005000000000000004
vol3,E472,clean,501400.0,12.02,1.186,0.0207,0.0006499999999999995
vol3,E472,clean,501400.0,12.4,1.209,0.0217,0.0008000000000000004
vol3,E472,clean,501400.0,13.62,1.285,0.0276,0.0014000000000000002
vol3,ESA,clean,100500.0,-4.67,-0.477,0.0295,0.0005999999999999998
vol3,ESA,clean,100500.0,-3.64,-0.373,0.0226,0.001299999999999999
vol3,ESA,clean,100500.0,-2.6,-0.256,0.0182,0.0014000000000000002
vol3,ESA,clean,100500.0,-1.58,-0.185,0.0167,0.0029
vol3,ESA,clean,100500.0,-0.56,-0.024,0.0166,0.0017000000000000001
vol3,ESA,clean,100500.0,0.42,0.06,0.0172,0.0015999999999999999
vol3,ESA,clean,100500.0,1.49,0.14,0.0168,0.0012499999999999994
vol3,ESA,clean,100500.0,2.52,0.22,0.0173,0.0019500000000000003
vol3,ESA,clean,100500.0,3.53,0.3,0.018,0.0012499999999999994
vol3,ESA,clean,100500.0,4.53,0.396,0.0194,0.0006499999999999995
vol3,ESA,clean,100500.0,5.6,0.514,0.0217,0.0014000000000000002
vol3,ESA,clean,100500.0,6.6,0.621,0.0247,0.0009499999999999995
vol3,ESA,clean,100500.0,7.64,0.718,0.029,0.0003499999999999996
vol3,ESA,clean,100500.0,8.64,0.806,0.0325,0.0006500000000000013
vol3,ESA,clean,100500.0,9.68,0.903,0.0397,0.0010500000000000023
vol3,ESA,clean,200600.0,-4.67,-0.505,0.0274,0.0010000000000000009
vol3,ESA,clean,200600.0,-3.67,-0.418,0.0206,0.0012499999999999994
vol3,ESA,clean,200600.0,-2.65,-0.318,0.0174,0.0010499999999999989
vol3,ESA,clean,200600.0,-1.61,-0.212,0.0148,0.0012499999999999994
vol3,ESA,clean,200600.0,-0.56,-0.133,0.0115,0.0013499999999999996
vol3,ESA,clean,200600.0,0.45,0.019,0.0119,0.0006500000000000004
vol3,ESA,clean,200600.0,1.49,0.105,0.0115,0.0004499999999999999
vol3,ESA,clean,200600.0,2.56,0.205,0.0123,0.00014999999999999996
vol3,ESA,clean,200600.0,3.54,0.305,0.0132,0.0002500000000000002
vol3,ESA,clean,200600.0,4.59,0.416,0.0144,0.0007000000000000001
vol3,ESA,clean,200600.0,5.6,0.522,0.016,0.0006500000000000004
vol3,ESA,clean,200600.0,6.65,0.648,0.0181,0.0008999999999999998
vol3,ESA,clean,200600.0,7.66,0.755,0.0197,0.0012499999999999994
vol3,ESA,clean,200600.0,8.68,0.86,0.0218,0.0016500000000000004
vol3,ESA,clean,200600.0,9.7,0.963,0.024,0.0017000000000000001
vol3,ESA,clean,200600.0,10.82,1.07,0.0269,0.002100000000000001
vol3,ESA,clean,301600.0,-4.61,-0.533,0.0281,0.0005500000000000001
vol3,ESA,clean,301600.0,-3.65,-0.446,0.0192,0.0006500000000000013
vol3,ESA,clean,301600.0,-2.61,-0.34,0.0155,0.00024999999999999935
vol3,ESA,clean,301600.0,-1.59,-0.233,0.0135,0.0002999999999999999
vol3,ESA,clean,301600.0,-0.56,-0.145,0.0095,0.0002999999999999999
vol3,ESA,clean,301600.0,0.48,-0.027,0.0119,0.00275
vol3,ESA,clean,301600.0,1.59,0.102,0.0107,0.001
vol3,ESA,clean,301600.0,2.61,0.211,0.0105,0.0008500000000000001
vol3,ESA,clean,301600.0,3.64,0.338,0.0116,0.0004000000000000002
vol3,ESA,clean,301600.0,4.71,0.452,0.0128,0.0003500000000000005
vol3,ESA,clean,301600.0,5.69,0.555,0.0138,0.0005000000000000004
vol3,ESA,clean,301600.0,6.69,0.663,0.0151,0.0007000000000000001
vol3,ESA,clean,301600.0,7.88,0.792,0.0166,0.0011000000000000003
vol3,ESA,clean,301600.0,9.04,0.915,0.0186,0.0010500000000000006
vol3,ESA,clean,301600.0,10.42,1.062,0.0209,0.0010499999999999989
vol3,ESA,clean,301600.0,10.94,1.115,0.0219,0.0011000000000000003
vol3,ESA,clean,403800.0,-3.66,-0.46,0.0177,0.0005000000000000004
vol3,ESA,clean,403800.0,-1.75,-0.261,0.0126,0.0003499999999999996
vol3,ESA,clean,403800.0,-1.36,-0.22,0.0121,0.0002999999999999999
vol3,ESA,clean,403800.0,-0.48,-0.137,0.0086,0.0003499999999999996
vol3,ESA,clean,403800.0,0.65,-0.029,0.0097,0.001
vol3,ESA,clean,403800.0,1.55,0.062,0.0106,0.0010999999999999994
vol3,ESA,clean,403800.0,2.49,0.209,0.01,0.001
vol3,ESA,clean,403800.0,3.96,0.368,0.0109,0.0004499999999999999
vol3,ESA,clean,403800.0,4.55,0.434,0.0114,0.0003499999999999996
vol3,ESA,clean,403800.0,5.93,0.588,0.0126,0.00020000000000000052
vol3,ESA,clean,398100.0,5.58,0.542,0.0125,0.0002999999999999999
vol3,ESA,clean,398100.0,6.73,0.664,0.0137,0.0005999999999999998
vol3,ESA,clean,398100.0,7.69,0.776,0.0145,0.0007500000000000007
vol3,ESA,clean,398100.0,8.67,0.884,0.0158,0.0006500000000000004
vol3,ESA,clean,398100.0,9.77,1.001,0.0174,0.0005500000000000001
vol3,ESA,clean,398100.0,10.82,1.11,0.0195,0.0007999999999999986
vol3,ESA,clean,398100.0,11.9,1.203,0.0215,0.0010500000000000006
vol3,Falcon 56 Mk III,clean,100200.0,-5.23,-0.436,0.0231,0.0012500000000000011
vol3,Falcon 56 Mk III,clean,100200.0,-4.2,-0.385,0.0187,0.0010000000000000009
vol3,Falcon 56 Mk III,clean,100200.0,-3.16,-0.276,0.0171,0.0008000000000000004
vol3,Falcon 56 Mk III,clean,100200.0,-2.14,-0.118,0.0156,0.0021000000000000003
vol3,Falcon 56 Mk III,clean,100200.0,-1.08,0.065,0.0187,0.0030500000000000006
vol3,Falcon 56 Mk III,clean,100200.0,-0.03,0.256,0.0183,0.002999999999999999
vol3,Falcon 56 Mk III,clean,100200.0,1.01,0.34,0.0166,0.0016499999999999996
vol3,Falcon 56 Mk III,clean,100200.0,2.01,0.405,0.0172,0.002150000000000001
vol3,Falcon 56 Mk III,clean,100200.0,3.03,0.482,0.0182,0.0016500000000000004
vol3,Falcon 56 Mk III,clean,100200.0,4.03,0.552,0.0195,0.0016500000000000004
vol3,Falcon 56 Mk III,clean,100200.0,5.07,0.634,0.0207,0.002
vol3,Falcon 56 Mk III,clean,100200.0,6.07,0.722,0.0213,0.0009500000000000012
vol3,Falcon 56 Mk III,clean,100200.0,7.1,0.816,0.0225,0.0010000000000000009
vol3,Falcon 56 Mk III,clean,100200.0,8.11,0.897,0.0252,0.0005000000000000004
vol3,Falcon 56 Mk III,clean,100200.0,9.26,0.991,0.0277,0.0017500000000000016
vol3,Falcon 56 Mk III,clean,100200.0,10.15,1.061,0.0305,0.0010499999999999989
vol3,Falcon 56 Mk III,clean,100200.0,11.16,1.059,0.0306,0.001550000000000001
vol3,Falcon 56 Mk III,clean,100200.0,12.22,1.132,0.0322,0.0012500000000000011
vol3,Falcon 56 Mk III,clean,200500.0,-5.22,-0.466,0.0186,0.0039499999999999995
vol3,Falcon 56 Mk III,clean,200500.0,-4.16,-0.323,0.0129,0.008749999999999999
vol3,Falcon 56 Mk III,clean,200500.0,-3.1,-0.19,0.0107,0.004
vol3,Falcon 56 Mk III,clean,200500.0,-2.11,-0.099,0.01,0.0029500000000000004
vol3,Falcon 56 Mk III,clean,200500.0,-1.08,-0.018,0.0092,0.0024000000000000002
vol3,Falcon 56 Mk III,clean,200500.0,-0.06,0.081,0.0103,0.0015000000000000005
vol3,Falcon 56 Mk III,clean,200500.0,0.96,0.236,0.0116,0.0017499999999999998
vol3,Falcon 56 Mk III,clean,200500.0,2.02,0.384,0.0134,0.0009000000000000006
vol3,Falcon 56 Mk III,clean,200500.0,3.01,0.465,0.0129,0.0004499999999999999
vol3,Falcon 56 Mk III,clean,200500.0,4.03,0.549,0.0135,0.0006000000000000007
vol3,Falcon 56 Mk III,clean,200500.0,5.04,0.639,0.0146,0.0004499999999999999
vol3,Falcon 56 Mk III,clean,200500.0,6.08,0.734,0.0154,0.0003999999999999993
vol3,Falcon 56 Mk III,clean,200500.0,7.15,0.831,0.0167,0.0001499999999999991
vol3,Falcon 56 Mk III,clean,200500.0,8.14,0.919,0.0182,0.0002500000000000002
vol3,Falcon 56 Mk III,clean,200500.0,9.16,1.005,0.02,0.00045000000000000075
vol3,Falcon 56 Mk III,clean,200500.0,10.16,1.087,0.0216,0.0007500000000000007
vol3,Falcon 56 Mk III,clean,198700.0,11.19,1.165,0.0239,0.0008000000000000004
vol3,Falcon 56 Mk III,clean,198700.0,12.21,1.233,0.0263,0.0014000000000000002
vol3,Falcon 56 Mk III,clean,301300.0,-5.27,-0.526,0.0181,0.00485
vol3,Falcon 56 Mk III,clean,301300.0,-4.1,-0.377,0.0167,0.0047
vol3,Falcon 56 Mk III,clean,301300.0,-3.06,-0.237,0.0119,0.0025000000000000005
vol3,Falcon 56 Mk III,clean,301300.0,-2.05,-0.145,0.0094,0.0013499999999999996
vol3,Falcon 56 Mk III,clean,301300.0,-1.04,-0.062,0.0087,0.0007000000000000001
vol3,Falcon 56 Mk III,clean,301300.0,-0.05,0.022,0.0094,0.0008500000000000001
vol3,Falcon 56 Mk III,clean,301300.0,0.9,0.121,0.0097,0.0003499999999999996
vol3,Falcon 56 Mk III,clean,301300.0,1.97,0.265,0.0103,0.0014000000000000002
vol3,Falcon 56 Mk III,clean,301300.0,3.08,0.507,0.0123,0.0016000000000000007
vol3,Falcon 56 Mk III,clean,301300.0,4.02,0.593,0.0116,0.0004000000000000002
vol3,Falcon 56 Mk III,clean,301300.0,5.12,0.693,0.0125,0.0003499999999999996
vol3,Falcon 56 Mk III,clean,301300.0,6.11,0.785,0.0134,0.0003500000000000005
vol3,Falcon 56 Mk III,clean,301300.0,7.11,0.877,0.0144,0.00024999999999999935
vol3,Falcon 56 Mk III,clean,301300.0,8.15,0.97,0.0155,0.00019999999999999966
vol3,Falcon 56 Mk III,clean,301300.0,9.16,1.058,0.017,0.00035000000000000135
vol3,Falcon 56 Mk III,clean,301300.0,10.18,1.139,0.0188,0.0009500000000000012
vol3,Falcon 56 Mk III,clean,301300.0,11.23,1.215,0.0215,0.0011000000000000003
vol3,Falcon 56 Mk III,clean,301300.0,12.24,1.262,0.0263,0.001850000000000001
vol3,Falcon 56 Mk III,clean,401700.0,-4.17,-0.376,0.0125,0.003000000000000001
vol3,Falcon 56 Mk III,clean,401700.0,-3.06,-0.251,0.0106,0.0020499999999999997
vol3,Falcon 56 Mk III,clean,401700.0,-1.99,-0.148,0.0097,0.0008999999999999998
vol3,Falcon 56 Mk III,clean,401700.0,-1.18,-0.079,0.0085,0.0005500000000000001
vol3,Falcon 56 Mk III,clean,401700.0,-0.05,0.028,0.0081,0.0007999999999999999
vol3,Falcon 56 Mk III,clean,401700.0,0.98,0.121,0.0086,0.0009499999999999995
vol3,Falcon 56 Mk III,clean,401700.0,2.01,0.344,0.0107,0.0021999999999999997
vol3,Falcon 56 Mk III,clean,401700.0,3.09,0.508,0.0132,0.0023
vol3,Falcon 56 Mk III,clean,401700.0,4.11,0.622,0.0111,0.0002999999999999999
vol3,Falcon 56 Mk III,clean,401700.0,5.11,0.716,0.0116,0.0002500000000000002
vol3,Falcon 56 Mk III,clean,401700.0,6.1,0.811,0.0123,0.0002500000000000002
vol3,Falcon 56 Mk III,clean,401700.0,7.13,0.907,0.0133,0.0002999999999999999
vol3,Falcon 56 Mk III,clean,401700.0,8.17,1.004,0.0144,0.00024999999999999935
vol3,Falcon 56 Mk III,clean,401700.0,9.2,1.091,0.0158,0.0006500000000000004
vol3,Falcon 56 Mk III,clean,401700.0,10.29,1.175,0.018,0.0006499999999999995
vol3,Falcon 56 Mk III,clean,401700.0,11.45,1.246,0.0217,0.0015499999999999993
vol3,Goe 417a,clean,59300.0,-2.25,-0.23,0.0773,0.010750000000000003
vol3,Goe 417a,clean,59300.0,-0.67,-0.066,0.0607,0.0222
vol3,Goe 417a,clean,59300.0,0.87,0.178,0.0457,0.015050000000000001
vol3,Goe 417a,clean,59300.0,2.49,0.479,0.036,0.006699999999999999
vol3,Goe 417a,clean,59300.0,3.95,0.71,0.0364,0.0020999999999999977
vol3,Goe 417a,clean,59300.0,5.62,0.984,0.0285,0.0012500000000000011
vol3,Goe 417a,clean,59300.0,7.1,1.131,0.0213,0.0014999999999999996
vol3,Goe 417a,clean,59300.0,8.65,1.238,0.0226,0.00515
vol3,Goe 417a,clean,59300.0,10.17,1.337,0.0283,0.004200000000000001
vol3,Goe 417a,clean,59300.0,11.76,1.398,0.0412,0.0046
vol3,Goe 417a,clean,99500.0,-3.77,-0.332,0.072,0.003349999999999999
vol3,Goe 417a,clean,99500.0,-2.2,-0.22,0.0608,0.00435
vol3,Goe 417a,clean,99500.0,-0.63,0.066,0.045,0.0020499999999999997
vol3,Goe 417a,clean,99500.0,0.87,0.341,0.0362,0.0019500000000000003
vol3,Goe 417a,clean,99500.0,2.43,0.598,0.0296,0.002150000000000001
vol3,Goe 417a,clean,99500.0,4.05,0.819,0.0241,0.0009500000000000012
vol3,Goe 417a,clean,99500.0,5.54,0.943,0.0191,0.0016999999999999984
vol3,Goe 417a,clean,99500.0,7.06,1.076,0.0166,0.0016499999999999996
vol3,Goe 417a,clean,99500.0,8.62,1.211,0.0202,0.002449999999999999
vol3,Goe 417a,clean,99500.0,10.13,1.304,0.0311,0.002100000000000001
vol3,Goe 417a,clean,99500.0,11.65,1.371,0.0441,0.00425
vol3,Goe 417a,clean,198500.0,-3.73,-0.289,0.0672,0.004800000000000002
vol3,Goe 417a,clean,198500.0,-2.24,-0.027,0.0454,0.002450000000000001
vol3,Goe 417a,clean,198500.0,-0.69,0.283,0.0314,0.0009499999999999977
vol3,Goe 417a,clean,198500.0,0.94,0.568,0.0209,0.000449999999999999
vol3,Goe 417a,clean,198500.0,2.57,0.759,0.0162,0.0006999999999999992
vol3,Goe 417a,clean,198500.0,4.09,0.923,0.0137,0.0007999999999999995
vol3,Goe 417a,clean,198500.0,5.64,1.067,0.014,0.0002999999999999999
vol3,Goe 417a,clean,198500.0,7.14,1.185,0.0163,0.0013999999999999993
vol3,Goe 417a,clean,198500.0,8.66,1.272,0.0237,0.002
vol3,Goe 417a,clean,198500.0,10.21,1.345,0.032,0.002400000000000001
vol3,Goe 417a,clean,198500.0,11.64,1.387,0.0448,0.004400000000000001
vol3,Goe 417a,clean,297500.0,-3.73,-0.127,0.0556,0.0034999999999999996
vol3,Goe 417a,clean,297500.0,-2.15,0.101,0.0394,0.0020499999999999997
vol3,Goe 417a,clean,297500.0,-0.39,0.409,0.0252,0.001299999999999999
vol3,Goe 417a,clean,297500.0,0.94,0.59,0.0185,0.0026500000000000004
vol3,Goe 417a,clean,297500.0,2.5,0.778,0.0143,0.00045000000000000075
vol3,Goe 417a,clean,297500.0,4.02,0.939,0.0123,0.0007000000000000001
vol3,Goe 417a,clean,297500.0,5.54,1.075,0.0129,0.0004000000000000002
vol3,Goe 417a,clean,297500.0,7.15,1.199,0.0159,0.0015000000000000005
vol3,Goe 417a,clean,297500.0,8.71,1.291,0.0225,0.002400000000000001
vol3,Goe 417a,clean,297500.0,10.3,1.37,0.0303,0.0026000000000000016
vol3,Goe 417a,clean,297500.0,11.69,1.408,0.0436,0.008
vol3,Goe 417a,clean,398800.0,-2.4,0.172,0.0364,0.0024999999999999988
vol3,Goe 417a,clean,398800.0,-0.34,0.498,0.0217,0.0006000000000000016
vol3,Goe 417a,clean,398800.0,1.01,0.672,0.0165,0.0007999999999999986
vol3,Goe 417a,clean,398800.0,2.49,0.842,0.0133,0.0004499999999999999
vol3,LRN1007 (B),clean,59500.0,-3.56,-0.293,0.0873,0.024400000000000005
vol3,LRN1007 (B),clean,59500.0,-2.5,-0.128,0.0603,0.006199999999999997
vol3,LRN1007 (B),clean,59500.0,-1.45,0.052,0.0498,0.0039000000000000007
vol3,LRN1007 (B),clean,59500.0,-0.4,0.218,0.0459,0.0033500000000000023
vol3,LRN1007 (B),clean,59500.0,0.6,0.325,0.0456,0.0040999999999999995
vol3,LRN1007 (B),clean,59500.0,1.63,0.417,0.0432,0.003300000000000001
vol3,LRN1007 (B),clean,59500.0,2.64,0.506,0.0457,0.005850000000000001
vol3,LRN1007 (B),clean,59500.0,3.67,0.575,0.0471,0.01065
vol3,LRN1007 (B),clean,59500.0,4.67,0.63,0.0508,0.00315
vol3,LRN1007 (B),clean,59500.0,5.7,0.693,0.0572,0.004449999999999999
vol3,LRN1007 (B),clean,59500.0,6.7,0.763,0.0687,0.0029999999999999957
vol3,LRN1007 (B),clean,59500.0,7.76,0.862,0.0819,0.002700000000000001
vol3,LRN1007 (B),clean,59500.0,8.89,1.255,0.0323,0.005950000000000002
vol3,LRN1007 (B),clean,59500.0,9.87,1.257,0.0373,0.009999999999999998
vol3,LRN1007 (B),clean,59500.0,10.84,1.25,0.0459,0.008200000000000002
vol3,LRN1007 (B),clean,59500.0,11.86,1.247,0.0546,0.00875
vol3,LRN1007 (B),clean,100200.0,-3.52,-0.21,0.0762,0.0007500000000000007
vol3,LRN1007 (B),clean,100200.0,-2.47,0.051,0.0543,0.0029499999999999978
vol3,LRN1007 (B),clean,100200.0,-1.38,0.223,0.0468,0.0012500000000000011
vol3,LRN1007 (B),clean,100200.0,-0.4,0.312,0.0445,0.0020000000000000018
vol3,LRN1007 (B),clean,100200.0,0.63,0.397,0.0406,0.0011000000000000003
vol3,LRN1007 (B),clean,100200.0,1.65,0.488,0.0412,0.0023500000000000014
vol3,LRN1007 (B),clean,100200.0,2.67,0.577,0.0469,0.002700000000000001
vol3,LRN1007 (B),clean,100200.0,3.71,0.666,0.0511,0.000899999999999998
vol3,LRN1007 (B),clean,100200.0,4.72,0.751,0.0596,0.0022000000000000006
vol3,LRN1007 (B),clean,100200.0,5.73,0.897,0.0571,0.0023
vol3,LRN1007 (B),clean,98800.0,3.67,0.586,0.0459,0.0029500000000000012
vol3,LRN1007 (B),clean,98800.0,4.73,0.668,0.0527,0.0023
vol3,LRN1007 (B),clean,98800.0,5.76,0.75,0.0625,0.0013500000000000005
vol3,LRN1007 (B),clean,98800.0,6.79,0.903,0.0587,0.0017000000000000001
vol3,LRN1007 (B),clean,98800.0,7.86,1.237,0.0233,0.0015000000000000013
vol3,LRN1007 (B),clean,98800.0,8.87,1.276,0.0266,0.0013499999999999988
vol3,LRN1007 (B),clean,98800.0,9.86,1.264,0.0381,0.002850000000000002
vol3,LRN1007 (B),clean,98800.0,10.85,1.262,0.0479,0.00315
vol3,LRN1007 (B),clean,98800.0,11.88,1.268,0.0565,0.0023500000000000014
vol3,LRN1007 (B),clean,199100.0,-4.54,-0.093,0.0673,0.0044500000000000026
vol3,LRN1007 (B),clean,199100.0,-3.33,0.003,0.0575,0.002700000000000001
vol3,LRN1007 (B),clean,199100.0,-2.32,0.152,0.0449,0.0013999999999999985
vol3,LRN1007 (B),clean,199100.0,-1.34,0.293,0.0375,0.0010499999999999989
vol3,LRN1007 (B),clean,199100.0,-0.32,0.421,0.0333,0.0007999999999999986
vol3,LRN1007 (B),clean,199100.0,0.71,0.615,0.0309,0.0006499999999999995
vol3,LRN1007 (B),clean,199100.0,1.79,0.742,0.0292,0.0001499999999999991
vol3,LRN1007 (B),clean,199100.0,2.81,0.859,0.0258,0.00045000000000000075
vol3,LRN1007 (B),clean,199100.0,3.93,0.991,0.0231,0.0002500000000000002
vol3,LRN1007 (B),clean,199100.0,4.86,1.101,0.0203,0.00020000000000000052
vol3,LRN1007 (B),clean,199100.0,5.78,1.205,0.0166,0.0002999999999999999
vol3,LRN1007 (B),clean,199100.0,6.79,1.255,0.019,0.0011000000000000003
vol3,LRN1007 (B),clean,199100.0,7.83,1.257,0.0288,0.0020999999999999994
vol3,LRN1007 (B),clean,199100.0,8.84,1.263,0.0382,0.0034000000000000002
vol3,LRN1007 (B),clean,199100.0,9.87,1.275,0.0477,0.0026999999999999975
vol3,LRN1007 (B),clean,199100.0,10.86,1.29,0.0584,0.0012500000000000011
vol3,LRN1007 (B),clean,298700.0,-5.5,-0.139,0.0726,0.0034000000000000002
vol3,LRN1007 (B),clean,298700.0,-4.47,-0.016,0.0571,0.0029499999999999978
vol3,LRN1007 (B),clean,298700.0,-3.42,0.15,0.0424,0.001800000000000003
vol3,LRN1007 (B),clean,298700.0,-2.27,0.338,0.0306,0.0008500000000000001
vol3,LRN1007 (B),clean,298700.0,-1.36,0.456,0.0257,0.00040000000000000105
vol3,LRN1007 (B),clean,298700.0,-0.25,0.587,0.0223,0.0001499999999999991
vol3,LRN1007 (B),clean,298700.0,0.71,0.695,0.0199,0.0003499999999999996
vol3,LRN1007 (B),clean,298700.0,1.73,0.806,0.0182,0.000449999999999999
vol3,LRN1007 (B),clean,298700.0,2.87,0.922,0.0154,0.0005000000000000004
vol3,LRN1007 (B),clean,298700.0,3.78,1.017,0.0145,0.0006499999999999995
vol3,LRN1007 (B),clean,298700.0,4.78,1.123,0.0133,0.0008500000000000001
vol3,LRN1007 (B),clean,298700.0,5.82,1.228,0.0115,0.0010499999999999997
vol3,LRN1007 (B),clean,298700.0,6.84,1.239,0.0212,0.0008500000000000001
vol3,LRN1007 (B),clean,298700.0,7.86,1.25,0.0285,0.0023499999999999997
vol3,LRN1007 (B),clean,298700.0,8.94,1.263,0.038,0.0020499999999999997
vol3,PT-40 (A),clean,100600.0,-5.91,-0.353,0.0957,0.004049999999999998
vol3,PT-40 (A),clean,100600.0,-3.7,-0.261,0.0608,0.004300000000000002
vol3,PT-40 (A),clean,100600.0,-3.07,-0.17,0.0435,0.0045499999999999985
vol3,PT-40 (A),clean,100600.0,-1.68,0.038,0.0314,0.003950000000000002
vol3,PT-40 (A),clean,100600.0,-1.04,0.144,0.03,0.0030500000000000006
vol3,PT-40 (A),clean,100600.0,0.34,0.349,0.0237,0.0005000000000000004
vol3,PT-40 (A),clean,100600.0,1.33,0.445,0.0213,0.0008500000000000001
vol3,PT-40 (A),clean,100600.0,2.27,0.535,0.0179,0.0008500000000000001
vol3,PT-40 (A),clean,100600.0,3.28,0.631,0.0167,0.0014000000000000002
vol3,PT-40 (A),clean,100600.0,4.3,0.714,0.0176,0.0017999999999999995
vol3,PT-40 (A),clean,100600.0,5.31,0.799,0.0208,0.0020499999999999997
vol3,PT-40 (A),clean,100600.0,6.3,0.883,0.0229,0.0016000000000000007
vol3,PT-40 (A),clean,100600.0,7.27,0.964,0.0245,0.0005500000000000001
vol3,PT-40 (A),clean,100600.0,8.57,1.061,0.0284,0.0018499999999999992
vol3,PT-40 (A),clean,100600.0,9.16,1.1,0.0303,0.0016000000000000007
vol3,PT-40 (A),clean,100600.0,10.39,1.173,0.0388,0.0022000000000000006
vol3,PT-40 (A),clean,200200.0,-4.28,-0.2,0.0602,0.0028000000000000004
vol3,PT-40 (A),clean,200200.0,-3.53,-0.084,0.0425,0.0022499999999999985
vol3,PT-40 (A),clean,200200.0,-2.5,0.049,0.0267,0.0022500000000000003
vol3,PT-40 (A),clean,200200.0,-1.5,0.149,0.0198,0.0013000000000000008
vol3,PT-40 (A),clean,200200.0,0.32,0.333,0.0147,0.0008999999999999998
vol3,PT-40 (A),clean,200200.0,0.63,0.361,0.0149,0.0009500000000000003
vol3,PT-40 (A),clean,200200.0,1.64,0.463,0.0139,0.0009000000000000006
vol3,PT-40 (A),clean,200200.0,2.71,0.567,0.0134,0.00010000000000000026
vol3,PT-40 (A),clean,200200.0,3.7,0.66,0.0119,0.0002500000000000002
vol3,PT-40 (A),clean,200200.0,4.72,0.751,0.0136,0.0002999999999999999
vol3,PT-40 (A),clean,200200.0,5.73,0.843,0.0158,0.0006499999999999995
vol3,PT-40 (A),clean,200200.0,7.24,0.976,0.0183,0.0005500000000000001
vol3,PT-40 (A),clean,200200.0,7.79,1.019,0.0192,0.0005000000000000004
vol3,PT-40 (A),clean,200200.0,8.88,1.096,0.0226,0.0008500000000000001
vol3,PT-40 (A),clean,200200.0,9.87,1.157,0.0259,0.0022500000000000003
vol3,PT-40 (A),clean,200200.0,10.88,1.208,0.0313,0.002850000000000002
vol3,PT-40 (A),clean,299800.0,-3.28,-0.025,0.0348,0.002149999999999999
vol3,PT-40 (A),clean,299800.0,-2.38,0.065,0.024,0.00115
vol3,PT-40 (A),clean,299800.0,-1.35,0.166,0.0173,0.0002999999999999999
vol3,PT-40 (A),clean,299800.0,-0.32,0.271,0.0141,0.0004499999999999999
vol3,PT-40 (A),clean,299800.0,0.71,0.379,0.013,0.0007000000000000001
vol3,PT-40 (A),clean,299800.0,1.73,0.483,0.0127,0.0008500000000000001
vol3,PT-40 (A),clean,299800.0,3.25,0.629,0.0121,0.0005000000000000004
vol3,PT-40 (A),clean,299800.0,3.78,0.68,0.0113,0.0006499999999999995
vol3,PT-40 (A),clean,299800.0,4.81,0.777,0.0125,0.00010000000000000026
vol3,PT-40 (A),clean,299800.0,5.85,0.873,0.0138,0.0004000000000000002
vol3,PT-40 (A),clean,299800.0,6.78,0.952,0.015,0.0004499999999999999
vol3,PT-40 (A),clean,299800.0,7.75,1.031,0.0167,0.0005000000000000004
vol3,PT-40 (A),clean,299800.0,8.9,1.119,0.0194,0.0009499999999999995
vol3,PT-40 (A),clean,299800.0,10.35,1.214,0.0246,0.0017000000000000001
vol3,PT-40 (A),clean,299800.0,10.86,1.239,0.0268,0.0026
vol3,PT-40 (A),clean,299800.0,11.89,1.284,0.0326,0.0051
vol3,PT-40 (A),clean,399500.0,-3.37,-0.037,0.0353,0.0017500000000000016
vol3,PT-40 (A),clean,399500.0,-2.42,0.056,0.0246,0.0006999999999999992
vol3,PT-40 (A),clean,399500.0,-1.35,0.169,0.0166,0.0002499999999999985
vol3,PT-40 (A),clean,399500.0,-0.31,0.276,0.0134,0.0005000000000000004
vol3,PT-40 (A),clean,399500.0,0.57,0.368,0.0122,0.0005499999999999993
vol3,PT-40 (A),clean,399500.0,1.73,0.489,0.0119,0.0004000000000000002
vol3,PT-40 (A),clean,399500.0,2.76,0.591,0.012,0.0004499999999999999
vol3,PT-40 (A),clean,399500.0,3.49,0.656,0.0122,0.0006000000000000007
vol3,PT-40 (A),clean,399500.0,4.81,0.788,0.0117,0.0004000000000000002
vol3,PT-40 (A),clean,399500.0,5.58,0.857,0.0126,0.0004999999999999996
vol3,PT-40 (A),clean,399500.0,6.64,0.953,0.0136,0.0005000000000000004
vol3,PT-40 (A),clean,399500.0,7.9,1.062,0.0159,0.0005999999999999998
vol3,PT-40 (A),clean,399500.0,8.91,1.14,0.0182,0.0008500000000000001
vol3,PT-40 (A),clean,399500.0,9.93,1.206,0.0215,0.0014000000000000002
vol3,PT-40 (A),clean,399500.0,10.95,1.258,0.0257,0.0023999999999999994
vol3,PT-40 (A),clean,399500.0,11.93,1.295,0.0312,0.0049499999999999995
vol3,PT-40 (B),clean,99700.0,-2.84,-0.109,0.0396,0.003550000000000001
vol3,PT-40 (B),clean,99700.0,-1.71,0.062,0.0275,0.002450000000000001
vol3,PT-40 (B),clean,99700.0,-0.85,0.174,0.0235,0.0010500000000000006
vol3,PT-40 (B),clean,99700.0,0.35,0.297,0.0197,0.0013500000000000005
vol3,PT-40 (B),clean,99700.0,1.34,0.384,0.0179,0.001299999999999999
vol3,PT-40 (B),clean,99700.0,2.35,0.475,0.0171,0.0009999999999999992
vol3,PT-40 (B),clean,99700.0,3.36,0.567,0.0158,0.0012500000000000002
vol3,PT-40 (B),clean,99700.0,4.43,0.659,0.0168,0.0011999999999999997
vol3,PT-40 (B),clean,99700.0,5.45,0.746,0.0195,0.0022000000000000006
vol3,PT-40 (B),clean,99700.0,6.48,0.831,0.0215,0.004149999999999999
vol3,PT-40 (B),clean,99700.0,7.48,0.92,0.0245,0.0039000000000000007
vol3,PT-40 (B),clean,99700.0,8.51,0.995,0.0268,0.0011000000000000003
vol3,PT-40 (B),clean,99700.0,9.5,1.066,0.0326,0.003250000000000001
vol3,PT-40 (B),clean,99700.0,10.46,1.126,0.0378,0.002999999999999999
vol3,PT-40 (B),clean,99700.0,11.51,1.183,0.0458,0.00595
vol3,PT-40 (B),clean,200100.0,-2.67,0.006,0.0253,0.0031999999999999997
vol3,PT-40 (B),clean,200100.0,-1.46,0.115,0.0188,0.0009499999999999995
vol3,PT-40 (B),clean,200100.0,-0.85,0.172,0.0168,0.0008500000000000001
vol3,PT-40 (B),clean,200100.0,0.47,0.31,0.0146,0.0008999999999999998
vol3,PT-40 (B),clean,200100.0,1.49,0.414,0.014,0.0007499999999999998
vol3,PT-40 (B),clean,200100.0,2.48,0.512,0.014,0.0006500000000000004
vol3,PT-40 (B),clean,200100.0,3.5,0.618,0.0134,0.0008500000000000001
vol3,PT-40 (B),clean,200100.0,4.54,0.711,0.0145,0.0006499999999999995
vol3,PT-40 (B),clean,200100.0,5.54,0.799,0.0162,0.0003999999999999993
vol3,PT-40 (B),clean,200100.0,6.53,0.886,0.0181,0.000449999999999999
vol3,PT-40 (B),clean,200100.0,7.52,0.973,0.019,0.0008500000000000001
vol3,PT-40 (B),clean,200100.0,8.45,1.047,0.0209,0.0005000000000000004
vol3,PT-40 (B),clean,200100.0,9.53,1.125,0.025,0.0013500000000000005
vol3,PT-40 (B),clean,200100.0,10.48,1.189,0.0285,0.0014000000000000002
vol3,PT-40 (B),clean,200100.0,11.54,1.245,0.0332,0.001899999999999999
vol3,PT-40 (B),clean,299800.0,-2.81,0.004,0.0226,0.0038499999999999993
vol3,PT-40 (B),clean,299800.0,-1.76,0.09,0.0169,0.0022500000000000003
vol3,PT-40 (B),clean,299800.0,-0.69,0.201,0.0142,0.0009499999999999995
vol3,PT-40 (B),clean,299800.0,0.32,0.322,0.0134,0.0002999999999999999
vol3,PT-40 (B),clean,299800.0,1.36,0.428,0.0132,0.0002500000000000002
vol3,PT-40 (B),clean,299800.0,2.35,0.521,0.014,0.0004000000000000002
vol3,PT-40 (B),clean,299800.0,3.48,0.626,0.0147,0.0005999999999999998
vol3,PT-40 (B),clean,299800.0,4.59,0.727,0.0141,0.0007000000000000001
vol3,PT-40 (B),clean,299800.0,5.65,0.826,0.0154,0.0004499999999999999
vol3,PT-40 (B),clean,299800.0,6.64,0.908,0.0164,0.00045000000000000075
vol3,PT-40 (B),clean,299800.0,7.65,0.994,0.0184,0.0005000000000000004
vol3,PT-40 (B),clean,299800.0,8.65,1.073,0.0206,0.00115
vol3,PT-40 (B),clean,299800.0,9.59,1.145,0.0229,0.0011500000000000017
vol3,PT-40 (B),clean,299800.0,10.59,1.206,0.0267,0.0016500000000000004
vol3,PT-40 (B),clean,299800.0,11.49,1.255,0.0305,0.0023999999999999994
vol3,PT-40 (B),clean,299800.0,12.5,1.293,0.0364,0.005350000000000001
vol3,PT-40 (B),clean,399100.0,-2.9,0.019,0.0199,0.0015499999999999993
vol3,PT-40 (B),clean,399100.0,-1.62,0.145,0.0142,0.0007499999999999998
vol3,PT-40 (B),clean,399100.0,-0.72,0.233,0.013,0.0006499999999999995
vol3,PT-40 (B),clean,399100.0,0.29,0.336,0.0126,0.0004499999999999999
vol3,PT-40 (B),clean,399100.0,1.34,0.444,0.0131,0.0005000000000000004
vol3,PT-40 (B),clean,399100.0,2.28,0.532,0.0141,0.0004499999999999999
vol3,PT-40 (B),clean,399100.0,3.34,0.637,0.0143,0.0002999999999999999
vol3,PT-40 (B),clean,399100.0,4.43,0.743,0.0132,0.0005499999999999993
vol3,PT-40 (B),clean,399100.0,5.47,0.845,0.0139,0.00024999999999999935
vol3,PT-40 (B),clean,399100.0,6.6,0.942,0.0153,0.0004000000000000002
vol3,PT-40 (B),clean,399100.0,7.36,1.007,0.0169,0.0007499999999999989
vol3,PT-40 (B),clean,399100.0,8.75,1.12,0.0197,0.0010499999999999989
vol3,PT-40 (B),clean,399100.0,9.46,1.166,0.0214,0.0012499999999999994
vol3,PT-40 (B),clean,399100.0,10.48,1.233,0.0242,0.0015499999999999993
vol3,PT-40 (B),clean,399100.0,11.55,1.296,0.0286,0.002999999999999999
vol3,PT-40 (B),clean,399100.0,12.59,1.336,0.0332,0.004899999999999998
vol3,RG14,clean,60400.0,-5.2,-0.41,0.0321,0.0016499999999999987
vol3,RG14,clean,60400.0,-4.18,-0.329,0.025,0.00145
vol3,RG14,clean,60400.0,-3.23,-0.263,0.018,0.0016500000000000004
vol3,RG14,clean,60400.0,-2.17,-0.166,0.0159,0.0023
vol3,RG14,clean,60400.0,-1.13,-0.084,0.0126,0.00115
vol3,RG14,clean,60400.0,-0.14,0.021,0.0125,0.00255
vol3,RG14,clean,60400.0,0.93,0.136,0.0159,0.00315
vol3,RG14,clean,60400.0,1.93,0.271,0.0169,0.0021000000000000003
vol3,RG14,clean,60400.0,3.01,0.485,0.0163,0.002449999999999999
vol3,RG14,clean,60400.0,4.65,0.654,0.0162,0.00535
vol3,RG14,clean,60400.0,5.09,0.713,0.0175,0.002299999999999999
vol3,RG14,clean,60400.0,6.12,0.804,0.0243,0.007649999999999999
vol3,RG14,clean,60400.0,7.13,0.885,0.0261,0.004450000000000001
vol3,RG14,clean,60400.0,8.13,0.949,0.0297,0.005300000000000001
vol3,RG14,clean,60400.0,9.12,1.006,0.0371,0.003349999999999999
vol3,RG14,clean,60400.0,10.13,1.052,0.0456,0.005350000000000001
vol3,RG14,clean,100600.0,-5.2,-0.375,0.0276,0.00020000000000000052
vol3,RG14,clean,100600.0,-4.14,-0.29,0.0204,0.0006499999999999995
vol3,RG14,clean,100600.0,-3.17,-0.208,0.0156,0.0003000000000000008
vol3,RG14,clean,100600.0,-2.12,-0.128,0.0119,0.0011000000000000003
vol3,RG14,clean,100600.0,-1.13,-0.053,0.0101,0.0015000000000000005
vol3,RG14,clean,100600.0,-0.09,0.05,0.0123,0.0023
vol3,RG14,clean,100600.0,0.92,0.165,0.0138,0.0006499999999999995
vol3,RG14,clean,100600.0,1.97,0.336,0.0142,0.0008999999999999998
vol3,RG14,clean,100600.0,2.99,0.45,0.0125,0.0013
vol3,RG14,clean,100600.0,4.01,0.551,0.0133,0.0008500000000000001
vol3,RG14,clean,100600.0,5.07,0.646,0.0149,0.0008500000000000001
vol3,RG14,clean,100600.0,6.11,0.75,0.0178,0.00145
vol3,RG14,clean,100600.0,7.1,0.841,0.0187,0.0022500000000000003
vol3,RG14,clean,100600.0,8.12,0.918,0.0254,0.0014000000000000002
vol3,RG14,clean,100600.0,9.13,0.985,0.0327,0.0007500000000000007
vol3,RG14,clean,100600.0,10.12,1.034,0.0414,0.0010499999999999989
vol3,RG14,clean,199900.0,-5.25,-0.395,0.0226,0.0011999999999999997
vol3,RG14,clean,199900.0,-4.16,-0.308,0.0166,0.0006999999999999992
vol3,RG14,clean,199900.0,-3.14,-0.218,0.0131,0.0005999999999999998
vol3,RG14,clean,199900.0,-2.21,-0.129,0.0102,0.0004499999999999999
vol3,RG14,clean,199900.0,-1.08,0.01,0.0097,0.0022500000000000003
vol3,RG14,clean,199900.0,-0.07,0.151,0.0096,0.0007000000000000001
vol3,RG14,clean,199900.0,0.96,0.287,0.0088,0.0005999999999999998
vol3,RG14,clean,199900.0,1.97,0.399,0.0084,0.0008999999999999998
vol3,RG14,clean,199900.0,3.0,0.497,0.0092,0.00020000000000000052
vol3,RG14,clean,199900.0,4.03,0.593,0.0105,0.0003500000000000005
vol3,RG14,clean,199900.0,5.06,0.692,0.012,0.0004000000000000002
vol3,RG14,clean,199900.0,6.06,0.783,0.0144,0.0005500000000000001
vol3,RG14,clean,199900.0,7.14,0.875,0.0172,0.0006999999999999992
vol3,RG14,clean,199900.0,8.13,0.956,0.0207,0.0012499999999999994
vol3,RG14,clean,199900.0,9.13,1.032,0.0255,0.00115
vol3,RG14,clean,199900.0,10.14,1.083,0.034,0.003250000000000001
vol3,RG14,clean,300300.0,-5.28,-0.401,0.0218,0.00115
vol3,RG14,clean,300300.0,-4.12,-0.304,0.015,0.0006500000000000004
vol3,RG14,clean,300300.0,-3.13,-0.202,0.0118,0.0015000000000000005
vol3,RG14,clean,300300.0,-2.05,-0.057,0.0097,0.0005500000000000001
vol3,RG14,clean,300300.0,-1.04,0.065,0.0078,0.0005499999999999997
vol3,RG14,clean,300300.0,0.02,0.186,0.0068,0.0002499999999999998
vol3,RG14,clean,300300.0,1.07,0.311,0.0065,0.0004499999999999999
vol3,RG14,clean,300300.0,2.2,0.426,0.0072,4.99999999999997e-05
vol3,RG14,clean,300300.0,3.12,0.516,0.0084,0.00019999999999999966
vol3,RG14,clean,300300.0,3.96,0.597,0.0093,0.0004499999999999999
vol3,RG14,clean,300300.0,5.11,0.711,0.0111,0.0002999999999999999
vol3,RG14,clean,300300.0,6.12,0.804,0.0129,0.0004499999999999999
vol3,RG14,clean,300300.0,7.15,0.896,0.0151,0.0006500000000000004
vol3,RG14,clean,300300.0,8.11,0.975,0.018,0.0010499999999999989
vol3,RG14,clean,300300.0,9.17,1.058,0.022,0.0010500000000000006
vol3,RG14,clean,300300.0,10.12,1.111,0.029,0.0036500000000000005
vol3,RG15 (C),modified,60056.0,-6.93,-0.297,0.039,0.004100000000000003
vol3,RG15 (C),modified,60056.0,-6.06,-0.227,0.0286,0.00115
vol3,RG15 (C),modified,60056.0,-5.1,-0.151,0.0238,0.00115
vol3,RG15 (C),modified,60056.0,-4.06,-0.069,0.0163,0.0010499999999999997
vol3,RG15 (C),modified,60056.0,-2.9,0.004,0.0128,0.0003500000000000005
vol3,RG15 (C),modified,60056.0,-2.02,0.101,0.0172,0.0043
vol3,RG15 (C),modified,60056.0,-0.97,0.195,0.017,0.0005500000000000001
vol3,RG15 (C),modified,60056.0,0.2,0.299,0.0193,0.0017000000000000001
vol3,RG15 (C),modified,60056.0,1.07,0.411,0.0231,0.0016500000000000004
vol3,RG15 (C),modified,60056.0,2.32,0.598,0.0217,0.00045000000000000075
vol3,RG15 (C),modified,60056.0,3.29,0.696,0.0214,0.0008500000000000001
vol3,RG15 (C),modified,60056.0,4.17,0.758,0.0237,0.004
vol3,RG15 (C),modified,60056.0,5.32,0.853,0.0256,0.0040999999999999995
vol3,RG15 (C),modified,60056.0,6.18,0.904,0.026,0.0022499999999999985
vol3,RG15 (C),modified,60056.0,7.21,0.973,0.0301,0.00285
vol3,RG15 (C),modified,60056.0,8.16,1.003,0.039,0.001850000000000001
vol3,RG15 (C),modified,60056.0,9.36,1.051,0.0527,0.002149999999999999
vol3,RG15 (C),modified,99818.0,-7.12,-0.399,0.0401,0.0016500000000000022
vol3,RG15 (C),modified,99818.0,-5.99,-0.296,0.0261,0.0007500000000000007
vol3,RG15 (C),modified,99818.0,-4.86,-0.189,0.0197,0.0002500000000000002
vol3,RG15 (C),modified,99818.0,-3.99,-0.098,0.0152,0.0011000000000000003
vol3,RG15 (C),modified,99818.0,-2.99,-0.023,0.0148,0.0028499999999999992
vol3,RG15 (C),modified,99818.0,-1.87,0.076,0.0121,0.00145
vol3,RG15 (C),modified,99818.0,-0.95,0.166,0.0153,0.0026
vol3,RG15 (C),modified,99818.0,0.09,0.319,0.0164,0.0005999999999999998
vol3,RG15 (C),modified,99818.0,1.17,0.478,0.0142,0.0008500000000000001
vol3,RG15 (C),modified,99818.0,2.17,0.566,0.0146,0.0017499999999999998
vol3,RG15 (C),modified,99818.0,3.01,0.659,0.0149,0.0006499999999999995
vol3,RG15 (C),modified,99818.0,4.18,0.772,0.016,0.0004999999999999996
vol3,RG15 (C),modified,99818.0,5.17,0.862,0.018,0.0008500000000000001
vol3,RG15 (C),modified,99818.0,6.17,0.941,0.0209,0.0014000000000000002
vol3,RG15 (C),modified,99818.0,7.44,0.995,0.0294,0.002100000000000001
vol3,RG15 (C),modified,99818.0,8.44,1.033,0.0377,0.0008500000000000001
vol3,RG15 (C),modified,99818.0,9.22,1.06,0.0454,0.0009499999999999995
vol3,RG15 (C),modified,199819.0,-6.96,-0.325,0.0296,0.004
vol3,RG15 (C),modified,199819.0,-5.94,-0.236,0.0205,0.00475
vol3,RG15 (C),modified,199819.0,-4.83,-0.126,0.0156,0.00245
vol3,RG15 (C),modified,199819.0,-3.92,-0.034,0.014,0.0016999999999999993
vol3,RG15 (C),modified,199819.0,-2.92,0.078,0.0117,0.001
vol3,RG15 (C),modified,199819.0,-1.78,0.217,0.0104,0.0011000000000000003
vol3,RG15 (C),modified,199819.0,-0.89,0.322,0.009,0.0013499999999999996
vol3,RG15 (C),modified,199819.0,0.2,0.436,0.0096,0.0008500000000000001
vol3,RG15 (C),modified,199819.0,1.24,0.548,0.0094,0.0004000000000000002
vol3,RG15 (C),modified,199819.0,2.28,0.652,0.0106,0.0008999999999999998
vol3,RG15 (C),modified,199819.0,3.2,0.745,0.0118,0.0007000000000000001
vol3,RG15 (C),modified,199819.0,4.28,0.843,0.0137,0.0004000000000000002
vol3,RG15 (C),modified,199819.0,5.42,0.935,0.0167,0.0002500000000000002
vol3,RG15 (C),modified,199819.0,6.28,0.992,0.0202,0.0006499999999999995
vol3,RG15 (C),modified,199819.0,7.28,1.047,0.0256,0.0006000000000000016
vol3,RG15 (C),modified,199819.0,8.3,1.094,0.0322,0.0007500000000000007
vol3,RG15 (C),modified,199819.0,9.25,1.127,0.0412,0.0015499999999999993
vol3,RG15 (C),modified,299791.0,-7.14,-0.31,0.0285,0.004749999999999999
vol3,RG15 (C),modified,299791.0,-6.14,-0.202,0.0176,0.004999999999999999
vol3,RG15 (C),modified,299791.0,-5.09,-0.094,0.0133,0.0046500000000000005
vol3,RG15 (C),modified,299791.0,-3.83,0.034,0.011,0.0035499999999999998
vol3,RG15 (C),modified,299791.0,-2.96,0.13,0.0087,0.0016999999999999997
vol3,RG15 (C),modified,299791.0,-1.88,0.245,0.0086,0.0011499999999999995
vol3,RG15 (C),modified,299791.0,-0.96,0.337,0.0082,0.0005000000000000004
vol3,RG15 (C),modified,299791.0,0.51,0.482,0.0076,0.0010999999999999998
vol3,RG15 (C),modified,299791.0,1.4,0.578,0.0082,0.0007000000000000001
vol3,RG15 (C),modified,299791.0,1.75,0.612,0.0085,0.0005499999999999993
vol3,RG15 (C),modified,299791.0,3.37,0.777,0.011,0.0005499999999999993
vol3,RG15 (C),modified,299791.0,4.4,0.873,0.0131,0.0005500000000000001
vol3,RG15 (C),modified,299791.0,5.32,0.955,0.0156,0.0004999999999999996
vol3,RG15 (C),modified,299791.0,6.35,1.03,0.0196,0.0013000000000000008
vol3,RG15 (C),modified,299791.0,7.44,1.098,0.0251,0.00045000000000000075
vol3,RG15 (C),modified,299791.0,8.43,1.144,0.0311,0.0008000000000000004
vol3,RG15 (C),modified,299791.0,9.14,1.167,0.0378,0.0010000000000000009
vol3,S6063,clean,60000.0,-4.89,-0.416,0.0328,0.002999999999999999
vol3,S6063,clean,60000.0,-3.88,-0.323,0.021,0.002150000000000001
vol3,S6063,clean,60000.0,-2.87,-0.25,0.0181,0.004
vol3,S6063,clean,60000.0,-1.83,-0.124,0.0122,0.005
vol3,S6063,clean,60000.0,-0.81,-0.047,0.0108,0.0008999999999999998
vol3,S6063,clean,60000.0,0.21,0.021,0.0122,0.0024000000000000002
vol3,S6063,clean,60000.0,1.24,0.119,0.0133,0.0033
vol3,S6063,clean,60000.0,2.26,0.232,0.016,0.0009999999999999992
vol3,S6063,clean,60000.0,3.3,0.431,0.0174,0.002100000000000001
vol3,S6063,clean,60000.0,4.34,0.519,0.0164,0.0007999999999999995
vol3,S6063,clean,60000.0,5.33,0.58,0.0176,0.002150000000000001
vol3,S6063,clean,60000.0,6.37,0.648,0.0188,0.0004999999999999987
vol3,S6063,clean,60000.0,7.36,0.722,0.0286,0.0029
vol3,S6063,clean,60000.0,8.38,0.792,0.0374,0.002100000000000001
vol3,S6063,clean,60000.0,9.4,0.853,0.0505,0.007199999999999998
vol3,S6063,clean,100000.0,-4.88,-0.375,0.0271,0.002450000000000001
vol3,S6063,clean,100000.0,-3.86,-0.294,0.0199,0.0013499999999999988
vol3,S6063,clean,100000.0,-2.84,-0.213,0.0153,0.0010499999999999989
vol3,S6063,clean,100000.0,-1.83,-0.117,0.0088,0.0018999999999999998
vol3,S6063,clean,100000.0,-0.81,-0.034,0.009,0.0007000000000000001
vol3,S6063,clean,100000.0,0.22,0.029,0.0101,0.0010500000000000006
vol3,S6063,clean,100000.0,1.24,0.137,0.0101,0.0013499999999999996
vol3,S6063,clean,100000.0,2.28,0.335,0.0111,0.0015000000000000005
vol3,S6063,clean,100000.0,3.32,0.441,0.0119,0.0003500000000000005
vol3,S6063,clean,100000.0,4.33,0.524,0.0126,0.0004999999999999996
vol3,S6063,clean,100000.0,5.35,0.607,0.0155,0.0004499999999999999
vol3,S6063,clean,100000.0,6.37,0.687,0.0207,0.00045000000000000075
vol3,S6063,clean,100000.0,7.4,0.766,0.0282,0.00045000000000000075
vol3,S6063,clean,100000.0,8.41,0.836,0.0375,0.003250000000000003
vol3,S6063,clean,100000.0,9.43,0.9,0.0559,0.0041499999999999974
vol3,S6063,clean,200100.0,-4.91,-0.438,0.0205,0.0008500000000000001
vol3,S6063,clean,200100.0,-3.9,-0.35,0.0159,0.0006999999999999992
vol3,S6063,clean,200100.0,-2.87,-0.254,0.0128,0.0004000000000000002
vol3,S6063,clean,200100.0,-1.83,-0.164,0.0093,0.0005500000000000001
vol3,S6063,clean,200100.0,-0.82,-0.045,0.0069,0.0011000000000000003
vol3,S6063,clean,200100.0,0.22,0.084,0.0067,0.00115
vol3,S6063,clean,200100.0,1.24,0.191,0.0077,0.00165
vol3,S6063,clean,200100.0,2.25,0.302,0.0082,0.0006499999999999995
vol3,S6063,clean,200100.0,3.3,0.392,0.0087,0.0002999999999999999
vol3,S6063,clean,200100.0,4.34,0.484,0.0103,0.0004499999999999999
vol3,S6063,clean,200100.0,5.37,0.565,0.0144,0.0006000000000000007
vol3,S6063,clean,200100.0,6.37,0.646,0.0177,0.0005500000000000001
vol3,S6063,clean,200100.0,7.37,0.725,0.0227,0.0005999999999999998
vol3,S6063,clean,200100.0,8.4,0.818,0.0344,0.001850000000000001
vol3,S6063,clean,200100.0,9.44,0.896,0.0797,0.009750000000000002
vol3,S6063,clean,300600.0,-4.91,-0.448,0.0179,0.0013500000000000005
vol3,S6063,clean,300600.0,-3.86,-0.352,0.0135,0.0004499999999999999
vol3,S6063,clean,300600.0,-2.86,-0.257,0.0115,0.0004999999999999996
vol3,S6063,clean,300600.0,-1.84,-0.163,0.0094,0.0004000000000000002
vol3,S6063,clean,300600.0,-0.81,-0.043,0.0064,0.00035000000000000005
vol3,S6063,clean,300600.0,0.23,0.102,0.006,0.0002999999999999999
vol3,S6063,clean,300600.0,1.27,0.188,0.0064,0.0002000000000000001
vol3,S6063,clean,300600.0,2.26,0.286,0.0068,0.00014999999999999996
vol3,S6063,clean,300600.0,3.29,0.41,0.0077,0.00020000000000000052
vol3,S6063,clean,300600.0,4.32,0.507,0.0103,0.0007499999999999998
vol3,S6063,clean,300600.0,5.37,0.596,0.0139,0.0003500000000000005
vol3,S6063,clean,300600.0,6.37,0.682,0.0174,0.0006999999999999992
vol3,S6063,clean,300600.0,7.4,0.764,0.0225,0.0011000000000000003
vol3,S6063,clean,300600.0,8.43,0.845,0.0342,0.001899999999999999
vol3,S6063,clean,300600.0,9.44,0.913,0.0769,0.005750000000000005
vol3,S7012 (B),modified,100500.0,-2.79,-0.151,0.0166,0.001
vol3,S7012 (B),modified,100500.0,-1.28,-0.019,0.0156,0.0008499999999999992
vol3,S7012 (B),modified,100500.0,0.28,0.184,0.0148,0.0019500000000000003
vol3,S7012 (B),modified,100500.0,1.82,0.305,0.0113,0.0018999999999999998
vol3,S7012 (B),modified,100500.0,3.34,0.437,0.0158,0.0010500000000000006
vol3,S7012 (B),modified,100500.0,4.87,0.58,0.0198,0.0009499999999999995
vol3,S7012 (B),modified,100500.0,6.42,0.729,0.0223,0.0010500000000000006
vol3,S7012 (B),modified,100500.0,7.97,0.871,0.0266,0.0014999999999999996
vol3,S7012 (B),modified,100500.0,9.49,0.998,0.0343,0.0014999999999999979
vol3,S7012 (B),modified,199600.0,-2.81,-0.141,0.0135,0.0008000000000000004
vol3,S7012 (B),modified,199600.0,-1.27,0.042,0.0125,0.00215
vol3,S7012 (B),modified,199600.0,0.31,0.198,0.0131,0.0006999999999999992
vol3,S7012 (B),modified,199600.0,1.84,0.354,0.0153,0.0003499999999999996
vol3,S7012 (B),modified,199600.0,3.35,0.511,0.0166,0.000449999999999999
vol3,S7012 (B),modified,199600.0,4.92,0.666,0.0178,0.0006999999999999992
vol3,S7012 (B),modified,199600.0,6.43,0.803,0.0203,0.0004999999999999987
vol3,S7012 (B),modified,199600.0,7.99,0.94,0.0247,0.0005999999999999998
vol3,S7012 (B),modified,199600.0,9.5,1.067,0.0296,0.0009500000000000012
vol3,S7012 (B),modified,198500.0,11.05,1.157,0.0398,0.003100000000000002
vol3,S7012 (B),modified,300100.0,-2.92,-0.143,0.0126,0.0006500000000000004
vol3,S7012 (B),modified,300100.0,-1.28,0.022,0.0123,0.0005000000000000004
vol3,S7012 (B),modified,300100.0,0.37,0.196,0.0134,0.0005999999999999998
vol3,S7012 (B),modified,300100.0,1.82,0.348,0.0145,0.00019999999999999966
vol3,S7012 (B),modified,300100.0,3.37,0.512,0.0157,0.00015000000000000083
vol3,S7012 (B),modified,300100.0,4.9,0.662,0.0174,0.0002999999999999999
vol3,S7012 (B),modified,300100.0,6.44,0.805,0.0197,0.0005500000000000001
vol3,S7012 (B),modified,300100.0,7.95,0.937,0.0228,0.0002999999999999999
vol3,S7012 (B),modified,300100.0,9.51,1.074,0.0266,0.0008000000000000004
vol3,S7012 (B),modified,300100.0,11.01,1.16,0.0328,0.002749999999999999
vol3,S7012 (B),modified,59938.0,-5.68,-0.313,0.0264,0.0017999999999999995
vol3,S7012 (B),modified,59938.0,-4.57,-0.212,0.0211,0.0011999999999999997
vol3,S7012 (B),modified,59938.0,-3.59,-0.12,0.0157,0.0022000000000000006
vol3,S7012 (B),modified,59938.0,-2.54,-0.044,0.0172,0.0023499999999999997
vol3,S7012 (B),modified,59938.0,-1.56,0.044,0.0145,0.00405
vol3,S7012 (B),modified,59938.0,-0.53,0.159,0.0167,0.0032500000000000003
vol3,S7012 (B),modified,59938.0,0.51,0.28,0.0163,0.0019500000000000003
vol3,S7012 (B),modified,59938.0,1.56,0.42,0.0237,0.0063500000000000015
vol3,S7012 (B),modified,59938.0,2.62,0.536,0.0266,0.0049
vol3,S7012 (B),modified,59938.0,3.6,0.615,0.0245,0.007199999999999998
vol3,S7012 (B),modified,59938.0,4.69,0.695,0.0238,0.004
vol3,S7012 (B),modified,59938.0,5.63,0.757,0.0264,0.00115
vol3,S7012 (B),modified,59938.0,6.64,0.823,0.0273,0.0016000000000000007
vol3,S7012 (B),modified,59938.0,7.68,0.878,0.0292,0.00145
vol3,S7012 (B),modified,59938.0,8.63,0.919,0.0355,0.0026999999999999975
vol3,S7012 (B),modified,59938.0,9.66,0.951,0.047,0.0015499999999999993
vol3,S7012 (B),modified,100182.0,-5.68,-0.333,0.0241,0.000700000000000001
vol3,S7012 (B),modified,100182.0,-4.64,-0.227,0.0191,0.0012499999999999994
vol3,S7012 (B),modified,100182.0,-3.59,-0.106,0.0142,0.00010000000000000026
vol3,S7012 (B),modified,100182.0,-2.53,-0.006,0.013,0.0006999999999999992
vol3,S7012 (B),modified,100182.0,-1.53,0.08,0.0102,0.0025
vol3,S7012 (B),modified,100182.0,-0.41,0.218,0.0133,0.0029499999999999995
vol3,S7012 (B),modified,100182.0,0.55,0.349,0.0134,0.002149999999999999
vol3,S7012 (B),modified,100182.0,1.65,0.457,0.0111,0.0012500000000000002
vol3,S7012 (B),modified,100182.0,2.61,0.549,0.0146,0.0009000000000000006
vol3,S7012 (B),modified,100182.0,3.65,0.633,0.016,0.0008499999999999992
vol3,S7012 (B),modified,100182.0,4.7,0.731,0.0182,0.0004999999999999987
vol3,S7012 (B),modified,100182.0,5.61,0.825,0.0197,0.0017499999999999998
vol3,S7012 (B),modified,100182.0,6.74,0.942,0.0223,0.00115
vol3,S7012 (B),modified,100182.0,7.69,0.998,0.0292,0.0024999999999999988
vol3,S7012 (B),modified,100182.0,8.78,1.055,0.0409,0.0017000000000000001
vol3,S7012 (B),modified,100182.0,9.77,1.086,0.0532,0.0034000000000000002
vol3,S7012 (B),modified,200048.0,-5.52,-0.222,0.0166,0.00275
vol3,S7012 (B),modified,200048.0,-4.56,-0.124,0.013,0.0007499999999999998
vol3,S7012 (B),modified,200048.0,-3.4,0.002,0.0103,0.0002999999999999999
vol3,S7012 (B),modified,200048.0,-2.55,0.089,0.0095,0.0006500000000000004
vol3,S7012 (B),modified,200048.0,-1.52,0.2,0.0099,0.001
vol3,S7012 (B),modified,200048.0,-0.47,0.308,0.0101,0.0028
vol3,S7012 (B),modified,200048.0,0.56,0.405,0.0089,0.001
vol3,S7012 (B),modified,200048.0,1.62,0.511,0.0096,0.0006000000000000007
vol3,S7012 (B),modified,200048.0,2.59,0.609,0.011,0.0006499999999999995
vol3,S7012 (B),modified,200048.0,3.61,0.717,0.0121,0.0004499999999999999
vol3,S7012 (B),modified,200048.0,4.62,0.823,0.0132,0.0002999999999999999
vol3,S7012 (B),modified,200048.0,5.62,0.926,0.0146,0.0003499999999999996
vol3,S7012 (B),modified,200048.0,6.78,1.025,0.0186,0.0010499999999999989
vol3,S7012 (B),modified,200048.0,7.73,1.086,0.0252,0.000700000000000001
vol3,S7012 (B),modified,200048.0,8.73,1.134,0.0323,0.0023499999999999997
vol3,S7012 (B),modified,200048.0,9.7,1.155,0.043,0.00435
vol3,S7012 (B),modified,299562.0,-5.48,-0.217,0.0135,0.00315
vol3,S7012 (B),modified,299562.0,-4.47,-0.11,0.0108,0.0021000000000000003
vol3,S7012 (B),modified,299562.0,-3.62,-0.022,0.0092,0.0009500000000000003
vol3,S7012 (B),modified,299562.0,-2.37,0.115,0.0085,0.0007000000000000001
vol3,S7012 (B),modified,299562.0,-1.39,0.216,0.0084,0.0002500000000000002
vol3,S7012 (B),modified,299562.0,-0.41,0.311,0.0079,4.99999999999997e-05
vol3,S7012 (B),modified,299562.0,0.74,0.424,0.0074,0.0002000000000000001
vol3,S7012 (B),modified,299562.0,1.78,0.534,0.0083,0.00014999999999999996
vol3,S7012 (B),modified,299562.0,2.53,0.615,0.009,0.0002999999999999999
vol3,S7012 (B),modified,299562.0,3.89,0.763,0.0107,0.0004499999999999999
vol3,S7012 (B),modified,299562.0,4.59,0.834,0.0114,0.0005000000000000004
vol3,S7012 (B),modified,299562.0,5.73,0.949,0.0133,0.0004499999999999999
vol3,S7012 (B),modified,299562.0,6.68,1.029,0.0163,0.0003999999999999993
vol3,S7012 (B),modified,299562.0,7.7,1.104,0.0222,0.000700000000000001
vol3,S7012 (B),modified,299562.0,8.7,1.16,0.0286,0.0014999999999999996
vol3,S7012 (B),modified,299562.0,9.77,1.186,0.0395,0.003449999999999998
vol3,S7075 (A),modified,59800.0,-4.0,-0.188,0.0277,0.0013500000000000005
vol3,S7075 (A),modified,59800.0,-2.99,-0.111,0.0226,0.0008999999999999998
vol3,S7075 (A),modified,59800.0,-1.97,-0.032,0.0165,0.0029000000000000007
vol3,S7075 (A),modified,59800.0,-0.95,0.076,0.0185,0.0028499999999999992
vol3,S7075 (A),modified,59800.0,0.08,0.18,0.0208,0.00315
vol3,S7075 (A),modified,59800.0,1.12,0.297,0.0201,0.0031999999999999997
vol3,S7075 (A),modified,59800.0,2.14,0.445,0.0246,0.002199999999999999
vol3,S7075 (A),modified,59800.0,3.17,0.606,0.0286,0.0017000000000000001
vol3,S7075 (A),modified,59800.0,4.23,0.753,0.0267,0.0026
vol3,S7075 (A),modified,59800.0,5.26,0.847,0.0228,0.0028000000000000004
vol3,S7075 (A),modified,59800.0,6.27,0.931,0.0248,0.004249999999999999
vol3,S7075 (A),modified,59800.0,7.29,1.008,0.0209,0.0019500000000000003
vol3,S7075 (A),modified,59800.0,8.31,1.073,0.0291,0.0015000000000000013
vol3,S7075 (A),modified,59800.0,9.31,1.123,0.0341,0.0019500000000000003
vol3,S7075 (A),modified,59800.0,10.34,1.173,0.0446,0.0021500000000000026
vol3,S7075 (A),modified,99600.0,-4.0,-0.177,0.0239,0.0008500000000000001
vol3,S7075 (A),modified,99600.0,-2.96,-0.081,0.0183,0.0009500000000000012
vol3,S7075 (A),modified,99600.0,-1.96,0.015,0.0172,0.0011000000000000003
vol3,S7075 (A),modified,99600.0,-0.95,0.108,0.015,0.0010000000000000009
vol3,S7075 (A),modified,99600.0,0.09,0.273,0.0171,0.0005500000000000001
vol3,S7075 (A),modified,99600.0,1.13,0.422,0.0191,0.0011000000000000003
vol3,S7075 (A),modified,99600.0,2.17,0.563,0.0212,0.0020500000000000015
vol3,S7075 (A),modified,99600.0,3.21,0.691,0.021,0.00015000000000000083
vol3,S7075 (A),modified,99600.0,4.22,0.79,0.0184,0.0005500000000000001
vol3,S7075 (A),modified,99600.0,5.26,0.886,0.0165,0.000700000000000001
vol3,S7075 (A),modified,99600.0,6.26,0.968,0.0181,0.0012499999999999994
vol3,S7075 (A),modified,99600.0,7.38,1.06,0.0217,0.0017499999999999998
vol3,S7075 (A),modified,99600.0,8.32,1.118,0.0261,0.00115
vol3,S7075 (A),modified,99600.0,9.31,1.163,0.0331,0.0011499999999999982
vol3,S7075 (A),modified,99600.0,10.33,1.206,0.0425,0.002149999999999999
vol3,S7075 (A),modified,199700.0,-4.03,-0.111,0.0188,0.0011999999999999997
vol3,S7075 (A),modified,199700.0,-2.99,0.006,0.0152,0.0014999999999999996
vol3,S7075 (A),modified,199700.0,-1.88,0.133,0.0133,0.00115
vol3,S7075 (A),modified,199700.0,-0.86,0.25,0.0118,0.0013999999999999993
vol3,S7075 (A),modified,199700.0,0.22,0.366,0.0108,0.0002500000000000002
vol3,S7075 (A),modified,199700.0,1.2,0.472,0.0106,0.0007000000000000001
vol3,S7075 (A),modified,199700.0,2.23,0.581,0.0101,0.0004000000000000002
vol3,S7075 (A),modified,199700.0,3.22,0.7,0.01,0.0005500000000000001
vol3,S7075 (A),modified,199700.0,4.27,0.807,0.0108,0.0003499999999999996
vol3,S7075 (A),modified,199700.0,5.28,0.901,0.0127,0.0003999999999999993
vol3,S7075 (A),modified,199700.0,6.31,0.99,0.0148,0.0002999999999999999
vol3,S7075 (A),modified,199700.0,7.31,1.068,0.0175,0.0009500000000000012
vol3,S7075 (A),modified,199700.0,8.32,1.128,0.022,0.0009000000000000015
vol3,S7075 (A),modified,199700.0,9.34,1.179,0.0278,0.0008500000000000001
vol3,S7075 (A),modified,199700.0,10.37,1.219,0.0353,0.0015000000000000013
vol3,S7075 (A),modified,299400.0,-3.97,-0.041,0.0144,0.00245
vol3,S7075 (A),modified,299400.0,-2.96,0.059,0.0117,0.00215
vol3,S7075 (A),modified,299400.0,-1.93,0.162,0.01,0.0002999999999999999
vol3,S7075 (A),modified,299400.0,-0.91,0.266,0.0085,0.0003499999999999996
vol3,S7075 (A),modified,299400.0,0.15,0.395,0.0077,0.0005000000000000004
vol3,S7075 (A),modified,299400.0,1.18,0.51,0.0078,0.0002999999999999999
vol3,S7075 (A),modified,299400.0,2.24,0.623,0.0083,0.0003500000000000005
vol3,S7075 (A),modified,299400.0,3.27,0.73,0.0088,0.0006499999999999995
vol3,S7075 (A),modified,299400.0,4.2,0.818,0.0096,0.0006499999999999995
vol3,S7075 (A),modified,299400.0,5.26,0.915,0.0113,0.0005500000000000001
vol3,S7075 (A),modified,299400.0,6.32,1.007,0.0134,0.0005500000000000001
vol3,S7075 (A),modified,299400.0,7.28,1.08,0.0156,0.0005000000000000004
vol3,S7075 (A),modified,299400.0,8.32,1.151,0.02,0.00115
vol3,S7075 (A),modified,299400.0,9.34,1.208,0.0248,0.00115
vol3,S7075 (A),modified,299400.0,10.35,1.245,0.0312,0.001850000000000001
vol3,S7075 (A),modified,60300.0,-4.01,-0.255,0.0375,0.00435
vol3,S7075 (A),modified,60300.0,-2.99,-0.162,0.0286,0.00715
vol3,S7075 (A),modified,60300.0,-1.98,-0.069,0.0208,0.0056
vol3,S7075 (A),modified,60300.0,-0.95,0.032,0.0164,0.0023499999999999997
vol3,S7075 (A),modified,60300.0,0.07,0.146,0.0152,0.0017500000000000007
vol3,S7075 (A),modified,60300.0,1.13,0.271,0.0182,0.0032499999999999994
vol3,S7075 (A),modified,60300.0,2.13,0.392,0.0204,0.00405
vol3,S7075 (A),modified,60300.0,3.18,0.531,0.0235,0.0016999999999999984
vol3,S7075 (A),modified,60300.0,4.21,0.669,0.0271,0.0006499999999999995
vol3,S7075 (A),modified,60300.0,5.24,0.792,0.0229,0.0019000000000000006
vol3,S7075 (A),modified,60300.0,6.26,0.883,0.022,0.00145
vol3,S7075 (A),modified,60300.0,7.29,0.958,0.0205,0.00255
vol3,S7075 (A),modified,60300.0,8.3,1.031,0.0244,0.006699999999999999
vol3,S7075 (A),modified,60300.0,9.32,1.09,0.0283,0.0036499999999999987
vol3,S7075 (A),modified,60300.0,10.33,1.133,0.033,0.005899999999999999
vol3,S7075 (A),modified,60300.0,11.35,1.161,0.0426,0.01125
vol3,S7075 (A),modified,99700.0,-5.04,-0.322,0.0481,0.0011000000000000003
vol3,S7075 (A),modified,99700.0,-4.02,-0.228,0.0284,0.0012499999999999994
vol3,S7075 (A),modified,99700.0,-3.0,-0.12,0.0217,0.0009499999999999995
vol3,S7075 (A),modified,99700.0,-1.97,0.006,0.0162,0.0003499999999999996
vol3,S7075 (A),modified,99700.0,-0.94,0.14,0.0087,0.0009500000000000003
vol3,S7075 (A),modified,99700.0,0.1,0.271,0.0154,0.0009500000000000003
vol3,S7075 (A),modified,99700.0,1.13,0.385,0.0171,0.0025000000000000005
vol3,S7075 (A),modified,99700.0,2.22,0.515,0.0206,0.0014000000000000002
vol3,S7075 (A),modified,99700.0,3.2,0.633,0.0207,0.000700000000000001
vol3,S7075 (A),modified,99700.0,4.22,0.739,0.0177,0.00045000000000000075
vol3,S7075 (A),modified,99700.0,5.25,0.825,0.0163,0.0005500000000000001
vol3,S7075 (A),modified,99700.0,6.29,0.905,0.0161,0.0005000000000000004
vol3,S7075 (A),modified,99700.0,7.29,0.984,0.0196,0.0011000000000000003
vol3,S7075 (A),modified,99700.0,8.32,1.057,0.0219,0.0002999999999999999
vol3,S7075 (A),modified,99700.0,9.32,1.105,0.0285,0.0023
vol3,S7075 (A),modified,99700.0,10.36,1.146,0.0355,0.0016000000000000007
vol3,S7075 (A),modified,99700.0,11.35,1.184,0.0466,0.0038999999999999972
vol3,S7075 (A),modified,199400.0,-5.08,-0.207,0.0295,0.0020499999999999997
vol3,S7075 (A),modified,199400.0,-3.87,-0.077,0.0177,0.000700000000000001
vol3,S7075 (A),modified,199400.0,-2.92,0.018,0.0139,0.0007000000000000001
vol3,S7075 (A),modified,199400.0,-1.98,0.107,0.0115,0.0006500000000000004
vol3,S7075 (A),modified,199400.0,-0.81,0.215,0.0091,0.0003499999999999996
vol3,S7075 (A),modified,199400.0,0.23,0.334,0.0089,0.0005999999999999998
vol3,S7075 (A),modified,199400.0,1.13,0.436,0.0098,0.0005000000000000004
vol3,S7075 (A),modified,199400.0,2.12,0.541,0.0105,0.0002999999999999999
vol3,S7075 (A),modified,199400.0,3.27,0.657,0.0099,0.0006500000000000004
vol3,S7075 (A),modified,199400.0,4.27,0.757,0.0104,0.0002999999999999999
vol3,S7075 (A),modified,199400.0,5.32,0.857,0.0118,0.0002999999999999999
vol3,S7075 (A),modified,199400.0,6.29,0.941,0.0139,0.0002500000000000002
vol3,S7075 (A),modified,199400.0,7.33,1.025,0.0163,0.0005999999999999998
vol3,S7075 (A),modified,199400.0,8.31,1.096,0.0193,0.0002999999999999999
vol3,S7075 (A),modified,199400.0,9.33,1.151,0.0251,0.0009999999999999992
vol3,S7075 (A),modified,199400.0,10.34,1.199,0.0311,0.0009999999999999992
vol3,S7075 (A),modified,199400.0,11.35,1.234,0.0393,0.002250000000000002
vol3,S7075 (A),modified,299500.0,-5.02,-0.207,0.0258,0.002
vol3,S7075 (A),modified,299500.0,-4.0,-0.109,0.0163,0.0010500000000000006
vol3,S7075 (A),modified,299500.0,-2.92,-0.001,0.0126,0.0003499999999999996
vol3,S7075 (A),modified,299500.0,-1.95,0.097,0.0101,0.0005999999999999998
vol3,S7075 (A),modified,299500.0,-0.94,0.203,0.0081,0.0004500000000000003
vol3,S7075 (A),modified,299500.0,0.09,0.317,0.0074,0.0005
vol3,S7075 (A),modified,299500.0,1.14,0.438,0.0076,0.0006000000000000003
vol3,S7075 (A),modified,299500.0,2.15,0.55,0.0078,0.0009499999999999999
vol3,S7075 (A),modified,299500.0,3.31,0.671,0.0085,0.0013
vol3,S7075 (A),modified,299500.0,4.37,0.78,0.0093,0.0007499999999999998
vol3,S7075 (A),modified,299500.0,5.35,0.87,0.0108,0.0002999999999999999
vol3,S7075 (A),modified,299500.0,6.24,0.946,0.0124,0.00014999999999999996
vol3,S7075 (A),modified,299500.0,7.27,1.031,0.0147,0.0002999999999999999
vol3,S7075 (A),modified,299500.0,8.29,1.107,0.0177,0.00040000000000000105
vol3,S7075 (A),modified,299500.0,9.36,1.175,0.0226,0.0009499999999999995
vol3,S7075 (A),modified,299500.0,10.35,1.222,0.0274,0.0016000000000000007
vol3,S7075 (A),modified,299500.0,11.36,1.257,0.0355,0.002400000000000003
vol3,S7075 (B),modified,60300.0,-5.22,-0.301,0.0269,0.0023999999999999994
vol3,S7075 (B),modified,60300.0,-4.1,-0.231,0.0236,0.001850000000000001
vol3,S7075 (B),modified,60300.0,-3.11,-0.156,0.018,0.0011999999999999997
vol3,S7075 (B),modified,60300.0,-2.12,-0.073,0.0164,0.00255
vol3,S7075 (B),modified,60300.0,-1.05,0.03,0.0163,0.0036
vol3,S7075 (B),modified,60300.0,-0.04,0.152,0.0189,0.00285
vol3,S7075 (B),modified,60300.0,0.97,0.314,0.0254,0.0031999999999999997
vol3,S7075 (B),modified,60300.0,2.0,0.483,0.0287,0.002150000000000001
vol3,S7075 (B),modified,60300.0,3.04,0.627,0.0248,0.00395
vol3,S7075 (B),modified,60300.0,4.07,0.734,0.0238,0.006700000000000001
vol3,S7075 (B),modified,60300.0,5.08,0.824,0.0221,0.00315
vol3,S7075 (B),modified,60300.0,6.16,0.905,0.023,0.0007999999999999986
vol3,S7075 (B),modified,60300.0,7.13,0.988,0.0306,0.005850000000000001
vol3,S7075 (B),modified,60300.0,8.18,1.072,0.0354,0.005899999999999999
vol3,S7075 (B),modified,60300.0,9.18,1.133,0.0358,0.003300000000000001
vol3,S7075 (B),modified,60300.0,10.14,1.181,0.0428,0.0051
vol3,S7075 (B),modified,99800.0,-5.19,-0.274,0.035,0.000899999999999998
vol3,S7075 (B),modified,99800.0,-4.18,-0.199,0.025,0.0004999999999999987
vol3,S7075 (B),modified,99800.0,-3.11,-0.098,0.0208,0.0020499999999999997
vol3,S7075 (B),modified,99800.0,-1.98,0.051,0.0167,0.0021000000000000003
vol3,S7075 (B),modified,99800.0,-1.09,0.159,0.0149,0.0006500000000000004
vol3,S7075 (B),modified,99800.0,-0.06,0.318,0.0158,0.0003499999999999996
vol3,S7075 (B),modified,99800.0,0.97,0.458,0.0168,0.000700000000000001
vol3,S7075 (B),modified,99800.0,2.0,0.58,0.0173,0.0003999999999999993
vol3,S7075 (B),modified,99800.0,3.05,0.68,0.0171,0.001599999999999999
vol3,S7075 (B),modified,99800.0,4.04,0.771,0.0168,0.0008999999999999998
vol3,S7075 (B),modified,99800.0,5.12,0.869,0.0164,0.0009999999999999992
vol3,S7075 (B),modified,99800.0,6.1,0.959,0.0174,0.0014999999999999996
vol3,S7075 (B),modified,99800.0,7.11,1.045,0.02,0.0013499999999999988
vol3,S7075 (B),modified,99800.0,8.13,1.101,0.0252,0.002
vol3,S7075 (B),modified,99800.0,9.15,1.165,0.0318,0.0026000000000000016
vol3,S7075 (B),modified,99800.0,10.17,1.213,0.0394,0.004700000000000003
vol3,S7075 (B),modified,199800.0,-5.23,-0.25,0.0256,0.0020500000000000015
vol3,S7075 (B),modified,199800.0,-4.15,-0.125,0.0183,0.0013000000000000008
vol3,S7075 (B),modified,199800.0,-3.13,0.016,0.0149,0.0008500000000000001
vol3,S7075 (B),modified,199800.0,-2.1,0.135,0.0117,0.0005500000000000001
vol3,S7075 (B),modified,199800.0,-1.07,0.231,0.0099,0.00145
vol3,S7075 (B),modified,199800.0,-0.03,0.332,0.0099,0.0009499999999999995
vol3,S7075 (B),modified,199800.0,1.01,0.443,0.0102,0.0007500000000000007
vol3,S7075 (B),modified,199800.0,2.01,0.548,0.0099,0.00115
vol3,S7075 (B),modified,199800.0,3.06,0.66,0.0103,0.0004999999999999996
vol3,S7075 (B),modified,199800.0,4.08,0.762,0.0111,0.00024999999999999935
vol3,S7075 (B),modified,199800.0,5.1,0.859,0.0124,0.0003999999999999993
vol3,S7075 (B),modified,199800.0,6.12,0.949,0.0146,0.0005500000000000001
vol3,S7075 (B),modified,199800.0,7.15,1.029,0.0186,0.000700000000000001
vol3,S7075 (B),modified,199800.0,8.24,1.108,0.0227,0.0004999999999999987
vol3,S7075 (B),modified,199800.0,9.2,1.176,0.0266,0.0008000000000000004
vol3,S7075 (B),modified,199800.0,10.19,1.224,0.0328,0.00425
vol3,S7075 (B),modified,299800.0,-5.2,-0.204,0.0216,0.0008500000000000001
vol3,S7075 (B),modified,299800.0,-4.16,-0.087,0.0146,0.0016499999999999996
vol3,S7075 (B),modified,299800.0,-3.14,0.024,0.0118,0.0018999999999999998
vol3,S7075 (B),modified,299800.0,-2.11,0.122,0.0107,0.0008500000000000001
vol3,S7075 (B),modified,299800.0,-1.09,0.233,0.0086,0.0007499999999999998
vol3,S7075 (B),modified,299800.0,-0.08,0.334,0.0077,0.0011499999999999995
vol3,S7075 (B),modified,299800.0,0.98,0.455,0.0077,5.000000000000013e-05
vol3,S7075 (B),modified,299800.0,2.0,0.571,0.0082,0.0004999999999999996
vol3,S7075 (B),modified,299800.0,3.08,0.681,0.0087,0.0004000000000000002
vol3,S7075 (B),modified,299800.0,4.06,0.781,0.0096,0.0004000000000000002
vol3,S7075 (B),modified,299800.0,5.08,0.883,0.011,0.0004499999999999999
vol3,S7075 (B),modified,299800.0,6.09,0.975,0.0132,0.0005000000000000004
vol3,S7075 (B),modified,299800.0,7.14,1.06,0.0164,0.0006499999999999995
vol3,S7075 (B),modified,299800.0,8.15,1.141,0.0197,0.0003499999999999996
vol3,S7075 (B),modified,299800.0,9.23,1.219,0.0231,0.0017000000000000001
vol3,S7075 (B),modified,299800.0,10.21,1.268,0.0292,0.0043500000000000014
vol3,S8036,clean,100800.0,-5.51,-0.374,0.0196,0.0031999999999999997
vol3,S8036,clean,100800.0,-3.99,-0.198,0.0204,0.0023
vol3,S8036,clean,100800.0,-3.06,-0.13,0.0221,0.0011000000000000003
vol3,S8036,clean,100800.0,-1.24,0.01,0.0229,0.002150000000000001
vol3,S8036,clean,100800.0,-1.03,0.03,0.0238,0.0013999999999999985
vol3,S8036,clean,100800.0,0.1,0.143,0.0251,0.0013000000000000008
vol3,S8036,clean,100800.0,1.02,0.257,0.0244,0.0012000000000000014
vol3,S8036,clean,100800.0,2.01,0.407,0.0254,0.0009000000000000015
vol3,S8036,clean,100800.0,3.2,0.543,0.0238,0.0009999999999999992
vol3,S8036,clean,100800.0,4.1,0.598,0.0223,0.0019500000000000003
vol3,S8036,clean,100800.0,5.12,0.68,0.0213,0.002
vol3,S8036,clean,100800.0,6.26,0.788,0.0205,0.0014000000000000002
vol3,S8036,clean,100800.0,7.16,0.867,0.0203,0.00145
vol3,S8036,clean,100800.0,8.2,0.953,0.0214,0.002
vol3,S8036,clean,100800.0,9.24,1.034,0.0231,0.0025000000000000005
vol3,S8036,clean,100800.0,10.34,1.099,0.0257,0.003899999999999999
vol3,S8036,clean,99700.0,12.19,1.135,0.0422,0.0081
vol3,S8036,clean,99700.0,12.28,1.14,0.039,0.004750000000000001
vol3,S8036,clean,200700.0,-3.95,-0.202,0.0132,0.00115
vol3,S8036,clean,200700.0,-2.9,-0.108,0.0137,0.0002999999999999999
vol3,S8036,clean,200700.0,-1.84,-0.014,0.0138,0.0002500000000000002
vol3,S8036,clean,200700.0,-0.72,0.085,0.0141,0.0005500000000000001
vol3,S8036,clean,200700.0,0.02,0.149,0.014,0.0008999999999999998
vol3,S8036,clean,200700.0,1.05,0.253,0.0143,0.0008999999999999998
vol3,S8036,clean,200700.0,2.3,0.384,0.0144,0.0006499999999999995
vol3,S8036,clean,200700.0,3.24,0.513,0.0143,0.0006500000000000004
vol3,S8036,clean,200700.0,4.4,0.712,0.0144,0.0005500000000000001
vol3,S8036,clean,200700.0,5.45,0.8,0.0147,0.0007499999999999998
vol3,S8036,clean,200700.0,6.18,0.86,0.0149,0.0007999999999999995
vol3,S8036,clean,200700.0,7.19,0.936,0.0154,0.00045000000000000075
vol3,S8036,clean,200700.0,8.23,1.007,0.0175,0.0006000000000000016
vol3,S8036,clean,200700.0,9.38,1.085,0.0205,0.00045000000000000075
vol3,S8036,clean,200700.0,10.84,1.161,0.0258,0.0028000000000000004
vol3,S8036,clean,200700.0,11.4,1.181,0.03,0.005549999999999999
vol3,S8036,clean,301400.0,-3.96,-0.222,0.011,0.0005999999999999998
vol3,S8036,clean,301400.0,-2.94,-0.128,0.0109,0.0004000000000000002
vol3,S8036,clean,301400.0,-1.54,0.007,0.0109,0.0004999999999999996
vol3,S8036,clean,301400.0,-0.88,0.06,0.011,0.0004499999999999999
vol3,S8036,clean,301400.0,0.14,0.171,0.0114,0.0005000000000000004
vol3,S8036,clean,301400.0,1.18,0.316,0.0117,0.0006499999999999995
vol3,S8036,clean,301400.0,2.22,0.427,0.0118,0.0005999999999999998
vol3,S8036,clean,301400.0,3.24,0.539,0.0127,0.0013
vol3,S8036,clean,301400.0,4.27,0.673,0.012,0.00145
vol3,S8036,clean,301400.0,5.08,0.78,0.0129,0.0011000000000000003
vol3,S8036,clean,301400.0,6.32,0.887,0.0125,0.0005500000000000001
vol3,S8036,clean,301400.0,7.33,0.956,0.014,0.0005000000000000004
vol3,S8036,clean,301400.0,8.36,1.03,0.0164,0.0002500000000000002
vol3,S8036,clean,301400.0,9.38,1.104,0.019,0.0007500000000000007
vol3,S8036,clean,301400.0,10.28,1.158,0.0215,0.0017499999999999998
vol3,S8036,clean,301400.0,11.43,1.205,0.0293,0.0101
vol3,S8036,clean,304500.0,-6.73,-0.458,0.0152,0.0005499999999999993
vol3,S8036,clean,304500.0,-6.17,-0.414,0.0143,0.0005500000000000001
vol3,S8036,clean,305000.0,-4.99,-0.312,0.0127,0.0004000000000000002
vol3,S8036,clean,402400.0,-7.02,-0.501,0.0144,0.0003499999999999996
vol3,S8036,clean,402400.0,-5.99,-0.414,0.013,0.0002999999999999999
vol3,S8036,clean,402400.0,-5.13,-0.334,0.0121,0.00024999999999999935
vol3,S8036,clean,402400.0,-3.83,-0.215,0.0101,0.00014999999999999996
vol3,S8036,clean,402400.0,-2.91,-0.129,0.0098,0.00045000000000000075
vol3,S8036,clean,402400.0,-1.92,-0.029,0.0098,0.0005500000000000001
vol3,S8036,clean,402400.0,-0.9,0.062,0.0098,0.0004999999999999996
vol3,S8036,clean,402400.0,0.53,0.256,0.0101,0.0005999999999999998
vol3,S8036,clean,402400.0,0.8,0.285,0.0101,0.0005500000000000001
vol3,S8036,clean,402400.0,2.2,0.439,0.0106,0.0005500000000000001
vol3,S8036,clean,402400.0,3.22,0.546,0.0109,0.0007499999999999998
vol3,S8036,clean,402400.0,4.25,0.665,0.0122,0.0021000000000000003
vol3,S8036,clean,402400.0,5.09,0.771,0.0115,0.0016500000000000004
vol3,S8036,clean,402400.0,6.33,0.888,0.0117,0.0003500000000000005
vol3,S8036,clean,402400.0,7.19,0.944,0.0133,0.0003999999999999993
vol3,S8036,clean,402400.0,8.21,1.021,0.0154,0.0003500000000000005
vol3,S8036,clean,402400.0,9.56,1.119,0.0188,0.00115
vol3,S8036,clean,402400.0,10.34,1.162,0.0213,0.002149999999999999
vol3,S8036,clean,402400.0,11.37,1.2,0.0275,0.00865
vol3,S8036,clean,402400.0,12.37,1.224,0.0433,0.022350000000000002
vol3,S8036,clean,502900.0,-6.29,-0.459,0.0132,0.0002500000000000002
vol3,S8036,clean,502900.0,-5.03,-0.345,0.0117,0.0002500000000000002
vol3,S8036,clean,502900.0,-3.97,-0.247,0.0108,0.0003499999999999996
vol3,S8036,clean,502900.0,-2.94,-0.159,0.0092,0.00014999999999999996
vol3,S8036,clean,502900.0,-1.91,-0.056,0.0091,0.0005499999999999993
vol3,S8036,clean,502900.0,-0.92,0.045,0.0091,0.0006499999999999995
vol3,S8036,clean,502900.0,0.14,0.171,0.0092,0.0005000000000000004
vol3,S8036,clean,502900.0,1.28,0.302,0.0094,0.0006000000000000007
vol3,S8036,clean,502900.0,2.29,0.415,0.0095,0.0004000000000000002
vol3,S8036,clean,502900.0,3.42,0.537,0.0099,0.0004000000000000002
vol3,S8036,clean,502900.0,4.13,0.606,0.0102,0.0004499999999999999
vol3,S8036,clean,502900.0,5.21,0.722,0.0109,0.0008000000000000004
vol3,S8036,clean,502900.0,6.47,0.859,0.0123,0.0004499999999999999
vol3,S8036,clean,502900.0,7.44,0.928,0.0127,0.0003499999999999996
vol3,S8036,clean,502900.0,8.33,0.992,0.0141,0.0003499999999999996
vol3,S8036,clean,502900.0,9.32,1.066,0.0158,0.0005000000000000004
vol3,S8036,clean,502900.0,10.34,1.128,0.0191,0.0014999999999999996
vol3,S8036,clean,502900.0,11.35,1.169,0.0246,0.006149999999999999
vol3,S8036,clean,502900.0,12.52,1.197,0.0394,0.022250000000000002
vol3,S8037,clean,100500.0,-4.14,-0.188,0.022,0.001850000000000001
vol3,S8037,clean,100500.0,-2.9,-0.108,0.0249,0.002150000000000001
vol3,S8037,clean,100500.0,-1.59,-0.018,0.0261,0.0020999999999999994
vol3,S8037,clean,100500.0,-1.07,0.037,0.0269,0.00345
vol3,S8037,clean,100500.0,-0.04,0.183,0.028,0.003850000000000001
vol3,S8037,clean,100500.0,1.0,0.362,0.0282,0.004750000000000001
vol3,S8037,clean,100500.0,1.87,0.48,0.0278,0.003599999999999999
vol3,S8037,clean,100500.0,3.27,0.567,0.0263,0.00285
vol3,S8037,clean,100500.0,3.84,0.614,0.026,0.0032499999999999994
vol3,S8037,clean,100500.0,4.86,0.703,0.0278,0.0026
vol3,S8037,clean,100500.0,5.97,0.811,0.0256,0.00255
vol3,S8037,clean,100500.0,7.3,0.926,0.0236,0.0017499999999999998
vol3,S8037,clean,100500.0,8.17,0.998,0.025,0.002199999999999999
vol3,S8037,clean,100500.0,9.03,1.069,0.0269,0.0014500000000000016
vol3,S8037,clean,100500.0,10.07,1.159,0.0294,0.002149999999999999
vol3,S8037,clean,100500.0,11.22,1.225,0.0321,0.002
vol3,S8037,clean,100500.0,12.23,1.258,0.0366,0.0045000000000000005
vol3,S8037,clean,200800.0,-4.16,-0.184,0.0147,0.0007999999999999995
vol3,S8037,clean,200800.0,-3.11,-0.105,0.0138,0.0005500000000000001
vol3,S8037,clean,200800.0,-2.11,-0.018,0.014,0.0008500000000000001
vol3,S8037,clean,200800.0,-1.09,0.069,0.0146,0.0008000000000000004
vol3,S8037,clean,200800.0,-0.09,0.163,0.015,0.0009500000000000003
vol3,S8037,clean,200800.0,0.98,0.281,0.0155,0.002150000000000001
vol3,S8037,clean,200800.0,2.0,0.419,0.015,0.0010999999999999994
vol3,S8037,clean,200800.0,3.07,0.589,0.0152,0.001400000000000001
vol3,S8037,clean,200800.0,4.03,0.686,0.0153,0.000449999999999999
vol3,S8037,clean,200800.0,5.09,0.775,0.0152,0.0004499999999999999
vol3,S8037,clean,200800.0,6.11,0.868,0.0152,0.00019999999999999966
vol3,S8037,clean,200800.0,7.16,0.96,0.0155,0.0003500000000000005
vol3,S8037,clean,200800.0,8.14,1.043,0.0171,0.0011000000000000003
vol3,S8037,clean,200800.0,9.17,1.124,0.019,0.0010000000000000009
vol3,S8037,clean,200800.0,10.19,1.194,0.0212,0.0005999999999999998
vol3,S8037,clean,200800.0,11.2,1.251,0.0243,0.0006499999999999995
vol3,S8037,clean,200800.0,12.26,1.289,0.0276,0.001850000000000001
vol3,S8037,clean,300900.0,-4.15,-0.178,0.0133,0.0009000000000000006
vol3,S8037,clean,300900.0,-3.11,-0.101,0.0113,0.00019999999999999966
vol3,S8037,clean,300900.0,-2.06,-0.01,0.0113,0.0003499999999999996
vol3,S8037,clean,300900.0,-1.07,0.085,0.0114,0.0006500000000000004
vol3,S8037,clean,300900.0,-0.03,0.193,0.0112,0.0009000000000000006
vol3,S8037,clean,300900.0,1.0,0.297,0.0114,0.0008999999999999998
vol3,S8037,clean,300900.0,2.0,0.409,0.0118,0.0008000000000000004
vol3,S8037,clean,300900.0,3.0,0.545,0.0121,0.00045000000000000075
vol3,S8037,clean,300900.0,4.02,0.692,0.0133,0.0010499999999999997
vol3,S8037,clean,300900.0,5.09,0.808,0.0123,0.00020000000000000052
vol3,S8037,clean,300900.0,6.09,0.891,0.0126,0.0005999999999999998
vol3,S8037,clean,300900.0,7.12,0.974,0.0132,0.0006499999999999995
vol3,S8037,clean,300900.0,8.16,1.053,0.0149,0.0007999999999999995
vol3,S8037,clean,300900.0,9.18,1.125,0.0167,0.0007500000000000007
vol3,S8037,clean,300900.0,10.3,1.199,0.0193,0.0006999999999999992
vol3,S8037,clean,300900.0,11.17,1.248,0.0213,0.0009500000000000012
vol3,S8037,clean,300900.0,12.25,1.28,0.0257,0.00285
vol3,S8037,clean,400800.0,-4.17,-0.181,0.0124,0.0005999999999999998
vol3,S8037,clean,400800.0,-3.03,-0.095,0.0104,0.0004000000000000002
vol3,S8037,clean,400800.0,-2.13,-0.016,0.0101,0.0004499999999999999
vol3,S8037,clean,400800.0,-1.09,0.086,0.0099,0.0008000000000000004
vol3,S8037,clean,400800.0,-0.04,0.199,0.0099,0.0008500000000000001
vol3,S8037,clean,400800.0,1.0,0.31,0.0097,0.0007500000000000007
vol3,S8037,clean,400800.0,2.07,0.425,0.0099,0.0008000000000000004
vol3,S8037,clean,400800.0,3.09,0.545,0.0107,0.00225
vol3,S8037,clean,400800.0,4.11,0.684,0.0107,0.001
vol3,S8037,clean,400800.0,5.07,0.802,0.0109,0.003
vol3,S8037,clean,400800.0,6.09,0.893,0.0111,0.0005999999999999998
vol3,S8037,clean,400800.0,7.11,0.97,0.0121,0.0005999999999999998
vol3,S8037,clean,400800.0,8.16,1.047,0.0135,0.0003499999999999996
vol3,S8037,clean,400800.0,9.25,1.122,0.016,0.0005000000000000004
vol3,S8037,clean,400800.0,10.37,1.191,0.0184,0.0005999999999999998
vol3,S8037,clean,400800.0,11.28,1.232,0.0212,0.00145
vol3,S8037,clean,400800.0,12.22,1.253,0.0252,0.0063
vol3,S8037,clean,501900.0,-4.16,-0.216,0.012,0.0007499999999999998
vol3,S8037,clean,501900.0,-3.15,-0.134,0.0107,0.0009000000000000006
vol3,S8037,clean,501900.0,-2.12,-0.046,0.009,0.0004999999999999996
vol3,S8037,clean,501900.0,-1.07,0.055,0.009,0.0004999999999999996
vol3,S8037,clean,501900.0,-0.01,0.171,0.009,0.0007000000000000001
vol3,S8037,clean,501900.0,1.05,0.288,0.0088,0.0005999999999999998
vol3,S8037,clean,501900.0,2.11,0.404,0.0088,0.0002999999999999999
vol3,S8037,clean,501900.0,3.27,0.529,0.009,0.00024999999999999935
vol3,S8037,clean,501900.0,4.29,0.655,0.0097,0.0009000000000000006
vol3,S8037,clean,501900.0,5.28,0.788,0.011,0.0015500000000000002
vol3,S8037,clean,501900.0,6.33,0.902,0.0104,0.00019999999999999966
vol3,S8037,clean,501900.0,7.49,0.987,0.0117,0.0002500000000000002
vol3,S8037,clean,501900.0,8.27,1.042,0.0128,0.0002500000000000002
vol3,S8037,clean,501900.0,9.15,1.098,0.0143,0.0003500000000000005
vol3,S8037,clean,501900.0,10.17,1.165,0.0164,0.0002500000000000002
vol3,S8037,clean,501900.0,11.18,1.217,0.0189,0.0010499999999999989
vol3,S8037,clean,501900.0,12.26,1.246,0.0216,0.00255
vol3,S8052,clean,100200.0,-3.99,-0.317,0.0148,0.0036500000000000005
vol3,S8052,clean,100200.0,-2.94,-0.18,0.0165,0.0026999999999999993
vol3,S8052,clean,100200.0,-1.93,-0.088,0.016,0.0024999999999999996
vol3,S8052,clean,100200.0,-0.91,0.002,0.0179,0.00315
vol3,S8052,clean,100200.0,0.14,0.152,0.019,0.0039
vol3,S8052,clean,100200.0,1.17,0.287,0.019,0.00045000000000000075
vol3,S8052,clean,100200.0,2.18,0.355,0.0203,0.00115
vol3,S8052,clean,100200.0,3.21,0.445,0.0188,0.000700000000000001
vol3,S8052,clean,100200.0,4.22,0.547,0.0174,0.0009999999999999992
vol3,S8052,clean,100200.0,5.25,0.643,0.0165,0.0009500000000000012
vol3,S8052,clean,100200.0,6.29,0.748,0.0179,0.0020499999999999997
vol3,S8052,clean,100200.0,7.35,0.847,0.0194,0.0007499999999999989
vol3,S8052,clean,100200.0,8.35,0.939,0.0231,0.0008500000000000001
vol3,S8052,clean,100200.0,9.41,1.024,0.0271,0.0020999999999999994
vol3,S8052,clean,100200.0,10.36,1.088,0.0338,0.0013999999999999985
vol3,S8052,clean,101000.0,-6.02,-0.465,0.0235,0.0020499999999999997
vol3,S8052,clean,101000.0,-5.0,-0.414,0.0181,0.0013500000000000005
vol3,S8052,clean,202500.0,-6.06,-0.477,0.0177,0.00245
vol3,S8052,clean,202500.0,-4.94,-0.349,0.0141,0.0036999999999999993
vol3,S8052,clean,202500.0,-4.03,-0.266,0.0126,0.0015500000000000002
vol3,S8052,clean,200400.0,-2.99,-0.172,0.0112,0.0005999999999999998
vol3,S8052,clean,200400.0,-1.87,-0.071,0.0115,0.0008000000000000004
vol3,S8052,clean,200400.0,-0.86,0.019,0.0114,0.0017499999999999998
vol3,S8052,clean,200400.0,0.12,0.103,0.0122,0.0008500000000000001
vol3,S8052,clean,200400.0,1.15,0.19,0.0123,0.00115
vol3,S8052,clean,200400.0,2.16,0.315,0.0108,0.0008999999999999998
vol3,S8052,clean,200400.0,3.19,0.436,0.011,0.00014999999999999996
vol3,S8052,clean,200400.0,4.22,0.543,0.0111,0.00019999999999999966
vol3,S8052,clean,200400.0,5.27,0.678,0.012,0.00045000000000000075
vol3,S8052,clean,200400.0,6.29,0.782,0.0139,0.0004000000000000002
vol3,S8052,clean,200400.0,7.32,0.88,0.0158,0.0003499999999999996
vol3,S8052,clean,200400.0,8.34,0.968,0.0189,0.00115
vol3,S8052,clean,200400.0,9.35,1.046,0.0227,0.00115
vol3,S8052,clean,200400.0,10.36,1.116,0.0272,0.0012499999999999994
vol3,S8052,clean,301200.0,-6.04,-0.479,0.0168,0.0008999999999999998
vol3,S8052,clean,301200.0,-5.0,-0.389,0.0142,0.0012500000000000002
vol3,S8052,clean,301200.0,-3.95,-0.29,0.0118,0.0008500000000000001
vol3,S8052,clean,301200.0,-2.93,-0.19,0.01,0.0003500000000000005
vol3,S8052,clean,301200.0,-1.93,-0.09,0.0096,0.0002500000000000002
vol3,S8052,clean,301200.0,-0.88,0.014,0.01,0.0009500000000000003
vol3,S8052,clean,301200.0,0.13,0.102,0.0098,0.0006000000000000007
vol3,S8052,clean,301200.0,1.3,0.227,0.0095,0.0005000000000000004
vol3,S8052,clean,301200.0,2.17,0.34,0.0092,0.0002999999999999999
vol3,S8052,clean,301200.0,3.2,0.471,0.0088,0.0004000000000000002
vol3,S8052,clean,301200.0,4.22,0.581,0.0094,0.0003499999999999996
vol3,S8052,clean,301200.0,5.26,0.688,0.0107,0.0003499999999999996
vol3,S8052,clean,301200.0,6.29,0.791,0.0123,0.0004999999999999996
vol3,S8052,clean,301200.0,7.3,0.894,0.0139,0.0004499999999999999
vol3,S8052,clean,301200.0,8.34,0.992,0.0163,0.0007999999999999995
vol3,S8052,clean,301200.0,9.41,1.08,0.0198,0.0014000000000000002
vol3,S8052,clean,301200.0,10.39,1.153,0.0237,0.00145
vol3,S8052,clean,401800.0,-6.03,-0.498,0.0154,0.0008499999999999992
vol3,S8052,clean,401800.0,-5.0,-0.401,0.0134,0.0007999999999999995
vol3,S8052,clean,401800.0,-3.97,-0.296,0.0111,0.0007000000000000001
vol3,S8052,clean,401800.0,-2.96,-0.193,0.0093,0.0005500000000000001
vol3,S8052,clean,401800.0,-1.9,-0.083,0.0084,0.0004999999999999996
vol3,S8052,clean,401800.0,-0.83,0.027,0.0084,0.0003500000000000005
vol3,S8052,clean,401800.0,0.11,0.115,0.0083,0.0003499999999999996
vol3,S8052,clean,401800.0,1.23,0.262,0.0083,0.0004499999999999999
vol3,S8052,clean,401800.0,2.17,0.363,0.0078,0.0002999999999999999
vol3,S8052,clean,401800.0,3.24,0.482,0.0078,0.0004000000000000002
vol3,S8052,clean,401800.0,4.26,0.599,0.0089,0.0002999999999999999
vol3,S8052,clean,401800.0,5.29,0.706,0.0104,0.0005000000000000004
vol3,S8052,clean,401800.0,6.3,0.811,0.0118,0.0006000000000000007
vol3,S8052,clean,401800.0,7.33,0.915,0.0134,0.0007000000000000001
vol3,S8052,clean,401800.0,8.33,1.007,0.0154,0.0009999999999999992
vol3,S8052,clean,401800.0,9.36,1.092,0.0182,0.0013000000000000008
vol3,S8052,clean,401800.0,10.37,1.168,0.0219,0.0017000000000000001
vol3,S8052,clean,502300.0,-6.03,-0.536,0.0148,0.0009000000000000006
vol3,S8052,clean,502300.0,-5.01,-0.438,0.0129,0.0006499999999999995
vol3,S8052,clean,502300.0,-3.99,-0.334,0.0111,0.0007000000000000001
vol3,S8052,clean,502300.0,-2.91,-0.221,0.0095,0.0005000000000000004
vol3,S8052,clean,502300.0,-1.88,-0.118,0.0079,0.00039999999999999975
vol3,S8052,clean,502300.0,-0.81,-0.002,0.0076,0.0004000000000000002
vol3,S8052,clean,502300.0,0.24,0.113,0.0075,0.0003499999999999996
vol3,S8052,clean,502300.0,1.37,0.24,0.0075,0.0005000000000000004
vol3,S8052,clean,502300.0,2.49,0.365,0.0074,0.0005500000000000001
vol3,S8052,clean,502300.0,3.49,0.47,0.0074,0.0004500000000000003
vol3,S8052,clean,502300.0,4.38,0.566,0.008,0.0004000000000000002
vol3,S8052,clean,502300.0,5.22,0.652,0.0094,0.0004499999999999999
vol3,S8052,clean,502300.0,6.26,0.761,0.0106,0.0004999999999999996
vol3,S8052,clean,502300.0,7.31,0.867,0.012,0.0008500000000000001
vol3,S8052,clean,502300.0,8.42,0.982,0.0141,0.0011000000000000003
vol3,S8052,clean,502300.0,9.33,1.058,0.016,0.001299999999999999
vol3,S8052,clean,502300.0,10.35,1.143,0.0189,0.0012499999999999994
vol3,S8052,clean,502300.0,11.38,1.213,0.0228,0.0015000000000000013
vol3,SA7035,clean,59893.0,-6.53,-0.363,0.0499,0.0
vol3,SA7035,clean,59893.0,-5.33,-0.277,0.0325,0.0
vol3,SA7035,clean,59893.0,-4.27,-0.203,0.024,0.0
vol3,SA7035,clean,59893.0,-3.35,-0.139,0.02,0.0
vol3,SA7035,clean,59893.0,-2.52,-0.086,0.0165,0.0
vol3,SA7035,clean,59893.0,-1.42,-0.009,0.018,0.0
vol3,SA7035,clean,59893.0,-0.46,0.063,0.0155,0.0
vol3,SA7035,clean,59893.0,0.82,0.196,0.0185,0.0
vol3,SA7035,clean,59893.0,1.69,0.335,0.0196,0.0
vol3,SA7035,clean,59893.0,2.77,0.475,0.0266,0.0
vol3,SA7035,clean,59893.0,3.67,0.563,0.0302,0.0
vol3,SA7035,clean,59893.0,4.68,0.658,0.0293,0.0
vol3,SA7035,clean,59893.0,5.69,0.743,0.0272,0.0
vol3,SA7035,clean,59893.0,6.8,0.836,0.028,0.0
vol3,SA7035,clean,59893.0,7.74,0.913,0.0315,0.0
vol3,SA7035,clean,59893.0,8.85,0.995,0.0331,0.0
vol3,SA7035,clean,59893.0,9.75,1.05,0.0305,0.0
vol3,SA7035,clean,59893.0,10.8,1.103,0.0352,0.0
vol3,SA7035,clean,59893.0,11.84,1.128,0.0801,0.0
vol3,SA7035,clean,99882.0,-6.5,-0.383,0.0591,0.005050000000000002
vol3,SA7035,clean,99882.0,-5.63,-0.306,0.0369,0.0020499999999999997
vol3,SA7035,clean,99882.0,-4.38,-0.208,0.0232,0.0008500000000000001
vol3,SA7035,clean,99882.0,-3.34,-0.129,0.0178,0.0005999999999999998
vol3,SA7035,clean,99882.0,-2.32,-0.054,0.0138,0.0008000000000000004
vol3,SA7035,clean,99882.0,-1.37,0.015,0.0129,0.0007499999999999998
vol3,SA7035,clean,99882.0,-0.26,0.151,0.0148,0.0004000000000000002
vol3,SA7035,clean,99882.0,0.7,0.313,0.017,0.0011999999999999997
vol3,SA7035,clean,99882.0,1.86,0.462,0.0174,0.0005500000000000001
vol3,SA7035,clean,99882.0,2.84,0.547,0.0169,0.0005999999999999998
vol3,SA7035,clean,99882.0,3.82,0.624,0.017,0.0007500000000000007
vol3,SA7035,clean,99882.0,4.71,0.707,0.017,0.0008500000000000001
vol3,SA7035,clean,99882.0,5.76,0.799,0.0181,0.0010500000000000006
vol3,SA7035,clean,99882.0,6.77,0.887,0.0204,0.0003999999999999993
vol3,SA7035,clean,99882.0,7.97,0.999,0.0237,0.00115
vol3,SA7035,clean,99882.0,8.97,1.074,0.0276,0.0011000000000000003
vol3,SA7035,clean,99882.0,9.9,1.121,0.0325,0.0014999999999999979
vol3,SA7035,clean,99882.0,10.99,1.151,0.0422,0.00255
vol3,SA7035,clean,150142.0,-5.11,-0.28,0.0263,0.0008000000000000004
vol3,SA7035,clean,150142.0,-4.43,-0.23,0.0214,0.0010000000000000009
vol3,SA7035,clean,150142.0,-3.4,-0.136,0.0167,0.000700000000000001
vol3,SA7035,clean,150142.0,-2.34,-0.022,0.0125,0.0005500000000000001
vol3,SA7035,clean,150142.0,-1.43,0.073,0.0122,0.0005500000000000001
vol3,SA7035,clean,150142.0,-0.22,0.261,0.012,0.0007000000000000001
vol3,SA7035,clean,150142.0,0.96,0.374,0.0118,0.0004000000000000002
vol3,SA7035,clean,150142.0,1.7,0.443,0.0119,0.0003500000000000005
vol3,SA7035,clean,150142.0,2.88,0.566,0.012,0.0004000000000000002
vol3,SA7035,clean,150142.0,3.81,0.655,0.013,0.0002999999999999999
vol3,SA7035,clean,150142.0,4.96,0.761,0.0142,0.0003500000000000005
vol3,SA7035,clean,150142.0,5.77,0.836,0.0159,0.000550000000000001
vol3,SA7035,clean,150142.0,6.93,0.942,0.0178,0.0006999999999999992
vol3,SA7035,clean,150142.0,7.86,1.026,0.02,0.0006000000000000016
vol3,SA7035,clean,150142.0,8.88,1.098,0.0232,0.0010000000000000009
vol3,SA7035,clean,150142.0,9.86,1.148,0.029,0.0005500000000000001
vol3,SA7035,clean,150142.0,10.86,1.172,0.0373,0.000449999999999999
vol3,SA7035,clean,199609.0,-5.3,-0.307,0.0255,0.0007999999999999986
vol3,SA7035,clean,199609.0,-4.35,-0.234,0.018,0.0005500000000000001
vol3,SA7035,clean,199609.0,-3.28,-0.121,0.0138,0.0009500000000000003
vol3,SA7035,clean,199609.0,-2.23,0.027,0.0109,0.0004999999999999996
vol3,SA7035,clean,199609.0,-1.26,0.159,0.0091,0.0007499999999999998
vol3,SA7035,clean,199609.0,-0.16,0.283,0.0093,0.0003499999999999996
vol3,SA7035,clean,199609.0,0.93,0.379,0.0093,0.0004999999999999996
vol3,SA7035,clean,199609.0,1.9,0.473,0.0099,0.0002500000000000002
vol3,SA7035,clean,199609.0,2.64,0.542,0.0104,0.0003500000000000005
vol3,SA7035,clean,199609.0,3.88,0.671,0.0116,0.0002500000000000002
vol3,SA7035,clean,199609.0,4.84,0.766,0.0127,0.00020000000000000052
vol3,SA7035,clean,199609.0,5.97,0.88,0.0144,0.0002999999999999999
vol3,SA7035,clean,199609.0,6.85,0.96,0.0158,0.00010000000000000113
vol3,SA7035,clean,199609.0,7.97,1.056,0.0186,0.000449999999999999
vol3,SA7035,clean,199609.0,8.98,1.126,0.0222,0.0005999999999999998
vol3,SA7035,clean,199609.0,9.8,1.168,0.027,0.0005999999999999998
vol3,SA7035,clean,199609.0,10.82,1.192,0.0351,0.0013500000000000005
vol3,SA7035,clean,299447.0,-5.95,-0.383,0.0435,0.0022000000000000006
vol3,SA7035,clean,299447.0,-4.93,-0.278,0.0196,0.0007499999999999989
vol3,SA7035,clean,299447.0,-3.9,-0.141,0.0142,0.0010999999999999994
vol3,SA7035,clean,299447.0,-2.94,-0.012,0.0107,0.0007499999999999998
vol3,SA7035,clean,299447.0,-1.91,0.104,0.0085,0.0005000000000000004
vol3,SA7035,clean,299447.0,-0.72,0.204,0.0073,0.00014999999999999996
vol3,SA7035,clean,299447.0,-0.12,0.271,0.0072,0.0002999999999999999
vol3,SA7035,clean,299447.0,1.35,0.429,0.0076,0.00014999999999999996
vol3,SA7035,clean,299447.0,2.61,0.563,0.0086,0.0003999999999999993
vol3,SA7035,clean,299447.0,3.38,0.645,0.0095,0.0003500000000000005
vol3,SA7035,clean,299447.0,4.46,0.758,0.0107,0.0004499999999999999
vol3,SA7035,clean,299447.0,5.43,0.859,0.0119,0.0003499999999999996
vol3,SA7035,clean,299447.0,6.48,0.966,0.0135,0.00014999999999999996
vol3,SA7035,clean,299447.0,7.23,1.035,0.0149,0.0002500000000000002
vol3,SA7035,clean,299447.0,8.47,1.141,0.018,0.00010000000000000113
vol3,SA7035,clean,299447.0,9.62,1.217,0.0233,0.0005500000000000001
vol3,SA7035,clean,299447.0,10.41,1.248,0.0283,0.000700000000000001
vol3,SA7035,clean,299447.0,11.35,1.251,0.0371,0.0009000000000000015
vol3,SA7036 (A),clean,100036.0,-5.93,-0.347,0.0455,0.004200000000000002
vol3,SA7036 (A),clean,100036.0,-4.87,-0.27,0.0288,0.0020999999999999994
vol3,SA7036 (A),clean,100036.0,-4.08,-0.211,0.0219,0.0008999999999999998
vol3,SA7036 (A),clean,100036.0,-2.76,-0.087,0.0157,0.0011500000000000008
vol3,SA7036 (A),clean,100036.0,-1.73,0.013,0.0137,0.0023499999999999997
vol3,SA7036 (A),clean,100036.0,-0.66,0.171,0.0144,0.003150000000000001
vol3,SA7036 (A),clean,100036.0,0.05,0.281,0.0165,0.00185
vol3,SA7036 (A),clean,100036.0,1.24,0.46,0.0171,0.00115
vol3,SA7036 (A),clean,100036.0,2.32,0.561,0.0163,0.001
vol3,SA7036 (A),clean,100036.0,3.33,0.641,0.0166,0.0026
vol3,SA7036 (A),clean,100036.0,4.19,0.711,0.0162,0.0017000000000000001
vol3,SA7036 (A),clean,100036.0,5.47,0.819,0.0174,0.0012500000000000011
vol3,SA7036 (A),clean,100036.0,6.32,0.898,0.0188,0.0008500000000000001
vol3,SA7036 (A),clean,100036.0,7.47,1.02,0.0214,0.0014999999999999996
vol3,SA7036 (A),clean,100036.0,8.44,1.109,0.0241,0.0033500000000000005
vol3,SA7036 (A),clean,100036.0,9.52,1.163,0.0301,0.005300000000000001
vol3,SA7036 (A),clean,100036.0,10.42,1.189,0.0384,0.004700000000000003
vol3,SA7036 (A),clean,100036.0,11.47,1.202,0.0474,0.006599999999999998
vol3,SA7036 (A),clean,149976.0,-5.84,-0.339,0.0444,0.0034500000000000017
vol3,SA7036 (A),clean,149976.0,-5.04,-0.264,0.0275,0.0013000000000000008
vol3,SA7036 (A),clean,149976.0,-3.73,-0.131,0.0161,0.0003999999999999993
vol3,SA7036 (A),clean,149976.0,-3.01,-0.046,0.0128,0.005049999999999999
vol3,SA7036 (A),clean,149976.0,-1.66,0.128,0.012,0.0007000000000000001
vol3,SA7036 (A),clean,149976.0,-0.64,0.26,0.0106,0.0009500000000000003
vol3,SA7036 (A),clean,149976.0,0.13,0.344,0.0109,0.0004499999999999999
vol3,SA7036 (A),clean,149976.0,1.39,0.47,0.0114,0.0006000000000000007
vol3,SA7036 (A),clean,149976.0,2.4,0.573,0.0116,0.0006499999999999995
vol3,SA7036 (A),clean,149976.0,3.19,0.649,0.0122,0.0013999999999999993
vol3,SA7036 (A),clean,149976.0,4.43,0.774,0.0131,0.00115
vol3,SA7036 (A),clean,149976.0,5.38,0.868,0.0146,0.0008500000000000001
vol3,SA7036 (A),clean,149976.0,6.47,0.971,0.0165,0.0010999999999999994
vol3,SA7036 (A),clean,149976.0,7.51,1.063,0.0185,0.001299999999999999
vol3,SA7036 (A),clean,149976.0,8.51,1.144,0.0219,0.0009999999999999992
vol3,SA7036 (A),clean,149976.0,9.39,1.192,0.0276,0.004000000000000002
vol3,SA7036 (A),clean,149976.0,10.52,1.218,0.0365,0.003449999999999998
vol3,SA7036 (A),clean,149976.0,11.51,1.22,0.0487,0.0092
vol3,SA7036 (A),clean,200059.0,-5.77,-0.344,0.0382,0.002199999999999997
vol3,SA7036 (A),clean,200059.0,-4.69,-0.238,0.0206,0.00425
vol3,SA7036 (A),clean,200059.0,-4.04,-0.162,0.0167,0.00285
vol3,SA7036 (A),clean,200059.0,-3.13,-0.029,0.0131,0.003
vol3,SA7036 (A),clean,200059.0,-1.46,0.176,0.01,0.0011000000000000003
vol3,SA7036 (A),clean,200059.0,-0.5,0.273,0.0098,0.0013499999999999996
vol3,SA7036 (A),clean,200059.0,0.45,0.364,0.0095,0.001
vol3,SA7036 (A),clean,200059.0,1.59,0.48,0.0098,0.0008000000000000004
vol3,SA7036 (A),clean,200059.0,2.53,0.577,0.0102,0.0007500000000000007
vol3,SA7036 (A),clean,200059.0,3.1,0.634,0.0105,0.0007000000000000001
vol3,SA7036 (A),clean,200059.0,4.14,0.734,0.0117,0.0004000000000000002
vol3,SA7036 (A),clean,200059.0,5.17,0.834,0.0132,0.0002500000000000002
vol3,SA7036 (A),clean,200059.0,6.71,0.983,0.0156,0.0008499999999999992
vol3,SA7036 (A),clean,200059.0,7.3,1.039,0.0172,0.00030000000000000165
vol3,SA7036 (A),clean,200059.0,8.52,1.126,0.022,0.0017999999999999995
vol3,SA7036 (A),clean,200059.0,9.43,1.171,0.0285,0.00255
vol3,SA7036 (A),clean,200059.0,10.44,1.194,0.0368,0.0032000000000000015
vol3,SA7036 (A),clean,200059.0,11.4,1.194,0.0527,0.0144
vol3,SA7036 (A),clean,299385.0,-6.0,-0.363,0.0465,0.0032000000000000015
vol3,SA7036 (A),clean,299385.0,-4.98,-0.223,0.0195,0.0022000000000000006
vol3,SA7036 (A),clean,299385.0,-3.92,-0.081,0.0118,0.0015500000000000002
vol3,SA7036 (A),clean,299385.0,-2.94,0.037,0.0097,0.0012000000000000005
vol3,SA7036 (A),clean,299385.0,-1.83,0.15,0.0084,0.001
vol3,SA7036 (A),clean,299385.0,-0.83,0.238,0.0077,0.0008999999999999998
vol3,SA7036 (A),clean,299385.0,0.0,0.325,0.0073,0.00065
vol3,SA7036 (A),clean,299385.0,1.18,0.453,0.0076,0.0003500000000000005
vol3,SA7036 (A),clean,299385.0,2.35,0.574,0.0085,0.0003499999999999996
vol3,SA7036 (A),clean,299385.0,3.41,0.686,0.0096,0.00010000000000000026
vol3,SA7036 (A),clean,299385.0,4.76,0.823,0.0112,0.0003499999999999996
vol3,SA7036 (A),clean,299385.0,5.49,0.898,0.0121,0.0005000000000000004
vol3,SA7036 (A),clean,299385.0,6.53,0.998,0.014,0.0002999999999999999
vol3,SA7036 (A),clean,299385.0,7.41,1.077,0.0158,0.0003499999999999996
vol3,SA7036 (A),clean,299385.0,8.53,1.155,0.0208,0.0020499999999999997
vol3,SA7036 (A),clean,299385.0,9.48,1.201,0.0271,0.0016500000000000004
vol3,SA7036 (A),clean,299385.0,10.36,1.222,0.0346,0.0032499999999999994
vol3,SA7036 (A),clean,299385.0,11.34,1.224,0.0505,0.017099999999999997
vol3,SA7036 (B),clean,99750.0,-5.92,-0.355,0.0605,0.002349999999999998
vol3,SA7036 (B),clean,99750.0,-4.72,-0.234,0.0315,0.0014999999999999996
vol3,SA7036 (B),clean,99750.0,-3.76,-0.142,0.0223,0.0008000000000000004
vol3,SA7036 (B),clean,99750.0,-2.52,-0.014,0.0166,0.001449999999999999
vol3,SA7036 (B),clean,99750.0,-1.67,0.065,0.016,0.0030999999999999995
vol3,SA7036 (B),clean,99750.0,-0.51,0.221,0.0151,0.0019500000000000003
vol3,SA7036 (B),clean,99750.0,0.4,0.369,0.0158,0.0010499999999999989
vol3,SA7036 (B),clean,99750.0,1.4,0.515,0.0173,0.00145
vol3,SA7036 (B),clean,99750.0,2.46,0.613,0.0163,0.0010500000000000006
vol3,SA7036 (B),clean,99750.0,3.39,0.686,0.0161,0.0007000000000000001
vol3,SA7036 (B),clean,99750.0,4.45,0.777,0.0169,0.000700000000000001
vol3,SA7036 (B),clean,99750.0,5.4,0.864,0.0182,0.0005499999999999984
vol3,SA7036 (B),clean,99750.0,6.52,0.965,0.0203,0.0011000000000000003
vol3,SA7036 (B),clean,99750.0,7.55,1.052,0.023,0.001299999999999999
vol3,SA7036 (B),clean,99750.0,8.46,1.113,0.0272,0.0023499999999999997
vol3,SA7036 (B),clean,99750.0,9.58,1.183,0.0333,0.0008500000000000001
vol3,SA7036 (B),clean,99750.0,10.56,1.236,0.0389,0.0016499999999999987
vol3,SA7036 (B),clean,99750.0,11.55,1.272,0.0455,0.0016500000000000022
vol3,SA7036 (B),clean,150030.0,-4.73,-0.223,0.0269,0.0016000000000000007
vol3,SA7036 (B),clean,150030.0,-3.74,-0.108,0.0201,0.0023
vol3,SA7036 (B),clean,150030.0,-2.58,0.041,0.0152,0.00115
vol3,SA7036 (B),clean,150030.0,-1.48,0.194,0.0132,0.0011000000000000003
vol3,SA7036 (B),clean,150030.0,-0.53,0.316,0.0112,0.0007000000000000001
vol3,SA7036 (B),clean,150030.0,0.56,0.433,0.012,0.0009500000000000003
vol3,SA7036 (B),clean,150030.0,1.38,0.517,0.0119,0.0014000000000000002
vol3,SA7036 (B),clean,150030.0,2.33,0.61,0.0113,0.0004999999999999996
vol3,SA7036 (B),clean,150030.0,3.47,0.723,0.0129,0.0003999999999999993
vol3,SA7036 (B),clean,150030.0,4.41,0.815,0.0145,0.00014999999999999996
vol3,SA7036 (B),clean,150030.0,5.7,0.94,0.0165,0.0005500000000000001
vol3,SA7036 (B),clean,150030.0,6.56,1.017,0.0183,0.0002500000000000002
vol3,SA7036 (B),clean,150030.0,7.54,1.092,0.0212,0.0007500000000000007
vol3,SA7036 (B),clean,150030.0,8.65,1.165,0.0252,0.0011999999999999997
vol3,SA7036 (B),clean,150030.0,9.59,1.224,0.0298,0.0009999999999999992
vol3,SA7036 (B),clean,150030.0,10.62,1.274,0.0356,0.0013500000000000005
vol3,SA7036 (B),clean,150030.0,11.56,1.307,0.0436,0.002850000000000002
vol3,SA7036 (B),clean,199817.0,-5.1,-0.245,0.0275,0.00255
vol3,SA7036 (B),clean,199817.0,-3.38,-0.012,0.0164,0.001400000000000001
vol3,SA7036 (B),clean,199817.0,-2.59,0.1,0.0143,0.0013499999999999996
vol3,SA7036 (B),clean,199817.0,-1.44,0.234,0.0108,0.0012500000000000002
vol3,SA7036 (B),clean,199817.0,-0.43,0.332,0.01,0.0008500000000000001
vol3,SA7036 (B),clean,199817.0,0.06,0.384,0.0097,0.0007999999999999995
vol3,SA7036 (B),clean,199817.0,1.57,0.539,0.0097,0.0008000000000000004
vol3,SA7036 (B),clean,199817.0,2.53,0.639,0.0104,0.00020000000000000052
vol3,SA7036 (B),clean,199817.0,3.15,0.701,0.0113,0.0002999999999999999
vol3,SA7036 (B),clean,199817.0,4.61,0.843,0.013,0.0006500000000000004
vol3,SA7036 (B),clean,199817.0,5.61,0.943,0.0145,0.0002999999999999999
vol3,SA7036 (B),clean,199817.0,6.63,1.037,0.0166,0.0005000000000000004
vol3,SA7036 (B),clean,199817.0,7.55,1.111,0.0191,0.0003999999999999993
vol3,SA7036 (B),clean,199817.0,8.78,1.196,0.024,0.0006499999999999995
vol3,SA7036 (B),clean,199817.0,9.76,1.258,0.0275,0.0009500000000000012
vol3,SA7036 (B),clean,199817.0,10.55,1.298,0.0315,0.0008000000000000004
vol3,SA7036 (B),clean,199817.0,11.64,1.334,0.0389,0.001850000000000001
vol3,SA7036 (B),clean,299784.0,-5.26,-0.191,0.0234,0.0020499999999999997
vol3,SA7036 (B),clean,299784.0,-4.24,-0.056,0.0155,0.0016500000000000004
vol3,SA7036 (B),clean,299784.0,-3.4,0.045,0.0127,0.0017000000000000001
vol3,SA7036 (B),clean,299784.0,-2.32,0.16,0.0114,0.0010999999999999994
vol3,SA7036 (B),clean,299784.0,-1.34,0.254,0.0094,0.001
vol3,SA7036 (B),clean,299784.0,-0.31,0.355,0.0078,0.0013999999999999998
vol3,SA7036 (B),clean,299784.0,0.77,0.466,0.0075,0.00065
vol3,SA7036 (B),clean,299784.0,1.78,0.574,0.0082,0.00024999999999999935
vol3,SA7036 (B),clean,299784.0,2.86,0.685,0.0095,0.0004000000000000002
vol3,SA7036 (B),clean,299784.0,3.92,0.796,0.0108,0.0004499999999999999
vol3,SA7036 (B),clean,299784.0,4.66,0.873,0.0118,0.0007499999999999998
vol3,SA7036 (B),clean,299784.0,6.08,1.011,0.014,0.0006000000000000007
vol3,SA7036 (B),clean,299784.0,7.08,1.102,0.0159,0.0005000000000000004
vol3,SA7036 (B),clean,299784.0,8.3,1.197,0.0197,0.0006499999999999995
vol3,SA7036 (B),clean,299784.0,9.07,1.251,0.0219,0.0002999999999999999
vol3,SA7036 (B),clean,299784.0,10.18,1.322,0.026,0.0010000000000000009
vol3,SA7036 (B),clean,299784.0,11.09,1.362,0.0304,0.0013000000000000008
vol3,SA7036 (B),clean,299784.0,12.1,1.38,0.0336,0.0017000000000000001
vol3,SA7038,clean,99713.0,-5.71,-0.336,0.0639,0.005750000000000002
vol3,SA7038,clean,99713.0,-4.66,-0.22,0.0346,0.0011500000000000017
vol3,SA7038,clean,99713.0,-3.57,-0.117,0.0242,0.00020000000000000052
vol3,SA7038,clean,99713.0,-2.49,0.017,0.018,0.0018499999999999992
vol3,SA7038,clean,99713.0,-1.43,0.127,0.0143,0.0002999999999999999
vol3,SA7038,clean,99713.0,-0.44,0.263,0.0153,0.0005500000000000001
vol3,SA7038,clean,99713.0,0.45,0.397,0.0154,0.0006000000000000007
vol3,SA7038,clean,99713.0,1.57,0.531,0.0157,0.0004000000000000002
vol3,SA7038,clean,99713.0,2.68,0.637,0.0152,0.000700000000000001
vol3,SA7038,clean,99713.0,3.71,0.73,0.0161,0.0015500000000000002
vol3,SA7038,clean,99713.0,4.52,0.793,0.0166,0.0012499999999999994
vol3,SA7038,clean,99713.0,5.6,0.892,0.0178,0.0010000000000000009
vol3,SA7038,clean,99713.0,6.7,0.99,0.0219,0.0023
vol3,SA7038,clean,99713.0,7.64,1.071,0.0236,0.0011000000000000003
vol3,SA7038,clean,99713.0,8.77,1.148,0.0259,0.00115
vol3,SA7038,clean,99713.0,9.8,1.216,0.0291,0.0016500000000000004
vol3,SA7038,clean,99713.0,10.74,1.251,0.0323,0.0018000000000000013
vol3,SA7038,clean,99713.0,11.76,1.261,0.0438,0.0028000000000000004
vol3,SA7038,clean,149636.0,-4.6,-0.174,0.0291,0.0026499999999999996
vol3,SA7038,clean,149636.0,-3.59,-0.044,0.019,0.0009499999999999995
vol3,SA7038,clean,149636.0,-2.44,0.12,0.0143,0.0012500000000000002
vol3,SA7038,clean,149636.0,-1.36,0.253,0.012,0.0008500000000000001
vol3,SA7038,clean,149636.0,-0.31,0.345,0.0107,0.0007499999999999998
vol3,SA7038,clean,149636.0,0.53,0.418,0.0117,0.0019500000000000003
vol3,SA7038,clean,149636.0,1.64,0.532,0.0112,0.00255
vol3,SA7038,clean,149636.0,2.58,0.635,0.0118,0.0010499999999999997
vol3,SA7038,clean,149636.0,3.66,0.749,0.0133,0.0003500000000000005
vol3,SA7038,clean,149636.0,4.64,0.838,0.0145,0.0006500000000000004
vol3,SA7038,clean,149636.0,5.73,0.945,0.0163,0.000700000000000001
vol3,SA7038,clean,149636.0,6.7,1.034,0.0185,0.0006499999999999995
vol3,SA7038,clean,149636.0,7.61,1.114,0.0204,0.0008500000000000001
vol3,SA7038,clean,149636.0,8.7,1.204,0.0227,0.0005500000000000001
vol3,SA7038,clean,149636.0,9.68,1.27,0.025,0.0003499999999999996
vol3,SA7038,clean,149636.0,10.81,1.297,0.0311,0.0036999999999999984
vol3,SA7038,clean,149636.0,11.64,1.298,0.0407,0.010199999999999997
vol3,SA7038,clean,199566.0,-4.49,-0.092,0.0201,0.0014000000000000002
vol3,SA7038,clean,199566.0,-3.33,0.057,0.0145,0.001
vol3,SA7038,clean,199566.0,-2.51,0.149,0.0121,0.0003500000000000005
vol3,SA7038,clean,199566.0,-1.89,0.21,0.0108,0.0008500000000000001
vol3,SA7038,clean,199566.0,-0.79,0.297,0.0092,0.0016500000000000004
vol3,SA7038,clean,199566.0,0.73,0.451,0.0094,0.0002500000000000002
vol3,SA7038,clean,199566.0,1.71,0.556,0.0098,0.00020000000000000052
vol3,SA7038,clean,199566.0,2.77,0.669,0.0109,0.0002999999999999999
vol3,SA7038,clean,199566.0,3.63,0.76,0.012,0.0004000000000000002
vol3,SA7038,clean,199566.0,4.75,0.874,0.0135,0.0004999999999999996
vol3,SA7038,clean,199566.0,5.75,0.973,0.0151,0.0004999999999999996
vol3,SA7038,clean,199566.0,6.74,1.07,0.0169,0.000449999999999999
vol3,SA7038,clean,199566.0,7.69,1.151,0.0188,0.0003999999999999993
vol3,SA7038,clean,199566.0,8.75,1.229,0.0211,0.0002500000000000002
vol3,SA7038,clean,199566.0,9.79,1.286,0.0243,0.0017999999999999995
vol3,SA7038,clean,199566.0,10.68,1.308,0.0299,0.00485
vol3,SA7038,clean,199566.0,11.73,1.3,0.0468,0.0196
vol3,SA7038,clean,200114.0,-5.66,-0.276,0.0482,0.002999999999999999
vol3,SA7038,clean,299315.0,-5.86,-0.248,0.0474,0.0
vol3,SA7038,clean,299315.0,-4.76,-0.089,0.0185,0.0
vol3,SA7038,clean,299315.0,-3.73,0.023,0.0128,0.0
vol3,SA7038,clean,299315.0,-2.69,0.124,0.0107,0.0
vol3,SA7038,clean,299315.0,-1.68,0.225,0.0088,0.0
vol3,SA7038,clean,299315.0,-0.61,0.331,0.0076,0.0
vol3,SA7038,clean,299315.0,0.48,0.442,0.0077,0.0
vol3,SA7038,clean,299315.0,1.92,0.594,0.0089,0.0
vol3,SA7038,clean,299315.0,2.57,0.661,0.0097,0.0
vol3,SA7038,clean,299315.0,3.68,0.776,0.0109,0.0
vol3,SA7038,clean,299315.0,4.75,0.888,0.012,0.0
vol3,SA7038,clean,299315.0,5.8,0.996,0.0133,0.0
vol3,SA7038,clean,299315.0,6.72,1.085,0.0148,0.0
vol3,SA7038,clean,299315.0,7.77,1.18,0.0168,0.0
vol3,SA7038,clean,299315.0,8.84,1.261,0.0191,0.0
vol3,SA7038,clean,299315.0,9.76,1.314,0.023,0.0
vol3,SA7038,clean,299315.0,10.66,1.342,0.0287,0.0
vol3,SA7038,clean,299315.0,11.61,1.347,0.0419,0.0
vol3,SD7032 (D),modified,99943.0,-4.48,-0.144,0.0317,0.0018000000000000013
vol3,SD7032 (D),modified,99943.0,-2.87,0.062,0.0196,0.0024999999999999988
vol3,SD7032 (D),modified,99943.0,-1.05,0.316,0.0186,0.0026
vol3,SD7032 (D),modified,99943.0,0.26,0.44,0.0154,0.0031000000000000003
vol3,SD7032 (D),modified,99943.0,1.69,0.556,0.0144,0.0019499999999999995
vol3,SD7032 (D),modified,99943.0,3.23,0.69,0.0172,0.0012499999999999994
vol3,SD7032 (D),modified,99943.0,4.86,0.826,0.0211,0.0014999999999999996
vol3,SD7032 (D),modified,99943.0,6.27,0.947,0.0239,0.0008999999999999998
vol3,SD7032 (D),modified,99943.0,7.85,1.062,0.0295,0.0012000000000000014
vol3,SD7032 (D),modified,99943.0,9.51,1.161,0.0357,0.0030500000000000006
vol3,SD7032 (D),modified,99943.0,10.93,1.223,0.0429,0.004449999999999999
vol3,SD7032 (D),modified,99943.0,12.34,1.257,0.0509,0.010849999999999999
vol3,SD7032 (D),modified,199502.0,-5.94,-0.256,0.0508,0.00145
vol3,SD7032 (D),modified,199502.0,-4.39,-0.03,0.0163,0.0017000000000000001
vol3,SD7032 (D),modified,199502.0,-2.93,0.139,0.0128,0.0020500000000000006
vol3,SD7032 (D),modified,199502.0,-1.16,0.301,0.0129,0.0007499999999999998
vol3,SD7032 (D),modified,199502.0,0.24,0.442,0.0145,0.00024999999999999935
vol3,SD7032 (D),modified,199502.0,2.06,0.601,0.0174,0.00020000000000000052
vol3,SD7032 (D),modified,199502.0,2.86,0.675,0.0186,0.0004999999999999987
vol3,SD7032 (D),modified,199502.0,5.14,0.89,0.0217,0.0009499999999999995
vol3,SD7032 (D),modified,199502.0,6.43,0.994,0.0241,0.0011999999999999997
vol3,SD7032 (D),modified,199502.0,7.93,1.1,0.0285,0.0009999999999999992
vol3,SD7032 (D),modified,199502.0,9.11,1.167,0.0334,0.00145
vol3,SD7032 (D),modified,199502.0,11.08,1.229,0.046,0.009849999999999998
vol3,SD7032 (D),modified,299568.0,-6.22,-0.239,0.0524,0.0013500000000000005
vol3,SD7032 (D),modified,299568.0,-4.57,-0.034,0.0127,0.00255
vol3,SD7032 (D),modified,299568.0,-2.96,0.114,0.0127,0.0007000000000000001
vol3,SD7032 (D),modified,299568.0,-1.46,0.273,0.0127,0.0008000000000000004
vol3,SD7032 (D),modified,299568.0,0.11,0.43,0.0142,0.0003500000000000005
vol3,SD7032 (D),modified,299568.0,1.6,0.574,0.016,0.0005000000000000004
vol3,SD7032 (D),modified,299568.0,3.12,0.727,0.0181,0.0008000000000000004
vol3,SD7032 (D),modified,299568.0,4.96,0.9,0.021,0.0009499999999999995
vol3,SD7032 (D),modified,299568.0,6.32,1.015,0.0237,0.0011000000000000003
vol3,SD7032 (D),modified,299568.0,8.2,1.151,0.0286,0.0011999999999999997
vol3,SD7032 (D),modified,299568.0,9.65,1.22,0.0344,0.002349999999999998
vol3,SD7032 (D),modified,299568.0,10.62,1.252,0.0425,0.007300000000000001
vol3,SD7037 (B),modified,99934.0,-4.61,-0.332,0.0424,0.0
vol3,SD7037 (B),modified,99934.0,-3.01,-0.191,0.0225,0.0
vol3,SD7037 (B),modified,99934.0,-1.36,-0.017,0.0182,0.0
vol3,SD7037 (B),modified,99934.0,0.09,0.187,0.0175,0.0
vol3,SD7037 (B),modified,99934.0,1.65,0.385,0.016,0.0
vol3,SD7037 (B),modified,99934.0,3.1,0.521,0.0133,0.0
vol3,SD7037 (B),modified,99934.0,4.63,0.641,0.0153,0.0
vol3,SD7037 (B),modified,99934.0,6.23,0.777,0.0201,0.0
vol3,SD7037 (B),modified,99934.0,7.71,0.886,0.0251,0.0
vol3,SD7037 (B),modified,99934.0,9.21,1.0,0.0306,0.0
vol3,SD7037 (B),modified,99934.0,10.76,1.1,0.039,0.0
vol3,SD7037 (B),modified,99934.0,12.42,1.193,0.0504,0.0
vol3,SD7037 (B),modified,201522.0,-4.56,-0.263,0.0231,0.0025000000000000005
vol3,SD7037 (B),modified,201522.0,-2.82,-0.066,0.0136,0.0011999999999999997
vol3,SD7037 (B),modified,201522.0,-1.36,0.113,0.0135,0.0017499999999999998
vol3,SD7037 (B),modified,201522.0,-0.04,0.246,0.0118,0.0002999999999999999
vol3,SD7037 (B),modified,201522.0,1.78,0.411,0.0146,0.0004999999999999996
vol3,SD7037 (B),modified,201522.0,3.29,0.559,0.0168,0.0001999999999999988
vol3,SD7037 (B),modified,201522.0,4.79,0.705,0.019,0.00040000000000000105
vol3,SD7037 (B),modified,201522.0,6.22,0.873,0.0215,0.000449999999999999
vol3,SD7037 (B),modified,201522.0,7.84,1.021,0.0247,0.00035000000000000135
vol3,SD7037 (B),modified,201522.0,9.31,1.133,0.03,0.0010500000000000006
vol3,SD7037 (B),modified,201522.0,10.75,1.21,0.0368,0.0020999999999999977
vol3,SD7037 (B),modified,201522.0,12.24,1.255,0.0539,0.00895
vol3,SD7037 (B),modified,299298.0,-4.49,-0.244,0.0173,0.0026000000000000007
vol3,SD7037 (B),modified,299298.0,-3.02,-0.076,0.0131,0.0018999999999999998
vol3,SD7037 (B),modified,299298.0,-1.5,0.077,0.0125,0.0004499999999999999
vol3,SD7037 (B),modified,299298.0,-0.09,0.231,0.0139,0.0003000000000000008
vol3,SD7037 (B),modified,299298.0,1.78,0.484,0.0153,0.00010000000000000026
vol3,SD7037 (B),modified,299298.0,3.39,0.667,0.0173,0.0003499999999999996
vol3,SD7037 (B),modified,299298.0,4.7,0.801,0.0193,0.0005000000000000004
vol3,SD7037 (B),modified,299298.0,6.35,0.963,0.0224,0.0005000000000000004
vol3,SD7037 (B),modified,299298.0,7.7,1.08,0.0254,0.0010000000000000009
vol3,SD7037 (B),modified,299298.0,9.35,1.195,0.0307,0.0010000000000000009
vol3,SD7037 (B),modified,299298.0,10.93,1.268,0.0421,0.006149999999999999
vol3,SD7037 (B),modified,299298.0,12.41,1.289,0.0725,0.03035
vol3,SD7037 (D),clean,59200.0,-5.06,-0.258,0.0409,0.004
vol3,SD7037 (D),clean,59200.0,-4.02,-0.182,0.0271,0.002199999999999999
vol3,SD7037 (D),clean,59200.0,-2.94,-0.099,0.0208,0.0012499999999999994
vol3,SD7037 (D),clean,59200.0,-1.97,-0.023,0.0162,0.0006499999999999995
vol3,SD7037 (D),clean,59200.0,-0.95,0.074,0.02,0.002150000000000001
vol3,SD7037 (D),clean,59200.0,0.13,0.181,0.0173,0.004050000000000001
vol3,SD7037 (D),clean,59200.0,1.15,0.334,0.0262,0.005850000000000001
vol3,SD7037 (D),clean,59200.0,2.19,0.49,0.0307,0.006300000000000002
vol3,SD7037 (D),clean,59200.0,3.18,0.61,0.0279,0.00665
vol3,SD7037 (D),clean,59200.0,4.26,0.703,0.0279,0.004449999999999999
vol3,SD7037 (D),clean,59200.0,5.29,0.789,0.0301,0.00455
vol3,SD7037 (D),clean,59200.0,6.31,0.883,0.0355,0.0039000000000000007
vol3,SD7037 (D),clean,59200.0,7.26,0.961,0.0374,0.007350000000000001
vol3,SD7037 (D),clean,59200.0,8.28,1.036,0.037,0.0065499999999999985
vol3,SD7037 (D),clean,59200.0,9.33,1.112,0.0397,0.003199999999999998
vol3,SD7037 (D),clean,59200.0,10.31,1.167,0.0464,0.007599999999999999
vol3,SD7037 (D),clean,98500.0,-5.07,-0.326,0.0316,0.00255
vol3,SD7037 (D),clean,98500.0,-3.99,-0.237,0.0222,0.0005500000000000001
vol3,SD7037 (D),clean,98500.0,-2.94,-0.132,0.0181,0.00115
vol3,SD7037 (D),clean,98500.0,-2.0,-0.022,0.0153,0.0015500000000000002
vol3,SD7037 (D),clean,98500.0,-0.97,0.117,0.0147,0.0008500000000000009
vol3,SD7037 (D),clean,98500.0,0.04,0.28,0.0158,0.0005000000000000004
vol3,SD7037 (D),clean,98500.0,1.1,0.419,0.0165,0.001749999999999999
vol3,SD7037 (D),clean,98500.0,2.29,0.53,0.0166,0.0005999999999999998
vol3,SD7037 (D),clean,98500.0,3.27,0.618,0.0164,0.0011999999999999997
vol3,SD7037 (D),clean,98500.0,4.15,0.693,0.016,0.0007000000000000001
vol3,SD7037 (D),clean,98500.0,5.33,0.799,0.0173,0.001599999999999999
vol3,SD7037 (D),clean,98500.0,6.21,0.875,0.0188,0.001299999999999999
vol3,SD7037 (D),clean,98500.0,7.32,0.974,0.0211,0.0008999999999999998
vol3,SD7037 (D),clean,98500.0,8.19,1.054,0.0237,0.0025000000000000005
vol3,SD7037 (D),clean,98500.0,9.39,1.138,0.0286,0.0013000000000000008
vol3,SD7037 (D),clean,98500.0,10.4,1.188,0.0339,0.0016499999999999987
vol3,SD7037 (D),clean,196600.0,-4.72,-0.247,0.0209,0.0031000000000000003
vol3,SD7037 (D),clean,196600.0,-4.07,-0.174,0.018,0.0012500000000000011
vol3,SD7037 (D),clean,196600.0,-2.96,-0.007,0.0132,0.0005999999999999998
vol3,SD7037 (D),clean,196600.0,-1.64,0.13,0.0101,0.0007000000000000001
vol3,SD7037 (D),clean,196600.0,-0.99,0.189,0.0095,0.0009499999999999995
vol3,SD7037 (D),clean,196600.0,0.21,0.299,0.0096,0.0017999999999999995
vol3,SD7037 (D),clean,196600.0,1.11,0.4,0.0094,0.0013500000000000005
vol3,SD7037 (D),clean,196600.0,2.22,0.529,0.0092,0.0004499999999999999
vol3,SD7037 (D),clean,196600.0,3.32,0.661,0.0103,0.0006500000000000004
vol3,SD7037 (D),clean,196600.0,4.14,0.744,0.0114,0.00045000000000000075
vol3,SD7037 (D),clean,196600.0,5.29,0.853,0.013,0.0006999999999999992
vol3,SD7037 (D),clean,196600.0,6.33,0.949,0.0147,0.0004999999999999996
vol3,SD7037 (D),clean,196600.0,7.24,1.031,0.0167,0.000700000000000001
vol3,SD7037 (D),clean,196600.0,8.18,1.113,0.0188,0.0002500000000000002
vol3,SD7037 (D),clean,196600.0,9.31,1.194,0.0223,0.0008000000000000004
vol3,SD7037 (D),clean,196600.0,10.32,1.246,0.0275,0.0005999999999999998
vol3,SD7037 (D),clean,295100.0,-5.09,-0.251,0.0207,0.0014000000000000002
vol3,SD7037 (D),clean,295100.0,-3.95,-0.113,0.0143,0.001999999999999999
vol3,SD7037 (D),clean,295100.0,-3.0,-0.008,0.0118,0.0012500000000000002
vol3,SD7037 (D),clean,295100.0,-1.92,0.087,0.0096,0.0008000000000000004
vol3,SD7037 (D),clean,295100.0,-0.9,0.198,0.008,0.0009499999999999995
vol3,SD7037 (D),clean,295100.0,0.17,0.323,0.0071,0.0013
vol3,SD7037 (D),clean,295100.0,1.23,0.443,0.0074,0.0008500000000000001
vol3,SD7037 (D),clean,295100.0,2.33,0.564,0.0079,0.0005000000000000004
vol3,SD7037 (D),clean,295100.0,3.3,0.668,0.009,0.0005999999999999998
vol3,SD7037 (D),clean,295100.0,4.46,0.789,0.0104,0.0007000000000000001
vol3,SD7037 (D),clean,295100.0,5.48,0.895,0.0118,0.001
vol3,SD7037 (D),clean,295100.0,6.63,1.01,0.0134,0.0007499999999999998
vol3,SD7037 (D),clean,295100.0,7.21,1.062,0.0145,0.0005500000000000001
vol3,SD7037 (D),clean,295100.0,8.25,1.148,0.0169,0.0004999999999999987
vol3,SD7037 (D),clean,295100.0,9.45,1.238,0.021,0.0003499999999999996
vol3,SD7037 (D),clean,295100.0,10.3,1.281,0.0261,0.00145
vol3,SD7037 (D),modified,196300.0,-4.98,-0.308,0.0282,0.0011000000000000003
vol3,SD7037 (D),modified,196300.0,-3.93,-0.183,0.0185,0.0023499999999999997
vol3,SD7037 (D),modified,196300.0,-2.88,-0.037,0.0146,0.0009499999999999995
vol3,SD7037 (D),modified,196300.0,-2.03,0.078,0.0126,0.0008999999999999998
vol3,SD7037 (D),modified,196300.0,-0.79,0.203,0.0097,0.0008500000000000001
vol3,SD7037 (D),modified,196300.0,0.06,0.275,0.0093,0.0005000000000000004
vol3,SD7037 (D),modified,196300.0,1.09,0.39,0.0089,0.0002999999999999999
vol3,SD7037 (D),modified,196300.0,2.21,0.515,0.0094,0.0002500000000000002
vol3,SD7037 (D),modified,196300.0,3.25,0.624,0.0101,0.0006000000000000007
vol3,SD7037 (D),modified,196300.0,4.24,0.721,0.0113,0.0004000000000000002
vol3,SD7037 (D),modified,196300.0,5.28,0.824,0.0126,0.0006499999999999995
vol3,SD7037 (D),modified,196300.0,6.29,0.92,0.0142,0.0004999999999999996
vol3,SD7037 (D),modified,196300.0,7.27,1.014,0.0163,0.0002999999999999999
vol3,SD7037 (D),modified,196300.0,8.32,1.106,0.0186,0.0003999999999999993
vol3,SD7037 (D),modified,196300.0,9.31,1.178,0.0218,0.0005000000000000004
vol3,SD7037 (D),modified,196300.0,10.35,1.236,0.0269,0.00145
vol3,SD7037 (D),modified,196300.0,11.35,1.268,0.0351,0.003950000000000002
vol3,SD7062 (B),clean,59900.0,-3.82,-0.113,0.0312,0.001599999999999999
vol3,SD7062 (B),clean,59900.0,-2.21,0.04,0.0295,0.006400000000000001
vol3,SD7062 (B),clean,59900.0,-0.79,0.184,0.0306,0.002450000000000001
vol3,SD7062 (B),clean,59900.0,0.87,0.337,0.0333,0.004449999999999999
vol3,SD7062 (B),clean,59900.0,2.43,0.463,0.0465,0.00655
vol3,SD7062 (B),clean,59900.0,3.9,0.528,0.0578,0.004200000000000002
vol3,SD7062 (B),clean,59900.0,5.49,0.585,0.0728,0.010099999999999998
vol3,SD7062 (B),clean,59900.0,6.88,0.627,0.0958,0.013950000000000004
vol3,SD7062 (B),clean,59900.0,8.51,0.668,0.124,0.022549999999999994
vol3,SD7062 (B),clean,59900.0,9.89,0.702,0.143,0.015350000000000003
vol3,SD7062 (B),clean,59900.0,11.47,0.753,0.1614,0.0121
vol3,SD7062 (B),clean,99400.0,-3.23,0.117,0.0231,0.0019000000000000006
vol3,SD7062 (B),clean,99400.0,-2.2,0.227,0.0231,0.0043
vol3,SD7062 (B),clean,99400.0,-1.21,0.321,0.0235,0.0031999999999999997
vol3,SD7062 (B),clean,99400.0,-0.16,0.412,0.022,0.0026500000000000013
vol3,SD7062 (B),clean,99400.0,0.86,0.527,0.0244,0.0023500000000000014
vol3,SD7062 (B),clean,99400.0,1.9,0.642,0.0242,0.0025499999999999984
vol3,SD7062 (B),clean,99400.0,2.96,0.751,0.0246,0.0015000000000000013
vol3,SD7062 (B),clean,99400.0,3.94,0.848,0.0242,0.0023499999999999997
vol3,SD7062 (B),clean,99400.0,4.96,0.935,0.0249,0.0020999999999999994
vol3,SD7062 (B),clean,99400.0,5.98,1.022,0.0257,0.0013999999999999985
vol3,SD7062 (B),clean,99400.0,7.0,1.109,0.026,0.0014999999999999996
vol3,SD7062 (B),clean,99400.0,8.12,1.205,0.0279,0.001599999999999999
vol3,SD7062 (B),clean,99400.0,9.04,1.283,0.0309,0.0026499999999999996
vol3,SD7062 (B),clean,99400.0,10.07,1.365,0.036,0.004999999999999999
vol3,SD7062 (B),clean,99400.0,11.14,1.442,0.0416,0.004300000000000002
vol3,SD7062 (B),clean,99400.0,12.11,1.489,0.0451,0.0072499999999999995
vol3,SD7062 (B),clean,101500.0,-5.32,-0.141,0.03,0.0023999999999999976
vol3,SD7062 (B),clean,101500.0,-4.24,0.003,0.026,0.002700000000000001
vol3,SD7062 (B),clean,199800.0,-5.33,-0.079,0.0187,0.00020000000000000052
vol3,SD7062 (B),clean,199800.0,-3.74,0.078,0.015,0.00014999999999999996
vol3,SD7062 (B),clean,199800.0,-2.11,0.261,0.0128,0.0004499999999999999
vol3,SD7062 (B),clean,199800.0,-0.67,0.392,0.0129,0.0005999999999999998
vol3,SD7062 (B),clean,199800.0,0.86,0.551,0.0125,0.0010500000000000006
vol3,SD7062 (B),clean,199800.0,2.41,0.723,0.0132,0.0004499999999999999
vol3,SD7062 (B),clean,199800.0,4.0,0.863,0.0147,0.0002999999999999999
vol3,SD7062 (B),clean,199800.0,5.51,1.018,0.0163,0.0008000000000000004
vol3,SD7062 (B),clean,199800.0,7.02,1.164,0.0183,0.0009500000000000012
vol3,SD7062 (B),clean,199800.0,8.55,1.307,0.0206,0.0008000000000000004
vol3,SD7062 (B),clean,199800.0,10.12,1.43,0.0237,0.0004999999999999987
vol3,SD7062 (B),clean,199800.0,11.6,1.524,0.0285,0.0008999999999999998
vol3,SD7062 (B),clean,198400.0,13.15,1.6,0.0363,0.002250000000000002
vol3,SD7062 (B),clean,198400.0,14.6,1.633,0.05,0.0076500000000000005
vol3,SD7062 (B),clean,299500.0,-5.35,-0.107,0.016,0.0006499999999999995
vol3,SD7062 (B),clean,299500.0,-3.73,0.058,0.0129,0.0003999999999999993
vol3,SD7062 (B),clean,299500.0,-2.11,0.236,0.0105,0.0004499999999999999
vol3,SD7062 (B),clean,299500.0,-0.66,0.38,0.0103,0.0003499999999999996
vol3,SD7062 (B),clean,299500.0,1.02,0.582,0.0105,0.0005499999999999993
vol3,SD7062 (B),clean,299500.0,2.57,0.75,0.0111,0.0005499999999999993
vol3,SD7062 (B),clean,299500.0,4.17,0.927,0.0123,0.0005000000000000004
vol3,SD7062 (B),clean,299500.0,5.72,1.085,0.014,0.0006500000000000004
vol3,SD7062 (B),clean,299500.0,7.21,1.23,0.0156,0.0009000000000000006
vol3,SD7062 (B),clean,299500.0,8.67,1.362,0.0175,0.0008500000000000001
vol3,SD7062 (B),clean,299500.0,10.21,1.48,0.0208,0.0007499999999999989
vol3,SD7062 (B),clean,299500.0,11.69,1.569,0.0258,0.0009499999999999995
vol3,SD7062 (B),clean,299500.0,13.23,1.628,0.0351,0.004150000000000001
vol3,SD7062 (B),clean,299500.0,14.67,1.652,0.054,0.017550000000000003
vol3,SD7062 (B),clean,399900.0,-5.53,-0.128,0.0151,0.0002500000000000002
vol3,SD7062 (B),clean,399900.0,-3.74,0.053,0.0118,0.0007000000000000001
vol3,SD7062 (B),clean,399900.0,-2.24,0.197,0.0099,0.0004499999999999999
vol3,SD7062 (B),clean,399900.0,-0.7,0.397,0.0091,0.00014999999999999996
vol3,SD7062 (B),clean,399900.0,0.86,0.575,0.0098,0.0004499999999999999
vol3,SD7062 (B),clean,399900.0,2.4,0.74,0.0103,0.0009499999999999995
vol3,SD7062 (B),clean,399900.0,3.96,0.911,0.0109,0.0006499999999999995
vol3,SD7062 (B),clean,399900.0,5.54,1.074,0.0122,0.0005500000000000001
vol3,SD7062 (B),clean,399900.0,7.05,1.222,0.0138,0.0007000000000000001
vol3,SD7062 (B),clean,399900.0,8.72,1.372,0.0162,0.0007999999999999995
vol3,SD7062 (B),clean,399900.0,10.23,1.487,0.0196,0.0006999999999999992
vol3,SD7062 (B),clean,399900.0,11.84,1.577,0.0251,0.0008500000000000001
vol3,SD7062 (B),clean,399900.0,13.09,1.618,0.0332,0.0059000000000000025
vol3,SD7062 (B),clean,399900.0,14.53,1.639,0.039,0.0147
vol3,SD7062 (B),modified,100300.0,-5.41,-0.213,0.0361,0.00375
vol3,SD7062 (B),modified,100300.0,-3.65,0.03,0.0261,0.0029500000000000012
vol3,SD7062 (B),modified,100300.0,-2.15,0.196,0.025,0.0026499999999999996
vol3,SD7062 (B),modified,100300.0,-0.59,0.343,0.0252,0.001899999999999999
vol3,SD7062 (B),modified,100300.0,0.9,0.476,0.0223,0.0019000000000000006
vol3,SD7062 (B),modified,100300.0,2.46,0.614,0.0209,0.0020999999999999994
vol3,SD7062 (B),modified,100300.0,3.95,0.776,0.0204,0.0013000000000000008
vol3,SD7062 (B),modified,100300.0,5.58,0.928,0.0204,0.0016499999999999987
vol3,SD7062 (B),modified,100300.0,7.06,1.049,0.0227,0.0011999999999999997
vol3,SD7062 (B),modified,100300.0,8.59,1.146,0.0279,0.001899999999999999
vol3,SD7062 (B),modified,100300.0,10.04,1.214,0.0344,0.0034000000000000002
vol3,SD7062 (B),modified,200400.0,-5.36,-0.1,0.0187,0.0005499999999999984
vol3,SD7062 (B),modified,200400.0,-3.79,0.039,0.0157,0.0006999999999999992
vol3,SD7062 (B),modified,200400.0,-2.15,0.204,0.0163,0.0015499999999999993
vol3,SD7062 (B),modified,200400.0,-0.63,0.367,0.0162,0.0020999999999999994
vol3,SD7062 (B),modified,200400.0,0.92,0.531,0.0152,0.0008999999999999989
vol3,SD7062 (B),modified,200400.0,2.47,0.685,0.016,0.00040000000000000105
vol3,SD7062 (B),modified,200400.0,3.92,0.817,0.0181,0.0012000000000000014
vol3,SD7062 (B),modified,200400.0,5.48,0.941,0.0207,0.0012000000000000014
vol3,SD7062 (B),modified,200400.0,6.97,1.044,0.0237,0.0011000000000000003
vol3,SD7062 (B),modified,200400.0,8.49,1.14,0.0292,0.0016500000000000004
vol3,SD7062 (B),modified,200400.0,10.02,1.191,0.0478,0.018150000000000003
vol3,SD7062 (B),modified,200400.0,11.55,1.202,0.0877,0.03855
vol3,SD7062 (B),modified,300300.0,-5.27,-0.116,0.0151,0.0009999999999999992
vol3,SD7062 (B),modified,300300.0,-3.77,0.03,0.0139,0.0011000000000000003
vol3,SD7062 (B),modified,300300.0,-2.21,0.194,0.0137,0.0008000000000000004
vol3,SD7062 (B),modified,300300.0,-0.7,0.351,0.0135,0.0003999999999999993
vol3,SD7062 (B),modified,300300.0,0.89,0.53,0.0141,0.0002500000000000002
vol3,SD7062 (B),modified,300300.0,2.34,0.678,0.0158,0.0005500000000000001
vol3,SD7062 (B),modified,300300.0,4.05,0.834,0.0184,0.0005999999999999998
vol3,SD7062 (B),modified,300300.0,5.48,0.956,0.0208,0.000449999999999999
vol3,SD7062 (B),modified,300300.0,7.1,1.078,0.0247,0.0010000000000000009
vol3,SD7062 (B),modified,300300.0,8.53,1.149,0.0298,0.0026
vol3,SD7062 (B),modified,300300.0,10.0,1.185,0.0516,0.020200000000000003
vol3,SD7062 (B),modified,401200.0,-5.4,-0.137,0.0137,0.0004499999999999999
vol3,SD7062 (B),modified,401200.0,-3.75,0.028,0.0125,0.0015999999999999999
vol3,SD7062 (B),modified,401200.0,-2.13,0.199,0.0126,0.0004000000000000002
vol3,SD7062 (B),modified,401200.0,-0.69,0.364,0.013,0.0004999999999999996
vol3,SD7062 (B),modified,401200.0,0.85,0.526,0.0142,0.00019999999999999966
vol3,SD7062 (B),modified,401200.0,2.39,0.678,0.016,0.0005500000000000001
vol3,SD7062 (B),modified,401200.0,3.95,0.826,0.0179,0.0004999999999999987
vol3,SD7062 (B),modified,401200.0,5.48,0.957,0.0202,0.0002999999999999999
vol3,SD7062 (B),modified,401200.0,7.05,1.071,0.0239,0.0005500000000000001
vol3,SD7062 (B),modified,401200.0,8.49,1.14,0.0295,0.0023500000000000014
vol3,SD7062 (B),modified,401200.0,10.16,1.175,0.0384,0.0148
vol3,SD7080,clean,99943.0,-6.02,-0.413,0.0437,0.0010499999999999989
vol3,SD7080,clean,99943.0,-4.93,-0.346,0.0292,0.0009999999999999992
vol3,SD7080,clean,99943.0,-3.91,-0.269,0.0246,0.0036000000000000008
vol3,SD7080,clean,99943.0,-2.97,-0.176,0.0191,0.0023
vol3,SD7080,clean,99943.0,-1.95,-0.053,0.0143,0.0013499999999999996
vol3,SD7080,clean,99943.0,-0.76,0.124,0.0138,0.0020999999999999994
vol3,SD7080,clean,99943.0,0.18,0.245,0.0149,0.0017000000000000001
vol3,SD7080,clean,99943.0,1.22,0.355,0.015,0.0016499999999999996
vol3,SD7080,clean,99943.0,2.28,0.446,0.0156,0.001299999999999999
vol3,SD7080,clean,99943.0,3.25,0.526,0.0151,0.0004499999999999999
vol3,SD7080,clean,99943.0,4.21,0.633,0.0151,0.0008999999999999998
vol3,SD7080,clean,99943.0,5.26,0.734,0.017,0.0009999999999999992
vol3,SD7080,clean,99943.0,6.32,0.827,0.0193,0.0004999999999999987
vol3,SD7080,clean,99943.0,7.29,0.905,0.0224,0.00115
vol3,SD7080,clean,99943.0,8.32,0.986,0.0242,0.0022500000000000003
vol3,SD7080,clean,99943.0,9.34,1.024,0.0292,0.0025000000000000005
vol3,SD7080,clean,99943.0,10.32,1.052,0.0372,0.0013500000000000005
vol3,SD7080,clean,99943.0,11.24,1.076,0.0441,0.0020499999999999997
vol3,SD7080,clean,149842.0,-6.01,-0.41,0.0433,0.0005999999999999998
vol3,SD7080,clean,149842.0,-4.81,-0.284,0.0255,0.0008999999999999998
vol3,SD7080,clean,149842.0,-3.9,-0.189,0.0201,0.0014999999999999996
vol3,SD7080,clean,149842.0,-2.86,-0.061,0.016,0.0023
vol3,SD7080,clean,149842.0,-1.81,0.041,0.0125,0.0011000000000000003
vol3,SD7080,clean,149842.0,-0.71,0.172,0.0114,0.0005999999999999998
vol3,SD7080,clean,149842.0,0.4,0.273,0.0113,0.0012500000000000002
vol3,SD7080,clean,149842.0,1.21,0.346,0.0118,0.0009500000000000003
vol3,SD7080,clean,149842.0,2.24,0.457,0.0125,0.0019000000000000006
vol3,SD7080,clean,149842.0,3.25,0.567,0.0116,0.0008999999999999998
vol3,SD7080,clean,149842.0,4.21,0.66,0.0121,0.0004499999999999999
vol3,SD7080,clean,149842.0,5.31,0.755,0.0151,0.0003999999999999993
vol3,SD7080,clean,149842.0,6.22,0.836,0.017,0.00010000000000000113
vol3,SD7080,clean,149842.0,7.26,0.928,0.0194,0.0007500000000000007
vol3,SD7080,clean,149842.0,8.34,1.005,0.0228,0.0010499999999999989
vol3,SD7080,clean,149842.0,9.29,1.036,0.0295,0.0012500000000000011
vol3,SD7080,clean,149842.0,10.42,1.069,0.0376,0.0015500000000000028
vol3,SD7080,clean,149842.0,11.22,1.083,0.0463,0.0038000000000000013
vol3,SD7080,clean,199879.0,-5.94,-0.379,0.0376,0.0004500000000000025
vol3,SD7080,clean,199879.0,-5.34,-0.306,0.0277,0.0009499999999999995
vol3,SD7080,clean,199879.0,-3.84,-0.139,0.0175,0.0018999999999999998
vol3,SD7080,clean,199879.0,-2.75,-0.028,0.015,0.002450000000000001
vol3,SD7080,clean,199879.0,-1.71,0.056,0.0113,0.0007500000000000007
vol3,SD7080,clean,199879.0,-0.75,0.152,0.0099,0.0016500000000000004
vol3,SD7080,clean,199879.0,0.24,0.259,0.0094,0.0005500000000000001
vol3,SD7080,clean,199879.0,1.41,0.379,0.0098,0.0008000000000000004
vol3,SD7080,clean,199879.0,2.27,0.474,0.0096,0.0007000000000000001
vol3,SD7080,clean,199879.0,3.24,0.573,0.0102,0.0002500000000000002
vol3,SD7080,clean,199879.0,4.4,0.688,0.012,0.0003500000000000005
vol3,SD7080,clean,199879.0,5.09,0.753,0.0132,0.0005500000000000001
vol3,SD7080,clean,199879.0,6.31,0.866,0.0153,0.00045000000000000075
vol3,SD7080,clean,199879.0,7.25,0.953,0.0173,0.0008500000000000001
vol3,SD7080,clean,199879.0,8.28,1.013,0.0224,0.0017000000000000001
vol3,SD7080,clean,199879.0,9.34,1.056,0.0285,0.0010499999999999989
vol3,SD7080,clean,199879.0,10.23,1.085,0.0352,0.0009999999999999974
vol3,SD7080,clean,199879.0,11.26,1.101,0.0456,0.0011000000000000003
vol3,SD7080,clean,299767.0,-6.19,-0.39,0.0412,0.0005499999999999984
vol3,SD7080,clean,299767.0,-5.06,-0.265,0.0226,0.0008500000000000001
vol3,SD7080,clean,299767.0,-4.1,-0.169,0.0168,0.0008500000000000001
vol3,SD7080,clean,299767.0,-3.04,-0.071,0.0132,0.00185
vol3,SD7080,clean,299767.0,-1.96,0.025,0.0101,0.0009500000000000003
vol3,SD7080,clean,299767.0,-0.77,0.135,0.0083,0.0002500000000000002
vol3,SD7080,clean,299767.0,0.21,0.266,0.0075,0.0002999999999999999
vol3,SD7080,clean,299767.0,1.26,0.376,0.0076,0.00014999999999999996
vol3,SD7080,clean,299767.0,2.16,0.47,0.0082,0.0005000000000000004
vol3,SD7080,clean,299767.0,2.86,0.538,0.0087,0.00024999999999999935
vol3,SD7080,clean,299767.0,4.35,0.689,0.0106,0.0002500000000000002
vol3,SD7080,clean,299767.0,5.19,0.774,0.0119,0.0002500000000000002
vol3,SD7080,clean,299767.0,6.17,0.87,0.0135,0.0002999999999999999
vol3,SD7080,clean,299767.0,7.29,0.97,0.0156,0.0008999999999999998
vol3,SD7080,clean,299767.0,8.34,1.03,0.0217,0.000700000000000001
vol3,SD7080,clean,299767.0,9.35,1.078,0.0265,0.0007999999999999986
vol3,SD7080,clean,299767.0,10.23,1.11,0.0325,0.0010000000000000009
vol3,SD7080,clean,299767.0,11.26,1.128,0.0432,0.0013500000000000005
vol3,SG6040,clean,99872.0,-3.97,-0.202,0.0264,0.0017499999999999998
vol3,SG6040,clean,99872.0,-3.01,-0.169,0.0302,0.0008999999999999998
vol3,SG6040,clean,99872.0,-1.87,-0.082,0.0331,0.0016499999999999987
vol3,SG6040,clean,99872.0,-0.85,0.025,0.0336,0.0010000000000000009
vol3,SG6040,clean,99872.0,0.25,0.152,0.0331,0.0010000000000000009
vol3,SG6040,clean,99872.0,1.08,0.183,0.0379,0.0008499999999999966
vol3,SG6040,clean,99872.0,2.31,0.292,0.0427,0.0011499999999999982
vol3,SG6040,clean,99872.0,3.3,0.369,0.0471,0.00255
vol3,SG6040,clean,99872.0,4.23,0.456,0.0549,0.0030999999999999986
vol3,SG6040,clean,99872.0,5.2,0.657,0.0451,0.0028000000000000004
vol3,SG6040,clean,99872.0,6.37,0.883,0.0298,0.0026500000000000013
vol3,SG6040,clean,99872.0,7.25,0.987,0.0261,0.0014999999999999996
vol3,SG6040,clean,99872.0,8.3,1.085,0.0247,0.0011999999999999997
vol3,SG6040,clean,99872.0,9.38,1.163,0.0253,0.0011000000000000003
vol3,SG6040,clean,99872.0,10.36,1.235,0.0274,0.0012000000000000014
vol3,SG6040,clean,99872.0,11.43,1.248,0.0323,0.0005499999999999984
vol3,SG6040,clean,99872.0,12.4,1.266,0.0408,0.0030999999999999986
vol3,SG6040,clean,100031.0,-6.06,-0.478,0.0257,0.0010500000000000006
vol3,SG6040,clean,100031.0,-4.87,-0.343,0.0219,0.004200000000000001
vol3,SG6040,clean,149969.0,-4.83,-0.227,0.019,0.0001999999999999988
vol3,SG6040,clean,149969.0,-3.98,-0.115,0.0203,0.0008500000000000001
vol3,SG6040,clean,149969.0,-2.38,0.066,0.0207,0.0005999999999999998
vol3,SG6040,clean,149969.0,-1.77,0.13,0.0209,0.0003999999999999993
vol3,SG6040,clean,149969.0,-0.95,0.21,0.0206,0.0005999999999999998
vol3,SG6040,clean,149969.0,0.37,0.325,0.0202,0.0006499999999999995
vol3,SG6040,clean,149969.0,1.27,0.398,0.0201,0.0006499999999999995
vol3,SG6040,clean,149969.0,2.39,0.506,0.0201,0.0009500000000000012
vol3,SG6040,clean,149969.0,3.43,0.609,0.02,0.0010500000000000006
vol3,SG6040,clean,149969.0,4.43,0.711,0.0202,0.0008500000000000001
vol3,SG6040,clean,149969.0,5.57,0.829,0.0199,0.0012500000000000011
vol3,SG6040,clean,149969.0,6.87,0.984,0.0199,0.0005999999999999998
vol3,SG6040,clean,149969.0,7.25,1.024,0.0201,0.0009500000000000012
vol3,SG6040,clean,149969.0,8.55,1.142,0.0203,0.0006499999999999995
vol3,SG6040,clean,149969.0,9.39,1.214,0.0213,0.0005000000000000004
vol3,SG6040,clean,149969.0,10.59,1.27,0.0254,0.0015499999999999993
vol3,SG6040,clean,149969.0,11.24,1.266,0.0297,0.0031999999999999997
vol3,SG6040,clean,149969.0,12.51,1.285,0.0399,0.002050000000000003
vol3,SG6040,clean,149553.0,-6.93,-0.503,0.027,0.0009999999999999992
vol3,SG6040,clean,149553.0,-6.1,-0.392,0.0227,0.0004999999999999987
vol3,SG6040,clean,199979.0,-6.81,-0.395,0.0207,0.0008999999999999998
vol3,SG6040,clean,199979.0,-5.7,-0.254,0.017,0.000700000000000001
vol3,SG6040,clean,199979.0,-5.14,-0.192,0.0149,0.0004000000000000002
vol3,SG6040,clean,199979.0,-3.54,-0.037,0.015,0.0004499999999999999
vol3,SG6040,clean,199979.0,-2.76,0.04,0.0152,0.0004000000000000002
vol3,SG6040,clean,199979.0,-1.61,0.154,0.0157,0.0004999999999999996
vol3,SG6040,clean,199979.0,-0.69,0.246,0.0157,0.0004000000000000002
vol3,SG6040,clean,199979.0,0.53,0.374,0.0156,0.0003500000000000005
vol3,SG6040,clean,199979.0,1.18,0.447,0.0155,0.00024999999999999935
vol3,SG6040,clean,199979.0,2.3,0.563,0.0158,0.00015000000000000083
vol3,SG6040,clean,199979.0,3.34,0.664,0.0159,0.0003999999999999993
vol3,SG6040,clean,199979.0,4.34,0.758,0.0165,0.000449999999999999
vol3,SG6040,clean,199979.0,5.32,0.851,0.0165,0.0005999999999999998
vol3,SG6040,clean,199979.0,6.48,0.961,0.0164,0.0003999999999999993
vol3,SG6040,clean,199979.0,7.4,1.07,0.0168,0.00015000000000000083
vol3,SG6040,clean,199979.0,8.49,1.173,0.0177,0.0001999999999999988
vol3,SG6040,clean,199979.0,9.51,1.246,0.0194,0.00045000000000000075
vol3,SG6040,clean,199979.0,10.37,1.278,0.0235,0.0011000000000000003
vol3,SG6040,clean,199979.0,11.42,1.284,0.0325,0.0030500000000000024
vol3,SG6040,clean,199113.0,12.35,1.294,0.0407,0.00545
vol3,SG6040,clean,199113.0,13.41,1.311,0.0514,0.0049499999999999995
vol3,SG6040,clean,299663.0,-8.07,-0.482,0.0201,0.0005000000000000004
vol3,SG6040,clean,299663.0,-7.06,-0.362,0.0164,0.0005500000000000001
vol3,SG6040,clean,299663.0,-6.04,-0.274,0.0144,0.0005500000000000001
vol3,SG6040,clean,299663.0,-4.93,-0.175,0.0119,0.0003499999999999996
vol3,SG6040,clean,299663.0,-3.99,-0.085,0.0105,0.00014999999999999996
vol3,SG6040,clean,299663.0,-2.96,0.022,0.0111,0.0003499999999999996
vol3,SG6040,clean,299663.0,-1.93,0.133,0.0115,0.0003500000000000005
vol3,SG6040,clean,299663.0,-0.54,0.283,0.0117,0.00020000000000000052
vol3,SG6040,clean,299663.0,0.27,0.369,0.0119,0.0003000000000000008
vol3,SG6040,clean,299663.0,1.31,0.489,0.012,0.0002999999999999999
vol3,SG6040,clean,299663.0,2.26,0.587,0.0125,0.00019999999999999966
vol3,SG6040,clean,299663.0,3.45,0.716,0.0131,0.0002999999999999999
vol3,SG6040,clean,299663.0,4.05,0.779,0.0134,0.0004499999999999999
vol3,SG6040,clean,299663.0,5.02,0.878,0.0137,0.0005000000000000004
vol3,SG6040,clean,299663.0,6.65,1.037,0.0141,0.00020000000000000052
vol3,SG6040,clean,299663.0,7.5,1.114,0.0142,0.0004000000000000002
vol3,SG6040,clean,299663.0,8.63,1.21,0.016,0.00035000000000000135
vol3,SG6040,clean,299663.0,9.6,1.262,0.0189,0.00040000000000000105
vol3,SG6040,clean,299663.0,10.53,1.287,0.024,0.0013000000000000008
vol3,SG6040,clean,299663.0,11.39,1.298,0.0303,0.0034999999999999996
vol3,SG6040,clean,299663.0,12.34,1.311,0.0396,0.005200000000000003
vol3,SG6040,clean,299663.0,13.47,1.33,0.0519,0.003349999999999999
vol3,SG6040,clean,299663.0,14.49,1.347,0.0621,0.008049999999999998
vol3,SG6040,clean,399758.0,-8.07,-0.458,0.0168,0.0
vol3,SG6040,clean,399758.0,-7.09,-0.371,0.0145,0.0
vol3,SG6040,clean,399758.0,-5.95,-0.277,0.0127,0.0
vol3,SG6040,clean,399758.0,-5.0,-0.184,0.0112,0.0
vol3,SG6040,clean,399758.0,-3.99,-0.088,0.0093,0.0
vol3,SG6040,clean,399758.0,-2.97,0.019,0.0093,0.0
vol3,SG6040,clean,399758.0,-1.9,0.137,0.0097,0.0
vol3,SG6040,clean,399758.0,-0.89,0.249,0.0099,0.0
vol3,SG6040,clean,399758.0,0.23,0.373,0.0102,0.0
vol3,SG6040,clean,399758.0,1.14,0.476,0.0104,0.0
vol3,SG6040,clean,399758.0,2.29,0.599,0.0108,0.0
vol3,SG6040,clean,399758.0,3.35,0.713,0.0115,0.0
vol3,SG6040,clean,399758.0,4.26,0.813,0.0119,0.0
vol3,SG6040,clean,399758.0,5.26,0.918,0.0123,0.0
vol3,SG6040,clean,399758.0,6.43,1.034,0.013,0.0
vol3,SG6040,clean,399758.0,7.51,1.127,0.0135,0.0
vol3,SG6040,clean,399758.0,8.54,1.199,0.0152,0.0
vol3,SG6040,clean,399758.0,9.64,1.25,0.0192,0.0
vol3,SG6040,clean,399758.0,10.62,1.28,0.0243,0.0
vol3,SG6040,clean,399758.0,11.55,1.301,0.0309,0.0
vol3,SG6040,clean,399758.0,12.46,1.32,0.0396,0.0
vol3,SG6040,clean,399758.0,13.43,1.341,0.0487,0.0
vol3,SG6040,clean,498293.0,-5.92,-0.282,0.0119,0.0005000000000000004
vol3,SG6040,clean,498293.0,-4.96,-0.184,0.0106,0.0002999999999999999
vol3,SG6040,clean,498293.0,-4.04,-0.089,0.009,0.0002500000000000002
vol3,SG6040,clean,498293.0,-2.97,0.029,0.0083,0.00019999999999999966
vol3,SG6040,clean,498293.0,-1.94,0.151,0.0087,0.00014999999999999996
vol3,SG6040,clean,498293.0,-0.9,0.271,0.0089,9.99999999999994e-05
vol3,SG6040,clean,498293.0,0.11,0.385,0.0091,0.00020000000000000052
vol3,SG6040,clean,498293.0,1.13,0.504,0.0094,0.00024999999999999935
vol3,SG6040,clean,498293.0,2.19,0.624,0.0099,0.00014999999999999996
vol3,SG6040,clean,498293.0,3.21,0.737,0.0104,0.00024999999999999935
vol3,SG6040,clean,498293.0,4.25,0.85,0.011,0.0003499999999999996
vol3,SG6040,clean,498293.0,5.25,0.956,0.0116,0.00045000000000000075
vol3,SG6040,clean,498293.0,6.34,1.066,0.0124,0.0003500000000000005
vol3,SG6040,clean,498293.0,7.12,1.134,0.0131,0.0002999999999999999
vol3,SG6040,clean,498293.0,8.53,1.224,0.0154,0.0005000000000000004
vol3,SG6040,clean,498293.0,9.23,1.257,0.0181,0.0006499999999999995
vol3,SG6040,clean,498293.0,10.3,1.292,0.0232,0.0009499999999999995
vol3,SG6040,clean,498293.0,11.33,1.313,0.0299,0.00145
vol3,SG6040,clean,498293.0,12.73,1.339,0.0442,0.010599999999999998
vol3,SG6040,modified,137122.0,-4.27,-0.124,0.023,0.0005999999999999998
vol3,SG6040,modified,137122.0,-2.55,0.054,0.0214,0.0008000000000000004
vol3,SG6040,modified,137122.0,-1.45,0.174,0.0205,0.0005500000000000001
vol3,SG6040,modified,137122.0,0.3,0.341,0.0161,0.0023
vol3,SG6040,modified,137122.0,2.01,0.5,0.0166,0.0002500000000000002
vol3,SG6040,modified,137122.0,3.37,0.598,0.0192,0.0008500000000000001
vol3,SG6040,modified,137122.0,4.99,0.696,0.021,0.00285
vol3,SG6040,modified,137122.0,6.36,0.792,0.0244,0.0004999999999999987
vol3,SG6040,modified,137122.0,7.87,0.883,0.0302,0.0007500000000000007
vol3,SG6040,modified,137122.0,9.29,0.95,0.0382,0.0016000000000000007
vol3,SG6040,modified,137122.0,10.98,0.992,0.0511,0.005300000000000003
vol3,SG6040,modified,137122.0,5.25,0.956,0.0116,0.00045000000000000075
vol3,SG6040,modified,149726.0,-5.9,-0.353,0.0247,0.0006999999999999992
vol3,SG6040,modified,299854.0,-5.96,-0.267,0.0169,0.0005500000000000001
vol3,SG6040,modified,299854.0,-4.4,-0.119,0.0155,0.0007999999999999995
vol3,SG6040,modified,299854.0,-2.9,0.028,0.0137,0.0007000000000000001
vol3,SG6040,modified,299854.0,-1.21,0.184,0.0145,0.0003499999999999996
vol3,SG6040,modified,299854.0,0.35,0.342,0.0151,0.00020000000000000052
vol3,SG6040,modified,299854.0,2.01,0.49,0.0172,4.99999999999997e-05
vol3,SG6040,modified,299854.0,3.65,0.636,0.0195,9.99999999999994e-05
vol3,SG6040,modified,299854.0,4.62,0.719,0.0211,0.00040000000000000105
vol3,SG6040,modified,299854.0,6.14,0.839,0.0242,0.000449999999999999
vol3,SG6040,modified,299854.0,7.63,0.927,0.0288,0.0011000000000000003
vol3,SG6040,modified,299854.0,9.64,1.0,0.0432,0.004750000000000001
vol3,SG6040,modified,299854.0,10.93,1.032,0.0581,0.012249999999999997
vol3,SG6040,modified,500268.0,-5.95,-0.293,0.0145,0.0003499999999999996
vol3,SG6040,modified,500268.0,-4.47,-0.143,0.0138,0.0007000000000000001
vol3,SG6040,modified,500268.0,-2.9,0.012,0.0138,0.0003500000000000005
vol3,SG6040,modified,500268.0,-1.3,0.186,0.0144,0.0002500000000000002
vol3,SG6040,modified,500268.0,0.16,0.333,0.0153,0.0003500000000000005
vol3,SG6040,modified,500268.0,1.71,0.494,0.0163,0.0002500000000000002
vol3,SG6040,modified,500268.0,3.3,0.643,0.0182,0.00020000000000000052
vol3,SG6040,modified,500268.0,4.74,0.763,0.0208,0.0002999999999999999
vol3,SG6040,modified,500268.0,6.44,0.885,0.025,0.000449999999999999
vol3,SG6040,modified,500268.0,8.14,0.974,0.0315,0.0014999999999999979
vol3,SG6040,modified,500268.0,9.91,1.037,0.0413,0.0019999999999999983
vol3,SG6041,clean,99837.0,-7.41,-0.498,0.0793,0.0
vol3,SG6041,clean,99837.0,-6.51,-0.443,0.0522,0.0
vol3,SG6041,clean,99837.0,-5.13,-0.339,0.0301,0.0
vol3,SG6041,clean,99837.0,-4.47,-0.281,0.0253,0.0
vol3,SG6041,clean,99837.0,-3.45,-0.187,0.0206,0.0
vol3,SG6041,clean,99837.0,-2.37,-0.094,0.0152,0.0
vol3,SG6041,clean,99837.0,-1.39,-0.013,0.0142,0.0
vol3,SG6041,clean,99837.0,-0.29,0.096,0.0168,0.0
vol3,SG6041,clean,99837.0,0.68,0.225,0.0194,0.0
vol3,SG6041,clean,99837.0,1.74,0.394,0.0199,0.0
vol3,SG6041,clean,99837.0,2.68,0.537,0.0196,0.0
vol3,SG6041,clean,99837.0,3.56,0.647,0.0173,0.0
vol3,SG6041,clean,99837.0,4.94,0.782,0.0161,0.0
vol3,SG6041,clean,99837.0,5.84,0.86,0.0167,0.0
vol3,SG6041,clean,99837.0,7.03,0.943,0.0225,0.0
vol3,SG6041,clean,99837.0,7.85,0.991,0.0267,0.0
vol3,SG6041,clean,99837.0,9.15,1.069,0.034,0.0
vol3,SG6041,clean,99837.0,9.86,1.106,0.0396,0.0
vol3,SG6041,clean,99837.0,10.89,1.141,0.0474,0.0
vol3,SG6041,clean,149940.0,-6.36,-0.429,0.0488,0.0017500000000000016
vol3,SG6041,clean,149940.0,-5.2,-0.35,0.029,0.0008999999999999998
vol3,SG6041,clean,149940.0,-4.26,-0.274,0.0219,0.0005999999999999998
vol3,SG6041,clean,149940.0,-3.1,-0.158,0.0177,0.00115
vol3,SG6041,clean,149940.0,-2.18,-0.053,0.0134,0.0009000000000000006
vol3,SG6041,clean,149940.0,-0.82,0.071,0.0151,0.00115
vol3,SG6041,clean,149940.0,-0.11,0.2,0.0138,0.0006500000000000004
vol3,SG6041,clean,149940.0,1.03,0.38,0.0132,0.0002500000000000002
vol3,SG6041,clean,149940.0,1.96,0.477,0.0122,0.0003499999999999996
vol3,SG6041,clean,149940.0,2.72,0.526,0.0119,0.0016500000000000004
vol3,SG6041,clean,149940.0,4.09,0.673,0.0117,0.0014999999999999996
vol3,SG6041,clean,149940.0,4.95,0.769,0.0135,0.0010500000000000006
vol3,SG6041,clean,149940.0,6.18,0.876,0.0172,0.0005999999999999998
vol3,SG6041,clean,149940.0,6.84,0.922,0.0194,0.0006499999999999995
vol3,SG6041,clean,149940.0,7.82,0.989,0.0237,0.0006499999999999995
vol3,SG6041,clean,149940.0,9.12,1.075,0.0296,0.0007500000000000007
vol3,SG6041,clean,149940.0,10.06,1.125,0.036,0.0011999999999999997
vol3,SG6041,clean,149940.0,11.09,1.165,0.0456,0.0007999999999999986
vol3,SG6041,clean,199832.0,-5.31,-0.359,0.0267,0.000700000000000001
vol3,SG6041,clean,199832.0,-4.36,-0.269,0.0201,0.0006499999999999995
vol3,SG6041,clean,199832.0,-3.27,-0.151,0.0168,0.0017499999999999998
vol3,SG6041,clean,199832.0,-2.28,-0.021,0.0127,0.0015000000000000005
vol3,SG6041,clean,199832.0,-1.28,0.102,0.013,0.0007499999999999998
vol3,SG6041,clean,199832.0,-0.11,0.251,0.0123,0.0006500000000000004
vol3,SG6041,clean,199832.0,0.82,0.374,0.0114,0.0002999999999999999
vol3,SG6041,clean,199832.0,1.83,0.471,0.0105,0.0002999999999999999
vol3,SG6041,clean,199832.0,2.83,0.581,0.0107,0.0008999999999999998
vol3,SG6041,clean,199832.0,3.95,0.699,0.0109,9.99999999999994e-05
vol3,SG6041,clean,199832.0,4.87,0.781,0.0126,0.0003499999999999996
vol3,SG6041,clean,199832.0,5.95,0.871,0.0152,0.000449999999999999
vol3,SG6041,clean,199832.0,6.83,0.942,0.0181,0.0004999999999999987
vol3,SG6041,clean,199832.0,7.86,1.02,0.0219,0.0005000000000000004
vol3,SG6041,clean,199832.0,8.84,1.091,0.0257,0.0002999999999999999
vol3,SG6041,clean,199832.0,9.96,1.155,0.0311,0.0003999999999999993
vol3,SG6041,clean,199832.0,11.14,1.199,0.0397,0.0011500000000000017
vol3,SG6041,clean,299731.0,-5.91,-0.393,0.0346,0.0019500000000000003
vol3,SG6041,clean,299731.0,-4.98,-0.291,0.0208,0.0009999999999999992
vol3,SG6041,clean,299731.0,-3.94,-0.158,0.0157,0.0007500000000000007
vol3,SG6041,clean,299731.0,-2.82,0.0,0.0122,0.0011000000000000003
vol3,SG6041,clean,299731.0,-1.91,0.113,0.0088,0.00195
vol3,SG6041,clean,299731.0,-0.83,0.215,0.008,0.001
vol3,SG6041,clean,299731.0,0.25,0.308,0.0078,0.0006499999999999995
vol3,SG6041,clean,299731.0,1.07,0.413,0.008,0.0005500000000000001
vol3,SG6041,clean,299731.0,2.56,0.574,0.0087,0.0005500000000000001
vol3,SG6041,clean,299731.0,3.28,0.65,0.009,0.0003500000000000005
vol3,SG6041,clean,299731.0,4.27,0.745,0.0104,0.0004499999999999999
vol3,SG6041,clean,299731.0,5.26,0.834,0.0125,0.0003999999999999993
vol3,SG6041,clean,299731.0,6.33,0.93,0.0147,0.00024999999999999935
vol3,SG6041,clean,299731.0,7.41,1.02,0.0178,0.0002499999999999985
vol3,SG6041,clean,299731.0,8.47,1.102,0.021,0.0003499999999999996
vol3,SG6041,clean,299731.0,9.37,1.167,0.0245,0.0005500000000000001
vol3,SG6041,clean,299731.0,10.39,1.223,0.0286,0.00045000000000000075
vol3,SG6041,clean,299731.0,11.38,1.264,0.0353,0.0017999999999999995
vol3,SG6041,clean,399121.0,-6.54,-0.423,0.0499,0.0020499999999999997
vol3,SG6041,clean,399121.0,-5.44,-0.291,0.0216,0.0015499999999999993
vol3,SG6041,clean,399121.0,-4.47,-0.175,0.014,0.0032500000000000003
vol3,SG6041,clean,399121.0,-3.44,-0.047,0.0114,0.00145
vol3,SG6041,clean,399121.0,-2.4,0.069,0.0091,0.0007000000000000001
vol3,SG6041,clean,399121.0,-1.4,0.162,0.007,0.0009499999999999999
vol3,SG6041,clean,399121.0,-0.38,0.266,0.0068,0.0007999999999999999
vol3,SG6041,clean,399121.0,0.71,0.371,0.0069,0.0008999999999999998
vol3,SG6041,clean,399121.0,1.67,0.477,0.0069,0.0002500000000000002
vol3,SG6041,clean,399121.0,2.72,0.6,0.0075,0.0002500000000000002
vol3,SG6041,clean,399121.0,3.79,0.702,0.009,0.00014999999999999996
vol3,SG6041,clean,399121.0,4.83,0.799,0.011,0.0005499999999999993
vol3,SG6041,clean,399121.0,6.15,0.935,0.0137,0.0003500000000000005
vol3,SG6041,clean,399121.0,6.94,0.994,0.0153,0.0003499999999999996
vol3,SG6041,clean,399121.0,7.89,1.073,0.0175,0.0004999999999999987
vol3,SG6041,clean,399121.0,9.05,1.165,0.0208,0.0002999999999999999
vol3,SG6041,clean,399121.0,9.9,1.221,0.0236,0.000449999999999999
vol3,SG6041,clean,399121.0,10.97,1.276,0.0283,0.0008999999999999998
vol3,SG6041,clean,399121.0,11.95,1.309,0.0352,0.002749999999999999
vol3,SG6041,clean,498408.0,-6.48,-0.383,0.0447,0.0013500000000000005
vol3,SG6041,clean,498408.0,-5.41,-0.259,0.0167,0.0012499999999999994
vol3,SG6041,clean,498408.0,-4.45,-0.15,0.0122,0.0011999999999999997
vol3,SG6041,clean,498408.0,-3.4,-0.045,0.0103,0.0016500000000000004
vol3,SG6041,clean,498408.0,-2.4,0.064,0.0086,0.0007999999999999995
vol3,SG6041,clean,498408.0,-1.34,0.171,0.0067,0.0002999999999999999
vol3,SG6041,clean,498408.0,-0.33,0.279,0.0062,0.0002500000000000002
vol3,SG6041,clean,498408.0,0.79,0.393,0.0065,0.00035000000000000005
vol3,SG6041,clean,498408.0,1.77,0.493,0.0066,0.0005
vol3,SG6041,clean,498408.0,2.72,0.608,0.0072,0.0002000000000000001
vol3,SG6041,clean,498408.0,3.83,0.715,0.0089,0.00014999999999999996
vol3,SG6041,clean,498408.0,4.85,0.813,0.0109,0.0003999999999999993
vol3,SG6041,clean,498408.0,6.0,0.925,0.0128,0.0005000000000000004
vol3,SG6041,clean,498408.0,7.24,1.044,0.0155,0.0004499999999999999
vol3,SG6041,clean,498408.0,8.35,1.133,0.0179,0.0004999999999999987
vol3,SG6041,clean,498408.0,9.35,1.208,0.0207,0.0006499999999999995
vol3,SG6041,clean,498408.0,10.16,1.259,0.0233,0.0005500000000000001
vol3,SG6041,clean,498408.0,11.09,1.305,0.0275,0.0009999999999999992
vol3,SG6041,clean,498408.0,12.12,1.338,0.0352,0.0045000000000000005
vol3,SG6041,modified,144195.0,-5.68,-0.401,0.0363,0.0007500000000000007
vol3,SG6041,modified,144195.0,-4.36,-0.297,0.0231,0.0005000000000000004
vol3,SG6041,modified,144195.0,-2.86,-0.151,0.0173,0.0017000000000000001
vol3,SG6041,modified,144195.0,-1.24,0.102,0.017,0.0005500000000000001
vol3,SG6041,modified,144195.0,0.29,0.289,0.0139,0.0002500000000000002
vol3,SG6041,modified,144195.0,1.88,0.413,0.0169,0.00020000000000000052
vol3,SG6041,modified,144195.0,3.28,0.529,0.0177,0.0008500000000000001
vol3,SG6041,modified,144195.0,5.0,0.675,0.0205,0.00040000000000000105
vol3,SG6041,modified,144195.0,6.38,0.802,0.0241,0.0006999999999999992
vol3,SG6041,modified,144195.0,7.87,0.917,0.0287,0.0005999999999999998
vol3,SG6041,modified,144195.0,9.53,1.008,0.0366,0.0006999999999999992
vol3,SG6041,modified,144195.0,10.92,1.071,0.0449,0.000449999999999999
vol3,SG6041,modified,144195.0,6.0,0.925,0.0128,0.0961
vol3,SG6041,modified,299200.0,-5.85,-0.408,0.0346,0.0030500000000000006
vol3,SG6041,modified,299200.0,-4.3,-0.217,0.0167,0.0013500000000000005
vol3,SG6041,modified,299200.0,-2.84,-0.018,0.012,0.001
vol3,SG6041,modified,299200.0,-1.21,0.131,0.0135,9.99999999999994e-05
vol3,SG6041,modified,299200.0,0.44,0.296,0.0148,0.0002500000000000002
vol3,SG6041,modified,299200.0,1.94,0.456,0.0162,0.00020000000000000052
vol3,SG6041,modified,299200.0,3.39,0.598,0.018,0.0003499999999999996
vol3,SG6041,modified,299200.0,4.89,0.736,0.0206,0.00045000000000000075
vol3,SG6041,modified,299200.0,6.39,0.867,0.0236,0.00040000000000000105
vol3,SG6041,modified,299200.0,8.08,0.987,0.0282,0.0009500000000000012
vol3,SG6041,modified,299200.0,9.41,1.064,0.034,0.0006500000000000013
vol3,SG6041,modified,299200.0,10.9,1.121,0.0439,0.0027500000000000024
vol3,SG6041,modified,299200.0,12.35,1.138,0.0674,0.024999999999999998
vol3,SG6041,modified,498804.0,-5.87,-0.333,0.0205,0.0005999999999999998
vol3,SG6041,modified,498804.0,-4.31,-0.175,0.0148,0.0005000000000000004
vol3,SG6041,modified,498804.0,-2.72,-0.017,0.0128,0.0004999999999999996
vol3,SG6041,modified,498804.0,-1.46,0.127,0.0132,0.00020000000000000052
vol3,SG6041,modified,498804.0,0.22,0.306,0.0138,0.00014999999999999996
vol3,SG6041,modified,498804.0,1.71,0.465,0.015,0.00010000000000000026
vol3,SG6041,modified,498804.0,3.34,0.628,0.0169,0.0002500000000000002
vol3,SG6041,modified,498804.0,4.86,0.769,0.0195,0.0002999999999999999
vol3,SG6041,modified,498804.0,6.6,0.923,0.0236,0.000449999999999999
vol3,SG6041,modified,498804.0,8.03,1.025,0.0277,0.0002999999999999999
vol3,SG6041,modified,498804.0,9.59,1.103,0.0333,0.00145
vol3,SG6041,modified,498804.0,10.87,1.143,0.0372,0.003300000000000001
vol3,SG6041,modified,498804.0,12.54,1.184,0.0383,0.0009499999999999995
vol3,SG6042,clean,99856.0,-5.13,-0.351,0.0615,0.0032999999999999974
vol3,SG6042,clean,99856.0,-3.78,-0.123,0.0309,0.0006500000000000013
vol3,SG6042,clean,99856.0,-3.02,-0.027,0.0258,0.0013000000000000008
vol3,SG6042,clean,99856.0,-1.97,0.108,0.0208,0.0008999999999999998
vol3,SG6042,clean,99856.0,-0.94,0.203,0.0193,0.00045000000000000075
vol3,SG6042,clean,99856.0,0.08,0.311,0.023,0.0014000000000000002
vol3,SG6042,clean,99856.0,1.06,0.397,0.0263,0.0008500000000000001
vol3,SG6042,clean,99856.0,2.09,0.488,0.0281,0.0009499999999999995
vol3,SG6042,clean,99856.0,3.14,0.643,0.0277,0.0009499999999999995
vol3,SG6042,clean,99856.0,4.32,0.811,0.0234,0.0016499999999999987
vol3,SG6042,clean,99856.0,5.23,0.9,0.0195,0.0009000000000000015
vol3,SG6042,clean,99856.0,6.2,0.995,0.0184,0.0001999999999999988
vol3,SG6042,clean,99856.0,7.28,1.095,0.0197,0.0007500000000000007
vol3,SG6042,clean,99856.0,8.25,1.16,0.0245,0.0005500000000000001
vol3,SG6042,clean,99645.0,9.29,1.246,0.0286,0.0008999999999999998
vol3,SG6042,clean,99645.0,10.36,1.278,0.0373,0.0014999999999999979
vol3,SG6042,clean,99645.0,11.39,1.325,0.0436,0.0016000000000000007
vol3,SG6042,clean,99645.0,12.42,1.347,0.0529,0.0028499999999999984
vol3,SG6042,clean,99645.0,13.35,1.347,0.0646,0.005250000000000001
vol3,SG6042,clean,150036.0,-4.86,-0.214,0.0495,0.0
vol3,SG6042,clean,150036.0,-3.77,-0.072,0.0273,0.0
vol3,SG6042,clean,150036.0,-2.78,0.053,0.0228,0.0
vol3,SG6042,clean,150036.0,-1.73,0.165,0.0189,0.0
vol3,SG6042,clean,150036.0,-0.65,0.269,0.0168,0.0
vol3,SG6042,clean,150036.0,0.57,0.403,0.0166,0.0
vol3,SG6042,clean,150036.0,1.4,0.492,0.0165,0.0
vol3,SG6042,clean,150036.0,2.41,0.596,0.0164,0.0
vol3,SG6042,clean,150036.0,3.39,0.691,0.0148,0.0
vol3,SG6042,clean,150036.0,4.53,0.8,0.0143,0.0
vol3,SG6042,clean,150036.0,5.43,0.89,0.0149,0.0
vol3,SG6042,clean,150036.0,6.47,0.984,0.0166,0.0
vol3,SG6042,clean,150036.0,7.45,1.048,0.0192,0.0
vol3,SG6042,clean,150036.0,8.53,1.106,0.0242,0.0
vol3,SG6042,clean,150036.0,9.53,1.166,0.0296,0.0
vol3,SG6042,clean,150036.0,10.31,1.211,0.0338,0.0
vol3,SG6042,clean,150036.0,11.45,1.262,0.0422,0.0
vol3,SG6042,clean,150036.0,12.57,1.287,0.0526,0.0
vol3,SG6042,clean,199860.0,-4.82,-0.156,0.0363,0.0017000000000000001
vol3,SG6042,clean,199860.0,-3.98,-0.031,0.023,0.0011999999999999997
vol3,SG6042,clean,199860.0,-2.89,0.121,0.0182,0.0011999999999999997
vol3,SG6042,clean,199860.0,-1.86,0.244,0.016,0.0014500000000000008
vol3,SG6042,clean,199860.0,-0.93,0.349,0.0148,0.0006500000000000004
vol3,SG6042,clean,199860.0,0.32,0.487,0.0137,0.00019999999999999966
vol3,SG6042,clean,199860.0,1.25,0.593,0.0131,0.0002999999999999999
vol3,SG6042,clean,199860.0,2.24,0.7,0.0128,0.0002500000000000002
vol3,SG6042,clean,199860.0,3.29,0.809,0.0125,0.0003500000000000005
vol3,SG6042,clean,199860.0,4.31,0.911,0.0124,0.0002999999999999999
vol3,SG6042,clean,199860.0,5.39,1.011,0.013,0.00024999999999999935
vol3,SG6042,clean,199860.0,6.07,1.066,0.0138,0.0006500000000000004
vol3,SG6042,clean,199860.0,7.3,1.16,0.0173,0.0005000000000000004
vol3,SG6042,clean,199860.0,8.37,1.228,0.0215,0.0003999999999999993
vol3,SG6042,clean,199860.0,9.28,1.278,0.0254,0.0008000000000000004
vol3,SG6042,clean,199860.0,10.45,1.335,0.0312,0.00010000000000000113
vol3,SG6042,clean,199860.0,11.35,1.369,0.0369,0.0011000000000000003
vol3,SG6042,clean,199860.0,12.49,1.393,0.0477,0.0019500000000000003
vol3,SG6042,clean,299571.0,-5.09,-0.076,0.0291,0.0016000000000000007
vol3,SG6042,clean,299571.0,-4.01,0.065,0.0169,0.000449999999999999
vol3,SG6042,clean,299571.0,-3.02,0.168,0.014,0.0004499999999999999
vol3,SG6042,clean,299571.0,-1.94,0.292,0.0115,0.0004999999999999996
vol3,SG6042,clean,299571.0,-0.9,0.398,0.0098,0.0002500000000000002
vol3,SG6042,clean,299571.0,0.09,0.485,0.0089,0.00014999999999999996
vol3,SG6042,clean,299571.0,1.11,0.602,0.0091,0.00014999999999999996
vol3,SG6042,clean,299571.0,2.11,0.704,0.0093,0.0008000000000000004
vol3,SG6042,clean,299571.0,3.16,0.816,0.0095,0.0004499999999999999
vol3,SG6042,clean,299571.0,4.22,0.921,0.0102,0.00019999999999999966
vol3,SG6042,clean,299571.0,5.42,1.034,0.0116,0.0002500000000000002
vol3,SG6042,clean,299571.0,6.37,1.11,0.0135,0.0003999999999999993
vol3,SG6042,clean,299571.0,7.44,1.192,0.0166,0.0001499999999999991
vol3,SG6042,clean,299571.0,8.41,1.257,0.0194,9.99999999999994e-05
vol3,SG6042,clean,299571.0,9.85,1.341,0.0244,0.0002999999999999999
vol3,SG6042,clean,299571.0,10.32,1.365,0.0259,0.0002999999999999999
vol3,SG6042,clean,299571.0,11.5,1.415,0.0325,0.0017499999999999998
vol3,SG6042,clean,299571.0,12.32,1.436,0.039,0.0024999999999999988
vol3,SG6042,clean,399200.0,-5.32,-0.048,0.027,0.0014999999999999996
vol3,SG6042,clean,399200.0,-4.15,0.06,0.0144,0.0003500000000000005
vol3,SG6042,clean,399200.0,-2.92,0.189,0.0111,0.0004000000000000002
vol3,SG6042,clean,399200.0,-1.97,0.292,0.0101,0.00019999999999999966
vol3,SG6042,clean,399200.0,-0.95,0.401,0.0084,0.00019999999999999966
vol3,SG6042,clean,399200.0,0.07,0.499,0.0076,0.00014999999999999996
vol3,SG6042,clean,399200.0,1.06,0.606,0.0074,4.99999999999997e-05
vol3,SG6042,clean,399200.0,2.12,0.717,0.0079,5.0000000000000565e-05
vol3,SG6042,clean,399200.0,3.16,0.829,0.0084,0.00024999999999999935
vol3,SG6042,clean,399200.0,4.17,0.929,0.0092,0.00024999999999999935
vol3,SG6042,clean,399200.0,5.21,1.023,0.0109,0.0003499999999999996
vol3,SG6042,clean,399200.0,6.25,1.109,0.0128,0.0004000000000000002
vol3,SG6042,clean,399200.0,7.29,1.192,0.0152,0.0002500000000000002
vol3,SG6042,clean,399200.0,8.42,1.274,0.0183,0.0003499999999999996
vol3,SG6042,clean,399200.0,9.38,1.335,0.021,0.0002500000000000002
vol3,SG6042,clean,399200.0,10.49,1.396,0.0253,0.0006499999999999995
vol3,SG6042,clean,399200.0,11.93,1.449,0.0335,0.0026500000000000013
vol3,SG6042,clean,399200.0,12.61,1.463,0.0396,0.0028000000000000004
vol3,SG6042,clean,498399.0,-4.96,-0.006,0.0147,0.0014999999999999996
vol3,SG6042,clean,498399.0,-3.98,0.078,0.0123,0.0010499999999999997
vol3,SG6042,clean,498399.0,-3.24,0.155,0.0107,0.0012500000000000002
vol3,SG6042,clean,498548.0,-1.84,0.31,0.0086,0.0004499999999999999
vol3,SG6042,clean,498548.0,-0.9,0.414,0.0074,0.0002000000000000001
vol3,SG6042,clean,498548.0,0.1,0.515,0.0068,0.0002999999999999999
vol3,SG6042,clean,498548.0,1.24,0.633,0.0066,0.00019999999999999966
vol3,SG6042,clean,498548.0,2.15,0.733,0.0071,0.00014999999999999996
vol3,SG6042,clean,498548.0,3.17,0.837,0.0079,0.0002499999999999998
vol3,SG6042,clean,498548.0,4.2,0.938,0.0091,0.0003499999999999996
vol3,SG6042,clean,498548.0,5.21,1.03,0.0108,0.0002999999999999999
vol3,SG6042,clean,498548.0,6.25,1.117,0.0128,0.00019999999999999966
vol3,SG6042,clean,498548.0,7.3,1.202,0.015,0.0002999999999999999
vol3,SG6042,clean,498548.0,8.31,1.279,0.0173,0.0005000000000000004
vol3,SG6042,clean,498548.0,9.36,1.349,0.0202,0.0001999999999999988
vol3,SG6042,clean,498548.0,10.52,1.412,0.0245,0.0007499999999999989
vol3,SG6042,clean,498548.0,11.66,1.456,0.0305,0.0023499999999999997
vol3,SG6042,clean,498548.0,12.85,1.486,0.0421,0.00545
vol3,SG6042,modified,149755.0,-6.25,-0.422,0.0914,0.002249999999999995
vol3,SG6042,modified,149755.0,-4.44,-0.177,0.0356,0.0010000000000000009
vol3,SG6042,modified,149755.0,-2.81,0.053,0.0219,0.0008000000000000004
vol3,SG6042,modified,149755.0,-1.3,0.246,0.0224,0.00045000000000000075
vol3,SG6042,modified,149755.0,0.33,0.476,0.0144,0.0010999999999999994
vol3,SG6042,modified,149755.0,1.91,0.602,0.0177,0.0007500000000000007
vol3,SG6042,modified,149755.0,3.12,0.695,0.0197,4.99999999999997e-05
vol3,SG6042,modified,149755.0,4.91,0.833,0.0215,0.0002999999999999999
vol3,SG6042,modified,149755.0,6.4,0.952,0.0254,0.00015000000000000083
vol3,SG6042,modified,149755.0,7.87,1.059,0.0299,0.0008000000000000004
vol3,SG6042,modified,149755.0,9.43,1.147,0.0368,0.00040000000000000105
vol3,SG6042,modified,149755.0,10.85,1.199,0.047,0.0029
vol3,SG6042,modified,149755.0,12.36,1.231,0.0602,0.0017999999999999995
vol3,SG6042,modified,299566.0,-6.14,-0.279,0.0699,0.0019000000000000059
vol3,SG6042,modified,299566.0,-4.5,-0.005,0.0175,0.0015499999999999993
vol3,SG6042,modified,299566.0,-2.79,0.175,0.0125,0.0015500000000000002
vol3,SG6042,modified,299566.0,-1.32,0.308,0.0135,0.0007000000000000001
vol3,SG6042,modified,299566.0,0.07,0.443,0.0148,0.0002999999999999999
vol3,SG6042,modified,299566.0,1.71,0.602,0.0168,0.00020000000000000052
vol3,SG6042,modified,299566.0,3.41,0.761,0.0191,0.0004999999999999987
vol3,SG6042,modified,299566.0,4.56,0.86,0.0207,0.0005000000000000004
vol3,SG6042,modified,299566.0,6.69,1.036,0.0252,0.0005499999999999984
vol3,SG6042,modified,299566.0,8.11,1.128,0.0293,0.0012500000000000011
vol3,SG6042,modified,299566.0,9.19,1.187,0.034,0.0022500000000000003
vol3,SG6042,modified,299566.0,10.77,1.24,0.0436,0.003100000000000002
vol3,SG6042,modified,299566.0,12.38,1.267,0.0624,0.016649999999999998
vol3,SG6042,modified,298975.0,-5.37,-0.133,0.042,0.0017500000000000016
vol3,SG6042,modified,298975.0,-3.76,0.09,0.014,0.002
vol3,SG6042,modified,499026.0,-4.46,-0.003,0.0157,0.0002999999999999999
vol3,SG6042,modified,499026.0,-3.0,0.148,0.0136,0.0004000000000000002
vol3,SG6042,modified,499026.0,-1.31,0.319,0.0135,0.00014999999999999996
vol3,SG6042,modified,499026.0,-0.05,0.445,0.0141,0.00014999999999999996
vol3,SG6042,modified,499026.0,1.6,0.614,0.0155,9.99999999999994e-05
vol3,SG6042,modified,499026.0,3.31,0.779,0.0176,0.00045000000000000075
vol3,SG6042,modified,499026.0,4.71,0.904,0.0198,0.0003499999999999996
vol3,SG6042,modified,499026.0,6.1,1.02,0.0225,0.0003499999999999996
vol3,SG6042,modified,499026.0,7.79,1.141,0.0272,0.000700000000000001
vol3,SG6042,modified,499026.0,9.47,1.228,0.0333,0.0002500000000000002
vol3,SG6042,modified,499026.0,10.96,1.278,0.0416,0.002100000000000001
vol3,SG6042,modified,500070.0,-5.6,-0.12,0.0402,0.0008500000000000001
vol3,SG6042,modified,500070.0,-5.02,-0.051,0.0173,0.0011999999999999997
vol3,SG6042,modified,299571.0,-5.09,-0.076,0.0291,0.0016000000000000007
vol3,SG6042,modified,299571.0,-4.01,0.065,0.0169,0.000449999999999999
vol3,SG6042,modified,299571.0,-3.02,0.168,0.014,0.0004499999999999999
vol3,SG6042,modified,299571.0,-1.94,0.292,0.0115,0.0004999999999999996
vol3,SG6042,modified,299571.0,-0.9,0.398,0.0098,0.0002500000000000002
vol3,SG6042,modified,299571.0,0.09,0.485,0.0089,0.00014999999999999996
vol3,SG6042,modified,299571.0,1.11,0.602,0.0091,0.00014999999999999996
vol3,SG6042,modified,299571.0,2.11,0.704,0.0093,0.0008000000000000004
vol3,SG6042,modified,299571.0,3.16,0.816,0.0095,0.0004499999999999999
vol3,SG6042,modified,299571.0,4.22,0.921,0.0102,0.00019999999999999966
vol3,SG6042,modified,299571.0,5.42,1.034,0.0116,0.0002500000000000002
vol3,SG6042,modified,299571.0,6.37,1.11,0.0135,0.0003999999999999993
vol3,SG6042,modified,299571.0,7.44,1.192,0.0166,0.0001499999999999991
vol3,SG6042,modified,299571.0,8.41,1.257,0.0194,9.99999999999994e-05
vol3,SG6042,modified,299571.0,9.85,1.341,0.0244,0.0002999999999999999
vol3,SG6042,modified,299571.0,10.32,1.365,0.0259,0.0002999999999999999
vol3,SG6042,modified,299571.0,11.5,1.415,0.0325,0.0017499999999999998
vol3,SG6042,modified,299571.0,12.32,1.436,0.039,0.0024999999999999988
vol3,SG6042,modified,299308.0,-6.14,-0.276,0.0693,0.00145
vol3,SG6042,modified,299308.0,-4.5,-0.013,0.0198,0.0008999999999999998
vol3,SG6042,modified,299308.0,-2.96,0.182,0.0136,0.0002999999999999999
vol3,SG6042,modified,299308.0,-1.41,0.351,0.0111,0.0002500000000000002
vol3,SG6042,modified,299308.0,0.07,0.49,0.0092,0.00014999999999999996
vol3,SG6042,modified,299308.0,1.71,0.659,0.0091,0.0007500000000000007
vol3,SG6042,modified,299308.0,3.17,0.807,0.0095,0.0005500000000000001
vol3,SG6042,modified,299308.0,4.78,0.953,0.0115,4.99999999999997e-05
vol3,SG6042,modified,299308.0,6.26,1.079,0.0149,0.00014999999999999996
vol3,SG6042,modified,299308.0,7.64,1.185,0.0185,0.0002999999999999999
vol3,SG6042,modified,299308.0,9.7,1.318,0.0252,0.00035000000000000135
vol3,SG6042,modified,299308.0,10.77,1.369,0.0303,0.0013500000000000005
vol3,SG6042,modified,299308.0,12.38,1.416,0.0418,0.00315
vol3,SG6042,modified,298882.0,-6.06,-0.268,0.0674,0.002050000000000003
vol3,SG6042,modified,298882.0,-4.52,-0.012,0.0192,0.0006500000000000013
vol3,SG6042,modified,298882.0,-2.93,0.187,0.0136,0.0002999999999999999
vol3,SG6042,modified,298882.0,-1.42,0.354,0.0119,0.0004000000000000002
vol3,SG6042,modified,298882.0,0.19,0.518,0.0104,0.00014999999999999996
vol3,SG6042,modified,298882.0,1.68,0.661,0.0086,0.001
vol3,SG6042,modified,298882.0,3.22,0.795,0.012,0.0013499999999999996
vol3,SG6042,modified,298882.0,4.72,0.904,0.0165,0.0002999999999999999
vol3,SG6042,modified,298882.0,6.36,1.054,0.0189,0.0002499999999999985
vol3,SG6042,modified,298882.0,7.96,1.184,0.0221,0.0003499999999999996
vol3,SG6042,modified,298882.0,9.5,1.293,0.0262,0.0003499999999999996
vol3,SG6042,modified,298882.0,11.02,1.369,0.0326,0.000899999999999998
vol3,SG6042,modified,298882.0,12.28,1.406,0.0431,0.0023
vol3,SG6042,modified,299228.0,-6.14,-0.279,0.0693,0.0026499999999999996
vol3,SG6042,modified,299228.0,-4.53,-0.015,0.0185,0.0007499999999999989
vol3,SG6042,modified,299228.0,-2.91,0.188,0.0135,0.0002500000000000002
vol3,SG6042,modified,299228.0,-1.39,0.353,0.0114,0.0007000000000000001
vol3,SG6042,modified,299228.0,0.13,0.497,0.0112,0.0013999999999999993
vol3,SG6042,modified,299228.0,1.6,0.617,0.0142,0.0011000000000000003
vol3,SG6042,modified,299228.0,3.28,0.764,0.0171,4.99999999999997e-05
vol3,SG6042,modified,299228.0,4.8,0.9,0.0184,0.00035000000000000135
vol3,SG6042,modified,299228.0,6.24,1.026,0.0199,0.0002999999999999999
vol3,SG6042,modified,299228.0,8.16,1.174,0.0243,0.0002999999999999999
vol3,SG6042,modified,299228.0,9.63,1.266,0.0293,0.0008999999999999998
vol3,SG6042,modified,299228.0,10.92,1.32,0.0365,0.0030500000000000006
vol3,SG6042,modified,299228.0,12.43,1.357,0.0533,0.006150000000000003
vol3,SG6042,modified,299932.0,-6.13,-0.273,0.0678,0.002450000000000001
vol3,SG6042,modified,299932.0,-4.78,-0.047,0.0196,0.0008999999999999998
vol3,SG6042,modified,299932.0,-3.03,0.173,0.0142,0.0002500000000000002
vol3,SG6042,modified,299932.0,-1.36,0.34,0.0118,0.0008500000000000001
vol3,SG6042,modified,299932.0,0.25,0.475,0.0133,0.0004499999999999999
vol3,SG6042,modified,299932.0,1.93,0.631,0.0162,0.0002500000000000002
vol3,SG6042,modified,299932.0,3.13,0.742,0.0177,0.00035000000000000135
vol3,SG6042,modified,299932.0,4.84,0.896,0.0201,0.0002500000000000002
vol3,SG6042,modified,299932.0,6.35,1.025,0.0229,0.0003499999999999996
vol3,SG6042,modified,299932.0,8.08,1.127,0.0266,0.0003499999999999996
vol3,SG6042,modified,299932.0,9.55,1.226,0.0326,0.0011999999999999997
vol3,SG6042,modified,299932.0,11.12,1.281,0.0434,0.0030999999999999986
vol3,SG6042,modified,299932.0,12.36,1.3,0.0592,0.004400000000000001
vol3,SG6042,modified,299566.0,-6.14,-0.279,0.0699,0.0019000000000000059
vol3,SG6042,modified,299566.0,-4.5,-0.005,0.0175,0.0015499999999999993
vol3,SG6042,modified,299566.0,-2.79,0.175,0.0125,0.0015500000000000002
vol3,SG6042,modified,299566.0,-1.32,0.308,0.0135,0.0007000000000000001
vol3,SG6042,modified,299566.0,0.07,0.443,0.0148,0.0002999999999999999
vol3,SG6042,modified,299566.0,1.71,0.602,0.0168,0.00020000000000000052
vol3,SG6042,modified,299566.0,3.41,0.761,0.0191,0.0004999999999999987
vol3,SG6042,modified,299566.0,4.56,0.86,0.0207,0.0005000000000000004
vol3,SG6042,modified,299566.0,6.69,1.036,0.0252,0.0005499999999999984
vol3,SG6042,modified,299566.0,8.11,1.128,0.0293,0.0012500000000000011
vol3,SG6042,modified,299566.0,9.19,1.187,0.034,0.0022500000000000003
vol3,SG6042,modified,299566.0,10.77,1.24,0.0436,0.003100000000000002
vol3,SG6042,modified,299566.0,12.38,1.267,0.0624,0.016649999999999998
vol3,SG6042,modified,298975.0,-5.37,-0.133,0.042,0.0017500000000000016
vol3,SG6042,modified,298975.0,-3.76,0.09,0.014,0.002
vol3,SG6042,modified,299822.0,-6.15,-0.292,0.0736,0.0026499999999999996
vol3,SG6042,modified,299822.0,-4.56,-0.02,0.0227,0.0011500000000000017
vol3,SG6042,modified,299822.0,-2.96,0.178,0.0139,0.0004499999999999999
vol3,SG6042,modified,299822.0,-1.41,0.346,0.0114,0.0003499999999999996
vol3,SG6042,modified,299822.0,0.13,0.495,0.0092,0.0006500000000000004
vol3,SG6042,modified,299822.0,1.92,0.677,0.0086,0.0004999999999999996
vol3,SG6042,modified,299822.0,3.17,0.805,0.0096,0.0003000000000000008
vol3,SG6042,modified,299822.0,4.66,0.94,0.0118,0.0004499999999999999
vol3,SG6042,modified,299822.0,6.35,1.087,0.0151,0.00024999999999999935
vol3,SG6042,modified,299822.0,7.98,1.209,0.0192,0.0002999999999999999
vol3,SG6042,modified,299822.0,9.53,1.31,0.0241,0.0003999999999999993
vol3,SG6042,modified,299822.0,11.07,1.392,0.0303,0.000700000000000001
vol3,SG6042,modified,299822.0,12.51,1.432,0.0418,0.003349999999999999
vol3,SG6042,modified,298038.0,4.15,0.913,0.0103,0.0004000000000000002
vol3,SG6042,modified,298038.0,4.65,0.962,0.0106,0.0002999999999999999
vol3,SG6042,modified,298744.0,4.22,0.903,0.0109,0.0004499999999999999
vol3,SG6042,modified,298744.0,4.64,0.938,0.0117,0.0002999999999999999
vol3,SG6042,modified,298687.0,4.14,0.898,0.0107,0.0003500000000000005
vol3,SG6042,modified,298687.0,4.65,0.945,0.0114,0.00019999999999999966
vol3,SG6042,modified,298864.0,4.13,0.905,0.0103,0.0004000000000000002
vol3,SG6042,modified,298864.0,4.67,0.958,0.0109,0.0002500000000000002
vol3,SG6042,modified,298582.0,4.18,0.912,0.0101,0.0003499999999999996
vol3,SG6042,modified,298582.0,4.65,0.957,0.0107,0.0002500000000000002
vol3,SG6042,modified,298660.0,4.16,0.914,0.0102,0.0004000000000000002
vol3,SG6042,modified,298660.0,4.64,0.959,0.0107,0.0002500000000000002
vol3,SG6042,modified,298876.0,4.18,0.91,0.0101,0.0002999999999999999
vol3,SG6042,modified,298876.0,4.66,0.957,0.0106,0.0003499999999999996
vol3,SG6042,modified,298038.0,4.15,0.913,0.0103,0.0004000000000000002
vol3,SG6042,modified,298038.0,4.65,0.962,0.0106,0.0002999999999999999
vol3,SG6042,modified,298582.0,4.18,0.912,0.0101,0.0003499999999999996
vol3,SG6042,modified,298582.0,4.65,0.957,0.0107,0.0002500000000000002
vol3,SG6042,modified,297125.0,4.18,0.904,0.0105,0.0002999999999999999
vol3,SG6042,modified,296406.0,4.12,0.885,0.0114,0.0002999999999999999
vol3,SG6042,modified,297588.0,4.17,0.882,0.0121,0.0003500000000000005
vol3,SG6043,clean,99681.0,-4.32,-0.278,0.0888,0.0028500000000000053
vol3,SG6043,clean,99681.0,-3.07,0.047,0.0428,0.0005999999999999998
vol3,SG6043,clean,99681.0,-1.89,0.19,0.0332,0.0009999999999999974
vol3,SG6043,clean,99681.0,-0.87,0.3,0.0338,0.0023500000000000014
vol3,SG6043,clean,99681.0,0.1,0.379,0.033,0.001299999999999999
vol3,SG6043,clean,99681.0,1.13,0.483,0.0383,0.0015499999999999993
vol3,SG6043,clean,99681.0,2.25,0.616,0.0428,0.0006999999999999992
vol3,SG6043,clean,99681.0,2.95,0.708,0.0427,0.0009999999999999974
vol3,SG6043,clean,99681.0,4.2,0.961,0.0359,0.0013500000000000005
vol3,SG6043,clean,99681.0,5.1,1.095,0.0298,0.0016000000000000007
vol3,SG6043,clean,99681.0,6.08,1.203,0.0235,0.0009999999999999992
vol3,SG6043,clean,99681.0,7.27,1.285,0.0218,0.0006499999999999995
vol3,SG6043,clean,99681.0,8.39,1.366,0.023,0.0008000000000000004
vol3,SG6043,clean,99681.0,9.35,1.413,0.0257,0.0005500000000000001
vol3,SG6043,clean,99681.0,10.33,1.424,0.0295,0.002
vol3,SG6043,clean,99681.0,11.3,1.432,0.0364,0.001850000000000001
vol3,SG6043,clean,149877.0,-4.01,-0.071,0.0623,0.002850000000000002
vol3,SG6043,clean,149877.0,-3.18,0.141,0.0391,0.0008000000000000021
vol3,SG6043,clean,149877.0,-2.22,0.269,0.0308,0.00040000000000000105
vol3,SG6043,clean,149877.0,-0.69,0.466,0.0276,0.0002499999999999985
vol3,SG6043,clean,149877.0,0.37,0.601,0.0247,4.99999999999997e-05
vol3,SG6043,clean,149877.0,1.34,0.745,0.0236,0.0005000000000000004
vol3,SG6043,clean,149877.0,2.33,0.873,0.0216,0.0003999999999999993
vol3,SG6043,clean,149877.0,2.95,0.946,0.0206,0.0005999999999999998
vol3,SG6043,clean,149877.0,4.56,1.11,0.0182,0.00040000000000000105
vol3,SG6043,clean,149877.0,5.43,1.192,0.0173,0.0005999999999999998
vol3,SG6043,clean,149877.0,6.72,1.313,0.0177,0.0008500000000000001
vol3,SG6043,clean,149877.0,7.12,1.348,0.0184,0.0006499999999999995
vol3,SG6043,clean,149877.0,8.51,1.438,0.0212,0.0010999999999999985
vol3,SG6043,clean,149877.0,9.4,1.473,0.0252,0.0012500000000000011
vol3,SG6043,clean,149877.0,10.41,1.49,0.0339,0.00145
vol3,SG6043,clean,149877.0,11.58,1.521,0.0408,0.002700000000000001
vol3,SG6043,clean,149877.0,12.43,1.538,0.0483,0.006950000000000001
vol3,SG6043,clean,199784.0,-4.95,-0.122,0.075,0.001899999999999999
vol3,SG6043,clean,199784.0,-3.91,0.142,0.0395,0.0016499999999999987
vol3,SG6043,clean,199784.0,-2.93,0.303,0.0257,0.0005000000000000004
vol3,SG6043,clean,199784.0,-1.85,0.454,0.021,0.0002999999999999999
vol3,SG6043,clean,199784.0,-0.97,0.57,0.0186,0.0002500000000000002
vol3,SG6043,clean,199784.0,0.08,0.682,0.0162,4.99999999999997e-05
vol3,SG6043,clean,199784.0,1.07,0.793,0.0154,4.99999999999997e-05
vol3,SG6043,clean,199784.0,2.2,0.915,0.0148,5.0000000000000565e-05
vol3,SG6043,clean,199784.0,3.36,1.038,0.0145,0.0002999999999999999
vol3,SG6043,clean,199784.0,3.97,1.095,0.0143,0.0004000000000000002
vol3,SG6043,clean,199784.0,5.32,1.228,0.0143,0.0003500000000000005
vol3,SG6043,clean,199784.0,6.46,1.325,0.0153,0.0006500000000000004
vol3,SG6043,clean,199784.0,7.55,1.403,0.0172,0.0006999999999999992
vol3,SG6043,clean,199784.0,8.59,1.458,0.0201,0.0008999999999999998
vol3,SG6043,clean,199784.0,9.56,1.493,0.0245,0.0008499999999999983
vol3,SG6043,clean,199784.0,10.2,1.507,0.0285,0.0008500000000000001
vol3,SG6043,clean,199784.0,11.44,1.542,0.0352,0.0020499999999999997
vol3,SG6043,clean,199052.0,12.28,1.563,0.0404,0.0036500000000000005
vol3,SG6043,clean,199052.0,13.61,1.576,0.0507,0.00885
vol3,SG6043,clean,299102.0,-6.23,-0.124,0.0864,0.0038499999999999993
vol3,SG6043,clean,299102.0,-5.2,0.052,0.0583,0.001850000000000001
vol3,SG6043,clean,299102.0,-4.13,0.271,0.024,0.0009999999999999992
vol3,SG6043,clean,299102.0,-3.05,0.401,0.0158,0.0004499999999999999
vol3,SG6043,clean,299102.0,-2.05,0.517,0.0136,0.00010000000000000026
vol3,SG6043,clean,299102.0,-1.02,0.631,0.0121,0.0002500000000000002
vol3,SG6043,clean,299102.0,-0.02,0.733,0.0109,0.0002500000000000002
vol3,SG6043,clean,299102.0,1.05,0.84,0.0106,0.0002999999999999999
vol3,SG6043,clean,299102.0,2.17,0.958,0.0108,0.00014999999999999996
vol3,SG6043,clean,299102.0,3.12,1.053,0.0108,0.00014999999999999996
vol3,SG6043,clean,299102.0,4.17,1.158,0.011,0.00010000000000000026
vol3,SG6043,clean,299102.0,5.18,1.249,0.0119,0.0004000000000000002
vol3,SG6043,clean,299102.0,6.35,1.349,0.0135,0.0004000000000000002
vol3,SG6043,clean,299102.0,7.19,1.41,0.0154,0.000449999999999999
vol3,SG6043,clean,299102.0,8.25,1.467,0.0187,0.0003999999999999993
vol3,SG6043,clean,299102.0,9.34,1.511,0.023,0.000700000000000001
vol3,SG6043,clean,299102.0,10.31,1.54,0.0282,0.0017000000000000001
vol3,SG6043,clean,299102.0,11.33,1.57,0.0343,0.0026499999999999996
vol3,SG6043,clean,299102.0,12.32,1.592,0.0408,0.003550000000000001
vol3,SG6043,clean,299102.0,13.3,1.607,0.0519,0.004899999999999998
vol3,SG6043,clean,302510.0,-5.73,-0.051,0.074,0.0037500000000000033
vol3,SG6043,clean,399643.0,-6.25,-0.051,0.0776,0.003850000000000006
vol3,SG6043,clean,399643.0,-5.21,0.118,0.0498,0.0010499999999999989
vol3,SG6043,clean,399643.0,-4.11,0.305,0.0171,0.000700000000000001
vol3,SG6043,clean,399643.0,-3.09,0.418,0.0124,0.0002999999999999999
vol3,SG6043,clean,399643.0,-2.02,0.539,0.0111,0.00010000000000000026
vol3,SG6043,clean,399643.0,-0.96,0.656,0.0102,0.00010000000000000026
vol3,SG6043,clean,398416.0,-0.02,0.755,0.0095,0.0002500000000000002
vol3,SG6043,clean,398416.0,1.04,0.858,0.0088,0.0002999999999999999
vol3,SG6043,clean,398416.0,2.03,0.961,0.009,0.0003500000000000005
vol3,SG6043,clean,398416.0,3.06,1.066,0.0093,0.0003500000000000005
vol3,SG6043,clean,398416.0,4.1,1.168,0.0099,0.0003500000000000005
vol3,SG6043,clean,398416.0,5.13,1.261,0.0109,0.0002999999999999999
vol3,SG6043,clean,398416.0,6.14,1.344,0.0126,0.0002500000000000002
vol3,SG6043,clean,398416.0,7.21,1.417,0.0151,0.00014999999999999996
vol3,SG6043,clean,398416.0,8.18,1.468,0.0182,0.0003499999999999996
vol3,SG6043,clean,398416.0,9.27,1.516,0.022,0.0008000000000000004
vol3,SG6043,clean,398416.0,10.32,1.554,0.0271,0.0011000000000000003
vol3,SG6043,clean,398416.0,11.33,1.587,0.0328,0.0019500000000000003
vol3,SG6043,clean,398416.0,12.38,1.614,0.0419,0.004199999999999999
vol3,SG6043,clean,498423.0,-6.32,-0.036,0.0763,0.001349999999999997
vol3,SG6043,clean,498423.0,-5.22,0.143,0.0459,0.0010000000000000009
vol3,SG6043,clean,498423.0,-4.17,0.316,0.0134,0.0003999999999999993
vol3,SG6043,clean,498423.0,-3.17,0.433,0.0108,0.0003499999999999996
vol3,SG6043,clean,498423.0,-2.12,0.55,0.0098,0.00010000000000000026
vol3,SG6043,clean,498423.0,-1.08,0.667,0.0092,4.99999999999997e-05
vol3,SG6043,clean,498423.0,-0.06,0.782,0.0085,0.00014999999999999996
vol3,SG6043,clean,498423.0,1.0,0.883,0.008,0.0002999999999999999
vol3,SG6043,clean,498423.0,2.11,0.997,0.0084,0.0004000000000000002
vol3,SG6043,clean,498423.0,3.15,1.101,0.0088,0.0003499999999999996
vol3,SG6043,clean,498423.0,4.2,1.201,0.0096,0.0002500000000000002
vol3,SG6043,clean,498423.0,5.2,1.288,0.0109,0.0002999999999999999
vol3,SG6043,clean,498423.0,6.17,1.36,0.0127,0.0002999999999999999
vol3,SG6043,clean,498423.0,7.29,1.433,0.0156,0.0003000000000000008
vol3,SG6043,clean,498423.0,8.18,1.482,0.0183,0.0002999999999999999
vol3,SG6043,clean,498423.0,9.22,1.53,0.0226,0.0009499999999999995
vol3,SG6043,clean,498423.0,10.21,1.566,0.0269,0.0016000000000000007
vol3,SG6043,clean,498423.0,11.22,1.599,0.0328,0.0032499999999999977
vol3,SG6043,clean,498423.0,12.28,1.627,0.0409,0.005600000000000001
vol3,SG6043,modified,138371.0,-6.2,-0.358,0.1138,0.0016499999999999987
vol3,SG6043,modified,138371.0,-4.64,-0.255,0.0892,0.0030999999999999986
vol3,SG6043,modified,138371.0,-2.95,0.153,0.0371,0.0005500000000000019
vol3,SG6043,modified,138371.0,-1.33,0.369,0.0286,0.00045000000000000075
vol3,SG6043,modified,138371.0,-0.26,0.55,0.0227,0.003299999999999999
vol3,SG6043,modified,138371.0,1.99,0.813,0.0183,0.0006499999999999995
vol3,SG6043,modified,138371.0,3.23,0.9,0.0215,0.000449999999999999
vol3,SG6043,modified,138371.0,4.82,1.008,0.024,0.0003999999999999993
vol3,SG6043,modified,138371.0,6.22,1.108,0.0272,0.0005000000000000004
vol3,SG6043,modified,138371.0,7.74,1.202,0.0335,0.0005500000000000019
vol3,SG6043,modified,138371.0,9.28,1.268,0.0414,0.0009000000000000015
vol3,SG6043,modified,138371.0,10.74,1.306,0.0535,0.0038000000000000013
vol3,SG6043,modified,138371.0,6.17,1.36,0.0127,0.0002999999999999999
vol3,SG6043,modified,299460.0,-5.8,-0.09,0.0802,0.002450000000000001
vol3,SG6043,modified,299460.0,-4.64,0.14,0.0444,0.0023
vol3,SG6043,modified,299460.0,-2.99,0.405,0.0115,0.00245
vol3,SG6043,modified,299460.0,-1.5,0.531,0.0136,0.0002500000000000002
vol3,SG6043,modified,299460.0,0.0,0.666,0.0157,0.0002500000000000002
vol3,SG6043,modified,299460.0,1.55,0.798,0.0185,0.0003999999999999993
vol3,SG6043,modified,299460.0,3.11,0.932,0.0206,0.0002999999999999999
vol3,SG6043,modified,299460.0,4.55,1.049,0.0234,0.00040000000000000105
vol3,SG6043,modified,299460.0,6.19,1.166,0.0278,0.00010000000000000113
vol3,SG6043,modified,299460.0,7.74,1.255,0.0339,0.0020499999999999997
vol3,SG6043,modified,299460.0,9.34,1.32,0.0439,0.005850000000000001
vol3,SG6043,modified,299460.0,10.37,1.348,0.0532,0.008700000000000003
vol3,SG6043,modified,298916.0,-4.15,0.248,0.0187,0.0007499999999999989
vol3,SG6043,modified,298916.0,-3.71,0.319,0.016,0.0003999999999999993
vol3,SG6043,modified,453329.0,-4.68,0.206,0.0303,0.0023
vol3,SG6043,modified,453329.0,-3.08,0.392,0.014,0.0006000000000000007
vol3,SG6043,modified,453329.0,-1.41,0.554,0.0145,0.00010000000000000026
vol3,SG6043,modified,453329.0,0.12,0.7,0.0161,0.0001999999999999988
vol3,SG6043,modified,453329.0,1.55,0.84,0.0178,0.000449999999999999
vol3,SG6043,modified,453329.0,3.14,0.978,0.0202,0.0003999999999999993
vol3,SG6043,modified,453329.0,4.69,1.102,0.0234,0.00030000000000000165
vol3,SG6043,modified,453329.0,6.32,1.213,0.0287,0.0005999999999999998
vol3,SG6043,modified,453329.0,7.66,1.284,0.0345,0.002100000000000001
vol3,SG6043,modified,453329.0,9.48,1.348,0.0457,0.0045499999999999985
vol3,SG6043,modified,453329.0,9.34,1.32,0.0439,0.005850000000000001
vol3,SG6043,modified,498927.0,-5.25,0.057,0.0569,0.0020999999999999977
vol3,SG6043,modified,498927.0,-3.6,0.345,0.0141,0.0007500000000000007
vol3,SG6043,modified,199574.0,5.57,1.248,0.0145,0.0004499999999999999
vol3,SG6043,modified,199574.0,6.07,1.294,0.0148,0.0005000000000000004
vol3,SG6043,modified,199574.0,6.6,1.337,0.0155,0.0007999999999999995
vol3,SG6043,modified,198814.0,5.61,1.234,0.014,0.0006000000000000007
vol3,SG6043,modified,198814.0,6.08,1.273,0.0148,0.0003500000000000005
vol3,SG6043,modified,198814.0,6.67,1.317,0.0158,0.0006000000000000007
vol3,SG6043,modified,198852.0,5.53,1.23,0.0139,0.0002999999999999999
vol3,SG6043,modified,198852.0,6.09,1.28,0.0145,0.0003500000000000005
vol3,SG6043,modified,198852.0,6.63,1.328,0.0156,0.0010500000000000006
vol3,SG6043,modified,199199.0,5.54,1.24,0.0141,0.0005500000000000001
vol3,SG6043,modified,199199.0,6.09,1.291,0.0146,0.0006500000000000004
vol3,SG6043,modified,199199.0,6.62,1.335,0.0155,0.0006500000000000004
vol3,SG6043,modified,199199.0,5.56,1.243,0.0145,0.0004000000000000002
vol3,SG6043,modified,199199.0,6.06,1.291,0.0148,0.0004999999999999996
vol3,SG6043,modified,199199.0,6.6,1.336,0.0154,0.0006500000000000004
vol3,SG6043,modified,199457.0,5.56,1.247,0.0144,0.0005500000000000001
vol3,SG6043,modified,199457.0,6.13,1.3,0.0149,0.0006499999999999995
vol3,SG6043,modified,199457.0,6.6,1.338,0.0154,0.0006000000000000007
vol3,SG6043,modified,298463.0,5.23,1.248,0.012,0.0004000000000000002
vol3,SG6043,modified,298463.0,5.57,1.278,0.0122,0.0004000000000000002
vol3,SG6043,modified,298083.0,5.23,1.22,0.0127,0.0002999999999999999
vol3,SG6043,modified,298083.0,5.59,1.248,0.0135,0.0002500000000000002
vol3,SG6043,modified,298574.0,5.21,1.229,0.0126,0.0004000000000000002
vol3,SG6043,modified,298574.0,5.59,1.261,0.0132,0.0003999999999999993
vol3,SG6043,modified,298014.0,5.18,1.236,0.0121,0.0004000000000000002
vol3,SG6043,modified,298014.0,5.61,1.274,0.0126,0.0002999999999999999
vol3,SG6043,modified,297704.0,5.19,1.24,0.0119,0.0003500000000000005
vol3,SG6043,modified,297704.0,5.64,1.279,0.0125,0.0004499999999999999
vol3,SG6043,modified,298926.0,4.82,1.213,0.0117,0.0003499999999999996
vol3,SG6043,modified,298926.0,5.27,1.255,0.012,0.0002999999999999999
vol3,Trainer 60,clean,100800.0,-4.15,-0.427,0.0201,0.0009999999999999992
vol3,Trainer 60,clean,100800.0,-3.1,-0.336,0.021,0.00020000000000000052
vol3,Trainer 60,clean,100800.0,-1.92,-0.224,0.0214,0.0002999999999999999
vol3,Trainer 60,clean,100800.0,-1.0,-0.132,0.0204,0.00020000000000000052
vol3,Trainer 60,clean,100800.0,-0.02,-0.036,0.0215,0.0006000000000000016
vol3,Trainer 60,clean,100800.0,1.0,0.054,0.0213,0.0009999999999999992
vol3,Trainer 60,clean,100800.0,2.15,0.156,0.0208,0.0011999999999999997
vol3,Trainer 60,clean,100800.0,3.09,0.243,0.0195,0.0016000000000000007
vol3,Trainer 60,clean,100800.0,4.09,0.335,0.0191,0.0017999999999999995
vol3,Trainer 60,clean,100800.0,5.18,0.486,0.0205,0.0014999999999999996
vol3,Trainer 60,clean,100800.0,6.28,0.604,0.0209,0.0006999999999999992
vol3,Trainer 60,clean,100800.0,7.24,0.701,0.0249,0.0019500000000000003
vol3,Trainer 60,clean,100800.0,8.24,0.798,0.027,0.0002500000000000002
vol3,Trainer 60,clean,100800.0,9.24,0.889,0.0309,0.0010499999999999989
vol3,Trainer 60,clean,100800.0,10.25,0.98,0.0323,0.0022000000000000023
vol3,Trainer 60,clean,100800.0,11.28,1.064,0.0375,0.0011999999999999997
vol3,Trainer 60,clean,201600.0,-4.15,-0.498,0.0154,0.0003500000000000005
vol3,Trainer 60,clean,201600.0,-3.11,-0.395,0.0151,0.0004999999999999996
vol3,Trainer 60,clean,201600.0,-2.09,-0.288,0.0153,0.0004499999999999999
vol3,Trainer 60,clean,201600.0,-1.07,-0.177,0.0151,0.0004000000000000002
vol3,Trainer 60,clean,201600.0,-0.02,-0.065,0.0149,0.0004000000000000002
vol3,Trainer 60,clean,201600.0,0.99,0.039,0.0149,0.0005500000000000001
vol3,Trainer 60,clean,201600.0,2.01,0.142,0.0151,0.0003499999999999996
vol3,Trainer 60,clean,201600.0,3.05,0.246,0.015,0.0003499999999999996
vol3,Trainer 60,clean,201600.0,4.11,0.353,0.0154,0.0003999999999999993
vol3,Trainer 60,clean,201600.0,5.12,0.45,0.0156,0.00115
vol3,Trainer 60,clean,201600.0,6.12,0.561,0.0169,0.0010500000000000006
vol3,Trainer 60,clean,201600.0,7.17,0.706,0.0173,0.0008999999999999998
vol3,Trainer 60,clean,201600.0,8.2,0.816,0.0194,0.0007499999999999989
vol3,Trainer 60,clean,201600.0,9.21,0.919,0.022,0.0008500000000000001
vol3,Trainer 60,clean,201600.0,10.24,1.015,0.0239,0.0008500000000000001
vol3,Trainer 60,clean,201600.0,11.26,1.107,0.0264,0.0011000000000000003
vol3,Trainer 60,clean,199200.0,12.29,1.19,0.0293,0.0026999999999999993
vol3,Trainer 60,clean,199200.0,13.27,1.231,0.0374,0.017599999999999998
vol3,Trainer 60,clean,301800.0,-3.11,-0.419,0.0131,0.0004000000000000002
vol3,Trainer 60,clean,301800.0,-2.08,-0.304,0.013,0.0004499999999999999
vol3,Trainer 60,clean,301800.0,-1.04,-0.186,0.013,0.0004499999999999999
vol3,Trainer 60,clean,301800.0,-0.03,-0.072,0.013,0.0003500000000000005
vol3,Trainer 60,clean,301800.0,1.07,0.049,0.0127,0.0004999999999999996
vol3,Trainer 60,clean,301800.0,2.16,0.163,0.0126,0.0004000000000000002
vol3,Trainer 60,clean,301800.0,3.06,0.29,0.0128,0.00014999999999999996
vol3,Trainer 60,clean,301800.0,4.08,0.404,0.0129,0.0002500000000000002
vol3,Trainer 60,clean,301800.0,5.1,0.508,0.0135,0.0005999999999999998
vol3,Trainer 60,clean,301800.0,6.15,0.614,0.014,0.0005500000000000001
vol3,Trainer 60,clean,301800.0,7.23,0.744,0.0146,0.0010999999999999994
vol3,Trainer 60,clean,301800.0,8.46,0.885,0.0176,0.0003499999999999996
vol3,Trainer 60,clean,301800.0,9.3,0.976,0.0187,0.0005999999999999998
vol3,Trainer 60,clean,301800.0,10.48,1.097,0.0212,0.0010500000000000006
vol3,Trainer 60,clean,301800.0,11.53,1.186,0.0244,0.003300000000000001
vol3,Trainer 60,clean,301800.0,12.27,1.217,0.032,0.013149999999999998
vol3,Trainer 60,clean,404100.0,-4.17,-0.553,0.0125,0.0004499999999999999
vol3,Trainer 60,clean,404100.0,-3.14,-0.439,0.0122,0.0002999999999999999
vol3,Trainer 60,clean,404100.0,-2.17,-0.319,0.0119,0.00019999999999999966
vol3,Trainer 60,clean,404100.0,-1.07,-0.193,0.0118,0.0002999999999999999
vol3,Trainer 60,clean,404100.0,-0.05,-0.076,0.0117,0.0002999999999999999
vol3,Trainer 60,clean,404100.0,1.06,0.049,0.0117,0.0002500000000000002
vol3,Trainer 60,clean,404100.0,2.02,0.184,0.0118,0.00014999999999999996
vol3,Trainer 60,clean,404100.0,3.07,0.303,0.0117,5.0000000000000565e-05
vol3,Trainer 60,clean,404100.0,4.11,0.422,0.0118,4.99999999999997e-05
vol3,Trainer 60,clean,404100.0,5.2,0.54,0.0122,0.0002999999999999999
vol3,Trainer 60,clean,404100.0,6.17,0.641,0.0132,0.00115
vol3,Trainer 60,clean,404100.0,7.32,0.763,0.0142,0.0005000000000000004
vol3,Trainer 60,clean,404100.0,8.32,0.888,0.0151,0.0008999999999999998
vol3,Trainer 60,clean,404100.0,9.34,0.999,0.0173,0.0008500000000000001
vol3,Trainer 60,clean,404100.0,10.42,1.109,0.0192,0.0010499999999999989
vol3,Trainer 60,clean,398700.0,11.5,1.183,0.0241,0.0053999999999999986
vol3,Trainer 60,clean,398700.0,12.35,1.179,0.0658,0.04175
vol3,Trainer 60,clean,504000.0,-3.18,-0.456,0.0117,0.0003500000000000005
vol3,Trainer 60,clean,504000.0,-2.14,-0.334,0.0114,0.00024999999999999935
vol3,Trainer 60,clean,504000.0,-1.06,-0.207,0.0111,0.00019999999999999966
vol3,Trainer 60,clean,504000.0,-0.02,-0.09,0.011,0.00019999999999999966
vol3,Trainer 60,clean,504000.0,1.0,0.026,0.011,0.0002500000000000002
vol3,Trainer 60,clean,504000.0,2.02,0.144,0.0111,0.0003499999999999996
vol3,Trainer 60,clean,504000.0,3.04,0.257,0.0112,0.0002500000000000002
vol3,Trainer 60,clean,504000.0,4.08,0.373,0.0112,0.0004000000000000002
vol3,Trainer 60,clean,504000.0,5.1,0.488,0.0115,0.0004000000000000002
vol3,Trainer 60,clean,504000.0,6.12,0.591,0.0122,0.00010000000000000026
vol3,Trainer 60,clean,504000.0,7.14,0.696,0.0132,0.0007499999999999998
vol3,Trainer 60,clean,504000.0,8.17,0.8,0.014,0.0008500000000000001
vol3,Trainer 60,clean,504000.0,9.19,0.921,0.0152,0.000550000000000001
vol3,Trainer 60,clean,504000.0,10.2,1.049,0.0164,0.0003999999999999993
vol3,Trainer 60,clean,504000.0,11.23,1.118,0.02,0.0022000000000000006
vol3,Trainer 60,clean,504000.0,12.27,1.153,0.048,0.033949999999999994
vol3,CG Ultimate,clean,100500.0,-2.95,-0.414,0.0168,0.0006499999999999995
vol3,CG Ultimate,clean,100500.0,-1.86,-0.341,0.0174,0.0009499999999999995
vol3,CG Ultimate,clean,100500.0,-0.92,-0.256,0.0159,0.0011999999999999988
vol3,CG Ultimate,clean,100500.0,0.18,-0.053,0.017,0.0014000000000000002
vol3,CG Ultimate,clean,100500.0,1.23,0.131,0.0178,0.0017000000000000001
vol3,CG Ultimate,clean,100500.0,2.26,0.294,0.0172,0.001299999999999999
vol3,CG Ultimate,clean,100500.0,3.29,0.371,0.0159,0.0004499999999999999
vol3,CG Ultimate,clean,100500.0,4.27,0.44,0.0165,0.0001499999999999991
vol3,CG Ultimate,clean,100500.0,5.3,0.521,0.0168,0.0008500000000000001
vol3,CG Ultimate,clean,100500.0,6.31,0.604,0.0172,0.000700000000000001
vol3,CG Ultimate,clean,100500.0,7.32,0.671,0.0218,0.0003999999999999993
vol3,CG Ultimate,clean,100500.0,8.33,0.722,0.0284,0.0006999999999999992
vol3,CG Ultimate,clean,100500.0,9.36,0.792,0.0346,0.0023500000000000014
vol3,CG Ultimate,clean,100500.0,10.36,0.845,0.0437,0.0029
vol3,CG Ultimate,clean,102000.0,-4.99,-0.578,0.0171,0.0008500000000000001
vol3,CG Ultimate,clean,102000.0,-3.93,-0.492,0.017,0.0002999999999999999
vol3,CG Ultimate,clean,201200.0,-5.05,-0.605,0.0126,0.0004499999999999999
vol3,CG Ultimate,clean,201200.0,-3.96,-0.513,0.0121,0.00014999999999999996
vol3,CG Ultimate,clean,201200.0,-2.9,-0.408,0.0122,0.0002500000000000002
vol3,CG Ultimate,clean,201200.0,-1.86,-0.261,0.013,0.003599999999999999
vol3,CG Ultimate,clean,201200.0,-0.84,-0.108,0.0099,0.0034
vol3,CG Ultimate,clean,201200.0,0.21,0.001,0.0095,0.00375
vol3,CG Ultimate,clean,201200.0,1.16,0.078,0.0106,0.00245
vol3,CG Ultimate,clean,201200.0,2.23,0.189,0.0105,0.0002999999999999999
vol3,CG Ultimate,clean,201200.0,3.25,0.326,0.0113,0.0010500000000000006
vol3,CG Ultimate,clean,201200.0,4.27,0.462,0.0121,0.0008500000000000001
vol3,CG Ultimate,clean,201200.0,5.29,0.548,0.0125,0.0004499999999999999
vol3,CG Ultimate,clean,201200.0,6.28,0.625,0.0139,0.0003000000000000008
vol3,CG Ultimate,clean,201200.0,7.34,0.692,0.0199,0.0010999999999999985
vol3,CG Ultimate,clean,201200.0,8.34,0.764,0.0236,0.0008000000000000004
vol3,CG Ultimate,clean,201200.0,9.36,0.829,0.029,0.0009500000000000012
vol3,CG Ultimate,clean,201200.0,10.36,0.879,0.039,0.0023999999999999994
vol3,CG Ultimate,clean,301400.0,-4.98,-0.611,0.0115,0.0002999999999999999
vol3,CG Ultimate,clean,301400.0,-3.94,-0.515,0.0103,0.0007499999999999998
vol3,CG Ultimate,clean,301400.0,-2.97,-0.389,0.0108,0.0017500000000000007
vol3,CG Ultimate,clean,301400.0,-1.92,-0.234,0.0102,0.00295
vol3,CG Ultimate,clean,301400.0,-0.82,-0.099,0.009,0.0007500000000000007
vol3,CG Ultimate,clean,301400.0,0.09,-0.014,0.0088,0.0009499999999999995
vol3,CG Ultimate,clean,301400.0,1.19,0.081,0.0085,0.0008500000000000001
vol3,CG Ultimate,clean,301400.0,2.21,0.176,0.009,0.0007000000000000001
vol3,CG Ultimate,clean,301400.0,3.26,0.322,0.0105,0.0004000000000000002
vol3,CG Ultimate,clean,301400.0,4.28,0.458,0.0106,0.0004999999999999996
vol3,CG Ultimate,clean,301400.0,5.3,0.576,0.0115,0.0003000000000000008
vol3,CG Ultimate,clean,301400.0,6.3,0.64,0.014,0.0003000000000000008
vol3,CG Ultimate,clean,301400.0,7.33,0.707,0.0176,0.00045000000000000075
vol3,CG Ultimate,clean,301400.0,8.42,0.785,0.0213,0.00040000000000000105
vol3,CG Ultimate,clean,301400.0,9.37,0.846,0.0261,0.0007500000000000007
vol3,CG Ultimate,clean,301400.0,10.44,0.902,0.037,0.001899999999999999
vol3,CG Ultimate,clean,402300.0,-5.16,-0.625,0.0119,0.0005500000000000001
vol3,CG Ultimate,clean,402300.0,-3.85,-0.48,0.0108,0.0008500000000000001
vol3,CG Ultimate,clean,402300.0,-2.8,-0.337,0.0097,0.0020999999999999994
vol3,CG Ultimate,clean,402300.0,-1.65,-0.197,0.0085,0.0004499999999999999
vol3,CG Ultimate,clean,402300.0,-0.81,-0.111,0.008,0.0003499999999999996
vol3,CG Ultimate,clean,402300.0,0.23,-0.002,0.0078,0.00030000000000000035
vol3,CG Ultimate,clean,402300.0,1.17,0.089,0.0078,0.00014999999999999996
vol3,CG Ultimate,clean,402300.0,2.18,0.209,0.0081,0.00019999999999999966
vol3,CG Ultimate,clean,402300.0,3.25,0.324,0.0089,0.0008999999999999998
vol3,CG Ultimate,clean,402300.0,4.25,0.441,0.0082,0.0007999999999999999
vol3,CG Ultimate,clean,402300.0,5.28,0.564,0.0113,0.0015999999999999999
vol3,CG Ultimate,clean,402300.0,6.3,0.647,0.0136,0.00024999999999999935
vol3,CG Ultimate,clean,402300.0,7.44,0.729,0.0168,0.0002500000000000002
vol3,CG Ultimate,clean,402300.0,8.37,0.799,0.0195,0.00035000000000000135
vol3,CG Ultimate,clean,402300.0,9.42,0.87,0.0239,0.00040000000000000105
vol3,CG Ultimate,clean,402300.0,10.66,0.944,0.034,0.0013500000000000005
vol3,CG Ultimate,clean,502600.0,-4.0,-0.466,0.0085,0.0024
vol3,CG Ultimate,clean,502600.0,-2.82,-0.317,0.0073,0.0004500000000000003
vol3,CG Ultimate,clean,502600.0,-1.74,-0.196,0.0078,0.00039999999999999975
vol3,CG Ultimate,clean,502600.0,-0.61,-0.079,0.0075,0.0002999999999999999
vol3,CG Ultimate,clean,502600.0,0.43,0.03,0.0075,0.00014999999999999996
vol3,CG Ultimate,clean,502600.0,1.33,0.127,0.0076,0.00014999999999999996
vol3,CG Ultimate,clean,502600.0,2.36,0.235,0.0079,0.0002999999999999999
vol3,CG Ultimate,clean,502600.0,3.33,0.334,0.0082,0.0003500000000000005
vol3,CG Ultimate,clean,502600.0,4.23,0.425,0.009,0.0009499999999999995
vol3,CG Ultimate,clean,502600.0,5.35,0.558,0.011,0.0015500000000000002
vol3,CG Ultimate,clean,502600.0,6.27,0.639,0.0129,0.0004499999999999999
vol3,CG Ultimate,clean,502600.0,7.31,0.718,0.0152,0.00014999999999999996
vol3,CG Ultimate,clean,502600.0,8.39,0.803,0.0179,0.0003999999999999993
vol3,CG Ultimate,clean,502600.0,9.77,0.892,0.0229,0.00045000000000000075
vol3,CG Ultimate,clean,502600.0,10.78,0.939,0.0297,0.0010999999999999985
vol3,Ultra-Sport 1000,clean,101100.0,-3.03,-0.307,0.0214,0.004399999999999999
vol3,Ultra-Sport 1000,clean,101100.0,-1.97,-0.202,0.0205,0.0016000000000000007
vol3,Ultra-Sport 1000,clean,101100.0,-0.96,-0.125,0.0209,0.0011999999999999997
vol3,Ultra-Sport 1000,clean,101100.0,0.05,-0.032,0.0219,0.0013500000000000005
vol3,Ultra-Sport 1000,clean,101100.0,1.08,0.059,0.0213,0.002150000000000001
vol3,Ultra-Sport 1000,clean,101100.0,2.09,0.142,0.021,0.0011000000000000003
vol3,Ultra-Sport 1000,clean,101100.0,3.12,0.217,0.0214,0.002149999999999999
vol3,Ultra-Sport 1000,clean,101100.0,4.14,0.308,0.0207,0.0019500000000000003
vol3,Ultra-Sport 1000,clean,101100.0,5.28,0.481,0.0237,0.0020500000000000015
vol3,Ultra-Sport 1000,clean,101100.0,6.18,0.594,0.0231,0.0022000000000000006
vol3,Ultra-Sport 1000,clean,101100.0,7.21,0.639,0.0253,0.0028000000000000004
vol3,Ultra-Sport 1000,clean,101100.0,8.23,0.713,0.0249,0.001850000000000001
vol3,Ultra-Sport 1000,clean,101100.0,9.26,0.813,0.0242,0.0031000000000000003
vol3,Ultra-Sport 1000,clean,101100.0,10.28,0.881,0.0261,0.0008500000000000001
vol3,Ultra-Sport 1000,clean,101100.0,11.3,0.937,0.0331,0.0045000000000000005
vol3,Ultra-Sport 1000,clean,201500.0,-3.02,-0.311,0.0149,0.0012000000000000005
vol3,Ultra-Sport 1000,clean,201500.0,-2.0,-0.215,0.0143,0.0005500000000000001
vol3,Ultra-Sport 1000,clean,201500.0,-1.0,-0.117,0.0137,0.0005500000000000001
vol3,Ultra-Sport 1000,clean,201500.0,0.05,-0.015,0.0135,0.0005999999999999998
vol3,Ultra-Sport 1000,clean,201500.0,1.07,0.08,0.0132,0.0004999999999999996
vol3,Ultra-Sport 1000,clean,201500.0,2.08,0.18,0.0139,0.0004499999999999999
vol3,Ultra-Sport 1000,clean,201500.0,3.11,0.278,0.0141,0.0005500000000000001
vol3,Ultra-Sport 1000,clean,201500.0,4.13,0.372,0.0151,0.0005500000000000001
vol3,Ultra-Sport 1000,clean,201500.0,5.17,0.464,0.0154,0.0013999999999999993
vol3,Ultra-Sport 1000,clean,201500.0,6.18,0.561,0.016,0.0014500000000000008
vol3,Ultra-Sport 1000,clean,201500.0,7.22,0.693,0.0179,0.0026999999999999993
vol3,Ultra-Sport 1000,clean,201500.0,8.27,0.799,0.0169,0.00145
vol3,Ultra-Sport 1000,clean,201500.0,9.29,0.868,0.0213,0.0022500000000000003
vol3,Ultra-Sport 1000,clean,201500.0,10.28,0.907,0.0281,0.004699999999999999
vol3,Ultra-Sport 1000,clean,201500.0,11.27,0.914,0.0539,0.03105
vol3,Ultra-Sport 1000,clean,201500.0,12.27,0.905,0.0691,0.04745
vol3,Ultra-Sport 1000,clean,302100.0,-3.04,-0.34,0.0127,0.00019999999999999966
vol3,Ultra-Sport 1000,clean,302100.0,-1.99,-0.23,0.0121,0.0002999999999999999
vol3,Ultra-Sport 1000,clean,302100.0,-0.97,-0.125,0.0117,0.0003500000000000005
vol3,Ultra-Sport 1000,clean,302100.0,0.03,-0.023,0.0114,0.0003499999999999996
vol3,Ultra-Sport 1000,clean,302100.0,1.09,0.086,0.0113,0.0002500000000000002
vol3,Ultra-Sport 1000,clean,302100.0,2.1,0.189,0.0116,0.00010000000000000026
vol3,Ultra-Sport 1000,clean,302100.0,3.13,0.296,0.0118,0.0003499999999999996
vol3,Ultra-Sport 1000,clean,302100.0,4.16,0.402,0.0123,0.0005500000000000001
vol3,Ultra-Sport 1000,clean,302100.0,5.19,0.505,0.0129,0.0003499999999999996
vol3,Ultra-Sport 1000,clean,302100.0,6.22,0.599,0.0136,0.0003999999999999993
vol3,Ultra-Sport 1000,clean,302100.0,7.23,0.693,0.0133,0.0002999999999999999
vol3,Ultra-Sport 1000,clean,302100.0,8.26,0.805,0.0165,0.0021000000000000003
vol3,Ultra-Sport 1000,clean,302100.0,9.28,0.866,0.0209,0.00255
vol3,Ultra-Sport 1000,clean,302100.0,10.28,0.894,0.0316,0.01145
vol3,Ultra-Sport 1000,clean,302100.0,11.3,0.9,0.0536,0.037399999999999996
vol3,Ultra-Sport 1000,clean,403400.0,-3.07,-0.353,0.0111,0.0003499999999999996
vol3,Ultra-Sport 1000,clean,403400.0,-1.95,-0.235,0.0107,0.0003500000000000005
vol3,Ultra-Sport 1000,clean,403400.0,-0.97,-0.128,0.0106,0.0003499999999999996
vol3,Ultra-Sport 1000,clean,403400.0,0.04,-0.023,0.0105,0.0002999999999999999
vol3,Ultra-Sport 1000,clean,403400.0,1.07,0.084,0.0104,0.0002500000000000002
vol3,Ultra-Sport 1000,clean,403400.0,2.09,0.191,0.0104,0.0002500000000000002
vol3,Ultra-Sport 1000,clean,403400.0,3.13,0.305,0.0106,0.0003499999999999996
vol3,Ultra-Sport 1000,clean,403400.0,4.16,0.41,0.0111,0.0004499999999999999
vol3,Ultra-Sport 1000,clean,403400.0,5.2,0.516,0.0117,0.0004499999999999999
vol3,Ultra-Sport 1000,clean,403400.0,6.24,0.619,0.0121,0.00014999999999999996
vol3,Ultra-Sport 1000,clean,403400.0,7.23,0.706,0.013,0.0010500000000000006
vol3,Ultra-Sport 1000,clean,403400.0,8.27,0.794,0.0144,0.0021000000000000003
vol3,Ultra-Sport 1000,clean,403400.0,9.29,0.854,0.0205,0.0029499999999999995
vol3,Ultra-Sport 1000,clean,403400.0,10.28,0.878,0.0337,0.01735
vol3,Ultra-Sport 1000,clean,403400.0,11.29,0.882,0.0525,0.03955
vol3,Ultra-Sport 1000,clean,504100.0,-3.15,-0.368,0.0103,0.0004000000000000002
vol3,Ultra-Sport 1000,clean,504100.0,-1.83,-0.221,0.01,0.0004000000000000002
vol3,Ultra-Sport 1000,clean,504100.0,-0.67,-0.093,0.0099,0.0004000000000000002
vol3,Ultra-Sport 1000,clean,504100.0,0.26,0.007,0.0098,0.0002500000000000002
vol3,Ultra-Sport 1000,clean,504100.0,1.09,0.092,0.0099,0.0002500000000000002
vol3,Ultra-Sport 1000,clean,504100.0,2.09,0.197,0.0099,0.0002999999999999999
vol3,Ultra-Sport 1000,clean,504100.0,3.12,0.303,0.0099,0.0003500000000000005
vol3,Ultra-Sport 1000,clean,504100.0,4.16,0.411,0.0103,0.0003999999999999993
vol3,Ultra-Sport 1000,clean,504100.0,5.23,0.522,0.0108,0.0005499999999999993
vol3,Ultra-Sport 1000,clean,504100.0,6.24,0.633,0.0115,0.0005500000000000001
vol3,Ultra-Sport 1000,clean,504100.0,7.61,0.748,0.0136,0.0017499999999999998
vol3,Ultra-Sport 1000,clean,504100.0,8.42,0.804,0.0162,0.0021000000000000003
vol3,Ultra-Sport 1000,clean,504100.0,9.84,0.864,0.0256,0.0089
vol3,Ultra-Sport 1000,clean,504100.0,10.28,0.872,0.0359,0.021949999999999997
vol3,USNPS-4,clean,99800.0,-3.28,-0.143,0.0588,0.0011499999999999982
vol3,USNPS-4,clean,99800.0,-1.58,0.091,0.0428,0.001749999999999998
vol3,USNPS-4,clean,99800.0,0.01,0.32,0.038,0.0019500000000000003
vol3,USNPS-4,clean,99800.0,1.54,0.643,0.027,0.0022000000000000006
vol3,USNPS-4,clean,99800.0,3.15,0.839,0.0201,0.0023499999999999997
vol3,USNPS-4,clean,99800.0,4.59,0.953,0.0185,0.0017000000000000001
vol3,USNPS-4,clean,99800.0,6.22,1.06,0.0219,0.0030500000000000006
vol3,USNPS-4,clean,99800.0,7.69,1.167,0.0269,0.0028000000000000004
vol3,USNPS-4,clean,99800.0,9.26,1.291,0.0337,0.002149999999999999
vol3,USNPS-4,clean,99800.0,10.71,1.386,0.0422,0.0020000000000000018
vol3,USNPS-4,clean,99800.0,12.31,1.445,0.0576,0.0016000000000000007
vol3,USNPS-4,clean,199300.0,-3.29,0.096,0.0404,0.001400000000000002
vol3,USNPS-4,clean,199300.0,-1.56,0.34,0.0244,0.0013000000000000008
vol3,USNPS-4,clean,199300.0,-0.09,0.511,0.0176,0.0011000000000000003
vol3,USNPS-4,clean,199300.0,1.45,0.683,0.0124,0.0009500000000000003
vol3,USNPS-4,clean,199300.0,3.08,0.85,0.0128,0.0007999999999999995
vol3,USNPS-4,clean,199300.0,4.6,0.961,0.0142,0.0003500000000000005
vol3,USNPS-4,clean,199300.0,6.08,1.063,0.0176,0.0003499999999999996
vol3,USNPS-4,clean,199300.0,7.6,1.176,0.0208,0.00040000000000000105
vol3,USNPS-4,clean,199300.0,9.11,1.283,0.0243,0.0011000000000000003
vol3,USNPS-4,clean,199300.0,10.67,1.391,0.028,0.0011999999999999997
vol3,USNPS-4,clean,199300.0,12.21,1.488,0.0335,0.0012500000000000011
vol3,USNPS-4,clean,299000.0,-4.72,-0.02,0.0557,0.003349999999999999
vol3,USNPS-4,clean,299000.0,-3.15,0.191,0.0316,0.0029500000000000012
vol3,USNPS-4,clean,299000.0,-1.6,0.384,0.0186,0.0023999999999999994
vol3,USNPS-4,clean,299000.0,-0.07,0.543,0.014,0.001
vol3,USNPS-4,clean,299000.0,1.46,0.706,0.0101,0.001
vol3,USNPS-4,clean,299000.0,3.0,0.851,0.0104,0.0005000000000000004
vol3,USNPS-4,clean,299000.0,4.53,0.964,0.0129,0.00020000000000000052
vol3,USNPS-4,clean,299000.0,6.15,1.09,0.0159,0.0003999999999999993
vol3,USNPS-4,clean,299000.0,7.67,1.208,0.0183,0.0008500000000000001
vol3,USNPS-4,clean,299000.0,9.17,1.32,0.0212,0.0011000000000000003
vol3,USNPS-4,clean,299000.0,10.68,1.428,0.0245,0.0013000000000000008
vol3,USNPS-4,clean,299000.0,12.16,1.52,0.0291,0.002450000000000001
vol3,USNPS-4,clean,299000.0,13.68,1.602,0.0358,0.00425
vol3,USNPS-4,clean,398300.0,-4.97,-0.0,0.0556,0.002850000000000002
vol3,USNPS-4,clean,398300.0,-3.11,0.222,0.0291,0.0017000000000000001
vol3,USNPS-4,clean,398300.0,-1.46,0.395,0.0164,0.0015000000000000005
vol3,USNPS-4,clean,398300.0,0.12,0.564,0.0121,0.0006000000000000007
vol3,USNPS-4,clean,398300.0,1.54,0.702,0.0089,0.0008500000000000001
vol3,USNPS-4,clean,398300.0,2.97,0.834,0.0097,0.0002999999999999999
vol3,USNPS-4,clean,398300.0,4.45,0.942,0.0118,0.0003000000000000008
vol3,USNPS-4,clean,398300.0,6.07,1.077,0.0144,0.0004000000000000002
vol3,USNPS-4,clean,398300.0,7.5,1.186,0.0163,0.0009000000000000006
vol3,USNPS-4,clean,398300.0,9.22,1.322,0.0194,0.0011000000000000003
vol3,USNPS-4,clean,398300.0,10.87,1.436,0.0232,0.002
vol3,USNPS-4,clean,398300.0,12.19,1.513,0.0268,0.0033500000000000005
vol3,USNPS-4,clean,398300.0,13.68,1.594,0.0342,0.009049999999999999
stec8,AQUILA,clean,59400.0,-1.86,0.261,0.0238,
stec8,AQUILA,clean,59400.0,-0.83,0.352,0.0224,
stec8,AQUILA,clean,59400.0,0.18,0.445,0.0213,
stec8,AQUILA,clean,59400.0,1.2,0.525,0.0224,
stec8,AQUILA,clean,59400.0,2.23,0.607,0.0298,
stec8,AQUILA,clean,59400.0,3.23,0.686,0.0291,
stec8,AQUILA,clean,59400.0,4.26,0.764,0.0354,
stec8,AQUILA,clean,59400.0,5.27,0.839,0.0358,
stec8,AQUILA,clean,59400.0,6.28,0.911,0.0404,
stec8,AQUILA,clean,59400.0,7.3,0.989,0.0373,
stec8,AQUILA,clean,59400.0,8.33,1.061,0.0383,
stec8,AQUILA,clean,59400.0,9.34,1.12,0.0422,
stec8,AQUILA,clean,59400.0,10.34,1.148,0.0507,
stec8,AQUILA,clean,101100.0,-1.86,0.251,0.0196,
stec8,AQUILA,clean,101100.0,-0.84,0.34,0.0179,
stec8,AQUILA,clean,101100.0,0.18,0.45,0.0152,
stec8,AQUILA,clean,101100.0,1.21,0.538,0.0153,
stec8,AQUILA,clean,101100.0,2.22,0.625,0.0166,
stec8,AQUILA,clean,101100.0,3.24,0.726,0.0184,
stec8,AQUILA,clean,101100.0,4.27,0.815,0.0197,
stec8,AQUILA,clean,101100.0,5.28,0.899,0.0206,
stec8,AQUILA,clean,101100.0,6.29,0.984,0.0215,
stec8,AQUILA,clean,101100.0,7.33,1.069,0.0239,
stec8,AQUILA,clean,101100.0,8.33,1.146,0.0251,
stec8,AQUILA,clean,101100.0,9.35,1.215,0.0285,
stec8,AQUILA,clean,101100.0,10.36,1.241,0.0359,
stec8,AQUILA,clean,101100.0,11.36,1.28,0.0385,
stec8,AQUILA,clean,101100.0,12.37,1.298,0.0471,
stec8,AQUILA,clean,101100.0,13.37,1.295,0.0573,
stec8,AQUILA,clean,150500.0,1.19,0.537,0.0128,
stec8,AQUILA,clean,150500.0,3.24,0.732,0.0154,
stec8,AQUILA,clean,150500.0,5.28,0.916,0.0176,
stec8,AQUILA,clean,150500.0,7.32,1.087,0.0214,
stec8,AQUILA,clean,150500.0,8.34,1.159,0.0221,
stec8,AQUILA,clean,150500.0,9.36,1.217,0.0245,
stec8,AQUILA,clean,150500.0,11.37,1.292,0.0346,
stec8,AQUILA,clean,203900.0,-1.89,0.235,0.0162,
stec8,AQUILA,clean,203900.0,-0.85,0.336,0.0141,
stec8,AQUILA,clean,203900.0,0.17,0.439,0.0128,
stec8,AQUILA,clean,203900.0,1.19,0.541,0.0113,
stec8,AQUILA,clean,203900.0,2.22,0.641,0.0124,
stec8,AQUILA,clean,203900.0,3.26,0.741,0.013,
stec8,AQUILA,clean,203900.0,4.26,0.833,0.0138,
stec8,AQUILA,clean,203900.0,5.28,0.921,0.015,
stec8,AQUILA,clean,203900.0,6.31,1.006,0.017,
stec8,AQUILA,clean,203900.0,7.32,1.085,0.0182,
stec8,AQUILA,clean,203900.0,8.34,1.156,0.0193,
stec8,AQUILA,clean,203900.0,9.35,1.216,0.0222,
stec8,AQUILA,clean,203900.0,10.37,1.268,0.0265,
stec8,AQUILA,clean,203900.0,11.35,1.302,0.0314,
stec8,AQUILA,clean,203900.0,12.37,1.312,0.0356,
stec8,AQUILA,clean,203900.0,13.38,1.305,0.0475,
stec8,AQUILA,clean,203900.0,14.36,1.292,0.067,
stec8,AQUILA,clean,301100.0,-3.93,0.041,0.0254,
stec8,AQUILA,clean,301100.0,-2.91,0.143,0.0187,
stec8,AQUILA,clean,301100.0,-1.87,0.248,0.0143,
stec8,AQUILA,clean,301100.0,-0.89,0.346,0.0122,
stec8,AQUILA,clean,301100.0,0.14,0.448,0.0113,
stec8,AQUILA,clean,301100.0,1.13,0.545,0.0091,
stec8,AQUILA,clean,301100.0,2.18,0.646,0.0099,
stec8,AQUILA,clean,301100.0,3.21,0.742,0.0111,
stec8,AQUILA,clean,301100.0,4.23,0.834,0.0119,
stec8,AQUILA,clean,301100.0,5.28,0.925,0.0131,
stec8,AQUILA,clean,301100.0,6.3,1.01,0.0139,
stec8,AQUILA,clean,301100.0,7.32,1.088,0.0152,
stec8,CLARK-Y,clean,61300.0,-3.95,-0.21,0.0282,
stec8,CLARK-Y,clean,61300.0,-2.92,-0.1,0.0269,
stec8,CLARK-Y,clean,61300.0,-1.9,0.006,0.0223,
stec8,CLARK-Y,clean,61300.0,-0.88,0.113,0.0252,
stec8,CLARK-Y,clean,61300.0,0.15,0.245,0.0278,
stec8,CLARK-Y,clean,61300.0,1.18,0.365,0.0313,
stec8,CLARK-Y,clean,61300.0,2.2,0.522,0.0324,
stec8,CLARK-Y,clean,61300.0,3.24,0.646,0.0303,
stec8,CLARK-Y,clean,61300.0,4.26,0.744,0.0284,
stec8,CLARK-Y,clean,61300.0,5.28,0.836,0.0271,
stec8,CLARK-Y,clean,61300.0,6.29,0.918,0.0266,
stec8,CLARK-Y,clean,61300.0,7.32,1.005,0.0283,
stec8,CLARK-Y,clean,61300.0,8.33,1.079,0.0305,
stec8,CLARK-Y,clean,61300.0,9.34,1.152,0.0326,
stec8,CLARK-Y,clean,61300.0,10.35,1.172,0.0332,
stec8,CLARK-Y,clean,61300.0,11.34,1.172,0.0364,
stec8,CLARK-Y,clean,102600.0,-3.94,-0.137,0.0228,
stec8,CLARK-Y,clean,102600.0,-2.92,0.002,0.0208,
stec8,CLARK-Y,clean,102600.0,-1.87,0.137,0.0198,
stec8,CLARK-Y,clean,102600.0,-0.85,0.287,0.0189,
stec8,CLARK-Y,clean,102600.0,0.17,0.399,0.0192,
stec8,CLARK-Y,clean,102600.0,1.2,0.501,0.0179,
stec8,CLARK-Y,clean,102600.0,2.21,0.595,0.0184,
stec8,CLARK-Y,clean,102600.0,3.25,0.691,0.0179,
stec8,CLARK-Y,clean,102600.0,4.25,0.782,0.0186,
stec8,CLARK-Y,clean,102600.0,5.28,0.876,0.019,
stec8,CLARK-Y,clean,102600.0,6.29,0.963,0.0209,
stec8,CLARK-Y,clean,102600.0,7.32,1.043,0.0214,
stec8,CLARK-Y,clean,102600.0,8.34,1.126,0.0225,
stec8,CLARK-Y,clean,102600.0,9.36,1.198,0.0259,
stec8,CLARK-Y,clean,102600.0,10.36,1.213,0.0299,
stec8,CLARK-Y,clean,102600.0,11.35,1.21,0.0383,
stec8,CLARK-Y,clean,203800.0,-3.96,-0.011,0.0143,
stec8,CLARK-Y,clean,203800.0,-2.9,0.086,0.0128,
stec8,CLARK-Y,clean,203800.0,-1.91,0.176,0.012,
stec8,CLARK-Y,clean,203800.0,-0.85,0.272,0.0097,
stec8,CLARK-Y,clean,203800.0,0.17,0.399,0.0098,
stec8,CLARK-Y,clean,203800.0,1.19,0.496,0.0098,
stec8,CLARK-Y,clean,203800.0,2.22,0.596,0.0104,
stec8,CLARK-Y,clean,203800.0,3.24,0.691,0.0114,
stec8,CLARK-Y,clean,203800.0,4.27,0.788,0.0124,
stec8,CLARK-Y,clean,203800.0,5.28,0.874,0.0134,
stec8,CLARK-Y,clean,203800.0,6.3,0.96,0.0151,
stec8,CLARK-Y,clean,203800.0,7.31,1.041,0.0162,
stec8,CLARK-Y,clean,203800.0,8.34,1.109,0.0187,
stec8,CLARK-Y,clean,203800.0,9.34,1.147,0.0216,
stec8,CLARK-Y,clean,203800.0,10.34,1.163,0.0271,
stec8,CLARK-Y,clean,203800.0,11.35,1.168,0.0349,
stec8,CLARK-Y,clean,203800.0,12.34,1.17,0.0427,
stec8,CLARK-Y,clean,203800.0,13.36,1.166,0.0539,
stec8,CLARK-Y,clean,203800.0,14.35,1.148,0.0724,
stec8,CLARK-Y,clean,301200.0,-4.93,-0.098,0.0136,
stec8,CLARK-Y,clean,301200.0,-3.91,-0.007,0.012,
stec8,CLARK-Y,clean,301200.0,-2.9,0.088,0.011,
stec8,CLARK-Y,clean,301200.0,-1.87,0.188,0.0103,
stec8,CLARK-Y,clean,301200.0,-0.86,0.283,0.0092,
stec8,CLARK-Y,clean,301200.0,0.16,0.407,0.0084,
stec8,CLARK-Y,clean,301200.0,1.2,0.51,0.0087,
stec8,CLARK-Y,clean,301200.0,2.23,0.605,0.0095,
stec8,CLARK-Y,clean,301200.0,3.24,0.699,0.0101,
stec8,CLARK-Y,clean,301200.0,4.26,0.791,0.0112,
stec8,CLARK-Y,clean,301200.0,5.29,0.882,0.012,
stec8,DAE51,clean,60400.0,-2.91,0.041,0.0296,
stec8,DAE51,clean,60400.0,-1.89,0.157,0.0246,
stec8,DAE51,clean,60400.0,-0.87,0.299,0.0227,
stec8,DAE51,clean,60400.0,0.18,0.402,0.0256,
stec8,DAE51,clean,60400.0,1.2,0.481,0.0273,
stec8,DAE51,clean,60400.0,2.22,0.6,0.0281,
stec8,DAE51,clean,60400.0,3.24,0.711,0.0286,
stec8,DAE51,clean,60400.0,4.25,0.794,0.0279,
stec8,DAE51,clean,60400.0,5.29,0.896,0.0247,
stec8,DAE51,clean,60400.0,6.28,0.944,0.0238,
stec8,DAE51,clean,60400.0,7.31,1.015,0.0248,
stec8,DAE51,clean,60400.0,8.31,1.064,0.0399,
stec8,DAE51,clean,101400.0,-2.9,0.116,0.0224,
stec8,DAE51,clean,101400.0,-1.87,0.233,0.0205,
stec8,DAE51,clean,101400.0,-0.84,0.346,0.0197,
stec8,DAE51,clean,101400.0,0.18,0.448,0.0175,
stec8,DAE51,clean,101400.0,1.22,0.546,0.0172,
stec8,DAE51,clean,101400.0,2.22,0.644,0.019,
stec8,DAE51,clean,101400.0,3.25,0.742,0.0191,
stec8,DAE51,clean,101400.0,4.25,0.834,0.0196,
stec8,DAE51,clean,101400.0,5.29,0.922,0.0198,
stec8,DAE51,clean,101400.0,6.3,1.004,0.0191,
stec8,DAE51,clean,101400.0,7.33,1.065,0.0233,
stec8,DAE51,clean,101400.0,8.32,1.12,0.0311,
stec8,DAE51,clean,101400.0,9.33,1.145,0.0352,
stec8,DAE51,clean,101400.0,10.33,1.166,0.039,
stec8,DAE51,clean,153500.0,-2.87,0.24,0.0166,
stec8,DAE51,clean,153500.0,-1.84,0.337,0.0134,
stec8,DAE51,clean,153500.0,-0.82,0.426,0.012,
stec8,DAE51,clean,153500.0,0.2,0.526,0.0115,
stec8,DAE51,clean,153500.0,1.2,0.627,0.0125,
stec8,DAE51,clean,153500.0,2.23,0.73,0.013,
stec8,DAE51,clean,153500.0,3.27,0.829,0.0145,
stec8,DAE51,clean,153500.0,4.28,0.924,0.0152,
stec8,DAE51,clean,153500.0,5.31,1.014,0.0151,
stec8,DAE51,clean,153500.0,6.31,1.069,0.0194,
stec8,DAE51,clean,153500.0,7.32,1.104,0.0246,
stec8,DAE51,clean,153500.0,8.34,1.135,0.0313,
stec8,DAE51,clean,153500.0,9.35,1.161,0.0388,
stec8,DAE51,clean,153500.0,10.33,1.181,0.05,
stec8,DAE51,clean,153500.0,11.34,1.191,0.064,
stec8,DAE51,clean,203200.0,-2.92,0.235,0.014,
stec8,DAE51,clean,203200.0,-1.86,0.336,0.0121,
stec8,DAE51,clean,203200.0,-0.83,0.427,0.009,
stec8,DAE51,clean,203200.0,0.17,0.529,0.0099,
stec8,DAE51,clean,203200.0,1.21,0.637,0.0099,
stec8,DAE51,clean,203200.0,2.23,0.74,0.0109,
stec8,DAE51,clean,203200.0,3.27,0.841,0.0119,
stec8,DAE51,clean,203200.0,4.26,0.934,0.0127,
stec8,DAE51,clean,203200.0,5.3,1.015,0.0141,
stec8,DAE51,clean,203200.0,6.31,1.064,0.0184,
stec8,DAE51,clean,203200.0,7.31,1.102,0.0239,
stec8,DAE51,clean,203200.0,8.33,1.138,0.0294,
stec8,DAE51,clean,203200.0,9.35,1.166,0.0372,
stec8,DAE51,clean,203200.0,10.33,1.184,0.0458,
stec8,DAE51,clean,203200.0,11.34,1.186,0.0651,
stec8,DAE51,clean,310400.0,-2.88,0.232,0.0118,
stec8,DAE51,clean,310400.0,-1.84,0.34,0.0104,
stec8,DAE51,clean,310400.0,-0.82,0.438,0.0081,
stec8,DAE51,clean,310400.0,0.17,0.542,0.0078,
stec8,DAE51,clean,310400.0,1.22,0.648,0.0085,
stec8,DAE51,clean,310400.0,2.22,0.748,0.0091,
stec8,DAE51,clean,310400.0,3.26,0.844,0.0101,
stec8,DAE51,clean,310400.0,4.24,0.929,0.0108,
stec8,DAE51,clean,310400.0,5.18,0.991,0.0132,
stec8,DAE51,clean,310400.0,6.28,1.043,0.0181,
stec8,DAE51,clean,310400.0,7.31,1.092,0.023,
stec8,DAE51,clean,310400.0,8.33,1.133,0.0272,
stec8,DAE51,clean,310400.0,9.34,1.159,0.0344,
stec8,DAE51,clean,310400.0,10.34,1.174,0.0474,
stec8,DAE51 THICK T.E.,clean,100100.0,-2.9,0.177,0.0218,
stec8,DAE51 THICK T.E.,clean,100100.0,-1.37,0.34,0.0164,
stec8,DAE51 THICK T.E.,clean,100100.0,0.18,0.49,0.0179,
stec8,DAE51 THICK T.E.,clean,100100.0,1.72,0.637,0.0188,
stec8,DAE51 THICK T.E.,clean,100100.0,3.26,0.778,0.0208,
stec8,DAE51 THICK T.E.,clean,100100.0,4.77,0.916,0.0209,
stec8,DAE51 THICK T.E.,clean,100100.0,6.31,1.047,0.0202,
stec8,DAE51 THICK T.E.,clean,100100.0,7.82,1.116,0.0268,
stec8,DAE51 THICK T.E.,clean,100100.0,9.34,1.157,0.0367,
stec8,DAE51 THICK T.E.,clean,148600.0,-2.87,0.198,0.018,
stec8,DAE51 THICK T.E.,clean,148600.0,-1.33,0.337,0.0134,
stec8,DAE51 THICK T.E.,clean,148600.0,0.17,0.481,0.0128,
stec8,DAE51 THICK T.E.,clean,148600.0,1.74,0.638,0.0136,
stec8,DAE51 THICK T.E.,clean,148600.0,3.25,0.787,0.0149,
stec8,DAE51 THICK T.E.,clean,148600.0,4.78,0.932,0.0157,
stec8,DAE51 THICK T.E.,clean,148600.0,6.31,1.045,0.0184,
stec8,DAE51 THICK T.E.,clean,148600.0,7.83,1.117,0.0275,
stec8,DAE51 THICK T.E.,clean,148600.0,9.34,1.167,0.0367,
stec8,DAE51 THICK T.E.,clean,148600.0,10.86,1.194,0.0502,
stec8,DAE51 THICK T.E.,clean,197900.0,-2.89,0.185,0.0158,
stec8,DAE51 THICK T.E.,clean,197900.0,-1.34,0.339,0.0128,
stec8,DAE51 THICK T.E.,clean,197900.0,0.19,0.485,0.0109,
stec8,DAE51 THICK T.E.,clean,197900.0,1.73,0.646,0.0113,
stec8,DAE51 THICK T.E.,clean,197900.0,3.24,0.8,0.0124,
stec8,DAE51 THICK T.E.,clean,197900.0,4.8,0.947,0.0136,
stec8,DAE51 THICK T.E.,clean,197900.0,6.31,1.052,0.0189,
stec8,DAE51 THICK T.E.,clean,197900.0,7.82,1.129,0.0265,
stec8,DAE51 THICK T.E.,clean,197900.0,9.33,1.179,0.0362,
stec8,DAE51 THICK T.E.,clean,301600.0,-2.88,0.175,0.0137,
stec8,DAE51 THICK T.E.,clean,301600.0,-1.36,0.336,0.0115,
stec8,DAE51 THICK T.E.,clean,301600.0,0.17,0.489,0.0087,
stec8,DAE51 THICK T.E.,clean,301600.0,1.71,0.652,0.0094,
stec8,DAE51 THICK T.E.,clean,301600.0,3.23,0.807,0.0103,
stec8,DAE51 THICK T.E.,clean,301600.0,4.78,0.947,0.0126,
stec8,DAE51 THICK T.E.,clean,301600.0,6.29,1.042,0.0188,
stec8,DAE51 THICK T.E.,clean,301600.0,7.81,1.123,0.0245,
stec8,DAE51 THICK T.E.,clean,301600.0,9.34,1.171,0.035,
stec8,DAE51 THICK T.E.,clean,301600.0,10.85,1.186,0.055,
stec8,DAE51 THICK T.E.,clean,301600.0,12.34,1.181,0.0757,
stec8,DF101,clean,58100.0,-4.99,-0.36,0.024,
stec8,DF101,clean,58100.0,-3.97,-0.293,0.0195,
stec8,DF101,clean,58100.0,-2.95,-0.226,0.0174,
stec8,DF101,clean,58100.0,-1.92,-0.112,0.0173,
stec8,DF101,clean,58100.0,-0.89,0.035,0.0175,
stec8,DF101,clean,58100.0,0.14,0.202,0.0211,
stec8,DF101,clean,58100.0,1.17,0.354,0.0218,
stec8,DF101,clean,58100.0,2.2,0.458,0.0221,
stec8,DF101,clean,58100.0,3.21,0.541,0.0218,
stec8,DF101,clean,58100.0,4.23,0.624,0.0245,
stec8,DF101,clean,58100.0,5.24,0.701,0.027,
stec8,DF101,clean,58100.0,6.26,0.775,0.0262,
stec8,DF101,clean,58100.0,7.28,0.842,0.0344,
stec8,DF101,clean,58100.0,8.29,0.909,0.0358,
stec8,DF101,clean,58100.0,9.31,0.97,0.0429,
stec8,DF101,clean,58100.0,10.31,1.016,0.0463,
stec8,DF101,clean,101700.0,-6.0,-0.414,0.0214,
stec8,DF101,clean,101700.0,-4.97,-0.351,0.017,
stec8,DF101,clean,101700.0,-3.97,-0.25,0.0174,
stec8,DF101,clean,101700.0,-2.95,-0.124,0.0149,
stec8,DF101,clean,101700.0,-1.91,0.012,0.0138,
stec8,DF101,clean,101700.0,-0.87,0.187,0.0143,
stec8,DF101,clean,101700.0,0.16,0.293,0.0152,
stec8,DF101,clean,101700.0,1.17,0.375,0.015,
stec8,DF101,clean,101700.0,2.19,0.463,0.0144,
stec8,DF101,clean,101700.0,3.21,0.551,0.0159,
stec8,DF101,clean,101700.0,4.24,0.64,0.0157,
stec8,DF101,clean,101700.0,5.25,0.721,0.0179,
stec8,DF101,clean,101700.0,6.26,0.799,0.0184,
stec8,DF101,clean,101700.0,7.28,0.875,0.022,
stec8,DF101,clean,101700.0,8.3,0.95,0.0268,
stec8,DF101,clean,101700.0,9.32,1.022,0.0297,
stec8,DF101,clean,101700.0,10.33,1.074,0.0321,
stec8,DF101,clean,101700.0,11.33,1.093,0.0379,
stec8,DF101,clean,101700.0,12.33,1.083,0.05,
stec8,DF101,clean,101700.0,13.29,0.841,0.1833,
stec8,DF101,clean,153700.0,-5.99,-0.417,0.0195,
stec8,DF101,clean,153700.0,-4.97,-0.331,0.0155,
stec8,DF101,clean,153700.0,-3.95,-0.194,0.0137,
stec8,DF101,clean,153700.0,-2.93,-0.067,0.0127,
stec8,DF101,clean,153700.0,-1.9,0.036,0.011,
stec8,DF101,clean,153700.0,-0.87,0.167,0.0108,
stec8,DF101,clean,153700.0,0.16,0.283,0.0107,
stec8,DF101,clean,153700.0,1.17,0.375,0.011,
stec8,DF101,clean,153700.0,2.19,0.469,0.0115,
stec8,DF101,clean,153700.0,3.22,0.563,0.0118,
stec8,DF101,clean,153700.0,4.23,0.648,0.0126,
stec8,DF101,clean,153700.0,5.26,0.73,0.0144,
stec8,DF101,clean,153700.0,6.27,0.814,0.0163,
stec8,DF101,clean,153700.0,7.29,0.896,0.0182,
stec8,DF101,clean,153700.0,8.31,0.974,0.0204,
stec8,DF101,clean,153700.0,9.32,1.049,0.0217,
stec8,DF101,clean,153700.0,10.33,1.11,0.0238,
stec8,DF101,clean,153700.0,11.34,1.141,0.0273,
stec8,DF101,clean,153700.0,12.34,1.131,0.0333,
stec8,DF101,clean,153700.0,13.34,1.101,0.042,
stec8,DF101,clean,201400.0,-5.99,-0.395,0.0152,
stec8,DF101,clean,201400.0,-4.97,-0.265,0.0126,
stec8,DF101,clean,201400.0,-3.93,-0.149,0.0102,
stec8,DF101,clean,201400.0,-2.92,-0.05,0.0105,
stec8,DF101,clean,201400.0,-1.89,0.04,0.01,
stec8,DF101,clean,201400.0,-0.88,0.135,0.0093,
stec8,DF101,clean,201400.0,0.15,0.283,0.0092,
stec8,DF101,clean,201400.0,1.18,0.379,0.0096,
stec8,DF101,clean,201400.0,2.2,0.473,0.0103,
stec8,DF101,clean,201400.0,3.22,0.564,0.0107,
stec8,DF101,clean,201400.0,4.24,0.651,0.0123,
stec8,DF101,clean,201400.0,5.25,0.737,0.0139,
stec8,DF101,clean,201400.0,6.26,0.819,0.0152,
stec8,DF101,clean,201400.0,7.29,0.9,0.017,
stec8,DF101,clean,201400.0,8.3,0.98,0.0188,
stec8,DF101,clean,201400.0,9.32,1.055,0.0201,
stec8,DF101,clean,201400.0,10.33,1.112,0.0228,
stec8,DF101,clean,201400.0,11.34,1.143,0.0275,
stec8,DF101,clean,201400.0,12.34,1.134,0.0335,
stec8,DF101,clean,201400.0,13.31,1.106,0.0418,
stec8,DF101,clean,201400.0,14.31,1.06,0.0603,
stec8,DF101,clean,305500.0,-6.0,-0.351,0.0145,
stec8,DF101,clean,305500.0,-4.96,-0.238,0.0118,
stec8,DF101,clean,305500.0,-3.94,-0.145,0.0106,
stec8,DF101,clean,305500.0,-2.93,-0.055,0.0101,
stec8,DF101,clean,305500.0,-1.9,0.037,0.0094,
stec8,DF101,clean,305500.0,-0.88,0.132,0.0086,
stec8,DF101,clean,305500.0,0.14,0.235,0.0078,
stec8,DF101,clean,305500.0,1.17,0.38,0.0083,
stec8,DF101,clean,305500.0,2.19,0.474,0.0089,
stec8,DF101,clean,305500.0,3.21,0.562,0.0099,
stec8,DF101,clean,305500.0,4.24,0.649,0.011,
stec8,DF101,clean,305500.0,5.25,0.731,0.0123,
stec8,DF101,clean,305500.0,6.26,0.815,0.0136,
stec8,DF101,clean,305500.0,7.29,0.896,0.0147,
stec8,DF101,clean,305500.0,8.31,0.976,0.0162,
stec8,DF101,clean,305500.0,9.31,1.048,0.0177,
stec8,DF101,clean,305500.0,10.34,1.104,0.0201,
stec8,DF102,clean,59100.0,-3.98,-0.323,0.0214,
stec8,DF102,clean,59100.0,-2.96,-0.245,0.0196,
stec8,DF102,clean,59100.0,-1.93,-0.135,0.0204,
stec8,DF102,clean,59100.0,-0.93,-0.022,0.0214,
stec8,DF102,clean,59100.0,0.12,0.156,0.0227,
stec8,DF102,clean,59100.0,1.15,0.338,0.0231,
stec8,DF102,clean,59100.0,2.18,0.45,0.0219,
stec8,DF102,clean,59100.0,3.19,0.505,0.0223,
stec8,DF102,clean,59100.0,4.22,0.598,0.0195,
stec8,DF102,clean,59100.0,5.23,0.679,0.0242,
stec8,DF102,clean,59100.0,6.25,0.759,0.0322,
stec8,DF102,clean,59100.0,7.27,0.826,0.0395,
stec8,DF102,clean,59100.0,8.28,0.872,0.0456,
stec8,DF102,clean,59100.0,9.27,0.882,0.0455,
stec8,DF102,clean,59100.0,10.25,0.767,0.1178,
stec8,DF102,clean,100200.0,-3.97,-0.294,0.0178,
stec8,DF102,clean,100200.0,-2.95,-0.181,0.0169,
stec8,DF102,clean,100200.0,-1.92,-0.047,0.0155,
stec8,DF102,clean,100200.0,-0.89,0.136,0.0131,
stec8,DF102,clean,100200.0,0.13,0.26,0.0144,
stec8,DF102,clean,100200.0,1.16,0.354,0.0146,
stec8,DF102,clean,100200.0,2.18,0.44,0.0148,
stec8,DF102,clean,100200.0,3.2,0.524,0.0149,
stec8,DF102,clean,100200.0,4.23,0.613,0.016,
stec8,DF102,clean,100200.0,5.22,0.688,0.0177,
stec8,DF102,clean,100200.0,6.26,0.766,0.0211,
stec8,DF102,clean,100200.0,7.26,0.841,0.0242,
stec8,DF102,clean,100200.0,8.28,0.908,0.0284,
stec8,DF102,clean,100200.0,9.29,0.973,0.0307,
stec8,DF102,clean,100200.0,10.32,1.027,0.0401,
stec8,DF102,clean,100200.0,11.31,0.938,0.0826,
stec8,DF102,clean,149100.0,-3.95,-0.235,0.0156,
stec8,DF102,clean,149100.0,-2.43,-0.053,0.0127,
stec8,DF102,clean,149100.0,-0.89,0.115,0.0118,
stec8,DF102,clean,149100.0,0.65,0.295,0.0119,
stec8,DF102,clean,149100.0,2.17,0.435,0.0122,
stec8,DF102,clean,149100.0,3.7,0.571,0.0128,
stec8,DF102,clean,149100.0,5.24,0.691,0.016,
stec8,DF102,clean,149100.0,6.76,0.808,0.0193,
stec8,DF102,clean,149100.0,8.29,0.923,0.0248,
stec8,DF102,clean,149100.0,9.81,1.029,0.0294,
stec8,DF102,clean,149100.0,11.32,1.126,0.0327,
stec8,DF102,clean,149100.0,12.84,1.202,0.0393,
stec8,DF102,clean,149100.0,14.35,1.214,0.0471,
stec8,DF102,clean,200900.0,-3.97,-0.193,0.0129,
stec8,DF102,clean,200900.0,-2.96,-0.097,0.0114,
stec8,DF102,clean,200900.0,-1.93,-0.008,0.0109,
stec8,DF102,clean,200900.0,-0.91,0.079,0.0102,
stec8,DF102,clean,200900.0,0.13,0.229,0.0095,
stec8,DF102,clean,200900.0,1.16,0.338,0.0098,
stec8,DF102,clean,200900.0,2.17,0.435,0.0105,
stec8,DF102,clean,200900.0,3.19,0.526,0.0111,
stec8,DF102,clean,200900.0,4.22,0.612,0.0132,
stec8,DF102,clean,200900.0,5.23,0.695,0.0147,
stec8,DF102,clean,200900.0,6.26,0.777,0.0165,
stec8,DF102,clean,200900.0,7.27,0.855,0.0189,
stec8,DF102,clean,200900.0,8.28,0.932,0.0209,
stec8,DF102,clean,200900.0,9.31,1.008,0.0238,
stec8,DF102,clean,200900.0,10.32,1.079,0.026,
stec8,DF102,clean,200900.0,11.34,1.144,0.0282,
stec8,DF102,clean,200900.0,12.34,1.201,0.0316,
stec8,DF102,clean,200900.0,13.35,1.237,0.0383,
stec8,DF102,clean,200900.0,14.34,1.226,0.0547,
stec8,DF102,clean,200900.0,15.33,1.176,0.0462,
stec8,DF102,clean,300900.0,-4.03,-0.197,0.0107,
stec8,DF102,clean,300900.0,-2.97,-0.107,0.0105,
stec8,DF102,clean,300900.0,-1.93,-0.018,0.0095,
stec8,DF102,clean,300900.0,-0.91,0.076,0.0091,
stec8,DF102,clean,300900.0,0.12,0.171,0.0083,
stec8,DF102,clean,300900.0,1.12,0.325,0.0085,
stec8,DF102,clean,300900.0,2.16,0.434,0.0091,
stec8,DF102,clean,300900.0,3.18,0.525,0.0103,
stec8,DF102,clean,300900.0,4.21,0.613,0.012,
stec8,DF102,clean,300900.0,5.24,0.699,0.0135,
stec8,DF102,clean,300900.0,6.24,0.78,0.0148,
stec8,DF102,clean,300900.0,7.27,0.861,0.016,
stec8,DF102,clean,300900.0,8.28,0.939,0.0176,
stec8,DF102,clean,300900.0,9.31,1.016,0.019,
stec8,DF102,clean,300900.0,10.31,1.088,0.0208,
stec8,DF102,clean,300900.0,11.34,1.154,0.0232,
stec8,DF102,clean,300900.0,12.34,1.213,0.026,
stec8,DF102,clean,300900.0,13.35,1.243,0.0326,
stec8,DF102,clean,300900.0,14.35,1.232,0.0488,
stec8,DF103,clean,62500.0,-2.98,-0.264,0.0184,
stec8,DF103,clean,62500.0,-1.43,-0.121,0.0194,
stec8,DF103,clean,62500.0,0.09,0.137,0.0205,
stec8,DF103,clean,62500.0,1.66,0.306,0.0204,
stec8,DF103,clean,62500.0,3.19,0.424,0.0203,
stec8,DF103,clean,62500.0,4.71,0.556,0.0216,
stec8,DF103,clean,62500.0,6.22,0.649,0.0206,
stec8,DF103,clean,62500.0,7.77,0.786,0.027,
stec8,DF103,clean,62500.0,9.27,0.856,0.0267,
stec8,DF103,clean,62500.0,10.77,0.888,0.0347,
stec8,DF103,clean,99700.0,-2.94,-0.156,0.0143,
stec8,DF103,clean,99700.0,-1.41,0.064,0.0133,
stec8,DF103,clean,99700.0,0.13,0.248,0.014,
stec8,DF103,clean,99700.0,1.66,0.381,0.0147,
stec8,DF103,clean,99700.0,3.18,0.512,0.0161,
stec8,DF103,clean,99700.0,4.73,0.645,0.0188,
stec8,DF103,clean,99700.0,6.23,0.763,0.0196,
stec8,DF103,clean,99700.0,7.76,0.863,0.0226,
stec8,DF103,clean,99700.0,9.29,0.926,0.0293,
stec8,DF103,clean,99700.0,10.79,0.961,0.0424,
stec8,DF103,clean,99700.0,12.3,0.962,0.0547,
stec8,DF103,clean,148500.0,-2.94,-0.096,0.013,
stec8,DF103,clean,148500.0,-1.42,0.046,0.0119,
stec8,DF103,clean,148500.0,0.13,0.234,0.0109,
stec8,DF103,clean,148500.0,1.67,0.373,0.0122,
stec8,DF103,clean,148500.0,3.21,0.515,0.0125,
stec8,DF103,clean,148500.0,4.74,0.651,0.0147,
stec8,DF103,clean,148500.0,6.23,0.771,0.017,
stec8,DF103,clean,148500.0,7.77,0.86,0.0198,
stec8,DF103,clean,148500.0,9.27,0.924,0.0266,
stec8,DF103,clean,148500.0,10.8,0.96,0.0374,
stec8,DF103,clean,203200.0,-2.95,-0.111,0.0118,
stec8,DF103,clean,203200.0,-1.43,0.021,0.0102,
stec8,DF103,clean,203200.0,0.14,0.218,0.0096,
stec8,DF103,clean,203200.0,1.67,0.372,0.01,
stec8,DF103,clean,203200.0,3.18,0.516,0.0109,
stec8,DF103,clean,203200.0,4.72,0.657,0.0127,
stec8,DF103,clean,203200.0,6.26,0.775,0.0149,
stec8,DF103,clean,203200.0,7.77,0.858,0.0183,
stec8,DF103,clean,203200.0,9.27,0.923,0.0253,
stec8,DF103,clean,203200.0,10.8,0.959,0.0358,
stec8,DF103,clean,203200.0,12.28,0.965,0.0586,
stec8,DF103,clean,304800.0,-1.98,-0.03,0.0096,
stec8,DF103,clean,304800.0,-0.44,0.109,0.0083,
stec8,DF103,clean,304800.0,1.12,0.314,0.0082,
stec8,DF103,clean,304800.0,2.69,0.477,0.0091,
stec8,DF103,clean,304800.0,4.21,0.618,0.0102,
stec8,DF103,clean,304800.0,5.74,0.74,0.012,
stec8,DF103,clean,304800.0,7.25,0.828,0.0158,
stec8,DF103,clean,304800.0,8.78,0.906,0.0208,
stec8,DF103,clean,304800.0,10.29,0.96,0.0285,
stec8,DF103,clean,304800.0,11.79,0.991,0.0489,
stec8,DF103,clean,304800.0,13.29,1.018,0.0894,
stec8,E193,clean,60200.0,-3.95,-0.202,0.031,
stec8,E193,clean,60200.0,-2.93,-0.079,0.0236,
stec8,E193,clean,60200.0,-1.9,0.063,0.0196,
stec8,E193,clean,60200.0,-0.87,0.211,0.0172,
stec8,E193,clean,60200.0,0.16,0.324,0.0197,
stec8,E193,clean,60200.0,1.19,0.414,0.0242,
stec8,E193,clean,60200.0,2.2,0.501,0.0265,
stec8,E193,clean,60200.0,3.21,0.583,0.0292,
stec8,E193,clean,60200.0,4.23,0.629,0.0402,
stec8,E193,clean,60200.0,5.25,0.741,0.0415,
stec8,E193,clean,60200.0,6.29,0.868,0.0388,
stec8,E193,clean,60200.0,7.3,0.972,0.0334,
stec8,E193,clean,60200.0,8.33,1.062,0.0279,
stec8,E193,clean,60200.0,9.33,1.111,0.0282,
stec8,E193,clean,60200.0,10.34,1.121,0.0339,
stec8,E193,clean,60200.0,11.33,1.128,0.047,
stec8,E193,clean,60200.0,12.34,1.126,0.056,
stec8,E193,clean,60200.0,13.32,1.047,0.0539,
stec8,E193,clean,97500.0,-3.95,-0.125,0.0197,
stec8,E193,clean,97500.0,-2.91,0.004,0.0168,
stec8,E193,clean,97500.0,-1.88,0.104,0.0138,
stec8,E193,clean,97500.0,-0.87,0.223,0.0134,
stec8,E193,clean,97500.0,0.14,0.317,0.0141,
stec8,E193,clean,97500.0,1.19,0.412,0.0161,
stec8,E193,clean,97500.0,2.2,0.506,0.019,
stec8,E193,clean,97500.0,3.21,0.599,0.021,
stec8,E193,clean,97500.0,4.23,0.687,0.0226,
stec8,E193,clean,97500.0,5.26,0.78,0.0234,
stec8,E193,clean,97500.0,6.28,0.876,0.0217,
stec8,E193,clean,97500.0,7.3,0.972,0.0222,
stec8,E193,clean,97500.0,8.33,1.063,0.0216,
stec8,E193,clean,97500.0,9.32,1.11,0.0231,
stec8,E193,clean,97500.0,10.34,1.119,0.0334,
stec8,E193,clean,97500.0,11.34,1.125,0.0402,
stec8,E193,clean,97500.0,12.34,1.121,0.0519,
stec8,E193,clean,204200.0,-3.94,-0.106,0.0148,
stec8,E193,clean,204200.0,-2.95,-0.017,0.0129,
stec8,E193,clean,204200.0,-1.89,0.085,0.0123,
stec8,E193,clean,204200.0,-0.88,0.179,0.0106,
stec8,E193,clean,204200.0,0.15,0.298,0.01,
stec8,E193,clean,204200.0,1.18,0.401,0.0107,
stec8,E193,clean,204200.0,2.19,0.505,0.0112,
stec8,E193,clean,204200.0,3.22,0.608,0.0122,
stec8,E193,clean,204200.0,4.24,0.706,0.0127,
stec8,E193,clean,204200.0,5.26,0.803,0.0134,
stec8,E193,clean,204200.0,6.28,0.898,0.0133,
stec8,E193,clean,204200.0,7.31,0.98,0.0147,
stec8,E193,clean,204200.0,8.31,1.04,0.0177,
stec8,E193,clean,204200.0,9.31,1.081,0.0221,
stec8,E193,clean,204200.0,10.33,1.103,0.0282,
stec8,E193,clean,204200.0,11.34,1.104,0.0326,
stec8,E193,clean,204200.0,12.33,1.1,0.0382,
stec8,E193,clean,303100.0,-2.92,-0.006,0.0115,
stec8,E193,clean,303100.0,-1.89,0.097,0.0107,
stec8,E193,clean,303100.0,-0.88,0.198,0.0097,
stec8,E193,clean,303100.0,0.15,0.315,0.0085,
stec8,E193,clean,303100.0,1.16,0.416,0.0088,
stec8,E193,clean,303100.0,2.19,0.514,0.0092,
stec8,E193,clean,303100.0,3.2,0.616,0.0097,
stec8,E193,clean,303100.0,4.24,0.715,0.0107,
stec8,E193,clean,303100.0,5.25,0.811,0.0112,
stec8,E193 MODIFIED,clean,100300.0,-2.93,0.069,0.0192,
stec8,E193 MODIFIED,clean,100300.0,-0.87,0.262,0.018,
stec8,E193 MODIFIED,clean,100300.0,0.15,0.364,0.0179,
stec8,E193 MODIFIED,clean,100300.0,2.2,0.555,0.0206,
stec8,E193 MODIFIED,clean,100300.0,4.24,0.745,0.0231,
stec8,E193 MODIFIED,clean,100300.0,6.29,0.944,0.0228,
stec8,E193 MODIFIED,clean,100300.0,7.32,1.045,0.0219,
stec8,E193 MODIFIED,clean,100300.0,8.33,1.133,0.0209,
stec8,E193 MODIFIED,clean,100300.0,9.35,1.21,0.0227,
stec8,E193 MODIFIED,clean,100300.0,10.35,1.238,0.0232,
stec8,E193 MODIFIED,clean,149400.0,-2.89,0.09,0.0143,
stec8,E193 MODIFIED,clean,149400.0,-0.85,0.277,0.0128,
stec8,E193 MODIFIED,clean,149400.0,0.18,0.388,0.0131,
stec8,E193 MODIFIED,clean,149400.0,2.22,0.594,0.0146,
stec8,E193 MODIFIED,clean,149400.0,4.26,0.795,0.0157,
stec8,E193 MODIFIED,clean,149400.0,6.3,0.985,0.0174,
stec8,E193 MODIFIED,clean,149400.0,7.31,1.078,0.0178,
stec8,E193 MODIFIED,clean,149400.0,8.34,1.164,0.0201,
stec8,E193 MODIFIED,clean,149400.0,9.36,1.203,0.026,
stec8,E193 MODIFIED,clean,149400.0,10.34,1.219,0.0348,
stec8,E193 MODIFIED,clean,207900.0,-9.03,-0.41,0.1195,
stec8,E193 MODIFIED,clean,207900.0,-8.0,-0.366,0.0932,
stec8,E193 MODIFIED,clean,207900.0,-6.97,-0.264,0.0414,
stec8,E193 MODIFIED,clean,207900.0,-5.97,-0.188,0.0194,
stec8,E193 MODIFIED,clean,207900.0,-5.03,-0.111,0.016,
stec8,E193 MODIFIED,clean,207900.0,-3.94,-0.013,0.0137,
stec8,E193 MODIFIED,clean,207900.0,-2.89,0.082,0.0122,
stec8,E193 MODIFIED,clean,207900.0,-1.88,0.181,0.0115,
stec8,E193 MODIFIED,clean,207900.0,-0.86,0.283,0.0102,
stec8,E193 MODIFIED,clean,207900.0,0.15,0.392,0.0099,
stec8,E193 MODIFIED,clean,207900.0,1.2,0.502,0.0101,
stec8,E193 MODIFIED,clean,207900.0,2.2,0.606,0.0105,
stec8,E193 MODIFIED,clean,207900.0,3.23,0.71,0.012,
stec8,E193 MODIFIED,clean,207900.0,4.26,0.811,0.0127,
stec8,E193 MODIFIED,clean,207900.0,5.28,0.908,0.0135,
stec8,E193 MODIFIED,clean,207900.0,6.31,1.003,0.0141,
stec8,E193 MODIFIED,clean,207900.0,7.33,1.09,0.0158,
stec8,E193 MODIFIED,clean,207900.0,8.33,1.155,0.0179,
stec8,E193 MODIFIED,clean,207900.0,9.33,1.185,0.0231,
stec8,E193 MODIFIED,clean,207900.0,10.34,1.205,0.0287,
stec8,E193 MODIFIED,clean,207900.0,11.34,1.208,0.0338,
stec8,E193 MODIFIED,clean,307800.0,-2.91,0.09,0.0111,
stec8,E193 MODIFIED,clean,307800.0,-1.89,0.192,0.0104,
stec8,E193 MODIFIED,clean,307800.0,-0.89,0.295,0.0093,
stec8,E193 MODIFIED,clean,307800.0,0.13,0.397,0.0084,
stec8,E193 MODIFIED,clean,307800.0,1.17,0.514,0.0085,
stec8,E193 MODIFIED,clean,307800.0,2.2,0.619,0.0092,
stec8,E193 MODIFIED,clean,307800.0,3.24,0.72,0.0097,
stec8,E193 MODIFIED,clean,307800.0,4.25,0.817,0.0107,
stec8,E193 MODIFIED,clean,307800.0,5.28,0.914,0.0116,
stec8,E193 MODIFIED,clean,307800.0,6.3,1.004,0.0127,
stec8,E193 MODIFIED,clean,307800.0,7.31,1.081,0.0138,
stec8,E193 MODIFIED,clean,307800.0,8.32,1.135,0.0166,
stec8,E193 MODIFIED,clean,307800.0,9.34,1.164,0.0222,
stec8,E193 MODIFIED,clean,307800.0,10.35,1.186,0.027,
stec8,E193 MODIFIED,clean,307800.0,11.34,1.199,0.0317,
stec8,E193 MODIFIED,clean,307800.0,12.34,1.212,0.0312,
stec8,E205A,clean,59800.0,-3.96,-0.22,0.0241,
stec8,E205A,clean,59800.0,-2.92,-0.101,0.0207,
stec8,E205A,clean,59800.0,-1.9,0.08,0.0166,
stec8,E205A,clean,59800.0,-0.85,0.207,0.017,
stec8,E205A,clean,59800.0,0.16,0.294,0.0208,
stec8,E205A,clean,59800.0,1.17,0.373,0.0247,
stec8,E205A,clean,59800.0,2.18,0.449,0.0277,
stec8,E205A,clean,59800.0,3.21,0.524,0.0291,
stec8,E205A,clean,59800.0,4.22,0.598,0.034,
stec8,E205A,clean,59800.0,5.24,0.665,0.0377,
stec8,E205A,clean,59800.0,6.25,0.727,0.043,
stec8,E205A,clean,59800.0,7.28,0.83,0.0389,
stec8,E205A,clean,59800.0,8.29,0.915,0.0323,
stec8,E205A,clean,59800.0,9.31,0.987,0.0289,
stec8,E205A,clean,59800.0,10.32,1.021,0.0289,
stec8,E205A,clean,59800.0,11.32,1.034,0.0354,
stec8,E205A,clean,99500.0,-3.93,-0.144,0.0198,
stec8,E205A,clean,99500.0,-2.92,-0.019,0.0156,
stec8,E205A,clean,99500.0,-1.88,0.098,0.0139,
stec8,E205A,clean,99500.0,-0.86,0.197,0.0144,
stec8,E205A,clean,99500.0,0.16,0.289,0.0154,
stec8,E205A,clean,99500.0,1.18,0.38,0.0177,
stec8,E205A,clean,99500.0,2.2,0.468,0.0195,
stec8,E205A,clean,99500.0,3.21,0.557,0.021,
stec8,E205A,clean,99500.0,4.23,0.645,0.0217,
stec8,E205A,clean,99500.0,5.25,0.732,0.0228,
stec8,E205A,clean,99500.0,6.27,0.821,0.0226,
stec8,E205A,clean,99500.0,7.29,0.911,0.0225,
stec8,E205A,clean,99500.0,8.32,0.993,0.0223,
stec8,E205A,clean,99500.0,9.32,1.047,0.0242,
stec8,E205A,clean,99500.0,10.33,1.074,0.0288,
stec8,E205A,clean,99500.0,11.32,1.083,0.0333,
stec8,E205A,clean,150600.0,-1.9,0.048,0.0126,
stec8,E205A,clean,150600.0,-0.86,0.18,0.011,
stec8,E205A,clean,150600.0,0.15,0.276,0.0114,
stec8,E205A,clean,150600.0,1.16,0.372,0.0123,
stec8,E205A,clean,150600.0,3.22,0.564,0.0149,
stec8,E205A,clean,150600.0,5.25,0.75,0.0157,
stec8,E205A,clean,150600.0,7.3,0.93,0.0173,
stec8,E205A,clean,150600.0,8.31,0.996,0.0185,
stec8,E205A,clean,150600.0,9.33,1.045,0.022,
stec8,E205A,clean,150600.0,10.33,1.076,0.0259,
stec8,E205A,clean,150600.0,11.32,1.076,0.0281,
stec8,E205A,clean,202100.0,-4.98,-0.265,0.0195,
stec8,E205A,clean,202100.0,-3.94,-0.161,0.0154,
stec8,E205A,clean,202100.0,-2.92,-0.072,0.0129,
stec8,E205A,clean,202100.0,-1.89,0.024,0.0116,
stec8,E205A,clean,202100.0,-0.9,0.12,0.0108,
stec8,E205A,clean,202100.0,0.15,0.258,0.0098,
stec8,E205A,clean,202100.0,1.16,0.357,0.0106,
stec8,E205A,clean,202100.0,2.19,0.455,0.0109,
stec8,E205A,clean,202100.0,3.2,0.551,0.0119,
stec8,E205A,clean,202100.0,4.24,0.65,0.0128,
stec8,E205A,clean,202100.0,5.26,0.743,0.0131,
stec8,E205A,clean,202100.0,6.27,0.838,0.0135,
stec8,E205A,clean,202100.0,7.3,0.927,0.0143,
stec8,E205A,clean,202100.0,8.3,0.995,0.0161,
stec8,E205A,clean,202100.0,9.31,1.05,0.0192,
stec8,E205A,clean,202100.0,10.32,1.088,0.023,
stec8,E205A,clean,202100.0,11.34,1.09,0.0256,
stec8,E205A,clean,202100.0,12.31,1.081,0.0278,
stec8,E205A,clean,301800.0,-1.92,0.019,0.0109,
stec8,E205A,clean,301800.0,-0.88,0.117,0.0101,
stec8,E205A,clean,301800.0,0.14,0.244,0.0084,
stec8,E205A,clean,301800.0,1.16,0.357,0.0091,
stec8,E205A,clean,301800.0,2.19,0.457,0.0093,
stec8,E205A,clean,301800.0,3.21,0.555,0.0099,
stec8,E205A,clean,301800.0,4.22,0.652,0.0103,
stec8,E205A,clean,301800.0,5.25,0.748,0.0112,
stec8,E205A,clean,301800.0,6.27,0.84,0.0118,
stec8,E205A,clean,301800.0,7.28,0.916,0.0133,
stec8,E205A,clean,301800.0,8.31,0.979,0.016,
stec8,E205B,clean,63600.0,-4.94,-0.193,0.0252,
stec8,E205B,clean,63600.0,-3.94,-0.108,0.0186,
stec8,E205B,clean,63600.0,-2.92,0.014,0.0152,
stec8,E205B,clean,63600.0,-1.88,0.154,0.0126,
stec8,E205B,clean,63600.0,-0.84,0.279,0.0185,
stec8,E205B,clean,63600.0,0.16,0.372,0.0225,
stec8,E205B,clean,63600.0,1.18,0.456,0.0248,
stec8,E205B,clean,63600.0,2.21,0.532,0.0277,
stec8,E205B,clean,63600.0,3.22,0.625,0.0336,
stec8,E205B,clean,63600.0,4.24,0.718,0.0324,
stec8,E205B,clean,63600.0,5.26,0.809,0.03,
stec8,E205B,clean,63600.0,6.28,0.882,0.0302,
stec8,E205B,clean,63600.0,7.29,0.967,0.0287,
stec8,E205B,clean,63600.0,8.32,1.031,0.0267,
stec8,E205B,clean,63600.0,9.32,1.054,0.028,
stec8,E205B,clean,63600.0,10.33,1.061,0.0456,
stec8,E205B,clean,105200.0,-5.99,-0.282,0.0277,
stec8,E205B,clean,105200.0,-4.95,-0.172,0.02,
stec8,E205B,clean,105200.0,-3.91,-0.041,0.0154,
stec8,E205B,clean,105200.0,-2.89,0.082,0.0136,
stec8,E205B,clean,105200.0,-1.87,0.194,0.0135,
stec8,E205B,clean,105200.0,-0.85,0.294,0.0162,
stec8,E205B,clean,105200.0,0.17,0.378,0.0171,
stec8,E205B,clean,105200.0,1.19,0.464,0.019,
stec8,E205B,clean,105200.0,2.22,0.563,0.0195,
stec8,E205B,clean,105200.0,3.23,0.651,0.0207,
stec8,E205B,clean,105200.0,4.25,0.736,0.0205,
stec8,E205B,clean,105200.0,5.28,0.817,0.0219,
stec8,E205B,clean,105200.0,6.28,0.912,0.021,
stec8,E205B,clean,105200.0,7.31,1.005,0.021,
stec8,E205B,clean,105200.0,8.31,1.049,0.0258,
stec8,E205B,clean,105200.0,9.31,1.059,0.0343,
stec8,E205B,clean,151100.0,-6.0,-0.261,0.0235,
stec8,E205B,clean,151100.0,-4.94,-0.137,0.0181,
stec8,E205B,clean,151100.0,-3.92,-0.018,0.0138,
stec8,E205B,clean,151100.0,-2.89,0.07,0.0118,
stec8,E205B,clean,151100.0,-1.88,0.16,0.0099,
stec8,E205B,clean,151100.0,-0.87,0.268,0.0104,
stec8,E205B,clean,151100.0,0.15,0.366,0.0117,
stec8,E205B,clean,151100.0,1.19,0.468,0.0134,
stec8,E205B,clean,151100.0,2.21,0.569,0.0148,
stec8,E205B,clean,151100.0,3.22,0.662,0.0158,
stec8,E205B,clean,151100.0,4.24,0.763,0.0166,
stec8,E205B,clean,151100.0,5.27,0.861,0.0171,
stec8,E205B,clean,151100.0,6.3,0.956,0.0175,
stec8,E205B,clean,151100.0,7.3,1.027,0.0192,
stec8,E205B,clean,151100.0,8.33,1.065,0.0275,
stec8,E205B,clean,151100.0,9.33,1.082,0.0338,
stec8,E205B,clean,151100.0,10.32,1.076,0.0584,
stec8,E205B,clean,206600.0,-4.95,-0.131,0.0149,
stec8,E205B,clean,206600.0,-3.91,-0.031,0.0127,
stec8,E205B,clean,206600.0,-2.91,0.061,0.0108,
stec8,E205B,clean,206600.0,-1.88,0.149,0.0093,
stec8,E205B,clean,206600.0,-0.87,0.258,0.0092,
stec8,E205B,clean,206600.0,0.15,0.361,0.0098,
stec8,E205B,clean,206600.0,1.19,0.467,0.0111,
stec8,E205B,clean,206600.0,2.2,0.57,0.012,
stec8,E205B,clean,206600.0,3.24,0.675,0.0132,
stec8,E205B,clean,206600.0,4.24,0.775,0.0136,
stec8,E205B,clean,206600.0,5.28,0.875,0.0138,
stec8,E205B,clean,206600.0,6.28,0.96,0.0145,
stec8,E205B,clean,206600.0,7.31,1.024,0.0175,
stec8,E205B,clean,206600.0,8.32,1.068,0.0242,
stec8,E205B,clean,206600.0,9.32,1.091,0.0313,
stec8,E205B,clean,206600.0,10.32,1.088,0.0439,
stec8,E205B,clean,206600.0,11.31,1.081,0.0588,
stec8,E205B,clean,304300.0,-5.98,-0.221,0.0171,
stec8,E205B,clean,304300.0,-4.95,-0.129,0.0136,
stec8,E205B,clean,304300.0,-3.95,-0.04,0.012,
stec8,E205B,clean,304300.0,-2.92,0.051,0.0106,
stec8,E205B,clean,304300.0,-1.9,0.156,0.0095,
stec8,E205B,clean,304300.0,-0.86,0.255,0.0081,
stec8,E205B,clean,304300.0,0.16,0.367,0.0082,
stec8,E205B,clean,304300.0,1.19,0.473,0.0089,
stec8,E205B,clean,304300.0,2.2,0.578,0.0094,
stec8,E205B,clean,304300.0,3.24,0.684,0.0104,
stec8,E205B,clean,304300.0,4.24,0.782,0.011,
stec8,E205B,clean,304300.0,5.28,0.877,0.0116,
stec8,E205B,clean,304300.0,6.28,0.957,0.0134,
stec8,E205B,clean,304300.0,7.3,1.017,0.0172,
stec8,E205B,clean,304300.0,8.31,1.068,0.0222,
stec8,E205B,clean,304300.0,9.33,1.099,0.028,
stec8,E205B,clean,304300.0,10.32,1.096,0.0463,
stec8,E205B,clean,304300.0,11.31,1.083,0.0758,
stec8,E205B,clean,304300.0,12.3,1.066,0.1016,
stec8,E214A,clean,101600.0,-7.0,-0.398,0.0727,
stec8,E214A,clean,101600.0,-5.99,-0.364,0.0582,
stec8,E214A,clean,101600.0,-4.97,-0.271,0.0369,
stec8,E214A,clean,101600.0,-3.95,-0.126,0.0293,
stec8,E214A,clean,101600.0,-2.91,0.006,0.0227,
stec8,E214A,clean,101600.0,-1.88,0.136,0.02,
stec8,E214A,clean,101600.0,-0.86,0.26,0.021,
stec8,E214A,clean,101600.0,0.17,0.392,0.0212,
stec8,E214A,clean,101600.0,1.2,0.523,0.0197,
stec8,E214A,clean,101600.0,2.23,0.636,0.0198,
stec8,E214A,clean,101600.0,3.25,0.734,0.0182,
stec8,E214A,clean,101600.0,4.26,0.828,0.02,
stec8,E214A,clean,101600.0,5.28,0.917,0.0196,
stec8,E214A,clean,101600.0,6.3,1.002,0.0209,
stec8,E214A,clean,101600.0,7.33,1.094,0.0201,
stec8,E214A,clean,101600.0,8.34,1.176,0.0227,
stec8,E214A,clean,101600.0,9.35,1.23,0.026,
stec8,E214A,clean,101600.0,10.35,1.247,0.0382,
stec8,E214A,clean,101600.0,11.37,1.255,0.0498,
stec8,E214A,clean,101600.0,12.37,1.247,0.0665,
stec8,E214A,clean,146700.0,-4.95,-0.109,0.0263,
stec8,E214A,clean,146700.0,-3.39,0.084,0.018,
stec8,E214A,clean,146700.0,-1.86,0.273,0.0139,
stec8,E214A,clean,146700.0,-0.34,0.417,0.012,
stec8,E214A,clean,146700.0,1.2,0.566,0.0122,
stec8,E214A,clean,146700.0,2.75,0.728,0.013,
stec8,E214A,clean,146700.0,4.27,0.882,0.0145,
stec8,E214A,clean,146700.0,5.79,1.025,0.0172,
stec8,E214A,clean,146700.0,7.33,1.163,0.0183,
stec8,E214A,clean,146700.0,8.86,1.264,0.0221,
stec8,E214A,clean,146700.0,10.37,1.305,0.0338,
stec8,E214A,clean,146700.0,11.86,1.303,0.0547,
stec8,E214A,clean,146700.0,13.36,1.267,0.0817,
stec8,E214A,clean,201800.0,-7.0,-0.35,0.0864,
stec8,E214A,clean,201800.0,-6.02,-0.209,0.0481,
stec8,E214A,clean,201800.0,-4.99,-0.06,0.0227,
stec8,E214A,clean,201800.0,-3.94,0.07,0.0175,
stec8,E214A,clean,201800.0,-2.88,0.193,0.0146,
stec8,E214A,clean,201800.0,-1.89,0.301,0.0116,
stec8,E214A,clean,201800.0,-0.84,0.407,0.0113,
stec8,E214A,clean,201800.0,0.16,0.505,0.0108,
stec8,E214A,clean,201800.0,1.16,0.6,0.0101,
stec8,E214A,clean,201800.0,2.13,0.696,0.0108,
stec8,E214A,clean,201800.0,3.24,0.806,0.0112,
stec8,E214A,clean,201800.0,4.23,0.899,0.0115,
stec8,E214A,clean,201800.0,5.29,0.997,0.0128,
stec8,E214A,clean,201800.0,6.3,1.087,0.0141,
stec8,E214A,clean,201800.0,7.3,1.169,0.0159,
stec8,E214A,clean,201800.0,8.34,1.235,0.0178,
stec8,E214A,clean,201800.0,9.36,1.278,0.0244,
stec8,E214A,clean,201800.0,10.36,1.301,0.0302,
stec8,E214A,clean,201800.0,11.37,1.305,0.0423,
stec8,E214A,clean,201800.0,12.38,1.291,0.0674,
stec8,E214A,clean,299000.0,-4.93,-0.029,0.0177,
stec8,E214A,clean,299000.0,-3.9,0.075,0.0133,
stec8,E214A,clean,299000.0,-2.89,0.176,0.0118,
stec8,E214A,clean,299000.0,-1.86,0.283,0.0106,
stec8,E214A,clean,299000.0,-0.84,0.392,0.009,
stec8,E214A,clean,299000.0,0.19,0.496,0.009,
stec8,E214A,clean,299000.0,1.19,0.594,0.0086,
stec8,E214A,clean,299000.0,2.23,0.692,0.0091,
stec8,E214A,clean,299000.0,3.25,0.795,0.0101,
stec8,E214A,clean,299000.0,4.26,0.893,0.011,
stec8,E214A,clean,299000.0,5.28,0.988,0.0123,
stec8,E214A,clean,299000.0,6.3,1.076,0.0133,
stec8,E214A,clean,299000.0,7.28,1.147,0.0151,
stec8,E214A,clean,299000.0,8.31,1.209,0.0179,
stec8,E214A,clean,299000.0,9.32,1.255,0.0233,
stec8,E214B,clean,59800.0,-5.98,-0.383,0.0763,
stec8,E214B,clean,59800.0,-4.97,-0.243,0.0435,
stec8,E214B,clean,59800.0,-3.94,-0.108,0.0327,
stec8,E214B,clean,59800.0,-2.9,0.01,0.0274,
stec8,E214B,clean,59800.0,-1.87,0.118,0.0235,
stec8,E214B,clean,59800.0,-0.86,0.199,0.0247,
stec8,E214B,clean,59800.0,0.16,0.327,0.0296,
stec8,E214B,clean,59800.0,1.19,0.493,0.0308,
stec8,E214B,clean,59800.0,2.22,0.567,0.0364,
stec8,E214B,clean,59800.0,3.23,0.672,0.0407,
stec8,E214B,clean,59800.0,4.27,0.844,0.038,
stec8,E214B,clean,59800.0,5.3,0.988,0.0345,
stec8,E214B,clean,59800.0,6.33,1.101,0.0319,
stec8,E214B,clean,59800.0,7.35,1.186,0.0289,
stec8,E214B,clean,59800.0,8.37,1.257,0.0306,
stec8,E214B,clean,59800.0,9.38,1.324,0.031,
stec8,E214B,clean,59800.0,10.39,1.344,0.0329,
stec8,E214B,clean,59800.0,11.38,1.318,0.0388,
stec8,E214B,clean,99300.0,-5.97,-0.342,0.0694,
stec8,E214B,clean,99300.0,-4.95,-0.182,0.0357,
stec8,E214B,clean,99300.0,-3.93,-0.045,0.0276,
stec8,E214B,clean,99300.0,-2.89,0.096,0.0216,
stec8,E214B,clean,99300.0,-1.86,0.238,0.0216,
stec8,E214B,clean,99300.0,-0.84,0.349,0.0226,
stec8,E214B,clean,99300.0,0.19,0.473,0.0207,
stec8,E214B,clean,99300.0,1.22,0.614,0.0207,
stec8,E214B,clean,99300.0,2.25,0.733,0.0214,
stec8,E214B,clean,99300.0,3.28,0.836,0.0208,
stec8,E214B,clean,99300.0,4.3,0.935,0.0211,
stec8,E214B,clean,99300.0,5.32,1.029,0.0211,
stec8,E214B,clean,99300.0,6.33,1.118,0.0207,
stec8,E214B,clean,99300.0,7.35,1.206,0.0206,
stec8,E214B,clean,99300.0,8.37,1.281,0.0226,
stec8,E214B,clean,99300.0,9.38,1.331,0.0266,
stec8,E214B,clean,99300.0,10.39,1.335,0.0366,
stec8,E214B,clean,99300.0,11.39,1.317,0.0461,
stec8,E214B,clean,202600.0,-5.96,-0.215,0.0421,
stec8,E214B,clean,202600.0,-5.01,-0.083,0.023,
stec8,E214B,clean,202600.0,-3.9,0.072,0.0172,
stec8,E214B,clean,202600.0,-2.88,0.219,0.0137,
stec8,E214B,clean,202600.0,-1.86,0.342,0.0112,
stec8,E214B,clean,202600.0,-0.84,0.444,0.0107,
stec8,E214B,clean,202600.0,0.19,0.541,0.0105,
stec8,E214B,clean,202600.0,1.2,0.622,0.0105,
stec8,E214B,clean,202600.0,2.24,0.735,0.0108,
stec8,E214B,clean,202600.0,3.26,0.836,0.0116,
stec8,E214B,clean,202600.0,4.27,0.931,0.0122,
stec8,E214B,clean,202600.0,5.29,1.026,0.0133,
stec8,E214B,clean,202600.0,6.32,1.112,0.0143,
stec8,E214B,clean,202600.0,7.34,1.178,0.0162,
stec8,E214B,clean,202600.0,8.35,1.232,0.0204,
stec8,E214B,clean,202600.0,9.36,1.271,0.0253,
stec8,E214B,clean,202600.0,10.36,1.276,0.0335,
stec8,E214B,clean,202600.0,11.37,1.27,0.0441,
stec8,E214B,clean,301800.0,-5.94,-0.067,0.02,
stec8,E214B,clean,301800.0,-4.89,0.057,0.0148,
stec8,E214B,clean,301800.0,-3.87,0.172,0.012,
stec8,E214B,clean,301800.0,-2.85,0.286,0.0098,
stec8,E214B,clean,301800.0,-1.82,0.392,0.0089,
stec8,E214B,clean,301800.0,-0.8,0.492,0.0087,
stec8,E214B,clean,301800.0,0.21,0.59,0.0089,
stec8,E214B,clean,301800.0,1.23,0.683,0.0095,
stec8,E214B,clean,301800.0,2.24,0.779,0.0098,
stec8,E214C F0,clean,59700.0,-3.92,-0.103,0.026,
stec8,E214C F0,clean,59700.0,-2.91,0.002,0.0251,
stec8,E214C F0,clean,59700.0,-1.89,0.086,0.021,
stec8,E214C F0,clean,59700.0,-0.87,0.194,0.0233,
stec8,E214C F0,clean,59700.0,0.16,0.321,0.0294,
stec8,E214C F0,clean,59700.0,1.19,0.46,0.0326,
stec8,E214C F0,clean,59700.0,2.2,0.516,0.0354,
stec8,E214C F0,clean,59700.0,3.23,0.623,0.037,
stec8,E214C F0,clean,59700.0,4.27,0.774,0.0369,
stec8,E214C F0,clean,59700.0,5.29,0.899,0.0344,
stec8,E214C F0,clean,59700.0,6.3,0.985,0.0316,
stec8,E214C F0,clean,59700.0,7.33,1.075,0.0296,
stec8,E214C F0,clean,59700.0,8.35,1.15,0.0271,
stec8,E214C F0,clean,59700.0,9.36,1.217,0.0288,
stec8,E214C F0,clean,59700.0,10.36,1.239,0.0335,
stec8,E214C F0,clean,59700.0,11.37,1.246,0.0421,
stec8,E214C F0,clean,59700.0,12.37,1.241,0.0569,
stec8,E214C F0,clean,59700.0,13.36,1.232,0.0598,
stec8,E214C F0,clean,59700.0,14.35,1.132,0.1175,
stec8,E214C F0,clean,100600.0,-3.93,-0.084,0.0256,
stec8,E214C F0,clean,100600.0,-2.89,0.062,0.0202,
stec8,E214C F0,clean,100600.0,-1.86,0.2,0.0208,
stec8,E214C F0,clean,100600.0,-0.84,0.321,0.0208,
stec8,E214C F0,clean,100600.0,0.18,0.433,0.0211,
stec8,E214C F0,clean,100600.0,1.22,0.553,0.0204,
stec8,E214C F0,clean,100600.0,2.23,0.668,0.0195,
stec8,E214C F0,clean,100600.0,3.24,0.779,0.019,
stec8,E214C F0,clean,100600.0,4.28,0.878,0.0199,
stec8,E214C F0,clean,100600.0,5.3,0.966,0.0203,
stec8,E214C F0,clean,100600.0,6.31,1.044,0.0213,
stec8,E214C F0,clean,100600.0,7.34,1.131,0.0207,
stec8,E214C F0,clean,100600.0,8.35,1.194,0.0214,
stec8,E214C F0,clean,100600.0,9.36,1.262,0.0233,
stec8,E214C F0,clean,100600.0,10.38,1.287,0.0305,
stec8,E214C F0,clean,100600.0,11.37,1.286,0.0407,
stec8,E214C F0,clean,100600.0,12.36,1.28,0.0485,
stec8,E214C F0,clean,100600.0,13.36,1.271,0.0561,
stec8,E214C F0,clean,100600.0,14.37,1.248,0.0783,
stec8,E214C F0,clean,151300.0,-4.95,-0.125,0.0278,
stec8,E214C F0,clean,151300.0,-3.92,0.002,0.0232,
stec8,E214C F0,clean,151300.0,-2.9,0.134,0.0194,
stec8,E214C F0,clean,151300.0,-1.88,0.289,0.0158,
stec8,E214C F0,clean,151300.0,-0.85,0.416,0.0148,
stec8,E214C F0,clean,151300.0,0.19,0.506,0.0128,
stec8,E214C F0,clean,151300.0,1.21,0.598,0.0123,
stec8,E214C F0,clean,151300.0,2.23,0.711,0.0125,
stec8,E214C F0,clean,151300.0,3.26,0.804,0.0143,
stec8,E214C F0,clean,151300.0,4.28,0.899,0.0145,
stec8,E214C F0,clean,151300.0,5.31,1.008,0.0153,
stec8,E214C F0,clean,151300.0,6.32,1.093,0.0157,
stec8,E214C F0,clean,151300.0,7.33,1.172,0.0167,
stec8,E214C F0,clean,151300.0,8.36,1.228,0.02,
stec8,E214C F0,clean,151300.0,9.36,1.271,0.0233,
stec8,E214C F0,clean,151300.0,10.37,1.287,0.0307,
stec8,E214C F0,clean,201700.0,-4.99,-0.105,0.0257,
stec8,E214C F0,clean,201700.0,-4.01,0.011,0.0204,
stec8,E214C F0,clean,201700.0,-2.97,0.171,0.0156,
stec8,E214C F0,clean,201700.0,-1.91,0.31,0.0123,
stec8,E214C F0,clean,201700.0,-0.91,0.415,0.0109,
stec8,E214C F0,clean,201700.0,0.12,0.515,0.0105,
stec8,E214C F0,clean,201700.0,1.17,0.607,0.0103,
stec8,E214C F0,clean,201700.0,2.17,0.705,0.0107,
stec8,E214C F0,clean,201700.0,3.21,0.809,0.0117,
stec8,E214C F0,clean,201700.0,4.26,0.908,0.0122,
stec8,E214C F0,clean,201700.0,5.28,1.003,0.0133,
stec8,E214C F0,clean,201700.0,6.3,1.089,0.0146,
stec8,E214C F0,clean,201700.0,7.32,1.16,0.0156,
stec8,E214C F0,clean,201700.0,8.35,1.217,0.0189,
stec8,E214C F0,clean,201700.0,9.36,1.258,0.0241,
stec8,E214C F0,clean,201700.0,10.37,1.272,0.0327,
stec8,E214C F0,clean,302800.0,-4.93,-0.008,0.017,
stec8,E214C F0,clean,302800.0,-3.89,0.114,0.0133,
stec8,E214C F0,clean,302800.0,-2.86,0.23,0.01,
stec8,E214C F0,clean,302800.0,-1.84,0.337,0.0086,
stec8,E214C F0,clean,302800.0,-0.82,0.44,0.0084,
stec8,E214C F0,clean,302800.0,0.21,0.538,0.0089,
stec8,E214C F0,clean,302800.0,1.23,0.634,0.0094,
stec8,E214C F0,clean,302800.0,2.24,0.729,0.0096,
stec8,E214C F0,clean,302800.0,3.27,0.829,0.0103,
stec8,E214C F0,clean,302800.0,4.27,0.921,0.0112,
stec8,E214C F0,clean,302800.0,5.28,1.011,0.0118,
stec8,E214C F0,clean,302800.0,6.31,1.095,0.0127,
stec8,E214C F0,clean,302800.0,7.3,1.16,0.0154,
stec8,E214C F0,clean,302800.0,8.27,1.22,0.0184,
stec8,E214C F0,clean,302800.0,9.27,1.261,0.0228,
stec8,"E214C F0, UST .020, .125, 20%",clean,97600.0,-3.93,-0.114,0.0291,
stec8,"E214C F0, UST .020, .125, 20%",clean,97600.0,-2.41,0.103,0.0217,
stec8,"E214C F0, UST .020, .125, 20%",clean,97600.0,-0.85,0.308,0.016,
stec8,"E214C F0, UST .020, .125, 20%",clean,97600.0,0.69,0.456,0.0135,
stec8,"E214C F0, UST .020, .125, 20%",clean,97600.0,2.21,0.612,0.014,
stec8,"E214C F0, UST .020, .125, 20%",clean,97600.0,3.75,0.765,0.0167,
stec8,"E214C F0, UST .020, .125, 20%",clean,97600.0,5.28,0.907,0.018,
stec8,"E214C F0, UST .020, .125, 20%",clean,97600.0,6.81,1.044,0.0184,
stec8,"E214C F0, UST .020, .125, 20%",clean,97600.0,8.34,1.161,0.0222,
stec8,"E214C F0, UST .020, .125, 20%",clean,97600.0,9.86,1.26,0.0261,
stec8,"E214C F0, UST .020, .125, 20%",clean,97600.0,11.34,1.248,0.0309,
stec8,"E214C F0, UST .020, .125, 20%",clean,97600.0,12.85,1.203,0.0555,
stec8,"E214C F0, UST .020, .125, 20%",clean,150200.0,-3.93,-0.06,0.0227,
stec8,"E214C F0, UST .020, .125, 20%",clean,150200.0,-2.38,0.144,0.0142,
stec8,"E214C F0, UST .020, .125, 20%",clean,150200.0,-0.85,0.313,0.0115,
stec8,"E214C F0, UST .020, .125, 20%",clean,150200.0,0.69,0.451,0.0111,
stec8,"E214C F0, UST .020, .125, 20%",clean,150200.0,2.21,0.609,0.0114,
stec8,"E214C F0, UST .020, .125, 20%",clean,150200.0,3.75,0.766,0.0134,
stec8,"E214C F0, UST .020, .125, 20%",clean,150200.0,5.29,0.911,0.0142,
stec8,"E214C F0, UST .020, .125, 20%",clean,150200.0,6.8,1.046,0.0156,
stec8,"E214C F0, UST .020, .125, 20%",clean,150200.0,8.34,1.167,0.0177,
stec8,"E214C F0, UST .020, .125, 20%",clean,150200.0,9.86,1.246,0.0228,
stec8,"E214C F0, UST .020, .125, 20%",clean,150200.0,11.37,1.261,0.0317,
stec8,"E214C F0, UST .020, .125, 20%",clean,199200.0,-3.96,-0.009,0.018,
stec8,"E214C F0, UST .020, .125, 20%",clean,199200.0,-2.42,0.166,0.0118,
stec8,"E214C F0, UST .020, .125, 20%",clean,199200.0,-0.86,0.325,0.0105,
stec8,"E214C F0, UST .020, .125, 20%",clean,199200.0,0.65,0.463,0.0102,
stec8,"E214C F0, UST .020, .125, 20%",clean,199200.0,2.2,0.614,0.0109,
stec8,"E214C F0, UST .020, .125, 20%",clean,199200.0,3.72,0.773,0.012,
stec8,"E214C F0, UST .020, .125, 20%",clean,199200.0,5.27,0.92,0.0139,
stec8,"E214C F0, UST .020, .125, 20%",clean,199200.0,6.81,1.058,0.0155,
stec8,"E214C F0, UST .020, .125, 20%",clean,199200.0,8.33,1.179,0.018,
stec8,"E214C F0, UST .020, .125, 20%",clean,199200.0,9.86,1.251,0.0263,
stec8,"E214C F0, UST .020, .125, 20%",clean,199200.0,11.36,1.256,0.0351,
stec8,"E214C F0, UST .020, .125, 20%",clean,199200.0,12.85,1.232,0.0494,
stec8,"E214C F0, UST .020, .125, 20%",clean,298800.0,-3.91,0.025,0.0139,
stec8,"E214C F0, UST .020, .125, 20%",clean,298800.0,-2.39,0.172,0.0117,
stec8,"E214C F0, UST .020, .125, 20%",clean,298800.0,-0.86,0.33,0.011,
stec8,"E214C F0, UST .020, .125, 20%",clean,298800.0,0.68,0.484,0.0108,
stec8,"E214C F0, UST .020, .125, 20%",clean,298800.0,2.2,0.626,0.0112,
stec8,"E214C F0, UST .020, .125, 20%",clean,298800.0,3.7,0.774,0.0124,
stec8,"E214C F0, UST .020, .125, 20%",clean,298800.0,5.24,0.923,0.0133,
stec8,"E214C F0, UST .020, .125, 20%",clean,298800.0,6.78,1.062,0.0151,
stec8,"E214C F0, UST .020, .125, 20%",clean,298800.0,8.32,1.184,0.0178,
stec8,"E214C F0, UST .020, .125, 20%",clean,298800.0,9.84,1.243,0.0257,
stec8,"E214C F0, UST .020, .125, 20%",clean,298800.0,11.36,1.254,0.04,
stec8,E214C NF3,clean,104200.0,-3.95,-0.196,0.0269,
stec8,E214C NF3,clean,104200.0,-2.93,-0.042,0.0198,
stec8,E214C NF3,clean,104200.0,-1.88,0.106,0.0162,
stec8,E214C NF3,clean,104200.0,-0.85,0.236,0.0147,
stec8,E214C NF3,clean,104200.0,0.17,0.345,0.0155,
stec8,E214C NF3,clean,104200.0,1.2,0.457,0.0157,
stec8,E214C NF3,clean,104200.0,2.2,0.565,0.0173,
stec8,E214C NF3,clean,104200.0,3.25,0.672,0.0187,
stec8,E214C NF3,clean,104200.0,4.25,0.771,0.0183,
stec8,E214C NF3,clean,104200.0,5.27,0.876,0.0206,
stec8,E214C NF3,clean,104200.0,6.3,0.978,0.021,
stec8,E214C NF3,clean,104200.0,7.31,1.077,0.0193,
stec8,E214C NF3,clean,104200.0,8.35,1.166,0.0207,
stec8,E214C NF3,clean,104200.0,9.36,1.237,0.022,
stec8,E214C NF3,clean,104200.0,10.35,1.267,0.0315,
stec8,E214C NF3,clean,149900.0,-2.89,0.05,0.0172,
stec8,E214C NF3,clean,149900.0,-0.84,0.278,0.0113,
stec8,E214C NF3,clean,149900.0,0.19,0.362,0.0115,
stec8,E214C NF3,clean,149900.0,1.18,0.462,0.012,
stec8,E214C NF3,clean,149900.0,3.23,0.666,0.0141,
stec8,E214C NF3,clean,149900.0,5.28,0.866,0.015,
stec8,E214C NF3,clean,149900.0,7.32,1.056,0.0164,
stec8,E214C NF3,clean,149900.0,9.36,1.195,0.0212,
stec8,E214C NF3,clean,149900.0,10.37,1.23,0.0281,
stec8,E214C NF3,clean,149900.0,11.36,1.23,0.0388,
stec8,E214C NF3,clean,149900.0,12.36,1.218,0.0545,
stec8,E214C NF3,clean,149900.0,13.36,1.21,0.0691,
stec8,E214C NF3,clean,198400.0,-6.01,-0.336,0.0561,
stec8,E214C NF3,clean,198400.0,-4.97,-0.202,0.0275,
stec8,E214C NF3,clean,198400.0,-3.95,-0.064,0.0189,
stec8,E214C NF3,clean,198400.0,-2.93,0.064,0.0145,
stec8,E214C NF3,clean,198400.0,-1.89,0.179,0.0109,
stec8,E214C NF3,clean,198400.0,-0.89,0.276,0.0106,
stec8,E214C NF3,clean,198400.0,0.15,0.369,0.0103,
stec8,E214C NF3,clean,198400.0,1.17,0.463,0.0103,
stec8,E214C NF3,clean,198400.0,2.2,0.573,0.0111,
stec8,E214C NF3,clean,198400.0,3.22,0.678,0.0117,
stec8,E214C NF3,clean,198400.0,4.25,0.781,0.012,
stec8,E214C NF3,clean,198400.0,5.28,0.88,0.0129,
stec8,E214C NF3,clean,198400.0,6.29,0.975,0.014,
stec8,E214C NF3,clean,198400.0,7.32,1.06,0.0149,
stec8,E214C NF3,clean,198400.0,8.34,1.131,0.0171,
stec8,E214C NF3,clean,198400.0,9.35,1.19,0.0203,
stec8,E214C NF3,clean,198400.0,10.36,1.223,0.0272,
stec8,E214C NF3,clean,303400.0,-5.99,-0.285,0.048,
stec8,E214C NF3,clean,303400.0,-4.96,-0.152,0.0186,
stec8,E214C NF3,clean,303400.0,-3.91,-0.029,0.0134,
stec8,E214C NF3,clean,303400.0,-2.89,0.083,0.0112,
stec8,E214C NF3,clean,303400.0,-1.85,0.188,0.0097,
stec8,E214C NF3,clean,303400.0,-0.85,0.291,0.0094,
stec8,E214C NF3,clean,303400.0,0.17,0.392,0.0091,
stec8,E214C NF3,clean,303400.0,1.19,0.489,0.0092,
stec8,E214C NF3,clean,303400.0,2.21,0.588,0.0091,
stec8,E214C NF3,clean,303400.0,3.24,0.692,0.0097,
stec8,E214C NF3,clean,303400.0,4.24,0.79,0.0102,
stec8,E214C NF6,clean,100600.0,-3.98,-0.283,0.0317,
stec8,E214C NF6,clean,100600.0,-2.44,-0.082,0.0221,
stec8,E214C NF6,clean,100600.0,-0.9,0.105,0.0146,
stec8,E214C NF6,clean,100600.0,0.64,0.273,0.0155,
stec8,E214C NF6,clean,100600.0,2.17,0.426,0.0185,
stec8,E214C NF6,clean,100600.0,3.7,0.566,0.0214,
stec8,E214C NF6,clean,100600.0,5.25,0.701,0.0216,
stec8,E214C NF6,clean,100600.0,6.78,0.844,0.0215,
stec8,E214C NF6,clean,100600.0,8.3,0.987,0.0205,
stec8,E214C NF6,clean,100600.0,9.82,1.115,0.0208,
stec8,E214C NF6,clean,100600.0,11.34,1.178,0.0296,
stec8,E214C NF6,clean,100600.0,12.84,1.155,0.0481,
stec8,E214C NF6,clean,149400.0,-3.99,-0.242,0.0283,
stec8,E214C NF6,clean,149400.0,-2.43,-0.036,0.0163,
stec8,E214C NF6,clean,149400.0,-0.89,0.125,0.0121,
stec8,E214C NF6,clean,149400.0,0.63,0.248,0.0119,
stec8,E214C NF6,clean,149400.0,2.17,0.406,0.0131,
stec8,E214C NF6,clean,149400.0,3.7,0.564,0.0146,
stec8,E214C NF6,clean,149400.0,5.22,0.718,0.0145,
stec8,E214C NF6,clean,149400.0,6.78,0.869,0.0154,
stec8,E214C NF6,clean,149400.0,8.29,1.012,0.0162,
stec8,E214C NF6,clean,149400.0,9.83,1.125,0.0192,
stec8,E214C NF6,clean,149400.0,11.34,1.183,0.0304,
stec8,E214C NF6,clean,149400.0,12.84,1.164,0.0481,
stec8,E214C NF6,clean,196500.0,-3.96,-0.206,0.0231,
stec8,E214C NF6,clean,196500.0,-2.44,-0.024,0.0139,
stec8,E214C NF6,clean,196500.0,-0.94,0.12,0.0113,
stec8,E214C NF6,clean,196500.0,0.6,0.252,0.0113,
stec8,E214C NF6,clean,196500.0,2.18,0.414,0.0115,
stec8,E214C NF6,clean,196500.0,3.71,0.576,0.0115,
stec8,E214C NF6,clean,196500.0,5.23,0.733,0.0124,
stec8,E214C NF6,clean,196500.0,6.78,0.89,0.0138,
stec8,E214C NF6,clean,196500.0,8.29,1.025,0.0147,
stec8,E214C NF6,clean,196500.0,9.83,1.134,0.0186,
stec8,E214C NF6,clean,196500.0,11.35,1.189,0.0296,
stec8,E214C NF6,clean,196500.0,12.84,1.171,0.0495,
stec8,E214C NF6,clean,302500.0,-3.97,-0.184,0.017,
stec8,E214C NF6,clean,302500.0,-2.48,-0.037,0.0128,
stec8,E214C NF6,clean,302500.0,-0.9,0.119,0.0105,
stec8,E214C NF6,clean,302500.0,0.62,0.271,0.0095,
stec8,E214C NF6,clean,302500.0,2.15,0.415,0.009,
stec8,E214C NF6,clean,302500.0,3.68,0.578,0.0095,
stec8,E214C NF6,clean,302500.0,5.2,0.737,0.0103,
stec8,E214C NF6,clean,302500.0,6.76,0.888,0.0114,
stec8,E214C NF6,clean,302500.0,8.3,1.016,0.0134,
stec8,E214C NF6,clean,302500.0,9.82,1.124,0.0179,
stec8,E214C NF6,clean,302500.0,11.34,1.183,0.0264,
stec8,E214C PF3,clean,102700.0,-0.82,0.45,0.0269,
stec8,E214C PF3,clean,102700.0,0.71,0.67,0.0235,
stec8,E214C PF3,clean,102700.0,2.29,0.878,0.0202,
stec8,E214C PF3,clean,102700.0,3.81,1.022,0.0193,
stec8,E214C PF3,clean,102700.0,5.33,1.147,0.0213,
stec8,E214C PF3,clean,102700.0,6.87,1.262,0.0209,
stec8,E214C PF3,clean,102700.0,8.38,1.328,0.0268,
stec8,E214C PF3,clean,102700.0,9.87,1.317,0.0385,
stec8,E214C PF3,clean,151100.0,-0.8,0.586,0.0188,
stec8,E214C PF3,clean,151100.0,0.74,0.763,0.0144,
stec8,E214C PF3,clean,151100.0,2.27,0.916,0.0135,
stec8,E214C PF3,clean,151100.0,3.82,1.06,0.0153,
stec8,E214C PF3,clean,151100.0,5.34,1.195,0.0166,
stec8,E214C PF3,clean,151100.0,6.87,1.293,0.0191,
stec8,E214C PF3,clean,151100.0,8.39,1.347,0.0252,
stec8,E214C PF3,clean,151100.0,9.87,1.338,0.04,
stec8,E214C PF3,clean,151100.0,11.38,1.316,0.0559,
stec8,E214C PF3,clean,151100.0,12.88,1.281,0.0797,
stec8,E214C PF3,clean,200800.0,-0.79,0.627,0.0142,
stec8,E214C PF3,clean,200800.0,0.75,0.788,0.0115,
stec8,E214C PF3,clean,200800.0,2.27,0.925,0.0121,
stec8,E214C PF3,clean,200800.0,3.79,1.07,0.0136,
stec8,E214C PF3,clean,200800.0,5.31,1.197,0.0153,
stec8,E214C PF3,clean,200800.0,6.87,1.285,0.0187,
stec8,E214C PF3,clean,200800.0,8.35,1.34,0.025,
stec8,E214C PF3,clean,200800.0,9.88,1.342,0.0373,
stec8,E214C PF3,clean,200800.0,11.36,1.324,0.0548,
stec8,E214C PF3,clean,301000.0,-0.78,0.643,0.0096,
stec8,E214C PF3,clean,301000.0,0.77,0.789,0.0105,
stec8,E214C PF3,clean,301000.0,2.28,0.931,0.0115,
stec8,E214C PF3,clean,301000.0,3.82,1.067,0.0123,
stec8,E214C PF3,clean,301000.0,5.34,1.187,0.0142,
stec8,E214C PF3,clean,301000.0,6.82,1.266,0.0184,
stec8,E214C PF3,clean,301000.0,8.29,1.324,0.0241,
stec8,E214C PF3,clean,301000.0,9.88,1.345,0.0344,
stec8,E214C PF3,clean,301000.0,11.35,1.332,0.0518,
stec8,E214C PF3,clean,301000.0,12.86,1.295,0.0777,
stec8,E374A,clean,58900.0,-6.0,-0.41,0.0303,
stec8,E374A,clean,58900.0,-4.97,-0.355,0.0257,
stec8,E374A,clean,58900.0,-3.94,-0.268,0.0194,
stec8,E374A,clean,58900.0,-2.95,-0.175,0.018,
stec8,E374A,clean,58900.0,-1.92,-0.041,0.0197,
stec8,E374A,clean,58900.0,-0.89,0.098,0.0243,
stec8,E374A,clean,58900.0,0.13,0.198,0.0269,
stec8,E374A,clean,58900.0,1.16,0.31,0.0308,
stec8,E374A,clean,58900.0,2.17,0.412,0.0309,
stec8,E374A,clean,58900.0,3.2,0.546,0.0317,
stec8,E374A,clean,58900.0,4.24,0.649,0.0377,
stec8,E374A,clean,58900.0,5.25,0.751,0.0386,
stec8,E374A,clean,58900.0,6.28,0.843,0.0315,
stec8,E374A,clean,58900.0,7.29,0.929,0.0303,
stec8,E374A,clean,58900.0,8.31,0.979,0.0302,
stec8,E374A,clean,58900.0,9.3,0.994,0.0437,
stec8,E374A,clean,58900.0,10.31,1.006,0.0625,
stec8,E374A,clean,58900.0,11.31,1.023,0.077,
stec8,E374A,clean,97800.0,-5.99,-0.386,0.0298,
stec8,E374A,clean,97800.0,-4.98,-0.321,0.0237,
stec8,E374A,clean,97800.0,-3.94,-0.196,0.0183,
stec8,E374A,clean,97800.0,-2.94,-0.083,0.0138,
stec8,E374A,clean,97800.0,-1.9,0.081,0.0164,
stec8,E374A,clean,97800.0,-0.86,0.218,0.0185,
stec8,E374A,clean,97800.0,0.17,0.303,0.0202,
stec8,E374A,clean,97800.0,1.18,0.392,0.0226,
stec8,E374A,clean,97800.0,2.19,0.483,0.0236,
stec8,E374A,clean,97800.0,3.21,0.576,0.0257,
stec8,E374A,clean,97800.0,4.24,0.671,0.0233,
stec8,E374A,clean,97800.0,5.25,0.764,0.0216,
stec8,E374A,clean,97800.0,6.27,0.863,0.0203,
stec8,E374A,clean,97800.0,7.3,0.953,0.0189,
stec8,E374A,clean,97800.0,8.31,0.993,0.0238,
stec8,E374A,clean,97800.0,9.31,1.01,0.0345,
stec8,E374A,clean,151800.0,-6.01,-0.397,0.0264,
stec8,E374A,clean,151800.0,-4.97,-0.274,0.0205,
stec8,E374A,clean,151800.0,-3.94,-0.134,0.0145,
stec8,E374A,clean,151800.0,-2.92,-0.034,0.012,
stec8,E374A,clean,151800.0,-1.92,0.036,0.0118,
stec8,E374A,clean,151800.0,-0.88,0.166,0.0122,
stec8,E374A,clean,151800.0,0.14,0.278,0.012,
stec8,E374A,clean,151800.0,1.16,0.368,0.0125,
stec8,E374A,clean,151800.0,2.2,0.467,0.0132,
stec8,E374A,clean,151800.0,3.2,0.563,0.0141,
stec8,E374A,clean,151800.0,4.22,0.66,0.0145,
stec8,E374A,clean,151800.0,5.26,0.759,0.0148,
stec8,E374A,clean,151800.0,6.28,0.853,0.0148,
stec8,E374A,clean,151800.0,7.28,0.924,0.0173,
stec8,E374A,clean,151800.0,8.29,0.965,0.0223,
stec8,E374A,clean,151800.0,9.31,0.993,0.0316,
stec8,E374A,clean,151800.0,10.3,1.013,0.0404,
stec8,E374A,clean,151800.0,11.31,1.02,0.0507,
stec8,E374A,clean,151800.0,12.31,1.012,0.069,
stec8,E374A,clean,151800.0,13.3,1.014,0.1385,
stec8,E374A,clean,201300.0,-6.0,-0.356,0.022,
stec8,E374A,clean,201300.0,-4.96,-0.22,0.0159,
stec8,E374A,clean,201300.0,-3.93,-0.12,0.0127,
stec8,E374A,clean,201300.0,-2.92,-0.037,0.0111,
stec8,E374A,clean,201300.0,-1.9,0.038,0.0102,
stec8,E374A,clean,201300.0,-0.9,0.136,0.0096,
stec8,E374A,clean,201300.0,0.16,0.275,0.01,
stec8,E374A,clean,201300.0,1.18,0.37,0.0104,
stec8,E374A,clean,201300.0,2.19,0.469,0.011,
stec8,E374A,clean,201300.0,3.22,0.573,0.0115,
stec8,E374A,clean,201300.0,4.23,0.673,0.012,
stec8,E374A,clean,201300.0,5.25,0.773,0.0126,
stec8,E374A,clean,201300.0,6.27,0.855,0.0137,
stec8,E374A,clean,201300.0,7.29,0.912,0.0182,
stec8,E374A,clean,201300.0,8.29,0.954,0.0233,
stec8,E374A,clean,201300.0,9.29,0.984,0.0302,
stec8,E374A,clean,201300.0,10.3,0.999,0.0401,
stec8,E374A,clean,201300.0,11.31,1.0,0.0492,
stec8,E374A,clean,300400.0,-6.01,-0.322,0.0186,
stec8,E374A,clean,300400.0,-4.98,-0.225,0.0141,
stec8,E374A,clean,300400.0,-3.99,-0.144,0.0114,
stec8,E374A,clean,300400.0,-2.95,-0.052,0.0101,
stec8,E374A,clean,300400.0,-2.0,0.033,0.0084,
stec8,E374A,clean,300400.0,-0.94,0.127,0.0082,
stec8,E374A,clean,300400.0,0.1,0.243,0.008,
stec8,E374A,clean,300400.0,1.14,0.371,0.0085,
stec8,E374A,clean,300400.0,2.17,0.473,0.0088,
stec8,E374A,clean,300400.0,3.2,0.579,0.0092,
stec8,E374A,clean,300400.0,4.24,0.681,0.0098,
stec8,E374A,clean,300400.0,5.26,0.776,0.0107,
stec8,E374A,clean,300400.0,6.27,0.852,0.0128,
stec8,E374A,clean,300400.0,7.28,0.91,0.017,
stec8,E374B,clean,59200.0,-6.0,-0.4,0.0343,
stec8,E374B,clean,59200.0,-4.98,-0.35,0.0275,
stec8,E374B,clean,59200.0,-3.96,-0.29,0.0196,
stec8,E374B,clean,59200.0,-2.94,-0.184,0.0185,
stec8,E374B,clean,59200.0,-1.92,-0.096,0.0188,
stec8,E374B,clean,59200.0,-0.9,0.034,0.0222,
stec8,E374B,clean,59200.0,0.13,0.174,0.0271,
stec8,E374B,clean,59200.0,1.15,0.271,0.0285,
stec8,E374B,clean,59200.0,2.18,0.364,0.032,
stec8,E374B,clean,59200.0,3.19,0.433,0.0374,
stec8,E374B,clean,59200.0,4.21,0.545,0.0404,
stec8,E374B,clean,59200.0,5.25,0.703,0.0366,
stec8,E374B,clean,59200.0,6.27,0.817,0.0311,
stec8,E374B,clean,59200.0,7.29,0.906,0.0267,
stec8,E374B,clean,59200.0,8.3,0.957,0.0263,
stec8,E374B,clean,59200.0,9.3,0.973,0.0384,
stec8,E374B,clean,59200.0,10.3,1.006,0.0498,
stec8,E374B,clean,97300.0,-5.98,-0.403,0.0278,
stec8,E374B,clean,97300.0,-4.98,-0.327,0.0223,
stec8,E374B,clean,97300.0,-3.95,-0.217,0.0173,
stec8,E374B,clean,97300.0,-2.93,-0.093,0.0146,
stec8,E374B,clean,97300.0,-1.89,0.081,0.0162,
stec8,E374B,clean,97300.0,-0.87,0.19,0.0191,
stec8,E374B,clean,97300.0,0.14,0.276,0.0207,
stec8,E374B,clean,97300.0,1.17,0.36,0.0239,
stec8,E374B,clean,97300.0,2.18,0.446,0.0261,
stec8,E374B,clean,97300.0,3.21,0.532,0.0285,
stec8,E374B,clean,97300.0,4.23,0.632,0.0269,
stec8,E374B,clean,97300.0,5.24,0.733,0.022,
stec8,E374B,clean,97300.0,6.27,0.824,0.0203,
stec8,E374B,clean,97300.0,7.3,0.917,0.0195,
stec8,E374B,clean,97300.0,8.3,0.934,0.0292,
stec8,E374B,clean,97300.0,9.3,0.963,0.0339,
stec8,E374B,clean,97300.0,10.32,0.996,0.0436,
stec8,E374B,clean,151000.0,-4.98,-0.279,0.0186,
stec8,E374B,clean,151000.0,-3.93,-0.146,0.0141,
stec8,E374B,clean,151000.0,-2.91,-0.055,0.0112,
stec8,E374B,clean,151000.0,-1.9,0.022,0.0117,
stec8,E374B,clean,151000.0,-0.87,0.19,0.0118,
stec8,E374B,clean,151000.0,0.16,0.285,0.0127,
stec8,E374B,clean,151000.0,1.17,0.369,0.014,
stec8,E374B,clean,151000.0,2.2,0.457,0.014,
stec8,E374B,clean,151000.0,3.21,0.549,0.015,
stec8,E374B,clean,151000.0,4.24,0.645,0.0149,
stec8,E374B,clean,151000.0,5.26,0.742,0.0144,
stec8,E374B,clean,151000.0,6.27,0.835,0.015,
stec8,E374B,clean,151000.0,7.29,0.893,0.019,
stec8,E374B,clean,151000.0,8.3,0.927,0.0258,
stec8,E374B,clean,151000.0,9.31,0.962,0.0328,
stec8,E374B,clean,151000.0,10.31,0.988,0.0426,
stec8,E374B,clean,151000.0,11.31,0.997,0.0509,
stec8,E374B,clean,151000.0,12.31,0.995,0.0684,
stec8,E374B,clean,201600.0,-6.0,-0.365,0.0204,
stec8,E374B,clean,201600.0,-4.97,-0.229,0.0153,
stec8,E374B,clean,201600.0,-3.94,-0.136,0.0125,
stec8,E374B,clean,201600.0,-2.94,-0.061,0.0108,
stec8,E374B,clean,201600.0,-1.9,0.019,0.0097,
stec8,E374B,clean,201600.0,-0.88,0.118,0.0105,
stec8,E374B,clean,201600.0,0.15,0.272,0.0108,
stec8,E374B,clean,201600.0,1.17,0.366,0.0115,
stec8,E374B,clean,201600.0,2.19,0.455,0.0119,
stec8,E374B,clean,201600.0,3.21,0.551,0.0124,
stec8,E374B,clean,201600.0,4.24,0.646,0.0124,
stec8,E374B,clean,201600.0,5.25,0.744,0.0124,
stec8,E374B,clean,201600.0,6.28,0.829,0.0141,
stec8,E374B,clean,201600.0,7.28,0.881,0.0196,
stec8,E374B,clean,201600.0,8.3,0.923,0.0248,
stec8,E374B,clean,201600.0,9.3,0.958,0.0319,
stec8,E374B,clean,201600.0,10.3,0.98,0.0405,
stec8,E374B,clean,201600.0,11.31,0.984,0.0564,
stec8,E374B,clean,201600.0,12.33,1.015,0.0793,
stec8,E374B,clean,308600.0,-5.98,-0.334,0.0171,
stec8,E374B,clean,308600.0,-4.96,-0.237,0.0136,
stec8,E374B,clean,308600.0,-3.94,-0.157,0.0112,
stec8,E374B,clean,308600.0,-2.93,-0.069,0.01,
stec8,E374B,clean,308600.0,-1.91,0.018,0.0085,
stec8,E374B,clean,308600.0,-0.88,0.1,0.0085,
stec8,E374B,clean,308600.0,0.14,0.218,0.0088,
stec8,E374B,clean,308600.0,1.17,0.358,0.009,
stec8,E374B,clean,308600.0,2.19,0.453,0.0092,
stec8,E374B,clean,308600.0,3.21,0.548,0.0097,
stec8,E374B,clean,308600.0,4.23,0.645,0.0099,
stec8,E374B,clean,308600.0,5.26,0.738,0.0105,
stec8,E374B,clean,308600.0,6.27,0.813,0.0133,
stec8,E374B,clean,308600.0,7.28,0.867,0.018,
stec8,E374B,clean,308600.0,8.29,0.916,0.0227,
stec8,E374B,clean,308600.0,9.3,0.957,0.0285,
stec8,E374B,clean,308600.0,10.3,0.978,0.0371,
stec8,E374B,clean,308600.0,11.31,0.984,0.0492,
stec8,E374B,clean,308600.0,12.32,1.047,0.0878,
stec8,E374B,clean,308600.0,13.12,0.981,0.1619,
stec8,E374B,clean,308600.0,14.23,0.928,0.2177,
stec8,E374B BUMP SHOT TRIP 50%,clean,100800.0,-2.93,-0.094,0.0125,
stec8,E374B BUMP SHOT TRIP 50%,clean,100800.0,-1.39,0.124,0.0118,
stec8,E374B BUMP SHOT TRIP 50%,clean,100800.0,0.14,0.271,0.0148,
stec8,E374B BUMP SHOT TRIP 50%,clean,100800.0,1.67,0.405,0.0213,
stec8,E374B BUMP SHOT TRIP 50%,clean,100800.0,3.19,0.519,0.0241,
stec8,E374B BUMP SHOT TRIP 50%,clean,100800.0,4.72,0.651,0.02,
stec8,E374B BUMP SHOT TRIP 50%,clean,100800.0,6.27,0.802,0.0193,
stec8,E374B BUMP SHOT TRIP 50%,clean,100800.0,7.77,0.888,0.0231,
stec8,E374B BUMP SHOT TRIP 50%,clean,100800.0,9.29,0.932,0.0339,
stec8,E374B BUMP SHOT TRIP 50%,clean,100800.0,10.81,0.969,0.0443,
stec8,E374B BUMP SHOT TRIP 50%,clean,100800.0,11.81,0.97,0.0641,
stec8,E374B BUMP SHOT TRIP 50%,clean,153400.0,-3.95,-0.181,0.0155,
stec8,E374B BUMP SHOT TRIP 50%,clean,153400.0,-2.94,-0.093,0.0123,
stec8,E374B BUMP SHOT TRIP 50%,clean,153400.0,-1.92,-0.005,0.0112,
stec8,E374B BUMP SHOT TRIP 50%,clean,153400.0,-0.87,0.162,0.0118,
stec8,E374B BUMP SHOT TRIP 50%,clean,153400.0,0.14,0.265,0.0115,
stec8,E374B BUMP SHOT TRIP 50%,clean,153400.0,1.16,0.357,0.0119,
stec8,E374B BUMP SHOT TRIP 50%,clean,153400.0,2.19,0.456,0.0123,
stec8,E374B BUMP SHOT TRIP 50%,clean,153400.0,3.22,0.557,0.0148,
stec8,E374B BUMP SHOT TRIP 50%,clean,153400.0,4.23,0.649,0.0147,
stec8,E374B BUMP SHOT TRIP 50%,clean,153400.0,5.26,0.742,0.0144,
stec8,E374B BUMP SHOT TRIP 50%,clean,153400.0,6.26,0.831,0.0149,
stec8,E374B BUMP SHOT TRIP 50%,clean,153400.0,7.29,0.886,0.0202,
stec8,E374B BUMP SHOT TRIP 50%,clean,153400.0,8.29,0.919,0.0264,
stec8,E374B BUMP SHOT TRIP 50%,clean,153400.0,9.3,0.953,0.0338,
stec8,E374B BUMP SHOT TRIP 50%,clean,153400.0,10.29,0.975,0.0435,
stec8,E374B BUMP SHOT TRIP 50%,clean,202400.0,-2.93,-0.09,0.0118,
stec8,E374B BUMP SHOT TRIP 50%,clean,202400.0,-1.43,0.038,0.0101,
stec8,E374B BUMP SHOT TRIP 50%,clean,202400.0,0.16,0.259,0.0106,
stec8,E374B BUMP SHOT TRIP 50%,clean,202400.0,1.67,0.394,0.0106,
stec8,E374B BUMP SHOT TRIP 50%,clean,202400.0,3.2,0.539,0.011,
stec8,E374B BUMP SHOT TRIP 50%,clean,202400.0,4.72,0.688,0.0121,
stec8,E374B BUMP SHOT TRIP 50%,clean,202400.0,6.25,0.823,0.0143,
stec8,E374B BUMP SHOT TRIP 50%,clean,202400.0,7.79,0.896,0.0227,
stec8,E374B BUMP SHOT TRIP 50%,clean,202400.0,9.29,0.949,0.0324,
stec8,E374B BUMP SHOT TRIP 50%,clean,202400.0,10.81,0.975,0.0485,
stec8,E374B BUMP SHOT TRIP 50%,clean,202400.0,11.82,0.983,0.0607,
stec8,E374B BUMP SHOT TRIP 50%,clean,305000.0,-2.94,-0.088,0.0112,
stec8,E374B BUMP SHOT TRIP 50%,clean,305000.0,-1.41,0.045,0.0091,
stec8,E374B BUMP SHOT TRIP 50%,clean,305000.0,0.12,0.22,0.0091,
stec8,E374B BUMP SHOT TRIP 50%,clean,305000.0,1.66,0.399,0.0094,
stec8,E374B BUMP SHOT TRIP 50%,clean,305000.0,3.2,0.541,0.0097,
stec8,E374B BUMP SHOT TRIP 50%,clean,305000.0,4.72,0.689,0.01,
stec8,E374B BUMP SHOT TRIP 50%,clean,305000.0,6.26,0.813,0.0144,
stec8,E374B BUMP SHOT TRIP 50%,clean,305000.0,7.77,0.893,0.0211,
stec8,E374B BUMP SHOT TRIP 50%,clean,305000.0,9.3,0.952,0.0297,
stec8,E374B BUMP SHOT TRIP 50%,clean,305000.0,10.79,0.975,0.044,
stec8,E374B BUMP SHOT TRIP 50%,clean,305000.0,11.81,0.995,0.054,
stec8,E374B CLAY L.E.,clean,100600.0,-3.97,-0.276,0.0196,
stec8,E374B CLAY L.E.,clean,100600.0,-2.43,-0.088,0.0148,
stec8,E374B CLAY L.E.,clean,100600.0,-0.89,0.146,0.0176,
stec8,E374B CLAY L.E.,clean,100600.0,0.64,0.284,0.0206,
stec8,E374B CLAY L.E.,clean,100600.0,2.18,0.409,0.0236,
stec8,E374B CLAY L.E.,clean,100600.0,3.71,0.547,0.0233,
stec8,E374B CLAY L.E.,clean,100600.0,5.22,0.681,0.0198,
stec8,E374B CLAY L.E.,clean,100600.0,6.77,0.815,0.018,
stec8,E374B CLAY L.E.,clean,100600.0,8.29,0.897,0.023,
stec8,E374B CLAY L.E.,clean,100600.0,9.8,0.948,0.0354,
stec8,E374B CLAY L.E.,clean,100600.0,11.31,0.975,0.0538,
stec8,E374B CLAY L.E.,clean,149400.0,-3.96,-0.193,0.0161,
stec8,E374B CLAY L.E.,clean,149400.0,-2.42,-0.043,0.0125,
stec8,E374B CLAY L.E.,clean,149400.0,-0.89,0.12,0.012,
stec8,E374B CLAY L.E.,clean,149400.0,0.65,0.291,0.013,
stec8,E374B CLAY L.E.,clean,149400.0,2.17,0.418,0.014,
stec8,E374B CLAY L.E.,clean,149400.0,3.71,0.557,0.0143,
stec8,E374B CLAY L.E.,clean,149400.0,5.23,0.699,0.0142,
stec8,E374B CLAY L.E.,clean,149400.0,6.76,0.822,0.0161,
stec8,E374B CLAY L.E.,clean,149400.0,8.29,0.904,0.0233,
stec8,E374B CLAY L.E.,clean,149400.0,9.8,0.964,0.0348,
stec8,E374B CLAY L.E.,clean,149400.0,11.3,0.987,0.0539,
stec8,E374B CLAY L.E.,clean,196300.0,-3.96,-0.168,0.0134,
stec8,E374B CLAY L.E.,clean,196300.0,-2.42,-0.048,0.0102,
stec8,E374B CLAY L.E.,clean,196300.0,-0.89,0.079,0.0101,
stec8,E374B CLAY L.E.,clean,196300.0,0.66,0.287,0.0112,
stec8,E374B CLAY L.E.,clean,196300.0,2.17,0.421,0.0118,
stec8,E374B CLAY L.E.,clean,196300.0,3.7,0.562,0.0122,
stec8,E374B CLAY L.E.,clean,196300.0,5.23,0.707,0.0126,
stec8,E374B CLAY L.E.,clean,196300.0,6.76,0.822,0.016,
stec8,E374B CLAY L.E.,clean,196300.0,8.3,0.914,0.0224,
stec8,E374B CLAY L.E.,clean,196300.0,9.8,0.975,0.0327,
stec8,E374B CLAY L.E.,clean,196300.0,11.3,0.996,0.0506,
stec8,E374B CLAY L.E.,clean,196300.0,12.81,1.013,0.1085,
stec8,E374B CLAY L.E.,clean,300000.0,-3.96,-0.198,0.0122,
stec8,E374B CLAY L.E.,clean,300000.0,-2.44,-0.065,0.0095,
stec8,E374B CLAY L.E.,clean,300000.0,-0.91,0.064,0.0079,
stec8,E374B CLAY L.E.,clean,300000.0,0.64,0.251,0.0089,
stec8,E374B CLAY L.E.,clean,300000.0,2.16,0.417,0.0094,
stec8,E374B CLAY L.E.,clean,300000.0,3.72,0.562,0.0097,
stec8,E374B CLAY L.E.,clean,300000.0,5.25,0.699,0.011,
stec8,E374B CLAY L.E.,clean,300000.0,6.76,0.813,0.015,
stec8,E374B CLAY L.E.,clean,300000.0,8.29,0.914,0.0205,
stec8,E374B CLAY L.E.,clean,300000.0,9.8,0.98,0.0305,
stec8,E374B CLAY L.E.,clean,300000.0,11.31,1.009,0.0466,
stec8,E374B CLAY L.E.,clean,300000.0,12.8,1.031,0.0997,
stec8,E374B CLAY L.E.,clean,300000.0,14.29,0.97,0.1964,
stec8,E374B THICK T.E.,clean,147300.0,-3.94,-0.149,0.0143,
stec8,E374B THICK T.E.,clean,147300.0,-2.41,-0.045,0.0124,
stec8,E374B THICK T.E.,clean,147300.0,-0.89,0.142,0.0133,
stec8,E374B THICK T.E.,clean,147300.0,0.65,0.27,0.0141,
stec8,E374B THICK T.E.,clean,147300.0,2.16,0.409,0.0153,
stec8,E374B THICK T.E.,clean,147300.0,3.69,0.555,0.0156,
stec8,E374B THICK T.E.,clean,147300.0,5.24,0.703,0.0152,
stec8,E374B THICK T.E.,clean,147300.0,6.78,0.844,0.0162,
stec8,E374B THICK T.E.,clean,147300.0,8.28,0.919,0.026,
stec8,E374B THICK T.E.,clean,147300.0,9.81,0.973,0.037,
stec8,E374B THICK T.E.,clean,147300.0,11.3,0.991,0.0564,
stec8,E374B THICK T.E.,clean,147300.0,12.79,0.982,0.121,
stec8,E374B THICK T.E.,clean,200700.0,-3.96,-0.188,0.0139,
stec8,E374B THICK T.E.,clean,200700.0,-2.42,-0.065,0.0106,
stec8,E374B THICK T.E.,clean,200700.0,-0.9,0.071,0.0102,
stec8,E374B THICK T.E.,clean,200700.0,0.64,0.252,0.0113,
stec8,E374B THICK T.E.,clean,200700.0,2.18,0.403,0.0121,
stec8,E374B THICK T.E.,clean,200700.0,3.7,0.557,0.0129,
stec8,E374B THICK T.E.,clean,200700.0,5.23,0.708,0.0125,
stec8,E374B THICK T.E.,clean,200700.0,6.78,0.847,0.0155,
stec8,E374B THICK T.E.,clean,200700.0,8.3,0.929,0.0245,
stec8,E374B THICK T.E.,clean,200700.0,9.8,0.983,0.0351,
stec8,E374B THICK T.E.,clean,200700.0,11.3,0.996,0.052,
stec8,E374B THICK T.E.,clean,200700.0,12.75,1.003,0.1213,
stec8,E374B THICK T.E.,clean,300300.0,-3.95,-0.212,0.012,
stec8,E374B THICK T.E.,clean,300300.0,-2.43,-0.07,0.0097,
stec8,E374B THICK T.E.,clean,300300.0,-0.88,0.057,0.0086,
stec8,E374B THICK T.E.,clean,300300.0,0.63,0.241,0.0091,
stec8,E374B THICK T.E.,clean,300300.0,2.17,0.396,0.0095,
stec8,E374B THICK T.E.,clean,300300.0,3.71,0.558,0.0104,
stec8,E374B THICK T.E.,clean,300300.0,5.25,0.711,0.0108,
stec8,E374B THICK T.E.,clean,300300.0,6.77,0.842,0.0154,
stec8,E374B THICK T.E.,clean,300300.0,8.29,0.932,0.0224,
stec8,E374B THICK T.E.,clean,300300.0,9.81,0.986,0.0322,
stec8,E374B THICK T.E.,clean,300300.0,11.32,0.999,0.0483,
stec8,"E374B UST .020, .125, 20%",clean,103600.0,-2.94,-0.058,0.0131,
stec8,"E374B UST .020, .125, 20%",clean,103600.0,-1.37,0.139,0.0123,
stec8,"E374B UST .020, .125, 20%",clean,103600.0,0.14,0.268,0.0123,
stec8,"E374B UST .020, .125, 20%",clean,103600.0,1.66,0.394,0.0136,
stec8,"E374B UST .020, .125, 20%",clean,103600.0,3.22,0.535,0.0142,
stec8,"E374B UST .020, .125, 20%",clean,103600.0,4.72,0.675,0.0153,
stec8,"E374B UST .020, .125, 20%",clean,103600.0,6.27,0.814,0.0164,
stec8,"E374B UST .020, .125, 20%",clean,103600.0,7.77,0.902,0.0193,
stec8,"E374B UST .020, .125, 20%",clean,103600.0,9.29,0.938,0.03,
stec8,"E374B UST .020, .125, 20%",clean,103600.0,10.8,0.974,0.0434,
stec8,"E374B UST .020, .125, 20%",clean,151300.0,-2.93,-0.069,0.0106,
stec8,"E374B UST .020, .125, 20%",clean,151300.0,-1.41,0.094,0.0113,
stec8,"E374B UST .020, .125, 20%",clean,151300.0,0.15,0.273,0.0105,
stec8,"E374B UST .020, .125, 20%",clean,151300.0,1.67,0.408,0.0115,
stec8,"E374B UST .020, .125, 20%",clean,151300.0,3.19,0.55,0.0121,
stec8,"E374B UST .020, .125, 20%",clean,151300.0,4.75,0.691,0.0134,
stec8,"E374B UST .020, .125, 20%",clean,151300.0,6.27,0.822,0.0154,
stec8,"E374B UST .020, .125, 20%",clean,151300.0,7.78,0.899,0.0246,
stec8,"E374B UST .020, .125, 20%",clean,151300.0,9.29,0.947,0.0363,
stec8,"E374B UST .020, .125, 20%",clean,151300.0,10.8,0.972,0.0539,
stec8,"E374B UST .020, .125, 20%",clean,151300.0,11.8,0.979,0.0668,
stec8,"E374B UST .020, .125, 20%",clean,151300.0,12.79,0.97,0.1307,
stec8,"E374B UST .020, .125, 20%",clean,200700.0,-2.94,-0.069,0.0107,
stec8,"E374B UST .020, .125, 20%",clean,200700.0,-1.41,0.062,0.0093,
stec8,"E374B UST .020, .125, 20%",clean,200700.0,0.14,0.272,0.0101,
stec8,"E374B UST .020, .125, 20%",clean,200700.0,1.68,0.411,0.0102,
stec8,"E374B UST .020, .125, 20%",clean,200700.0,3.2,0.549,0.0112,
stec8,"E374B UST .020, .125, 20%",clean,200700.0,4.74,0.69,0.0128,
stec8,"E374B UST .020, .125, 20%",clean,200700.0,6.26,0.82,0.0153,
stec8,"E374B UST .020, .125, 20%",clean,200700.0,7.78,0.907,0.0248,
stec8,"E374B UST .020, .125, 20%",clean,200700.0,9.29,0.961,0.0331,
stec8,"E374B UST .020, .125, 20%",clean,200700.0,10.81,0.981,0.0496,
stec8,"E374B UST .020, .125, 20%",clean,200700.0,11.81,0.992,0.0609,
stec8,"E374B UST .020, .125, 20%",clean,304200.0,-2.93,-0.079,0.0102,
stec8,"E374B UST .020, .125, 20%",clean,304200.0,-1.91,0.008,0.0087,
stec8,"E374B UST .020, .125, 20%",clean,304200.0,-0.9,0.089,0.0089,
stec8,"E374B UST .020, .125, 20%",clean,304200.0,0.14,0.222,0.0093,
stec8,"E374B UST .020, .125, 20%",clean,304200.0,1.16,0.349,0.0098,
stec8,"E374B UST .020, .125, 20%",clean,304200.0,2.18,0.438,0.0106,
stec8,"E374B UST .020, .125, 20%",clean,304200.0,3.2,0.531,0.0109,
stec8,"E374B UST .020, .125, 20%",clean,304200.0,4.22,0.629,0.0117,
stec8,"E374B UST .020, .125, 20%",clean,304200.0,5.25,0.726,0.0127,
stec8,"E374B UST .020, .125, 20%",clean,304200.0,6.26,0.813,0.0149,
stec8,"E374B UST .020, .125, 20%",clean,304200.0,7.27,0.873,0.0195,
stec8,"E374B UST .020, .125, 20%",clean,304200.0,8.29,0.92,0.0246,
stec8,"E374B UST .020, .125, 20%",clean,304200.0,9.31,0.953,0.0317,
stec8,E387A,clean,59700.0,-3.95,-0.211,0.0382,
stec8,E387A,clean,59700.0,-2.95,-0.125,0.0268,
stec8,E387A,clean,59700.0,-1.91,0.006,0.021,
stec8,E387A,clean,59700.0,-0.89,0.133,0.0204,
stec8,E387A,clean,59700.0,0.14,0.286,0.0223,
stec8,E387A,clean,59700.0,1.17,0.39,0.0262,
stec8,E387A,clean,59700.0,2.2,0.487,0.0288,
stec8,E387A,clean,59700.0,3.23,0.589,0.0303,
stec8,E387A,clean,59700.0,4.25,0.69,0.0325,
stec8,E387A,clean,59700.0,5.27,0.782,0.0324,
stec8,E387A,clean,59700.0,6.28,0.873,0.0306,
stec8,E387A,clean,59700.0,7.31,0.973,0.0288,
stec8,E387A,clean,59700.0,8.32,1.06,0.0258,
stec8,E387A,clean,59700.0,9.35,1.133,0.028,
stec8,E387A,clean,59700.0,10.34,1.15,0.0368,
stec8,E387A,clean,59700.0,11.34,1.142,0.0586,
stec8,E387A,clean,99800.0,-3.95,-0.169,0.0286,
stec8,E387A,clean,99800.0,-2.93,-0.03,0.0204,
stec8,E387A,clean,99800.0,-1.89,0.115,0.015,
stec8,E387A,clean,99800.0,-0.87,0.22,0.0135,
stec8,E387A,clean,99800.0,0.16,0.322,0.0141,
stec8,E387A,clean,99800.0,1.18,0.415,0.0158,
stec8,E387A,clean,99800.0,2.2,0.51,0.0188,
stec8,E387A,clean,99800.0,3.22,0.601,0.0199,
stec8,E387A,clean,99800.0,4.24,0.692,0.0217,
stec8,E387A,clean,99800.0,5.26,0.783,0.021,
stec8,E387A,clean,99800.0,6.28,0.881,0.0202,
stec8,E387A,clean,99800.0,7.31,0.979,0.0194,
stec8,E387A,clean,99800.0,8.33,1.064,0.0204,
stec8,E387A,clean,99800.0,9.33,1.11,0.0252,
stec8,E387A,clean,99800.0,10.34,1.122,0.0367,
stec8,E387A,clean,99800.0,11.35,1.134,0.0479,
stec8,E387A,clean,149600.0,-1.89,0.133,0.012,
stec8,E387A,clean,149600.0,0.16,0.322,0.0113,
stec8,E387A,clean,149600.0,2.2,0.523,0.0132,
stec8,E387A,clean,149600.0,3.23,0.623,0.0143,
stec8,E387A,clean,149600.0,4.24,0.72,0.0153,
stec8,E387A,clean,149600.0,6.29,0.913,0.0158,
stec8,E387A,clean,149600.0,7.31,1.005,0.0155,
stec8,E387A,clean,149600.0,8.33,1.07,0.0195,
stec8,E387A,clean,149600.0,9.35,1.109,0.0273,
stec8,E387A,clean,199800.0,-3.95,-0.097,0.0187,
stec8,E387A,clean,199800.0,-2.93,-0.004,0.0141,
stec8,E387A,clean,199800.0,-1.88,0.092,0.012,
stec8,E387A,clean,199800.0,-0.87,0.188,0.0102,
stec8,E387A,clean,199800.0,0.15,0.291,0.0093,
stec8,E387A,clean,199800.0,1.18,0.397,0.0101,
stec8,E387A,clean,199800.0,2.2,0.503,0.0107,
stec8,E387A,clean,199800.0,3.22,0.605,0.0115,
stec8,E387A,clean,199800.0,4.24,0.705,0.0119,
stec8,E387A,clean,199800.0,5.26,0.805,0.0125,
stec8,E387A,clean,199800.0,6.29,0.905,0.0128,
stec8,E387A,clean,199800.0,7.31,0.994,0.0145,
stec8,E387A,clean,199800.0,8.32,1.058,0.0181,
stec8,E387A,clean,199800.0,9.34,1.106,0.0246,
stec8,E387A,clean,199800.0,10.34,1.131,0.0322,
stec8,E387A,clean,199800.0,11.34,1.126,0.0475,
stec8,E387A,clean,303100.0,-3.91,-0.094,0.0166,
stec8,E387A,clean,303100.0,-2.92,0.003,0.0125,
stec8,E387A,clean,303100.0,-1.89,0.103,0.0106,
stec8,E387A,clean,303100.0,-0.9,0.202,0.0093,
stec8,E387A,clean,303100.0,0.14,0.302,0.008,
stec8,E387A,clean,303100.0,1.18,0.417,0.0085,
stec8,E387A,clean,303100.0,2.21,0.521,0.0091,
stec8,E387A,clean,303100.0,3.23,0.624,0.0093,
stec8,E387A,clean,303100.0,4.25,0.722,0.0098,
stec8,E387A,clean,303100.0,5.27,0.823,0.0105,
stec8,E387A,clean,303100.0,6.29,0.914,0.0114,
stec8,E387A,clean,303100.0,7.31,0.991,0.0138,
stec8,E387A,clean,303100.0,8.32,1.053,0.0176,
stec8,E387A,clean,303100.0,9.34,1.103,0.0233,
stec8,E387A,clean,303100.0,10.33,1.129,0.0296,
stec8,E387A,clean,303100.0,11.34,1.123,0.0449,
stec8,E387B,clean,97000.0,-3.91,-0.029,0.0177,
stec8,E387B,clean,97000.0,-2.9,0.076,0.0163,
stec8,E387B,clean,97000.0,-1.86,0.18,0.0153,
stec8,E387B,clean,97000.0,-0.85,0.282,0.0148,
stec8,E387B,clean,97000.0,0.18,0.379,0.0168,
stec8,E387B,clean,97000.0,1.2,0.469,0.0178,
stec8,E387B,clean,97000.0,2.22,0.567,0.0181,
stec8,E387B,clean,97000.0,3.24,0.667,0.0182,
stec8,E387B,clean,97000.0,4.25,0.766,0.0189,
stec8,E387B,clean,97000.0,5.28,0.859,0.0197,
stec8,E387B,clean,97000.0,6.3,0.952,0.0207,
stec8,E387B,clean,97000.0,7.32,1.041,0.0199,
stec8,E387B,clean,97000.0,8.34,1.101,0.0256,
stec8,E387B,clean,97000.0,9.35,1.134,0.0307,
stec8,E387B,clean,202600.0,-3.92,-0.057,0.0147,
stec8,E387B,clean,202600.0,-2.91,0.04,0.0131,
stec8,E387B,clean,202600.0,-1.88,0.142,0.0126,
stec8,E387B,clean,202600.0,-0.85,0.246,0.0122,
stec8,E387B,clean,202600.0,0.17,0.349,0.0105,
stec8,E387B,clean,202600.0,1.19,0.457,0.0107,
stec8,E387B,clean,202600.0,2.21,0.56,0.0106,
stec8,E387B,clean,202600.0,3.24,0.662,0.011,
stec8,E387B,clean,202600.0,4.25,0.759,0.0121,
stec8,E387B,clean,202600.0,5.26,0.852,0.0133,
stec8,E387B,clean,202600.0,6.29,0.939,0.0143,
stec8,E387B,clean,202600.0,7.3,1.006,0.0175,
stec8,E387B,clean,202600.0,8.32,1.055,0.0246,
stec8,E387B,clean,202600.0,9.33,1.086,0.0316,
stec8,E387B,clean,202600.0,10.32,1.098,0.0425,
stec8,E387B,clean,202600.0,11.32,1.1,0.055,
stec8,E387A HIGH TURBULENCE,clean,101000.0,-3.94,-0.111,0.0268,
stec8,E387A HIGH TURBULENCE,clean,101000.0,-2.91,0.03,0.0174,
stec8,E387A HIGH TURBULENCE,clean,101000.0,-1.88,0.126,0.0162,
stec8,E387A HIGH TURBULENCE,clean,101000.0,-0.87,0.216,0.0128,
stec8,E387A HIGH TURBULENCE,clean,101000.0,0.16,0.328,0.0117,
stec8,E387A HIGH TURBULENCE,clean,101000.0,1.17,0.42,0.0119,
stec8,E387A HIGH TURBULENCE,clean,101000.0,2.19,0.519,0.0136,
stec8,E387A HIGH TURBULENCE,clean,101000.0,3.23,0.617,0.0134,
stec8,E387A HIGH TURBULENCE,clean,101000.0,4.23,0.71,0.0146,
stec8,E387A HIGH TURBULENCE,clean,101000.0,5.26,0.812,0.0172,
stec8,E387A HIGH TURBULENCE,clean,101000.0,6.29,0.909,0.018,
stec8,E387A HIGH TURBULENCE,clean,101000.0,7.3,1.003,0.0207,
stec8,E387A HIGH TURBULENCE,clean,101000.0,8.32,1.082,0.0195,
stec8,E387A HIGH TURBULENCE,clean,101000.0,9.33,1.131,0.0263,
stec8,E387A HIGH TURBULENCE,clean,101000.0,10.34,1.16,0.0335,
stec8,E387A HIGH TURBULENCE,clean,101000.0,11.34,1.169,0.0442,
stec8,E387A HIGH TURBULENCE,clean,101000.0,12.35,1.158,0.0505,
stec8,E387A HIGH TURBULENCE,clean,101000.0,13.34,1.144,0.0525,
stec8,E387A HIGH TURBULENCE,clean,101000.0,14.34,1.175,0.06,
stec8,E387A HIGH TURBULENCE,clean,153700.0,-3.91,-0.084,0.0213,
stec8,E387A HIGH TURBULENCE,clean,153700.0,-2.92,-0.009,0.0159,
stec8,E387A HIGH TURBULENCE,clean,153700.0,-1.9,0.086,0.0149,
stec8,E387A HIGH TURBULENCE,clean,153700.0,-0.88,0.185,0.0123,
stec8,E387A HIGH TURBULENCE,clean,153700.0,0.15,0.285,0.0116,
stec8,E387A HIGH TURBULENCE,clean,153700.0,1.17,0.401,0.0112,
stec8,E387A HIGH TURBULENCE,clean,153700.0,2.18,0.5,0.0107,
stec8,E387A HIGH TURBULENCE,clean,153700.0,3.22,0.602,0.0114,
stec8,E387A HIGH TURBULENCE,clean,153700.0,4.23,0.706,0.0116,
stec8,E387A HIGH TURBULENCE,clean,153700.0,5.26,0.8,0.0133,
stec8,E387A HIGH TURBULENCE,clean,153700.0,6.28,0.893,0.0121,
stec8,E387A HIGH TURBULENCE,clean,153700.0,7.28,0.982,0.0147,
stec8,E387A HIGH TURBULENCE,clean,153700.0,8.31,1.048,0.0165,
stec8,E387A HIGH TURBULENCE,clean,153700.0,9.33,1.107,0.0222,
stec8,E387A HIGH TURBULENCE,clean,153700.0,10.34,1.134,0.029,
stec8,E387A HIGH TURBULENCE,clean,153700.0,11.34,1.132,0.0402,
stec8,E387A HIGH TURBULENCE,clean,153700.0,12.34,1.123,0.0397,
stec8,E387A HIGH TURBULENCE,clean,153700.0,13.35,1.111,0.0358,
stec8,E387A HIGH TURBULENCE,clean,153700.0,14.33,1.116,0.45,
stec8,E387A HIGH TURBULENCE,clean,201300.0,-3.96,-0.079,0.0187,
stec8,E387A HIGH TURBULENCE,clean,201300.0,-2.93,0.016,0.0144,
stec8,E387A HIGH TURBULENCE,clean,201300.0,-1.89,0.111,0.0121,
stec8,E387A HIGH TURBULENCE,clean,201300.0,-0.86,0.207,0.0113,
stec8,E387A HIGH TURBULENCE,clean,201300.0,0.16,0.299,0.0091,
stec8,E387A HIGH TURBULENCE,clean,201300.0,1.17,0.405,0.0096,
stec8,E387A HIGH TURBULENCE,clean,201300.0,2.19,0.507,0.0106,
stec8,E387A HIGH TURBULENCE,clean,201300.0,3.21,0.604,0.0103,
stec8,E387A HIGH TURBULENCE,clean,201300.0,4.23,0.702,0.0114,
stec8,E387A HIGH TURBULENCE,clean,201300.0,5.25,0.795,0.012,
stec8,E387A HIGH TURBULENCE,clean,201300.0,6.27,0.888,0.0133,
stec8,E387A HIGH TURBULENCE,clean,201300.0,7.3,0.969,0.0165,
stec8,E387A HIGH TURBULENCE,clean,201300.0,8.31,1.036,0.0195,
stec8,E387A HIGH TURBULENCE,clean,201300.0,9.32,1.093,0.0243,
stec8,E387A HIGH TURBULENCE,clean,201300.0,10.34,1.12,0.0303,
stec8,E387A HIGH TURBULENCE,clean,201300.0,11.34,1.117,0.0388,
stec8,E387A HIGH TURBULENCE,clean,201300.0,12.32,1.109,0.0426,
stec8,E387A HIGH TURBULENCE,clean,301300.0,-3.98,-0.089,0.016,
stec8,E387A HIGH TURBULENCE,clean,301300.0,-2.97,0.001,0.0127,
stec8,E387A HIGH TURBULENCE,clean,301300.0,-1.91,0.1,0.011,
stec8,E387A HIGH TURBULENCE,clean,301300.0,-0.9,0.197,0.0103,
stec8,E387A HIGH TURBULENCE,clean,301300.0,0.13,0.296,0.008,
stec8,E387A HIGH TURBULENCE,clean,301300.0,1.16,0.399,0.0083,
stec8,E387A HIGH TURBULENCE,clean,301300.0,2.19,0.502,0.0087,
stec8,E387A HIGH TURBULENCE,clean,301300.0,3.21,0.601,0.009,
stec8,E387A HIGH TURBULENCE,clean,301300.0,4.24,0.699,0.0101,
stec8,E387A HIGH TURBULENCE,clean,301300.0,5.26,0.793,0.0103,
stec8,E387A HIGH TURBULENCE,clean,301300.0,6.27,0.881,0.0112,
stec8,E387A HIGH TURBULENCE,clean,301300.0,7.3,0.959,0.0143,
stec8,E387A HIGH TURBULENCE,clean,301300.0,8.31,1.028,0.0175,
stec8,E387A HIGH TURBULENCE,clean,301300.0,9.33,1.086,0.0225,
stec8,E387A HIGH TURBULENCE,clean,301300.0,10.33,1.116,0.0285,
stec8,E387A HIGH TURBULENCE,clean,301300.0,11.33,1.115,0.0416,
stec8,E387A HIGH TURBULENCE,clean,301300.0,12.33,1.105,0.0487,
stec8,E387A HIGH TURBULENCE,clean,301300.0,13.33,1.088,0.0682,
stec8,E387A HIGH TURBULENCE,clean,301300.0,14.32,1.069,0.0798,
stec8,E387A REPEAT,clean,99500.0,-3.95,-0.152,0.0274,
stec8,E387A REPEAT,clean,99500.0,-2.9,-0.005,0.0193,
stec8,E387A REPEAT,clean,99500.0,-1.87,0.127,0.0146,
stec8,E387A REPEAT,clean,99500.0,-0.88,0.221,0.0146,
stec8,E387A REPEAT,clean,99500.0,0.16,0.318,0.0154,
stec8,E387A REPEAT,clean,99500.0,1.18,0.413,0.0175,
stec8,E387A REPEAT,clean,99500.0,2.19,0.506,0.0183,
stec8,E387A REPEAT,clean,99500.0,3.21,0.599,0.0218,
stec8,E387A REPEAT,clean,99500.0,4.22,0.683,0.0221,
stec8,E387A REPEAT,clean,99500.0,5.25,0.78,0.0224,
stec8,E387A REPEAT,clean,99500.0,6.27,0.876,0.0217,
stec8,E387A REPEAT,clean,99500.0,7.29,0.973,0.0196,
stec8,E387A REPEAT,clean,99500.0,8.32,1.059,0.0203,
stec8,E387A REPEAT,clean,99500.0,9.32,1.106,0.0256,
stec8,E387A REPEAT,clean,99500.0,10.32,1.12,0.0345,
stec8,E387A REPEAT,clean,149600.0,-2.9,0.025,0.0147,
stec8,E387A REPEAT,clean,149600.0,-1.88,0.114,0.013,
stec8,E387A REPEAT,clean,149600.0,-0.89,0.195,0.0107,
stec8,E387A REPEAT,clean,149600.0,0.14,0.298,0.0114,
stec8,E387A REPEAT,clean,149600.0,1.16,0.398,0.0123,
stec8,E387A REPEAT,clean,149600.0,2.18,0.501,0.0133,
stec8,E387A REPEAT,clean,149600.0,3.21,0.601,0.0145,
stec8,E387A REPEAT,clean,149600.0,4.24,0.702,0.0153,
stec8,E387A REPEAT,clean,149600.0,5.26,0.8,0.0153,
stec8,E387A REPEAT,clean,149600.0,6.27,0.894,0.0159,
stec8,E387A REPEAT,clean,149600.0,7.3,0.988,0.0154,
stec8,E387A REPEAT,clean,149600.0,8.31,1.058,0.0186,
stec8,E387A REPEAT,clean,149600.0,9.34,1.104,0.0249,
stec8,E387A REPEAT,clean,202000.0,-3.94,-0.096,0.0179,
stec8,E387A REPEAT,clean,202000.0,-2.94,-0.005,0.0138,
stec8,E387A REPEAT,clean,202000.0,-1.9,0.089,0.0118,
stec8,E387A REPEAT,clean,202000.0,-0.88,0.183,0.0092,
stec8,E387A REPEAT,clean,202000.0,0.16,0.285,0.0088,
stec8,E387A REPEAT,clean,202000.0,1.18,0.389,0.0102,
stec8,E387A REPEAT,clean,202000.0,2.2,0.493,0.0107,
stec8,E387A REPEAT,clean,202000.0,3.21,0.595,0.0116,
stec8,E387A REPEAT,clean,202000.0,4.24,0.695,0.0121,
stec8,E387A REPEAT,clean,202000.0,5.26,0.794,0.013,
stec8,E387A REPEAT,clean,202000.0,6.27,0.893,0.013,
stec8,E387A REPEAT,clean,202000.0,7.29,0.98,0.014,
stec8,E387A REPEAT,clean,202000.0,8.3,1.044,0.0185,
stec8,E387A REPEAT,clean,202000.0,9.33,1.092,0.0245,
stec8,E387A REPEAT,clean,202000.0,10.33,1.12,0.0322,
stec8,E387A REPEAT,clean,202000.0,11.33,1.12,0.0434,
stec8,E387A REPEAT,clean,302200.0,-3.94,-0.11,0.0164,
stec8,E387A REPEAT,clean,302200.0,-2.97,-0.018,0.0128,
stec8,E387A REPEAT,clean,302200.0,-1.91,0.082,0.0105,
stec8,E387A REPEAT,clean,302200.0,-0.89,0.183,0.0096,
stec8,E387A REPEAT,clean,302200.0,0.15,0.284,0.0082,
stec8,E387A REPEAT,clean,302200.0,1.18,0.396,0.0085,
stec8,E387A REPEAT,clean,302200.0,2.2,0.501,0.0088,
stec8,E387A REPEAT,clean,302200.0,3.22,0.605,0.0097,
stec8,E387A REPEAT,clean,302200.0,4.24,0.708,0.01,
stec8,E387A REPEAT,clean,302200.0,5.27,0.81,0.0107,
stec8,E387A REPEAT,clean,302200.0,6.29,0.905,0.0111,
stec8,E387A REPEAT,clean,302200.0,7.3,0.985,0.0137,
stec8,E387A REPEAT,clean,302200.0,8.32,1.05,0.0175,
stec8,E387A REPEAT,clean,302200.0,9.33,1.102,0.0231,
stec8,E387A REPEAT,clean,302200.0,10.34,1.131,0.0309,
stec8,"E387A UST .020, .125, 20%",clean,101500.0,-2.9,0.015,0.0173,
stec8,"E387A UST .020, .125, 20%",clean,101500.0,-1.39,0.147,0.012,
stec8,"E387A UST .020, .125, 20%",clean,101500.0,0.16,0.297,0.0118,
stec8,"E387A UST .020, .125, 20%",clean,101500.0,1.68,0.445,0.0139,
stec8,"E387A UST .020, .125, 20%",clean,101500.0,3.21,0.595,0.0151,
stec8,"E387A UST .020, .125, 20%",clean,101500.0,4.75,0.742,0.0165,
stec8,"E387A UST .020, .125, 20%",clean,101500.0,6.28,0.887,0.0176,
stec8,"E387A UST .020, .125, 20%",clean,101500.0,7.3,0.977,0.0196,
stec8,"E387A UST .020, .125, 20%",clean,101500.0,8.31,1.059,0.0204,
stec8,"E387A UST .020, .125, 20%",clean,101500.0,9.33,1.096,0.0266,
stec8,"E387A UST .020, .125, 20%",clean,101500.0,10.34,1.102,0.0378,
stec8,"E387A UST .020, .125, 20%",clean,101500.0,11.32,1.103,0.0535,
stec8,"E387A UST .020, .125, 20%",clean,153000.0,-2.91,0.0,0.0152,
stec8,"E387A UST .020, .125, 20%",clean,153000.0,-1.38,0.139,0.0113,
stec8,"E387A UST .020, .125, 20%",clean,153000.0,0.15,0.288,0.0101,
stec8,"E387A UST .020, .125, 20%",clean,153000.0,1.67,0.443,0.0112,
stec8,"E387A UST .020, .125, 20%",clean,153000.0,3.23,0.599,0.0122,
stec8,"E387A UST .020, .125, 20%",clean,153000.0,4.76,0.749,0.0135,
stec8,"E387A UST .020, .125, 20%",clean,153000.0,6.27,0.893,0.0143,
stec8,"E387A UST .020, .125, 20%",clean,153000.0,7.3,0.982,0.0168,
stec8,"E387A UST .020, .125, 20%",clean,153000.0,8.32,1.059,0.0191,
stec8,"E387A UST .020, .125, 20%",clean,153000.0,9.33,1.098,0.0265,
stec8,"E387A UST .020, .125, 20%",clean,153000.0,10.34,1.115,0.0362,
stec8,"E387A UST .020, .125, 20%",clean,153000.0,11.33,1.11,0.0484,
stec8,"E387A UST .020, .125, 20%",clean,200400.0,-3.92,-0.092,0.0177,
stec8,"E387A UST .020, .125, 20%",clean,200400.0,-2.91,-0.001,0.0138,
stec8,"E387A UST .020, .125, 20%",clean,200400.0,-1.89,0.095,0.0119,
stec8,"E387A UST .020, .125, 20%",clean,200400.0,-0.88,0.188,0.0102,
stec8,"E387A UST .020, .125, 20%",clean,200400.0,0.16,0.292,0.0092,
stec8,"E387A UST .020, .125, 20%",clean,200400.0,1.18,0.397,0.0094,
stec8,"E387A UST .020, .125, 20%",clean,200400.0,2.2,0.5,0.0104,
stec8,"E387A UST .020, .125, 20%",clean,200400.0,3.22,0.602,0.0109,
stec8,"E387A UST .020, .125, 20%",clean,200400.0,4.24,0.702,0.012,
stec8,"E387A UST .020, .125, 20%",clean,200400.0,5.27,0.8,0.0123,
stec8,"E387A UST .020, .125, 20%",clean,200400.0,6.29,0.896,0.0136,
stec8,"E387A UST .020, .125, 20%",clean,200400.0,7.31,0.984,0.0157,
stec8,"E387A UST .020, .125, 20%",clean,200400.0,8.33,1.055,0.0196,
stec8,"E387A UST .020, .125, 20%",clean,200400.0,9.33,1.1,0.026,
stec8,"E387A UST .020, .125, 20%",clean,200400.0,10.35,1.121,0.0349,
stec8,"E387A UST .020, .125, 20%",clean,311800.0,-3.95,-0.11,0.0173,
stec8,"E387A UST .020, .125, 20%",clean,311800.0,-2.95,-0.018,0.0134,
stec8,"E387A UST .020, .125, 20%",clean,311800.0,-1.94,0.081,0.0114,
stec8,"E387A UST .020, .125, 20%",clean,311800.0,-0.91,0.182,0.01,
stec8,"E387A UST .020, .125, 20%",clean,311800.0,0.13,0.282,0.0083,
stec8,"E387A UST .020, .125, 20%",clean,311800.0,1.17,0.394,0.0089,
stec8,"E387A UST .020, .125, 20%",clean,311800.0,2.19,0.496,0.0093,
stec8,"E387A UST .020, .125, 20%",clean,311800.0,3.22,0.599,0.0103,
stec8,"E387A UST .020, .125, 20%",clean,311800.0,4.24,0.699,0.0111,
stec8,"E387A UST .020, .125, 20%",clean,311800.0,5.26,0.797,0.0116,
stec8,"E387A UST .020, .125, 20%",clean,311800.0,6.28,0.891,0.0131,
stec8,"E387A UST .020, .125, 20%",clean,311800.0,7.31,0.979,0.0146,
stec8,"E387A UST .020, .125, 20%",clean,311800.0,8.31,1.042,0.0187,
stec8,"E387A UST .020, .125, 20%",clean,311800.0,9.32,1.093,0.024,
stec8,"E387A UST .020, .125, 20%",clean,311800.0,10.34,1.114,0.0324,
stec8,"E387A UST .020, .125, 20%",clean,311800.0,11.32,1.109,0.0495,
stec8,"E387A UST .020, .125, 20%",clean,311800.0,12.32,1.1,0.0678,
stec8,FLAT PLATE,clean,100100.0,-3.99,-0.383,0.0335,
stec8,FLAT PLATE,clean,100100.0,-2.96,-0.274,0.0238,
stec8,FLAT PLATE,clean,100100.0,-1.95,-0.186,0.0181,
stec8,FLAT PLATE,clean,100100.0,-0.91,-0.077,0.0152,
stec8,FLAT PLATE,clean,100100.0,0.1,0.017,0.0143,
stec8,FLAT PLATE,clean,100100.0,1.13,0.127,0.017,
stec8,FLAT PLATE,clean,100100.0,2.14,0.216,0.018,
stec8,FLAT PLATE,clean,100100.0,3.16,0.324,0.0263,
stec8,FLAT PLATE,clean,100100.0,4.19,0.417,0.0365,
stec8,FLAT PLATE,clean,100100.0,5.2,0.517,0.0544,
stec8,FLAT PLATE,clean,100100.0,6.24,0.614,0.0723,
stec8,FLAT PLATE,clean,100100.0,7.24,0.674,0.0921,
stec8,FLAT PLATE,clean,199700.0,-3.98,-0.379,0.029,
stec8,FLAT PLATE,clean,199700.0,-2.97,-0.28,0.0204,
stec8,FLAT PLATE,clean,199700.0,-1.95,-0.184,0.015,
stec8,FLAT PLATE,clean,199700.0,-0.92,-0.082,0.0144,
stec8,FLAT PLATE,clean,199700.0,0.1,0.014,0.0143,
stec8,FLAT PLATE,clean,199700.0,1.12,0.109,0.0135,
stec8,FLAT PLATE,clean,199700.0,2.15,0.211,0.0171,
stec8,FLAT PLATE,clean,199700.0,3.16,0.307,0.0243,
stec8,FLAT PLATE,clean,199700.0,4.18,0.404,0.0348,
stec8,FLAT PLATE,clean,199700.0,5.2,0.506,0.0494,
stec8,FLAT PLATE,clean,199700.0,6.23,0.609,0.0705,
stec8,FLAT PLATE,clean,300400.0,-3.99,-0.374,0.0301,
stec8,FLAT PLATE,clean,300400.0,-2.97,-0.275,0.0207,
stec8,FLAT PLATE,clean,300400.0,-1.94,-0.178,0.0139,
stec8,FLAT PLATE,clean,300400.0,-0.93,-0.078,0.0138,
stec8,FLAT PLATE,clean,300400.0,0.1,0.015,0.0131,
stec8,FLAT PLATE,clean,300400.0,1.12,0.11,0.0143,
stec8,FLAT PLATE,clean,300400.0,2.15,0.211,0.0158,
stec8,FLAT PLATE,clean,300400.0,3.16,0.31,0.0232,
stec8,FLAT PLATE,clean,300400.0,4.19,0.407,0.0342,
stec8,FLAT PLATE,clean,300400.0,5.21,0.508,0.0491,
stec8,FLAT PLATE,clean,300400.0,6.22,0.606,0.0691,
stec8,FLAT PLATE,clean,300400.0,7.25,0.685,0.0959,
stec8,FX60-100,clean,59600.0,-3.94,-0.148,0.0268,
stec8,FX60-100,clean,59600.0,-2.42,-0.052,0.0209,
stec8,FX60-100,clean,59600.0,-0.9,0.065,0.0185,
stec8,FX60-100,clean,59600.0,0.65,0.225,0.0194,
stec8,FX60-100,clean,59600.0,2.18,0.461,0.0232,
stec8,FX60-100,clean,59600.0,3.73,0.635,0.025,
stec8,FX60-100,clean,59600.0,5.24,0.769,0.0228,
stec8,FX60-100,clean,59600.0,6.78,0.889,0.0227,
stec8,FX60-100,clean,59600.0,8.31,1.007,0.0216,
stec8,FX60-100,clean,59600.0,9.83,1.1,0.0335,
stec8,FX60-100,clean,59600.0,11.34,1.151,0.0445,
stec8,FX60-100,clean,99400.0,-4.98,-0.286,0.0314,
stec8,FX60-100,clean,99400.0,-3.94,-0.2,0.0231,
stec8,FX60-100,clean,99400.0,-2.91,-0.104,0.0188,
stec8,FX60-100,clean,99400.0,-1.91,0.008,0.0162,
stec8,FX60-100,clean,99400.0,-0.89,0.138,0.0166,
stec8,FX60-100,clean,99400.0,0.16,0.282,0.0166,
stec8,FX60-100,clean,99400.0,1.18,0.415,0.0161,
stec8,FX60-100,clean,99400.0,2.21,0.522,0.016,
stec8,FX60-100,clean,99400.0,3.23,0.622,0.0163,
stec8,FX60-100,clean,99400.0,4.24,0.713,0.0164,
stec8,FX60-100,clean,99400.0,5.27,0.804,0.0166,
stec8,FX60-100,clean,99400.0,6.28,0.897,0.017,
stec8,FX60-100,clean,99400.0,7.31,0.983,0.0187,
stec8,FX60-100,clean,99400.0,8.32,1.062,0.0223,
stec8,FX60-100,clean,99400.0,9.34,1.135,0.0246,
stec8,FX60-100,clean,99400.0,10.35,1.192,0.0309,
stec8,FX60-100,clean,99400.0,11.36,1.219,0.0402,
stec8,FX60-100,clean,152300.0,-3.95,-0.175,0.0203,
stec8,FX60-100,clean,152300.0,-2.93,-0.05,0.0183,
stec8,FX60-100,clean,152300.0,-1.9,0.1,0.0153,
stec8,FX60-100,clean,152300.0,-0.87,0.224,0.0135,
stec8,FX60-100,clean,152300.0,0.16,0.337,0.0137,
stec8,FX60-100,clean,152300.0,1.17,0.43,0.0128,
stec8,FX60-100,clean,152300.0,2.19,0.52,0.0119,
stec8,FX60-100,clean,152300.0,3.23,0.621,0.0118,
stec8,FX60-100,clean,152300.0,4.25,0.722,0.012,
stec8,FX60-100,clean,152300.0,5.26,0.814,0.0134,
stec8,FX60-100,clean,152300.0,6.29,0.902,0.0148,
stec8,FX60-100,clean,152300.0,7.31,0.989,0.0171,
stec8,FX60-100,clean,152300.0,8.32,1.067,0.0201,
stec8,FX60-100,clean,152300.0,9.33,1.134,0.0248,
stec8,FX60-100,clean,152300.0,10.34,1.177,0.0304,
stec8,FX60-100,clean,152300.0,11.35,1.189,0.042,
stec8,FX60-100,clean,152300.0,12.35,1.169,0.0513,
stec8,FX60-100,clean,203400.0,-5.0,-0.295,0.0287,
stec8,FX60-100,clean,203400.0,-3.95,-0.186,0.0193,
stec8,FX60-100,clean,203400.0,-2.92,-0.054,0.0149,
stec8,FX60-100,clean,203400.0,-1.9,0.087,0.0114,
stec8,FX60-100,clean,203400.0,-0.89,0.206,0.0105,
stec8,FX60-100,clean,203400.0,0.16,0.31,0.0108,
stec8,FX60-100,clean,203400.0,1.17,0.412,0.0104,
stec8,FX60-100,clean,203400.0,2.21,0.512,0.0104,
stec8,FX60-100,clean,203400.0,3.21,0.606,0.0101,
stec8,FX60-100,clean,203400.0,4.23,0.701,0.0105,
stec8,FX60-100,clean,203400.0,5.26,0.796,0.0116,
stec8,FX60-100,clean,203400.0,6.28,0.886,0.0136,
stec8,FX60-100,clean,203400.0,7.3,0.973,0.0158,
stec8,FX60-100,clean,203400.0,8.31,1.052,0.0185,
stec8,FX60-100,clean,203400.0,9.33,1.12,0.0233,
stec8,FX60-100,clean,203400.0,10.34,1.168,0.0299,
stec8,FX60-100,clean,203400.0,11.36,1.19,0.0393,
stec8,FX60-100,clean,298800.0,-2.92,0.012,0.0123,
stec8,FX60-100,clean,298800.0,-1.88,0.128,0.0104,
stec8,FX60-100,clean,298800.0,-0.86,0.236,0.0093,
stec8,FX60-100,clean,298800.0,0.17,0.34,0.0093,
stec8,FX60-100,clean,298800.0,1.18,0.441,0.0093,
stec8,FX60-100,clean,298800.0,2.21,0.541,0.0095,
stec8,FX60-100,clean,298800.0,3.21,0.635,0.0097,
stec8,FX60-100,clean,298800.0,4.22,0.721,0.0098,
stec8,FX60-100,clean,298800.0,5.26,0.812,0.0112,
stec8,FX60-100,clean,298800.0,6.27,0.9,0.0129,
stec8,FX60-100,clean,298800.0,7.28,0.982,0.0148,
stec8,FX63-137A,clean,200100.0,-6.92,-0.021,0.036,
stec8,FX63-137A,clean,200100.0,-5.89,0.085,0.0201,
stec8,FX63-137A,clean,200100.0,-4.88,0.186,0.0172,
stec8,FX63-137A,clean,200100.0,-3.85,0.292,0.0149,
stec8,FX63-137A,clean,200100.0,-2.83,0.403,0.0142,
stec8,FX63-137A,clean,200100.0,-1.8,0.515,0.0142,
stec8,FX63-137A,clean,200100.0,-0.79,0.61,0.0149,
stec8,FX63-137A,clean,200100.0,0.24,0.724,0.0156,
stec8,FX63-137A,clean,200100.0,1.27,0.829,0.0159,
stec8,FX63-137A,clean,200100.0,2.3,0.931,0.0167,
stec8,FX63-137A,clean,200100.0,3.32,1.031,0.0163,
stec8,FX63-137A,clean,200100.0,4.33,1.122,0.0163,
stec8,FX63-137A,clean,200100.0,5.36,1.21,0.0166,
stec8,FX63-137A,clean,200100.0,6.38,1.299,0.0175,
stec8,FX63-137A,clean,200100.0,7.39,1.385,0.0185,
stec8,FX63-137A,clean,200100.0,8.41,1.46,0.0198,
stec8,FX63-137A,clean,200100.0,9.42,1.525,0.0219,
stec8,FX63-137A,clean,200100.0,10.43,1.573,0.0254,
stec8,FX63-137A,clean,200100.0,11.44,1.599,0.0298,
stec8,FX63-137A,clean,200100.0,12.44,1.607,0.0368,
stec8,FX63-137A,clean,299500.0,-6.91,-0.028,0.0248,
stec8,FX63-137A,clean,299500.0,-5.89,0.088,0.0165,
stec8,FX63-137A,clean,299500.0,-4.88,0.191,0.0144,
stec8,FX63-137A,clean,299500.0,-3.85,0.301,0.0128,
stec8,FX63-137A,clean,299500.0,-2.83,0.412,0.0123,
stec8,FX63-137A,clean,299500.0,-1.79,0.527,0.0116,
stec8,FX63-137A,clean,299500.0,-0.77,0.635,0.0121,
stec8,FX63-137A,clean,299500.0,0.23,0.736,0.0122,
stec8,FX63-137A,clean,299500.0,1.24,0.838,0.0123,
stec8,FX63-137A,clean,299500.0,2.23,0.935,0.0125,
stec8,FX63-137A,clean,299500.0,3.2,1.024,0.013,
stec8,FX63-137A,clean,299500.0,4.28,1.125,0.0136,
stec8,FX63-137A,clean,299500.0,5.34,1.22,0.0144,
stec8,FX63-137A,clean,299500.0,6.37,1.3,0.0155,
stec8,FX63-137A,clean,299500.0,7.39,1.379,0.0165,
stec8,FX63-137A,clean,299500.0,8.4,1.452,0.0183,
stec8,FX63-137A,clean,299500.0,9.41,1.512,0.0205,
stec8,FX63-137A,clean,299500.0,10.43,1.552,0.024,
stec8,FX63-137A,clean,299500.0,11.44,1.571,0.0295,
stec8,FX63-137B,clean,100800.0,-3.87,0.21,0.0308,
stec8,FX63-137B,clean,100800.0,-2.85,0.345,0.0279,
stec8,FX63-137B,clean,100800.0,-1.82,0.473,0.0276,
stec8,FX63-137B,clean,100800.0,-0.79,0.581,0.0287,
stec8,FX63-137B,clean,100800.0,0.22,0.684,0.0265,
stec8,FX63-137B,clean,100800.0,1.26,0.778,0.026,
stec8,FX63-137B,clean,100800.0,2.27,0.87,0.0271,
stec8,FX63-137B,clean,100800.0,3.3,0.974,0.0263,
stec8,FX63-137B,clean,100800.0,4.32,1.074,0.0249,
stec8,FX63-137B,clean,100800.0,5.34,1.174,0.0234,
stec8,FX63-137B,clean,100800.0,6.36,1.277,0.0262,
stec8,FX63-137B,clean,100800.0,7.39,1.373,0.0259,
stec8,FX63-137B,clean,100800.0,8.4,1.459,0.0274,
stec8,FX63-137B,clean,100800.0,9.42,1.532,0.0291,
stec8,FX63-137B,clean,100800.0,10.42,1.56,0.0353,
stec8,FX63-137B,clean,100800.0,11.44,1.597,0.0522,
stec8,FX63-137B,clean,155600.0,-6.93,-0.092,0.0463,
stec8,FX63-137B,clean,155600.0,-5.9,0.056,0.0233,
stec8,FX63-137B,clean,155600.0,-4.89,0.164,0.0196,
stec8,FX63-137B,clean,155600.0,-3.86,0.273,0.0175,
stec8,FX63-137B,clean,155600.0,-2.83,0.39,0.0162,
stec8,FX63-137B,clean,155600.0,-1.81,0.499,0.0157,
stec8,FX63-137B,clean,155600.0,-0.79,0.604,0.0166,
stec8,FX63-137B,clean,155600.0,0.25,0.707,0.0172,
stec8,FX63-137B,clean,155600.0,1.26,0.811,0.0182,
stec8,FX63-137B,clean,155600.0,2.29,0.912,0.0184,
stec8,FX63-137B,clean,155600.0,3.3,1.008,0.0186,
stec8,FX63-137B,clean,155600.0,4.32,1.1,0.0183,
stec8,FX63-137B,clean,155600.0,5.35,1.196,0.0193,
stec8,FX63-137B,clean,155600.0,6.36,1.29,0.0202,
stec8,FX63-137B,clean,155600.0,7.38,1.379,0.0219,
stec8,FX63-137B,clean,155600.0,8.4,1.462,0.0235,
stec8,FX63-137B,clean,155600.0,9.42,1.532,0.0249,
stec8,FX63-137B,clean,155600.0,10.42,1.587,0.0275,
stec8,FX63-137B,clean,155600.0,11.43,1.615,0.0326,
stec8,FX63-137B,clean,200700.0,-5.9,0.083,0.0186,
stec8,FX63-137B,clean,200700.0,-4.88,0.186,0.016,
stec8,FX63-137B,clean,200700.0,-3.86,0.291,0.0148,
stec8,FX63-137B,clean,200700.0,-2.85,0.399,0.0143,
stec8,FX63-137B,clean,200700.0,-1.79,0.52,0.014,
stec8,FX63-137B,clean,200700.0,-0.79,0.626,0.0147,
stec8,FX63-137B,clean,200700.0,0.25,0.733,0.015,
stec8,FX63-137B,clean,200700.0,1.28,0.842,0.0158,
stec8,FX63-137B,clean,200700.0,2.3,0.946,0.0158,
stec8,FX63-137B,clean,200700.0,3.3,1.046,0.0161,
stec8,FX63-137B,clean,200700.0,4.33,1.14,0.0164,
stec8,FX63-137B,clean,200700.0,5.35,1.229,0.0164,
stec8,FX63-137B,clean,200700.0,6.36,1.32,0.0183,
stec8,FX63-137B,clean,200700.0,7.38,1.407,0.0199,
stec8,FX63-137B,clean,200700.0,8.42,1.486,0.0215,
stec8,FX63-137B,clean,200700.0,9.43,1.551,0.0247,
stec8,FX63-137B,clean,200700.0,10.44,1.597,0.0272,
stec8,FX63-137B,clean,200700.0,11.44,1.613,0.0364,
stec8,FX63-137B,clean,200700.0,12.44,1.616,0.0504,
stec8,FX63-137B,clean,200700.0,13.44,1.623,0.0519,
stec8,FX63-137B,clean,308600.0,-6.94,-0.049,0.0329,
stec8,FX63-137B,clean,308600.0,-5.92,0.08,0.016,
stec8,FX63-137B,clean,308600.0,-4.89,0.19,0.0137,
stec8,FX63-137B,clean,308600.0,-3.84,0.304,0.0124,
stec8,FX63-137B,clean,308600.0,-2.83,0.42,0.0118,
stec8,FX63-137B,clean,308600.0,-1.79,0.538,0.0119,
stec8,FX63-137B,clean,308600.0,-0.79,0.647,0.012,
stec8,FX63-137B,clean,308600.0,0.24,0.754,0.0122,
stec8,FX63-137B,clean,308600.0,1.28,0.862,0.0129,
stec8,FX63-137B,clean,308600.0,2.28,0.964,0.013,
stec8,FX63-137B,clean,308600.0,3.31,1.062,0.0134,
stec8,FX63-137B,clean,308600.0,4.33,1.156,0.0139,
stec8,FX63-137B,clean,308600.0,5.36,1.247,0.0146,
stec8,FX63-137B,clean,308600.0,6.37,1.333,0.0148,
stec8,FX63-137B,clean,308600.0,7.39,1.411,0.0162,
stec8,FX63-137B,clean,308600.0,8.42,1.491,0.0185,
stec8,FX63-137B,clean,308600.0,9.42,1.539,0.021,
stec8,FX63-137B,clean,308600.0,10.43,1.575,0.026,
stec8,FX63-137B,clean,308600.0,11.43,1.589,0.0313,
stec8,FX63-137B,clean,308600.0,12.43,1.592,0.0443,
stec8,HQ2/9A,clean,62000.0,-2.95,-0.189,0.0155,
stec8,HQ2/9A,clean,62000.0,-1.94,-0.119,0.0143,
stec8,HQ2/9A,clean,62000.0,-0.92,-0.042,0.0141,
stec8,HQ2/9A,clean,62000.0,0.1,0.08,0.0154,
stec8,HQ2/9A,clean,62000.0,1.13,0.207,0.0175,
stec8,HQ2/9A,clean,62000.0,2.17,0.379,0.0212,
stec8,HQ2/9A,clean,62000.0,3.2,0.53,0.019,
stec8,HQ2/9A,clean,62000.0,4.22,0.609,0.0188,
stec8,HQ2/9A,clean,62000.0,5.24,0.675,0.022,
stec8,HQ2/9A,clean,62000.0,6.26,0.769,0.0281,
stec8,HQ2/9A,clean,62000.0,7.28,0.833,0.0238,
stec8,HQ2/9A,clean,62000.0,8.28,0.887,0.032,
stec8,HQ2/9A,clean,62000.0,9.3,0.936,0.0476,
stec8,HQ2/9A,clean,98300.0,-3.96,-0.219,0.0204,
stec8,HQ2/9A,clean,98300.0,-2.94,-0.139,0.0172,
stec8,HQ2/9A,clean,98300.0,-1.92,-0.051,0.0122,
stec8,HQ2/9A,clean,98300.0,-0.91,0.037,0.0116,
stec8,HQ2/9A,clean,98300.0,0.14,0.165,0.014,
stec8,HQ2/9A,clean,98300.0,1.16,0.321,0.0152,
stec8,HQ2/9A,clean,98300.0,2.19,0.464,0.0144,
stec8,HQ2/9A,clean,98300.0,3.2,0.556,0.0144,
stec8,HQ2/9A,clean,98300.0,4.23,0.649,0.0149,
stec8,HQ2/9A,clean,98300.0,5.25,0.735,0.0153,
stec8,HQ2/9A,clean,98300.0,6.26,0.815,0.0183,
stec8,HQ2/9A,clean,98300.0,7.28,0.878,0.0225,
stec8,HQ2/9A,clean,98300.0,8.29,0.934,0.0282,
stec8,HQ2/9A,clean,98300.0,9.3,0.982,0.0359,
stec8,HQ2/9A,clean,98300.0,10.31,1.008,0.05,
stec8,HQ2/9A,clean,98300.0,11.31,0.979,0.1163,
stec8,HQ2/9A,clean,149000.0,-3.96,-0.213,0.017,
stec8,HQ2/9A,clean,149000.0,-2.94,-0.123,0.0148,
stec8,HQ2/9A,clean,149000.0,-1.92,-0.017,0.0128,
stec8,HQ2/9A,clean,149000.0,-0.88,0.121,0.0113,
stec8,HQ2/9A,clean,149000.0,0.14,0.251,0.0106,
stec8,HQ2/9A,clean,149000.0,1.18,0.366,0.0113,
stec8,HQ2/9A,clean,149000.0,2.2,0.459,0.0107,
stec8,HQ2/9A,clean,149000.0,3.21,0.558,0.011,
stec8,HQ2/9A,clean,149000.0,4.23,0.652,0.0117,
stec8,HQ2/9A,clean,149000.0,5.26,0.738,0.0131,
stec8,HQ2/9A,clean,149000.0,6.27,0.815,0.0162,
stec8,HQ2/9A,clean,149000.0,7.28,0.89,0.0208,
stec8,HQ2/9A,clean,149000.0,8.3,0.955,0.0241,
stec8,HQ2/9A,clean,149000.0,9.31,1.004,0.0323,
stec8,HQ2/9A,clean,149000.0,10.32,1.037,0.0395,
stec8,HQ2/9A,clean,208700.0,-3.96,-0.222,0.0155,
stec8,HQ2/9A,clean,208700.0,-2.93,-0.106,0.0134,
stec8,HQ2/9A,clean,208700.0,-1.9,0.031,0.0108,
stec8,HQ2/9A,clean,208700.0,-0.88,0.158,0.0091,
stec8,HQ2/9A,clean,208700.0,0.15,0.25,0.0088,
stec8,HQ2/9A,clean,208700.0,1.17,0.347,0.0083,
stec8,HQ2/9A,clean,208700.0,2.19,0.452,0.0086,
stec8,HQ2/9A,clean,208700.0,3.21,0.553,0.0092,
stec8,HQ2/9A,clean,208700.0,4.23,0.646,0.0104,
stec8,HQ2/9A,clean,208700.0,5.25,0.737,0.0124,
stec8,HQ2/9A,clean,208700.0,6.27,0.819,0.015,
stec8,HQ2/9A,clean,208700.0,7.3,0.898,0.0184,
stec8,HQ2/9A,clean,208700.0,8.3,0.965,0.0221,
stec8,HQ2/9A,clean,208700.0,9.32,1.015,0.0281,
stec8,HQ2/9A,clean,208700.0,10.32,1.046,0.0371,
stec8,HQ2/9A,clean,208700.0,11.31,1.029,0.0967,
stec8,HQ2/9A,clean,303400.0,-3.96,-0.177,0.0137,
stec8,HQ2/9A,clean,303400.0,-2.94,-0.049,0.0109,
stec8,HQ2/9A,clean,303400.0,-1.91,0.061,0.0084,
stec8,HQ2/9A,clean,303400.0,-0.88,0.154,0.0072,
stec8,HQ2/9A,clean,303400.0,0.14,0.25,0.0075,
stec8,HQ2/9A,clean,303400.0,1.18,0.348,0.0072,
stec8,HQ2/9A,clean,303400.0,2.19,0.457,0.0075,
stec8,HQ2/9A,clean,303400.0,3.21,0.564,0.0084,
stec8,HQ2/9A,clean,303400.0,4.24,0.657,0.0101,
stec8,HQ2/9A,clean,303400.0,5.25,0.742,0.0125,
stec8,HQ2/9A,clean,303400.0,6.27,0.826,0.0145,
stec8,HQ2/9A,clean,303400.0,7.28,0.907,0.0171,
stec8,HQ2/9A,clean,303400.0,8.31,0.981,0.0203,
stec8,HQ2/9A,clean,303400.0,9.31,1.038,0.0249,
stec8,HQ2/9A,clean,303400.0,10.33,1.076,0.0324,
stec8,HQ2/9A,clean,303400.0,11.32,1.079,0.0437,
stec8,HQ2/9B,clean,60800.0,-2.94,-0.146,0.0197,
stec8,HQ2/9B,clean,60800.0,-1.43,-0.026,0.0156,
stec8,HQ2/9B,clean,60800.0,0.1,0.116,0.0155,
stec8,HQ2/9B,clean,60800.0,1.65,0.329,0.0179,
stec8,HQ2/9B,clean,60800.0,3.19,0.539,0.0195,
stec8,HQ2/9B,clean,60800.0,4.74,0.663,0.0188,
stec8,HQ2/9B,clean,60800.0,6.26,0.781,0.0228,
stec8,HQ2/9B,clean,60800.0,7.77,0.863,0.0282,
stec8,HQ2/9B,clean,60800.0,9.3,0.928,0.0422,
stec8,HQ2/9B,clean,60800.0,10.8,0.962,0.0751,
stec8,HQ2/9B,clean,100100.0,-2.94,-0.143,0.0189,
stec8,HQ2/9B,clean,100100.0,-1.42,-0.014,0.0134,
stec8,HQ2/9B,clean,100100.0,0.13,0.149,0.015,
stec8,HQ2/9B,clean,100100.0,1.66,0.382,0.0161,
stec8,HQ2/9B,clean,100100.0,3.2,0.559,0.0149,
stec8,HQ2/9B,clean,100100.0,4.75,0.69,0.0148,
stec8,HQ2/9B,clean,100100.0,6.26,0.825,0.016,
stec8,HQ2/9B,clean,100100.0,7.77,0.904,0.0249,
stec8,HQ2/9B,clean,100100.0,9.31,0.98,0.0386,
stec8,HQ2/9B,clean,100100.0,10.79,0.999,0.0707,
stec8,HQ2/9B,clean,100100.0,12.3,0.935,0.1433,
stec8,HQ2/9B,clean,100100.0,13.77,0.849,0.1783,
stec8,HQ2/9B,clean,152000.0,-2.94,-0.149,0.0151,
stec8,HQ2/9B,clean,152000.0,-1.39,0.025,0.0124,
stec8,HQ2/9B,clean,152000.0,0.12,0.231,0.0103,
stec8,HQ2/9B,clean,152000.0,1.67,0.393,0.0107,
stec8,HQ2/9B,clean,152000.0,3.2,0.538,0.0116,
stec8,HQ2/9B,clean,152000.0,4.73,0.68,0.0116,
stec8,HQ2/9B,clean,152000.0,6.26,0.802,0.0153,
stec8,HQ2/9B,clean,152000.0,7.78,0.902,0.0214,
stec8,HQ2/9B,clean,152000.0,9.29,0.973,0.0314,
stec8,HQ2/9B,clean,152000.0,10.8,1.02,0.0508,
stec8,HQ2/9B,clean,152000.0,12.3,0.979,0.1425,
stec8,HQ2/9B,clean,152000.0,13.76,0.888,0.209,
stec8,HQ2/9B,clean,202400.0,-3.97,-0.218,0.0158,
stec8,HQ2/9B,clean,202400.0,-2.46,-0.051,0.0128,
stec8,HQ2/9B,clean,202400.0,-0.9,0.151,0.0102,
stec8,HQ2/9B,clean,202400.0,0.63,0.295,0.0086,
stec8,HQ2/9B,clean,202400.0,2.18,0.452,0.0092,
stec8,HQ2/9B,clean,202400.0,3.71,0.603,0.0097,
stec8,HQ2/9B,clean,202400.0,5.25,0.739,0.0119,
stec8,HQ2/9B,clean,202400.0,6.75,0.855,0.0166,
stec8,HQ2/9B,clean,202400.0,8.29,0.95,0.0242,
stec8,HQ2/9B,clean,202400.0,9.79,1.014,0.035,
stec8,HQ2/9B,clean,303500.0,-4.01,-0.201,0.0132,
stec8,HQ2/9B,clean,303500.0,-2.49,-0.012,0.0102,
stec8,HQ2/9B,clean,303500.0,-0.95,0.142,0.0077,
stec8,HQ2/9B,clean,303500.0,0.62,0.287,0.0074,
stec8,HQ2/9B,clean,303500.0,2.15,0.445,0.0075,
stec8,HQ2/9B,clean,303500.0,3.7,0.604,0.0086,
stec8,HQ2/9B,clean,303500.0,5.22,0.739,0.0117,
stec8,HQ2/9B,clean,303500.0,6.76,0.864,0.0155,
stec8,HQ2/9B,clean,303500.0,8.3,0.968,0.0218,
stec8,HQ2/9B,clean,303500.0,9.81,1.037,0.0307,
stec8,HQ2/9B,clean,303500.0,11.31,1.053,0.0736,
stec8,HQ2/9B,clean,303500.0,12.73,1.011,0.1481,
stec8,"HQ2/9A UST .020, .125, 20%",clean,98200.0,-3.95,-0.236,0.0205,
stec8,"HQ2/9A UST .020, .125, 20%",clean,98200.0,-2.95,-0.155,0.0166,
stec8,"HQ2/9A UST .020, .125, 20%",clean,98200.0,-1.93,-0.045,0.0131,
stec8,"HQ2/9A UST .020, .125, 20%",clean,98200.0,-0.88,0.084,0.0144,
stec8,"HQ2/9A UST .020, .125, 20%",clean,98200.0,0.14,0.226,0.0136,
stec8,"HQ2/9A UST .020, .125, 20%",clean,98200.0,1.15,0.338,0.0133,
stec8,"HQ2/9A UST .020, .125, 20%",clean,98200.0,2.19,0.439,0.0134,
stec8,"HQ2/9A UST .020, .125, 20%",clean,98200.0,3.19,0.542,0.0139,
stec8,"HQ2/9A UST .020, .125, 20%",clean,98200.0,4.23,0.647,0.0156,
stec8,"HQ2/9A UST .020, .125, 20%",clean,98200.0,5.25,0.742,0.0154,
stec8,"HQ2/9A UST .020, .125, 20%",clean,98200.0,6.26,0.826,0.0192,
stec8,"HQ2/9A UST .020, .125, 20%",clean,98200.0,7.27,0.886,0.0243,
stec8,"HQ2/9A UST .020, .125, 20%",clean,98200.0,8.3,0.945,0.0307,
stec8,"HQ2/9A UST .020, .125, 20%",clean,98200.0,9.3,0.992,0.0386,
stec8,"HQ2/9A UST .020, .125, 20%",clean,98200.0,10.31,1.022,0.0532,
stec8,"HQ2/9A UST .020, .125, 20%",clean,98200.0,11.3,1.001,0.1139,
stec8,"HQ2/9A UST .020, .125, 20%",clean,151600.0,-3.97,-0.209,0.0163,
stec8,"HQ2/9A UST .020, .125, 20%",clean,151600.0,-2.94,-0.089,0.0139,
stec8,"HQ2/9A UST .020, .125, 20%",clean,151600.0,-1.93,0.029,0.0107,
stec8,"HQ2/9A UST .020, .125, 20%",clean,151600.0,-0.9,0.129,0.0101,
stec8,"HQ2/9A UST .020, .125, 20%",clean,151600.0,0.13,0.227,0.0092,
stec8,"HQ2/9A UST .020, .125, 20%",clean,151600.0,1.15,0.339,0.0098,
stec8,"HQ2/9A UST .020, .125, 20%",clean,151600.0,2.18,0.443,0.01,
stec8,"HQ2/9A UST .020, .125, 20%",clean,151600.0,3.21,0.544,0.0106,
stec8,"HQ2/9A UST .020, .125, 20%",clean,151600.0,4.22,0.642,0.0125,
stec8,"HQ2/9A UST .020, .125, 20%",clean,151600.0,5.24,0.734,0.0143,
stec8,"HQ2/9A UST .020, .125, 20%",clean,151600.0,6.26,0.821,0.0168,
stec8,"HQ2/9A UST .020, .125, 20%",clean,151600.0,7.29,0.893,0.0214,
stec8,"HQ2/9A UST .020, .125, 20%",clean,151600.0,8.31,0.959,0.0253,
stec8,"HQ2/9A UST .020, .125, 20%",clean,151600.0,9.31,1.01,0.0332,
stec8,"HQ2/9A UST .020, .125, 20%",clean,202100.0,-3.96,-0.171,0.015,
stec8,"HQ2/9A UST .020, .125, 20%",clean,202100.0,-2.94,-0.056,0.0125,
stec8,"HQ2/9A UST .020, .125, 20%",clean,202100.0,-1.93,0.046,0.0094,
stec8,"HQ2/9A UST .020, .125, 20%",clean,202100.0,-0.91,0.135,0.0088,
stec8,"HQ2/9A UST .020, .125, 20%",clean,202100.0,0.1,0.227,0.0089,
stec8,"HQ2/9A UST .020, .125, 20%",clean,202100.0,1.15,0.331,0.0088,
stec8,"HQ2/9A UST .020, .125, 20%",clean,202100.0,2.17,0.436,0.0095,
stec8,"HQ2/9A UST .020, .125, 20%",clean,202100.0,3.19,0.538,0.0109,
stec8,"HQ2/9A UST .020, .125, 20%",clean,202100.0,4.2,0.637,0.0122,
stec8,"HQ2/9A UST .020, .125, 20%",clean,202100.0,5.24,0.734,0.0136,
stec8,"HQ2/9A UST .020, .125, 20%",clean,202100.0,6.27,0.824,0.0164,
stec8,"HQ2/9A UST .020, .125, 20%",clean,202100.0,7.29,0.902,0.0198,
stec8,"HQ2/9A UST .020, .125, 20%",clean,202100.0,8.31,0.97,0.0231,
stec8,"HQ2/9A UST .020, .125, 20%",clean,202100.0,9.31,1.02,0.0293,
stec8,"HQ2/9A UST .020, .125, 20%",clean,202100.0,10.32,1.051,0.0378,
stec8,"HQ2/9A UST .020, .125, 20%",clean,202100.0,11.3,1.054,0.0783,
stec8,"HQ2/9A UST .020, .125, 20%",clean,311700.0,-3.96,-0.163,0.0128,
stec8,"HQ2/9A UST .020, .125, 20%",clean,311700.0,-2.97,-0.071,0.0116,
stec8,"HQ2/9A UST .020, .125, 20%",clean,311700.0,-2.06,0.014,0.0111,
stec8,"HQ2/9A UST .020, .125, 20%",clean,311700.0,-0.95,0.119,0.0098,
stec8,"HQ2/9A UST .020, .125, 20%",clean,311700.0,0.1,0.221,0.0097,
stec8,"HQ2/9A UST .020, .125, 20%",clean,311700.0,1.15,0.323,0.0093,
stec8,"HQ2/9A UST .020, .125, 20%",clean,311700.0,2.15,0.432,0.0096,
stec8,"HQ2/9A UST .020, .125, 20%",clean,311700.0,3.2,0.545,0.0106,
stec8,"HQ2/9A UST .020, .125, 20%",clean,311700.0,4.2,0.644,0.0116,
stec8,"HQ2/9A UST .020, .125, 20%",clean,311700.0,5.25,0.744,0.0129,
stec8,"HQ2/9A UST .020, .125, 20%",clean,311700.0,6.25,0.825,0.0154,
stec8,"HQ2/9A UST .020, .125, 20%",clean,311700.0,7.28,0.906,0.0176,
stec8,"HQ2/9A UST .020, .125, 20%",clean,311700.0,8.3,0.981,0.0208,
stec8,"HQ2/9A UST .020, .125, 20%",clean,311700.0,9.31,1.038,0.0256,
stec8,"HQ2/9A UST .020, .125, 20%",clean,311700.0,10.32,1.073,0.0329,
stec8,"HQ2/9A UST .020, .125, 20%",clean,311700.0,11.32,1.073,0.0432,
stec8,"HQ2/9A UST .020, .125, 20%",clean,311700.0,12.43,1.017,0.1496,
stec8,"HQ2/9A UST .020, .125, 40%",clean,101600.0,-3.46,-0.185,0.0177,
stec8,"HQ2/9A UST .020, .125, 40%",clean,101600.0,-1.92,-0.006,0.0116,
stec8,"HQ2/9A UST .020, .125, 40%",clean,101600.0,-0.38,0.148,0.0136,
stec8,"HQ2/9A UST .020, .125, 40%",clean,101600.0,1.15,0.331,0.0134,
stec8,"HQ2/9A UST .020, .125, 40%",clean,101600.0,2.7,0.492,0.0147,
stec8,"HQ2/9A UST .020, .125, 40%",clean,101600.0,5.23,0.722,0.0164,
stec8,"HQ2/9A UST .020, .125, 40%",clean,101600.0,6.78,0.842,0.0222,
stec8,"HQ2/9A UST .020, .125, 40%",clean,101600.0,8.3,0.933,0.0299,
stec8,"HQ2/9A UST .020, .125, 40%",clean,101600.0,9.3,0.978,0.0434,
stec8,"HQ2/9A UST .020, .125, 40%",clean,101600.0,10.3,1.003,0.0541,
stec8,"HQ2/9A UST .020, .125, 40%",clean,153300.0,-3.45,-0.129,0.0145,
stec8,"HQ2/9A UST .020, .125, 40%",clean,153300.0,-1.91,0.04,0.0099,
stec8,"HQ2/9A UST .020, .125, 40%",clean,153300.0,-0.37,0.179,0.0088,
stec8,"HQ2/9A UST .020, .125, 40%",clean,153300.0,1.16,0.344,0.0093,
stec8,"HQ2/9A UST .020, .125, 40%",clean,153300.0,2.69,0.499,0.0104,
stec8,"HQ2/9A UST .020, .125, 40%",clean,153300.0,5.25,0.739,0.0138,
stec8,"HQ2/9A UST .020, .125, 40%",clean,153300.0,6.77,0.858,0.0184,
stec8,"HQ2/9A UST .020, .125, 40%",clean,153300.0,8.29,0.953,0.026,
stec8,"HQ2/9A UST .020, .125, 40%",clean,153300.0,9.31,1.004,0.0317,
stec8,"HQ2/9A UST .020, .125, 40%",clean,153300.0,10.32,1.035,0.0425,
stec8,"HQ2/9A UST .020, .125, 40%",clean,153300.0,11.31,1.025,0.1019,
stec8,"HQ2/9A UST .020, .125, 40%",clean,205300.0,-3.46,-0.108,0.0132,
stec8,"HQ2/9A UST .020, .125, 40%",clean,205300.0,-1.9,0.043,0.0092,
stec8,"HQ2/9A UST .020, .125, 40%",clean,205300.0,-0.39,0.182,0.009,
stec8,"HQ2/9A UST .020, .125, 40%",clean,205300.0,1.16,0.334,0.0085,
stec8,"HQ2/9A UST .020, .125, 40%",clean,205300.0,2.68,0.496,0.0098,
stec8,"HQ2/9A UST .020, .125, 40%",clean,205300.0,5.24,0.733,0.0132,
stec8,"HQ2/9A UST .020, .125, 40%",clean,205300.0,6.77,0.858,0.0174,
stec8,"HQ2/9A UST .020, .125, 40%",clean,205300.0,8.29,0.966,0.0228,
stec8,"HQ2/9A UST .020, .125, 40%",clean,205300.0,9.32,1.018,0.0287,
stec8,"HQ2/9A UST .020, .125, 40%",clean,205300.0,10.31,1.049,0.0382,
stec8,"HQ2/9A UST .020, .125, 40%",clean,205300.0,11.31,1.042,0.0903,
stec8,"HQ2/9A UST .020, .125, 40%",clean,305200.0,-3.46,-0.116,0.0127,
stec8,"HQ2/9A UST .020, .125, 40%",clean,305200.0,-1.97,0.023,0.0105,
stec8,"HQ2/9A UST .020, .125, 40%",clean,305200.0,-0.43,0.18,0.0084,
stec8,"HQ2/9A UST .020, .125, 40%",clean,305200.0,1.15,0.332,0.0081,
stec8,"HQ2/9A UST .020, .125, 40%",clean,305200.0,2.69,0.5,0.0085,
stec8,"HQ2/9A UST .020, .125, 40%",clean,305200.0,5.24,0.74,0.013,
stec8,"HQ2/9A UST .020, .125, 40%",clean,305200.0,6.77,0.866,0.0162,
stec8,"HQ2/9A UST .020, .125, 40%",clean,305200.0,8.29,0.975,0.0201,
stec8,"HQ2/9A UST .020, .125, 40%",clean,305200.0,9.31,1.033,0.0252,
stec8,"HQ2/9A UST .020, .125, 40%",clean,305200.0,10.32,1.069,0.0324,
stec8,"HQ2/9A UST .020, .125, 40%",clean,305200.0,11.31,1.07,0.0429,
stec8,"HQ2/9A UST .020, .125, 50%",clean,58900.0,-2.97,-0.14,0.0201,
stec8,"HQ2/9A UST .020, .125, 50%",clean,58900.0,-1.43,-0.018,0.0136,
stec8,"HQ2/9A UST .020, .125, 50%",clean,58900.0,0.13,0.172,0.0145,
stec8,"HQ2/9A UST .020, .125, 50%",clean,58900.0,1.66,0.374,0.0196,
stec8,"HQ2/9A UST .020, .125, 50%",clean,58900.0,3.22,0.564,0.0214,
stec8,"HQ2/9A UST .020, .125, 50%",clean,58900.0,4.74,0.698,0.0239,
stec8,"HQ2/9A UST .020, .125, 50%",clean,58900.0,6.27,0.806,0.024,
stec8,"HQ2/9A UST .020, .125, 50%",clean,58900.0,7.77,0.881,0.027,
stec8,"HQ2/9A UST .020, .125, 50%",clean,58900.0,9.3,0.929,0.0546,
stec8,"HQ2/9A UST .020, .125, 50%",clean,58900.0,10.81,0.959,0.0751,
stec8,"HQ2/9A UST .020, .125, 50%",clean,100800.0,-2.94,-0.132,0.0163,
stec8,"HQ2/9A UST .020, .125, 50%",clean,100800.0,-1.42,0.049,0.0125,
stec8,"HQ2/9A UST .020, .125, 50%",clean,100800.0,0.13,0.217,0.0133,
stec8,"HQ2/9A UST .020, .125, 50%",clean,100800.0,1.66,0.391,0.0124,
stec8,"HQ2/9A UST .020, .125, 50%",clean,100800.0,3.21,0.549,0.0148,
stec8,"HQ2/9A UST .020, .125, 50%",clean,100800.0,4.73,0.683,0.0151,
stec8,"HQ2/9A UST .020, .125, 50%",clean,100800.0,6.24,0.801,0.0176,
stec8,"HQ2/9A UST .020, .125, 50%",clean,100800.0,7.78,0.894,0.0249,
stec8,"HQ2/9A UST .020, .125, 50%",clean,100800.0,9.28,0.96,0.037,
stec8,"HQ2/9A UST .020, .125, 50%",clean,100800.0,10.81,1.008,0.0581,
stec8,"HQ2/9A UST .020, .125, 50%",clean,100800.0,12.3,0.952,0.1444,
stec8,"HQ2/9A UST .020, .125, 50%",clean,100800.0,13.78,0.84,0.197,
stec8,"HQ2/9A UST .020, .125, 50%",clean,149300.0,-2.93,-0.07,0.0136,
stec8,"HQ2/9A UST .020, .125, 50%",clean,149300.0,-1.41,0.08,0.0102,
stec8,"HQ2/9A UST .020, .125, 50%",clean,149300.0,0.11,0.226,0.0091,
stec8,"HQ2/9A UST .020, .125, 50%",clean,149300.0,1.68,0.397,0.0109,
stec8,"HQ2/9A UST .020, .125, 50%",clean,149300.0,3.19,0.55,0.0116,
stec8,"HQ2/9A UST .020, .125, 50%",clean,149300.0,4.74,0.694,0.0123,
stec8,"HQ2/9A UST .020, .125, 50%",clean,149300.0,6.26,0.814,0.0176,
stec8,"HQ2/9A UST .020, .125, 50%",clean,149300.0,7.79,0.913,0.0236,
stec8,"HQ2/9A UST .020, .125, 50%",clean,149300.0,9.3,0.98,0.0362,
stec8,"HQ2/9A UST .020, .125, 50%",clean,149300.0,10.82,1.027,0.0677,
stec8,"HQ2/9A UST .020, .125, 50%",clean,149300.0,12.31,0.974,0.1588,
stec8,"HQ2/9A UST .020, .125, 50%",clean,204700.0,-2.96,-0.08,0.0124,
stec8,"HQ2/9A UST .020, .125, 50%",clean,204700.0,-1.41,0.068,0.0088,
stec8,"HQ2/9A UST .020, .125, 50%",clean,204700.0,0.13,0.21,0.0078,
stec8,"HQ2/9A UST .020, .125, 50%",clean,204700.0,1.66,0.376,0.0082,
stec8,"HQ2/9A UST .020, .125, 50%",clean,204700.0,3.18,0.534,0.0089,
stec8,"HQ2/9A UST .020, .125, 50%",clean,204700.0,4.73,0.683,0.0108,
stec8,"HQ2/9A UST .020, .125, 50%",clean,204700.0,6.25,0.802,0.0153,
stec8,"HQ2/9A UST .020, .125, 50%",clean,204700.0,7.77,0.907,0.0206,
stec8,"HQ2/9A UST .020, .125, 50%",clean,204700.0,9.31,0.983,0.0286,
stec8,"HQ2/9A UST .020, .125, 50%",clean,204700.0,10.81,1.033,0.0471,
stec8,"HQ2/9A UST .020, .125, 50%",clean,204700.0,12.3,1.004,0.13,
stec8,"HQ2/9A UST .020, .125, 50%",clean,204700.0,13.81,0.936,0.1999,
stec8,"HQ2/9A UST .020, .125, 50%",clean,299200.0,-2.92,-0.072,0.0114,
stec8,"HQ2/9A UST .020, .125, 50%",clean,299200.0,-1.43,0.078,0.0088,
stec8,"HQ2/9A UST .020, .125, 50%",clean,299200.0,0.12,0.227,0.0081,
stec8,"HQ2/9A UST .020, .125, 50%",clean,299200.0,1.65,0.385,0.0078,
stec8,"HQ2/9A UST .020, .125, 50%",clean,299200.0,3.19,0.548,0.0084,
stec8,"HQ2/9A UST .020, .125, 50%",clean,299200.0,4.74,0.692,0.0111,
stec8,"HQ2/9A UST .020, .125, 50%",clean,299200.0,6.27,0.82,0.0152,
stec8,"HQ2/9A UST .020, .125, 50%",clean,299200.0,7.79,0.93,0.0202,
stec8,"HQ2/9A UST .020, .125, 50%",clean,299200.0,9.31,1.009,0.0288,
stec8,"HQ2/9A UST .020, .125, 50%",clean,299200.0,10.81,1.052,0.0531,
stec8,"HQ2/9A UST .020, .125, 50%",clean,299200.0,12.23,1.01,0.1387,
stec8,"HQ2/9A UST .020, .125, 50%",clean,299200.0,13.78,0.946,0.193,
stec8,"HQ2/9A LST .020, .125, 50%",clean,151600.0,-3.96,-0.224,0.0174,
stec8,"HQ2/9A LST .020, .125, 50%",clean,151600.0,-2.98,-0.135,0.015,
stec8,"HQ2/9A LST .020, .125, 50%",clean,151600.0,-1.91,-0.022,0.0121,
stec8,"HQ2/9A LST .020, .125, 50%",clean,151600.0,-0.9,0.122,0.0102,
stec8,"HQ2/9A LST .020, .125, 50%",clean,151600.0,0.13,0.254,0.0112,
stec8,"HQ2/9A LST .020, .125, 50%",clean,151600.0,1.15,0.362,0.0108,
stec8,"HQ2/9A LST .020, .125, 50%",clean,151600.0,2.18,0.461,0.0107,
stec8,"HQ2/9A LST .020, .125, 50%",clean,151600.0,3.17,0.558,0.0115,
stec8,"HQ2/9A LST .020, .125, 50%",clean,151600.0,4.22,0.658,0.0112,
stec8,"HQ2/9A LST .020, .125, 50%",clean,151600.0,5.24,0.747,0.0134,
stec8,"HQ2/9A LST .020, .125, 50%",clean,151600.0,6.24,0.823,0.0173,
stec8,"HQ2/9A LST .020, .125, 50%",clean,151600.0,7.29,0.9,0.02,
stec8,"HQ2/9A LST .020, .125, 50%",clean,151600.0,8.29,0.965,0.0241,
stec8,"HQ2/9A LST .020, .125, 50%",clean,151600.0,9.3,1.013,0.0311,
stec8,"HQ2/9A LST .020, .125, 50%",clean,151600.0,10.31,1.047,0.0404,
stec8,"HQ2/9A LST .020, .125, 50%",clean,151600.0,11.31,1.037,0.0917,
stec8,"HQ2/9A LST .020, .125, 50%",clean,200000.0,-3.98,-0.215,0.0157,
stec8,"HQ2/9A LST .020, .125, 50%",clean,200000.0,-2.97,-0.106,0.0138,
stec8,"HQ2/9A LST .020, .125, 50%",clean,200000.0,-1.96,0.027,0.0112,
stec8,"HQ2/9A LST .020, .125, 50%",clean,200000.0,-0.91,0.162,0.0098,
stec8,"HQ2/9A LST .020, .125, 50%",clean,200000.0,0.1,0.262,0.0096,
stec8,"HQ2/9A LST .020, .125, 50%",clean,200000.0,1.15,0.361,0.0095,
stec8,"HQ2/9A LST .020, .125, 50%",clean,200000.0,2.15,0.46,0.0091,
stec8,"HQ2/9A LST .020, .125, 50%",clean,200000.0,3.19,0.561,0.0093,
stec8,"HQ2/9A LST .020, .125, 50%",clean,200000.0,4.19,0.654,0.0105,
stec8,"HQ2/9A LST .020, .125, 50%",clean,200000.0,5.23,0.744,0.013,
stec8,"HQ2/9A LST .020, .125, 50%",clean,200000.0,6.26,0.829,0.0157,
stec8,"HQ2/9A LST .020, .125, 50%",clean,200000.0,7.27,0.908,0.0191,
stec8,"HQ2/9A LST .020, .125, 50%",clean,200000.0,8.28,0.979,0.0221,
stec8,"HQ2/9A LST .020, .125, 50%",clean,200000.0,9.3,1.031,0.0283,
stec8,"HQ2/9A LST .020, .125, 50%",clean,200000.0,10.32,1.064,0.0372,
stec8,"HQ2/9A LST .020, .125, 50%",clean,308100.0,-4.07,-0.185,0.0135,
stec8,"HQ2/9A LST .020, .125, 50%",clean,308100.0,-3.01,-0.056,0.0116,
stec8,"HQ2/9A LST .020, .125, 50%",clean,308100.0,-2.01,0.054,0.0093,
stec8,"HQ2/9A LST .020, .125, 50%",clean,308100.0,-0.95,0.158,0.0074,
stec8,"HQ2/9A LST .020, .125, 50%",clean,308100.0,0.03,0.25,0.0076,
stec8,"HQ2/9A LST .020, .125, 50%",clean,308100.0,1.05,0.357,0.0078,
stec8,"HQ2/9A LST .020, .125, 50%",clean,308100.0,2.13,0.471,0.0081,
stec8,"HQ2/9A LST .020, .125, 50%",clean,308100.0,3.17,0.576,0.0091,
stec8,"HQ2/9A LST .020, .125, 50%",clean,308100.0,4.21,0.67,0.0107,
stec8,"HQ2/9A LST .020, .125, 50%",clean,308100.0,5.24,0.756,0.0129,
stec8,"HQ2/9A LST .020, .125, 50%",clean,308100.0,6.25,0.837,0.0147,
stec8,"HQ2/9A LST .020, .125, 50%",clean,308100.0,7.27,0.917,0.0168,
stec8,"HQ2/9A LST .020, .125, 50%",clean,308100.0,8.3,0.991,0.0201,
stec8,"HQ2/9A LST .020, .125, 50%",clean,308100.0,9.3,1.047,0.0242,
stec8,"HQ2/9A LST .020, .125, 50%",clean,308100.0,10.33,1.084,0.032,
stec8,"HQ2/9B BLOWING TYPE B, 50%",clean,59000.0,-2.96,-0.173,0.0185,
stec8,"HQ2/9B BLOWING TYPE B, 50%",clean,59000.0,-1.42,0.007,0.0149,
stec8,"HQ2/9B BLOWING TYPE B, 50%",clean,59000.0,0.13,0.169,0.0163,
stec8,"HQ2/9B BLOWING TYPE B, 50%",clean,59000.0,1.66,0.354,0.0169,
stec8,"HQ2/9B BLOWING TYPE B, 50%",clean,59000.0,3.2,0.525,0.0201,
stec8,"HQ2/9B BLOWING TYPE B, 50%",clean,59000.0,4.72,0.645,0.0175,
stec8,"HQ2/9B BLOWING TYPE B, 50%",clean,59000.0,6.24,0.764,0.0227,
stec8,"HQ2/9B BLOWING TYPE B, 50%",clean,59000.0,7.78,0.854,0.0265,
stec8,"HQ2/9B BLOWING TYPE B, 50%",clean,59000.0,9.28,0.916,0.0396,
stec8,"HQ2/9B BLOWING TYPE B, 50%",clean,59000.0,10.8,0.947,0.0731,
stec8,"HQ2/9B BLOWING TYPE B, 50%",clean,100200.0,-2.95,-0.13,0.0158,
stec8,"HQ2/9B BLOWING TYPE B, 50%",clean,100200.0,-1.42,0.032,0.0134,
stec8,"HQ2/9B BLOWING TYPE B, 50%",clean,100200.0,0.11,0.193,0.0119,
stec8,"HQ2/9B BLOWING TYPE B, 50%",clean,100200.0,1.66,0.348,0.0132,
stec8,"HQ2/9B BLOWING TYPE B, 50%",clean,100200.0,3.2,0.492,0.0139,
stec8,"HQ2/9B BLOWING TYPE B, 50%",clean,100200.0,4.72,0.632,0.0151,
stec8,"HQ2/9B BLOWING TYPE B, 50%",clean,100200.0,6.25,0.767,0.0181,
stec8,"HQ2/9B BLOWING TYPE B, 50%",clean,100200.0,7.77,0.851,0.0267,
stec8,"HQ2/9B BLOWING TYPE B, 50%",clean,100200.0,9.28,0.911,0.0407,
stec8,"HQ2/9B BLOWING TYPE B, 50%",clean,100200.0,10.79,0.952,0.075,
stec8,"HQ2/9B BLOWING TYPE B, 50%",clean,100200.0,12.29,0.87,0.1908,
stec8,"HQ2/9B BLOWING TYPE B, 50%",clean,100200.0,13.76,0.769,0.2198,
stec8,"HQ2/9B BLOWING TYPE B, 50%",clean,200100.0,-2.94,-0.071,0.0128,
stec8,"HQ2/9B BLOWING TYPE B, 50%",clean,200100.0,-1.4,0.072,0.0102,
stec8,"HQ2/9B BLOWING TYPE B, 50%",clean,200100.0,0.12,0.215,0.0094,
stec8,"HQ2/9B BLOWING TYPE B, 50%",clean,200100.0,1.66,0.378,0.0096,
stec8,"HQ2/9B BLOWING TYPE B, 50%",clean,200100.0,3.19,0.54,0.0107,
stec8,"HQ2/9B BLOWING TYPE B, 50%",clean,200100.0,4.74,0.691,0.0115,
stec8,"HQ2/9B BLOWING TYPE B, 50%",clean,200100.0,6.26,0.814,0.0159,
stec8,"HQ2/9B BLOWING TYPE B, 50%",clean,200100.0,7.78,0.915,0.0218,
stec8,"HQ2/9B BLOWING TYPE B, 50%",clean,200100.0,9.31,0.989,0.0323,
stec8,"HQ2/9B BLOWING TYPE B, 50%",clean,200100.0,10.82,1.036,0.0564,
stec8,"HQ2/9B BLOWING TYPE B, 50%",clean,302500.0,-2.96,-0.08,0.0121,
stec8,"HQ2/9B BLOWING TYPE B, 50%",clean,302500.0,-1.44,0.072,0.0096,
stec8,"HQ2/9B BLOWING TYPE B, 50%",clean,302500.0,0.13,0.226,0.0086,
stec8,"HQ2/9B BLOWING TYPE B, 50%",clean,302500.0,1.67,0.385,0.0081,
stec8,"HQ2/9B BLOWING TYPE B, 50%",clean,302500.0,3.19,0.549,0.009,
stec8,"HQ2/9B BLOWING TYPE B, 50%",clean,302500.0,4.73,0.7,0.0108,
stec8,"HQ2/9B BLOWING TYPE B, 50%",clean,302500.0,6.26,0.822,0.0149,
stec8,"HQ2/9B BLOWING TYPE B, 50%",clean,302500.0,7.78,0.933,0.0196,
stec8,"HQ2/9B BLOWING TYPE B, 50%",clean,302500.0,9.31,1.01,0.0276,
stec8,"HQ2/9B BLOWING TYPE B, 50%",clean,302500.0,10.82,1.051,0.0519,
stec8,"HQ2/9B BLOWING TYPE B, 50%",clean,302500.0,12.19,1.011,0.1333,
stec8,HQ2/9B TRIPS AT 200k,clean,202400.0,-3.97,-0.218,0.0158,
stec8,HQ2/9B TRIPS AT 200k,clean,202400.0,-2.46,-0.051,0.0128,
stec8,HQ2/9B TRIPS AT 200k,clean,202400.0,-0.9,0.151,0.0102,
stec8,HQ2/9B TRIPS AT 200k,clean,202400.0,0.63,0.295,0.0086,
stec8,HQ2/9B TRIPS AT 200k,clean,202400.0,2.18,0.452,0.0092,
stec8,HQ2/9B TRIPS AT 200k,clean,202400.0,3.71,0.603,0.0097,
stec8,HQ2/9B TRIPS AT 200k,clean,202400.0,5.25,0.739,0.0119,
stec8,HQ2/9B TRIPS AT 200k,clean,202400.0,6.75,0.855,0.0166,
stec8,HQ2/9B TRIPS AT 200k,clean,202400.0,8.29,0.95,0.0242,
stec8,HQ2/9B TRIPS AT 200k,clean,202400.0,9.79,1.014,0.035,
stec8,HQ2/9B TRIPS AT 200k,clean,199700.0,-2.93,-0.078,0.0135,
stec8,HQ2/9B TRIPS AT 200k,clean,199700.0,-0.92,0.107,0.0096,
stec8,HQ2/9B TRIPS AT 200k,clean,199700.0,1.16,0.315,0.0093,
stec8,HQ2/9B TRIPS AT 200k,clean,199700.0,3.2,0.526,0.0103,
stec8,HQ2/9B TRIPS AT 200k,clean,199700.0,5.22,0.723,0.0122,
stec8,HQ2/9B TRIPS AT 200k,clean,199700.0,7.28,0.88,0.0189,
stec8,HQ2/9B TRIPS AT 200k,clean,199700.0,9.29,0.983,0.0312,
stec8,HQ2/9B TRIPS AT 200k,clean,200100.0,-2.94,-0.071,0.0128,
stec8,HQ2/9B TRIPS AT 200k,clean,200100.0,-1.4,0.072,0.0102,
stec8,HQ2/9B TRIPS AT 200k,clean,200100.0,0.12,0.215,0.0094,
stec8,HQ2/9B TRIPS AT 200k,clean,200100.0,1.66,0.378,0.0096,
stec8,HQ2/9B TRIPS AT 200k,clean,200100.0,3.19,0.54,0.0107,
stec8,HQ2/9B TRIPS AT 200k,clean,200100.0,4.74,0.691,0.0115,
stec8,HQ2/9B TRIPS AT 200k,clean,200100.0,6.26,0.814,0.0159,
stec8,HQ2/9B TRIPS AT 200k,clean,200100.0,7.78,0.915,0.0218,
stec8,HQ2/9B TRIPS AT 200k,clean,200100.0,9.31,0.989,0.0323,
stec8,HQ2/9B TRIPS AT 200k,clean,200100.0,10.82,1.036,0.0564,
stec8,HQ2/9B TRIPS AT 200k,clean,204700.0,-2.96,-0.08,0.0124,
stec8,HQ2/9B TRIPS AT 200k,clean,204700.0,-1.41,0.068,0.0088,
stec8,HQ2/9B TRIPS AT 200k,clean,204700.0,0.13,0.21,0.0078,
stec8,HQ2/9B TRIPS AT 200k,clean,204700.0,1.66,0.376,0.0082,
stec8,HQ2/9B TRIPS AT 200k,clean,204700.0,3.18,0.534,0.0089,
stec8,HQ2/9B TRIPS AT 200k,clean,204700.0,4.73,0.683,0.0108,
stec8,HQ2/9B TRIPS AT 200k,clean,204700.0,6.25,0.802,0.0153,
stec8,HQ2/9B TRIPS AT 200k,clean,204700.0,7.77,0.907,0.0206,
stec8,HQ2/9B TRIPS AT 200k,clean,204700.0,9.31,0.983,0.0286,
stec8,HQ2/9B TRIPS AT 200k,clean,204700.0,10.81,1.033,0.0471,
stec8,HQ2/9B TRIPS AT 200k,clean,204700.0,12.3,1.004,0.13,
stec8,HQ2/9B TRIPS AT 200k,clean,204700.0,13.81,0.936,0.1999,
stec8,J5012,clean,56500.0,-6.04,-0.596,0.0242,
stec8,J5012,clean,56500.0,-5.03,-0.51,0.0206,
stec8,J5012,clean,56500.0,-4.01,-0.447,0.0218,
stec8,J5012,clean,56500.0,-2.99,-0.38,0.0222,
stec8,J5012,clean,56500.0,-1.97,-0.201,0.0218,
stec8,J5012,clean,56500.0,-0.92,-0.002,0.0224,
stec8,J5012,clean,56500.0,0.09,0.008,0.0175,
stec8,J5012,clean,56500.0,1.11,0.112,0.0204,
stec8,J5012,clean,56500.0,2.16,0.34,0.0203,
stec8,J5012,clean,56500.0,3.2,0.449,0.0223,
stec8,J5012,clean,56500.0,4.21,0.529,0.0194,
stec8,J5012,clean,56500.0,5.24,0.631,0.0215,
stec8,J5012,clean,56500.0,6.25,0.689,0.0251,
stec8,J5012,clean,56500.0,7.26,0.742,0.0285,
stec8,J5012,clean,56500.0,8.27,0.802,0.0406,
stec8,J5012,clean,56500.0,9.27,0.842,0.0494,
stec8,J5012,clean,97800.0,-6.01,-0.55,0.0187,
stec8,J5012,clean,97800.0,-5.0,-0.485,0.0164,
stec8,J5012,clean,97800.0,-4.0,-0.407,0.0159,
stec8,J5012,clean,97800.0,-2.97,-0.342,0.016,
stec8,J5012,clean,97800.0,-1.96,-0.264,0.0156,
stec8,J5012,clean,97800.0,-0.93,-0.124,0.0185,
stec8,J5012,clean,97800.0,0.09,0.039,0.0165,
stec8,J5012,clean,97800.0,1.14,0.23,0.016,
stec8,J5012,clean,97800.0,2.17,0.352,0.0151,
stec8,J5012,clean,97800.0,3.19,0.423,0.0147,
stec8,J5012,clean,97800.0,4.19,0.494,0.0152,
stec8,J5012,clean,97800.0,5.22,0.568,0.017,
stec8,J5012,clean,97800.0,6.22,0.629,0.0225,
stec8,J5012,clean,97800.0,7.24,0.693,0.0275,
stec8,J5012,clean,97800.0,8.26,0.76,0.0344,
stec8,J5012,clean,97800.0,9.26,0.811,0.0455,
stec8,J5012,clean,151300.0,-6.05,-0.548,0.0163,
stec8,J5012,clean,151300.0,-5.02,-0.483,0.014,
stec8,J5012,clean,151300.0,-3.99,-0.411,0.0126,
stec8,J5012,clean,151300.0,-2.98,-0.329,0.012,
stec8,J5012,clean,151300.0,-1.95,-0.21,0.0122,
stec8,J5012,clean,151300.0,-0.93,-0.079,0.0126,
stec8,J5012,clean,151300.0,0.1,0.031,0.0131,
stec8,J5012,clean,151300.0,1.12,0.152,0.0125,
stec8,J5012,clean,151300.0,2.15,0.292,0.0123,
stec8,J5012,clean,151300.0,3.17,0.391,0.012,
stec8,J5012,clean,151300.0,4.18,0.458,0.0131,
stec8,J5012,clean,151300.0,5.2,0.518,0.0147,
stec8,J5012,clean,151300.0,6.22,0.587,0.0191,
stec8,J5012,clean,151300.0,7.24,0.654,0.0225,
stec8,J5012,clean,151300.0,8.25,0.717,0.0282,
stec8,J5012,clean,151300.0,9.27,0.776,0.0327,
stec8,J5012,clean,151300.0,10.27,0.793,0.0579,
stec8,J5012,clean,201900.0,-6.04,-0.551,0.0161,
stec8,J5012,clean,201900.0,-5.01,-0.48,0.0134,
stec8,J5012,clean,201900.0,-3.98,-0.401,0.0116,
stec8,J5012,clean,201900.0,-2.97,-0.289,0.0113,
stec8,J5012,clean,201900.0,-1.97,-0.16,0.0113,
stec8,J5012,clean,201900.0,-0.93,-0.048,0.0107,
stec8,J5012,clean,201900.0,0.09,0.043,0.0101,
stec8,J5012,clean,201900.0,1.11,0.122,0.0096,
stec8,J5012,clean,201900.0,2.13,0.235,0.01,
stec8,J5012,clean,201900.0,3.16,0.365,0.0105,
stec8,J5012,clean,201900.0,4.19,0.464,0.0119,
stec8,J5012,clean,201900.0,5.21,0.528,0.0141,
stec8,J5012,clean,201900.0,6.22,0.599,0.0174,
stec8,J5012,clean,201900.0,7.23,0.67,0.0212,
stec8,J5012,clean,201900.0,8.26,0.738,0.025,
stec8,J5012,clean,201900.0,9.26,0.791,0.0326,
stec8,J5012,clean,201900.0,10.26,0.824,0.0597,
stec8,J5012,clean,303100.0,-6.04,-0.545,0.014,
stec8,J5012,clean,303100.0,-5.01,-0.455,0.0129,
stec8,J5012,clean,303100.0,-4.02,-0.345,0.0115,
stec8,J5012,clean,303100.0,-2.97,-0.224,0.0094,
stec8,J5012,clean,303100.0,-1.93,-0.115,0.0086,
stec8,J5012,clean,303100.0,-0.92,-0.027,0.008,
stec8,J5012,clean,303100.0,0.09,0.054,0.0082,
stec8,J5012,clean,303100.0,1.12,0.144,0.0082,
stec8,J5012,clean,303100.0,2.13,0.24,0.0084,
stec8,J5012,clean,303100.0,3.16,0.339,0.0091,
stec8,J5012,clean,303100.0,4.18,0.442,0.0107,
stec8,J5012,clean,303100.0,5.2,0.53,0.0131,
stec8,J5012,clean,303100.0,6.22,0.605,0.0158,
stec8,J5012,clean,303100.0,7.23,0.678,0.0191,
stec8,J5012,clean,303100.0,8.25,0.745,0.0231,
stec8,J5012,clean,303100.0,9.26,0.8,0.0287,
stec8,J5012,clean,303100.0,10.28,0.843,0.0537,
stec8,MB253515,clean,60100.0,-7.02,-0.531,0.0437,
stec8,MB253515,clean,60100.0,-6.02,-0.451,0.0374,
stec8,MB253515,clean,60100.0,-4.98,-0.354,0.0308,
stec8,MB253515,clean,60100.0,-3.96,-0.26,0.0263,
stec8,MB253515,clean,60100.0,-2.94,-0.19,0.0324,
stec8,MB253515,clean,60100.0,-1.91,0.002,0.0321,
stec8,MB253515,clean,60100.0,-0.9,0.076,0.0327,
stec8,MB253515,clean,60100.0,0.12,0.112,0.0366,
stec8,MB253515,clean,60100.0,1.14,0.194,0.0398,
stec8,MB253515,clean,60100.0,2.15,0.231,0.0446,
stec8,MB253515,clean,60100.0,3.16,0.285,0.0522,
stec8,MB253515,clean,60100.0,4.18,0.354,0.0637,
stec8,MB253515,clean,99500.0,-6.48,-0.368,0.0283,
stec8,MB253515,clean,99500.0,-5.66,-0.286,0.0248,
stec8,MB253515,clean,99500.0,-4.86,-0.222,0.0226,
stec8,MB253515,clean,99500.0,-4.04,-0.165,0.0215,
stec8,MB253515,clean,99500.0,-3.23,-0.092,0.0222,
stec8,MB253515,clean,99500.0,-2.42,-0.038,0.0234,
stec8,MB253515,clean,99500.0,-1.58,0.072,0.0262,
stec8,MB253515,clean,99500.0,-0.76,0.226,0.0298,
stec8,MB253515,clean,99500.0,0.06,0.331,0.028,
stec8,MB253515,clean,99500.0,0.87,0.369,0.0297,
stec8,MB253515,clean,99500.0,1.68,0.391,0.0313,
stec8,MB253515,clean,99500.0,2.49,0.446,0.0329,
stec8,MB253515,clean,99500.0,3.3,0.5,0.0356,
stec8,MB253515,clean,99500.0,4.13,0.595,0.0333,
stec8,MB253515,clean,99500.0,4.94,0.694,0.0321,
stec8,MB253515,clean,99500.0,5.77,0.788,0.028,
stec8,MB253515,clean,99500.0,6.58,0.86,0.0254,
stec8,MB253515,clean,99500.0,7.38,0.926,0.0228,
stec8,MB253515,clean,99500.0,8.21,0.991,0.0224,
stec8,MB253515,clean,99500.0,9.02,1.051,0.0218,
stec8,MB253515,clean,99500.0,9.82,1.04,0.0278,
stec8,MB253515,clean,99500.0,10.61,1.002,0.0459,
stec8,MB253515,clean,99500.0,11.41,0.978,0.0433,
stec8,MB253515,clean,126700.0,-2.91,-0.029,0.0193,
stec8,MB253515,clean,126700.0,-1.9,0.05,0.0199,
stec8,MB253515,clean,126700.0,-0.87,0.181,0.0218,
stec8,MB253515,clean,126700.0,0.17,0.353,0.0228,
stec8,MB253515,clean,126700.0,1.19,0.476,0.0211,
stec8,MB253515,clean,126700.0,2.2,0.549,0.0208,
stec8,MB253515,clean,126700.0,3.23,0.621,0.0216,
stec8,MB253515,clean,126700.0,4.23,0.704,0.0216,
stec8,MB253515,clean,126700.0,5.26,0.789,0.0228,
stec8,MB253515,clean,126700.0,6.27,0.87,0.0201,
stec8,MB253515,clean,126700.0,7.29,0.952,0.0218,
stec8,MB253515,clean,126700.0,8.32,1.033,0.0202,
stec8,MB253515,clean,126700.0,9.31,1.028,0.0273,
stec8,MB253515,clean,126700.0,10.32,0.998,0.0325,
stec8,MB253515,clean,149700.0,-5.95,-0.237,0.0206,
stec8,MB253515,clean,149700.0,-4.97,-0.175,0.0177,
stec8,MB253515,clean,149700.0,-3.94,-0.127,0.0156,
stec8,MB253515,clean,149700.0,-2.92,-0.047,0.0157,
stec8,MB253515,clean,149700.0,-1.91,0.033,0.0167,
stec8,MB253515,clean,149700.0,-0.88,0.12,0.0173,
stec8,MB253515,clean,149700.0,0.16,0.268,0.018,
stec8,MB253515,clean,149700.0,1.18,0.434,0.0179,
stec8,MB253515,clean,149700.0,2.21,0.546,0.018,
stec8,MB253515,clean,149700.0,3.23,0.624,0.0182,
stec8,MB253515,clean,149700.0,4.24,0.705,0.0183,
stec8,MB253515,clean,149700.0,5.26,0.789,0.018,
stec8,MB253515,clean,149700.0,6.28,0.87,0.018,
stec8,MB253515,clean,149700.0,7.29,0.949,0.0185,
stec8,MB253515,clean,149700.0,8.32,1.034,0.0193,
stec8,MB253515,clean,149700.0,9.32,1.032,0.0258,
stec8,MB253515,clean,149700.0,10.31,0.998,0.0423,
stec8,MB253515,clean,177600.0,-2.91,-0.027,0.0136,
stec8,MB253515,clean,177600.0,-1.9,0.053,0.0141,
stec8,MB253515,clean,177600.0,-0.88,0.141,0.015,
stec8,MB253515,clean,177600.0,0.14,0.266,0.016,
stec8,MB253515,clean,177600.0,1.19,0.427,0.0151,
stec8,MB253515,clean,177600.0,2.2,0.563,0.0151,
stec8,MB253515,clean,177600.0,3.23,0.65,0.0153,
stec8,MB253515,clean,177600.0,4.24,0.73,0.015,
stec8,MB253515,clean,177600.0,5.26,0.811,0.0158,
stec8,MB253515,clean,177600.0,6.29,0.89,0.0159,
stec8,MB253515,clean,177600.0,7.3,0.97,0.0165,
stec8,MB253515,clean,177600.0,8.3,1.011,0.0201,
stec8,MB253515,clean,177600.0,9.3,0.994,0.0332,
stec8,MB253515,clean,177600.0,10.3,0.971,0.0448,
stec8,MB253515,clean,177600.0,11.3,0.961,0.0522,
stec8,MB253515,clean,200100.0,-6.99,-0.309,0.0211,
stec8,MB253515,clean,200100.0,-5.98,-0.24,0.018,
stec8,MB253515,clean,200100.0,-4.97,-0.17,0.0161,
stec8,MB253515,clean,200100.0,-3.95,-0.111,0.0133,
stec8,MB253515,clean,200100.0,-2.91,-0.034,0.0127,
stec8,MB253515,clean,200100.0,-1.9,0.053,0.0129,
stec8,MB253515,clean,200100.0,-0.88,0.139,0.0134,
stec8,MB253515,clean,200100.0,0.14,0.238,0.0138,
stec8,MB253515,clean,200100.0,1.17,0.37,0.0143,
stec8,MB253515,clean,200100.0,2.21,0.543,0.0144,
stec8,MB253515,clean,200100.0,3.24,0.642,0.0148,
stec8,MB253515,clean,200100.0,4.25,0.72,0.0147,
stec8,MB253515,clean,200100.0,5.26,0.8,0.0149,
stec8,MB253515,clean,200100.0,6.28,0.88,0.0151,
stec8,MB253515,clean,200100.0,7.3,0.961,0.0162,
stec8,MB253515,clean,200100.0,8.32,1.013,0.0177,
stec8,MB253515,clean,200100.0,9.31,0.998,0.0252,
stec8,MB253515,clean,200100.0,10.3,0.964,0.0378,
stec8,MB253515,clean,200100.0,11.3,0.952,0.0443,
stec8,MB253515,clean,250100.0,-2.93,-0.034,0.011,
stec8,MB253515,clean,250100.0,-1.89,0.059,0.0109,
stec8,MB253515,clean,250100.0,-0.87,0.152,0.0113,
stec8,MB253515,clean,250100.0,0.13,0.247,0.0114,
stec8,MB253515,clean,250100.0,1.17,0.367,0.0116,
stec8,MB253515,clean,250100.0,2.2,0.522,0.013,
stec8,MB253515,clean,250100.0,3.22,0.658,0.0121,
stec8,MB253515,clean,250100.0,4.25,0.748,0.0126,
stec8,MB253515,clean,250100.0,5.28,0.829,0.0127,
stec8,MB253515,clean,250100.0,6.28,0.907,0.0137,
stec8,MB253515,clean,250100.0,7.3,0.976,0.0145,
stec8,MB253515,clean,250100.0,8.29,1.001,0.0187,
stec8,MB253515,clean,250100.0,9.29,0.982,0.0324,
stec8,MB253515,clean,250100.0,10.29,0.968,0.0391,
stec8,MB253515,clean,301600.0,-7.09,-0.348,0.0191,
stec8,MB253515,clean,301600.0,-6.05,-0.272,0.0167,
stec8,MB253515,clean,301600.0,-5.03,-0.193,0.0144,
stec8,MB253515,clean,301600.0,-3.96,-0.118,0.0118,
stec8,MB253515,clean,301600.0,-2.97,-0.044,0.0103,
stec8,MB253515,clean,301600.0,-1.92,0.047,0.0105,
stec8,MB253515,clean,301600.0,-0.88,0.146,0.0101,
stec8,MB253515,clean,301600.0,0.13,0.241,0.01,
stec8,MB253515,clean,301600.0,1.17,0.341,0.0103,
stec8,MB253515,clean,301600.0,2.18,0.465,0.0108,
stec8,MB253515,clean,301600.0,3.22,0.61,0.0112,
stec8,MB253515,clean,301600.0,4.24,0.722,0.0111,
stec8,MB253515,clean,301600.0,5.26,0.801,0.0116,
stec8,MB253515,clean,301600.0,6.28,0.878,0.0125,
stec8,MB253515,clean,301600.0,7.3,0.947,0.0138,
stec8,MB253515,clean,301600.0,8.3,0.976,0.0176,
stec8,MB253515,clean,301600.0,9.3,0.958,0.027,
stec8,MB253515,clean,301600.0,10.3,0.943,0.0371,
stec8,"MB253515 UST .020, .125, 20%",clean,59600.0,-2.92,-0.053,0.0238,
stec8,"MB253515 UST .020, .125, 20%",clean,59600.0,-1.88,0.166,0.0254,
stec8,"MB253515 UST .020, .125, 20%",clean,59600.0,-0.83,0.348,0.025,
stec8,"MB253515 UST .020, .125, 20%",clean,59600.0,0.17,0.396,0.0251,
stec8,"MB253515 UST .020, .125, 20%",clean,59600.0,1.2,0.444,0.0259,
stec8,"MB253515 UST .020, .125, 20%",clean,59600.0,2.21,0.517,0.0267,
stec8,"MB253515 UST .020, .125, 20%",clean,59600.0,3.23,0.587,0.0273,
stec8,"MB253515 UST .020, .125, 20%",clean,59600.0,4.24,0.671,0.027,
stec8,"MB253515 UST .020, .125, 20%",clean,59600.0,5.27,0.761,0.0272,
stec8,"MB253515 UST .020, .125, 20%",clean,59600.0,6.28,0.849,0.0291,
stec8,"MB253515 UST .020, .125, 20%",clean,59600.0,7.29,0.92,0.0311,
stec8,"MB253515 UST .020, .125, 20%",clean,59600.0,8.24,0.613,0.0965,
stec8,"MB253515 UST .020, .125, 20%",clean,101300.0,-4.95,-0.2,0.0189,
stec8,"MB253515 UST .020, .125, 20%",clean,101300.0,-3.93,-0.134,0.0146,
stec8,"MB253515 UST .020, .125, 20%",clean,101300.0,-2.92,-0.07,0.0161,
stec8,"MB253515 UST .020, .125, 20%",clean,101300.0,-1.9,0.008,0.0174,
stec8,"MB253515 UST .020, .125, 20%",clean,101300.0,-0.87,0.181,0.0178,
stec8,"MB253515 UST .020, .125, 20%",clean,101300.0,0.17,0.354,0.0168,
stec8,"MB253515 UST .020, .125, 20%",clean,101300.0,1.19,0.463,0.0168,
stec8,"MB253515 UST .020, .125, 20%",clean,101300.0,2.21,0.541,0.0169,
stec8,"MB253515 UST .020, .125, 20%",clean,101300.0,3.24,0.615,0.0172,
stec8,"MB253515 UST .020, .125, 20%",clean,101300.0,4.24,0.697,0.0179,
stec8,"MB253515 UST .020, .125, 20%",clean,101300.0,5.26,0.778,0.018,
stec8,"MB253515 UST .020, .125, 20%",clean,101300.0,6.28,0.863,0.0197,
stec8,"MB253515 UST .020, .125, 20%",clean,101300.0,7.3,0.939,0.021,
stec8,"MB253515 UST .020, .125, 20%",clean,101300.0,8.32,1.015,0.0235,
stec8,"MB253515 UST .020, .125, 20%",clean,101300.0,9.33,1.09,0.0254,
stec8,"MB253515 UST .020, .125, 20%",clean,101300.0,10.33,1.051,0.0288,
stec8,"MB253515 UST .020, .125, 20%",clean,101300.0,11.31,1.004,0.039,
stec8,"MB253515 UST .020, .125, 20%",clean,101300.0,12.31,0.991,0.0464,
stec8,"MB253515 UST .020, .125, 20%",clean,203600.0,-2.91,-0.06,0.0115,
stec8,"MB253515 UST .020, .125, 20%",clean,203600.0,-1.9,0.029,0.0117,
stec8,"MB253515 UST .020, .125, 20%",clean,203600.0,-0.89,0.115,0.0121,
stec8,"MB253515 UST .020, .125, 20%",clean,203600.0,0.14,0.213,0.0119,
stec8,"MB253515 UST .020, .125, 20%",clean,203600.0,1.18,0.346,0.0128,
stec8,"MB253515 UST .020, .125, 20%",clean,203600.0,2.21,0.517,0.0135,
stec8,"MB253515 UST .020, .125, 20%",clean,203600.0,3.23,0.611,0.0141,
stec8,"MB253515 UST .020, .125, 20%",clean,203600.0,4.24,0.675,0.0147,
stec8,"MB253515 UST .020, .125, 20%",clean,203600.0,5.25,0.749,0.0154,
stec8,"MB253515 UST .020, .125, 20%",clean,203600.0,6.28,0.83,0.0168,
stec8,"MB253515 UST .020, .125, 20%",clean,203600.0,7.3,0.914,0.0181,
stec8,"MB253515 UST .020, .125, 20%",clean,203600.0,8.31,0.988,0.0196,
stec8,"MB253515 UST .020, .125, 20%",clean,203600.0,9.32,1.01,0.0266,
stec8,"MB253515 UST .020, .125, 20%",clean,203600.0,10.31,0.974,0.0414,
stec8,"MB253515 UST .020, .125, 20%",clean,203600.0,11.31,0.959,0.0506,
stec8,"MB253515 UST .020, .125, 20%",clean,203600.0,12.31,0.955,0.0586,
stec8,"MB253515 UST .020, .125, 20%",clean,203600.0,13.31,0.955,0.0714,
stec8,"MB253515 UST .020, .125, 20%",clean,203600.0,14.31,0.952,0.0881,
stec8,"MB253515 UST .020, .125, 20%",clean,306300.0,-2.93,-0.066,0.0108,
stec8,"MB253515 UST .020, .125, 20%",clean,306300.0,-1.9,0.018,0.0108,
stec8,"MB253515 UST .020, .125, 20%",clean,306300.0,-0.89,0.109,0.0114,
stec8,"MB253515 UST .020, .125, 20%",clean,306300.0,0.14,0.202,0.0118,
stec8,"MB253515 UST .020, .125, 20%",clean,306300.0,1.15,0.298,0.0122,
stec8,"MB253515 UST .020, .125, 20%",clean,306300.0,2.19,0.437,0.0129,
stec8,"MB253515 UST .020, .125, 20%",clean,306300.0,3.22,0.582,0.0135,
stec8,"MB253515 UST .020, .125, 20%",clean,306300.0,4.24,0.668,0.0135,
stec8,"MB253515 UST .020, .125, 20%",clean,306300.0,5.26,0.736,0.0143,
stec8,"MB253515 UST .020, .125, 20%",clean,306300.0,6.27,0.816,0.0149,
stec8,"MB253515 UST .020, .125, 20%",clean,306300.0,7.29,0.899,0.0159,
stec8,"MB253515 UST .020, .125, 20%",clean,306300.0,8.3,0.972,0.0178,
stec8,MILEY,clean,201600.0,-3.93,0.007,0.0342,
stec8,MILEY,clean,201600.0,-2.91,0.107,0.0303,
stec8,MILEY,clean,201600.0,-1.88,0.206,0.0307,
stec8,MILEY,clean,201600.0,-0.86,0.303,0.0344,
stec8,MILEY,clean,201600.0,0.17,0.388,0.0414,
stec8,MILEY,clean,201600.0,1.18,0.463,0.0492,
stec8,MILEY,clean,201600.0,2.22,0.558,0.0518,
stec8,MILEY,clean,201600.0,3.22,0.666,0.0497,
stec8,MILEY,clean,201600.0,4.26,0.782,0.041,
stec8,MILEY,clean,201600.0,5.28,0.894,0.0344,
stec8,MILEY,clean,201600.0,6.28,1.002,0.03,
stec8,MILEY,clean,201600.0,7.32,1.113,0.0266,
stec8,MILEY,clean,201600.0,8.34,1.22,0.024,
stec8,MILEY,clean,201600.0,9.36,1.326,0.0212,
stec8,MILEY,clean,201600.0,10.38,1.43,0.0194,
stec8,MILEY,clean,201600.0,11.38,1.46,0.0336,
stec8,MILEY,clean,232000.0,-4.98,-0.157,0.0534,
stec8,MILEY,clean,232000.0,-3.92,-0.043,0.0378,
stec8,MILEY,clean,232000.0,-2.93,0.06,0.0284,
stec8,MILEY,clean,232000.0,-1.89,0.162,0.0261,
stec8,MILEY,clean,232000.0,-0.85,0.265,0.0251,
stec8,MILEY,clean,232000.0,0.16,0.366,0.0251,
stec8,MILEY,clean,232000.0,1.18,0.462,0.0271,
stec8,MILEY,clean,232000.0,2.2,0.562,0.0298,
stec8,MILEY,clean,232000.0,3.22,0.663,0.0302,
stec8,MILEY,clean,232000.0,4.25,0.766,0.0276,
stec8,MILEY,clean,232000.0,5.28,0.871,0.0251,
stec8,MILEY,clean,232000.0,6.3,0.975,0.0235,
stec8,MILEY,clean,232000.0,7.32,1.078,0.0218,
stec8,MILEY,clean,232000.0,8.35,1.183,0.0201,
stec8,MILEY,clean,232000.0,9.36,1.283,0.0179,
stec8,MILEY,clean,232000.0,10.37,1.364,0.0176,
stec8,MILEY,clean,232000.0,11.37,1.364,0.0395,
stec8,MILEY,clean,232000.0,12.39,1.326,0.0629,
stec8,MILEY,clean,232000.0,13.36,1.291,0.0501,
stec8,MILEY,clean,254600.0,-3.92,0.0,0.0306,
stec8,MILEY,clean,254600.0,-2.9,0.103,0.0253,
stec8,MILEY,clean,254600.0,-1.88,0.202,0.0226,
stec8,MILEY,clean,254600.0,-0.85,0.304,0.0219,
stec8,MILEY,clean,254600.0,0.16,0.407,0.0209,
stec8,MILEY,clean,254600.0,1.18,0.51,0.0213,
stec8,MILEY,clean,254600.0,2.21,0.611,0.0224,
stec8,MILEY,clean,254600.0,3.25,0.716,0.0228,
stec8,MILEY,clean,254600.0,4.25,0.817,0.0227,
stec8,MILEY,clean,254600.0,5.28,0.922,0.0214,
stec8,MILEY,clean,254600.0,6.3,1.028,0.0183,
stec8,MILEY,clean,254600.0,7.32,1.131,0.0175,
stec8,MILEY,clean,254600.0,8.35,1.231,0.0178,
stec8,MILEY,clean,254600.0,9.37,1.325,0.0172,
stec8,MILEY,clean,254600.0,10.38,1.366,0.0234,
stec8,MILEY,clean,254600.0,11.37,1.364,0.0463,
stec8,MILEY,clean,254600.0,12.37,1.325,0.0732,
stec8,MILEY,clean,302900.0,-3.92,-0.001,0.0305,
stec8,MILEY,clean,302900.0,-2.9,0.104,0.0228,
stec8,MILEY,clean,302900.0,-1.89,0.205,0.0201,
stec8,MILEY,clean,302900.0,-0.86,0.313,0.0183,
stec8,MILEY,clean,302900.0,0.15,0.417,0.0168,
stec8,MILEY,clean,302900.0,1.19,0.523,0.0163,
stec8,MILEY,clean,302900.0,2.22,0.626,0.0174,
stec8,MILEY,clean,302900.0,3.25,0.729,0.017,
stec8,MILEY,clean,302900.0,4.27,0.83,0.0169,
stec8,MILEY,clean,302900.0,5.3,0.933,0.0165,
stec8,MILEY,clean,302900.0,6.3,1.031,0.0159,
stec8,MILEY,clean,302900.0,7.32,1.132,0.0149,
stec8,MILEY,clean,302900.0,8.34,1.232,0.0153,
stec8,MILEY,clean,302900.0,9.37,1.321,0.0155,
stec8,MILEY,clean,302900.0,10.38,1.352,0.0239,
stec8,MILEY,clean,302900.0,11.35,1.331,0.0579,
stec8,MILEY,clean,302900.0,12.35,1.297,0.0705,
stec8,MILEY BUMP SHOT TRIP 31%,clean,200900.0,-2.9,0.1,0.0213,
stec8,MILEY BUMP SHOT TRIP 31%,clean,200900.0,-1.9,0.198,0.0184,
stec8,MILEY BUMP SHOT TRIP 31%,clean,200900.0,-0.84,0.303,0.0162,
stec8,MILEY BUMP SHOT TRIP 31%,clean,200900.0,0.16,0.405,0.0143,
stec8,MILEY BUMP SHOT TRIP 31%,clean,200900.0,1.19,0.507,0.0141,
stec8,MILEY BUMP SHOT TRIP 31%,clean,200900.0,2.22,0.611,0.0149,
stec8,MILEY BUMP SHOT TRIP 31%,clean,200900.0,3.23,0.709,0.0156,
stec8,MILEY BUMP SHOT TRIP 31%,clean,200900.0,4.25,0.808,0.0161,
stec8,MILEY BUMP SHOT TRIP 31%,clean,200900.0,5.28,0.906,0.0172,
stec8,MILEY BUMP SHOT TRIP 31%,clean,200900.0,6.29,0.998,0.0178,
stec8,MILEY BUMP SHOT TRIP 31%,clean,200900.0,7.32,1.091,0.0189,
stec8,MILEY BUMP SHOT TRIP 31%,clean,200900.0,8.34,1.178,0.0205,
stec8,MILEY BUMP SHOT TRIP 31%,clean,200900.0,9.35,1.268,0.0223,
stec8,MILEY BUMP SHOT TRIP 31%,clean,200900.0,10.38,1.348,0.0233,
stec8,MILEY BUMP SHOT TRIP 31%,clean,200900.0,11.38,1.359,0.0433,
stec8,MILEY BUMP SHOT TRIP 31%,clean,200900.0,12.37,1.326,0.0502,
stec8,MILEY BUMP SHOT TRIP 31%,clean,251600.0,-2.91,0.105,0.0209,
stec8,MILEY BUMP SHOT TRIP 31%,clean,251600.0,-1.88,0.204,0.0174,
stec8,MILEY BUMP SHOT TRIP 31%,clean,251600.0,-0.86,0.306,0.0155,
stec8,MILEY BUMP SHOT TRIP 31%,clean,251600.0,0.18,0.412,0.0133,
stec8,MILEY BUMP SHOT TRIP 31%,clean,251600.0,1.2,0.516,0.013,
stec8,MILEY BUMP SHOT TRIP 31%,clean,251600.0,2.21,0.618,0.0136,
stec8,MILEY BUMP SHOT TRIP 31%,clean,251600.0,3.25,0.72,0.014,
stec8,MILEY BUMP SHOT TRIP 31%,clean,251600.0,4.25,0.816,0.0149,
stec8,MILEY BUMP SHOT TRIP 31%,clean,251600.0,5.29,0.914,0.0157,
stec8,MILEY BUMP SHOT TRIP 31%,clean,251600.0,6.29,1.009,0.0162,
stec8,MILEY BUMP SHOT TRIP 31%,clean,251600.0,7.32,1.103,0.0175,
stec8,MILEY BUMP SHOT TRIP 31%,clean,251600.0,8.34,1.194,0.0185,
stec8,MILEY BUMP SHOT TRIP 31%,clean,251600.0,9.34,1.281,0.0198,
stec8,MILEY BUMP SHOT TRIP 31%,clean,251600.0,10.37,1.351,0.0205,
stec8,MILEY BUMP SHOT TRIP 31%,clean,251600.0,11.36,1.332,0.0499,
stec8,MILEY BUMP SHOT TRIP 31%,clean,251600.0,12.36,1.293,0.057,
stec8,MILEY BUMP SHOT TRIP 31%,clean,307400.0,-2.9,0.092,0.0207,
stec8,MILEY BUMP SHOT TRIP 31%,clean,307400.0,-1.91,0.193,0.0167,
stec8,MILEY BUMP SHOT TRIP 31%,clean,307400.0,-0.88,0.298,0.0148,
stec8,MILEY BUMP SHOT TRIP 31%,clean,307400.0,0.17,0.41,0.0126,
stec8,MILEY BUMP SHOT TRIP 31%,clean,307400.0,1.17,0.51,0.0124,
stec8,MILEY BUMP SHOT TRIP 31%,clean,307400.0,2.21,0.617,0.0128,
stec8,MILEY BUMP SHOT TRIP 31%,clean,307400.0,3.22,0.717,0.0135,
stec8,MILEY BUMP SHOT TRIP 31%,clean,307400.0,4.25,0.816,0.0141,
stec8,MILEY BUMP SHOT TRIP 31%,clean,307400.0,5.28,0.913,0.0146,
stec8,MILEY BUMP SHOT TRIP 31%,clean,307400.0,6.29,1.006,0.0158,
stec8,MILEY BUMP SHOT TRIP 31%,clean,307400.0,7.33,1.1,0.0163,
stec8,MILEY BUMP SHOT TRIP 31%,clean,307400.0,8.33,1.19,0.0175,
stec8,MILEY BUMP SHOT TRIP 31%,clean,307400.0,9.36,1.283,0.0185,
stec8,MILEY BUMP SHOT TRIP 31%,clean,307400.0,10.37,1.332,0.0234,
stec8,MILEY BUMP SHOT TRIP 31%,clean,307400.0,11.34,1.309,0.0358,
stec8,MILEY BUMP SHOT TRIP 31%,clean,307400.0,12.33,1.267,0.0465,
stec8,MILEY BUMP SHOT TRIP 31%,clean,307400.0,13.32,1.222,0.0558,
stec8,MILEY UST AT 200k,clean,199500.0,-3.93,0.007,0.0348,
stec8,MILEY UST AT 200k,clean,199500.0,-2.91,0.109,0.0309,
stec8,MILEY UST AT 200k,clean,199500.0,-1.88,0.21,0.0313,
stec8,MILEY UST AT 200k,clean,199500.0,-0.86,0.309,0.035,
stec8,MILEY UST AT 200k,clean,199500.0,0.17,0.396,0.0422,
stec8,MILEY UST AT 200k,clean,199500.0,1.18,0.473,0.0501,
stec8,MILEY UST AT 200k,clean,199500.0,2.22,0.569,0.0528,
stec8,MILEY UST AT 200k,clean,199500.0,3.22,0.679,0.0506,
stec8,MILEY UST AT 200k,clean,199500.0,4.26,0.798,0.0418,
stec8,MILEY UST AT 200k,clean,199500.0,5.28,0.913,0.0351,
stec8,MILEY UST AT 200k,clean,199500.0,6.29,1.022,0.0306,
stec8,MILEY UST AT 200k,clean,199500.0,7.33,1.136,0.0271,
stec8,MILEY UST AT 200k,clean,199500.0,8.35,1.245,0.0244,
stec8,MILEY UST AT 200k,clean,199500.0,9.37,1.354,0.0216,
stec8,MILEY UST AT 200k,clean,199500.0,10.38,1.43,0.0194,
stec8,MILEY UST AT 200k,clean,199500.0,11.38,1.46,0.0336,
stec8,MILEY UST AT 200k,clean,203600.0,-3.91,0.011,0.0277,
stec8,MILEY UST AT 200k,clean,203600.0,-2.89,0.113,0.0216,
stec8,MILEY UST AT 200k,clean,203600.0,-1.86,0.216,0.0184,
stec8,MILEY UST AT 200k,clean,203600.0,-0.84,0.319,0.0156,
stec8,MILEY UST AT 200k,clean,203600.0,0.17,0.422,0.0135,
stec8,MILEY UST AT 200k,clean,203600.0,1.2,0.529,0.0132,
stec8,MILEY UST AT 200k,clean,203600.0,2.22,0.632,0.0138,
stec8,MILEY UST AT 200k,clean,203600.0,3.24,0.733,0.0142,
stec8,MILEY UST AT 200k,clean,203600.0,4.26,0.835,0.015,
stec8,MILEY UST AT 200k,clean,203600.0,5.29,0.934,0.0156,
stec8,MILEY UST AT 200k,clean,203600.0,6.31,1.031,0.0165,
stec8,MILEY UST AT 200k,clean,203600.0,7.34,1.127,0.0176,
stec8,MILEY UST AT 200k,clean,203600.0,8.36,1.222,0.0187,
stec8,MILEY UST AT 200k,clean,203600.0,9.36,1.314,0.0189,
stec8,MILEY UST AT 200k,clean,203600.0,10.39,1.38,0.02,
stec8,MILEY UST AT 200k,clean,203600.0,11.37,1.357,0.0511,
stec8,MILEY UST AT 200k,clean,203600.0,12.39,1.317,0.0725,
stec8,MILEY UST AT 200k,clean,204100.0,-3.92,0.0,0.0288,
stec8,MILEY UST AT 200k,clean,204100.0,-2.9,0.104,0.023,
stec8,MILEY UST AT 200k,clean,204100.0,-1.86,0.206,0.0195,
stec8,MILEY UST AT 200k,clean,204100.0,-0.85,0.308,0.0175,
stec8,MILEY UST AT 200k,clean,204100.0,0.16,0.41,0.0148,
stec8,MILEY UST AT 200k,clean,204100.0,1.18,0.512,0.0155,
stec8,MILEY UST AT 200k,clean,204100.0,2.21,0.616,0.0166,
stec8,MILEY UST AT 200k,clean,204100.0,3.23,0.719,0.0165,
stec8,MILEY UST AT 200k,clean,204100.0,4.26,0.816,0.0179,
stec8,MILEY UST AT 200k,clean,204100.0,5.28,0.916,0.0189,
stec8,MILEY UST AT 200k,clean,204100.0,6.31,1.016,0.0201,
stec8,MILEY UST AT 200k,clean,204100.0,7.33,1.112,0.0215,
stec8,MILEY UST AT 200k,clean,204100.0,8.35,1.211,0.0215,
stec8,MILEY UST AT 200k,clean,204100.0,9.37,1.307,0.0202,
stec8,MILEY UST AT 200k,clean,204100.0,10.38,1.368,0.0194,
stec8,MILEY UST AT 200k,clean,204100.0,11.37,1.378,0.0328,
stec8,MILEY UST AT 200k,clean,203600.0,-3.91,0.008,0.0283,
stec8,MILEY UST AT 200k,clean,203600.0,-2.9,0.108,0.0228,
stec8,MILEY UST AT 200k,clean,203600.0,-1.87,0.211,0.0196,
stec8,MILEY UST AT 200k,clean,203600.0,-0.85,0.313,0.017,
stec8,MILEY UST AT 200k,clean,203600.0,0.17,0.417,0.014,
stec8,MILEY UST AT 200k,clean,203600.0,1.19,0.522,0.0138,
stec8,MILEY UST AT 200k,clean,203600.0,2.21,0.627,0.014,
stec8,MILEY UST AT 200k,clean,203600.0,3.24,0.731,0.0142,
stec8,MILEY UST AT 200k,clean,203600.0,4.27,0.832,0.0148,
stec8,MILEY UST AT 200k,clean,203600.0,5.28,0.929,0.0152,
stec8,MILEY UST AT 200k,clean,203600.0,6.31,1.027,0.0162,
stec8,MILEY UST AT 200k,clean,203600.0,7.33,1.122,0.0171,
stec8,MILEY UST AT 200k,clean,203600.0,8.35,1.215,0.0175,
stec8,MILEY UST AT 200k,clean,203600.0,9.36,1.305,0.0192,
stec8,MILEY UST AT 200k,clean,203600.0,10.38,1.37,0.0194,
stec8,MILEY UST AT 200k,clean,203600.0,11.37,1.356,0.0462,
stec8,MILEY UST AT 200k,clean,203600.0,12.36,1.315,0.0694,
stec8,MILEY UST AT 200k,clean,200900.0,-2.9,0.1,0.0213,
stec8,MILEY UST AT 200k,clean,200900.0,-1.9,0.198,0.0184,
stec8,MILEY UST AT 200k,clean,200900.0,-0.84,0.303,0.0162,
stec8,MILEY UST AT 200k,clean,200900.0,0.16,0.405,0.0143,
stec8,MILEY UST AT 200k,clean,200900.0,1.19,0.507,0.0141,
stec8,MILEY UST AT 200k,clean,200900.0,2.22,0.611,0.0149,
stec8,MILEY UST AT 200k,clean,200900.0,3.23,0.709,0.0156,
stec8,MILEY UST AT 200k,clean,200900.0,4.25,0.808,0.0161,
stec8,MILEY UST AT 200k,clean,200900.0,5.28,0.906,0.0172,
stec8,MILEY UST AT 200k,clean,200900.0,6.29,0.998,0.0178,
stec8,MILEY UST AT 200k,clean,200900.0,7.32,1.091,0.0189,
stec8,MILEY UST AT 200k,clean,200900.0,8.34,1.178,0.0205,
stec8,MILEY UST AT 200k,clean,200900.0,9.35,1.268,0.0223,
stec8,MILEY UST AT 200k,clean,200900.0,10.38,1.348,0.0233,
stec8,MILEY UST AT 200k,clean,200900.0,11.38,1.359,0.0433,
stec8,MILEY UST AT 200k,clean,200900.0,12.37,1.326,0.0502,
stec8,NACA 0009,clean,59700.0,-6.02,-0.504,0.0267,
stec8,NACA 0009,clean,59700.0,-5.03,-0.448,0.0181,
stec8,NACA 0009,clean,59700.0,-3.99,-0.381,0.016,
stec8,NACA 0009,clean,59700.0,-3.0,-0.293,0.0142,
stec8,NACA 0009,clean,59700.0,-1.95,-0.141,0.0159,
stec8,NACA 0009,clean,59700.0,-0.92,-0.044,0.0118,
stec8,NACA 0009,clean,59700.0,0.09,-0.007,0.0119,
stec8,NACA 0009,clean,59700.0,1.1,0.057,0.0152,
stec8,NACA 0009,clean,59700.0,2.13,0.217,0.0156,
stec8,NACA 0009,clean,59700.0,3.15,0.354,0.0163,
stec8,NACA 0009,clean,59700.0,4.19,0.438,0.0179,
stec8,NACA 0009,clean,59700.0,5.19,0.508,0.0192,
stec8,NACA 0009,clean,59700.0,6.22,0.58,0.0238,
stec8,NACA 0009,clean,59700.0,7.23,0.646,0.0337,
stec8,NACA 0009,clean,59700.0,8.23,0.694,0.0438,
stec8,NACA 0009,clean,59700.0,9.26,0.727,0.1067,
stec8,NACA 0009,clean,59700.0,10.25,0.704,0.1493,
stec8,NACA 0009,clean,100300.0,-6.03,-0.54,0.0241,
stec8,NACA 0009,clean,100300.0,-5.0,-0.46,0.0192,
stec8,NACA 0009,clean,100300.0,-3.98,-0.388,0.0148,
stec8,NACA 0009,clean,100300.0,-2.98,-0.311,0.0125,
stec8,NACA 0009,clean,100300.0,-1.96,-0.195,0.0122,
stec8,NACA 0009,clean,100300.0,-0.91,-0.041,0.0106,
stec8,NACA 0009,clean,100300.0,0.09,-0.004,0.0096,
stec8,NACA 0009,clean,100300.0,1.11,0.119,0.0106,
stec8,NACA 0009,clean,100300.0,2.15,0.257,0.0117,
stec8,NACA 0009,clean,100300.0,3.15,0.353,0.0118,
stec8,NACA 0009,clean,100300.0,4.19,0.44,0.0138,
stec8,NACA 0009,clean,100300.0,5.21,0.523,0.0175,
stec8,NACA 0009,clean,100300.0,6.21,0.596,0.0217,
stec8,NACA 0009,clean,100300.0,7.23,0.669,0.0264,
stec8,NACA 0009,clean,100300.0,8.24,0.727,0.0394,
stec8,NACA 0009,clean,150600.0,-6.04,-0.545,0.0225,
stec8,NACA 0009,clean,150600.0,-5.03,-0.465,0.0183,
stec8,NACA 0009,clean,150600.0,-4.0,-0.381,0.015,
stec8,NACA 0009,clean,150600.0,-2.99,-0.309,0.0113,
stec8,NACA 0009,clean,150600.0,-1.96,-0.224,0.0094,
stec8,NACA 0009,clean,150600.0,-0.94,-0.068,0.0084,
stec8,NACA 0009,clean,150600.0,0.07,0.036,0.0087,
stec8,NACA 0009,clean,150600.0,1.11,0.17,0.0099,
stec8,NACA 0009,clean,150600.0,2.15,0.261,0.0097,
stec8,NACA 0009,clean,150600.0,3.16,0.347,0.0109,
stec8,NACA 0009,clean,150600.0,4.18,0.435,0.0129,
stec8,NACA 0009,clean,150600.0,5.21,0.521,0.0149,
stec8,NACA 0009,clean,150600.0,6.21,0.601,0.0185,
stec8,NACA 0009,clean,150600.0,7.24,0.673,0.0245,
stec8,NACA 0009,clean,150600.0,8.24,0.735,0.0339,
stec8,NACA 0009,clean,150600.0,9.25,0.772,0.0718,
stec8,NACA 0009,clean,199000.0,-6.04,-0.544,0.0216,
stec8,NACA 0009,clean,199000.0,-5.01,-0.462,0.0171,
stec8,NACA 0009,clean,199000.0,-4.0,-0.377,0.0145,
stec8,NACA 0009,clean,199000.0,-2.99,-0.303,0.0111,
stec8,NACA 0009,clean,199000.0,-2.01,-0.224,0.0089,
stec8,NACA 0009,clean,199000.0,-0.94,-0.09,0.0085,
stec8,NACA 0009,clean,199000.0,0.1,0.06,0.0081,
stec8,NACA 0009,clean,199000.0,1.1,0.167,0.0083,
stec8,NACA 0009,clean,199000.0,2.13,0.253,0.0084,
stec8,NACA 0009,clean,199000.0,3.15,0.346,0.01,
stec8,NACA 0009,clean,199000.0,4.19,0.439,0.0118,
stec8,NACA 0009,clean,199000.0,5.19,0.526,0.0143,
stec8,NACA 0009,clean,199000.0,6.23,0.611,0.018,
stec8,NACA 0009,clean,199000.0,7.24,0.684,0.0228,
stec8,NACA 0009,clean,199000.0,8.24,0.748,0.0309,
stec8,NACA 0009,clean,199000.0,9.25,0.787,0.0629,
stec8,NACA 0009,clean,302900.0,-6.05,-0.56,0.0202,
stec8,NACA 0009,clean,302900.0,-5.04,-0.475,0.0156,
stec8,NACA 0009,clean,302900.0,-3.98,-0.385,0.0131,
stec8,NACA 0009,clean,302900.0,-2.98,-0.294,0.0109,
stec8,NACA 0009,clean,302900.0,-1.95,-0.184,0.0084,
stec8,NACA 0009,clean,302900.0,-0.99,-0.09,0.0073,
stec8,NACA 0009,clean,302900.0,0.08,0.014,0.0068,
stec8,NACA 0009,clean,302900.0,1.1,0.127,0.0068,
stec8,NACA 0009,clean,302900.0,2.14,0.244,0.008,
stec8,NACA 0009,clean,302900.0,3.17,0.345,0.0092,
stec8,NACA 0009,clean,302900.0,4.19,0.439,0.0114,
stec8,NACA 0009,clean,302900.0,5.21,0.528,0.0129,
stec8,NACA 0009,clean,302900.0,6.22,0.613,0.0159,
stec8,NACA 0009,clean,302900.0,7.23,0.686,0.0199,
stec8,NACA 0009,clean,302900.0,8.25,0.753,0.0279,
stec8,NACA 0009,clean,302900.0,9.27,0.792,0.0575,
stec8,NACA 2.5411,clean,58200.0,-1.95,-0.14,0.019,
stec8,NACA 2.5411,clean,58200.0,-0.92,-0.026,0.018,
stec8,NACA 2.5411,clean,58200.0,0.11,0.13,0.0203,
stec8,NACA 2.5411,clean,58200.0,1.14,0.253,0.02,
stec8,NACA 2.5411,clean,58200.0,2.18,0.37,0.0222,
stec8,NACA 2.5411,clean,58200.0,3.21,0.486,0.0207,
stec8,NACA 2.5411,clean,58200.0,4.21,0.58,0.0233,
stec8,NACA 2.5411,clean,58200.0,5.23,0.652,0.0247,
stec8,NACA 2.5411,clean,58200.0,6.24,0.725,0.0265,
stec8,NACA 2.5411,clean,58200.0,7.26,0.811,0.0252,
stec8,NACA 2.5411,clean,58200.0,8.28,0.874,0.0314,
stec8,NACA 2.5411,clean,58200.0,9.29,0.934,0.0376,
stec8,NACA 2.5411,clean,58200.0,10.3,0.978,0.0486,
stec8,NACA 2.5411,clean,58200.0,11.3,0.996,0.0643,
stec8,NACA 2.5411,clean,101500.0,-3.96,-0.273,0.0213,
stec8,NACA 2.5411,clean,101500.0,-2.96,-0.168,0.0175,
stec8,NACA 2.5411,clean,101500.0,-1.92,-0.03,0.0153,
stec8,NACA 2.5411,clean,101500.0,-0.88,0.118,0.0136,
stec8,NACA 2.5411,clean,101500.0,0.15,0.24,0.0133,
stec8,NACA 2.5411,clean,101500.0,1.16,0.328,0.0137,
stec8,NACA 2.5411,clean,101500.0,2.17,0.411,0.0139,
stec8,NACA 2.5411,clean,101500.0,3.2,0.503,0.014,
stec8,NACA 2.5411,clean,101500.0,4.22,0.596,0.0156,
stec8,NACA 2.5411,clean,101500.0,5.24,0.683,0.0163,
stec8,NACA 2.5411,clean,101500.0,6.26,0.763,0.0185,
stec8,NACA 2.5411,clean,101500.0,7.27,0.821,0.023,
stec8,NACA 2.5411,clean,101500.0,8.28,0.873,0.0277,
stec8,NACA 2.5411,clean,101500.0,9.3,0.926,0.0339,
stec8,NACA 2.5411,clean,101500.0,10.3,0.973,0.0431,
stec8,NACA 2.5411,clean,200600.0,-3.96,-0.18,0.0142,
stec8,NACA 2.5411,clean,200600.0,-2.94,-0.066,0.011,
stec8,NACA 2.5411,clean,200600.0,-1.91,0.029,0.0114,
stec8,NACA 2.5411,clean,200600.0,-0.88,0.113,0.0099,
stec8,NACA 2.5411,clean,200600.0,0.13,0.239,0.0088,
stec8,NACA 2.5411,clean,200600.0,1.17,0.339,0.0093,
stec8,NACA 2.5411,clean,200600.0,2.19,0.438,0.0101,
stec8,NACA 2.5411,clean,200600.0,3.21,0.537,0.0112,
stec8,NACA 2.5411,clean,200600.0,4.23,0.631,0.0121,
stec8,NACA 2.5411,clean,200600.0,5.24,0.715,0.0136,
stec8,NACA 2.5411,clean,200600.0,6.26,0.785,0.0168,
stec8,NACA 2.5411,clean,200600.0,7.28,0.851,0.021,
stec8,NACA 2.5411,clean,200600.0,8.29,0.914,0.0242,
stec8,NACA 2.5411,clean,200600.0,9.3,0.97,0.0293,
stec8,NACA 2.5411,clean,200600.0,10.31,1.015,0.037,
stec8,NACA 2.5411,clean,200600.0,11.32,1.044,0.0479,
stec8,NACA 2.5411,clean,303300.0,-3.94,-0.155,0.0125,
stec8,NACA 2.5411,clean,303300.0,-2.94,-0.067,0.011,
stec8,NACA 2.5411,clean,303300.0,-1.91,0.027,0.0099,
stec8,NACA 2.5411,clean,303300.0,-0.9,0.119,0.0093,
stec8,NACA 2.5411,clean,303300.0,0.12,0.206,0.008,
stec8,NACA 2.5411,clean,303300.0,1.17,0.344,0.0084,
stec8,NACA 2.5411,clean,303300.0,2.18,0.441,0.0088,
stec8,NACA 2.5411,clean,303300.0,3.21,0.537,0.0095,
stec8,NACA 2.5411,clean,303300.0,4.22,0.625,0.0107,
stec8,NACA 2.5411,clean,303300.0,5.24,0.703,0.0126,
stec8,NACA 6409,clean,61400.0,-0.83,0.325,0.0325,
stec8,NACA 6409,clean,61400.0,0.19,0.438,0.0305,
stec8,NACA 6409,clean,61400.0,1.19,0.541,0.028,
stec8,NACA 6409,clean,61400.0,2.22,0.629,0.0313,
stec8,NACA 6409,clean,61400.0,3.23,0.716,0.0336,
stec8,NACA 6409,clean,61400.0,4.26,0.805,0.0365,
stec8,NACA 6409,clean,61400.0,5.26,0.873,0.0374,
stec8,NACA 6409,clean,61400.0,6.28,0.931,0.0391,
stec8,NACA 6409,clean,61400.0,7.24,0.714,0.0958,
stec8,NACA 6409,clean,61400.0,8.24,0.723,0.1167,
stec8,NACA 6409,clean,61400.0,9.25,0.765,0.1196,
stec8,NACA 6409,clean,61400.0,10.36,1.274,0.0333,
stec8,NACA 6409,clean,79400.0,-0.84,0.411,0.0271,
stec8,NACA 6409,clean,79400.0,0.18,0.525,0.0213,
stec8,NACA 6409,clean,79400.0,1.21,0.618,0.0221,
stec8,NACA 6409,clean,79400.0,2.21,0.7,0.0229,
stec8,NACA 6409,clean,79400.0,3.24,0.792,0.0223,
stec8,NACA 6409,clean,79400.0,4.25,0.887,0.023,
stec8,NACA 6409,clean,79400.0,5.26,0.972,0.0247,
stec8,NACA 6409,clean,79400.0,6.28,1.055,0.0265,
stec8,NACA 6409,clean,79400.0,7.32,1.138,0.0298,
stec8,NACA 6409,clean,79400.0,8.32,1.207,0.0277,
stec8,NACA 6409,clean,79400.0,9.35,1.271,0.0303,
stec8,NACA 6409,clean,79400.0,10.35,1.32,0.0308,
stec8,NACA 6409,clean,79400.0,11.36,1.373,0.0276,
stec8,NACA 6409,clean,79400.0,12.36,1.369,0.029,
stec8,NACA 6409,clean,79400.0,13.35,1.347,0.0521,
stec8,NACA 6409,clean,102600.0,-0.84,0.459,0.02,
stec8,NACA 6409,clean,102600.0,0.14,0.549,0.018,
stec8,NACA 6409,clean,102600.0,1.18,0.646,0.0187,
stec8,NACA 6409,clean,102600.0,2.2,0.739,0.018,
stec8,NACA 6409,clean,102600.0,3.23,0.829,0.0188,
stec8,NACA 6409,clean,102600.0,4.24,0.922,0.0193,
stec8,NACA 6409,clean,102600.0,5.27,1.015,0.0202,
stec8,NACA 6409,clean,102600.0,6.29,1.093,0.0205,
stec8,NACA 6409,clean,102600.0,7.32,1.179,0.022,
stec8,NACA 6409,clean,102600.0,8.31,1.248,0.0231,
stec8,NACA 6409,clean,102600.0,9.34,1.312,0.0242,
stec8,NACA 6409,clean,102600.0,10.37,1.353,0.0263,
stec8,NACA 6409,clean,102600.0,11.35,1.366,0.0276,
stec8,NACA 6409,clean,102600.0,12.36,1.35,0.0364,
stec8,NACA 6409,clean,102600.0,13.36,1.329,0.0413,
stec8,NACA 6409,clean,102600.0,14.36,1.303,0.0571,
stec8,NACA 6409,clean,147300.0,-0.9,0.481,0.0122,
stec8,NACA 6409,clean,147300.0,0.1,0.575,0.0124,
stec8,NACA 6409,clean,147300.0,1.18,0.673,0.0119,
stec8,NACA 6409,clean,147300.0,2.2,0.779,0.0127,
stec8,NACA 6409,clean,147300.0,3.19,0.88,0.0138,
stec8,NACA 6409,clean,147300.0,4.23,0.974,0.0148,
stec8,NACA 6409,clean,147300.0,5.23,1.063,0.0158,
stec8,NACA 6409,clean,147300.0,6.26,1.153,0.0165,
stec8,NACA 6409,clean,147300.0,7.28,1.234,0.0166,
stec8,NACA 6409,clean,147300.0,8.31,1.301,0.0179,
stec8,NACA 6409,clean,147300.0,9.35,1.361,0.0206,
stec8,NACA 6409,clean,147300.0,10.33,1.383,0.0237,
stec8,NACA 6409,clean,147300.0,11.33,1.383,0.0276,
stec8,NACA 6409,clean,147300.0,12.35,1.343,0.0349,
stec8,NACA 6409,clean,147300.0,13.34,1.324,0.0382,
stec8,NACA 6409,clean,200100.0,-0.87,0.536,0.0124,
stec8,NACA 6409,clean,200100.0,0.18,0.639,0.012,
stec8,NACA 6409,clean,200100.0,1.2,0.73,0.0112,
stec8,NACA 6409,clean,200100.0,2.18,0.821,0.0115,
stec8,NACA 6409,clean,200100.0,3.17,0.912,0.0124,
stec8,NACA 6409,clean,200100.0,4.21,1.006,0.0134,
stec8,NACA 6409,clean,200100.0,5.2,1.092,0.0143,
stec8,NACA 6409,clean,200100.0,6.22,1.175,0.0155,
stec8,NACA 6409,clean,200100.0,7.38,1.265,0.0165,
stec8,NACA 6409,clean,200100.0,8.32,1.315,0.0177,
stec8,NACA 6409,clean,200100.0,9.31,1.342,0.0206,
stec8,NACA 6409,clean,200100.0,10.33,1.339,0.024,
stec8,NACA 6409,clean,200100.0,11.33,1.325,0.0286,
stec8,NACA 6409,clean,200100.0,12.33,1.301,0.0309,
stec8,NACA 6409,clean,200100.0,13.29,1.28,0.0369,
stec8,NACA 6409,clean,200100.0,14.29,1.26,0.0549,
stec8,NACA 64A010,clean,62800.0,-5.01,-0.484,0.0154,
stec8,NACA 64A010,clean,62800.0,-4.0,-0.404,0.0152,
stec8,NACA 64A010,clean,62800.0,-2.97,-0.33,0.0146,
stec8,NACA 64A010,clean,62800.0,-1.95,-0.19,0.0179,
stec8,NACA 64A010,clean,62800.0,-0.91,-0.03,0.0174,
stec8,NACA 64A010,clean,62800.0,-0.4,-0.013,0.0191,
stec8,NACA 64A010,clean,62800.0,0.08,-0.007,0.0135,
stec8,NACA 64A010,clean,62800.0,0.6,-0.005,0.0135,
stec8,NACA 64A010,clean,62800.0,1.1,0.018,0.0149,
stec8,NACA 64A010,clean,62800.0,1.62,0.088,0.0189,
stec8,NACA 64A010,clean,62800.0,2.14,0.206,0.0181,
stec8,NACA 64A010,clean,62800.0,3.15,0.333,0.0162,
stec8,NACA 64A010,clean,62800.0,4.18,0.413,0.017,
stec8,NACA 64A010,clean,62800.0,5.2,0.471,0.0227,
stec8,NACA 64A010,clean,62800.0,6.2,0.525,0.0296,
stec8,NACA 64A010,clean,62800.0,7.22,0.572,0.0415,
stec8,NACA 64A010,clean,104200.0,-5.01,-0.465,0.0143,
stec8,NACA 64A010,clean,104200.0,-3.99,-0.398,0.0129,
stec8,NACA 64A010,clean,104200.0,-2.98,-0.327,0.0124,
stec8,NACA 64A010,clean,104200.0,-1.96,-0.24,0.0124,
stec8,NACA 64A010,clean,104200.0,-0.93,-0.089,0.0127,
stec8,NACA 64A010,clean,104200.0,0.09,0.012,0.0121,
stec8,NACA 64A010,clean,104200.0,1.15,0.191,0.0133,
stec8,NACA 64A010,clean,104200.0,2.16,0.301,0.013,
stec8,NACA 64A010,clean,104200.0,3.16,0.368,0.0127,
stec8,NACA 64A010,clean,104200.0,4.19,0.434,0.0131,
stec8,NACA 64A010,clean,104200.0,5.2,0.493,0.0203,
stec8,NACA 64A010,clean,104200.0,6.22,0.559,0.0262,
stec8,NACA 64A010,clean,104200.0,7.23,0.621,0.0334,
stec8,NACA 64A010,clean,104200.0,8.25,0.676,0.0494,
stec8,NACA 64A010,clean,150200.0,-6.02,-0.565,0.0181,
stec8,NACA 64A010,clean,150200.0,-4.52,-0.465,0.0123,
stec8,NACA 64A010,clean,150200.0,-3.0,-0.347,0.011,
stec8,NACA 64A010,clean,150200.0,-1.47,-0.223,0.0103,
stec8,NACA 64A010,clean,150200.0,0.07,0.002,0.0104,
stec8,NACA 64A010,clean,150200.0,1.63,0.227,0.0108,
stec8,NACA 64A010,clean,150200.0,3.16,0.362,0.0102,
stec8,NACA 64A010,clean,150200.0,4.7,0.468,0.0154,
stec8,NACA 64A010,clean,150200.0,6.21,0.574,0.0217,
stec8,NACA 64A010,clean,150200.0,7.74,0.673,0.0366,
stec8,NACA 64A010,clean,203300.0,-5.01,-0.454,0.0129,
stec8,NACA 64A010,clean,203300.0,-4.0,-0.383,0.01,
stec8,NACA 64A010,clean,203300.0,-2.97,-0.299,0.0096,
stec8,NACA 64A010,clean,203300.0,-1.95,-0.184,0.0098,
stec8,NACA 64A010,clean,203300.0,-0.91,-0.048,0.0092,
stec8,NACA 64A010,clean,203300.0,0.11,0.053,0.0093,
stec8,NACA 64A010,clean,203300.0,1.13,0.155,0.0091,
stec8,NACA 64A010,clean,203300.0,2.15,0.291,0.0094,
stec8,NACA 64A010,clean,203300.0,3.18,0.384,0.0099,
stec8,NACA 64A010,clean,203300.0,4.2,0.45,0.0131,
stec8,NACA 64A010,clean,203300.0,5.21,0.526,0.0166,
stec8,NACA 64A010,clean,203300.0,6.23,0.601,0.0201,
stec8,NACA 64A010,clean,203300.0,7.24,0.665,0.0272,
stec8,NACA 64A010,clean,203300.0,8.26,0.724,0.0523,
stec8,NACA 64A010,clean,301000.0,-5.02,-0.463,0.012,
stec8,NACA 64A010,clean,301000.0,-4.04,-0.385,0.01,
stec8,NACA 64A010,clean,301000.0,-2.98,-0.266,0.0083,
stec8,NACA 64A010,clean,301000.0,-1.95,-0.14,0.0075,
stec8,NACA 64A010,clean,301000.0,-0.91,-0.04,0.0073,
stec8,NACA 64A010,clean,301000.0,0.11,0.049,0.0075,
stec8,NACA 64A010,clean,301000.0,1.13,0.14,0.0075,
stec8,NACA 64A010,clean,301000.0,2.15,0.244,0.0081,
stec8,NACA 64A010,clean,301000.0,3.17,0.365,0.0104,
stec8,NACA 64A010,clean,301000.0,4.19,0.448,0.0122,
stec8,NACA 64A010,clean,301000.0,5.2,0.527,0.0146,
stec8,NACA 64A010,clean,301000.0,6.23,0.602,0.0177,
stec8,NACA 64A010,clean,301000.0,7.25,0.67,0.0235,
stec8,RG15,clean,59600.0,-2.93,-0.125,0.0159,
stec8,RG15,clean,59600.0,-1.92,-0.069,0.0132,
stec8,RG15,clean,59600.0,-0.91,0.017,0.0141,
stec8,RG15,clean,59600.0,0.12,0.12,0.0188,
stec8,RG15,clean,59600.0,1.14,0.215,0.0164,
stec8,RG15,clean,59600.0,2.18,0.392,0.0213,
stec8,RG15,clean,59600.0,3.21,0.54,0.0195,
stec8,RG15,clean,59600.0,4.23,0.622,0.0187,
stec8,RG15,clean,59600.0,5.23,0.691,0.0186,
stec8,RG15,clean,59600.0,6.25,0.772,0.0219,
stec8,RG15,clean,59600.0,7.28,0.853,0.0242,
stec8,RG15,clean,59600.0,8.29,0.911,0.0289,
stec8,RG15,clean,59600.0,9.3,0.965,0.0353,
stec8,RG15,clean,59600.0,10.32,1.009,0.0469,
stec8,RG15,clean,59600.0,11.33,1.026,0.0693,
stec8,RG15,clean,99600.0,-2.93,-0.139,0.0141,
stec8,RG15,clean,99600.0,-1.93,-0.059,0.0125,
stec8,RG15,clean,99600.0,-0.91,0.021,0.0113,
stec8,RG15,clean,99600.0,0.13,0.141,0.0129,
stec8,RG15,clean,99600.0,1.16,0.31,0.0144,
stec8,RG15,clean,99600.0,2.19,0.452,0.0131,
stec8,RG15,clean,99600.0,3.21,0.544,0.0134,
stec8,RG15,clean,99600.0,4.23,0.63,0.0149,
stec8,RG15,clean,99600.0,5.25,0.718,0.0159,
stec8,RG15,clean,99600.0,6.27,0.801,0.0182,
stec8,RG15,clean,99600.0,7.28,0.877,0.021,
stec8,RG15,clean,99600.0,8.29,0.946,0.0247,
stec8,RG15,clean,99600.0,9.31,0.997,0.0309,
stec8,RG15,clean,99600.0,10.32,1.035,0.0401,
stec8,RG15,clean,99600.0,11.33,1.055,0.0536,
stec8,RG15,clean,146100.0,-2.92,-0.133,0.0127,
stec8,RG15,clean,146100.0,-1.9,-0.043,0.0106,
stec8,RG15,clean,146100.0,-0.9,0.065,0.0097,
stec8,RG15,clean,146100.0,0.13,0.214,0.0101,
stec8,RG15,clean,146100.0,1.16,0.345,0.0097,
stec8,RG15,clean,146100.0,2.19,0.461,0.0103,
stec8,RG15,clean,146100.0,3.21,0.564,0.0112,
stec8,RG15,clean,146100.0,4.24,0.665,0.0128,
stec8,RG15,clean,146100.0,5.26,0.763,0.0142,
stec8,RG15,clean,146100.0,6.28,0.86,0.0164,
stec8,RG15,clean,146100.0,7.3,0.949,0.019,
stec8,RG15,clean,200900.0,-4.0,-0.232,0.0144,
stec8,RG15,clean,200900.0,-2.96,-0.139,0.0123,
stec8,RG15,clean,200900.0,-1.92,-0.027,0.0108,
stec8,RG15,clean,200900.0,-0.91,0.098,0.0094,
stec8,RG15,clean,200900.0,0.12,0.221,0.0085,
stec8,RG15,clean,200900.0,1.15,0.329,0.0083,
stec8,RG15,clean,200900.0,2.19,0.43,0.0087,
stec8,RG15,clean,200900.0,3.19,0.526,0.0096,
stec8,RG15,clean,200900.0,4.22,0.627,0.0107,
stec8,RG15,clean,200900.0,5.25,0.716,0.0121,
stec8,RG15,clean,200900.0,6.26,0.804,0.0144,
stec8,RG15,clean,200900.0,7.28,0.89,0.0165,
stec8,RG15,clean,200900.0,8.3,0.965,0.0191,
stec8,RG15,clean,200900.0,9.31,1.022,0.0249,
stec8,RG15,clean,200900.0,10.33,1.065,0.0309,
stec8,RG15,clean,200900.0,11.33,1.084,0.041,
stec8,RG15,clean,302600.0,-3.99,-0.215,0.0126,
stec8,RG15,clean,302600.0,-2.97,-0.095,0.0109,
stec8,RG15,clean,302600.0,-1.97,0.034,0.0092,
stec8,RG15,clean,302600.0,-0.93,0.146,0.0076,
stec8,RG15,clean,302600.0,0.05,0.239,0.0069,
stec8,RG15,clean,302600.0,1.09,0.331,0.0075,
stec8,RG15,clean,302600.0,2.17,0.44,0.0078,
stec8,RG15,clean,302600.0,3.2,0.543,0.0087,
stec8,RG15,clean,302600.0,4.23,0.639,0.01,
stec8,RG15,clean,302600.0,5.24,0.73,0.0115,
stec8,RG15,clean,302600.0,6.27,0.82,0.0131,
stec8,RG15,clean,302600.0,7.29,0.907,0.015,
stec8,RG15,clean,302600.0,8.3,0.981,0.0185,
stec8,"RG15 UST .020, .125, 20%",clean,102300.0,-3.96,-0.227,0.0183,
stec8,"RG15 UST .020, .125, 20%",clean,102300.0,-2.94,-0.13,0.0144,
stec8,"RG15 UST .020, .125, 20%",clean,102300.0,-1.93,-0.046,0.0116,
stec8,"RG15 UST .020, .125, 20%",clean,102300.0,-0.9,0.076,0.0117,
stec8,"RG15 UST .020, .125, 20%",clean,102300.0,0.12,0.214,0.0121,
stec8,"RG15 UST .020, .125, 20%",clean,102300.0,1.16,0.338,0.012,
stec8,"RG15 UST .020, .125, 20%",clean,102300.0,2.19,0.447,0.0125,
stec8,"RG15 UST .020, .125, 20%",clean,102300.0,3.2,0.541,0.0121,
stec8,"RG15 UST .020, .125, 20%",clean,102300.0,4.24,0.633,0.0124,
stec8,"RG15 UST .020, .125, 20%",clean,102300.0,5.24,0.721,0.0156,
stec8,"RG15 UST .020, .125, 20%",clean,102300.0,6.25,0.804,0.0165,
stec8,"RG15 UST .020, .125, 20%",clean,102300.0,7.27,0.879,0.021,
stec8,"RG15 UST .020, .125, 20%",clean,102300.0,8.3,0.945,0.0264,
stec8,"RG15 UST .020, .125, 20%",clean,102300.0,9.31,0.997,0.0299,
stec8,"RG15 UST .020, .125, 20%",clean,102300.0,10.31,1.017,0.0625,
stec8,"RG15 UST .020, .125, 20%",clean,151600.0,-3.97,-0.216,0.0154,
stec8,"RG15 UST .020, .125, 20%",clean,151600.0,-2.94,-0.099,0.0129,
stec8,"RG15 UST .020, .125, 20%",clean,151600.0,-1.91,0.027,0.0108,
stec8,"RG15 UST .020, .125, 20%",clean,151600.0,-0.89,0.124,0.0097,
stec8,"RG15 UST .020, .125, 20%",clean,151600.0,0.13,0.237,0.0088,
stec8,"RG15 UST .020, .125, 20%",clean,151600.0,1.17,0.347,0.0101,
stec8,"RG15 UST .020, .125, 20%",clean,151600.0,2.19,0.449,0.0109,
stec8,"RG15 UST .020, .125, 20%",clean,151600.0,3.21,0.549,0.0116,
stec8,"RG15 UST .020, .125, 20%",clean,151600.0,4.23,0.648,0.0125,
stec8,"RG15 UST .020, .125, 20%",clean,151600.0,5.24,0.743,0.014,
stec8,"RG15 UST .020, .125, 20%",clean,151600.0,6.27,0.833,0.0166,
stec8,"RG15 UST .020, .125, 20%",clean,151600.0,7.28,0.917,0.0188,
stec8,"RG15 UST .020, .125, 20%",clean,151600.0,8.31,0.989,0.0237,
stec8,"RG15 UST .020, .125, 20%",clean,151600.0,9.3,1.04,0.0276,
stec8,"RG15 UST .020, .125, 20%",clean,151600.0,10.33,1.076,0.0387,
stec8,"RG15 UST .020, .125, 20%",clean,151600.0,11.32,1.089,0.0505,
stec8,"RG15 UST .020, .125, 20%",clean,151600.0,12.3,1.038,0.1342,
stec8,"RG15 UST .020, .125, 20%",clean,201200.0,-3.97,-0.188,0.0135,
stec8,"RG15 UST .020, .125, 20%",clean,201200.0,-2.93,-0.062,0.0114,
stec8,"RG15 UST .020, .125, 20%",clean,201200.0,-1.92,0.05,0.009,
stec8,"RG15 UST .020, .125, 20%",clean,201200.0,-0.9,0.137,0.0083,
stec8,"RG15 UST .020, .125, 20%",clean,201200.0,0.14,0.229,0.0086,
stec8,"RG15 UST .020, .125, 20%",clean,201200.0,1.15,0.338,0.0093,
stec8,"RG15 UST .020, .125, 20%",clean,201200.0,2.17,0.442,0.01,
stec8,"RG15 UST .020, .125, 20%",clean,201200.0,3.2,0.546,0.0109,
stec8,"RG15 UST .020, .125, 20%",clean,201200.0,4.22,0.647,0.0121,
stec8,"RG15 UST .020, .125, 20%",clean,201200.0,5.24,0.747,0.0133,
stec8,"RG15 UST .020, .125, 20%",clean,201200.0,6.26,0.843,0.0148,
stec8,"RG15 UST .020, .125, 20%",clean,201200.0,7.29,0.929,0.0178,
stec8,"RG15 UST .020, .125, 20%",clean,201200.0,8.29,0.998,0.022,
stec8,"RG15 UST .020, .125, 20%",clean,201200.0,9.32,1.053,0.0282,
stec8,"RG15 UST .020, .125, 20%",clean,201200.0,10.32,1.089,0.0361,
stec8,"RG15 UST .020, .125, 20%",clean,201200.0,11.32,1.103,0.0463,
stec8,"RG15 UST .020, .125, 20%",clean,313500.0,-3.97,-0.164,0.0121,
stec8,"RG15 UST .020, .125, 20%",clean,313500.0,-2.96,-0.065,0.0107,
stec8,"RG15 UST .020, .125, 20%",clean,313500.0,-1.96,0.025,0.0101,
stec8,"RG15 UST .020, .125, 20%",clean,313500.0,-0.94,0.125,0.0091,
stec8,"RG15 UST .020, .125, 20%",clean,313500.0,0.11,0.227,0.0095,
stec8,"RG15 UST .020, .125, 20%",clean,313500.0,1.15,0.33,0.0096,
stec8,"RG15 UST .020, .125, 20%",clean,313500.0,2.17,0.44,0.0098,
stec8,"RG15 UST .020, .125, 20%",clean,313500.0,3.19,0.549,0.0104,
stec8,"RG15 UST .020, .125, 20%",clean,313500.0,4.22,0.652,0.011,
stec8,"RG15 UST .020, .125, 20%",clean,313500.0,5.26,0.754,0.0122,
stec8,"RG15 UST .020, .125, 20%",clean,313500.0,6.27,0.845,0.0139,
stec8,"RG15 UST .020, .125, 20%",clean,313500.0,7.28,0.924,0.0165,
stec8,"RG15 UST .020, .125, 20%",clean,313500.0,8.31,1.0,0.0199,
stec8,"RG15 UST .020, .125, 20%",clean,313500.0,9.32,1.057,0.0248,
stec8,"RG15 UST .020, .125, 20%",clean,313500.0,10.31,1.096,0.0314,
stec8,"RG15 UST .020, .125, 20%",clean,313500.0,11.31,1.107,0.0402,
stec8,"RG15 UST .020, .125, 40%",clean,101700.0,-3.45,-0.198,0.0172,
stec8,"RG15 UST .020, .125, 40%",clean,101700.0,-1.92,-0.062,0.0113,
stec8,"RG15 UST .020, .125, 40%",clean,101700.0,-0.39,0.128,0.0116,
stec8,"RG15 UST .020, .125, 40%",clean,101700.0,1.15,0.32,0.0127,
stec8,"RG15 UST .020, .125, 40%",clean,101700.0,2.69,0.486,0.013,
stec8,"RG15 UST .020, .125, 40%",clean,101700.0,5.26,0.728,0.0159,
stec8,"RG15 UST .020, .125, 40%",clean,101700.0,6.78,0.856,0.0188,
stec8,"RG15 UST .020, .125, 40%",clean,101700.0,8.29,0.962,0.0246,
stec8,"RG15 UST .020, .125, 40%",clean,101700.0,9.31,1.012,0.0293,
stec8,"RG15 UST .020, .125, 40%",clean,101700.0,10.32,1.047,0.0346,
stec8,"RG15 UST .020, .125, 40%",clean,101700.0,11.32,1.051,0.0744,
stec8,"RG15 UST .020, .125, 40%",clean,151900.0,-3.44,-0.14,0.0134,
stec8,"RG15 UST .020, .125, 40%",clean,151900.0,-1.92,0.028,0.0094,
stec8,"RG15 UST .020, .125, 40%",clean,151900.0,-0.38,0.175,0.0084,
stec8,"RG15 UST .020, .125, 40%",clean,151900.0,1.16,0.349,0.0097,
stec8,"RG15 UST .020, .125, 40%",clean,151900.0,2.7,0.508,0.011,
stec8,"RG15 UST .020, .125, 40%",clean,151900.0,5.26,0.748,0.0144,
stec8,"RG15 UST .020, .125, 40%",clean,151900.0,6.78,0.877,0.0194,
stec8,"RG15 UST .020, .125, 40%",clean,151900.0,8.3,0.987,0.0257,
stec8,"RG15 UST .020, .125, 40%",clean,151900.0,9.31,1.04,0.0312,
stec8,"RG15 UST .020, .125, 40%",clean,151900.0,10.32,1.075,0.0407,
stec8,"RG15 UST .020, .125, 40%",clean,151900.0,11.33,1.091,0.0559,
stec8,"RG15 UST .020, .125, 40%",clean,202700.0,-3.43,-0.107,0.0117,
stec8,"RG15 UST .020, .125, 40%",clean,202700.0,-1.93,0.049,0.0088,
stec8,"RG15 UST .020, .125, 40%",clean,202700.0,-0.38,0.18,0.0083,
stec8,"RG15 UST .020, .125, 40%",clean,202700.0,1.17,0.343,0.0087,
stec8,"RG15 UST .020, .125, 40%",clean,202700.0,2.7,0.506,0.0097,
stec8,"RG15 UST .020, .125, 40%",clean,202700.0,5.26,0.749,0.0135,
stec8,"RG15 UST .020, .125, 40%",clean,202700.0,6.78,0.879,0.0171,
stec8,"RG15 UST .020, .125, 40%",clean,202700.0,8.29,0.995,0.0223,
stec8,"RG15 UST .020, .125, 40%",clean,202700.0,9.32,1.049,0.028,
stec8,"RG15 UST .020, .125, 40%",clean,305100.0,-3.49,-0.114,0.012,
stec8,"RG15 UST .020, .125, 40%",clean,305100.0,-2.0,0.032,0.0096,
stec8,"RG15 UST .020, .125, 40%",clean,305100.0,-0.39,0.189,0.0087,
stec8,"RG15 UST .020, .125, 40%",clean,305100.0,1.13,0.34,0.0082,
stec8,"RG15 UST .020, .125, 40%",clean,305100.0,2.7,0.509,0.0086,
stec8,"RG15 UST .020, .125, 40%",clean,305100.0,5.25,0.75,0.0122,
stec8,"RG15 UST .020, .125, 40%",clean,305100.0,6.79,0.884,0.0152,
stec8,"RG15 UST .020, .125, 40%",clean,305100.0,8.3,0.995,0.0205,
stec8,"RG15 UST .020, .125, 40%",clean,305100.0,9.31,1.051,0.0253,
stec8,"RG15 UST .020, .125, 40%",clean,305100.0,10.32,1.09,0.0317,
stec8,"RG15 UST .020, .125, 60%",clean,101000.0,-3.45,-0.198,0.0172,
stec8,"RG15 UST .020, .125, 60%",clean,101000.0,-1.93,-0.065,0.0119,
stec8,"RG15 UST .020, .125, 60%",clean,101000.0,-0.38,0.112,0.0117,
stec8,"RG15 UST .020, .125, 60%",clean,101000.0,1.16,0.316,0.0147,
stec8,"RG15 UST .020, .125, 60%",clean,101000.0,2.69,0.5,0.0136,
stec8,"RG15 UST .020, .125, 60%",clean,101000.0,5.24,0.723,0.0157,
stec8,"RG15 UST .020, .125, 60%",clean,101000.0,6.77,0.85,0.0174,
stec8,"RG15 UST .020, .125, 60%",clean,101000.0,8.3,0.964,0.0233,
stec8,"RG15 UST .020, .125, 60%",clean,101000.0,9.31,1.013,0.0301,
stec8,"RG15 UST .020, .125, 60%",clean,101000.0,10.32,1.048,0.0396,
stec8,"RG15 UST .020, .125, 60%",clean,101000.0,11.32,1.05,0.0779,
stec8,"RG15 UST .020, .125, 60%",clean,152800.0,-3.95,-0.198,0.0162,
stec8,"RG15 UST .020, .125, 60%",clean,152800.0,-2.93,-0.082,0.012,
stec8,"RG15 UST .020, .125, 60%",clean,152800.0,-1.92,0.032,0.01,
stec8,"RG15 UST .020, .125, 60%",clean,152800.0,-0.91,0.131,0.0107,
stec8,"RG15 UST .020, .125, 60%",clean,152800.0,0.12,0.249,0.0106,
stec8,"RG15 UST .020, .125, 60%",clean,152800.0,1.16,0.368,0.0101,
stec8,"RG15 UST .020, .125, 60%",clean,152800.0,2.18,0.469,0.0102,
stec8,"RG15 UST .020, .125, 60%",clean,152800.0,3.21,0.566,0.0105,
stec8,"RG15 UST .020, .125, 60%",clean,152800.0,4.23,0.663,0.0118,
stec8,"RG15 UST .020, .125, 60%",clean,152800.0,5.24,0.751,0.0136,
stec8,"RG15 UST .020, .125, 60%",clean,152800.0,6.27,0.839,0.0159,
stec8,"RG15 UST .020, .125, 60%",clean,152800.0,7.29,0.925,0.0191,
stec8,"RG15 UST .020, .125, 60%",clean,152800.0,8.3,0.998,0.0226,
stec8,"RG15 UST .020, .125, 60%",clean,152800.0,9.31,1.051,0.0289,
stec8,"RG15 UST .020, .125, 60%",clean,152800.0,10.32,1.092,0.0362,
stec8,"RG15 UST .020, .125, 60%",clean,152800.0,11.33,1.11,0.0479,
stec8,"RG15 UST .020, .125, 60%",clean,152800.0,12.32,1.086,0.1002,
stec8,"RG15 UST .020, .125, 60%",clean,152800.0,13.29,0.997,0.1993,
stec8,"RG15 UST .020, .125, 60%",clean,202300.0,-3.95,-0.164,0.0139,
stec8,"RG15 UST .020, .125, 60%",clean,202300.0,-2.97,-0.058,0.0108,
stec8,"RG15 UST .020, .125, 60%",clean,202300.0,-1.91,0.055,0.0087,
stec8,"RG15 UST .020, .125, 60%",clean,202300.0,-0.92,0.148,0.0082,
stec8,"RG15 UST .020, .125, 60%",clean,202300.0,0.12,0.248,0.0081,
stec8,"RG15 UST .020, .125, 60%",clean,202300.0,1.15,0.357,0.0083,
stec8,"RG15 UST .020, .125, 60%",clean,202300.0,2.16,0.457,0.0086,
stec8,"RG15 UST .020, .125, 60%",clean,202300.0,3.19,0.558,0.0096,
stec8,"RG15 UST .020, .125, 60%",clean,202300.0,4.22,0.654,0.0111,
stec8,"RG15 UST .020, .125, 60%",clean,202300.0,5.25,0.747,0.0127,
stec8,"RG15 UST .020, .125, 60%",clean,202300.0,6.26,0.836,0.0151,
stec8,"RG15 UST .020, .125, 60%",clean,202300.0,7.29,0.922,0.0175,
stec8,"RG15 UST .020, .125, 60%",clean,202300.0,8.29,0.994,0.0211,
stec8,"RG15 UST .020, .125, 60%",clean,202300.0,9.32,1.049,0.0267,
stec8,"RG15 UST .020, .125, 60%",clean,202300.0,10.32,1.087,0.0337,
stec8,"RG15 UST .020, .125, 60%",clean,202300.0,11.33,1.105,0.044,
stec8,"RG15 UST .020, .125, 60%",clean,202300.0,12.19,1.089,0.0944,
stec8,"RG15 UST .020, .125, 60%",clean,307600.0,-4.02,-0.158,0.0123,
stec8,"RG15 UST .020, .125, 60%",clean,307600.0,-2.96,-0.052,0.0103,
stec8,"RG15 UST .020, .125, 60%",clean,307600.0,-1.97,0.047,0.0086,
stec8,"RG15 UST .020, .125, 60%",clean,307600.0,-0.98,0.142,0.0074,
stec8,"RG15 UST .020, .125, 60%",clean,307600.0,0.11,0.247,0.0072,
stec8,"RG15 UST .020, .125, 60%",clean,307600.0,1.1,0.345,0.007,
stec8,"RG15 UST .020, .125, 60%",clean,307600.0,2.16,0.457,0.008,
stec8,"RG15 UST .020, .125, 60%",clean,307600.0,3.18,0.559,0.0091,
stec8,"RG15 UST .020, .125, 60%",clean,307600.0,4.21,0.655,0.0105,
stec8,"RG15 UST .020, .125, 60%",clean,307600.0,5.25,0.749,0.012,
stec8,"RG15 UST .020, .125, 60%",clean,307600.0,6.27,0.836,0.0138,
stec8,"RG15 UST .020, .125, 60%",clean,307600.0,7.28,0.921,0.0157,
stec8,"RG15 UST .020, .125, 60%",clean,307600.0,8.3,0.995,0.0192,
stec8,"RG15 UST .020, .125, 60%",clean,307600.0,9.32,1.053,0.0241,
stec8,"RG15 UST .020, .125, 60%",clean,307600.0,10.32,1.094,0.0306,
stec8,"RG15 UST .020, .125, 60%",clean,307600.0,11.32,1.109,0.0402,
stec8,"RG15 UST .020, .125, 70%",clean,101000.0,-2.96,-0.128,0.0151,
stec8,"RG15 UST .020, .125, 70%",clean,101000.0,-1.93,-0.054,0.012,
stec8,"RG15 UST .020, .125, 70%",clean,101000.0,-0.92,0.021,0.0125,
stec8,"RG15 UST .020, .125, 70%",clean,101000.0,0.11,0.145,0.0119,
stec8,"RG15 UST .020, .125, 70%",clean,101000.0,1.15,0.304,0.0142,
stec8,"RG15 UST .020, .125, 70%",clean,101000.0,2.19,0.454,0.014,
stec8,"RG15 UST .020, .125, 70%",clean,101000.0,3.2,0.548,0.0129,
stec8,"RG15 UST .020, .125, 70%",clean,101000.0,4.21,0.633,0.0133,
stec8,"RG15 UST .020, .125, 70%",clean,101000.0,5.23,0.718,0.0152,
stec8,"RG15 UST .020, .125, 70%",clean,101000.0,6.25,0.8,0.0171,
stec8,"RG15 UST .020, .125, 70%",clean,101000.0,7.28,0.883,0.0194,
stec8,"RG15 UST .020, .125, 70%",clean,101000.0,8.29,0.954,0.0242,
stec8,"RG15 UST .020, .125, 70%",clean,101000.0,9.3,1.001,0.0285,
stec8,"RG15 UST .020, .125, 70%",clean,101000.0,10.31,1.04,0.0351,
stec8,"RG15 UST .020, .125, 70%",clean,101000.0,11.31,1.057,0.0475,
stec8,"RG15 UST .020, .125, 70%",clean,101000.0,12.3,1.014,0.1151,
stec8,"RG15 UST .020, .125, 70%",clean,153300.0,-2.93,-0.097,0.0138,
stec8,"RG15 UST .020, .125, 70%",clean,153300.0,-1.93,0.013,0.0115,
stec8,"RG15 UST .020, .125, 70%",clean,153300.0,-0.91,0.112,0.0097,
stec8,"RG15 UST .020, .125, 70%",clean,153300.0,0.12,0.243,0.0098,
stec8,"RG15 UST .020, .125, 70%",clean,153300.0,1.14,0.37,0.0096,
stec8,"RG15 UST .020, .125, 70%",clean,153300.0,2.17,0.47,0.0096,
stec8,"RG15 UST .020, .125, 70%",clean,153300.0,3.17,0.563,0.0108,
stec8,"RG15 UST .020, .125, 70%",clean,153300.0,4.2,0.657,0.0119,
stec8,"RG15 UST .020, .125, 70%",clean,153300.0,5.25,0.748,0.0133,
stec8,"RG15 UST .020, .125, 70%",clean,153300.0,6.26,0.834,0.0152,
stec8,"RG15 UST .020, .125, 70%",clean,153300.0,7.28,0.919,0.0177,
stec8,"RG15 UST .020, .125, 70%",clean,153300.0,8.3,0.991,0.0216,
stec8,"RG15 UST .020, .125, 70%",clean,153300.0,9.3,1.042,0.0269,
stec8,"RG15 UST .020, .125, 70%",clean,153300.0,10.32,1.08,0.0336,
stec8,"RG15 UST .020, .125, 70%",clean,153300.0,11.33,1.099,0.0457,
stec8,"RG15 UST .020, .125, 70%",clean,201300.0,-2.97,-0.071,0.0113,
stec8,"RG15 UST .020, .125, 70%",clean,201300.0,-1.93,0.044,0.0095,
stec8,"RG15 UST .020, .125, 70%",clean,201300.0,-0.91,0.146,0.0089,
stec8,"RG15 UST .020, .125, 70%",clean,201300.0,0.1,0.245,0.0084,
stec8,"RG15 UST .020, .125, 70%",clean,201300.0,1.15,0.357,0.0084,
stec8,"RG15 UST .020, .125, 70%",clean,201300.0,2.15,0.454,0.009,
stec8,"RG15 UST .020, .125, 70%",clean,201300.0,3.19,0.555,0.0094,
stec8,"RG15 UST .020, .125, 70%",clean,201300.0,4.23,0.653,0.0111,
stec8,"RG15 UST .020, .125, 70%",clean,201300.0,5.24,0.747,0.0124,
stec8,"RG15 UST .020, .125, 70%",clean,201300.0,6.24,0.836,0.0146,
stec8,"RG15 UST .020, .125, 70%",clean,201300.0,7.27,0.923,0.0162,
stec8,"RG15 UST .020, .125, 70%",clean,201300.0,8.3,0.998,0.0211,
stec8,"RG15 UST .020, .125, 70%",clean,201300.0,9.32,1.053,0.0264,
stec8,"RG15 UST .020, .125, 70%",clean,201300.0,10.34,1.092,0.0323,
stec8,"RG15 UST .020, .125, 70%",clean,201300.0,11.33,1.108,0.0429,
stec8,"RG15 UST .020, .125, 70%",clean,300600.0,-2.97,-0.055,0.0097,
stec8,"RG15 UST .020, .125, 70%",clean,300600.0,-1.97,0.047,0.0084,
stec8,"RG15 UST .020, .125, 70%",clean,300600.0,-0.94,0.152,0.0073,
stec8,"RG15 UST .020, .125, 70%",clean,300600.0,0.12,0.249,0.007,
stec8,"RG15 UST .020, .125, 70%",clean,300600.0,1.12,0.346,0.007,
stec8,"RG15 UST .020, .125, 70%",clean,300600.0,2.15,0.451,0.0078,
stec8,"RG15 UST .020, .125, 70%",clean,300600.0,3.19,0.555,0.0092,
stec8,"RG15 UST .020, .125, 70%",clean,300600.0,4.2,0.65,0.0105,
stec8,"RG15 UST .020, .125, 70%",clean,300600.0,5.25,0.745,0.012,
stec8,"RG15 UST .020, .125, 70%",clean,300600.0,6.26,0.836,0.0136,
stec8,"RG15 UST .020, .125, 70%",clean,300600.0,7.28,0.922,0.0156,
stec8,"RG15 UST .020, .125, 70%",clean,300600.0,8.3,0.996,0.0194,
stec8,"RG15 UST .020, .125, 70%",clean,300600.0,9.31,1.053,0.0243,
stec8,"RG15 UST .020, .125, 70%",clean,300600.0,10.32,1.091,0.0301,
stec8,"RG15 UST .020, .125, 70%",clean,300600.0,11.31,1.108,0.0405,
stec8,"RG15 UST .020, .125, 70%",clean,300600.0,12.3,1.092,0.0882,
stec8,S2048,clean,58800.0,-2.93,-0.101,0.0169,
stec8,S2048,clean,58800.0,-1.91,-0.031,0.0131,
stec8,S2048,clean,58800.0,-0.89,0.078,0.0138,
stec8,S2048,clean,58800.0,0.13,0.183,0.0153,
stec8,S2048,clean,58800.0,1.16,0.268,0.0185,
stec8,S2048,clean,58800.0,2.19,0.425,0.0218,
stec8,S2048,clean,58800.0,3.22,0.605,0.0225,
stec8,S2048,clean,58800.0,4.24,0.695,0.0221,
stec8,S2048,clean,58800.0,5.26,0.767,0.0212,
stec8,S2048,clean,58800.0,6.27,0.827,0.0242,
stec8,S2048,clean,99500.0,-2.93,-0.089,0.0144,
stec8,S2048,clean,99500.0,-1.92,-0.012,0.0135,
stec8,S2048,clean,99500.0,-0.89,0.096,0.0139,
stec8,S2048,clean,99500.0,0.15,0.22,0.0146,
stec8,S2048,clean,99500.0,1.18,0.373,0.0161,
stec8,S2048,clean,99500.0,2.2,0.53,0.0143,
stec8,S2048,clean,99500.0,3.23,0.632,0.0145,
stec8,S2048,clean,99500.0,4.24,0.716,0.0146,
stec8,S2048,clean,99500.0,5.26,0.79,0.0172,
stec8,S2048,clean,99500.0,6.27,0.854,0.02,
stec8,S2048,clean,99500.0,7.29,0.906,0.0271,
stec8,S2048,clean,99500.0,8.29,0.959,0.0325,
stec8,S2048,clean,99500.0,9.31,0.996,0.042,
stec8,S2048,clean,154000.0,-4.97,-0.277,0.019,
stec8,S2048,clean,154000.0,-3.97,-0.188,0.017,
stec8,S2048,clean,154000.0,-2.93,-0.086,0.0141,
stec8,S2048,clean,154000.0,-1.92,0.018,0.0116,
stec8,S2048,clean,154000.0,-0.88,0.147,0.0123,
stec8,S2048,clean,154000.0,0.14,0.3,0.0111,
stec8,S2048,clean,154000.0,1.17,0.43,0.0102,
stec8,S2048,clean,154000.0,2.2,0.535,0.0109,
stec8,S2048,clean,154000.0,3.23,0.63,0.0113,
stec8,S2048,clean,154000.0,4.23,0.711,0.0136,
stec8,S2048,clean,154000.0,5.26,0.792,0.0157,
stec8,S2048,clean,154000.0,6.27,0.859,0.0189,
stec8,S2048,clean,154000.0,7.29,0.922,0.0245,
stec8,S2048,clean,154000.0,8.3,0.976,0.0308,
stec8,S2048,clean,200900.0,-2.94,-0.051,0.0129,
stec8,S2048,clean,200900.0,-1.89,0.082,0.0105,
stec8,S2048,clean,200900.0,-0.87,0.207,0.0102,
stec8,S2048,clean,200900.0,0.16,0.332,0.0095,
stec8,S2048,clean,200900.0,1.18,0.439,0.009,
stec8,S2048,clean,200900.0,2.2,0.54,0.0092,
stec8,S2048,clean,200900.0,3.22,0.634,0.0103,
stec8,S2048,clean,200900.0,4.24,0.72,0.0126,
stec8,S2048,clean,200900.0,5.26,0.8,0.0147,
stec8,S2048,clean,200900.0,6.28,0.87,0.018,
stec8,S2048,clean,200900.0,7.3,0.934,0.0231,
stec8,S2048,clean,200900.0,8.3,0.986,0.0287,
stec8,S2048,clean,200900.0,9.32,1.023,0.0373,
stec8,S2048,clean,200900.0,10.33,1.054,0.0583,
stec8,S2048,clean,200900.0,11.35,1.013,0.1328,
stec8,S2048,clean,302800.0,-2.94,0.017,0.0115,
stec8,S2048,clean,302800.0,-1.89,0.145,0.0088,
stec8,S2048,clean,302800.0,-0.88,0.25,0.0077,
stec8,S2048,clean,302800.0,0.1,0.344,0.0072,
stec8,S2048,clean,302800.0,1.16,0.449,0.0074,
stec8,S2048,clean,302800.0,2.18,0.55,0.0081,
stec8,S2048,clean,302800.0,3.19,0.64,0.0096,
stec8,S2048,clean,302800.0,4.24,0.728,0.0116,
stec8,S2048,clean,302800.0,5.26,0.808,0.0137,
stec8,S2048,clean,302800.0,6.28,0.881,0.0174,
stec8,"S2048 LST 60% UST 63% (.020, .125)",clean,102200.0,-3.95,-0.185,0.0194,
stec8,"S2048 LST 60% UST 63% (.020, .125)",clean,102200.0,-2.93,-0.09,0.0153,
stec8,"S2048 LST 60% UST 63% (.020, .125)",clean,102200.0,-1.91,-0.002,0.0133,
stec8,"S2048 LST 60% UST 63% (.020, .125)",clean,102200.0,-0.89,0.092,0.0147,
stec8,"S2048 LST 60% UST 63% (.020, .125)",clean,102200.0,0.13,0.233,0.0149,
stec8,"S2048 LST 60% UST 63% (.020, .125)",clean,102200.0,1.17,0.379,0.0162,
stec8,"S2048 LST 60% UST 63% (.020, .125)",clean,102200.0,2.2,0.539,0.0157,
stec8,"S2048 LST 60% UST 63% (.020, .125)",clean,102200.0,3.23,0.642,0.014,
stec8,"S2048 LST 60% UST 63% (.020, .125)",clean,102200.0,4.25,0.725,0.0146,
stec8,"S2048 LST 60% UST 63% (.020, .125)",clean,102200.0,5.26,0.8,0.0168,
stec8,"S2048 LST 60% UST 63% (.020, .125)",clean,102200.0,6.27,0.87,0.0212,
stec8,"S2048 LST 60% UST 63% (.020, .125)",clean,102200.0,7.3,0.927,0.0256,
stec8,"S2048 LST 60% UST 63% (.020, .125)",clean,102200.0,8.3,0.98,0.0332,
stec8,"S2048 LST 60% UST 63% (.020, .125)",clean,102200.0,9.31,1.018,0.0416,
stec8,"S2048 LST 60% UST 63% (.020, .125)",clean,148800.0,-2.92,-0.045,0.0138,
stec8,"S2048 LST 60% UST 63% (.020, .125)",clean,148800.0,-1.91,0.065,0.0119,
stec8,"S2048 LST 60% UST 63% (.020, .125)",clean,148800.0,-0.89,0.177,0.0119,
stec8,"S2048 LST 60% UST 63% (.020, .125)",clean,148800.0,0.17,0.317,0.0116,
stec8,"S2048 LST 60% UST 63% (.020, .125)",clean,148800.0,1.18,0.446,0.0113,
stec8,"S2048 LST 60% UST 63% (.020, .125)",clean,148800.0,2.2,0.55,0.0112,
stec8,"S2048 LST 60% UST 63% (.020, .125)",clean,148800.0,3.22,0.646,0.0111,
stec8,"S2048 LST 60% UST 63% (.020, .125)",clean,148800.0,4.24,0.726,0.0126,
stec8,"S2048 LST 60% UST 63% (.020, .125)",clean,148800.0,5.26,0.805,0.0157,
stec8,"S2048 LST 60% UST 63% (.020, .125)",clean,148800.0,6.27,0.874,0.0193,
stec8,"S2048 LST 60% UST 63% (.020, .125)",clean,148800.0,7.29,0.934,0.024,
stec8,"S2048 LST 60% UST 63% (.020, .125)",clean,148800.0,8.31,0.986,0.0299,
stec8,"S2048 LST 60% UST 63% (.020, .125)",clean,148800.0,9.31,1.025,0.0392,
stec8,"S2048 LST 60% UST 63% (.020, .125)",clean,148800.0,10.33,1.048,0.0566,
stec8,"S2048 LST 60% UST 63% (.020, .125)",clean,148800.0,11.3,1.023,0.1301,
stec8,"S2048 LST 60% UST 63% (.020, .125)",clean,198700.0,-2.92,0.003,0.0117,
stec8,"S2048 LST 60% UST 63% (.020, .125)",clean,198700.0,-1.92,0.116,0.0094,
stec8,"S2048 LST 60% UST 63% (.020, .125)",clean,198700.0,-0.87,0.22,0.0088,
stec8,"S2048 LST 60% UST 63% (.020, .125)",clean,198700.0,0.15,0.333,0.0086,
stec8,"S2048 LST 60% UST 63% (.020, .125)",clean,198700.0,1.17,0.443,0.0086,
stec8,"S2048 LST 60% UST 63% (.020, .125)",clean,198700.0,2.19,0.545,0.0093,
stec8,"S2048 LST 60% UST 63% (.020, .125)",clean,198700.0,3.23,0.641,0.0103,
stec8,"S2048 LST 60% UST 63% (.020, .125)",clean,198700.0,4.24,0.724,0.0125,
stec8,"S2048 LST 60% UST 63% (.020, .125)",clean,198700.0,5.25,0.806,0.0151,
stec8,"S2048 LST 60% UST 63% (.020, .125)",clean,198700.0,6.28,0.879,0.0183,
stec8,"S2048 LST 60% UST 63% (.020, .125)",clean,198700.0,7.29,0.943,0.0228,
stec8,"S2048 LST 60% UST 63% (.020, .125)",clean,198700.0,8.31,0.998,0.0289,
stec8,"S2048 LST 60% UST 63% (.020, .125)",clean,198700.0,9.31,1.035,0.0373,
stec8,"S2048 LST 60% UST 63% (.020, .125)",clean,198700.0,10.32,1.066,0.0567,
stec8,"S2048 LST 60% UST 63% (.020, .125)",clean,300800.0,-2.94,0.029,0.0103,
stec8,"S2048 LST 60% UST 63% (.020, .125)",clean,300800.0,-1.93,0.136,0.008,
stec8,"S2048 LST 60% UST 63% (.020, .125)",clean,300800.0,-0.92,0.24,0.0074,
stec8,"S2048 LST 60% UST 63% (.020, .125)",clean,300800.0,0.13,0.341,0.0074,
stec8,"S2048 LST 60% UST 63% (.020, .125)",clean,300800.0,1.14,0.442,0.0073,
stec8,"S2048 LST 60% UST 63% (.020, .125)",clean,300800.0,2.19,0.546,0.0079,
stec8,"S2048 LST 60% UST 63% (.020, .125)",clean,300800.0,3.21,0.638,0.0097,
stec8,"S2048 LST 60% UST 63% (.020, .125)",clean,300800.0,4.24,0.727,0.012,
stec8,"S2048 LST 60% UST 63% (.020, .125)",clean,300800.0,5.26,0.809,0.014,
stec8,"S2048 LST 60% UST 63% (.020, .125)",clean,300800.0,6.26,0.883,0.0172,
stec8,"S2048 LST 60% UST 63% (.020, .125)",clean,300800.0,7.29,0.95,0.0212,
stec8,"S2048 LST 60% UST 63% (.020, .125)",clean,300800.0,8.31,1.008,0.026,
stec8,"S2048 LST 60% UST 63% (.020, .125)",clean,300800.0,9.3,1.048,0.0333,
stec8,"S2048 LST 60% UST 63% (.020, .125)",clean,300800.0,10.31,1.079,0.0527,
stec8,S2048 TRIPS AT 300k,clean,302800.0,-2.94,0.017,0.0115,
stec8,S2048 TRIPS AT 300k,clean,302800.0,-1.89,0.145,0.0088,
stec8,S2048 TRIPS AT 300k,clean,302800.0,-0.88,0.25,0.0077,
stec8,S2048 TRIPS AT 300k,clean,302800.0,0.1,0.344,0.0072,
stec8,S2048 TRIPS AT 300k,clean,302800.0,1.16,0.449,0.0074,
stec8,S2048 TRIPS AT 300k,clean,302800.0,2.18,0.55,0.0081,
stec8,S2048 TRIPS AT 300k,clean,302800.0,3.19,0.64,0.0096,
stec8,S2048 TRIPS AT 300k,clean,302800.0,4.24,0.728,0.0116,
stec8,S2048 TRIPS AT 300k,clean,302800.0,5.26,0.808,0.0137,
stec8,S2048 TRIPS AT 300k,clean,302800.0,6.28,0.881,0.0174,
stec8,S2048 TRIPS AT 300k,clean,303900.0,-4.07,-0.14,0.0134,
stec8,S2048 TRIPS AT 300k,clean,303900.0,-2.99,0.006,0.0113,
stec8,S2048 TRIPS AT 300k,clean,303900.0,-1.9,0.137,0.0089,
stec8,S2048 TRIPS AT 300k,clean,303900.0,-0.92,0.237,0.0077,
stec8,S2048 TRIPS AT 300k,clean,303900.0,0.1,0.335,0.0073,
stec8,S2048 TRIPS AT 300k,clean,303900.0,1.13,0.437,0.0073,
stec8,S2048 TRIPS AT 300k,clean,303900.0,2.16,0.541,0.0081,
stec8,S2048 TRIPS AT 300k,clean,303900.0,3.21,0.636,0.0096,
stec8,S2048 TRIPS AT 300k,clean,303900.0,4.21,0.722,0.0116,
stec8,S2048 TRIPS AT 300k,clean,303900.0,5.24,0.805,0.0137,
stec8,S2048 TRIPS AT 300k,clean,303900.0,6.25,0.88,0.0172,
stec8,S2048 TRIPS AT 300k,clean,303900.0,7.27,0.946,0.0209,
stec8,S2048 TRIPS AT 300k,clean,303900.0,8.31,1.002,0.0261,
stec8,S2048 TRIPS AT 300k,clean,303900.0,9.32,1.04,0.034,
stec8,S2048 TRIPS AT 300k,clean,303900.0,10.3,1.074,0.0558,
stec8,S2048 TRIPS AT 300k,clean,301300.0,-3.96,-0.084,0.0123,
stec8,S2048 TRIPS AT 300k,clean,301300.0,-2.94,0.034,0.0102,
stec8,S2048 TRIPS AT 300k,clean,301300.0,-1.9,0.149,0.0084,
stec8,S2048 TRIPS AT 300k,clean,301300.0,-0.87,0.253,0.0078,
stec8,S2048 TRIPS AT 300k,clean,301300.0,0.14,0.351,0.0073,
stec8,S2048 TRIPS AT 300k,clean,301300.0,1.19,0.456,0.0075,
stec8,S2048 TRIPS AT 300k,clean,301300.0,2.2,0.558,0.0083,
stec8,S2048 TRIPS AT 300k,clean,301300.0,3.22,0.65,0.0099,
stec8,S2048 TRIPS AT 300k,clean,301300.0,4.25,0.738,0.012,
stec8,S2048 TRIPS AT 300k,clean,301300.0,5.25,0.818,0.0143,
stec8,S2048 TRIPS AT 300k,clean,301300.0,6.29,0.895,0.0175,
stec8,S2048 TRIPS AT 300k,clean,301300.0,7.29,0.962,0.0215,
stec8,S2048 TRIPS AT 300k,clean,301300.0,8.31,1.017,0.0265,
stec8,S2048 TRIPS AT 300k,clean,301300.0,9.32,1.053,0.0351,
stec8,S2048 TRIPS AT 300k,clean,306300.0,-4.0,-0.136,0.013,
stec8,S2048 TRIPS AT 300k,clean,306300.0,-2.97,-0.019,0.0106,
stec8,S2048 TRIPS AT 300k,clean,306300.0,-1.94,0.098,0.0085,
stec8,S2048 TRIPS AT 300k,clean,306300.0,-0.89,0.21,0.0074,
stec8,S2048 TRIPS AT 300k,clean,306300.0,0.11,0.349,0.0073,
stec8,S2048 TRIPS AT 300k,clean,306300.0,1.16,0.464,0.0077,
stec8,S2048 TRIPS AT 300k,clean,306300.0,2.17,0.572,0.0085,
stec8,S2048 TRIPS AT 300k,clean,306300.0,3.21,0.667,0.0105,
stec8,S2048 TRIPS AT 300k,clean,306300.0,4.25,0.758,0.0125,
stec8,S2048 TRIPS AT 300k,clean,306300.0,5.27,0.839,0.0151,
stec8,S2048 TRIPS AT 300k,clean,306300.0,6.26,0.908,0.0189,
stec8,S2048 TRIPS AT 300k,clean,306300.0,7.3,0.974,0.023,
stec8,S2048 TRIPS AT 300k,clean,306300.0,8.3,1.025,0.0285,
stec8,S2048 TRIPS AT 300k,clean,306300.0,9.29,1.059,0.0399,
stec8,S2048 TRIPS AT 300k,clean,306300.0,10.36,1.05,0.0968,
stec8,S2055 REPEAT,clean,103100.0,-3.95,-0.239,0.0217,
stec8,S2055 REPEAT,clean,103100.0,-2.44,-0.113,0.014,
stec8,S2055 REPEAT,clean,103100.0,-0.9,0.016,0.011,
stec8,S2055 REPEAT,clean,103100.0,0.63,0.225,0.0141,
stec8,S2055 REPEAT,clean,103100.0,2.18,0.453,0.0151,
stec8,S2055 REPEAT,clean,103100.0,3.72,0.604,0.0131,
stec8,S2055 REPEAT,clean,103100.0,5.25,0.722,0.0144,
stec8,S2055 REPEAT,clean,103100.0,6.78,0.827,0.0197,
stec8,S2055 REPEAT,clean,103100.0,8.29,0.914,0.0307,
stec8,S2055 REPEAT,clean,103100.0,9.8,0.98,0.046,
stec8,S2055 REPEAT,clean,103100.0,11.31,0.98,0.1021,
stec8,S2055 REPEAT,clean,103100.0,12.8,0.901,0.1804,
stec8,S2055 REPEAT,clean,152700.0,-2.95,-0.15,0.0122,
stec8,S2055 REPEAT,clean,152700.0,-1.91,-0.057,0.0108,
stec8,S2055 REPEAT,clean,152700.0,-0.88,0.079,0.0109,
stec8,S2055 REPEAT,clean,152700.0,0.12,0.225,0.0118,
stec8,S2055 REPEAT,clean,152700.0,1.16,0.357,0.0113,
stec8,S2055 REPEAT,clean,152700.0,2.19,0.464,0.0116,
stec8,S2055 REPEAT,clean,152700.0,3.22,0.548,0.0101,
stec8,S2055 REPEAT,clean,152700.0,4.22,0.635,0.0115,
stec8,S2055 REPEAT,clean,152700.0,5.24,0.72,0.0149,
stec8,S2055 REPEAT,clean,152700.0,6.26,0.792,0.0169,
stec8,S2055 REPEAT,clean,152700.0,7.28,0.856,0.0214,
stec8,S2055 REPEAT,clean,152700.0,8.28,0.914,0.0284,
stec8,S2055 REPEAT,clean,152700.0,9.31,0.962,0.0378,
stec8,S2055 REPEAT,clean,152700.0,10.3,0.997,0.0646,
stec8,S2055 REPEAT,clean,202000.0,-3.96,-0.229,0.0147,
stec8,S2055 REPEAT,clean,202000.0,-2.95,-0.12,0.0123,
stec8,S2055 REPEAT,clean,202000.0,-1.9,0.009,0.0096,
stec8,S2055 REPEAT,clean,202000.0,-0.89,0.128,0.0096,
stec8,S2055 REPEAT,clean,202000.0,0.14,0.249,0.0087,
stec8,S2055 REPEAT,clean,202000.0,1.16,0.35,0.0083,
stec8,S2055 REPEAT,clean,202000.0,2.19,0.45,0.0084,
stec8,S2055 REPEAT,clean,202000.0,3.2,0.543,0.0091,
stec8,S2055 REPEAT,clean,202000.0,4.21,0.63,0.0111,
stec8,S2055 REPEAT,clean,202000.0,5.24,0.716,0.0132,
stec8,S2055 REPEAT,clean,202000.0,6.26,0.795,0.0165,
stec8,S2055 REPEAT,clean,202000.0,7.27,0.865,0.0208,
stec8,S2055 REPEAT,clean,202000.0,8.29,0.925,0.026,
stec8,S2055 REPEAT,clean,202000.0,9.31,0.974,0.0359,
stec8,S2055 REPEAT,clean,304800.0,-3.96,-0.162,0.0126,
stec8,S2055 REPEAT,clean,304800.0,-2.94,-0.048,0.0104,
stec8,S2055 REPEAT,clean,304800.0,-1.92,0.053,0.0078,
stec8,S2055 REPEAT,clean,304800.0,-0.88,0.134,0.0068,
stec8,S2055 REPEAT,clean,304800.0,0.13,0.238,0.0067,
stec8,S2055 REPEAT,clean,304800.0,1.16,0.344,0.007,
stec8,S2055 REPEAT,clean,304800.0,2.18,0.447,0.0077,
stec8,S2055 REPEAT,clean,304800.0,3.2,0.54,0.0089,
stec8,S2055 REPEAT,clean,304800.0,4.22,0.632,0.0108,
stec8,S2055 REPEAT,clean,304800.0,5.25,0.719,0.0131,
stec8,S2055 REPEAT,clean,304800.0,6.26,0.798,0.0166,
stec8,S2055 REPEAT,clean,304800.0,7.28,0.869,0.0201,
stec8,S2055 REPEAT,clean,304800.0,8.28,0.928,0.0262,
stec8,S2055 REPEAT,clean,304800.0,9.31,0.979,0.0369,
stec8,S2055 REPEAT,clean,304800.0,10.3,1.011,0.0764,
stec8,S2091A,clean,60800.0,-2.89,0.099,0.026,
stec8,S2091A,clean,60800.0,-1.85,0.228,0.0212,
stec8,S2091A,clean,60800.0,-0.83,0.338,0.0226,
stec8,S2091A,clean,60800.0,0.19,0.439,0.0238,
stec8,S2091A,clean,60800.0,1.21,0.526,0.0275,
stec8,S2091A,clean,60800.0,2.23,0.619,0.0295,
stec8,S2091A,clean,60800.0,3.25,0.704,0.0329,
stec8,S2091A,clean,60800.0,4.27,0.789,0.0322,
stec8,S2091A,clean,60800.0,5.29,0.888,0.0326,
stec8,S2091A,clean,60800.0,6.31,0.981,0.0286,
stec8,S2091A,clean,60800.0,7.32,1.05,0.0313,
stec8,S2091A,clean,60800.0,8.35,1.129,0.0287,
stec8,S2091A,clean,60800.0,9.35,1.201,0.0317,
stec8,S2091A,clean,60800.0,10.37,1.259,0.035,
stec8,S2091A,clean,60800.0,11.37,1.265,0.0438,
stec8,S2091A,clean,99200.0,-4.95,-0.088,0.0296,
stec8,S2091A,clean,99200.0,-3.89,0.049,0.0209,
stec8,S2091A,clean,99200.0,-2.87,0.154,0.0174,
stec8,S2091A,clean,99200.0,-1.85,0.246,0.0149,
stec8,S2091A,clean,99200.0,-0.83,0.343,0.014,
stec8,S2091A,clean,99200.0,0.18,0.44,0.0149,
stec8,S2091A,clean,99200.0,1.21,0.545,0.018,
stec8,S2091A,clean,99200.0,2.23,0.64,0.018,
stec8,S2091A,clean,99200.0,3.26,0.732,0.0188,
stec8,S2091A,clean,99200.0,4.27,0.83,0.0193,
stec8,S2091A,clean,99200.0,5.29,0.919,0.0199,
stec8,S2091A,clean,99200.0,6.31,1.012,0.0214,
stec8,S2091A,clean,99200.0,7.33,1.091,0.0217,
stec8,S2091A,clean,99200.0,8.35,1.179,0.024,
stec8,S2091A,clean,99200.0,9.37,1.258,0.0254,
stec8,S2091A,clean,99200.0,10.37,1.289,0.0331,
stec8,S2091A,clean,99200.0,11.37,1.279,0.0504,
stec8,S2091A,clean,99200.0,12.37,1.252,0.0683,
stec8,S2091A,clean,201500.0,-2.87,0.126,0.0141,
stec8,S2091A,clean,201500.0,-1.88,0.227,0.0128,
stec8,S2091A,clean,201500.0,-0.84,0.329,0.0108,
stec8,S2091A,clean,201500.0,0.18,0.435,0.0106,
stec8,S2091A,clean,201500.0,1.21,0.54,0.0111,
stec8,S2091A,clean,201500.0,2.23,0.645,0.0115,
stec8,S2091A,clean,201500.0,3.25,0.747,0.0125,
stec8,S2091A,clean,201500.0,4.27,0.844,0.0134,
stec8,S2091A,clean,201500.0,5.29,0.939,0.0142,
stec8,S2091A,clean,201500.0,6.31,1.03,0.0153,
stec8,S2091A,clean,201500.0,7.33,1.114,0.0171,
stec8,S2091A,clean,201500.0,8.35,1.192,0.0193,
stec8,S2091A,clean,201500.0,9.36,1.252,0.0234,
stec8,S2091A,clean,201500.0,10.36,1.278,0.0327,
stec8,S2091A,clean,201500.0,11.36,1.262,0.0535,
stec8,S2091A,clean,201500.0,12.36,1.235,0.0767,
stec8,S2091B,clean,60400.0,-3.93,-0.091,0.029,
stec8,S2091B,clean,60400.0,-2.4,0.079,0.0231,
stec8,S2091B,clean,60400.0,-0.85,0.28,0.0263,
stec8,S2091B,clean,60400.0,0.7,0.471,0.0301,
stec8,S2091B,clean,60400.0,2.23,0.604,0.0322,
stec8,S2091B,clean,60400.0,3.74,0.722,0.0331,
stec8,S2091B,clean,60400.0,5.27,0.835,0.0335,
stec8,S2091B,clean,60400.0,6.8,0.951,0.0382,
stec8,S2091B,clean,60400.0,8.33,1.054,0.0472,
stec8,S2091B,clean,101300.0,-2.87,0.145,0.021,
stec8,S2091B,clean,101300.0,-1.35,0.321,0.0156,
stec8,S2091B,clean,101300.0,0.19,0.469,0.0166,
stec8,S2091B,clean,101300.0,1.73,0.609,0.0174,
stec8,S2091B,clean,101300.0,3.26,0.751,0.0183,
stec8,S2091B,clean,101300.0,4.79,0.887,0.0203,
stec8,S2091B,clean,101300.0,6.31,1.012,0.0228,
stec8,S2091B,clean,101300.0,7.84,1.127,0.0261,
stec8,S2091B,clean,101300.0,9.35,1.232,0.0298,
stec8,S2091B,clean,101300.0,10.37,1.294,0.0356,
stec8,S2091B,clean,101300.0,11.37,1.33,0.0398,
stec8,S2091B,clean,101300.0,12.38,1.312,0.0459,
stec8,S2091B,clean,149300.0,-4.93,-0.079,0.0239,
stec8,S2091B,clean,149300.0,-3.9,0.061,0.0192,
stec8,S2091B,clean,149300.0,-2.87,0.18,0.0146,
stec8,S2091B,clean,149300.0,-1.86,0.272,0.0121,
stec8,S2091B,clean,149300.0,-0.83,0.368,0.0113,
stec8,S2091B,clean,149300.0,0.17,0.466,0.0119,
stec8,S2091B,clean,149300.0,1.22,0.57,0.0128,
stec8,S2091B,clean,149300.0,2.24,0.67,0.014,
stec8,S2091B,clean,149300.0,3.26,0.771,0.0143,
stec8,S2091B,clean,149300.0,4.28,0.865,0.0158,
stec8,S2091B,clean,149300.0,5.3,0.957,0.0166,
stec8,S2091B,clean,149300.0,6.32,1.043,0.0187,
stec8,S2091B,clean,149300.0,7.34,1.123,0.0204,
stec8,S2091B,clean,149300.0,8.35,1.205,0.0225,
stec8,S2091B,clean,149300.0,9.36,1.278,0.0256,
stec8,S2091B,clean,149300.0,10.38,1.352,0.028,
stec8,S2091B,clean,149300.0,11.38,1.392,0.0328,
stec8,S2091B,clean,149300.0,12.38,1.366,0.0388,
stec8,S2091B,clean,198400.0,-4.9,-0.013,0.0181,
stec8,S2091B,clean,198400.0,-3.91,0.09,0.0142,
stec8,S2091B,clean,198400.0,-2.87,0.188,0.0126,
stec8,S2091B,clean,198400.0,-1.84,0.282,0.0113,
stec8,S2091B,clean,198400.0,-0.84,0.38,0.0101,
stec8,S2091B,clean,198400.0,0.19,0.485,0.0105,
stec8,S2091B,clean,198400.0,1.22,0.588,0.0111,
stec8,S2091B,clean,198400.0,2.25,0.692,0.012,
stec8,S2091B,clean,198400.0,3.25,0.791,0.013,
stec8,S2091B,clean,198400.0,4.28,0.888,0.0141,
stec8,S2091B,clean,198400.0,5.31,0.979,0.0154,
stec8,S2091B,clean,198400.0,6.31,1.065,0.0168,
stec8,S2091B,clean,198400.0,7.34,1.148,0.0182,
stec8,S2091B,clean,198400.0,8.36,1.23,0.0206,
stec8,S2091B,clean,198400.0,9.38,1.31,0.0227,
stec8,S2091B,clean,198400.0,10.38,1.37,0.0259,
stec8,S2091B,clean,198400.0,11.4,1.395,0.0308,
stec8,S2091B,clean,198400.0,12.39,1.36,0.0463,
stec8,S2091B,clean,303900.0,-3.91,0.115,0.0113,
stec8,S2091B,clean,303900.0,-2.88,0.213,0.0101,
stec8,S2091B,clean,303900.0,-1.85,0.316,0.0098,
stec8,S2091B,clean,303900.0,-0.83,0.414,0.0085,
stec8,S2091B,clean,303900.0,0.21,0.526,0.0085,
stec8,S2091B,clean,303900.0,1.23,0.632,0.0096,
stec8,S2091B,clean,303900.0,2.24,0.733,0.0102,
stec8,S2091B,clean,303900.0,3.28,0.832,0.0112,
stec8,S2091B,clean,303900.0,4.29,0.925,0.0129,
stec8,S2091B,clean,303900.0,5.31,1.014,0.0138,
stec8,S2091B,clean,303900.0,6.32,1.099,0.0154,
stec8,S2091B,clean,303900.0,7.34,1.182,0.0165,
stec8,S2091B,clean,303900.0,8.35,1.258,0.0187,
stec8,S2091B,clean,303900.0,9.38,1.325,0.0219,
stec8,S2091B,clean,303900.0,10.38,1.373,0.0254,
stec8,S2091B,clean,303900.0,11.38,1.378,0.0375,
stec8,S2091B GFA,clean,59200.0,-4.91,0.088,0.0288,
stec8,S2091B GFA,clean,59200.0,-2.85,0.285,0.0196,
stec8,S2091B GFA,clean,59200.0,-0.81,0.495,0.0329,
stec8,S2091B GFA,clean,59200.0,1.25,0.744,0.0358,
stec8,S2091B GFA,clean,59200.0,3.29,0.94,0.0316,
stec8,S2091B GFA,clean,59200.0,5.33,1.09,0.0443,
stec8,S2091B GFA,clean,59200.0,7.36,1.225,0.0483,
stec8,S2091B GFA,clean,59200.0,9.34,1.055,0.1727,
stec8,S2091B GFA,clean,59200.0,11.3,0.896,0.2234,
stec8,S2091B GFA,clean,100400.0,-4.9,0.131,0.024,
stec8,S2091B GFA,clean,100400.0,-3.87,0.267,0.0196,
stec8,S2091B GFA,clean,100400.0,-2.82,0.409,0.0182,
stec8,S2091B GFA,clean,100400.0,-1.81,0.474,0.0168,
stec8,S2091B GFA,clean,100400.0,-0.78,0.577,0.0164,
stec8,S2091B GFA,clean,100400.0,0.23,0.683,0.0174,
stec8,S2091B GFA,clean,100400.0,1.26,0.789,0.0189,
stec8,S2091B GFA,clean,100400.0,2.29,0.892,0.0189,
stec8,S2091B GFA,clean,100400.0,3.31,0.992,0.021,
stec8,S2091B GFA,clean,100400.0,4.33,1.079,0.0251,
stec8,S2091B GFA,clean,100400.0,5.34,1.171,0.0232,
stec8,S2091B GFA,clean,100400.0,6.36,1.253,0.027,
stec8,S2091B GFA,clean,100400.0,7.38,1.335,0.0285,
stec8,S2091B GFA,clean,100400.0,8.4,1.411,0.0323,
stec8,S2091B GFA,clean,100400.0,9.41,1.477,0.0358,
stec8,S2091B GFA,clean,100400.0,10.43,1.518,0.0418,
stec8,S2091B GFA,clean,100400.0,11.42,1.491,0.0553,
stec8,S2091B GFA,clean,100400.0,12.4,1.438,0.0787,
stec8,S2091B GFA,clean,100400.0,13.4,1.392,0.1052,
stec8,S2091B GFA,clean,100400.0,14.31,1.001,0.2596,
stec8,S2091B GFA,clean,146200.0,-4.89,0.163,0.0182,
stec8,S2091B GFA,clean,146200.0,-2.82,0.452,0.0159,
stec8,S2091B GFA,clean,146200.0,-0.79,0.567,0.014,
stec8,S2091B GFA,clean,146200.0,1.26,0.797,0.0156,
stec8,S2091B GFA,clean,146200.0,3.31,1.021,0.018,
stec8,S2091B GFA,clean,146200.0,5.35,1.222,0.0212,
stec8,S2091B GFA,clean,146200.0,7.38,1.403,0.025,
stec8,S2091B GFA,clean,146200.0,9.44,1.574,0.0313,
stec8,S2091B GFA,clean,146200.0,11.43,1.606,0.0408,
stec8,S2091B GFA,clean,146200.0,13.41,1.503,0.0609,
stec8,S2091B GFA,clean,199700.0,-4.88,0.19,0.0174,
stec8,S2091B GFA,clean,199700.0,-3.86,0.334,0.0165,
stec8,S2091B GFA,clean,199700.0,-2.81,0.465,0.0139,
stec8,S2091B GFA,clean,199700.0,-1.79,0.56,0.0135,
stec8,S2091B GFA,clean,199700.0,-0.79,0.609,0.0131,
stec8,S2091B GFA,clean,199700.0,0.23,0.688,0.0136,
stec8,S2091B GFA,clean,199700.0,1.26,0.805,0.0144,
stec8,S2091B GFA,clean,199700.0,2.27,0.915,0.0148,
stec8,S2091B GFA,clean,199700.0,3.3,1.023,0.0158,
stec8,S2091B GFA,clean,199700.0,4.34,1.131,0.0172,
stec8,S2091B GFA,clean,199700.0,5.35,1.23,0.0186,
stec8,S2091B GFA,clean,199700.0,6.38,1.325,0.0208,
stec8,S2091B GFA,clean,199700.0,7.39,1.414,0.0233,
stec8,S2091B GFA,clean,199700.0,8.4,1.498,0.0259,
stec8,S2091B GFA,clean,199700.0,9.43,1.567,0.0289,
stec8,S2091B GFA,clean,199700.0,10.44,1.589,0.0358,
stec8,S2091B GFA,clean,199700.0,11.42,1.538,0.0657,
stec8,S2091B GFA,clean,199700.0,12.42,1.467,0.1061,
stec8,S2091B GFA,clean,306400.0,-4.88,0.206,0.0148,
stec8,S2091B GFA,clean,306400.0,-3.86,0.33,0.0136,
stec8,S2091B GFA,clean,306400.0,-2.82,0.454,0.0134,
stec8,S2091B GFA,clean,306400.0,-1.79,0.587,0.0136,
stec8,S2091B GFA,clean,306400.0,-0.79,0.666,0.0133,
stec8,S2091B GFA,clean,306400.0,0.22,0.707,0.0119,
stec8,S2091B GFA,clean,306400.0,1.26,0.816,0.0121,
stec8,S2091B GFA,clean,306400.0,2.27,0.926,0.013,
stec8,S2091B GFA,clean,306400.0,3.27,1.03,0.0139,
stec8,S2091B GFA,clean,306400.0,4.29,1.13,0.015,
stec8,S2091B GFA,clean,306400.0,5.32,1.224,0.0165,
stec8,S2091B GFA,clean,306400.0,6.34,1.32,0.018,
stec8,S2091B GFA,clean,306400.0,7.39,1.414,0.0201,
stec8,S2091B GFA,clean,306400.0,8.38,1.492,0.0228,
stec8,S2091B GFA,clean,306400.0,9.42,1.56,0.0256,
stec8,S2091B GFA,clean,306400.0,10.41,1.588,0.033,
stec8,S2091B GFA,clean,306400.0,11.42,1.565,0.0366,
stec8,S2091B GFA,clean,306400.0,12.38,1.483,0.0967,
stec8,S2091B GFA,clean,306400.0,13.38,1.416,0.133,
stec8,S2091B GFB,clean,99600.0,-4.93,0.031,0.0257,
stec8,S2091B GFB,clean,99600.0,-3.35,0.256,0.019,
stec8,S2091B GFB,clean,99600.0,-1.84,0.413,0.0157,
stec8,S2091B GFB,clean,99600.0,-0.29,0.56,0.0163,
stec8,S2091B GFB,clean,99600.0,1.24,0.715,0.0188,
stec8,S2091B GFB,clean,99600.0,2.76,0.866,0.0198,
stec8,S2091B GFB,clean,99600.0,4.3,1.013,0.0227,
stec8,S2091B GFB,clean,99600.0,5.84,1.145,0.0238,
stec8,S2091B GFB,clean,99600.0,7.36,1.266,0.0279,
stec8,S2091B GFB,clean,99600.0,8.9,1.376,0.0332,
stec8,S2091B GFB,clean,99600.0,10.4,1.456,0.0388,
stec8,S2091B GFB,clean,99600.0,11.9,1.43,0.051,
stec8,S2091B GFB,clean,99600.0,13.4,1.378,0.0628,
stec8,S2091B GFB,clean,200000.0,-4.9,0.104,0.0174,
stec8,S2091B GFB,clean,200000.0,-3.35,0.304,0.0128,
stec8,S2091B GFB,clean,200000.0,-1.84,0.457,0.0115,
stec8,S2091B GFB,clean,200000.0,-0.3,0.552,0.011,
stec8,S2091B GFB,clean,200000.0,1.24,0.721,0.0123,
stec8,S2091B GFB,clean,200000.0,2.77,0.886,0.0142,
stec8,S2091B GFB,clean,200000.0,4.31,1.04,0.0155,
stec8,S2091B GFB,clean,200000.0,5.85,1.187,0.0175,
stec8,S2091B GFB,clean,200000.0,7.37,1.318,0.0206,
stec8,S2091B GFB,clean,200000.0,8.9,1.444,0.0242,
stec8,S2091B GFB,clean,200000.0,10.42,1.522,0.0309,
stec8,S2091B GFB,clean,200000.0,11.9,1.468,0.0604,
stec8,S2091B GFB,clean,200000.0,13.39,1.379,0.1139,
stec8,S2091B GFB,clean,298500.0,-4.89,0.124,0.0133,
stec8,S2091B GFB,clean,298500.0,-3.9,0.238,0.0117,
stec8,S2091B GFB,clean,298500.0,-2.84,0.354,0.011,
stec8,S2091B GFB,clean,298500.0,-1.8,0.476,0.0105,
stec8,S2091B GFB,clean,298500.0,-0.82,0.559,0.01,
stec8,S2091B GFB,clean,298500.0,0.18,0.62,0.0101,
stec8,S2091B GFB,clean,298500.0,1.2,0.736,0.0104,
stec8,S2091B GFB,clean,298500.0,2.26,0.851,0.0115,
stec8,S2091B GFB,clean,298500.0,3.26,0.956,0.0125,
stec8,S2091B GFB,clean,298500.0,4.3,1.058,0.0138,
stec8,S2091B GFB,clean,298500.0,5.31,1.153,0.015,
stec8,S2091B GFB,clean,298500.0,6.34,1.247,0.0164,
stec8,S2091B GFB,clean,298500.0,7.38,1.334,0.0182,
stec8,S2091B GFB,clean,298500.0,8.38,1.414,0.0207,
stec8,S2091B GFB,clean,298500.0,9.39,1.482,0.0237,
stec8,S2091B GFB,clean,298500.0,10.42,1.523,0.0282,
stec8,S2091B GFB,clean,298500.0,11.42,1.504,0.0427,
stec8,S2091B GFB,clean,298500.0,12.38,1.437,0.0861,
stec8,S2091B GFC,clean,99800.0,-3.78,0.537,0.0245,
stec8,S2091B GFC,clean,99800.0,-2.77,0.64,0.0249,
stec8,S2091B GFC,clean,99800.0,-1.76,0.705,0.0234,
stec8,S2091B GFC,clean,99800.0,-1.01,0.764,0.0223,
stec8,S2091B GFC,clean,99800.0,-0.23,0.838,0.0212,
stec8,S2091B GFC,clean,99800.0,0.54,0.909,0.0246,
stec8,S2091B GFC,clean,99800.0,1.29,0.997,0.0256,
stec8,S2091B GFC,clean,99800.0,2.32,1.073,0.0254,
stec8,S2091B GFC,clean,99800.0,3.36,1.184,0.0285,
stec8,S2091B GFC,clean,99800.0,4.36,1.277,0.0295,
stec8,S2091B GFC,clean,99800.0,5.39,1.381,0.0297,
stec8,S2091B GFC,clean,99800.0,6.4,1.451,0.0314,
stec8,S2091B GFC,clean,99800.0,7.42,1.516,0.0339,
stec8,S2091B GFC,clean,99800.0,8.43,1.586,0.0346,
stec8,S2091B GFC,clean,99800.0,9.44,1.64,0.0464,
stec8,S2091B GFC,clean,99800.0,10.44,1.632,0.0465,
stec8,S2091B GFC,clean,99800.0,11.44,1.597,0.0565,
stec8,S2091B GFC,clean,99800.0,12.35,1.122,0.2719,
stec8,S2091B GFC,clean,199300.0,-3.8,0.565,0.0247,
stec8,S2091B GFC,clean,199300.0,-2.78,0.681,0.0233,
stec8,S2091B GFC,clean,199300.0,-1.75,0.765,0.024,
stec8,S2091B GFC,clean,199300.0,-1.0,0.808,0.024,
stec8,S2091B GFC,clean,199300.0,-0.24,0.839,0.0227,
stec8,S2091B GFC,clean,199300.0,0.51,0.892,0.0216,
stec8,S2091B GFC,clean,199300.0,1.28,0.965,0.0202,
stec8,S2091B GFC,clean,199300.0,2.31,1.072,0.0213,
stec8,S2091B GFC,clean,199300.0,3.35,1.18,0.0217,
stec8,S2091B GFC,clean,199300.0,4.37,1.28,0.0231,
stec8,S2091B GFC,clean,199300.0,5.38,1.373,0.0244,
stec8,S2091B GFC,clean,199300.0,6.4,1.462,0.0264,
stec8,S2091B GFC,clean,199300.0,7.41,1.545,0.0282,
stec8,S2091B GFC,clean,199300.0,8.43,1.621,0.0315,
stec8,S2091B GFC,clean,199300.0,9.45,1.669,0.0371,
stec8,S2091B GFC,clean,199300.0,10.45,1.645,0.0486,
stec8,S2091B GFC,clean,302700.0,-3.8,0.553,0.0232,
stec8,S2091B GFC,clean,302700.0,-2.79,0.68,0.0244,
stec8,S2091B GFC,clean,302700.0,-1.74,0.793,0.0245,
stec8,S2091B GFC,clean,302700.0,-0.98,0.863,0.0249,
stec8,S2091B GFC,clean,302700.0,-0.22,0.921,0.0244,
stec8,S2091B GFC,clean,302700.0,0.52,0.966,0.0231,
stec8,S2091B GFC,clean,302700.0,1.31,1.014,0.0235,
stec8,S2091B GFC,clean,302700.0,2.32,1.099,0.0221,
stec8,S2091B GFC,clean,302700.0,3.32,1.191,0.0203,
stec8,S2091B GFC,clean,302700.0,4.33,1.286,0.0207,
stec8,S2091B GFC,clean,302700.0,5.36,1.382,0.0223,
stec8,S2091B GFC,clean,302700.0,6.37,1.468,0.0237,
stec8,S2091B GFC,clean,302700.0,7.33,1.543,0.0259,
stec8,S2091B GFC,clean,302700.0,8.39,1.619,0.0282,
stec8,S2091B GFC,clean,302700.0,9.42,1.67,0.0339,
stec8,S2091B GFC,clean,302700.0,10.42,1.657,0.0479,
stec8,S2091B GFC,clean,302700.0,11.42,1.558,0.0988,
stec8,S3010,clean,60900.0,-2.96,-0.084,0.0172,
stec8,S3010,clean,60900.0,-1.41,0.133,0.0167,
stec8,S3010,clean,60900.0,0.14,0.329,0.0218,
stec8,S3010,clean,60900.0,1.69,0.468,0.0236,
stec8,S3010,clean,60900.0,3.23,0.594,0.0268,
stec8,S3010,clean,60900.0,4.73,0.719,0.028,
stec8,S3010,clean,60900.0,6.28,0.844,0.028,
stec8,S3010,clean,60900.0,7.79,0.951,0.0357,
stec8,S3010,clean,60900.0,9.32,1.042,0.0353,
stec8,S3010,clean,60900.0,10.82,1.091,0.0411,
stec8,S3010,clean,100500.0,-3.95,-0.142,0.0171,
stec8,S3010,clean,100500.0,-2.9,0.003,0.0145,
stec8,S3010,clean,100500.0,-1.89,0.128,0.0132,
stec8,S3010,clean,100500.0,-0.86,0.235,0.0135,
stec8,S3010,clean,100500.0,0.15,0.324,0.014,
stec8,S3010,clean,100500.0,1.17,0.421,0.015,
stec8,S3010,clean,100500.0,2.19,0.517,0.0158,
stec8,S3010,clean,100500.0,3.22,0.618,0.0161,
stec8,S3010,clean,100500.0,4.24,0.713,0.017,
stec8,S3010,clean,100500.0,5.25,0.801,0.0178,
stec8,S3010,clean,100500.0,6.27,0.89,0.0213,
stec8,S3010,clean,100500.0,7.3,0.972,0.0237,
stec8,S3010,clean,100500.0,8.32,1.051,0.0256,
stec8,S3010,clean,100500.0,9.32,1.12,0.0305,
stec8,S3010,clean,100500.0,10.34,1.148,0.0332,
stec8,S3010,clean,100500.0,11.34,1.148,0.048,
stec8,S3010,clean,147400.0,-3.92,-0.078,0.0132,
stec8,S3010,clean,147400.0,-2.4,0.071,0.0116,
stec8,S3010,clean,147400.0,-0.87,0.208,0.0115,
stec8,S3010,clean,147400.0,0.66,0.365,0.0113,
stec8,S3010,clean,147400.0,2.18,0.522,0.0117,
stec8,S3010,clean,147400.0,3.73,0.676,0.0135,
stec8,S3010,clean,147400.0,5.26,0.822,0.0155,
stec8,S3010,clean,147400.0,6.81,0.959,0.0183,
stec8,S3010,clean,147400.0,8.31,1.084,0.0223,
stec8,S3010,clean,147400.0,9.85,1.167,0.0277,
stec8,S3010,clean,147400.0,11.34,1.167,0.0401,
stec8,S3010,clean,147400.0,12.85,1.147,0.0601,
stec8,S3010,clean,147400.0,14.28,0.857,0.2484,
stec8,S3010,clean,203900.0,-3.92,-0.09,0.0126,
stec8,S3010,clean,203900.0,-2.41,0.045,0.0112,
stec8,S3010,clean,203900.0,-0.88,0.185,0.0094,
stec8,S3010,clean,203900.0,0.67,0.356,0.0094,
stec8,S3010,clean,203900.0,2.2,0.512,0.0099,
stec8,S3010,clean,203900.0,3.71,0.664,0.0124,
stec8,S3010,clean,203900.0,5.25,0.811,0.0139,
stec8,S3010,clean,203900.0,6.78,0.948,0.0159,
stec8,S3010,clean,203900.0,8.31,1.075,0.0193,
stec8,S3010,clean,203900.0,9.85,1.159,0.0253,
stec8,S3010,clean,203900.0,11.34,1.166,0.0345,
stec8,S3010,clean,203900.0,12.84,1.147,0.0564,
stec8,S3010,clean,203900.0,14.32,1.116,0.0738,
stec8,S3010,clean,301000.0,-3.98,-0.105,0.0114,
stec8,S3010,clean,301000.0,-2.94,-0.004,0.0105,
stec8,S3010,clean,301000.0,-1.91,0.099,0.0092,
stec8,S3010,clean,301000.0,-0.92,0.197,0.0085,
stec8,S3010,clean,301000.0,0.14,0.307,0.0077,
stec8,S3010,clean,301000.0,1.14,0.416,0.0081,
stec8,S3010,clean,301000.0,2.18,0.525,0.0087,
stec8,S3010,clean,301000.0,3.19,0.626,0.0098,
stec8,S3010,clean,301000.0,4.24,0.732,0.0109,
stec8,S3010,clean,301000.0,5.25,0.829,0.0122,
stec8,S3010,clean,301000.0,6.28,0.923,0.0137,
stec8,S3010,clean,301000.0,7.29,1.01,0.0155,
stec8,S3010,clean,301000.0,8.32,1.091,0.0179,
stec8,S3010,clean,301000.0,9.34,1.153,0.0214,
stec8,S3010,clean,301000.0,10.34,1.182,0.0284,
stec8,S3010,clean,301000.0,11.33,1.175,0.0314,
stec8,S3014,clean,62000.0,-3.93,-0.128,0.0193,
stec8,S3014,clean,62000.0,-2.92,-0.042,0.014,
stec8,S3014,clean,62000.0,-1.89,0.066,0.0167,
stec8,S3014,clean,62000.0,-0.86,0.217,0.0193,
stec8,S3014,clean,62000.0,0.17,0.367,0.0227,
stec8,S3014,clean,62000.0,1.21,0.495,0.0247,
stec8,S3014,clean,62000.0,2.23,0.59,0.0237,
stec8,S3014,clean,62000.0,3.25,0.685,0.0232,
stec8,S3014,clean,62000.0,4.27,0.774,0.0216,
stec8,S3014,clean,62000.0,5.28,0.857,0.0259,
stec8,S3014,clean,62000.0,6.29,0.935,0.0216,
stec8,S3014,clean,62000.0,7.32,1.007,0.0322,
stec8,S3014,clean,62000.0,8.33,1.073,0.0316,
stec8,S3014,clean,62000.0,9.34,1.129,0.0382,
stec8,S3014,clean,62000.0,10.35,1.158,0.0477,
stec8,S3014,clean,99900.0,-3.93,-0.104,0.0171,
stec8,S3014,clean,99900.0,-2.89,0.026,0.0141,
stec8,S3014,clean,99900.0,-1.87,0.171,0.0157,
stec8,S3014,clean,99900.0,-0.84,0.301,0.0162,
stec8,S3014,clean,99900.0,0.17,0.394,0.0176,
stec8,S3014,clean,99900.0,1.2,0.481,0.0181,
stec8,S3014,clean,99900.0,2.23,0.569,0.0174,
stec8,S3014,clean,99900.0,3.24,0.661,0.0177,
stec8,S3014,clean,99900.0,4.26,0.75,0.0181,
stec8,S3014,clean,99900.0,5.28,0.836,0.0193,
stec8,S3014,clean,99900.0,6.3,0.916,0.0217,
stec8,S3014,clean,99900.0,7.31,0.992,0.0244,
stec8,S3014,clean,99900.0,8.32,1.061,0.0282,
stec8,S3014,clean,99900.0,9.34,1.118,0.0322,
stec8,S3014,clean,99900.0,10.35,1.148,0.0397,
stec8,S3014,clean,99900.0,11.35,1.132,0.0566,
stec8,S3014,clean,151500.0,-3.91,-0.011,0.0139,
stec8,S3014,clean,151500.0,-2.88,0.086,0.0118,
stec8,S3014,clean,151500.0,0.17,0.381,0.0125,
stec8,S3014,clean,151500.0,2.22,0.577,0.0131,
stec8,S3014,clean,151500.0,4.27,0.772,0.0144,
stec8,S3014,clean,151500.0,6.3,0.948,0.0182,
stec8,S3014,clean,151500.0,7.31,1.015,0.0202,
stec8,S3014,clean,151500.0,8.33,1.086,0.023,
stec8,S3014,clean,151500.0,9.34,1.158,0.0263,
stec8,S3014,clean,151500.0,10.35,1.188,0.0327,
stec8,S3014,clean,151500.0,11.34,1.166,0.0493,
stec8,S3014,clean,200800.0,-3.92,-0.019,0.0127,
stec8,S3014,clean,200800.0,-2.9,0.065,0.0115,
stec8,S3014,clean,200800.0,-1.88,0.168,0.0098,
stec8,S3014,clean,200800.0,-0.85,0.268,0.0099,
stec8,S3014,clean,200800.0,0.17,0.369,0.01,
stec8,S3014,clean,200800.0,1.19,0.47,0.0104,
stec8,S3014,clean,200800.0,2.21,0.554,0.0105,
stec8,S3014,clean,200800.0,3.24,0.651,0.0111,
stec8,S3014,clean,200800.0,4.26,0.747,0.0121,
stec8,S3014,clean,200800.0,5.27,0.837,0.0137,
stec8,S3014,clean,200800.0,6.3,0.925,0.0156,
stec8,S3014,clean,200800.0,7.31,1.011,0.018,
stec8,S3014,clean,200800.0,8.34,1.091,0.0205,
stec8,S3014,clean,200800.0,9.35,1.16,0.023,
stec8,S3014,clean,200800.0,10.36,1.189,0.0302,
stec8,S3014,clean,200800.0,11.36,1.169,0.0434,
stec8,S3014,clean,303700.0,-2.89,0.044,0.0105,
stec8,S3014,clean,303700.0,-1.88,0.138,0.0087,
stec8,S3014,clean,303700.0,-0.99,0.242,0.0082,
stec8,S3014,clean,303700.0,0.17,0.34,0.008,
stec8,S3014,clean,303700.0,1.19,0.447,0.0084,
stec8,S3014,clean,303700.0,2.22,0.551,0.0088,
stec8,S3014,clean,303700.0,3.23,0.65,0.0096,
stec8,S3014,clean,303700.0,4.26,0.747,0.0109,
stec8,S3014,clean,303700.0,5.28,0.837,0.0124,
stec8,S3014,clean,303700.0,6.29,0.923,0.0141,
stec8,S3014,clean,303700.0,7.31,1.008,0.016,
stec8,S3016,clean,59100.0,-3.98,-0.293,0.0238,
stec8,S3016,clean,59100.0,-2.96,-0.235,0.0196,
stec8,S3016,clean,59100.0,-1.94,-0.144,0.0143,
stec8,S3016,clean,59100.0,-0.9,-0.013,0.0162,
stec8,S3016,clean,59100.0,0.13,0.159,0.0174,
stec8,S3016,clean,59100.0,1.15,0.293,0.0189,
stec8,S3016,clean,59100.0,2.19,0.394,0.022,
stec8,S3016,clean,59100.0,3.2,0.479,0.0219,
stec8,S3016,clean,59100.0,4.21,0.565,0.0213,
stec8,S3016,clean,59100.0,5.24,0.665,0.0211,
stec8,S3016,clean,59100.0,6.25,0.745,0.023,
stec8,S3016,clean,59100.0,7.27,0.819,0.0281,
stec8,S3016,clean,59100.0,8.28,0.866,0.0359,
stec8,S3016,clean,59100.0,9.3,0.928,0.0429,
stec8,S3016,clean,59100.0,10.31,0.974,0.0601,
stec8,S3016,clean,103300.0,-4.99,-0.354,0.018,
stec8,S3016,clean,103300.0,-3.98,-0.277,0.0163,
stec8,S3016,clean,103300.0,-2.96,-0.192,0.0135,
stec8,S3016,clean,103300.0,-1.92,-0.057,0.012,
stec8,S3016,clean,103300.0,-0.9,0.084,0.012,
stec8,S3016,clean,103300.0,0.13,0.205,0.0137,
stec8,S3016,clean,103300.0,1.15,0.303,0.0152,
stec8,S3016,clean,103300.0,2.19,0.393,0.0143,
stec8,S3016,clean,103300.0,3.19,0.48,0.0152,
stec8,S3016,clean,103300.0,4.22,0.571,0.0175,
stec8,S3016,clean,103300.0,5.24,0.66,0.0158,
stec8,S3016,clean,103300.0,6.24,0.753,0.0211,
stec8,S3016,clean,103300.0,7.27,0.828,0.0194,
stec8,S3016,clean,103300.0,8.28,0.893,0.0339,
stec8,S3016,clean,103300.0,9.29,0.923,0.0421,
stec8,S3016,clean,152700.0,-4.99,-0.341,0.0185,
stec8,S3016,clean,152700.0,-3.96,-0.245,0.014,
stec8,S3016,clean,152700.0,-2.94,-0.126,0.0127,
stec8,S3016,clean,152700.0,-1.91,0.005,0.0107,
stec8,S3016,clean,152700.0,-0.89,0.105,0.0113,
stec8,S3016,clean,152700.0,0.14,0.196,0.012,
stec8,S3016,clean,152700.0,1.15,0.294,0.0118,
stec8,S3016,clean,152700.0,2.17,0.399,0.0119,
stec8,S3016,clean,152700.0,3.2,0.496,0.0123,
stec8,S3016,clean,152700.0,4.21,0.598,0.0133,
stec8,S3016,clean,152700.0,5.23,0.687,0.0165,
stec8,S3016,clean,152700.0,6.25,0.777,0.018,
stec8,S3016,clean,152700.0,7.27,0.859,0.0227,
stec8,S3016,clean,152700.0,8.29,0.938,0.0236,
stec8,S3016,clean,152700.0,9.32,1.015,0.0286,
stec8,S3016,clean,208900.0,-4.96,-0.306,0.0171,
stec8,S3016,clean,208900.0,-3.96,-0.19,0.0137,
stec8,S3016,clean,208900.0,-2.93,-0.102,0.0115,
stec8,S3016,clean,208900.0,-1.93,-0.02,0.0102,
stec8,S3016,clean,208900.0,-0.9,0.083,0.0086,
stec8,S3016,clean,208900.0,0.14,0.191,0.0087,
stec8,S3016,clean,208900.0,1.15,0.293,0.009,
stec8,S3016,clean,208900.0,2.18,0.396,0.0091,
stec8,S3016,clean,208900.0,3.19,0.498,0.0098,
stec8,S3016,clean,208900.0,4.22,0.598,0.0107,
stec8,S3016,clean,208900.0,5.24,0.693,0.0124,
stec8,S3016,clean,208900.0,6.27,0.786,0.0143,
stec8,S3016,clean,208900.0,7.27,0.872,0.0175,
stec8,S3016,clean,208900.0,8.31,0.95,0.0208,
stec8,S3016,clean,208900.0,9.31,1.021,0.0244,
stec8,S3016,clean,208900.0,10.32,1.081,0.0296,
stec8,S3016,clean,208900.0,11.34,1.124,0.0365,
stec8,S3016,clean,304800.0,-4.99,-0.303,0.0155,
stec8,S3016,clean,304800.0,-3.98,-0.219,0.013,
stec8,S3016,clean,304800.0,-2.95,-0.127,0.0108,
stec8,S3016,clean,304800.0,-1.92,-0.033,0.0096,
stec8,S3016,clean,304800.0,-0.9,0.06,0.008,
stec8,S3016,clean,304800.0,0.11,0.18,0.0073,
stec8,S3016,clean,304800.0,1.16,0.286,0.0075,
stec8,S3016,clean,304800.0,2.17,0.39,0.0079,
stec8,S3016,clean,304800.0,3.2,0.493,0.0088,
stec8,S3016,clean,304800.0,4.22,0.592,0.0099,
stec8,S3016,clean,304800.0,5.23,0.686,0.0115,
stec8,S3016,clean,304800.0,6.25,0.777,0.0133,
stec8,S3016,clean,304800.0,7.28,0.866,0.0158,
stec8,S3016,clean,304800.0,8.3,0.947,0.0183,
stec8,S3016,clean,304800.0,9.32,1.023,0.0214,
stec8,S3016,clean,304800.0,10.33,1.086,0.0256,
stec8,S3016,clean,304800.0,11.33,1.134,0.0314,
stec8,S3021A,clean,58800.0,-3.96,-0.207,0.0295,
stec8,S3021A,clean,58800.0,-2.94,-0.13,0.0212,
stec8,S3021A,clean,58800.0,-1.92,-0.06,0.0174,
stec8,S3021A,clean,58800.0,-0.9,0.023,0.0153,
stec8,S3021A,clean,58800.0,0.13,0.179,0.0181,
stec8,S3021A,clean,58800.0,1.16,0.314,0.0223,
stec8,S3021A,clean,58800.0,2.18,0.432,0.0241,
stec8,S3021A,clean,58800.0,3.2,0.524,0.0283,
stec8,S3021A,clean,58800.0,4.22,0.608,0.0255,
stec8,S3021A,clean,58800.0,5.25,0.689,0.0253,
stec8,S3021A,clean,58800.0,6.26,0.764,0.0257,
stec8,S3021A,clean,58800.0,7.28,0.851,0.028,
stec8,S3021A,clean,58800.0,8.29,0.922,0.0264,
stec8,S3021A,clean,58800.0,9.31,0.992,0.0309,
stec8,S3021A,clean,58800.0,10.32,1.052,0.0326,
stec8,S3021A,clean,58800.0,11.33,1.069,0.0402,
stec8,S3021A,clean,99500.0,-3.95,-0.224,0.0238,
stec8,S3021A,clean,99500.0,-2.95,-0.135,0.0186,
stec8,S3021A,clean,99500.0,-1.92,-0.001,0.0138,
stec8,S3021A,clean,99500.0,-0.87,0.147,0.0126,
stec8,S3021A,clean,99500.0,0.15,0.279,0.0143,
stec8,S3021A,clean,99500.0,1.17,0.374,0.0149,
stec8,S3021A,clean,99500.0,2.18,0.46,0.0158,
stec8,S3021A,clean,99500.0,3.21,0.545,0.0171,
stec8,S3021A,clean,99500.0,4.21,0.633,0.0177,
stec8,S3021A,clean,99500.0,5.25,0.722,0.0183,
stec8,S3021A,clean,99500.0,6.27,0.81,0.0193,
stec8,S3021A,clean,99500.0,7.29,0.898,0.0195,
stec8,S3021A,clean,99500.0,8.3,0.975,0.0222,
stec8,S3021A,clean,99500.0,9.32,1.046,0.0245,
stec8,S3021A,clean,99500.0,10.33,1.104,0.0283,
stec8,S3021A,clean,99500.0,11.34,1.104,0.0377,
stec8,S3021A,clean,149300.0,-2.0,0.043,0.0117,
stec8,S3021A,clean,149300.0,-0.88,0.17,0.01,
stec8,S3021A,clean,149300.0,1.16,0.364,0.0109,
stec8,S3021A,clean,149300.0,3.22,0.557,0.0126,
stec8,S3021A,clean,149300.0,5.26,0.75,0.0142,
stec8,S3021A,clean,149300.0,7.29,0.931,0.0166,
stec8,S3021A,clean,149300.0,9.34,1.09,0.0209,
stec8,S3021A,clean,149300.0,10.35,1.142,0.025,
stec8,S3021A,clean,149300.0,11.34,1.145,0.0362,
stec8,S3021A,clean,200600.0,-4.03,-0.193,0.0177,
stec8,S3021A,clean,200600.0,-2.99,-0.056,0.0132,
stec8,S3021A,clean,200600.0,-1.9,0.056,0.0109,
stec8,S3021A,clean,200600.0,-0.93,0.135,0.0091,
stec8,S3021A,clean,200600.0,0.15,0.25,0.0084,
stec8,S3021A,clean,200600.0,1.18,0.348,0.009,
stec8,S3021A,clean,200600.0,2.19,0.445,0.0096,
stec8,S3021A,clean,200600.0,3.21,0.542,0.0103,
stec8,S3021A,clean,200600.0,4.24,0.639,0.0113,
stec8,S3021A,clean,200600.0,5.25,0.73,0.0119,
stec8,S3021A,clean,200600.0,6.27,0.818,0.0127,
stec8,S3021A,clean,200600.0,7.29,0.903,0.0143,
stec8,S3021A,clean,200600.0,8.31,0.984,0.0165,
stec8,S3021A,clean,200600.0,9.32,1.055,0.0186,
stec8,S3021A,clean,200600.0,10.34,1.111,0.0222,
stec8,S3021A,clean,200600.0,11.33,1.131,0.0294,
stec8,S3021A,clean,303700.0,-3.94,-0.144,0.0139,
stec8,S3021A,clean,303700.0,-2.92,-0.029,0.0105,
stec8,S3021A,clean,303700.0,-1.95,0.059,0.0095,
stec8,S3021A,clean,303700.0,-0.92,0.152,0.0083,
stec8,S3021A,clean,303700.0,0.12,0.259,0.0072,
stec8,S3021A,clean,303700.0,1.17,0.362,0.0077,
stec8,S3021A,clean,303700.0,2.17,0.452,0.0081,
stec8,S3021A,clean,303700.0,3.21,0.548,0.0089,
stec8,S3021A,clean,303700.0,4.23,0.639,0.0095,
stec8,S3021A,clean,303700.0,5.26,0.726,0.0104,
stec8,S3021A,clean,303700.0,6.27,0.81,0.0113,
stec8,S3021A,clean,303700.0,7.29,0.893,0.0129,
stec8,S3021A,clean,303700.0,8.31,0.972,0.0148,
stec8,S3021A,clean,303700.0,9.33,1.042,0.0172,
stec8,S3021A,clean,303700.0,10.34,1.099,0.0204,
stec8,S3021B,clean,99300.0,-2.96,-0.11,0.0189,
stec8,S3021B,clean,99300.0,-1.93,0.026,0.0148,
stec8,S3021B,clean,99300.0,-0.87,0.174,0.0135,
stec8,S3021B,clean,99300.0,0.15,0.27,0.0143,
stec8,S3021B,clean,99300.0,1.16,0.356,0.0165,
stec8,S3021B,clean,99300.0,2.19,0.441,0.018,
stec8,S3021B,clean,99300.0,3.21,0.526,0.0196,
stec8,S3021B,clean,99300.0,4.22,0.611,0.0195,
stec8,S3021B,clean,99300.0,5.25,0.698,0.0195,
stec8,S3021B,clean,99300.0,6.26,0.785,0.0186,
stec8,S3021B,clean,99300.0,7.28,0.868,0.0202,
stec8,S3021B,clean,99300.0,8.29,0.944,0.0225,
stec8,S3021B,clean,99300.0,9.31,1.012,0.0262,
stec8,S3021B,clean,99300.0,10.31,1.048,0.0291,
stec8,S3021B,clean,201300.0,-2.97,-0.082,0.013,
stec8,S3021B,clean,201300.0,-1.93,0.008,0.0115,
stec8,S3021B,clean,201300.0,-0.94,0.091,0.0102,
stec8,S3021B,clean,201300.0,0.11,0.222,0.0093,
stec8,S3021B,clean,201300.0,1.14,0.318,0.01,
stec8,S3021B,clean,201300.0,2.17,0.415,0.0106,
stec8,S3021B,clean,201300.0,3.19,0.512,0.0108,
stec8,S3021B,clean,201300.0,4.22,0.609,0.0111,
stec8,S3021B,clean,201300.0,5.24,0.7,0.0116,
stec8,S3021B,clean,201300.0,6.27,0.788,0.0128,
stec8,S3021B,clean,201300.0,7.27,0.869,0.0146,
stec8,S3021B,clean,201300.0,8.29,0.946,0.0164,
stec8,S3021B,clean,201300.0,9.3,1.007,0.0191,
stec8,S3021B,clean,201300.0,10.3,1.048,0.0233,
stec8,S3021B,clean,201300.0,11.31,1.057,0.0297,
stec8,S3021B,clean,304800.0,-2.99,-0.092,0.0115,
stec8,S3021B,clean,304800.0,-1.96,0.001,0.0107,
stec8,S3021B,clean,304800.0,-0.98,0.092,0.0098,
stec8,S3021B,clean,304800.0,0.05,0.215,0.0079,
stec8,S3021B,clean,304800.0,1.08,0.326,0.0079,
stec8,S3021B,clean,304800.0,2.14,0.426,0.0085,
stec8,S3021B,clean,304800.0,3.19,0.523,0.0088,
stec8,S3021B,clean,304800.0,4.2,0.615,0.0095,
stec8,S3021B,clean,304800.0,5.23,0.705,0.0105,
stec8,S3021B,clean,304800.0,6.25,0.79,0.012,
stec8,S3021B,clean,304800.0,7.27,0.872,0.0132,
stec8,S3021B,clean,304800.0,8.28,0.947,0.0149,
stec8,S3021B,clean,304800.0,9.3,1.01,0.0174,
stec8,S3021B,clean,304800.0,10.31,1.056,0.0207,
stec8,S4061A,clean,60400.0,-3.94,-0.124,0.0262,
stec8,S4061A,clean,60400.0,-2.92,0.008,0.0209,
stec8,S4061A,clean,60400.0,-1.9,0.128,0.0197,
stec8,S4061A,clean,60400.0,-0.87,0.266,0.0204,
stec8,S4061A,clean,60400.0,0.17,0.376,0.0239,
stec8,S4061A,clean,60400.0,1.2,0.468,0.0231,
stec8,S4061A,clean,60400.0,2.2,0.553,0.0275,
stec8,S4061A,clean,60400.0,3.22,0.635,0.0324,
stec8,S4061A,clean,60400.0,4.26,0.725,0.0311,
stec8,S4061A,clean,60400.0,5.26,0.801,0.0313,
stec8,S4061A,clean,60400.0,6.29,0.896,0.0294,
stec8,S4061A,clean,60400.0,7.31,0.978,0.0245,
stec8,S4061A,clean,60400.0,8.32,1.067,0.0296,
stec8,S4061A,clean,60400.0,9.33,1.08,0.0375,
stec8,S4061A,clean,60400.0,10.35,1.13,0.0427,
stec8,S4061A,clean,99800.0,-3.92,-0.027,0.0171,
stec8,S4061A,clean,99800.0,-2.89,0.078,0.016,
stec8,S4061A,clean,99800.0,-1.87,0.174,0.0163,
stec8,S4061A,clean,99800.0,-0.86,0.269,0.0149,
stec8,S4061A,clean,99800.0,0.17,0.366,0.0163,
stec8,S4061A,clean,99800.0,1.19,0.458,0.0168,
stec8,S4061A,clean,99800.0,2.21,0.554,0.0171,
stec8,S4061A,clean,99800.0,3.24,0.653,0.017,
stec8,S4061A,clean,99800.0,4.25,0.746,0.0174,
stec8,S4061A,clean,99800.0,5.28,0.843,0.0187,
stec8,S4061A,clean,99800.0,6.28,0.933,0.0195,
stec8,S4061A,clean,99800.0,7.31,1.026,0.021,
stec8,S4061A,clean,99800.0,8.32,1.078,0.0256,
stec8,S4061A,clean,99800.0,9.33,1.114,0.0324,
stec8,S4061A,clean,99800.0,10.34,1.132,0.0432,
stec8,S4061A,clean,200400.0,-3.95,-0.076,0.0144,
stec8,S4061A,clean,200400.0,-2.93,0.027,0.0129,
stec8,S4061A,clean,200400.0,-1.89,0.131,0.0121,
stec8,S4061A,clean,200400.0,-0.86,0.236,0.0113,
stec8,S4061A,clean,200400.0,0.16,0.338,0.0102,
stec8,S4061A,clean,200400.0,1.18,0.448,0.0098,
stec8,S4061A,clean,200400.0,2.19,0.552,0.0101,
stec8,S4061A,clean,200400.0,3.22,0.652,0.0107,
stec8,S4061A,clean,200400.0,4.26,0.751,0.0117,
stec8,S4061A,clean,200400.0,5.27,0.846,0.0127,
stec8,S4061A,clean,200400.0,6.3,0.937,0.0143,
stec8,S4061A,clean,200400.0,7.3,1.008,0.0179,
stec8,S4061A,clean,200400.0,8.32,1.057,0.0252,
stec8,S4061A,clean,200400.0,9.33,1.089,0.0311,
stec8,S4061A,clean,200400.0,10.34,1.1,0.0413,
stec8,S4061A,clean,200400.0,11.33,1.098,0.0539,
stec8,S4061B,clean,60200.0,-2.91,-0.036,0.0268,
stec8,S4061B,clean,60200.0,-1.89,0.071,0.025,
stec8,S4061B,clean,60200.0,-0.88,0.177,0.0209,
stec8,S4061B,clean,60200.0,0.15,0.287,0.0264,
stec8,S4061B,clean,60200.0,1.18,0.397,0.0299,
stec8,S4061B,clean,60200.0,2.2,0.51,0.0341,
stec8,S4061B,clean,60200.0,3.23,0.624,0.0339,
stec8,S4061B,clean,60200.0,4.24,0.721,0.0344,
stec8,S4061B,clean,60200.0,5.27,0.817,0.0374,
stec8,S4061B,clean,60200.0,6.28,0.911,0.0336,
stec8,S4061B,clean,60200.0,7.31,0.995,0.031,
stec8,S4061B,clean,60200.0,8.33,1.069,0.0297,
stec8,S4061B,clean,60200.0,9.34,1.131,0.0314,
stec8,S4061B,clean,60200.0,10.33,1.169,0.0377,
stec8,S4061B,clean,60200.0,11.36,1.176,0.0458,
stec8,S4061B,clean,100000.0,-2.9,0.082,0.0218,
stec8,S4061B,clean,100000.0,-1.87,0.194,0.0204,
stec8,S4061B,clean,100000.0,-0.84,0.296,0.0199,
stec8,S4061B,clean,100000.0,0.18,0.398,0.0209,
stec8,S4061B,clean,100000.0,1.2,0.5,0.023,
stec8,S4061B,clean,100000.0,2.22,0.604,0.0241,
stec8,S4061B,clean,100000.0,3.24,0.7,0.0223,
stec8,S4061B,clean,100000.0,4.26,0.791,0.0222,
stec8,S4061B,clean,100000.0,5.28,0.886,0.0212,
stec8,S4061B,clean,100000.0,6.31,0.979,0.0206,
stec8,S4061B,clean,100000.0,7.31,1.065,0.0203,
stec8,S4061B,clean,100000.0,8.33,1.143,0.0225,
stec8,S4061B,clean,100000.0,9.34,1.21,0.0253,
stec8,S4061B,clean,100000.0,10.35,1.24,0.0312,
stec8,S4061B,clean,100000.0,11.37,1.245,0.0406,
stec8,S4061B,clean,150800.0,-1.87,0.234,0.0157,
stec8,S4061B,clean,150800.0,0.16,0.419,0.0131,
stec8,S4061B,clean,150800.0,2.23,0.619,0.0135,
stec8,S4061B,clean,150800.0,4.25,0.812,0.0145,
stec8,S4061B,clean,150800.0,6.31,1.019,0.0157,
stec8,S4061B,clean,150800.0,7.33,1.1,0.017,
stec8,S4061B,clean,150800.0,8.34,1.169,0.0198,
stec8,S4061B,clean,150800.0,9.34,1.223,0.0227,
stec8,S4061B,clean,150800.0,10.36,1.253,0.0284,
stec8,S4061B,clean,198900.0,-4.97,-0.142,0.0442,
stec8,S4061B,clean,198900.0,-3.99,-0.039,0.0211,
stec8,S4061B,clean,198900.0,-2.95,0.055,0.0163,
stec8,S4061B,clean,198900.0,-1.91,0.154,0.014,
stec8,S4061B,clean,198900.0,-0.91,0.252,0.0124,
stec8,S4061B,clean,198900.0,0.16,0.352,0.0116,
stec8,S4061B,clean,198900.0,1.16,0.457,0.0106,
stec8,S4061B,clean,198900.0,2.21,0.591,0.0108,
stec8,S4061B,clean,198900.0,3.24,0.692,0.0113,
stec8,S4061B,clean,198900.0,4.24,0.789,0.0116,
stec8,S4061B,clean,198900.0,5.28,0.89,0.0127,
stec8,S4061B,clean,198900.0,6.3,0.983,0.0133,
stec8,S4061B,clean,198900.0,7.32,1.069,0.0147,
stec8,S4061B,clean,198900.0,8.34,1.144,0.0171,
stec8,S4061B,clean,198900.0,9.35,1.207,0.0203,
stec8,S4061B,clean,198900.0,10.35,1.247,0.0265,
stec8,S4061B,clean,198900.0,11.36,1.267,0.0336,
stec8,S4061B,clean,198900.0,12.36,1.264,0.0421,
stec8,S4061B,clean,300300.0,-3.92,-0.056,0.0176,
stec8,S4061B,clean,300300.0,-2.91,0.048,0.0134,
stec8,S4061B,clean,300300.0,-1.87,0.155,0.0115,
stec8,S4061B,clean,300300.0,-0.85,0.291,0.0101,
stec8,S4061B,clean,300300.0,0.18,0.393,0.0095,
stec8,S4061B,clean,300300.0,1.2,0.502,0.0086,
stec8,S4061B,clean,300300.0,2.21,0.603,0.0087,
stec8,S4061B,clean,300300.0,3.22,0.703,0.0095,
stec8,S4061B,clean,300300.0,4.25,0.803,0.0099,
stec8,S4061B,clean,300300.0,5.24,0.895,0.0109,
stec8,"S4061B UST .020, .125, 45%",clean,60900.0,-2.92,0.039,0.0247,
stec8,"S4061B UST .020, .125, 45%",clean,60900.0,-1.38,0.188,0.02,
stec8,"S4061B UST .020, .125, 45%",clean,60900.0,0.15,0.337,0.0228,
stec8,"S4061B UST .020, .125, 45%",clean,60900.0,1.68,0.475,0.0273,
stec8,"S4061B UST .020, .125, 45%",clean,60900.0,3.23,0.6,0.0313,
stec8,"S4061B UST .020, .125, 45%",clean,60900.0,4.74,0.749,0.0292,
stec8,"S4061B UST .020, .125, 45%",clean,60900.0,6.27,0.884,0.0288,
stec8,"S4061B UST .020, .125, 45%",clean,60900.0,7.8,1.016,0.0291,
stec8,"S4061B UST .020, .125, 45%",clean,60900.0,9.32,1.117,0.03,
stec8,"S4061B UST .020, .125, 45%",clean,60900.0,10.85,1.182,0.0359,
stec8,"S4061B UST .020, .125, 45%",clean,60900.0,12.36,1.199,0.0434,
stec8,"S4061B UST .020, .125, 45%",clean,100700.0,-3.94,-0.048,0.0282,
stec8,"S4061B UST .020, .125, 45%",clean,100700.0,-2.39,0.114,0.0183,
stec8,"S4061B UST .020, .125, 45%",clean,100700.0,-0.87,0.253,0.0153,
stec8,"S4061B UST .020, .125, 45%",clean,100700.0,0.68,0.402,0.0144,
stec8,"S4061B UST .020, .125, 45%",clean,100700.0,2.2,0.558,0.017,
stec8,"S4061B UST .020, .125, 45%",clean,100700.0,3.71,0.708,0.0202,
stec8,"S4061B UST .020, .125, 45%",clean,100700.0,5.27,0.852,0.0201,
stec8,"S4061B UST .020, .125, 45%",clean,100700.0,6.78,0.989,0.0191,
stec8,"S4061B UST .020, .125, 45%",clean,100700.0,8.32,1.114,0.0217,
stec8,"S4061B UST .020, .125, 45%",clean,100700.0,9.84,1.208,0.0253,
stec8,"S4061B UST .020, .125, 45%",clean,100700.0,11.36,1.231,0.0344,
stec8,"S4061B UST .020, .125, 45%",clean,100700.0,12.84,1.227,0.0493,
stec8,"S4061B UST .020, .125, 45%",clean,100700.0,14.35,1.193,0.0603,
stec8,"S4061B UST .020, .125, 45%",clean,150200.0,-2.93,0.058,0.0172,
stec8,"S4061B UST .020, .125, 45%",clean,150200.0,-1.39,0.207,0.0134,
stec8,"S4061B UST .020, .125, 45%",clean,150200.0,0.15,0.355,0.0108,
stec8,"S4061B UST .020, .125, 45%",clean,150200.0,1.71,0.513,0.0117,
stec8,"S4061B UST .020, .125, 45%",clean,150200.0,3.21,0.663,0.0134,
stec8,"S4061B UST .020, .125, 45%",clean,150200.0,4.77,0.81,0.0143,
stec8,"S4061B UST .020, .125, 45%",clean,150200.0,6.27,0.948,0.0148,
stec8,"S4061B UST .020, .125, 45%",clean,150200.0,7.83,1.079,0.017,
stec8,"S4061B UST .020, .125, 45%",clean,150200.0,9.35,1.179,0.0214,
stec8,"S4061B UST .020, .125, 45%",clean,150200.0,10.85,1.233,0.0308,
stec8,"S4061B UST .020, .125, 45%",clean,150200.0,12.33,1.233,0.0466,
stec8,"S4061B UST .020, .125, 45%",clean,200500.0,-3.94,-0.06,0.0197,
stec8,"S4061B UST .020, .125, 45%",clean,200500.0,-2.41,0.086,0.0143,
stec8,"S4061B UST .020, .125, 45%",clean,200500.0,-0.86,0.239,0.0114,
stec8,"S4061B UST .020, .125, 45%",clean,200500.0,0.66,0.391,0.0095,
stec8,"S4061B UST .020, .125, 45%",clean,200500.0,2.2,0.55,0.0107,
stec8,"S4061B UST .020, .125, 45%",clean,200500.0,3.72,0.706,0.0113,
stec8,"S4061B UST .020, .125, 45%",clean,200500.0,5.28,0.855,0.0121,
stec8,"S4061B UST .020, .125, 45%",clean,200500.0,6.79,0.993,0.0137,
stec8,"S4061B UST .020, .125, 45%",clean,200500.0,8.33,1.109,0.0172,
stec8,"S4061B UST .020, .125, 45%",clean,200500.0,9.84,1.197,0.0218,
stec8,"S4061B UST .020, .125, 45%",clean,200500.0,11.34,1.241,0.0325,
stec8,"S4061B UST .020, .125, 45%",clean,200500.0,12.85,1.229,0.0516,
stec8,"S4061B UST .020, .125, 45%",clean,200500.0,14.35,1.197,0.0624,
stec8,"S4061B UST .020, .125, 45%",clean,299700.0,-2.9,0.05,0.014,
stec8,"S4061B UST .020, .125, 45%",clean,299700.0,-1.39,0.204,0.0111,
stec8,"S4061B UST .020, .125, 45%",clean,299700.0,0.14,0.362,0.0098,
stec8,"S4061B UST .020, .125, 45%",clean,299700.0,1.69,0.524,0.0088,
stec8,"S4061B UST .020, .125, 45%",clean,299700.0,3.22,0.682,0.0096,
stec8,"S4061B UST .020, .125, 45%",clean,299700.0,4.74,0.829,0.0105,
stec8,"S4061B UST .020, .125, 45%",clean,299700.0,6.28,0.97,0.0122,
stec8,"S4061B UST .020, .125, 45%",clean,299700.0,7.8,1.085,0.015,
stec8,"S4061B UST .020, .125, 45%",clean,299700.0,9.34,1.178,0.0192,
stec8,"S4061B UST .020, .125, 45%",clean,299700.0,10.86,1.235,0.027,
stec8,"S4061B UST .020, .125, 45%",clean,299700.0,12.34,1.243,0.0425,
stec8,S4061B UST AT 150k,clean,150800.0,-1.87,0.234,0.0157,
stec8,S4061B UST AT 150k,clean,150800.0,0.16,0.419,0.0131,
stec8,S4061B UST AT 150k,clean,150800.0,2.23,0.619,0.0135,
stec8,S4061B UST AT 150k,clean,150800.0,4.25,0.812,0.0145,
stec8,S4061B UST AT 150k,clean,150800.0,6.31,1.019,0.0157,
stec8,S4061B UST AT 150k,clean,150800.0,7.33,1.1,0.017,
stec8,S4061B UST AT 150k,clean,150800.0,8.34,1.169,0.0198,
stec8,S4061B UST AT 150k,clean,150800.0,9.34,1.223,0.0227,
stec8,S4061B UST AT 150k,clean,150800.0,10.36,1.253,0.0284,
stec8,S4061B UST AT 150k,clean,150200.0,-2.93,0.058,0.0172,
stec8,S4061B UST AT 150k,clean,150200.0,-1.39,0.207,0.0134,
stec8,S4061B UST AT 150k,clean,150200.0,0.15,0.355,0.0108,
stec8,S4061B UST AT 150k,clean,150200.0,1.71,0.513,0.0117,
stec8,S4061B UST AT 150k,clean,150200.0,3.21,0.663,0.0134,
stec8,S4061B UST AT 150k,clean,150200.0,4.77,0.81,0.0143,
stec8,S4061B UST AT 150k,clean,150200.0,6.27,0.948,0.0148,
stec8,S4061B UST AT 150k,clean,150200.0,7.83,1.079,0.017,
stec8,S4061B UST AT 150k,clean,150200.0,9.35,1.179,0.0214,
stec8,S4061B UST AT 150k,clean,150200.0,10.85,1.233,0.0308,
stec8,S4061B UST AT 150k,clean,150200.0,12.33,1.233,0.0466,
stec8,S4061B UST AT 150k,clean,151000.0,-3.93,-0.051,0.0209,
stec8,S4061B UST AT 150k,clean,151000.0,-2.39,0.092,0.0155,
stec8,S4061B UST AT 150k,clean,151000.0,-0.88,0.241,0.0127,
stec8,S4061B UST AT 150k,clean,151000.0,0.65,0.395,0.011,
stec8,S4061B UST AT 150k,clean,151000.0,2.21,0.556,0.012,
stec8,S4061B UST AT 150k,clean,151000.0,3.74,0.707,0.0135,
stec8,S4061B UST AT 150k,clean,151000.0,5.25,0.853,0.0144,
stec8,S4061B UST AT 150k,clean,151000.0,6.79,0.992,0.0155,
stec8,S4061B UST AT 150k,clean,151000.0,8.32,1.115,0.0184,
stec8,S4061B UST AT 150k,clean,151000.0,9.85,1.205,0.0233,
stec8,S4061B UST AT 150k,clean,151000.0,11.34,1.239,0.0342,
stec8,S4061B TWO UST AT 150k AND 300k,clean,150200.0,-2.93,0.058,0.0172,
stec8,S4061B TWO UST AT 150k AND 300k,clean,150200.0,-1.39,0.207,0.0134,
stec8,S4061B TWO UST AT 150k AND 300k,clean,150200.0,0.15,0.355,0.0108,
stec8,S4061B TWO UST AT 150k AND 300k,clean,150200.0,1.71,0.513,0.0117,
stec8,S4061B TWO UST AT 150k AND 300k,clean,150200.0,3.21,0.663,0.0134,
stec8,S4061B TWO UST AT 150k AND 300k,clean,150200.0,4.77,0.81,0.0143,
stec8,S4061B TWO UST AT 150k AND 300k,clean,150200.0,6.27,0.948,0.0148,
stec8,S4061B TWO UST AT 150k AND 300k,clean,150200.0,7.83,1.079,0.017,
stec8,S4061B TWO UST AT 150k AND 300k,clean,150200.0,9.35,1.179,0.0214,
stec8,S4061B TWO UST AT 150k AND 300k,clean,150200.0,10.85,1.233,0.0308,
stec8,S4061B TWO UST AT 150k AND 300k,clean,150200.0,12.33,1.233,0.0466,
stec8,S4061B TWO UST AT 150k AND 300k,clean,151000.0,-3.93,-0.051,0.0209,
stec8,S4061B TWO UST AT 150k AND 300k,clean,151000.0,-2.39,0.092,0.0155,
stec8,S4061B TWO UST AT 150k AND 300k,clean,151000.0,-0.88,0.241,0.0127,
stec8,S4061B TWO UST AT 150k AND 300k,clean,151000.0,0.65,0.395,0.011,
stec8,S4061B TWO UST AT 150k AND 300k,clean,151000.0,2.21,0.556,0.012,
stec8,S4061B TWO UST AT 150k AND 300k,clean,151000.0,3.74,0.707,0.0135,
stec8,S4061B TWO UST AT 150k AND 300k,clean,151000.0,5.25,0.853,0.0144,
stec8,S4061B TWO UST AT 150k AND 300k,clean,151000.0,6.79,0.992,0.0155,
stec8,S4061B TWO UST AT 150k AND 300k,clean,151000.0,8.32,1.115,0.0184,
stec8,S4061B TWO UST AT 150k AND 300k,clean,151000.0,9.85,1.205,0.0233,
stec8,S4061B TWO UST AT 150k AND 300k,clean,151000.0,11.34,1.239,0.0342,
stec8,S4061B TWO UST AT 150k AND 300k,clean,299700.0,-2.9,0.05,0.014,
stec8,S4061B TWO UST AT 150k AND 300k,clean,299700.0,-1.39,0.204,0.0111,
stec8,S4061B TWO UST AT 150k AND 300k,clean,299700.0,0.14,0.362,0.0098,
stec8,S4061B TWO UST AT 150k AND 300k,clean,299700.0,1.69,0.524,0.0088,
stec8,S4061B TWO UST AT 150k AND 300k,clean,299700.0,3.22,0.682,0.0096,
stec8,S4061B TWO UST AT 150k AND 300k,clean,299700.0,4.74,0.829,0.0105,
stec8,S4061B TWO UST AT 150k AND 300k,clean,299700.0,6.28,0.97,0.0122,
stec8,S4061B TWO UST AT 150k AND 300k,clean,299700.0,7.8,1.085,0.015,
stec8,S4061B TWO UST AT 150k AND 300k,clean,299700.0,9.34,1.178,0.0192,
stec8,S4061B TWO UST AT 150k AND 300k,clean,299700.0,10.86,1.235,0.027,
stec8,S4061B TWO UST AT 150k AND 300k,clean,299700.0,12.34,1.243,0.0425,
stec8,S4061B TWO UST AT 150k AND 300k,clean,301300.0,-2.91,0.029,0.0139,
stec8,S4061B TWO UST AT 150k AND 300k,clean,301300.0,-1.38,0.183,0.0114,
stec8,S4061B TWO UST AT 150k AND 300k,clean,301300.0,0.13,0.34,0.0098,
stec8,S4061B TWO UST AT 150k AND 300k,clean,301300.0,1.67,0.501,0.0086,
stec8,S4061B TWO UST AT 150k AND 300k,clean,301300.0,3.17,0.654,0.0093,
stec8,S4061B TWO UST AT 150k AND 300k,clean,301300.0,4.73,0.807,0.0103,
stec8,S4061B TWO UST AT 150k AND 300k,clean,301300.0,6.28,0.95,0.0118,
stec8,S4061B TWO UST AT 150k AND 300k,clean,301300.0,7.8,1.071,0.0147,
stec8,S4061B TWO UST AT 150k AND 300k,clean,301300.0,9.32,1.17,0.0185,
stec8,S4061B TWO UST AT 150k AND 300k,clean,301300.0,10.84,1.232,0.0255,
stec8,S4062,clean,59300.0,-2.9,0.024,0.0291,
stec8,S4062,clean,59300.0,-1.88,0.139,0.0236,
stec8,S4062,clean,59300.0,-0.86,0.222,0.0226,
stec8,S4062,clean,59300.0,0.16,0.305,0.027,
stec8,S4062,clean,59300.0,1.17,0.407,0.0294,
stec8,S4062,clean,59300.0,2.21,0.502,0.0346,
stec8,S4062,clean,59300.0,3.23,0.619,0.0361,
stec8,S4062,clean,59300.0,4.26,0.761,0.0323,
stec8,S4062,clean,59300.0,5.29,0.865,0.0274,
stec8,S4062,clean,59300.0,6.3,0.953,0.0257,
stec8,S4062,clean,59300.0,7.32,1.027,0.0229,
stec8,S4062,clean,59300.0,8.33,1.107,0.0289,
stec8,S4062,clean,59300.0,9.35,1.145,0.0293,
stec8,S4062,clean,59300.0,10.35,1.158,0.0415,
stec8,S4062,clean,59300.0,11.35,1.181,0.0451,
stec8,S4062,clean,98900.0,-3.9,0.031,0.0259,
stec8,S4062,clean,98900.0,-2.89,0.131,0.0223,
stec8,S4062,clean,98900.0,-1.86,0.238,0.0203,
stec8,S4062,clean,98900.0,-0.84,0.324,0.0197,
stec8,S4062,clean,98900.0,0.18,0.43,0.022,
stec8,S4062,clean,98900.0,1.21,0.529,0.0252,
stec8,S4062,clean,98900.0,2.23,0.627,0.0256,
stec8,S4062,clean,98900.0,3.25,0.726,0.0255,
stec8,S4062,clean,98900.0,4.27,0.822,0.0222,
stec8,S4062,clean,98900.0,5.29,0.916,0.0198,
stec8,S4062,clean,98900.0,6.31,1.009,0.0191,
stec8,S4062,clean,98900.0,7.33,1.09,0.0202,
stec8,S4062,clean,98900.0,8.34,1.144,0.0227,
stec8,S4062,clean,98900.0,9.34,1.168,0.0307,
stec8,S4062,clean,98900.0,10.36,1.197,0.0384,
stec8,S4062,clean,150200.0,-3.92,0.066,0.0206,
stec8,S4062,clean,150200.0,-2.88,0.159,0.0178,
stec8,S4062,clean,150200.0,-1.84,0.251,0.0156,
stec8,S4062,clean,150200.0,-0.82,0.335,0.0136,
stec8,S4062,clean,150200.0,0.18,0.432,0.0141,
stec8,S4062,clean,150200.0,1.19,0.531,0.0148,
stec8,S4062,clean,150200.0,2.22,0.627,0.0146,
stec8,S4062,clean,150200.0,3.25,0.731,0.0151,
stec8,S4062,clean,150200.0,4.27,0.826,0.0147,
stec8,S4062,clean,150200.0,5.29,0.923,0.0146,
stec8,S4062,clean,150200.0,6.31,0.999,0.0147,
stec8,S4062,clean,150200.0,7.32,1.072,0.0172,
stec8,S4062,clean,150200.0,8.34,1.122,0.0226,
stec8,S4062,clean,150200.0,9.34,1.157,0.0281,
stec8,S4062,clean,150200.0,10.35,1.189,0.0341,
stec8,S4062,clean,150200.0,11.36,1.203,0.0437,
stec8,S4062,clean,150200.0,12.35,1.201,0.0621,
stec8,S4062,clean,201600.0,-4.93,-0.042,0.0269,
stec8,S4062,clean,201600.0,-3.95,0.049,0.0194,
stec8,S4062,clean,201600.0,-2.9,0.146,0.0162,
stec8,S4062,clean,201600.0,-1.86,0.246,0.0139,
stec8,S4062,clean,201600.0,-0.85,0.345,0.0116,
stec8,S4062,clean,201600.0,0.19,0.442,0.0104,
stec8,S4062,clean,201600.0,1.21,0.545,0.0108,
stec8,S4062,clean,201600.0,2.23,0.65,0.0114,
stec8,S4062,clean,201600.0,3.26,0.753,0.0117,
stec8,S4062,clean,201600.0,4.28,0.853,0.0121,
stec8,S4062,clean,201600.0,5.3,0.945,0.0125,
stec8,S4062,clean,201600.0,6.31,1.026,0.0141,
stec8,S4062,clean,201600.0,7.33,1.095,0.0173,
stec8,S4062,clean,201600.0,8.34,1.147,0.0219,
stec8,S4062,clean,201600.0,9.35,1.189,0.0274,
stec8,S4062,clean,201600.0,10.36,1.217,0.0338,
stec8,S4062,clean,201600.0,11.36,1.229,0.0447,
stec8,S4062,clean,304900.0,-3.91,0.016,0.0186,
stec8,S4062,clean,304900.0,-2.88,0.121,0.0141,
stec8,S4062,clean,304900.0,-1.86,0.225,0.0125,
stec8,S4062,clean,304900.0,-0.86,0.337,0.0103,
stec8,S4062,clean,304900.0,0.17,0.436,0.0087,
stec8,S4062,clean,304900.0,1.19,0.541,0.0084,
stec8,S4062,clean,304900.0,2.23,0.65,0.0088,
stec8,S4062,clean,304900.0,3.25,0.751,0.0092,
stec8,S4062,clean,304900.0,4.26,0.848,0.0099,
stec8,S4062,clean,304900.0,5.29,0.939,0.0111,
stec8,S4062,clean,304900.0,6.31,1.019,0.0134,
stec8,S4180,clean,106400.0,-2.91,0.013,0.0277,
stec8,S4180,clean,106400.0,-0.88,0.202,0.0185,
stec8,S4180,clean,106400.0,1.16,0.398,0.0167,
stec8,S4180,clean,106400.0,3.23,0.596,0.0178,
stec8,S4180,clean,106400.0,5.26,0.789,0.021,
stec8,S4180,clean,106400.0,7.29,0.968,0.0223,
stec8,S4180,clean,106400.0,8.32,1.056,0.0199,
stec8,S4180,clean,106400.0,9.33,1.116,0.0271,
stec8,S4180,clean,106400.0,10.33,1.148,0.0408,
stec8,S4180,clean,106400.0,11.34,1.171,0.0452,
stec8,S4180,clean,106400.0,12.35,1.176,0.0543,
stec8,S4180,clean,106400.0,13.32,1.11,0.146,
stec8,S4180,clean,201800.0,-2.92,0.011,0.0156,
stec8,S4180,clean,201800.0,-0.86,0.217,0.0127,
stec8,S4180,clean,201800.0,1.18,0.423,0.0114,
stec8,S4180,clean,201800.0,3.23,0.635,0.0123,
stec8,S4180,clean,201800.0,5.27,0.833,0.0139,
stec8,S4180,clean,201800.0,7.3,1.021,0.0162,
stec8,S4180,clean,201800.0,8.32,1.1,0.021,
stec8,S4180,clean,201800.0,9.33,1.156,0.03,
stec8,S4180,clean,201800.0,10.32,1.175,0.0418,
stec8,S4180,clean,201800.0,11.34,1.175,0.0647,
stec8,S4180,clean,201800.0,12.35,1.162,0.0975,
stec8,S4180,clean,304700.0,-2.95,-0.005,0.0135,
stec8,S4180,clean,304700.0,-1.93,0.111,0.0121,
stec8,S4180,clean,304700.0,-0.87,0.221,0.0111,
stec8,S4180,clean,304700.0,0.14,0.331,0.0108,
stec8,S4180,clean,304700.0,1.17,0.431,0.0092,
stec8,S4180,clean,304700.0,2.19,0.538,0.0094,
stec8,S4180,clean,304700.0,3.2,0.639,0.01,
stec8,S4180,clean,304700.0,4.24,0.741,0.0106,
stec8,S4180,clean,304700.0,5.26,0.838,0.0115,
stec8,S4180,clean,304700.0,6.28,0.929,0.0123,
stec8,S4180,clean,304700.0,7.3,1.017,0.0152,
stec8,S4180,clean,304700.0,8.32,1.093,0.0193,
stec8,S4180,clean,304700.0,9.32,1.146,0.0257,
stec8,S4180,clean,304700.0,10.32,1.17,0.0418,
stec8,S4233,clean,60300.0,-2.92,-0.047,0.0263,
stec8,S4233,clean,60300.0,-1.9,0.005,0.0284,
stec8,S4233,clean,60300.0,-0.88,0.116,0.031,
stec8,S4233,clean,60300.0,0.15,0.22,0.0336,
stec8,S4233,clean,60300.0,1.16,0.292,0.0381,
stec8,S4233,clean,101300.0,-6.97,-0.354,0.029,
stec8,S4233,clean,101300.0,-5.97,-0.255,0.0253,
stec8,S4233,clean,101300.0,-4.94,-0.163,0.0211,
stec8,S4233,clean,101300.0,-3.94,-0.075,0.0183,
stec8,S4233,clean,101300.0,-2.91,0.011,0.0191,
stec8,S4233,clean,101300.0,-1.9,0.076,0.0188,
stec8,S4233,clean,101300.0,-0.89,0.149,0.0193,
stec8,S4233,clean,101300.0,0.15,0.265,0.0204,
stec8,S4233,clean,101300.0,1.17,0.373,0.0241,
stec8,S4233,clean,101300.0,2.19,0.474,0.026,
stec8,S4233,clean,101300.0,3.22,0.552,0.0292,
stec8,S4233,clean,101300.0,4.23,0.64,0.0292,
stec8,S4233,clean,101300.0,5.25,0.752,0.0292,
stec8,S4233,clean,101300.0,6.28,0.849,0.0298,
stec8,S4233,clean,101300.0,7.3,0.962,0.0256,
stec8,S4233,clean,101300.0,8.33,1.065,0.0242,
stec8,S4233,clean,101300.0,9.34,1.159,0.0242,
stec8,S4233,clean,101300.0,10.35,1.221,0.0267,
stec8,S4233,clean,101300.0,11.35,1.199,0.0356,
stec8,S4233,clean,127300.0,-4.97,-0.224,0.0198,
stec8,S4233,clean,127300.0,-3.95,-0.138,0.0182,
stec8,S4233,clean,127300.0,-2.92,-0.057,0.0171,
stec8,S4233,clean,127300.0,-1.9,0.019,0.018,
stec8,S4233,clean,127300.0,-0.87,0.117,0.0162,
stec8,S4233,clean,127300.0,0.13,0.214,0.0162,
stec8,S4233,clean,127300.0,1.16,0.306,0.018,
stec8,S4233,clean,127300.0,2.18,0.418,0.0181,
stec8,S4233,clean,127300.0,3.2,0.528,0.0203,
stec8,S4233,clean,127300.0,4.23,0.624,0.0212,
stec8,S4233,clean,127300.0,5.25,0.734,0.0213,
stec8,S4233,clean,127300.0,6.27,0.832,0.0212,
stec8,S4233,clean,127300.0,7.28,0.935,0.021,
stec8,S4233,clean,127300.0,8.3,1.028,0.0221,
stec8,S4233,clean,127300.0,9.33,1.111,0.0199,
stec8,S4233,clean,150200.0,-4.94,-0.144,0.0166,
stec8,S4233,clean,150200.0,-3.92,-0.057,0.0156,
stec8,S4233,clean,150200.0,-2.91,0.033,0.0149,
stec8,S4233,clean,150200.0,-1.89,0.128,0.0149,
stec8,S4233,clean,150200.0,-0.86,0.219,0.0147,
stec8,S4233,clean,150200.0,0.16,0.313,0.0155,
stec8,S4233,clean,150200.0,1.18,0.433,0.0152,
stec8,S4233,clean,150200.0,2.2,0.538,0.0161,
stec8,S4233,clean,150200.0,3.24,0.643,0.0172,
stec8,S4233,clean,150200.0,4.25,0.745,0.0179,
stec8,S4233,clean,150200.0,5.28,0.845,0.0182,
stec8,S4233,clean,150200.0,6.3,0.945,0.0185,
stec8,S4233,clean,150200.0,7.32,1.042,0.0188,
stec8,S4233,clean,150200.0,8.35,1.14,0.0195,
stec8,S4233,clean,150200.0,9.35,1.213,0.0213,
stec8,S4233,clean,150200.0,10.37,1.234,0.0267,
stec8,S4233,clean,200200.0,-5.05,-0.174,0.0154,
stec8,S4233,clean,200200.0,-3.99,-0.077,0.0136,
stec8,S4233,clean,200200.0,-2.97,0.02,0.0126,
stec8,S4233,clean,200200.0,-1.94,0.12,0.0123,
stec8,S4233,clean,200200.0,-0.9,0.225,0.0121,
stec8,S4233,clean,200200.0,0.13,0.321,0.0119,
stec8,S4233,clean,200200.0,1.15,0.428,0.0124,
stec8,S4233,clean,200200.0,2.18,0.542,0.0123,
stec8,S4233,clean,200200.0,3.22,0.651,0.0133,
stec8,S4233,clean,200200.0,4.24,0.754,0.0139,
stec8,S4233,clean,200200.0,5.27,0.862,0.0147,
stec8,S4233,clean,200200.0,6.3,0.964,0.0154,
stec8,S4233,clean,200200.0,7.31,1.064,0.0162,
stec8,S4233,clean,200200.0,8.34,1.158,0.0173,
stec8,S4233,clean,200200.0,9.36,1.22,0.0197,
stec8,S4233,clean,200200.0,10.36,1.234,0.0281,
stec8,S4233,clean,305100.0,-5.97,-0.269,0.0165,
stec8,S4233,clean,305100.0,-4.95,-0.17,0.0139,
stec8,S4233,clean,305100.0,-3.98,-0.074,0.0121,
stec8,S4233,clean,305100.0,-2.98,0.025,0.0109,
stec8,S4233,clean,305100.0,-1.98,0.124,0.0102,
stec8,S4233,clean,305100.0,-0.98,0.226,0.0097,
stec8,S4233,clean,305100.0,0.11,0.342,0.0097,
stec8,S4233,clean,305100.0,1.17,0.451,0.0097,
stec8,S4233,clean,305100.0,2.17,0.552,0.01,
stec8,S4233,clean,305100.0,3.23,0.663,0.0104,
stec8,S4233,clean,305100.0,4.25,0.766,0.0112,
stec8,S4233,clean,305100.0,5.27,0.869,0.0118,
stec8,S4233,clean,305100.0,6.29,0.967,0.0125,
stec8,S4233,clean,305100.0,7.32,1.062,0.0137,
stec8,S4233,clean,305100.0,8.34,1.142,0.0153,
stec8,S4233,clean,305100.0,9.34,1.191,0.0189,
stec8,S4233,clean,305100.0,10.35,1.196,0.0265,
stec8,S4233,clean,305100.0,11.35,1.186,0.0404,
stec8,"S4233 UST .020, .125, 20%",clean,60200.0,-3.94,-0.136,0.0249,
stec8,"S4233 UST .020, .125, 20%",clean,60200.0,-2.92,-0.024,0.0262,
stec8,"S4233 UST .020, .125, 20%",clean,60200.0,-1.89,0.049,0.0266,
stec8,"S4233 UST .020, .125, 20%",clean,60200.0,-0.86,0.22,0.0264,
stec8,"S4233 UST .020, .125, 20%",clean,60200.0,0.15,0.306,0.0264,
stec8,"S4233 UST .020, .125, 20%",clean,60200.0,1.18,0.403,0.0282,
stec8,"S4233 UST .020, .125, 20%",clean,60200.0,2.2,0.5,0.0299,
stec8,"S4233 UST .020, .125, 20%",clean,60200.0,3.23,0.595,0.029,
stec8,"S4233 UST .020, .125, 20%",clean,60200.0,4.24,0.691,0.0293,
stec8,"S4233 UST .020, .125, 20%",clean,60200.0,5.27,0.787,0.0311,
stec8,"S4233 UST .020, .125, 20%",clean,60200.0,6.28,0.881,0.0294,
stec8,"S4233 UST .020, .125, 20%",clean,60200.0,7.3,0.977,0.0316,
stec8,"S4233 UST .020, .125, 20%",clean,60200.0,8.32,1.064,0.0328,
stec8,"S4233 UST .020, .125, 20%",clean,60200.0,9.35,1.145,0.037,
stec8,"S4233 UST .020, .125, 20%",clean,60200.0,10.36,1.234,0.0349,
stec8,"S4233 UST .020, .125, 20%",clean,60200.0,11.37,1.284,0.0368,
stec8,"S4233 UST .020, .125, 20%",clean,60200.0,12.36,1.234,0.0485,
stec8,"S4233 UST .020, .125, 20%",clean,101700.0,-3.93,-0.055,0.0182,
stec8,"S4233 UST .020, .125, 20%",clean,101700.0,-2.91,0.021,0.0177,
stec8,"S4233 UST .020, .125, 20%",clean,101700.0,-1.88,0.099,0.0172,
stec8,"S4233 UST .020, .125, 20%",clean,101700.0,-0.87,0.175,0.0162,
stec8,"S4233 UST .020, .125, 20%",clean,101700.0,0.17,0.308,0.016,
stec8,"S4233 UST .020, .125, 20%",clean,101700.0,1.18,0.409,0.016,
stec8,"S4233 UST .020, .125, 20%",clean,101700.0,2.21,0.513,0.0164,
stec8,"S4233 UST .020, .125, 20%",clean,101700.0,3.22,0.613,0.0173,
stec8,"S4233 UST .020, .125, 20%",clean,101700.0,4.25,0.713,0.0182,
stec8,"S4233 UST .020, .125, 20%",clean,101700.0,5.27,0.815,0.019,
stec8,"S4233 UST .020, .125, 20%",clean,101700.0,6.3,0.912,0.0204,
stec8,"S4233 UST .020, .125, 20%",clean,101700.0,7.31,1.006,0.0212,
stec8,"S4233 UST .020, .125, 20%",clean,101700.0,8.34,1.101,0.0226,
stec8,"S4233 UST .020, .125, 20%",clean,101700.0,9.35,1.189,0.0248,
stec8,"S4233 UST .020, .125, 20%",clean,101700.0,10.37,1.257,0.0263,
stec8,"S4233 UST .020, .125, 20%",clean,101700.0,11.36,1.233,0.0398,
stec8,"S4233 UST .020, .125, 20%",clean,152100.0,-5.98,-0.253,0.0192,
stec8,"S4233 UST .020, .125, 20%",clean,152100.0,-4.97,-0.172,0.0164,
stec8,"S4233 UST .020, .125, 20%",clean,152100.0,-3.92,-0.08,0.0139,
stec8,"S4233 UST .020, .125, 20%",clean,152100.0,-2.92,0.011,0.0127,
stec8,"S4233 UST .020, .125, 20%",clean,152100.0,-1.88,0.108,0.0128,
stec8,"S4233 UST .020, .125, 20%",clean,152100.0,-0.88,0.201,0.0121,
stec8,"S4233 UST .020, .125, 20%",clean,152100.0,0.14,0.29,0.0122,
stec8,"S4233 UST .020, .125, 20%",clean,152100.0,1.17,0.411,0.0112,
stec8,"S4233 UST .020, .125, 20%",clean,152100.0,2.2,0.52,0.0118,
stec8,"S4233 UST .020, .125, 20%",clean,152100.0,3.2,0.622,0.0125,
stec8,"S4233 UST .020, .125, 20%",clean,152100.0,4.23,0.724,0.0144,
stec8,"S4233 UST .020, .125, 20%",clean,152100.0,5.26,0.824,0.0149,
stec8,"S4233 UST .020, .125, 20%",clean,152100.0,6.27,0.92,0.0162,
stec8,"S4233 UST .020, .125, 20%",clean,152100.0,7.3,1.014,0.0173,
stec8,"S4233 UST .020, .125, 20%",clean,152100.0,8.32,1.105,0.0197,
stec8,"S4233 UST .020, .125, 20%",clean,152100.0,9.35,1.189,0.0217,
stec8,"S4233 UST .020, .125, 20%",clean,152100.0,10.34,1.229,0.0301,
stec8,"S4233 UST .020, .125, 20%",clean,152100.0,11.36,1.197,0.0464,
stec8,"S4233 UST .020, .125, 20%",clean,202200.0,-3.93,-0.076,0.0132,
stec8,"S4233 UST .020, .125, 20%",clean,202200.0,-2.92,0.024,0.0121,
stec8,"S4233 UST .020, .125, 20%",clean,202200.0,-1.88,0.124,0.0116,
stec8,"S4233 UST .020, .125, 20%",clean,202200.0,-0.87,0.222,0.0114,
stec8,"S4233 UST .020, .125, 20%",clean,202200.0,0.16,0.318,0.0112,
stec8,"S4233 UST .020, .125, 20%",clean,202200.0,1.18,0.415,0.0112,
stec8,"S4233 UST .020, .125, 20%",clean,202200.0,2.21,0.526,0.0113,
stec8,"S4233 UST .020, .125, 20%",clean,202200.0,3.23,0.629,0.0122,
stec8,"S4233 UST .020, .125, 20%",clean,202200.0,4.25,0.73,0.013,
stec8,"S4233 UST .020, .125, 20%",clean,202200.0,5.27,0.826,0.0143,
stec8,"S4233 UST .020, .125, 20%",clean,202200.0,6.3,0.921,0.0154,
stec8,"S4233 UST .020, .125, 20%",clean,202200.0,7.31,1.013,0.0167,
stec8,"S4233 UST .020, .125, 20%",clean,202200.0,8.33,1.098,0.0183,
stec8,"S4233 UST .020, .125, 20%",clean,202200.0,9.35,1.173,0.0206,
stec8,"S4233 UST .020, .125, 20%",clean,202200.0,10.36,1.202,0.0258,
stec8,"S4233 UST .020, .125, 20%",clean,298900.0,-6.0,-0.289,0.0162,
stec8,"S4233 UST .020, .125, 20%",clean,298900.0,-4.43,-0.144,0.013,
stec8,"S4233 UST .020, .125, 20%",clean,298900.0,-2.92,0.002,0.0109,
stec8,"S4233 UST .020, .125, 20%",clean,298900.0,-1.41,0.152,0.0109,
stec8,"S4233 UST .020, .125, 20%",clean,298900.0,0.16,0.313,0.0114,
stec8,"S4233 UST .020, .125, 20%",clean,298900.0,1.68,0.46,0.0117,
stec8,"S4233 UST .020, .125, 20%",clean,298900.0,3.21,0.616,0.0125,
stec8,"S4233 UST .020, .125, 20%",clean,298900.0,4.77,0.77,0.0137,
stec8,"S4233 UST .020, .125, 20%",clean,298900.0,6.29,0.917,0.0151,
stec8,"S4233 UST .020, .125, 20%",clean,298900.0,7.82,1.056,0.0166,
stec8,"S4233 UST .020, .125, 20%",clean,298900.0,9.34,1.17,0.0205,
stec8,"S4233 UST .020, .125, 20%",clean,298900.0,10.84,1.162,0.0375,
stec8,"S4233 UST .020, .125, 20%",clean,298900.0,12.33,1.137,0.0629,
stec8,SD2030,clean,101000.0,-2.94,-0.119,0.0155,
stec8,SD2030,clean,101000.0,-0.91,0.094,0.0148,
stec8,SD2030,clean,101000.0,0.11,0.165,0.015,
stec8,SD2030,clean,101000.0,1.66,0.376,0.0182,
stec8,SD2030,clean,101000.0,3.19,0.593,0.0156,
stec8,SD2030,clean,101000.0,4.72,0.743,0.0152,
stec8,SD2030,clean,101000.0,6.27,0.844,0.0187,
stec8,SD2030,clean,101000.0,7.76,0.914,0.0273,
stec8,SD2030,clean,150200.0,-2.94,-0.089,0.0143,
stec8,SD2030,clean,150200.0,-1.39,0.053,0.0155,
stec8,SD2030,clean,150200.0,0.13,0.255,0.015,
stec8,SD2030,clean,150200.0,1.66,0.471,0.0125,
stec8,SD2030,clean,150200.0,3.23,0.628,0.0115,
stec8,SD2030,clean,150200.0,4.74,0.749,0.0133,
stec8,SD2030,clean,150200.0,6.26,0.849,0.0186,
stec8,SD2030,clean,150200.0,7.78,0.942,0.0247,
stec8,SD2030,clean,150200.0,9.32,1.021,0.0384,
stec8,SD2030,clean,150200.0,10.81,1.062,0.078,
stec8,SD2030,clean,150200.0,12.27,0.996,0.1826,
stec8,SD2030,clean,198100.0,-3.96,-0.176,0.0154,
stec8,SD2030,clean,198100.0,-2.94,-0.061,0.0141,
stec8,SD2030,clean,198100.0,-1.93,0.06,0.0122,
stec8,SD2030,clean,198100.0,-0.9,0.176,0.0112,
stec8,SD2030,clean,198100.0,0.14,0.315,0.0104,
stec8,SD2030,clean,198100.0,1.18,0.436,0.0098,
stec8,SD2030,clean,198100.0,2.2,0.538,0.0095,
stec8,SD2030,clean,198100.0,3.23,0.64,0.0096,
stec8,SD2030,clean,198100.0,4.23,0.721,0.0116,
stec8,SD2030,clean,198100.0,5.25,0.794,0.0147,
stec8,SD2030,clean,198100.0,6.27,0.867,0.0182,
stec8,SD2030,clean,198100.0,7.28,0.936,0.0211,
stec8,SD2030,clean,198100.0,8.3,0.991,0.0277,
stec8,SD2030,clean,198100.0,9.3,1.036,0.0344,
stec8,SD2030,clean,198100.0,10.31,1.074,0.0536,
stec8,SD2030,clean,303800.0,-5.08,-0.265,0.0176,
stec8,SD2030,clean,303800.0,-4.07,-0.146,0.0141,
stec8,SD2030,clean,303800.0,-2.91,0.009,0.0113,
stec8,SD2030,clean,303800.0,-1.92,0.129,0.009,
stec8,SD2030,clean,303800.0,-0.95,0.217,0.0075,
stec8,SD2030,clean,303800.0,0.11,0.322,0.0069,
stec8,SD2030,clean,303800.0,1.07,0.424,0.0072,
stec8,SD2030,clean,303800.0,2.16,0.536,0.0073,
stec8,SD2030,clean,303800.0,3.2,0.635,0.0089,
stec8,SD2030,clean,303800.0,4.22,0.718,0.0111,
stec8,SD2030,clean,303800.0,5.24,0.795,0.0136,
stec8,SD2030,clean,303800.0,6.26,0.874,0.0167,
stec8,SD2030,clean,303800.0,7.28,0.945,0.0199,
stec8,SD2030,clean,303800.0,8.3,1.007,0.0244,
stec8,SD2030,clean,303800.0,9.3,1.053,0.0314,
stec8,SD2083,clean,63300.0,-3.95,-0.161,0.0229,
stec8,SD2083,clean,63300.0,-2.92,-0.066,0.0196,
stec8,SD2083,clean,63300.0,-1.9,0.03,0.014,
stec8,SD2083,clean,63300.0,-0.88,0.142,0.0187,
stec8,SD2083,clean,63300.0,0.15,0.267,0.0215,
stec8,SD2083,clean,63300.0,1.18,0.395,0.0237,
stec8,SD2083,clean,63300.0,2.21,0.521,0.0253,
stec8,SD2083,clean,63300.0,3.23,0.635,0.0237,
stec8,SD2083,clean,63300.0,4.25,0.721,0.0203,
stec8,SD2083,clean,63300.0,5.27,0.792,0.0207,
stec8,SD2083,clean,63300.0,6.28,0.846,0.0228,
stec8,SD2083,clean,63300.0,7.29,0.885,0.0289,
stec8,SD2083,clean,63300.0,8.3,0.928,0.0352,
stec8,SD2083,clean,63300.0,9.31,0.968,0.046,
stec8,SD2083,clean,101200.0,-3.93,-0.081,0.0197,
stec8,SD2083,clean,101200.0,-2.9,0.04,0.016,
stec8,SD2083,clean,101200.0,-1.88,0.148,0.0142,
stec8,SD2083,clean,101200.0,-0.85,0.265,0.0163,
stec8,SD2083,clean,101200.0,0.17,0.385,0.017,
stec8,SD2083,clean,101200.0,1.2,0.494,0.0179,
stec8,SD2083,clean,101200.0,2.22,0.593,0.0169,
stec8,SD2083,clean,101200.0,3.24,0.679,0.0166,
stec8,SD2083,clean,101200.0,4.26,0.764,0.0162,
stec8,SD2083,clean,101200.0,5.27,0.825,0.016,
stec8,SD2083,clean,101200.0,6.28,0.867,0.0211,
stec8,SD2083,clean,101200.0,7.29,0.908,0.027,
stec8,SD2083,clean,101200.0,8.3,0.956,0.0331,
stec8,SD2083,clean,101200.0,9.31,0.993,0.0388,
stec8,SD2083,clean,101200.0,10.32,1.013,0.0492,
stec8,SD2083,clean,101200.0,11.29,1.002,0.0893,
stec8,SD2083,clean,200900.0,-3.91,0.003,0.0143,
stec8,SD2083,clean,200900.0,-2.9,0.095,0.0123,
stec8,SD2083,clean,200900.0,-1.87,0.191,0.0097,
stec8,SD2083,clean,200900.0,-0.83,0.303,0.0098,
stec8,SD2083,clean,200900.0,0.17,0.4,0.0103,
stec8,SD2083,clean,200900.0,1.2,0.499,0.0109,
stec8,SD2083,clean,200900.0,2.23,0.599,0.0108,
stec8,SD2083,clean,200900.0,3.24,0.694,0.0106,
stec8,SD2083,clean,200900.0,4.26,0.767,0.0123,
stec8,SD2083,clean,200900.0,5.27,0.821,0.0163,
stec8,SD2083,clean,200900.0,6.29,0.876,0.0212,
stec8,SD2083,clean,200900.0,7.29,0.929,0.0261,
stec8,SD2083,clean,200900.0,8.31,0.974,0.0323,
stec8,SD2083,clean,200900.0,9.31,1.01,0.0429,
stec8,SD2083,clean,300700.0,-3.92,-0.006,0.0121,
stec8,SD2083,clean,300700.0,-2.9,0.088,0.0109,
stec8,SD2083,clean,300700.0,-1.89,0.184,0.0092,
stec8,SD2083,clean,300700.0,-0.85,0.302,0.008,
stec8,SD2083,clean,300700.0,0.18,0.405,0.0083,
stec8,SD2083,clean,300700.0,1.19,0.505,0.0088,
stec8,SD2083,clean,300700.0,2.21,0.603,0.0089,
stec8,SD2083,clean,300700.0,3.24,0.693,0.0094,
stec8,SD2083,clean,300700.0,4.24,0.761,0.0121,
stec8,SD2083,clean,300700.0,5.27,0.821,0.0162,
stec8,SD5060,clean,60000.0,-3.95,-0.211,0.0207,
stec8,SD5060,clean,60000.0,-2.94,-0.137,0.0193,
stec8,SD5060,clean,60000.0,-1.92,-0.056,0.0144,
stec8,SD5060,clean,60000.0,-0.9,0.049,0.0145,
stec8,SD5060,clean,60000.0,0.14,0.201,0.0163,
stec8,SD5060,clean,60000.0,1.18,0.372,0.0172,
stec8,SD5060,clean,60000.0,2.18,0.484,0.0206,
stec8,SD5060,clean,60000.0,3.2,0.563,0.0204,
stec8,SD5060,clean,60000.0,4.23,0.645,0.0228,
stec8,SD5060,clean,60000.0,5.25,0.726,0.0232,
stec8,SD5060,clean,60000.0,6.26,0.806,0.0232,
stec8,SD5060,clean,60000.0,7.29,0.876,0.0283,
stec8,SD5060,clean,60000.0,8.3,0.935,0.0345,
stec8,SD5060,clean,60000.0,9.31,0.983,0.046,
stec8,SD5060,clean,60000.0,10.31,1.004,0.0627,
stec8,SD5060,clean,99800.0,-2.94,-0.128,0.0154,
stec8,SD5060,clean,99800.0,-1.91,0.004,0.0136,
stec8,SD5060,clean,99800.0,-0.87,0.151,0.0125,
stec8,SD5060,clean,99800.0,0.15,0.291,0.0134,
stec8,SD5060,clean,99800.0,1.19,0.393,0.0135,
stec8,SD5060,clean,99800.0,2.2,0.479,0.0138,
stec8,SD5060,clean,99800.0,3.21,0.566,0.0152,
stec8,SD5060,clean,99800.0,4.23,0.658,0.0155,
stec8,SD5060,clean,99800.0,5.25,0.751,0.0171,
stec8,SD5060,clean,99800.0,6.27,0.835,0.0195,
stec8,SD5060,clean,99800.0,7.29,0.918,0.0215,
stec8,SD5060,clean,99800.0,8.31,0.983,0.0272,
stec8,SD5060,clean,99800.0,9.32,1.045,0.0327,
stec8,SD5060,clean,99800.0,10.32,1.092,0.0403,
stec8,SD5060,clean,150400.0,-4.98,-0.32,0.0154,
stec8,SD5060,clean,150400.0,-3.96,-0.209,0.0142,
stec8,SD5060,clean,150400.0,-2.92,-0.081,0.0124,
stec8,SD5060,clean,150400.0,-1.92,0.026,0.0113,
stec8,SD5060,clean,150400.0,-0.89,0.127,0.0101,
stec8,SD5060,clean,150400.0,0.15,0.231,0.0103,
stec8,SD5060,clean,150400.0,1.15,0.325,0.0108,
stec8,SD5060,clean,150400.0,2.19,0.426,0.0119,
stec8,SD5060,clean,150400.0,3.2,0.524,0.0116,
stec8,SD5060,clean,150400.0,4.23,0.619,0.0129,
stec8,SD5060,clean,150400.0,5.25,0.711,0.0148,
stec8,SD5060,clean,150400.0,6.27,0.801,0.0156,
stec8,SD5060,clean,150400.0,7.28,0.884,0.0196,
stec8,SD5060,clean,150400.0,8.3,0.958,0.0239,
stec8,SD5060,clean,150400.0,9.32,1.021,0.0268,
stec8,SD5060,clean,150400.0,10.32,1.071,0.033,
stec8,SD5060,clean,150400.0,11.33,1.089,0.0431,
stec8,SD5060,clean,202500.0,-4.96,-0.269,0.0135,
stec8,SD5060,clean,202500.0,-3.95,-0.142,0.0121,
stec8,SD5060,clean,202500.0,-2.91,-0.022,0.0109,
stec8,SD5060,clean,202500.0,-1.9,0.077,0.0104,
stec8,SD5060,clean,202500.0,-0.88,0.165,0.0097,
stec8,SD5060,clean,202500.0,0.15,0.273,0.0092,
stec8,SD5060,clean,202500.0,1.17,0.373,0.0093,
stec8,SD5060,clean,202500.0,2.2,0.474,0.0097,
stec8,SD5060,clean,202500.0,3.22,0.572,0.01,
stec8,SD5060,clean,202500.0,4.24,0.67,0.0113,
stec8,SD5060,clean,202500.0,5.26,0.758,0.0132,
stec8,SD5060,clean,202500.0,6.27,0.845,0.0151,
stec8,SD5060,clean,202500.0,7.3,0.931,0.0178,
stec8,SD5060,clean,202500.0,8.31,1.008,0.0212,
stec8,SD5060,clean,202500.0,9.32,1.072,0.0245,
stec8,SD5060,clean,202500.0,10.34,1.123,0.0296,
stec8,SD5060,clean,202500.0,11.34,1.145,0.04,
stec8,SD5060,clean,202500.0,12.34,1.124,0.0605,
stec8,SD5060,clean,304100.0,-6.07,-0.371,0.0132,
stec8,SD5060,clean,304100.0,-5.05,-0.247,0.0115,
stec8,SD5060,clean,304100.0,-4.01,-0.14,0.0108,
stec8,SD5060,clean,304100.0,-2.98,-0.042,0.01,
stec8,SD5060,clean,304100.0,-1.93,0.057,0.0095,
stec8,SD5060,clean,304100.0,-0.91,0.157,0.0086,
stec8,SD5060,clean,304100.0,0.13,0.259,0.0076,
stec8,SD5060,clean,304100.0,1.16,0.371,0.0075,
stec8,SD5060,clean,304100.0,2.19,0.475,0.0081,
stec8,SD5060,clean,304100.0,3.22,0.572,0.0092,
stec8,SD5060,clean,304100.0,4.23,0.666,0.0107,
stec8,SD5060,clean,304100.0,5.25,0.755,0.0124,
stec8,SD5060,clean,304100.0,6.26,0.841,0.0138,
stec8,SD5060,clean,304100.0,7.3,0.929,0.016,
stec8,SD5060,clean,304100.0,8.3,1.007,0.0189,
stec8,SD6060,clean,59100.0,-6.0,-0.399,0.0288,
stec8,SD6060,clean,59100.0,-4.97,-0.331,0.0223,
stec8,SD6060,clean,59100.0,-3.96,-0.277,0.0158,
stec8,SD6060,clean,59100.0,-2.96,-0.187,0.0156,
stec8,SD6060,clean,59100.0,-1.93,-0.125,0.0145,
stec8,SD6060,clean,59100.0,-0.93,-0.009,0.0186,
stec8,SD6060,clean,59100.0,0.12,0.143,0.0217,
stec8,SD6060,clean,59100.0,1.15,0.273,0.0231,
stec8,SD6060,clean,59100.0,2.17,0.395,0.0258,
stec8,SD6060,clean,59100.0,3.19,0.49,0.0249,
stec8,SD6060,clean,59100.0,4.21,0.579,0.0258,
stec8,SD6060,clean,59100.0,5.23,0.661,0.0242,
stec8,SD6060,clean,59100.0,6.25,0.742,0.0218,
stec8,SD6060,clean,59100.0,7.26,0.813,0.024,
stec8,SD6060,clean,59100.0,8.28,0.866,0.0312,
stec8,SD6060,clean,59100.0,9.28,0.892,0.0457,
stec8,SD6060,clean,59100.0,10.28,0.906,0.0662,
stec8,SD6060,clean,100600.0,-5.98,-0.388,0.0237,
stec8,SD6060,clean,100600.0,-4.99,-0.322,0.0183,
stec8,SD6060,clean,100600.0,-3.96,-0.248,0.0145,
stec8,SD6060,clean,100600.0,-2.95,-0.161,0.0132,
stec8,SD6060,clean,100600.0,-1.92,-0.035,0.0138,
stec8,SD6060,clean,100600.0,-0.89,0.144,0.0151,
stec8,SD6060,clean,100600.0,0.16,0.249,0.0169,
stec8,SD6060,clean,100600.0,1.17,0.341,0.0177,
stec8,SD6060,clean,100600.0,2.19,0.429,0.018,
stec8,SD6060,clean,100600.0,3.21,0.519,0.018,
stec8,SD6060,clean,100600.0,4.22,0.611,0.017,
stec8,SD6060,clean,100600.0,5.25,0.704,0.0176,
stec8,SD6060,clean,100600.0,6.26,0.788,0.0174,
stec8,SD6060,clean,100600.0,7.27,0.863,0.0206,
stec8,SD6060,clean,100600.0,8.29,0.921,0.0289,
stec8,SD6060,clean,100600.0,9.3,0.96,0.0374,
stec8,SD6060,clean,155700.0,-5.99,-0.403,0.0206,
stec8,SD6060,clean,155700.0,-4.97,-0.328,0.0159,
stec8,SD6060,clean,155700.0,-3.95,-0.197,0.0123,
stec8,SD6060,clean,155700.0,-2.93,-0.083,0.0112,
stec8,SD6060,clean,155700.0,-1.91,-0.012,0.0114,
stec8,SD6060,clean,155700.0,-0.89,0.115,0.0119,
stec8,SD6060,clean,155700.0,0.13,0.211,0.0117,
stec8,SD6060,clean,155700.0,1.15,0.3,0.0118,
stec8,SD6060,clean,155700.0,2.18,0.398,0.0115,
stec8,SD6060,clean,155700.0,3.21,0.499,0.0123,
stec8,SD6060,clean,155700.0,4.23,0.598,0.0126,
stec8,SD6060,clean,155700.0,5.24,0.695,0.0134,
stec8,SD6060,clean,155700.0,6.27,0.784,0.0154,
stec8,SD6060,clean,155700.0,7.27,0.86,0.0199,
stec8,SD6060,clean,155700.0,8.28,0.916,0.0251,
stec8,SD6060,clean,155700.0,9.31,0.95,0.0336,
stec8,SD6060,clean,155700.0,10.29,0.961,0.0465,
stec8,SD6060,clean,199700.0,-3.97,-0.154,0.0117,
stec8,SD6060,clean,199700.0,-2.93,-0.076,0.0102,
stec8,SD6060,clean,199700.0,-1.92,-0.006,0.0102,
stec8,SD6060,clean,199700.0,-0.9,0.078,0.0101,
stec8,SD6060,clean,199700.0,0.15,0.213,0.0097,
stec8,SD6060,clean,199700.0,1.16,0.305,0.0098,
stec8,SD6060,clean,199700.0,2.18,0.404,0.01,
stec8,SD6060,clean,199700.0,3.2,0.507,0.0103,
stec8,SD6060,clean,199700.0,4.22,0.609,0.0109,
stec8,SD6060,clean,199700.0,5.25,0.707,0.0121,
stec8,SD6060,clean,199700.0,6.26,0.794,0.0143,
stec8,SD6060,clean,199700.0,7.28,0.873,0.0179,
stec8,SD6060,clean,199700.0,8.3,0.934,0.0239,
stec8,SD6060,clean,199700.0,9.31,0.971,0.0315,
stec8,SD6060,clean,199700.0,10.31,0.985,0.042,
stec8,SD6060,clean,307400.0,-3.99,-0.191,0.0112,
stec8,SD6060,clean,307400.0,-2.96,-0.099,0.0094,
stec8,SD6060,clean,307400.0,-1.94,-0.012,0.0082,
stec8,SD6060,clean,307400.0,-0.91,0.078,0.0077,
stec8,SD6060,clean,307400.0,0.12,0.177,0.008,
stec8,SD6060,clean,307400.0,1.15,0.302,0.0077,
stec8,SD6060,clean,307400.0,2.18,0.407,0.0078,
stec8,SD6060,clean,307400.0,3.2,0.51,0.0087,
stec8,SD6060,clean,307400.0,4.22,0.61,0.0095,
stec8,SD6060,clean,307400.0,5.24,0.705,0.0109,
stec8,SD6060,clean,307400.0,6.27,0.794,0.0131,
stec8,SD6060,clean,307400.0,7.28,0.871,0.017,
stec8,SD6060,clean,307400.0,8.29,0.937,0.0212,
stec8,SD6060,clean,307400.0,9.3,0.978,0.0284,
stec8,"SD6060 UST .020, .125, 20%",clean,100900.0,-3.96,-0.209,0.0131,
stec8,"SD6060 UST .020, .125, 20%",clean,100900.0,-2.93,-0.094,0.0129,
stec8,"SD6060 UST .020, .125, 20%",clean,100900.0,-1.93,0.001,0.0128,
stec8,"SD6060 UST .020, .125, 20%",clean,100900.0,-0.89,0.119,0.0132,
stec8,"SD6060 UST .020, .125, 20%",clean,100900.0,0.12,0.2,0.0133,
stec8,"SD6060 UST .020, .125, 20%",clean,100900.0,1.15,0.287,0.0133,
stec8,"SD6060 UST .020, .125, 20%",clean,100900.0,2.17,0.381,0.0139,
stec8,"SD6060 UST .020, .125, 20%",clean,100900.0,3.2,0.48,0.015,
stec8,"SD6060 UST .020, .125, 20%",clean,100900.0,4.22,0.582,0.0168,
stec8,"SD6060 UST .020, .125, 20%",clean,100900.0,5.24,0.679,0.0167,
stec8,"SD6060 UST .020, .125, 20%",clean,100900.0,6.25,0.771,0.0198,
stec8,"SD6060 UST .020, .125, 20%",clean,100900.0,7.28,0.846,0.0268,
stec8,"SD6060 UST .020, .125, 20%",clean,100900.0,8.29,0.897,0.0331,
stec8,"SD6060 UST .020, .125, 20%",clean,100900.0,9.3,0.937,0.0394,
stec8,"SD6060 UST .020, .125, 20%",clean,100900.0,10.3,0.972,0.0611,
stec8,"SD6060 UST .020, .125, 20%",clean,100900.0,11.3,0.967,0.0957,
stec8,"SD6060 UST .020, .125, 20%",clean,154200.0,-3.96,-0.18,0.0123,
stec8,"SD6060 UST .020, .125, 20%",clean,154200.0,-2.94,-0.105,0.0112,
stec8,"SD6060 UST .020, .125, 20%",clean,154200.0,-1.91,-0.033,0.0106,
stec8,"SD6060 UST .020, .125, 20%",clean,154200.0,-0.91,0.092,0.0107,
stec8,"SD6060 UST .020, .125, 20%",clean,154200.0,0.14,0.2,0.0103,
stec8,"SD6060 UST .020, .125, 20%",clean,154200.0,1.15,0.297,0.0106,
stec8,"SD6060 UST .020, .125, 20%",clean,154200.0,2.18,0.399,0.0113,
stec8,"SD6060 UST .020, .125, 20%",clean,154200.0,3.19,0.499,0.0121,
stec8,"SD6060 UST .020, .125, 20%",clean,154200.0,4.22,0.601,0.0134,
stec8,"SD6060 UST .020, .125, 20%",clean,154200.0,5.24,0.701,0.0143,
stec8,"SD6060 UST .020, .125, 20%",clean,154200.0,6.26,0.796,0.0167,
stec8,"SD6060 UST .020, .125, 20%",clean,154200.0,7.28,0.879,0.0209,
stec8,"SD6060 UST .020, .125, 20%",clean,154200.0,8.28,0.935,0.0274,
stec8,"SD6060 UST .020, .125, 20%",clean,154200.0,9.3,0.965,0.037,
stec8,"SD6060 UST .020, .125, 20%",clean,154200.0,10.3,0.98,0.0466,
stec8,"SD6060 UST .020, .125, 20%",clean,154200.0,11.3,0.975,0.0653,
stec8,"SD6060 UST .020, .125, 20%",clean,205500.0,-3.96,-0.186,0.0121,
stec8,"SD6060 UST .020, .125, 20%",clean,205500.0,-2.94,-0.102,0.0094,
stec8,"SD6060 UST .020, .125, 20%",clean,205500.0,-1.91,-0.023,0.0094,
stec8,"SD6060 UST .020, .125, 20%",clean,205500.0,-0.89,0.067,0.0096,
stec8,"SD6060 UST .020, .125, 20%",clean,205500.0,0.11,0.2,0.0098,
stec8,"SD6060 UST .020, .125, 20%",clean,205500.0,1.15,0.299,0.0094,
stec8,"SD6060 UST .020, .125, 20%",clean,205500.0,2.16,0.398,0.0107,
stec8,"SD6060 UST .020, .125, 20%",clean,205500.0,3.19,0.501,0.0109,
stec8,"SD6060 UST .020, .125, 20%",clean,205500.0,4.22,0.605,0.0122,
stec8,"SD6060 UST .020, .125, 20%",clean,205500.0,5.24,0.707,0.0131,
stec8,"SD6060 UST .020, .125, 20%",clean,205500.0,6.26,0.805,0.0151,
stec8,"SD6060 UST .020, .125, 20%",clean,205500.0,7.28,0.884,0.0192,
stec8,"SD6060 UST .020, .125, 20%",clean,205500.0,8.3,0.944,0.0249,
stec8,"SD6060 UST .020, .125, 20%",clean,205500.0,9.29,0.977,0.0328,
stec8,"SD6060 UST .020, .125, 20%",clean,205500.0,10.3,0.983,0.0455,
stec8,"SD6060 UST .020, .125, 20%",clean,205500.0,11.3,0.975,0.0669,
stec8,"SD6060 UST .020, .125, 20%",clean,313800.0,-3.98,-0.212,0.0119,
stec8,"SD6060 UST .020, .125, 20%",clean,313800.0,-2.93,-0.113,0.0107,
stec8,"SD6060 UST .020, .125, 20%",clean,313800.0,-1.92,-0.026,0.0092,
stec8,"SD6060 UST .020, .125, 20%",clean,313800.0,-0.9,0.062,0.0095,
stec8,"SD6060 UST .020, .125, 20%",clean,313800.0,0.12,0.161,0.0097,
stec8,"SD6060 UST .020, .125, 20%",clean,313800.0,1.16,0.288,0.0098,
stec8,"SD6060 UST .020, .125, 20%",clean,313800.0,2.17,0.397,0.0098,
stec8,"SD6060 UST .020, .125, 20%",clean,313800.0,3.21,0.504,0.0103,
stec8,"SD6060 UST .020, .125, 20%",clean,313800.0,4.22,0.608,0.011,
stec8,"SD6060 UST .020, .125, 20%",clean,313800.0,5.23,0.709,0.0121,
stec8,"SD6060 UST .020, .125, 20%",clean,313800.0,6.26,0.804,0.0143,
stec8,"SD6060 UST .020, .125, 20%",clean,313800.0,7.27,0.877,0.0179,
stec8,"SD6060 UST .020, .125, 20%",clean,313800.0,8.29,0.942,0.0233,
stec8,"SD6060 UST .020, .125, 20%",clean,313800.0,9.29,0.978,0.0297,
stec8,"SD6060 UST .020, .125, 20%",clean,313800.0,10.3,0.981,0.0415,
stec8,"SD6060 UST .020, .125, 40%",clean,103200.0,-2.94,-0.123,0.0136,
stec8,"SD6060 UST .020, .125, 40%",clean,103200.0,-1.42,0.006,0.0138,
stec8,"SD6060 UST .020, .125, 40%",clean,103200.0,0.13,0.177,0.015,
stec8,"SD6060 UST .020, .125, 40%",clean,103200.0,1.66,0.317,0.0153,
stec8,"SD6060 UST .020, .125, 40%",clean,103200.0,3.19,0.468,0.015,
stec8,"SD6060 UST .020, .125, 40%",clean,103200.0,4.73,0.609,0.0178,
stec8,"SD6060 UST .020, .125, 40%",clean,103200.0,6.24,0.731,0.0214,
stec8,"SD6060 UST .020, .125, 40%",clean,103200.0,7.26,0.804,0.023,
stec8,"SD6060 UST .020, .125, 40%",clean,103200.0,8.28,0.859,0.0358,
stec8,"SD6060 UST .020, .125, 40%",clean,103200.0,9.28,0.915,0.0414,
stec8,"SD6060 UST .020, .125, 40%",clean,152000.0,-2.94,-0.114,0.0114,
stec8,"SD6060 UST .020, .125, 40%",clean,152000.0,-1.41,0.016,0.0107,
stec8,"SD6060 UST .020, .125, 40%",clean,152000.0,0.14,0.191,0.0114,
stec8,"SD6060 UST .020, .125, 40%",clean,152000.0,1.66,0.334,0.0114,
stec8,"SD6060 UST .020, .125, 40%",clean,152000.0,3.2,0.491,0.0123,
stec8,"SD6060 UST .020, .125, 40%",clean,152000.0,4.74,0.64,0.0137,
stec8,"SD6060 UST .020, .125, 40%",clean,152000.0,6.25,0.77,0.018,
stec8,"SD6060 UST .020, .125, 40%",clean,152000.0,7.27,0.846,0.0239,
stec8,"SD6060 UST .020, .125, 40%",clean,152000.0,8.28,0.892,0.0281,
stec8,"SD6060 UST .020, .125, 40%",clean,152000.0,9.3,0.923,0.0398,
stec8,"SD6060 UST .020, .125, 40%",clean,152000.0,10.3,0.954,0.0564,
stec8,"SD6060 UST .020, .125, 40%",clean,152000.0,11.29,0.954,0.1261,
stec8,"SD6060 UST .020, .125, 40%",clean,200900.0,-2.94,-0.108,0.0098,
stec8,"SD6060 UST .020, .125, 40%",clean,200900.0,-1.41,0.015,0.0095,
stec8,"SD6060 UST .020, .125, 40%",clean,200900.0,0.13,0.2,0.0098,
stec8,"SD6060 UST .020, .125, 40%",clean,200900.0,1.67,0.353,0.0101,
stec8,"SD6060 UST .020, .125, 40%",clean,200900.0,3.2,0.51,0.0106,
stec8,"SD6060 UST .020, .125, 40%",clean,200900.0,4.74,0.663,0.0125,
stec8,"SD6060 UST .020, .125, 40%",clean,200900.0,6.27,0.797,0.0159,
stec8,"SD6060 UST .020, .125, 40%",clean,200900.0,7.27,0.873,0.0198,
stec8,"SD6060 UST .020, .125, 40%",clean,200900.0,8.3,0.93,0.0283,
stec8,"SD6060 UST .020, .125, 40%",clean,200900.0,9.29,0.965,0.0334,
stec8,"SD6060 UST .020, .125, 40%",clean,200900.0,10.3,0.981,0.045,
stec8,"SD6060 UST .020, .125, 40%",clean,200900.0,11.31,0.987,0.0711,
stec8,"SD6060 UST .020, .125, 40%",clean,309100.0,-2.94,-0.11,0.0102,
stec8,"SD6060 UST .020, .125, 40%",clean,309100.0,-1.41,0.022,0.009,
stec8,"SD6060 UST .020, .125, 40%",clean,309100.0,0.12,0.167,0.0081,
stec8,"SD6060 UST .020, .125, 40%",clean,309100.0,1.67,0.352,0.0087,
stec8,"SD6060 UST .020, .125, 40%",clean,309100.0,3.21,0.512,0.0092,
stec8,"SD6060 UST .020, .125, 40%",clean,309100.0,4.75,0.667,0.0109,
stec8,"SD6060 UST .020, .125, 40%",clean,309100.0,6.26,0.801,0.0145,
stec8,"SD6060 UST .020, .125, 40%",clean,309100.0,7.28,0.879,0.0184,
stec8,"SD6060 UST .020, .125, 40%",clean,309100.0,8.3,0.942,0.0241,
stec8,"SD6060 UST .020, .125, 40%",clean,309100.0,9.31,0.977,0.0318,
stec8,"SD6060 UST .020, .125, 40%",clean,309100.0,10.3,0.983,0.0437,
stec8,SD6080,clean,59400.0,-2.9,-0.001,0.0246,
stec8,SD6080,clean,59400.0,-1.89,0.101,0.0211,
stec8,SD6080,clean,59400.0,-0.88,0.213,0.0215,
stec8,SD6080,clean,59400.0,0.17,0.35,0.0252,
stec8,SD6080,clean,59400.0,1.19,0.455,0.0295,
stec8,SD6080,clean,59400.0,2.21,0.563,0.0327,
stec8,SD6080,clean,59400.0,3.24,0.661,0.0334,
stec8,SD6080,clean,59400.0,4.26,0.742,0.031,
stec8,SD6080,clean,59400.0,5.27,0.838,0.0334,
stec8,SD6080,clean,59400.0,6.29,0.923,0.031,
stec8,SD6080,clean,59400.0,7.3,0.992,0.0258,
stec8,SD6080,clean,59400.0,8.32,1.061,0.0267,
stec8,SD6080,clean,59400.0,9.33,1.112,0.0291,
stec8,SD6080,clean,59400.0,10.34,1.142,0.0382,
stec8,SD6080,clean,59400.0,11.33,1.144,0.0398,
stec8,SD6080,clean,59400.0,12.35,1.137,0.0548,
stec8,SD6080,clean,100400.0,-3.9,-0.017,0.0256,
stec8,SD6080,clean,100400.0,-2.89,0.13,0.0204,
stec8,SD6080,clean,100400.0,-1.88,0.235,0.0166,
stec8,SD6080,clean,100400.0,-0.83,0.349,0.0167,
stec8,SD6080,clean,100400.0,0.18,0.443,0.0185,
stec8,SD6080,clean,100400.0,1.21,0.536,0.0189,
stec8,SD6080,clean,100400.0,2.23,0.633,0.0209,
stec8,SD6080,clean,100400.0,3.25,0.731,0.0224,
stec8,SD6080,clean,100400.0,4.27,0.824,0.022,
stec8,SD6080,clean,100400.0,5.29,0.914,0.0203,
stec8,SD6080,clean,100400.0,6.3,1.003,0.0192,
stec8,SD6080,clean,100400.0,7.33,1.09,0.0199,
stec8,SD6080,clean,100400.0,8.35,1.166,0.0217,
stec8,SD6080,clean,100400.0,9.37,1.225,0.0266,
stec8,SD6080,clean,100400.0,10.36,1.232,0.0324,
stec8,SD6080,clean,100400.0,11.35,1.215,0.0451,
stec8,SD6080,clean,149700.0,-1.89,0.24,0.0133,
stec8,SD6080,clean,149700.0,0.18,0.431,0.0119,
stec8,SD6080,clean,149700.0,2.23,0.634,0.0134,
stec8,SD6080,clean,149700.0,3.24,0.731,0.0141,
stec8,SD6080,clean,149700.0,4.27,0.829,0.015,
stec8,SD6080,clean,149700.0,6.3,1.02,0.016,
stec8,SD6080,clean,149700.0,7.32,1.103,0.0175,
stec8,SD6080,clean,149700.0,8.34,1.171,0.0201,
stec8,SD6080,clean,149700.0,9.35,1.223,0.0257,
stec8,SD6080,clean,200500.0,-3.94,0.036,0.0157,
stec8,SD6080,clean,200500.0,-2.88,0.129,0.0132,
stec8,SD6080,clean,200500.0,-1.88,0.224,0.0117,
stec8,SD6080,clean,200500.0,-0.84,0.315,0.0091,
stec8,SD6080,clean,200500.0,0.13,0.417,0.0094,
stec8,SD6080,clean,200500.0,1.17,0.521,0.0099,
stec8,SD6080,clean,200500.0,2.21,0.627,0.0106,
stec8,SD6080,clean,200500.0,3.23,0.729,0.0115,
stec8,SD6080,clean,200500.0,4.26,0.829,0.0122,
stec8,SD6080,clean,200500.0,5.27,0.923,0.0128,
stec8,SD6080,clean,200500.0,6.31,1.011,0.0141,
stec8,SD6080,clean,200500.0,7.32,1.087,0.0157,
stec8,SD6080,clean,200500.0,8.35,1.16,0.0192,
stec8,SD6080,clean,200500.0,9.35,1.213,0.0235,
stec8,SD6080,clean,200500.0,10.34,1.221,0.0339,
stec8,SD6080,clean,200500.0,11.34,1.208,0.0499,
stec8,SD6080,clean,301100.0,-4.93,-0.081,0.0196,
stec8,SD6080,clean,301100.0,-3.94,0.011,0.0134,
stec8,SD6080,clean,301100.0,-2.91,0.113,0.0112,
stec8,SD6080,clean,301100.0,-1.91,0.214,0.0097,
stec8,SD6080,clean,301100.0,-0.87,0.32,0.0082,
stec8,SD6080,clean,301100.0,0.13,0.416,0.0072,
stec8,SD6080,clean,301100.0,1.16,0.519,0.008,
stec8,SD6080,clean,301100.0,2.16,0.621,0.0086,
stec8,SD6080,clean,301100.0,3.16,0.719,0.0092,
stec8,SD6080,clean,301100.0,4.13,0.811,0.0103,
stec8,SD6080,clean,301100.0,5.19,0.91,0.011,
stec8,SD6080,clean,301100.0,6.27,1.003,0.0122,
stec8,SD6080,clean,301100.0,7.26,1.077,0.0148,
stec8,SD6080,clean,301100.0,8.31,1.152,0.0175,
stec8,SD6080 THICK T.E.,clean,98100.0,-2.9,0.087,0.0205,
stec8,SD6080 THICK T.E.,clean,98100.0,-1.35,0.267,0.0149,
stec8,SD6080 THICK T.E.,clean,98100.0,0.17,0.417,0.018,
stec8,SD6080 THICK T.E.,clean,98100.0,1.72,0.558,0.0202,
stec8,SD6080 THICK T.E.,clean,98100.0,3.24,0.698,0.0243,
stec8,SD6080 THICK T.E.,clean,98100.0,4.77,0.835,0.022,
stec8,SD6080 THICK T.E.,clean,98100.0,6.3,0.981,0.0217,
stec8,SD6080 THICK T.E.,clean,98100.0,7.82,1.108,0.0231,
stec8,SD6080 THICK T.E.,clean,98100.0,9.36,1.209,0.0264,
stec8,SD6080 THICK T.E.,clean,98100.0,10.85,1.21,0.0474,
stec8,SD6080 THICK T.E.,clean,151700.0,-2.9,0.074,0.0157,
stec8,SD6080 THICK T.E.,clean,151700.0,-1.39,0.211,0.0125,
stec8,SD6080 THICK T.E.,clean,151700.0,0.12,0.354,0.0118,
stec8,SD6080 THICK T.E.,clean,151700.0,1.67,0.51,0.0119,
stec8,SD6080 THICK T.E.,clean,151700.0,3.23,0.672,0.0136,
stec8,SD6080 THICK T.E.,clean,151700.0,4.74,0.826,0.0149,
stec8,SD6080 THICK T.E.,clean,151700.0,6.27,0.977,0.0155,
stec8,SD6080 THICK T.E.,clean,151700.0,7.81,1.108,0.0179,
stec8,SD6080 THICK T.E.,clean,151700.0,9.33,1.215,0.0241,
stec8,SD6080 THICK T.E.,clean,200000.0,-2.93,0.056,0.0148,
stec8,SD6080 THICK T.E.,clean,200000.0,-1.38,0.212,0.0121,
stec8,SD6080 THICK T.E.,clean,200000.0,0.16,0.358,0.0102,
stec8,SD6080 THICK T.E.,clean,200000.0,1.69,0.521,0.0108,
stec8,SD6080 THICK T.E.,clean,200000.0,3.23,0.68,0.0117,
stec8,SD6080 THICK T.E.,clean,200000.0,4.75,0.835,0.013,
stec8,SD6080 THICK T.E.,clean,200000.0,6.28,0.983,0.0144,
stec8,SD6080 THICK T.E.,clean,200000.0,7.79,1.11,0.0168,
stec8,SD6080 THICK T.E.,clean,200000.0,9.35,1.216,0.0226,
stec8,SD6080 THICK T.E.,clean,200000.0,10.86,1.225,0.0417,
stec8,SD6080 THICK T.E.,clean,200000.0,12.35,1.19,0.086,
stec8,SD6080 THICK T.E.,clean,299800.0,-2.98,0.048,0.0131,
stec8,SD6080 THICK T.E.,clean,299800.0,-1.4,0.214,0.0105,
stec8,SD6080 THICK T.E.,clean,299800.0,0.14,0.367,0.008,
stec8,SD6080 THICK T.E.,clean,299800.0,1.64,0.528,0.009,
stec8,SD6080 THICK T.E.,clean,299800.0,3.19,0.691,0.0098,
stec8,SD6080 THICK T.E.,clean,299800.0,4.71,0.844,0.0109,
stec8,SD6080 THICK T.E.,clean,299800.0,6.28,0.99,0.0125,
stec8,SD6080 THICK T.E.,clean,299800.0,7.8,1.116,0.0167,
stec8,SD6080 THICK T.E.,clean,299800.0,9.32,1.21,0.023,
stec8,"SD6080 UST .020, .125, 10%",clean,100100.0,-2.9,0.075,0.0222,
stec8,"SD6080 UST .020, .125, 10%",clean,100100.0,-1.35,0.243,0.015,
stec8,"SD6080 UST .020, .125, 10%",clean,100100.0,0.17,0.381,0.0163,
stec8,"SD6080 UST .020, .125, 10%",clean,100100.0,1.71,0.522,0.0161,
stec8,"SD6080 UST .020, .125, 10%",clean,100100.0,3.24,0.67,0.0158,
stec8,"SD6080 UST .020, .125, 10%",clean,100100.0,4.78,0.807,0.0174,
stec8,"SD6080 UST .020, .125, 10%",clean,100100.0,6.29,0.934,0.0201,
stec8,"SD6080 UST .020, .125, 10%",clean,100100.0,7.31,1.014,0.0247,
stec8,"SD6080 UST .020, .125, 10%",clean,100100.0,8.32,1.073,0.0225,
stec8,"SD6080 UST .020, .125, 10%",clean,100100.0,9.34,1.106,0.0406,
stec8,"SD6080 UST .020, .125, 10%",clean,100100.0,10.32,1.125,0.0482,
stec8,"SD6080 UST .020, .125, 10%",clean,100100.0,11.34,1.105,0.1122,
stec8,"SD6080 UST .020, .125, 10%",clean,151900.0,-3.92,0.028,0.0169,
stec8,"SD6080 UST .020, .125, 10%",clean,151900.0,-2.88,0.125,0.0145,
stec8,"SD6080 UST .020, .125, 10%",clean,151900.0,-1.87,0.21,0.0124,
stec8,"SD6080 UST .020, .125, 10%",clean,151900.0,-0.85,0.302,0.0111,
stec8,"SD6080 UST .020, .125, 10%",clean,151900.0,0.17,0.406,0.0108,
stec8,"SD6080 UST .020, .125, 10%",clean,151900.0,1.2,0.51,0.0115,
stec8,"SD6080 UST .020, .125, 10%",clean,151900.0,2.23,0.622,0.0123,
stec8,"SD6080 UST .020, .125, 10%",clean,151900.0,3.23,0.709,0.0134,
stec8,"SD6080 UST .020, .125, 10%",clean,151900.0,4.26,0.803,0.015,
stec8,"SD6080 UST .020, .125, 10%",clean,151900.0,5.29,0.889,0.0165,
stec8,"SD6080 UST .020, .125, 10%",clean,151900.0,6.29,0.973,0.019,
stec8,"SD6080 UST .020, .125, 10%",clean,151900.0,7.32,1.057,0.0222,
stec8,"SD6080 UST .020, .125, 10%",clean,151900.0,8.32,1.136,0.0244,
stec8,"SD6080 UST .020, .125, 10%",clean,151900.0,9.35,1.181,0.0314,
stec8,"SD6080 UST .020, .125, 10%",clean,151900.0,10.33,1.181,0.0494,
stec8,"SD6080 UST .020, .125, 10%",clean,151900.0,11.35,1.161,0.0795,
stec8,"SD6080 UST .020, .125, 10%",clean,199400.0,-3.92,0.036,0.0143,
stec8,"SD6080 UST .020, .125, 10%",clean,199400.0,-2.89,0.133,0.0118,
stec8,"SD6080 UST .020, .125, 10%",clean,199400.0,-1.87,0.23,0.0112,
stec8,"SD6080 UST .020, .125, 10%",clean,199400.0,-0.85,0.323,0.0089,
stec8,"SD6080 UST .020, .125, 10%",clean,199400.0,0.17,0.426,0.0098,
stec8,"SD6080 UST .020, .125, 10%",clean,199400.0,1.19,0.527,0.0099,
stec8,"SD6080 UST .020, .125, 10%",clean,199400.0,2.23,0.629,0.0117,
stec8,"SD6080 UST .020, .125, 10%",clean,199400.0,3.24,0.724,0.0133,
stec8,"SD6080 UST .020, .125, 10%",clean,199400.0,4.27,0.818,0.0148,
stec8,"SD6080 UST .020, .125, 10%",clean,199400.0,5.28,0.91,0.0162,
stec8,"SD6080 UST .020, .125, 10%",clean,199400.0,6.32,1.003,0.0178,
stec8,"SD6080 UST .020, .125, 10%",clean,199400.0,7.32,1.085,0.0201,
stec8,"SD6080 UST .020, .125, 10%",clean,199400.0,8.35,1.166,0.0225,
stec8,"SD6080 UST .020, .125, 10%",clean,199400.0,9.35,1.21,0.0285,
stec8,"SD6080 UST .020, .125, 10%",clean,199400.0,10.36,1.199,0.0434,
stec8,"SD6080 UST .020, .125, 10%",clean,199400.0,11.36,1.174,0.0825,
stec8,"SD6080 UST .020, .125, 10%",clean,308500.0,-3.92,0.028,0.013,
stec8,"SD6080 UST .020, .125, 10%",clean,308500.0,-2.9,0.127,0.0109,
stec8,"SD6080 UST .020, .125, 10%",clean,308500.0,-1.88,0.23,0.0101,
stec8,"SD6080 UST .020, .125, 10%",clean,308500.0,-0.87,0.329,0.0086,
stec8,"SD6080 UST .020, .125, 10%",clean,308500.0,0.17,0.427,0.0091,
stec8,"SD6080 UST .020, .125, 10%",clean,308500.0,1.21,0.528,0.0106,
stec8,"SD6080 UST .020, .125, 10%",clean,308500.0,2.21,0.627,0.0119,
stec8,"SD6080 UST .020, .125, 10%",clean,308500.0,3.22,0.725,0.013,
stec8,"SD6080 UST .020, .125, 10%",clean,308500.0,4.24,0.82,0.014,
stec8,"SD6080 UST .020, .125, 10%",clean,308500.0,5.27,0.911,0.015,
stec8,"SD6080 UST .020, .125, 10%",clean,308500.0,6.28,1.0,0.0164,
stec8,"SD6080 UST .020, .125, 10%",clean,308500.0,7.32,1.086,0.0179,
stec8,"SD6080 UST .020, .125, 10%",clean,308500.0,8.34,1.161,0.0204,
stec8,"SD6080 UST .020, .125, 10%",clean,308500.0,9.34,1.188,0.0297,
stec8,"SD6080 UST .020, .125, 10%",clean,308500.0,10.34,1.186,0.0443,
stec8,"SD6080 UST .020, .125, 20%",clean,100500.0,-2.88,0.164,0.0153,
stec8,"SD6080 UST .020, .125, 20%",clean,100500.0,-1.37,0.287,0.0143,
stec8,"SD6080 UST .020, .125, 20%",clean,100500.0,0.16,0.434,0.0149,
stec8,"SD6080 UST .020, .125, 20%",clean,100500.0,1.7,0.582,0.015,
stec8,"SD6080 UST .020, .125, 20%",clean,100500.0,3.25,0.73,0.0169,
stec8,"SD6080 UST .020, .125, 20%",clean,100500.0,4.77,0.874,0.0186,
stec8,"SD6080 UST .020, .125, 20%",clean,100500.0,6.3,1.013,0.0208,
stec8,"SD6080 UST .020, .125, 20%",clean,100500.0,7.32,1.095,0.0241,
stec8,"SD6080 UST .020, .125, 20%",clean,100500.0,8.35,1.172,0.0261,
stec8,"SD6080 UST .020, .125, 20%",clean,100500.0,9.34,1.212,0.034,
stec8,"SD6080 UST .020, .125, 20%",clean,100500.0,10.34,1.205,0.0501,
stec8,"SD6080 UST .020, .125, 20%",clean,153800.0,-2.88,0.133,0.0137,
stec8,"SD6080 UST .020, .125, 20%",clean,153800.0,-1.36,0.27,0.0101,
stec8,"SD6080 UST .020, .125, 20%",clean,153800.0,0.18,0.429,0.0107,
stec8,"SD6080 UST .020, .125, 20%",clean,153800.0,1.72,0.59,0.0118,
stec8,"SD6080 UST .020, .125, 20%",clean,153800.0,3.24,0.739,0.0134,
stec8,"SD6080 UST .020, .125, 20%",clean,153800.0,4.79,0.893,0.0153,
stec8,"SD6080 UST .020, .125, 20%",clean,153800.0,6.29,1.026,0.0163,
stec8,"SD6080 UST .020, .125, 20%",clean,153800.0,7.32,1.109,0.0192,
stec8,"SD6080 UST .020, .125, 20%",clean,153800.0,8.34,1.18,0.0221,
stec8,"SD6080 UST .020, .125, 20%",clean,153800.0,9.35,1.215,0.0308,
stec8,"SD6080 UST .020, .125, 20%",clean,153800.0,10.35,1.208,0.044,
stec8,"SD6080 UST .020, .125, 20%",clean,153800.0,11.36,1.189,0.0718,
stec8,"SD6080 UST .020, .125, 20%",clean,204800.0,-2.89,0.136,0.0123,
stec8,"SD6080 UST .020, .125, 20%",clean,204800.0,-1.37,0.28,0.0097,
stec8,"SD6080 UST .020, .125, 20%",clean,204800.0,0.17,0.431,0.0094,
stec8,"SD6080 UST .020, .125, 20%",clean,204800.0,1.69,0.586,0.0102,
stec8,"SD6080 UST .020, .125, 20%",clean,204800.0,3.24,0.741,0.0115,
stec8,"SD6080 UST .020, .125, 20%",clean,204800.0,4.78,0.891,0.0135,
stec8,"SD6080 UST .020, .125, 20%",clean,204800.0,6.3,1.026,0.0158,
stec8,"SD6080 UST .020, .125, 20%",clean,204800.0,7.32,1.113,0.0169,
stec8,"SD6080 UST .020, .125, 20%",clean,204800.0,8.35,1.182,0.0221,
stec8,"SD6080 UST .020, .125, 20%",clean,204800.0,9.35,1.212,0.0264,
stec8,"SD6080 UST .020, .125, 20%",clean,204800.0,10.34,1.208,0.0405,
stec8,"SD6080 UST .020, .125, 20%",clean,304200.0,-2.91,0.121,0.0114,
stec8,"SD6080 UST .020, .125, 20%",clean,304200.0,-1.39,0.279,0.0098,
stec8,"SD6080 UST .020, .125, 20%",clean,304200.0,0.14,0.421,0.0091,
stec8,"SD6080 UST .020, .125, 20%",clean,304200.0,1.7,0.583,0.0099,
stec8,"SD6080 UST .020, .125, 20%",clean,304200.0,3.23,0.739,0.0116,
stec8,"SD6080 UST .020, .125, 20%",clean,304200.0,4.76,0.885,0.0128,
stec8,"SD6080 UST .020, .125, 20%",clean,304200.0,6.31,1.024,0.0147,
stec8,"SD6080 UST .020, .125, 20%",clean,304200.0,7.31,1.11,0.0165,
stec8,"SD6080 UST .020, .125, 20%",clean,304200.0,8.34,1.176,0.0202,
stec8,"SD6080 UST .020, .125, 20%",clean,304200.0,9.34,1.207,0.0274,
stec8,"SD6080 UST .020, .125, 20%",clean,304200.0,10.35,1.204,0.0443,
stec8,"SD6080 UST .020, .125, 30%",clean,99100.0,-2.88,0.15,0.0165,
stec8,"SD6080 UST .020, .125, 30%",clean,99100.0,-1.36,0.285,0.0143,
stec8,"SD6080 UST .020, .125, 30%",clean,99100.0,0.19,0.438,0.0144,
stec8,"SD6080 UST .020, .125, 30%",clean,99100.0,1.72,0.595,0.0145,
stec8,"SD6080 UST .020, .125, 30%",clean,99100.0,3.25,0.742,0.0164,
stec8,"SD6080 UST .020, .125, 30%",clean,99100.0,4.77,0.885,0.0186,
stec8,"SD6080 UST .020, .125, 30%",clean,99100.0,6.3,1.024,0.021,
stec8,"SD6080 UST .020, .125, 30%",clean,99100.0,7.33,1.112,0.0199,
stec8,"SD6080 UST .020, .125, 30%",clean,99100.0,8.34,1.182,0.0246,
stec8,"SD6080 UST .020, .125, 30%",clean,99100.0,9.35,1.218,0.0337,
stec8,"SD6080 UST .020, .125, 30%",clean,99100.0,10.35,1.21,0.0444,
stec8,"SD6080 UST .020, .125, 30%",clean,149300.0,-2.88,0.14,0.0141,
stec8,"SD6080 UST .020, .125, 30%",clean,149300.0,-1.36,0.28,0.0102,
stec8,"SD6080 UST .020, .125, 30%",clean,149300.0,0.19,0.437,0.0104,
stec8,"SD6080 UST .020, .125, 30%",clean,149300.0,1.72,0.593,0.0116,
stec8,"SD6080 UST .020, .125, 30%",clean,149300.0,3.24,0.743,0.0133,
stec8,"SD6080 UST .020, .125, 30%",clean,149300.0,4.77,0.89,0.0157,
stec8,"SD6080 UST .020, .125, 30%",clean,149300.0,6.31,1.032,0.0173,
stec8,"SD6080 UST .020, .125, 30%",clean,149300.0,7.33,1.113,0.0179,
stec8,"SD6080 UST .020, .125, 30%",clean,149300.0,8.34,1.18,0.0215,
stec8,"SD6080 UST .020, .125, 30%",clean,149300.0,9.34,1.211,0.0321,
stec8,"SD6080 UST .020, .125, 30%",clean,149300.0,10.34,1.203,0.0461,
stec8,"SD6080 UST .020, .125, 30%",clean,197800.0,-2.88,0.127,0.0125,
stec8,"SD6080 UST .020, .125, 30%",clean,197800.0,-1.38,0.274,0.0096,
stec8,"SD6080 UST .020, .125, 30%",clean,197800.0,0.18,0.431,0.0094,
stec8,"SD6080 UST .020, .125, 30%",clean,197800.0,1.72,0.591,0.0103,
stec8,"SD6080 UST .020, .125, 30%",clean,197800.0,3.25,0.743,0.0118,
stec8,"SD6080 UST .020, .125, 30%",clean,197800.0,4.78,0.897,0.0138,
stec8,"SD6080 UST .020, .125, 30%",clean,197800.0,6.31,1.042,0.0154,
stec8,"SD6080 UST .020, .125, 30%",clean,197800.0,7.32,1.121,0.0177,
stec8,"SD6080 UST .020, .125, 30%",clean,197800.0,8.33,1.188,0.0215,
stec8,"SD6080 UST .020, .125, 30%",clean,197800.0,9.35,1.219,0.0292,
stec8,"SD6080 UST .020, .125, 30%",clean,197800.0,10.34,1.213,0.0506,
stec8,"SD6080 UST .020, .125, 30%",clean,197800.0,11.35,1.197,0.0709,
stec8,"SD6080 UST .020, .125, 30%",clean,300300.0,-2.89,0.114,0.0124,
stec8,"SD6080 UST .020, .125, 30%",clean,300300.0,-1.39,0.267,0.0107,
stec8,"SD6080 UST .020, .125, 30%",clean,300300.0,0.16,0.419,0.0093,
stec8,"SD6080 UST .020, .125, 30%",clean,300300.0,1.7,0.581,0.0099,
stec8,"SD6080 UST .020, .125, 30%",clean,300300.0,3.24,0.739,0.011,
stec8,"SD6080 UST .020, .125, 30%",clean,300300.0,4.78,0.889,0.0119,
stec8,"SD6080 UST .020, .125, 30%",clean,300300.0,6.3,1.025,0.0139,
stec8,"SD6080 UST .020, .125, 30%",clean,300300.0,7.32,1.095,0.0171,
stec8,"SD6080 UST .020, .125, 30%",clean,300300.0,8.33,1.16,0.0206,
stec8,"SD6080 UST .020, .125, 30%",clean,300300.0,9.34,1.19,0.0286,
stec8,"SD6080 UST .020, .125, 30%",clean,300300.0,10.34,1.188,0.0479,
stec8,"SD6080 UST .020, .125, 30%",clean,300300.0,11.32,1.169,0.0775,
stec8,SD7003,clean,60300.0,-2.95,-0.172,0.0122,
stec8,SD7003,clean,60300.0,-1.41,-0.039,0.0114,
stec8,SD7003,clean,60300.0,0.12,0.142,0.0121,
stec8,SD7003,clean,60300.0,1.67,0.37,0.0158,
stec8,SD7003,clean,60300.0,3.2,0.501,0.0193,
stec8,SD7003,clean,60300.0,4.73,0.651,0.0223,
stec8,SD7003,clean,60300.0,6.26,0.779,0.0267,
stec8,SD7003,clean,60300.0,7.78,0.871,0.0399,
stec8,SD7003,clean,60300.0,9.3,0.978,0.0736,
stec8,SD7003,clean,102000.0,-2.93,-0.138,0.0116,
stec8,SD7003,clean,102000.0,-1.41,-0.014,0.0091,
stec8,SD7003,clean,102000.0,0.13,0.176,0.0125,
stec8,SD7003,clean,102000.0,1.67,0.362,0.0123,
stec8,SD7003,clean,102000.0,3.2,0.494,0.0142,
stec8,SD7003,clean,102000.0,4.73,0.632,0.0158,
stec8,SD7003,clean,102000.0,6.26,0.784,0.0183,
stec8,SD7003,clean,102000.0,7.78,0.904,0.0254,
stec8,SD7003,clean,102000.0,9.31,0.995,0.0356,
stec8,SD7003,clean,102000.0,10.81,0.936,0.12,
stec8,SD7003,clean,151800.0,-2.93,-0.119,0.0101,
stec8,SD7003,clean,151800.0,-1.4,0.008,0.0091,
stec8,SD7003,clean,151800.0,0.13,0.209,0.0095,
stec8,SD7003,clean,151800.0,1.67,0.362,0.0095,
stec8,SD7003,clean,151800.0,3.19,0.511,0.0112,
stec8,SD7003,clean,151800.0,4.73,0.658,0.0143,
stec8,SD7003,clean,151800.0,6.26,0.797,0.0165,
stec8,SD7003,clean,151800.0,7.79,0.917,0.0227,
stec8,SD7003,clean,151800.0,9.31,1.015,0.0325,
stec8,SD7003,clean,151800.0,10.82,0.995,0.0949,
stec8,SD7003,clean,200800.0,-2.92,-0.115,0.0097,
stec8,SD7003,clean,200800.0,-1.4,0.026,0.0081,
stec8,SD7003,clean,200800.0,0.14,0.199,0.0079,
stec8,SD7003,clean,200800.0,1.66,0.35,0.0091,
stec8,SD7003,clean,200800.0,3.2,0.507,0.011,
stec8,SD7003,clean,200800.0,4.74,0.657,0.0128,
stec8,SD7003,clean,200800.0,6.28,0.799,0.0153,
stec8,SD7003,clean,200800.0,7.8,0.926,0.0222,
stec8,SD7003,clean,200800.0,9.31,1.024,0.0308,
stec8,SD7003,clean,200800.0,10.83,0.982,0.1169,
stec8,SD7003,clean,200800.0,11.82,0.905,0.1858,
stec8,SD7003,clean,300300.0,-2.94,-0.112,0.0093,
stec8,SD7003,clean,300300.0,-1.91,0.0,0.0079,
stec8,SD7003,clean,300300.0,-0.9,0.103,0.0074,
stec8,SD7003,clean,300300.0,0.14,0.196,0.0072,
stec8,SD7003,clean,300300.0,1.15,0.301,0.0078,
stec8,SD7003,clean,300300.0,2.18,0.409,0.0084,
stec8,SD7003,clean,300300.0,3.2,0.516,0.0095,
stec8,SD7003,clean,300300.0,4.23,0.62,0.0109,
stec8,SD7003,clean,300300.0,5.25,0.719,0.0123,
stec8,SD7003,clean,300300.0,6.26,0.814,0.0138,
stec8,SD7003,clean,300300.0,7.28,0.903,0.0168,
stec8,SD7003,clean,300300.0,8.31,0.983,0.0205,
stec8,SD7003,clean,300300.0,9.32,1.053,0.0253,
stec8,SD7003,clean,300300.0,10.34,1.101,0.0337,
stec8,SD7003,clean,300300.0,11.32,1.098,0.0505,
stec8,SD7003 REPEAT,clean,99600.0,-2.94,-0.131,0.0129,
stec8,SD7003 REPEAT,clean,99600.0,-1.91,-0.053,0.0111,
stec8,SD7003 REPEAT,clean,99600.0,-0.9,0.036,0.011,
stec8,SD7003 REPEAT,clean,99600.0,0.13,0.181,0.0108,
stec8,SD7003 REPEAT,clean,99600.0,1.16,0.318,0.0124,
stec8,SD7003 REPEAT,clean,99600.0,2.19,0.413,0.0127,
stec8,SD7003 REPEAT,clean,99600.0,3.19,0.502,0.0129,
stec8,SD7003 REPEAT,clean,99600.0,4.21,0.598,0.0145,
stec8,SD7003 REPEAT,clean,99600.0,5.23,0.692,0.0166,
stec8,SD7003 REPEAT,clean,99600.0,6.25,0.783,0.0185,
stec8,SD7003 REPEAT,clean,99600.0,7.28,0.865,0.0231,
stec8,SD7003 REPEAT,clean,99600.0,8.29,0.936,0.029,
stec8,SD7003 REPEAT,clean,99600.0,9.3,0.992,0.0376,
stec8,SD7003 REPEAT,clean,99600.0,10.32,1.024,0.048,
stec8,SD7003 REPEAT,clean,99600.0,11.29,0.901,0.1563,
stec8,SD7003 REPEAT,clean,153300.0,-2.93,-0.119,0.0108,
stec8,SD7003 REPEAT,clean,153300.0,-1.92,-0.035,0.0096,
stec8,SD7003 REPEAT,clean,153300.0,-0.89,0.058,0.0088,
stec8,SD7003 REPEAT,clean,153300.0,0.14,0.203,0.0088,
stec8,SD7003 REPEAT,clean,153300.0,1.15,0.302,0.0096,
stec8,SD7003 REPEAT,clean,153300.0,2.17,0.4,0.0103,
stec8,SD7003 REPEAT,clean,153300.0,3.2,0.504,0.0119,
stec8,SD7003 REPEAT,clean,153300.0,4.21,0.601,0.0126,
stec8,SD7003 REPEAT,clean,153300.0,5.24,0.699,0.0143,
stec8,SD7003 REPEAT,clean,153300.0,6.26,0.793,0.0158,
stec8,SD7003 REPEAT,clean,153300.0,7.28,0.878,0.0194,
stec8,SD7003 REPEAT,clean,153300.0,8.3,0.95,0.0251,
stec8,SD7003 REPEAT,clean,153300.0,9.31,1.013,0.0327,
stec8,SD7003 REPEAT,clean,153300.0,10.32,1.054,0.0416,
stec8,SD7003 REPEAT,clean,153300.0,11.28,0.925,0.1646,
stec8,SD7003 REPEAT,clean,201500.0,-2.93,-0.126,0.0101,
stec8,SD7003 REPEAT,clean,201500.0,-1.92,-0.038,0.0086,
stec8,SD7003 REPEAT,clean,201500.0,-0.91,0.072,0.0079,
stec8,SD7003 REPEAT,clean,201500.0,0.12,0.184,0.0076,
stec8,SD7003 REPEAT,clean,201500.0,1.14,0.286,0.0086,
stec8,SD7003 REPEAT,clean,201500.0,2.18,0.392,0.0094,
stec8,SD7003 REPEAT,clean,201500.0,3.21,0.496,0.0102,
stec8,SD7003 REPEAT,clean,201500.0,4.22,0.596,0.0115,
stec8,SD7003 REPEAT,clean,201500.0,5.24,0.696,0.0131,
stec8,SD7003 REPEAT,clean,201500.0,6.27,0.791,0.0144,
stec8,SD7003 REPEAT,clean,201500.0,7.28,0.878,0.0177,
stec8,SD7003 REPEAT,clean,201500.0,8.3,0.953,0.0225,
stec8,SD7003 REPEAT,clean,201500.0,9.31,1.022,0.0284,
stec8,SD7003 REPEAT,clean,201500.0,10.33,1.07,0.0353,
stec8,SD7003 REPEAT,clean,303700.0,-3.98,-0.214,0.0104,
stec8,SD7003 REPEAT,clean,303700.0,-2.92,-0.112,0.0093,
stec8,SD7003 REPEAT,clean,303700.0,-1.92,-0.005,0.008,
stec8,SD7003 REPEAT,clean,303700.0,-0.91,0.099,0.0074,
stec8,SD7003 REPEAT,clean,303700.0,0.12,0.191,0.0073,
stec8,SD7003 REPEAT,clean,303700.0,1.16,0.296,0.0081,
stec8,SD7003 REPEAT,clean,303700.0,2.17,0.402,0.0084,
stec8,SD7003 REPEAT,clean,303700.0,3.19,0.507,0.0098,
stec8,SD7003 REPEAT,clean,303700.0,4.21,0.611,0.0109,
stec8,SD7003 REPEAT,clean,303700.0,5.23,0.711,0.0121,
stec8,SD7003 REPEAT,clean,303700.0,6.27,0.809,0.0138,
stec8,SD7003 REPEAT,clean,303700.0,7.29,0.899,0.0167,
stec8,SD7003 REPEAT,clean,303700.0,8.31,0.978,0.0207,
stec8,SD7003 REPEAT,clean,303700.0,9.32,1.049,0.0248,
stec8,SD7003 REPEAT,clean,303700.0,10.34,1.099,0.0325,
stec8,SD7003 REPEAT,clean,303700.0,11.33,1.1,0.049,
stec8,SD7003 BUMP SHOT TRIP 50%,clean,101700.0,-2.95,-0.133,0.012,
stec8,SD7003 BUMP SHOT TRIP 50%,clean,101700.0,-1.42,0.0,0.01,
stec8,SD7003 BUMP SHOT TRIP 50%,clean,101700.0,0.14,0.207,0.0115,
stec8,SD7003 BUMP SHOT TRIP 50%,clean,101700.0,1.66,0.366,0.0121,
stec8,SD7003 BUMP SHOT TRIP 50%,clean,101700.0,3.19,0.501,0.015,
stec8,SD7003 BUMP SHOT TRIP 50%,clean,101700.0,4.74,0.645,0.0167,
stec8,SD7003 BUMP SHOT TRIP 50%,clean,101700.0,6.26,0.789,0.0208,
stec8,SD7003 BUMP SHOT TRIP 50%,clean,101700.0,7.79,0.906,0.0278,
stec8,SD7003 BUMP SHOT TRIP 50%,clean,101700.0,9.31,0.992,0.0417,
stec8,SD7003 BUMP SHOT TRIP 50%,clean,101700.0,10.79,0.888,0.1601,
stec8,SD7003 BUMP SHOT TRIP 50%,clean,150600.0,-2.94,-0.099,0.0114,
stec8,SD7003 BUMP SHOT TRIP 50%,clean,150600.0,-1.4,0.037,0.01,
stec8,SD7003 BUMP SHOT TRIP 50%,clean,150600.0,0.14,0.212,0.0092,
stec8,SD7003 BUMP SHOT TRIP 50%,clean,150600.0,1.67,0.362,0.0104,
stec8,SD7003 BUMP SHOT TRIP 50%,clean,150600.0,3.19,0.518,0.0127,
stec8,SD7003 BUMP SHOT TRIP 50%,clean,150600.0,4.74,0.666,0.0146,
stec8,SD7003 BUMP SHOT TRIP 50%,clean,150600.0,6.27,0.808,0.0174,
stec8,SD7003 BUMP SHOT TRIP 50%,clean,150600.0,7.78,0.926,0.0236,
stec8,SD7003 BUMP SHOT TRIP 50%,clean,150600.0,9.32,1.024,0.0346,
stec8,SD7003 BUMP SHOT TRIP 50%,clean,150600.0,10.79,0.954,0.1398,
stec8,SD7003 BUMP SHOT TRIP 50%,clean,205000.0,-2.95,-0.109,0.0112,
stec8,SD7003 BUMP SHOT TRIP 50%,clean,205000.0,-1.4,0.034,0.0095,
stec8,SD7003 BUMP SHOT TRIP 50%,clean,205000.0,0.15,0.189,0.0086,
stec8,SD7003 BUMP SHOT TRIP 50%,clean,205000.0,1.66,0.354,0.0096,
stec8,SD7003 BUMP SHOT TRIP 50%,clean,205000.0,3.18,0.51,0.0109,
stec8,SD7003 BUMP SHOT TRIP 50%,clean,205000.0,4.74,0.662,0.013,
stec8,SD7003 BUMP SHOT TRIP 50%,clean,205000.0,6.27,0.805,0.0157,
stec8,SD7003 BUMP SHOT TRIP 50%,clean,205000.0,7.79,0.929,0.0214,
stec8,SD7003 BUMP SHOT TRIP 50%,clean,205000.0,9.31,1.03,0.0298,
stec8,SD7003 BUMP SHOT TRIP 50%,clean,205000.0,10.82,1.076,0.0471,
stec8,SD7003 BUMP SHOT TRIP 50%,clean,300500.0,-2.94,-0.103,0.011,
stec8,SD7003 BUMP SHOT TRIP 50%,clean,300500.0,-1.4,0.046,0.0093,
stec8,SD7003 BUMP SHOT TRIP 50%,clean,300500.0,0.12,0.192,0.0081,
stec8,SD7003 BUMP SHOT TRIP 50%,clean,300500.0,1.66,0.358,0.0085,
stec8,SD7003 BUMP SHOT TRIP 50%,clean,300500.0,3.2,0.517,0.01,
stec8,SD7003 BUMP SHOT TRIP 50%,clean,300500.0,4.74,0.672,0.0118,
stec8,SD7003 BUMP SHOT TRIP 50%,clean,300500.0,6.27,0.816,0.0146,
stec8,SD7003 BUMP SHOT TRIP 50%,clean,300500.0,7.78,0.943,0.0188,
stec8,SD7003 BUMP SHOT TRIP 50%,clean,300500.0,9.32,1.052,0.0258,
stec8,SD7003 BUMP SHOT TRIP 50%,clean,300500.0,10.82,1.108,0.0391,
stec8,SD7003 BUMP SHOT TRIP 60%,clean,99700.0,-3.96,-0.234,0.0159,
stec8,SD7003 BUMP SHOT TRIP 60%,clean,99700.0,-2.73,-0.123,0.0116,
stec8,SD7003 BUMP SHOT TRIP 60%,clean,99700.0,-1.53,-0.038,0.0101,
stec8,SD7003 BUMP SHOT TRIP 60%,clean,99700.0,-0.3,0.106,0.0121,
stec8,SD7003 BUMP SHOT TRIP 60%,clean,99700.0,0.96,0.297,0.0123,
stec8,SD7003 BUMP SHOT TRIP 60%,clean,99700.0,2.17,0.404,0.0134,
stec8,SD7003 BUMP SHOT TRIP 60%,clean,99700.0,3.4,0.517,0.0145,
stec8,SD7003 BUMP SHOT TRIP 60%,clean,99700.0,4.63,0.633,0.0166,
stec8,SD7003 BUMP SHOT TRIP 60%,clean,99700.0,5.85,0.744,0.02,
stec8,SD7003 BUMP SHOT TRIP 60%,clean,99700.0,7.07,0.845,0.0231,
stec8,SD7003 BUMP SHOT TRIP 60%,clean,99700.0,8.29,0.929,0.0311,
stec8,SD7003 BUMP SHOT TRIP 60%,clean,99700.0,9.5,0.995,0.0424,
stec8,SD7003 BUMP SHOT TRIP 60%,clean,99700.0,10.71,0.928,0.1357,
stec8,SD7003 BUMP SHOT TRIP 60%,clean,151800.0,-3.96,-0.21,0.0129,
stec8,SD7003 BUMP SHOT TRIP 60%,clean,151800.0,-2.73,-0.093,0.0108,
stec8,SD7003 BUMP SHOT TRIP 60%,clean,151800.0,-1.51,0.002,0.0091,
stec8,SD7003 BUMP SHOT TRIP 60%,clean,151800.0,-0.28,0.161,0.0089,
stec8,SD7003 BUMP SHOT TRIP 60%,clean,151800.0,0.94,0.286,0.0093,
stec8,SD7003 BUMP SHOT TRIP 60%,clean,151800.0,2.17,0.404,0.0108,
stec8,SD7003 BUMP SHOT TRIP 60%,clean,151800.0,3.4,0.525,0.0121,
stec8,SD7003 BUMP SHOT TRIP 60%,clean,151800.0,4.63,0.642,0.014,
stec8,SD7003 BUMP SHOT TRIP 60%,clean,151800.0,5.85,0.756,0.0161,
stec8,SD7003 BUMP SHOT TRIP 60%,clean,151800.0,7.08,0.863,0.0199,
stec8,SD7003 BUMP SHOT TRIP 60%,clean,151800.0,8.29,0.951,0.0254,
stec8,SD7003 BUMP SHOT TRIP 60%,clean,151800.0,9.51,1.023,0.0343,
stec8,SD7003 BUMP SHOT TRIP 60%,clean,151800.0,10.73,1.064,0.0461,
stec8,SD7003 BUMP SHOT TRIP 60%,clean,202300.0,-2.96,-0.109,0.0112,
stec8,SD7003 BUMP SHOT TRIP 60%,clean,202300.0,-1.72,0.01,0.0094,
stec8,SD7003 BUMP SHOT TRIP 60%,clean,202300.0,-0.49,0.122,0.0081,
stec8,SD7003 BUMP SHOT TRIP 60%,clean,202300.0,0.74,0.259,0.0081,
stec8,SD7003 BUMP SHOT TRIP 60%,clean,202300.0,1.97,0.386,0.009,
stec8,SD7003 BUMP SHOT TRIP 60%,clean,202300.0,3.21,0.512,0.0108,
stec8,SD7003 BUMP SHOT TRIP 60%,clean,202300.0,4.43,0.632,0.0123,
stec8,SD7003 BUMP SHOT TRIP 60%,clean,202300.0,5.64,0.747,0.0139,
stec8,SD7003 BUMP SHOT TRIP 60%,clean,202300.0,6.87,0.859,0.0163,
stec8,SD7003 BUMP SHOT TRIP 60%,clean,202300.0,8.09,0.955,0.0215,
stec8,SD7003 BUMP SHOT TRIP 60%,clean,202300.0,9.32,1.035,0.0272,
stec8,SD7003 BUMP SHOT TRIP 60%,clean,202300.0,10.52,1.087,0.0376,
stec8,SD7003 BUMP SHOT TRIP 60%,clean,202300.0,11.67,0.956,0.1591,
stec8,SD7003 BUMP SHOT TRIP 60%,clean,300700.0,-3.95,-0.199,0.0119,
stec8,SD7003 BUMP SHOT TRIP 60%,clean,300700.0,-2.74,-0.079,0.0105,
stec8,SD7003 BUMP SHOT TRIP 60%,clean,300700.0,-1.52,0.041,0.0089,
stec8,SD7003 BUMP SHOT TRIP 60%,clean,300700.0,-0.29,0.157,0.0079,
stec8,SD7003 BUMP SHOT TRIP 60%,clean,300700.0,0.94,0.284,0.0078,
stec8,SD7003 BUMP SHOT TRIP 60%,clean,300700.0,2.18,0.414,0.009,
stec8,SD7003 BUMP SHOT TRIP 60%,clean,300700.0,3.4,0.538,0.0103,
stec8,SD7003 BUMP SHOT TRIP 60%,clean,300700.0,4.64,0.659,0.0114,
stec8,SD7003 BUMP SHOT TRIP 60%,clean,300700.0,5.86,0.775,0.013,
stec8,SD7003 BUMP SHOT TRIP 60%,clean,300700.0,7.07,0.882,0.0162,
stec8,SD7003 BUMP SHOT TRIP 60%,clean,300700.0,8.3,0.977,0.0203,
stec8,SD7003 BUMP SHOT TRIP 60%,clean,300700.0,9.52,1.057,0.0261,
stec8,SD7003 BUMP SHOT TRIP 60%,clean,300700.0,10.73,1.105,0.036,
stec8,SD7003 BUMP SHOT TRIP 60%,clean,300700.0,11.98,0.952,0.1724,
stec8,SD7003 BUMP SHOT TRIP 60%,clean,300700.0,13.07,0.872,0.2246,
stec8,SD7003 BUMP SHOT TRIP 70%,clean,100600.0,-3.96,-0.222,0.0153,
stec8,SD7003 BUMP SHOT TRIP 70%,clean,100600.0,-2.43,-0.09,0.0121,
stec8,SD7003 BUMP SHOT TRIP 70%,clean,100600.0,-0.89,0.049,0.0113,
stec8,SD7003 BUMP SHOT TRIP 70%,clean,100600.0,0.65,0.271,0.0115,
stec8,SD7003 BUMP SHOT TRIP 70%,clean,100600.0,2.18,0.415,0.0128,
stec8,SD7003 BUMP SHOT TRIP 70%,clean,100600.0,3.71,0.559,0.0152,
stec8,SD7003 BUMP SHOT TRIP 70%,clean,100600.0,5.25,0.702,0.0178,
stec8,SD7003 BUMP SHOT TRIP 70%,clean,100600.0,6.78,0.834,0.0214,
stec8,SD7003 BUMP SHOT TRIP 70%,clean,100600.0,8.3,0.939,0.0324,
stec8,SD7003 BUMP SHOT TRIP 70%,clean,100600.0,9.81,1.013,0.0496,
stec8,SD7003 BUMP SHOT TRIP 70%,clean,100600.0,11.3,0.863,0.1808,
stec8,SD7003 BUMP SHOT TRIP 70%,clean,150200.0,-3.96,-0.217,0.0131,
stec8,SD7003 BUMP SHOT TRIP 70%,clean,150200.0,-2.73,-0.101,0.0106,
stec8,SD7003 BUMP SHOT TRIP 70%,clean,150200.0,-1.52,-0.003,0.009,
stec8,SD7003 BUMP SHOT TRIP 70%,clean,150200.0,-0.28,0.161,0.0093,
stec8,SD7003 BUMP SHOT TRIP 70%,clean,150200.0,0.95,0.291,0.0094,
stec8,SD7003 BUMP SHOT TRIP 70%,clean,150200.0,2.18,0.41,0.0114,
stec8,SD7003 BUMP SHOT TRIP 70%,clean,150200.0,3.41,0.53,0.0127,
stec8,SD7003 BUMP SHOT TRIP 70%,clean,150200.0,4.63,0.647,0.0138,
stec8,SD7003 BUMP SHOT TRIP 70%,clean,150200.0,5.86,0.763,0.0161,
stec8,SD7003 BUMP SHOT TRIP 70%,clean,150200.0,7.09,0.869,0.0196,
stec8,SD7003 BUMP SHOT TRIP 70%,clean,150200.0,8.29,0.954,0.0266,
stec8,SD7003 BUMP SHOT TRIP 70%,clean,150200.0,9.51,1.028,0.0353,
stec8,SD7003 BUMP SHOT TRIP 70%,clean,150200.0,10.72,1.066,0.0491,
stec8,SD7003 BUMP SHOT TRIP 70%,clean,150200.0,11.87,0.881,0.1911,
stec8,SD7003 BUMP SHOT TRIP 70%,clean,201400.0,-3.94,-0.197,0.0121,
stec8,SD7003 BUMP SHOT TRIP 70%,clean,201400.0,-2.74,-0.078,0.0098,
stec8,SD7003 BUMP SHOT TRIP 70%,clean,201400.0,-1.51,0.039,0.0084,
stec8,SD7003 BUMP SHOT TRIP 70%,clean,201400.0,-0.29,0.163,0.0078,
stec8,SD7003 BUMP SHOT TRIP 70%,clean,201400.0,0.96,0.286,0.0084,
stec8,SD7003 BUMP SHOT TRIP 70%,clean,201400.0,2.18,0.409,0.01,
stec8,SD7003 BUMP SHOT TRIP 70%,clean,201400.0,3.39,0.533,0.0111,
stec8,SD7003 BUMP SHOT TRIP 70%,clean,201400.0,4.64,0.655,0.0127,
stec8,SD7003 BUMP SHOT TRIP 70%,clean,201400.0,5.86,0.769,0.0148,
stec8,SD7003 BUMP SHOT TRIP 70%,clean,201400.0,7.08,0.878,0.0179,
stec8,SD7003 BUMP SHOT TRIP 70%,clean,201400.0,8.3,0.969,0.0236,
stec8,SD7003 BUMP SHOT TRIP 70%,clean,201400.0,9.51,1.045,0.0311,
stec8,SD7003 BUMP SHOT TRIP 70%,clean,201400.0,10.72,1.087,0.0437,
stec8,SD7003 BUMP SHOT TRIP 70%,clean,301600.0,-3.97,-0.202,0.0108,
stec8,SD7003 BUMP SHOT TRIP 70%,clean,301600.0,-2.73,-0.078,0.0095,
stec8,SD7003 BUMP SHOT TRIP 70%,clean,301600.0,-1.49,0.046,0.008,
stec8,SD7003 BUMP SHOT TRIP 70%,clean,301600.0,-0.27,0.162,0.0077,
stec8,SD7003 BUMP SHOT TRIP 70%,clean,301600.0,0.94,0.286,0.0079,
stec8,SD7003 BUMP SHOT TRIP 70%,clean,301600.0,2.18,0.415,0.009,
stec8,SD7003 BUMP SHOT TRIP 70%,clean,301600.0,3.4,0.541,0.0097,
stec8,SD7003 BUMP SHOT TRIP 70%,clean,301600.0,4.63,0.661,0.0112,
stec8,SD7003 BUMP SHOT TRIP 70%,clean,301600.0,5.86,0.779,0.0134,
stec8,SD7003 BUMP SHOT TRIP 70%,clean,301600.0,7.09,0.888,0.0164,
stec8,SD7003 BUMP SHOT TRIP 70%,clean,301600.0,8.3,0.983,0.0208,
stec8,SD7003 BUMP SHOT TRIP 70%,clean,301600.0,9.53,1.065,0.0265,
stec8,SD7003 BUMP SHOT TRIP 70%,clean,301600.0,10.73,1.109,0.0366,
stec8,SD7003 BUMP SHOT TRIP 70%,clean,301600.0,11.74,0.942,0.1817,
stec8,SD7003 BUMP SHOT TRIP 70%,clean,301600.0,13.11,0.868,0.2264,
stec8,"SD7003 UST .020, .125, 60%",clean,199500.0,-2.96,-0.113,0.0101,
stec8,"SD7003 UST .020, .125, 60%",clean,199500.0,-1.4,0.042,0.0082,
stec8,"SD7003 UST .020, .125, 60%",clean,199500.0,0.12,0.201,0.0079,
stec8,"SD7003 UST .020, .125, 60%",clean,199500.0,1.66,0.353,0.0093,
stec8,"SD7003 UST .020, .125, 60%",clean,199500.0,3.2,0.507,0.0111,
stec8,"SD7003 UST .020, .125, 60%",clean,199500.0,4.74,0.659,0.0133,
stec8,"SD7003 UST .020, .125, 60%",clean,199500.0,6.25,0.801,0.016,
stec8,"SD7003 UST .020, .125, 60%",clean,199500.0,7.79,0.927,0.021,
stec8,"SD7003 UST .020, .125, 60%",clean,199500.0,9.32,1.029,0.0302,
stec8,"SD7003 UST .020, .125, 60%",clean,199500.0,10.82,1.078,0.0455,
stec8,"SD7003 UST .020, .125, 60%",clean,199500.0,11.8,0.921,0.1899,
stec8,"SD7003 UST .020, .125, 60%",clean,301600.0,-2.92,-0.094,0.0092,
stec8,"SD7003 UST .020, .125, 60%",clean,301600.0,-1.41,0.055,0.008,
stec8,"SD7003 UST .020, .125, 60%",clean,301600.0,0.13,0.195,0.0076,
stec8,"SD7003 UST .020, .125, 60%",clean,301600.0,1.66,0.354,0.0083,
stec8,"SD7003 UST .020, .125, 60%",clean,301600.0,3.19,0.511,0.01,
stec8,"SD7003 UST .020, .125, 60%",clean,301600.0,4.73,0.664,0.0114,
stec8,"SD7003 UST .020, .125, 60%",clean,301600.0,6.25,0.808,0.0141,
stec8,"SD7003 UST .020, .125, 60%",clean,301600.0,7.8,0.939,0.0186,
stec8,"SD7003 UST .020, .125, 60%",clean,301600.0,9.31,1.048,0.0245,
stec8,"SD7003 UST .020, .125, 60%",clean,301600.0,10.82,1.108,0.0374,
stec8,"SD7003 UST .020, .125, 70%",clean,201200.0,-2.94,-0.111,0.0099,
stec8,"SD7003 UST .020, .125, 70%",clean,201200.0,-1.41,0.04,0.0082,
stec8,"SD7003 UST .020, .125, 70%",clean,201200.0,0.12,0.206,0.0079,
stec8,"SD7003 UST .020, .125, 70%",clean,201200.0,1.66,0.359,0.0089,
stec8,"SD7003 UST .020, .125, 70%",clean,201200.0,3.19,0.513,0.0111,
stec8,"SD7003 UST .020, .125, 70%",clean,201200.0,4.72,0.664,0.0131,
stec8,"SD7003 UST .020, .125, 70%",clean,201200.0,6.25,0.806,0.0151,
stec8,"SD7003 UST .020, .125, 70%",clean,201200.0,7.79,0.933,0.0215,
stec8,"SD7003 UST .020, .125, 70%",clean,201200.0,9.31,1.036,0.0293,
stec8,"SD7003 UST .020, .125, 70%",clean,201200.0,10.83,1.077,0.045,
stec8,"SD7003 UST .020, .125, 70%",clean,201200.0,11.78,0.921,0.1799,
stec8,"SD7003 UST .020, .125, 70%",clean,201200.0,12.8,0.864,0.2182,
stec8,"SD7003 UST .020, .125, 70%",clean,298000.0,-2.94,-0.11,0.0091,
stec8,"SD7003 UST .020, .125, 70%",clean,298000.0,-1.4,0.057,0.0077,
stec8,"SD7003 UST .020, .125, 70%",clean,298000.0,0.11,0.195,0.0072,
stec8,"SD7003 UST .020, .125, 70%",clean,298000.0,1.67,0.353,0.0086,
stec8,"SD7003 UST .020, .125, 70%",clean,298000.0,3.19,0.511,0.0099,
stec8,"SD7003 UST .020, .125, 70%",clean,298000.0,4.73,0.664,0.0117,
stec8,"SD7003 UST .020, .125, 70%",clean,298000.0,6.27,0.809,0.0139,
stec8,"SD7003 UST .020, .125, 70%",clean,298000.0,7.8,0.939,0.0187,
stec8,"SD7003 UST .020, .125, 70%",clean,298000.0,9.31,1.047,0.0252,
stec8,"SD7003 UST .020, .125, 70%",clean,298000.0,10.83,1.106,0.0376,
stec8,"SD7003 UST .020, .125, 70%",clean,298000.0,11.79,0.942,0.1814,
stec8,"SD7003 UST .020, .125, 70%",clean,298000.0,12.79,0.874,0.2202,
stec8,SD7032A SANDED BALSA FINISH,clean,64200.0,-3.93,-0.152,0.0253,
stec8,SD7032A SANDED BALSA FINISH,clean,64200.0,-2.92,-0.076,0.0188,
stec8,SD7032A SANDED BALSA FINISH,clean,64200.0,-1.91,0.022,0.0167,
stec8,SD7032A SANDED BALSA FINISH,clean,64200.0,-0.87,0.149,0.0202,
stec8,SD7032A SANDED BALSA FINISH,clean,64200.0,0.16,0.315,0.0224,
stec8,SD7032A SANDED BALSA FINISH,clean,64200.0,1.19,0.446,0.0195,
stec8,SD7032A SANDED BALSA FINISH,clean,64200.0,2.21,0.525,0.0208,
stec8,SD7032A SANDED BALSA FINISH,clean,64200.0,3.22,0.61,0.0215,
stec8,SD7032A SANDED BALSA FINISH,clean,64200.0,4.24,0.692,0.0223,
stec8,SD7032A SANDED BALSA FINISH,clean,64200.0,5.26,0.779,0.0228,
stec8,SD7032A SANDED BALSA FINISH,clean,64200.0,6.28,0.851,0.0252,
stec8,SD7032A SANDED BALSA FINISH,clean,64200.0,7.29,0.927,0.0273,
stec8,SD7032A SANDED BALSA FINISH,clean,64200.0,8.31,0.998,0.0329,
stec8,SD7032A SANDED BALSA FINISH,clean,64200.0,9.33,1.065,0.0328,
stec8,SD7032A SANDED BALSA FINISH,clean,64200.0,10.34,1.117,0.0376,
stec8,SD7032A SANDED BALSA FINISH,clean,64200.0,11.34,1.151,0.0424,
stec8,SD7032A SANDED BALSA FINISH,clean,64200.0,12.33,1.109,0.0494,
stec8,SD7032A SANDED BALSA FINISH,clean,64200.0,13.28,0.813,0.2163,
stec8,SD7032A SANDED BALSA FINISH,clean,104600.0,-3.93,-0.045,0.0221,
stec8,SD7032A SANDED BALSA FINISH,clean,104600.0,-2.9,0.098,0.0186,
stec8,SD7032A SANDED BALSA FINISH,clean,104600.0,-1.86,0.233,0.015,
stec8,SD7032A SANDED BALSA FINISH,clean,104600.0,-0.83,0.36,0.0134,
stec8,SD7032A SANDED BALSA FINISH,clean,104600.0,0.19,0.472,0.0131,
stec8,SD7032A SANDED BALSA FINISH,clean,104600.0,1.22,0.567,0.0137,
stec8,SD7032A SANDED BALSA FINISH,clean,104600.0,2.24,0.654,0.0141,
stec8,SD7032A SANDED BALSA FINISH,clean,104600.0,3.25,0.744,0.0156,
stec8,SD7032A SANDED BALSA FINISH,clean,104600.0,4.27,0.831,0.0164,
stec8,SD7032A SANDED BALSA FINISH,clean,104600.0,5.29,0.915,0.0179,
stec8,SD7032A SANDED BALSA FINISH,clean,104600.0,6.31,0.997,0.0209,
stec8,SD7032A SANDED BALSA FINISH,clean,104600.0,7.32,1.076,0.0221,
stec8,SD7032A SANDED BALSA FINISH,clean,104600.0,8.35,1.154,0.0242,
stec8,SD7032A SANDED BALSA FINISH,clean,104600.0,9.36,1.214,0.0271,
stec8,SD7032A SANDED BALSA FINISH,clean,104600.0,10.37,1.243,0.0341,
stec8,SD7032A SANDED BALSA FINISH,clean,104600.0,11.38,1.267,0.0407,
stec8,SD7032A SANDED BALSA FINISH,clean,200100.0,-3.92,0.095,0.0168,
stec8,SD7032A SANDED BALSA FINISH,clean,200100.0,-2.88,0.213,0.0132,
stec8,SD7032A SANDED BALSA FINISH,clean,200100.0,-1.85,0.319,0.0105,
stec8,SD7032A SANDED BALSA FINISH,clean,200100.0,-0.84,0.404,0.0097,
stec8,SD7032A SANDED BALSA FINISH,clean,200100.0,0.19,0.499,0.0098,
stec8,SD7032A SANDED BALSA FINISH,clean,200100.0,1.2,0.594,0.0108,
stec8,SD7032A SANDED BALSA FINISH,clean,200100.0,2.24,0.689,0.012,
stec8,SD7032A SANDED BALSA FINISH,clean,200100.0,3.25,0.782,0.0132,
stec8,SD7032A SANDED BALSA FINISH,clean,200100.0,4.28,0.873,0.0145,
stec8,SD7032A SANDED BALSA FINISH,clean,200100.0,5.29,0.961,0.0157,
stec8,SD7032A SANDED BALSA FINISH,clean,200100.0,6.32,1.043,0.0175,
stec8,SD7032A SANDED BALSA FINISH,clean,200100.0,7.34,1.116,0.0196,
stec8,SD7032A SANDED BALSA FINISH,clean,200100.0,8.34,1.18,0.0219,
stec8,SD7032A SANDED BALSA FINISH,clean,200100.0,9.35,1.232,0.0257,
stec8,SD7032A SANDED BALSA FINISH,clean,200100.0,10.37,1.272,0.0316,
stec8,SD7032A SANDED BALSA FINISH,clean,200100.0,11.37,1.293,0.0386,
stec8,SD7032A SANDED BALSA FINISH,clean,200100.0,12.36,1.282,0.0635,
stec8,SD7032A SANDED BALSA FINISH,clean,200100.0,13.36,1.256,0.0588,
stec8,SD7032A SANDED BALSA FINISH,clean,200100.0,14.31,1.201,0.0966,
stec8,SD7032A SANDED BALSA FINISH,clean,301700.0,-3.91,0.039,0.0144,
stec8,SD7032A SANDED BALSA FINISH,clean,301700.0,-2.89,0.14,0.0125,
stec8,SD7032A SANDED BALSA FINISH,clean,301700.0,-1.87,0.242,0.011,
stec8,SD7032A SANDED BALSA FINISH,clean,301700.0,-0.84,0.34,0.01,
stec8,SD7032A SANDED BALSA FINISH,clean,301700.0,0.18,0.431,0.0098,
stec8,SD7032A SANDED BALSA FINISH,clean,301700.0,1.2,0.524,0.0102,
stec8,SD7032A SANDED BALSA FINISH,clean,301700.0,2.21,0.62,0.011,
stec8,SD7032A SANDED BALSA FINISH,clean,301700.0,3.23,0.712,0.0122,
stec8,SD7032A SANDED BALSA FINISH,clean,301700.0,4.25,0.804,0.013,
stec8,SD7032A SANDED BALSA FINISH,clean,301700.0,5.27,0.891,0.0143,
stec8,SD7032A SANDED BALSA FINISH,clean,301700.0,6.26,0.965,0.0154,
stec8,SD7032A SANDED BALSA FINISH,clean,301700.0,7.29,1.045,0.0178,
stec8,SD7032A SANDED BALSA FINISH,clean,301700.0,8.31,1.115,0.02,
stec8,SD7032B,clean,61200.0,-3.92,-0.069,0.0248,
stec8,SD7032B,clean,61200.0,-2.9,0.012,0.0214,
stec8,SD7032B,clean,61200.0,-1.89,0.091,0.0161,
stec8,SD7032B,clean,61200.0,-0.87,0.206,0.0175,
stec8,SD7032B,clean,61200.0,0.17,0.357,0.0202,
stec8,SD7032B,clean,61200.0,1.2,0.501,0.0219,
stec8,SD7032B,clean,61200.0,2.23,0.603,0.022,
stec8,SD7032B,clean,61200.0,3.25,0.679,0.0205,
stec8,SD7032B,clean,61200.0,4.26,0.764,0.0197,
stec8,SD7032B,clean,61200.0,5.27,0.839,0.0274,
stec8,SD7032B,clean,61200.0,6.29,0.909,0.0256,
stec8,SD7032B,clean,61200.0,7.31,0.973,0.0295,
stec8,SD7032B,clean,61200.0,8.31,1.037,0.0333,
stec8,SD7032B,clean,61200.0,9.33,1.106,0.0328,
stec8,SD7032B,clean,61200.0,10.34,1.151,0.0398,
stec8,SD7032B,clean,61200.0,11.35,1.167,0.0477,
stec8,SD7032B,clean,101300.0,-3.92,-0.05,0.0217,
stec8,SD7032B,clean,101300.0,-2.89,0.076,0.0178,
stec8,SD7032B,clean,101300.0,-1.86,0.207,0.0145,
stec8,SD7032B,clean,101300.0,-0.84,0.341,0.0143,
stec8,SD7032B,clean,101300.0,0.19,0.457,0.0148,
stec8,SD7032B,clean,101300.0,1.21,0.553,0.0139,
stec8,SD7032B,clean,101300.0,2.23,0.642,0.0144,
stec8,SD7032B,clean,101300.0,3.25,0.729,0.0152,
stec8,SD7032B,clean,101300.0,4.26,0.816,0.0176,
stec8,SD7032B,clean,101300.0,5.28,0.903,0.0192,
stec8,SD7032B,clean,101300.0,6.3,0.981,0.0219,
stec8,SD7032B,clean,101300.0,7.32,1.053,0.0253,
stec8,SD7032B,clean,101300.0,8.34,1.131,0.0242,
stec8,SD7032B,clean,101300.0,9.35,1.192,0.0274,
stec8,SD7032B,clean,101300.0,10.37,1.254,0.031,
stec8,SD7032B,clean,101300.0,11.37,1.267,0.0416,
stec8,SD7032B,clean,203400.0,-3.91,0.067,0.0153,
stec8,SD7032B,clean,203400.0,-2.88,0.196,0.0123,
stec8,SD7032B,clean,203400.0,-1.85,0.301,0.01,
stec8,SD7032B,clean,203400.0,-0.83,0.383,0.0093,
stec8,SD7032B,clean,203400.0,0.19,0.483,0.0096,
stec8,SD7032B,clean,203400.0,1.21,0.582,0.0102,
stec8,SD7032B,clean,203400.0,2.24,0.675,0.0108,
stec8,SD7032B,clean,203400.0,3.24,0.768,0.012,
stec8,SD7032B,clean,203400.0,4.27,0.86,0.0139,
stec8,SD7032B,clean,203400.0,5.3,0.952,0.0146,
stec8,SD7032B,clean,203400.0,6.31,1.04,0.0156,
stec8,SD7032B,clean,203400.0,7.34,1.124,0.0172,
stec8,SD7032B,clean,203400.0,8.34,1.194,0.0187,
stec8,SD7032B,clean,203400.0,9.35,1.257,0.0213,
stec8,SD7032B,clean,203400.0,10.37,1.305,0.0263,
stec8,SD7032B,clean,203400.0,11.38,1.337,0.0312,
stec8,SD7032B,clean,305400.0,-3.88,0.1,0.0117,
stec8,SD7032B,clean,305400.0,-2.87,0.213,0.0101,
stec8,SD7032B,clean,305400.0,-1.85,0.318,0.0088,
stec8,SD7032B,clean,305400.0,-0.83,0.413,0.0081,
stec8,SD7032B,clean,305400.0,0.19,0.499,0.0082,
stec8,SD7032B,clean,305400.0,1.22,0.594,0.0093,
stec8,SD7032B,clean,305400.0,2.22,0.689,0.0104,
stec8,SD7032B,clean,305400.0,3.26,0.786,0.0115,
stec8,SD7032B,clean,305400.0,4.26,0.879,0.0124,
stec8,SD7032B,clean,305400.0,5.3,0.97,0.0136,
stec8,SD7032B,clean,305400.0,6.3,1.052,0.0142,
stec8,SD7032B,clean,305400.0,7.31,1.125,0.0157,
stec8,SD7032B,clean,305400.0,8.34,1.199,0.0183,
stec8,SD7032B,clean,305400.0,9.34,1.257,0.0212,
stec8,SD7032B,clean,305400.0,10.36,1.309,0.0254,
stec8,SD7032B,clean,305400.0,11.37,1.344,0.0306,
stec8,SD7032C F0,clean,62200.0,-3.92,-0.058,0.0216,
stec8,SD7032C F0,clean,62200.0,-2.92,0.023,0.0172,
stec8,SD7032C F0,clean,62200.0,-1.88,0.126,0.0194,
stec8,SD7032C F0,clean,62200.0,-0.85,0.269,0.0218,
stec8,SD7032C F0,clean,62200.0,0.18,0.405,0.0226,
stec8,SD7032C F0,clean,62200.0,1.2,0.542,0.0206,
stec8,SD7032C F0,clean,62200.0,2.22,0.621,0.0238,
stec8,SD7032C F0,clean,62200.0,3.25,0.722,0.0243,
stec8,SD7032C F0,clean,62200.0,4.25,0.764,0.0248,
stec8,SD7032C F0,clean,62200.0,5.27,0.831,0.0246,
stec8,SD7032C F0,clean,62200.0,6.28,0.896,0.0301,
stec8,SD7032C F0,clean,62200.0,7.3,0.982,0.0302,
stec8,SD7032C F0,clean,62200.0,8.32,1.072,0.0368,
stec8,SD7032C F0,clean,62200.0,9.33,1.146,0.0335,
stec8,SD7032C F0,clean,102100.0,-2.89,0.111,0.0194,
stec8,SD7032C F0,clean,102100.0,-1.85,0.244,0.0161,
stec8,SD7032C F0,clean,102100.0,-0.84,0.362,0.0159,
stec8,SD7032C F0,clean,102100.0,0.19,0.479,0.0148,
stec8,SD7032C F0,clean,102100.0,1.22,0.57,0.0148,
stec8,SD7032C F0,clean,102100.0,2.24,0.663,0.0152,
stec8,SD7032C F0,clean,102100.0,3.26,0.753,0.0159,
stec8,SD7032C F0,clean,102100.0,4.27,0.844,0.0176,
stec8,SD7032C F0,clean,102100.0,5.3,0.927,0.0186,
stec8,SD7032C F0,clean,102100.0,6.31,1.011,0.0217,
stec8,SD7032C F0,clean,102100.0,7.33,1.091,0.0235,
stec8,SD7032C F0,clean,102100.0,8.34,1.177,0.0241,
stec8,SD7032C F0,clean,102100.0,9.36,1.25,0.028,
stec8,SD7032C F0,clean,102100.0,10.38,1.281,0.0334,
stec8,SD7032C F0,clean,102100.0,11.38,1.304,0.0382,
stec8,SD7032C F0,clean,151200.0,-3.91,0.075,0.0156,
stec8,SD7032C F0,clean,151200.0,-2.88,0.196,0.0137,
stec8,SD7032C F0,clean,151200.0,-1.86,0.29,0.0117,
stec8,SD7032C F0,clean,151200.0,-0.85,0.383,0.0112,
stec8,SD7032C F0,clean,151200.0,0.18,0.485,0.0118,
stec8,SD7032C F0,clean,151200.0,1.2,0.588,0.0121,
stec8,SD7032C F0,clean,151200.0,2.23,0.684,0.0132,
stec8,SD7032C F0,clean,151200.0,3.24,0.78,0.0141,
stec8,SD7032C F0,clean,151200.0,4.27,0.871,0.0166,
stec8,SD7032C F0,clean,151200.0,5.3,0.963,0.0188,
stec8,SD7032C F0,clean,151200.0,6.31,1.051,0.0196,
stec8,SD7032C F0,clean,151200.0,7.32,1.139,0.0201,
stec8,SD7032C F0,clean,151200.0,8.35,1.218,0.0236,
stec8,SD7032C F0,clean,151200.0,9.36,1.274,0.0275,
stec8,SD7032C F0,clean,151200.0,10.37,1.312,0.0319,
stec8,SD7032C F0,clean,151200.0,11.37,1.305,0.0528,
stec8,SD7032C F0,clean,200300.0,-2.89,0.196,0.0129,
stec8,SD7032C F0,clean,200300.0,-1.85,0.3,0.0107,
stec8,SD7032C F0,clean,200300.0,-0.83,0.387,0.009,
stec8,SD7032C F0,clean,200300.0,0.2,0.493,0.0088,
stec8,SD7032C F0,clean,200300.0,1.23,0.592,0.0099,
stec8,SD7032C F0,clean,200300.0,2.24,0.686,0.0112,
stec8,SD7032C F0,clean,200300.0,3.26,0.777,0.0123,
stec8,SD7032C F0,clean,200300.0,4.28,0.869,0.0141,
stec8,SD7032C F0,clean,200300.0,5.3,0.959,0.0155,
stec8,SD7032C F0,clean,200300.0,6.32,1.048,0.0167,
stec8,SD7032C F0,clean,200300.0,7.33,1.127,0.0178,
stec8,SD7032C F0,clean,200300.0,8.35,1.197,0.0195,
stec8,SD7032C F0,clean,200300.0,9.36,1.258,0.0226,
stec8,SD7032C F0,clean,200300.0,10.38,1.303,0.027,
stec8,SD7032C F0,clean,200300.0,11.37,1.328,0.0331,
stec8,SD7032C F0,clean,302000.0,-2.87,0.185,0.0108,
stec8,SD7032C F0,clean,302000.0,-1.84,0.294,0.0092,
stec8,SD7032C F0,clean,302000.0,-0.85,0.387,0.0081,
stec8,SD7032C F0,clean,302000.0,0.2,0.482,0.0083,
stec8,SD7032C F0,clean,302000.0,1.2,0.575,0.0091,
stec8,SD7032C F0,clean,302000.0,2.22,0.668,0.0102,
stec8,SD7032C F0,clean,302000.0,3.25,0.764,0.0114,
stec8,SD7032C F0,clean,302000.0,4.26,0.857,0.0121,
stec8,SD7032C F0,clean,302000.0,5.28,0.947,0.0131,
stec8,SD7032C F0,clean,302000.0,6.3,1.025,0.014,
stec8,SD7032C F0,clean,302000.0,7.33,1.108,0.0155,
stec8,SD7032C F0,clean,302000.0,8.33,1.179,0.0174,
stec8,SD7032C F0,clean,302000.0,9.34,1.239,0.0203,
stec8,SD7032C F0,clean,302000.0,10.36,1.292,0.0237,
stec8,SD7032C F0,clean,302000.0,11.38,1.325,0.0292,
stec8,SD7032C F0,clean,302000.0,12.37,1.33,0.0333,
stec8,SD7032C F0,clean,302000.0,13.35,1.291,0.0524,
stec8,SD7032C NF3,clean,62600.0,-2.94,-0.122,0.0216,
stec8,SD7032C NF3,clean,62600.0,-1.92,-0.033,0.0185,
stec8,SD7032C NF3,clean,62600.0,-0.91,0.089,0.0167,
stec8,SD7032C NF3,clean,62600.0,0.13,0.243,0.0173,
stec8,SD7032C NF3,clean,62600.0,1.17,0.362,0.0204,
stec8,SD7032C NF3,clean,62600.0,2.2,0.442,0.0216,
stec8,SD7032C NF3,clean,62600.0,3.21,0.521,0.0212,
stec8,SD7032C NF3,clean,62600.0,4.22,0.605,0.025,
stec8,SD7032C NF3,clean,62600.0,5.24,0.691,0.0266,
stec8,SD7032C NF3,clean,62600.0,6.25,0.774,0.0259,
stec8,SD7032C NF3,clean,62600.0,7.28,0.851,0.028,
stec8,SD7032C NF3,clean,62600.0,8.3,0.924,0.0291,
stec8,SD7032C NF3,clean,62600.0,9.31,1.002,0.0325,
stec8,SD7032C NF3,clean,62600.0,10.33,1.067,0.0335,
stec8,SD7032C NF3,clean,62600.0,11.34,1.108,0.0403,
stec8,SD7032C NF3,clean,101500.0,-2.93,-0.056,0.0188,
stec8,SD7032C NF3,clean,101500.0,-1.91,0.067,0.0142,
stec8,SD7032C NF3,clean,101500.0,-0.88,0.175,0.0127,
stec8,SD7032C NF3,clean,101500.0,0.15,0.269,0.0141,
stec8,SD7032C NF3,clean,101500.0,1.17,0.347,0.014,
stec8,SD7032C NF3,clean,101500.0,2.19,0.433,0.0138,
stec8,SD7032C NF3,clean,101500.0,3.21,0.525,0.015,
stec8,SD7032C NF3,clean,101500.0,4.22,0.613,0.0163,
stec8,SD7032C NF3,clean,101500.0,5.24,0.707,0.0173,
stec8,SD7032C NF3,clean,101500.0,6.26,0.794,0.0193,
stec8,SD7032C NF3,clean,101500.0,7.29,0.877,0.0202,
stec8,SD7032C NF3,clean,101500.0,8.3,0.964,0.0225,
stec8,SD7032C NF3,clean,101500.0,9.31,1.049,0.0237,
stec8,SD7032C NF3,clean,101500.0,10.34,1.125,0.0263,
stec8,SD7032C NF3,clean,101500.0,11.35,1.167,0.032,
stec8,SD7032C NF3,clean,101500.0,12.34,1.195,0.0394,
stec8,SD7032C NF3,clean,101500.0,13.36,1.206,0.0443,
stec8,SD7032C NF3,clean,200800.0,-7.01,-0.441,0.0772,
stec8,SD7032C NF3,clean,200800.0,-6.02,-0.352,0.0531,
stec8,SD7032C NF3,clean,200800.0,-4.96,-0.231,0.0277,
stec8,SD7032C NF3,clean,200800.0,-3.96,-0.128,0.0182,
stec8,SD7032C NF3,clean,200800.0,-2.93,-0.042,0.0151,
stec8,SD7032C NF3,clean,200800.0,-1.91,0.052,0.0127,
stec8,SD7032C NF3,clean,200800.0,-0.89,0.137,0.0103,
stec8,SD7032C NF3,clean,200800.0,0.13,0.223,0.0091,
stec8,SD7032C NF3,clean,200800.0,1.17,0.333,0.0093,
stec8,SD7032C NF3,clean,200800.0,2.17,0.427,0.0106,
stec8,SD7032C NF3,clean,200800.0,3.2,0.523,0.0107,
stec8,SD7032C NF3,clean,200800.0,4.22,0.624,0.0123,
stec8,SD7032C NF3,clean,200800.0,5.25,0.72,0.0136,
stec8,SD7032C NF3,clean,200800.0,6.26,0.813,0.0147,
stec8,SD7032C NF3,clean,200800.0,7.28,0.904,0.0158,
stec8,SD7032C NF3,clean,200800.0,8.31,0.995,0.0167,
stec8,SD7032C NF3,clean,200800.0,9.33,1.077,0.0182,
stec8,SD7032C NF3,clean,200800.0,10.34,1.153,0.0209,
stec8,SD7032C NF3,clean,301600.0,-4.98,-0.226,0.0254,
stec8,SD7032C NF3,clean,301600.0,-3.97,-0.135,0.0173,
stec8,SD7032C NF3,clean,301600.0,-2.95,-0.048,0.0141,
stec8,SD7032C NF3,clean,301600.0,-1.91,0.049,0.012,
stec8,SD7032C NF3,clean,301600.0,-0.9,0.147,0.0102,
stec8,SD7032C NF3,clean,301600.0,0.12,0.23,0.0086,
stec8,SD7032C NF3,clean,301600.0,1.13,0.323,0.0086,
stec8,SD7032C NF3,clean,301600.0,2.18,0.426,0.0087,
stec8,SD7032C NF3,clean,301600.0,3.2,0.523,0.0095,
stec8,SD7032C NF3,clean,301600.0,4.22,0.619,0.0104,
stec8,SD7032C NF3,clean,301600.0,5.22,0.713,0.0114,
stec8,SD7032C NF3,clean,301600.0,6.25,0.808,0.0121,
stec8,SD7032C NF3,clean,301600.0,7.28,0.9,0.0132,
stec8,SD7032C NF3,clean,301600.0,8.29,0.984,0.0144,
stec8,SD7032C NF3,clean,301600.0,9.32,1.067,0.0165,
stec8,SD7032C NF3,clean,301600.0,10.34,1.14,0.0189,
stec8,SD7032C NF3,clean,301600.0,11.33,1.198,0.0225,
stec8,SD7032C NF3,clean,301600.0,12.35,1.237,0.0277,
stec8,SD7032C NF6,clean,59900.0,-2.94,-0.191,0.0255,
stec8,SD7032C NF6,clean,59900.0,-1.92,-0.072,0.0199,
stec8,SD7032C NF6,clean,59900.0,-0.9,0.061,0.0169,
stec8,SD7032C NF6,clean,59900.0,0.14,0.215,0.0177,
stec8,SD7032C NF6,clean,59900.0,1.16,0.334,0.02,
stec8,SD7032C NF6,clean,59900.0,2.18,0.413,0.0239,
stec8,SD7032C NF6,clean,59900.0,3.2,0.488,0.0279,
stec8,SD7032C NF6,clean,59900.0,4.22,0.568,0.0295,
stec8,SD7032C NF6,clean,59900.0,5.24,0.658,0.029,
stec8,SD7032C NF6,clean,59900.0,6.25,0.729,0.0319,
stec8,SD7032C NF6,clean,59900.0,7.27,0.808,0.0262,
stec8,SD7032C NF6,clean,59900.0,8.29,0.883,0.0322,
stec8,SD7032C NF6,clean,59900.0,9.3,0.955,0.0336,
stec8,SD7032C NF6,clean,59900.0,10.32,1.027,0.0388,
stec8,SD7032C NF6,clean,102000.0,-2.93,-0.114,0.0201,
stec8,SD7032C NF6,clean,102000.0,-1.91,0.004,0.0161,
stec8,SD7032C NF6,clean,102000.0,-0.9,0.09,0.0115,
stec8,SD7032C NF6,clean,102000.0,0.15,0.216,0.014,
stec8,SD7032C NF6,clean,102000.0,1.16,0.29,0.015,
stec8,SD7032C NF6,clean,102000.0,2.17,0.369,0.0149,
stec8,SD7032C NF6,clean,102000.0,3.18,0.451,0.0151,
stec8,SD7032C NF6,clean,102000.0,4.22,0.544,0.016,
stec8,SD7032C NF6,clean,102000.0,5.23,0.638,0.0171,
stec8,SD7032C NF6,clean,102000.0,6.26,0.73,0.0182,
stec8,SD7032C NF6,clean,102000.0,7.28,0.817,0.0206,
stec8,SD7032C NF6,clean,102000.0,8.29,0.906,0.0224,
stec8,SD7032C NF6,clean,102000.0,9.3,0.993,0.0237,
stec8,SD7032C NF6,clean,102000.0,10.34,1.083,0.0246,
stec8,SD7032C NF6,clean,102000.0,11.33,1.131,0.0322,
stec8,SD7032C NF6,clean,102000.0,12.35,1.162,0.0385,
stec8,SD7032C NF6,clean,102000.0,13.35,1.168,0.0536,
stec8,SD7032C NF6,clean,201500.0,-2.94,-0.11,0.0164,
stec8,SD7032C NF6,clean,201500.0,-1.91,-0.022,0.014,
stec8,SD7032C NF6,clean,201500.0,-0.9,0.068,0.0114,
stec8,SD7032C NF6,clean,201500.0,0.13,0.141,0.0102,
stec8,SD7032C NF6,clean,201500.0,1.14,0.243,0.0102,
stec8,SD7032C NF6,clean,201500.0,2.17,0.342,0.0096,
stec8,SD7032C NF6,clean,201500.0,3.18,0.436,0.0101,
stec8,SD7032C NF6,clean,201500.0,4.21,0.536,0.0113,
stec8,SD7032C NF6,clean,201500.0,5.23,0.632,0.0124,
stec8,SD7032C NF6,clean,201500.0,6.25,0.728,0.0136,
stec8,SD7032C NF6,clean,201500.0,7.27,0.823,0.0146,
stec8,SD7032C NF6,clean,201500.0,8.29,0.915,0.0158,
stec8,SD7032C NF6,clean,201500.0,9.31,0.999,0.0173,
stec8,SD7032C NF6,clean,201500.0,10.33,1.078,0.0193,
stec8,SD7032C NF6,clean,201500.0,11.34,1.14,0.0236,
stec8,SD7032C NF6,clean,201500.0,12.34,1.183,0.029,
stec8,SD7032C NF6,clean,300700.0,-2.94,-0.127,0.0156,
stec8,SD7032C NF6,clean,300700.0,-1.91,-0.034,0.013,
stec8,SD7032C NF6,clean,300700.0,-0.91,0.058,0.011,
stec8,SD7032C NF6,clean,300700.0,0.12,0.147,0.009,
stec8,SD7032C NF6,clean,300700.0,1.13,0.225,0.0095,
stec8,SD7032C NF6,clean,300700.0,2.17,0.326,0.0096,
stec8,SD7032C NF6,clean,300700.0,3.19,0.425,0.0105,
stec8,SD7032C NF6,clean,300700.0,4.2,0.524,0.0111,
stec8,SD7032C NF6,clean,300700.0,5.22,0.62,0.0117,
stec8,SD7032C NF6,clean,300700.0,6.24,0.714,0.0124,
stec8,SD7032C NF6,clean,300700.0,7.27,0.806,0.0131,
stec8,SD7032C NF6,clean,300700.0,8.28,0.894,0.0142,
stec8,SD7032C NF6,clean,300700.0,9.3,0.98,0.0155,
stec8,SD7032C NF6,clean,300700.0,10.31,1.06,0.0176,
stec8,SD7032C PF3,clean,60100.0,-2.89,0.12,0.0201,
stec8,SD7032C PF3,clean,60100.0,-1.87,0.213,0.0214,
stec8,SD7032C PF3,clean,60100.0,-0.86,0.33,0.0255,
stec8,SD7032C PF3,clean,60100.0,0.18,0.486,0.0285,
stec8,SD7032C PF3,clean,60100.0,1.22,0.645,0.0261,
stec8,SD7032C PF3,clean,60100.0,2.26,0.749,0.0269,
stec8,SD7032C PF3,clean,60100.0,3.26,0.832,0.0283,
stec8,SD7032C PF3,clean,60100.0,4.3,0.906,0.029,
stec8,SD7032C PF3,clean,60100.0,5.3,0.987,0.0333,
stec8,SD7032C PF3,clean,60100.0,6.32,1.053,0.0316,
stec8,SD7032C PF3,clean,60100.0,7.33,1.117,0.0345,
stec8,SD7032C PF3,clean,60100.0,8.35,1.177,0.0362,
stec8,SD7032C PF3,clean,60100.0,9.35,1.229,0.038,
stec8,SD7032C PF3,clean,60100.0,10.37,1.26,0.045,
stec8,SD7032C PF3,clean,60100.0,11.35,1.182,0.1061,
stec8,SD7032C PF3,clean,101400.0,-2.88,0.172,0.0189,
stec8,SD7032C PF3,clean,101400.0,-1.87,0.282,0.018,
stec8,SD7032C PF3,clean,101400.0,-0.84,0.419,0.0186,
stec8,SD7032C PF3,clean,101400.0,0.17,0.546,0.0167,
stec8,SD7032C PF3,clean,101400.0,1.23,0.646,0.0152,
stec8,SD7032C PF3,clean,101400.0,2.24,0.735,0.0164,
stec8,SD7032C PF3,clean,101400.0,3.26,0.825,0.0172,
stec8,SD7032C PF3,clean,101400.0,4.3,0.911,0.0189,
stec8,SD7032C PF3,clean,101400.0,5.29,0.989,0.0189,
stec8,SD7032C PF3,clean,101400.0,6.31,1.067,0.0234,
stec8,SD7032C PF3,clean,101400.0,7.33,1.149,0.0246,
stec8,SD7032C PF3,clean,101400.0,8.34,1.224,0.0258,
stec8,SD7032C PF3,clean,101400.0,9.36,1.291,0.0277,
stec8,SD7032C PF3,clean,101400.0,10.38,1.324,0.0366,
stec8,SD7032C PF3,clean,101400.0,11.38,1.335,0.0431,
stec8,SD7032C PF3,clean,101400.0,12.37,1.343,0.0413,
stec8,SD7032C PF3,clean,202700.0,-2.9,0.307,0.0125,
stec8,SD7032C PF3,clean,202700.0,-1.87,0.402,0.0109,
stec8,SD7032C PF3,clean,202700.0,-0.84,0.497,0.009,
stec8,SD7032C PF3,clean,202700.0,0.12,0.592,0.0094,
stec8,SD7032C PF3,clean,202700.0,1.17,0.688,0.0103,
stec8,SD7032C PF3,clean,202700.0,2.2,0.779,0.0118,
stec8,SD7032C PF3,clean,202700.0,3.21,0.868,0.0131,
stec8,SD7032C PF3,clean,202700.0,4.28,0.962,0.0148,
stec8,SD7032C PF3,clean,202700.0,5.3,1.048,0.0163,
stec8,SD7032C PF3,clean,202700.0,6.3,1.131,0.0177,
stec8,SD7032C PF3,clean,202700.0,7.31,1.201,0.0192,
stec8,SD7032C PF3,clean,202700.0,8.35,1.265,0.0213,
stec8,SD7032C PF3,clean,202700.0,9.35,1.317,0.025,
stec8,SD7032C PF3,clean,202700.0,10.38,1.353,0.0292,
stec8,SD7032C PF3,clean,202700.0,11.39,1.368,0.0345,
stec8,SD7032C PF3,clean,303200.0,-2.85,0.313,0.0106,
stec8,SD7032C PF3,clean,303200.0,-1.84,0.412,0.0092,
stec8,SD7032C PF3,clean,303200.0,-0.81,0.506,0.0086,
stec8,SD7032C PF3,clean,303200.0,0.22,0.596,0.0088,
stec8,SD7032C PF3,clean,303200.0,1.23,0.686,0.0097,
stec8,SD7032C PF3,clean,303200.0,2.26,0.779,0.011,
stec8,SD7032C PF3,clean,303200.0,3.27,0.871,0.0121,
stec8,SD7032C PF3,clean,303200.0,4.29,0.961,0.013,
stec8,SD7032C PF3,clean,303200.0,5.27,1.042,0.0143,
stec8,SD7032C PF3,clean,303200.0,6.3,1.12,0.015,
stec8,SD7032C PF3,clean,303200.0,7.28,1.188,0.0169,
stec8,SD7032C PF3,clean,303200.0,8.27,1.247,0.019,
stec8,SD7032C PF3,clean,303200.0,9.34,1.304,0.0221,
stec8,SD7032C PF3,clean,303200.0,10.33,1.344,0.026,
stec8,SD7032C PF6,clean,59400.0,-4.92,0.005,0.0299,
stec8,SD7032C PF6,clean,59400.0,-3.89,0.107,0.0247,
stec8,SD7032C PF6,clean,59400.0,-2.86,0.179,0.0215,
stec8,SD7032C PF6,clean,59400.0,-1.86,0.271,0.0239,
stec8,SD7032C PF6,clean,59400.0,-0.82,0.395,0.0313,
stec8,SD7032C PF6,clean,59400.0,0.2,0.499,0.0314,
stec8,SD7032C PF6,clean,59400.0,1.25,0.688,0.0309,
stec8,SD7032C PF6,clean,59400.0,2.27,0.83,0.026,
stec8,SD7032C PF6,clean,59400.0,3.29,0.909,0.0248,
stec8,SD7032C PF6,clean,59400.0,4.3,0.977,0.0271,
stec8,SD7032C PF6,clean,59400.0,5.31,1.046,0.0325,
stec8,SD7032C PF6,clean,59400.0,6.32,1.105,0.0334,
stec8,SD7032C PF6,clean,59400.0,7.35,1.163,0.034,
stec8,SD7032C PF6,clean,59400.0,8.35,1.201,0.0424,
stec8,SD7032C PF6,clean,59400.0,9.36,1.238,0.0403,
stec8,SD7032C PF6,clean,59400.0,10.36,1.24,0.0467,
stec8,SD7032C PF6,clean,100500.0,-4.91,0.127,0.0251,
stec8,SD7032C PF6,clean,100500.0,-3.88,0.221,0.0225,
stec8,SD7032C PF6,clean,100500.0,-2.86,0.3,0.0206,
stec8,SD7032C PF6,clean,100500.0,-1.84,0.397,0.0231,
stec8,SD7032C PF6,clean,100500.0,-0.79,0.553,0.0232,
stec8,SD7032C PF6,clean,100500.0,0.23,0.715,0.0211,
stec8,SD7032C PF6,clean,100500.0,1.26,0.835,0.0176,
stec8,SD7032C PF6,clean,100500.0,2.28,0.926,0.0171,
stec8,SD7032C PF6,clean,100500.0,3.31,1.006,0.0182,
stec8,SD7032C PF6,clean,100500.0,4.31,1.08,0.0198,
stec8,SD7032C PF6,clean,100500.0,5.33,1.16,0.0219,
stec8,SD7032C PF6,clean,100500.0,6.34,1.23,0.0252,
stec8,SD7032C PF6,clean,100500.0,7.38,1.312,0.0276,
stec8,SD7032C PF6,clean,100500.0,8.39,1.368,0.0288,
stec8,SD7032C PF6,clean,100500.0,9.38,1.383,0.0333,
stec8,SD7032C PF6,clean,100500.0,10.39,1.391,0.0412,
stec8,SD7032C PF6,clean,100500.0,11.39,1.385,0.0503,
stec8,SD7032C PF6,clean,200500.0,-4.9,0.263,0.0152,
stec8,SD7032C PF6,clean,200500.0,-3.88,0.369,0.014,
stec8,SD7032C PF6,clean,200500.0,-2.86,0.473,0.015,
stec8,SD7032C PF6,clean,200500.0,-1.82,0.579,0.0133,
stec8,SD7032C PF6,clean,200500.0,-0.83,0.67,0.0112,
stec8,SD7032C PF6,clean,200500.0,0.22,0.77,0.0107,
stec8,SD7032C PF6,clean,200500.0,1.21,0.85,0.0114,
stec8,SD7032C PF6,clean,200500.0,2.23,0.939,0.0132,
stec8,SD7032C PF6,clean,200500.0,3.26,1.027,0.0149,
stec8,SD7032C PF6,clean,200500.0,4.24,1.108,0.0166,
stec8,SD7032C PF6,clean,200500.0,5.31,1.192,0.0181,
stec8,SD7032C PF6,clean,200500.0,6.31,1.261,0.0191,
stec8,SD7032C PF6,clean,200500.0,7.34,1.317,0.0213,
stec8,SD7032C PF6,clean,200500.0,8.38,1.367,0.0244,
stec8,SD7032C PF6,clean,200500.0,9.39,1.399,0.0292,
stec8,SD7032C PF6,clean,200500.0,10.37,1.418,0.0339,
stec8,SD7032C PF6,clean,200500.0,11.38,1.416,0.0434,
stec8,SD7032C PF6,clean,200500.0,12.37,1.392,0.0521,
stec8,SD7032C PF6,clean,302500.0,-5.86,0.193,0.0148,
stec8,SD7032C PF6,clean,302500.0,-4.84,0.303,0.0128,
stec8,SD7032C PF6,clean,302500.0,-3.82,0.411,0.0112,
stec8,SD7032C PF6,clean,302500.0,-2.82,0.508,0.0104,
stec8,SD7032C PF6,clean,302500.0,-1.78,0.608,0.0101,
stec8,SD7032C PF6,clean,302500.0,-0.78,0.695,0.0097,
stec8,SD7032C PF6,clean,302500.0,0.23,0.775,0.0104,
stec8,SD7032C PF6,clean,302500.0,1.27,0.863,0.0116,
stec8,SD7032C PF6,clean,302500.0,2.29,0.955,0.0125,
stec8,SD7032C PF6,clean,302500.0,3.31,1.041,0.0139,
stec8,SD7032C PF6,clean,302500.0,4.31,1.123,0.015,
stec8,SD7032C PF6,clean,302500.0,5.35,1.197,0.0162,
stec8,SD7032C PF6,clean,302500.0,6.32,1.257,0.018,
stec8,SD7032D,clean,59200.0,-3.92,-0.052,0.0271,
stec8,SD7032D,clean,59200.0,-2.91,0.062,0.0208,
stec8,SD7032D,clean,59200.0,-1.89,0.153,0.0196,
stec8,SD7032D,clean,59200.0,-0.85,0.31,0.0205,
stec8,SD7032D,clean,59200.0,0.19,0.444,0.0207,
stec8,SD7032D,clean,59200.0,1.2,0.565,0.0263,
stec8,SD7032D,clean,59200.0,2.23,0.671,0.0239,
stec8,SD7032D,clean,59200.0,3.26,0.755,0.0225,
stec8,SD7032D,clean,59200.0,4.26,0.839,0.0287,
stec8,SD7032D,clean,59200.0,5.29,0.917,0.0269,
stec8,SD7032D,clean,59200.0,6.31,1.0,0.0291,
stec8,SD7032D,clean,59200.0,7.32,1.073,0.033,
stec8,SD7032D,clean,59200.0,8.33,1.141,0.0356,
stec8,SD7032D,clean,59200.0,9.33,1.192,0.0369,
stec8,SD7032D,clean,59200.0,10.36,1.229,0.0449,
stec8,SD7032D,clean,59200.0,11.34,1.14,0.0845,
stec8,SD7032D,clean,99800.0,-4.96,-0.123,0.028,
stec8,SD7032D,clean,99800.0,-3.91,0.013,0.0227,
stec8,SD7032D,clean,99800.0,-2.89,0.153,0.0182,
stec8,SD7032D,clean,99800.0,-1.89,0.266,0.016,
stec8,SD7032D,clean,99800.0,-0.85,0.383,0.0157,
stec8,SD7032D,clean,99800.0,0.2,0.486,0.0165,
stec8,SD7032D,clean,99800.0,1.21,0.581,0.0174,
stec8,SD7032D,clean,99800.0,2.23,0.68,0.0174,
stec8,SD7032D,clean,99800.0,3.25,0.777,0.0188,
stec8,SD7032D,clean,99800.0,4.26,0.869,0.0178,
stec8,SD7032D,clean,99800.0,5.28,0.961,0.0205,
stec8,SD7032D,clean,99800.0,6.3,1.046,0.022,
stec8,SD7032D,clean,99800.0,7.31,1.131,0.0224,
stec8,SD7032D,clean,99800.0,8.34,1.207,0.0261,
stec8,SD7032D,clean,99800.0,9.35,1.26,0.0306,
stec8,SD7032D,clean,99800.0,10.35,1.275,0.0387,
stec8,SD7032D,clean,99800.0,11.35,1.271,0.0469,
stec8,SD7032D,clean,147800.0,-5.97,-0.18,0.0323,
stec8,SD7032D,clean,147800.0,-4.93,-0.045,0.0211,
stec8,SD7032D,clean,147800.0,-3.9,0.082,0.0166,
stec8,SD7032D,clean,147800.0,-2.87,0.196,0.0133,
stec8,SD7032D,clean,147800.0,-1.87,0.285,0.0115,
stec8,SD7032D,clean,147800.0,-0.86,0.37,0.0114,
stec8,SD7032D,clean,147800.0,0.16,0.473,0.0118,
stec8,SD7032D,clean,147800.0,1.2,0.579,0.0128,
stec8,SD7032D,clean,147800.0,2.23,0.683,0.0134,
stec8,SD7032D,clean,147800.0,3.24,0.784,0.0138,
stec8,SD7032D,clean,147800.0,4.27,0.882,0.0152,
stec8,SD7032D,clean,147800.0,5.28,0.975,0.0165,
stec8,SD7032D,clean,147800.0,6.3,1.063,0.0178,
stec8,SD7032D,clean,147800.0,7.34,1.146,0.02,
stec8,SD7032D,clean,147800.0,8.34,1.221,0.0228,
stec8,SD7032D,clean,147800.0,9.34,1.275,0.0283,
stec8,SD7032D,clean,147800.0,10.35,1.298,0.0346,
stec8,SD7032D,clean,147800.0,11.37,1.297,0.0547,
stec8,SD7032D,clean,147800.0,12.34,1.268,0.0576,
stec8,SD7032D,clean,199100.0,-6.0,-0.145,0.0273,
stec8,SD7032D,clean,199100.0,-4.98,-0.025,0.0175,
stec8,SD7032D,clean,199100.0,-3.89,0.083,0.0145,
stec8,SD7032D,clean,199100.0,-2.89,0.18,0.0119,
stec8,SD7032D,clean,199100.0,-1.87,0.278,0.0106,
stec8,SD7032D,clean,199100.0,-0.88,0.364,0.0096,
stec8,SD7032D,clean,199100.0,0.18,0.474,0.0098,
stec8,SD7032D,clean,199100.0,1.2,0.581,0.0105,
stec8,SD7032D,clean,199100.0,2.23,0.691,0.0112,
stec8,SD7032D,clean,199100.0,3.24,0.793,0.0126,
stec8,SD7032D,clean,199100.0,4.27,0.891,0.0134,
stec8,SD7032D,clean,199100.0,5.28,0.984,0.0145,
stec8,SD7032D,clean,199100.0,6.3,1.073,0.0159,
stec8,SD7032D,clean,199100.0,7.33,1.156,0.018,
stec8,SD7032D,clean,199100.0,8.32,1.225,0.0201,
stec8,SD7032D,clean,199100.0,9.35,1.281,0.025,
stec8,SD7032D,clean,199100.0,10.35,1.307,0.0317,
stec8,SD7032D,clean,199100.0,11.37,1.307,0.048,
stec8,SD7032D,clean,302600.0,-5.94,-0.115,0.0214,
stec8,SD7032D,clean,302600.0,-4.95,-0.021,0.0146,
stec8,SD7032D,clean,302600.0,-3.92,0.073,0.0122,
stec8,SD7032D,clean,302600.0,-2.9,0.168,0.0104,
stec8,SD7032D,clean,302600.0,-1.9,0.272,0.0096,
stec8,SD7032D,clean,302600.0,-0.88,0.377,0.0086,
stec8,SD7032D,clean,302600.0,0.17,0.478,0.008,
stec8,SD7032D,clean,302600.0,1.17,0.586,0.0084,
stec8,SD7032D,clean,302600.0,2.2,0.692,0.0094,
stec8,SD7032D,clean,302600.0,3.21,0.794,0.0103,
stec8,SD7032D,clean,302600.0,4.24,0.891,0.0114,
stec8,SD7032D,clean,302600.0,5.29,0.988,0.0127,
stec8,SD7032D,clean,302600.0,6.28,1.074,0.0145,
stec8,SD7032D,clean,302600.0,7.3,1.155,0.0158,
stec8,SD7032D,clean,302600.0,8.35,1.224,0.0186,
stec8,SD7032D,clean,302600.0,9.33,1.276,0.0228,
stec8,SD7032D,clean,302600.0,10.35,1.313,0.0282,
stec8,SD7032D,clean,302600.0,11.36,1.321,0.0399,
stec8,SD7032D,clean,302600.0,12.35,1.303,0.0643,
stec8,SD7032D,clean,302600.0,13.33,1.275,0.0489,
stec8,"SD7032D UST .020, .125, 45%",clean,60500.0,-3.94,-0.046,0.0246,
stec8,"SD7032D UST .020, .125, 45%",clean,60500.0,-2.37,0.144,0.0186,
stec8,"SD7032D UST .020, .125, 45%",clean,60500.0,-0.84,0.297,0.0178,
stec8,"SD7032D UST .020, .125, 45%",clean,60500.0,0.68,0.433,0.023,
stec8,"SD7032D UST .020, .125, 45%",clean,60500.0,2.23,0.588,0.0234,
stec8,"SD7032D UST .020, .125, 45%",clean,60500.0,3.73,0.712,0.0265,
stec8,"SD7032D UST .020, .125, 45%",clean,60500.0,5.27,0.837,0.0301,
stec8,"SD7032D UST .020, .125, 45%",clean,60500.0,6.79,0.951,0.0323,
stec8,"SD7032D UST .020, .125, 45%",clean,60500.0,8.31,1.053,0.0382,
stec8,"SD7032D UST .020, .125, 45%",clean,60500.0,9.83,1.125,0.0373,
stec8,"SD7032D UST .020, .125, 45%",clean,100700.0,-3.89,0.072,0.019,
stec8,"SD7032D UST .020, .125, 45%",clean,100700.0,-2.38,0.223,0.0134,
stec8,"SD7032D UST .020, .125, 45%",clean,100700.0,-0.83,0.365,0.0138,
stec8,"SD7032D UST .020, .125, 45%",clean,100700.0,0.71,0.528,0.0157,
stec8,"SD7032D UST .020, .125, 45%",clean,100700.0,2.23,0.683,0.0169,
stec8,"SD7032D UST .020, .125, 45%",clean,100700.0,3.77,0.829,0.0178,
stec8,"SD7032D UST .020, .125, 45%",clean,100700.0,5.29,0.968,0.0194,
stec8,"SD7032D UST .020, .125, 45%",clean,100700.0,6.81,1.093,0.0216,
stec8,"SD7032D UST .020, .125, 45%",clean,100700.0,8.35,1.208,0.0264,
stec8,"SD7032D UST .020, .125, 45%",clean,100700.0,9.86,1.271,0.032,
stec8,"SD7032D UST .020, .125, 45%",clean,100700.0,11.37,1.284,0.0455,
stec8,"SD7032D UST .020, .125, 45%",clean,100700.0,12.85,1.259,0.0609,
stec8,"SD7032D UST .020, .125, 45%",clean,151500.0,-3.91,0.061,0.0148,
stec8,"SD7032D UST .020, .125, 45%",clean,151500.0,-2.38,0.219,0.0117,
stec8,"SD7032D UST .020, .125, 45%",clean,151500.0,-0.83,0.358,0.0099,
stec8,"SD7032D UST .020, .125, 45%",clean,151500.0,0.7,0.521,0.0116,
stec8,"SD7032D UST .020, .125, 45%",clean,151500.0,2.21,0.676,0.0127,
stec8,"SD7032D UST .020, .125, 45%",clean,151500.0,3.74,0.828,0.0144,
stec8,"SD7032D UST .020, .125, 45%",clean,151500.0,5.28,0.968,0.0161,
stec8,"SD7032D UST .020, .125, 45%",clean,151500.0,6.8,1.095,0.0182,
stec8,"SD7032D UST .020, .125, 45%",clean,151500.0,8.35,1.212,0.0222,
stec8,"SD7032D UST .020, .125, 45%",clean,151500.0,9.84,1.278,0.0317,
stec8,"SD7032D UST .020, .125, 45%",clean,151500.0,11.34,1.286,0.0471,
stec8,"SD7032D UST .020, .125, 45%",clean,151500.0,12.85,1.259,0.0689,
stec8,"SD7032D UST .020, .125, 45%",clean,201200.0,-3.96,0.049,0.014,
stec8,"SD7032D UST .020, .125, 45%",clean,201200.0,-2.42,0.204,0.0116,
stec8,"SD7032D UST .020, .125, 45%",clean,201200.0,-0.85,0.352,0.0086,
stec8,"SD7032D UST .020, .125, 45%",clean,201200.0,0.65,0.513,0.0098,
stec8,"SD7032D UST .020, .125, 45%",clean,201200.0,2.19,0.674,0.0109,
stec8,"SD7032D UST .020, .125, 45%",clean,201200.0,3.77,0.833,0.0121,
stec8,"SD7032D UST .020, .125, 45%",clean,201200.0,5.29,0.972,0.0142,
stec8,"SD7032D UST .020, .125, 45%",clean,201200.0,6.81,1.098,0.0174,
stec8,"SD7032D UST .020, .125, 45%",clean,201200.0,8.32,1.206,0.0198,
stec8,"SD7032D UST .020, .125, 45%",clean,201200.0,9.86,1.279,0.0275,
stec8,"SD7032D UST .020, .125, 45%",clean,201200.0,11.35,1.299,0.0387,
stec8,"SD7032D UST .020, .125, 45%",clean,201200.0,12.85,1.279,0.0448,
stec8,"SD7032D UST .020, .125, 45%",clean,302000.0,-3.93,0.059,0.0135,
stec8,"SD7032D UST .020, .125, 45%",clean,302000.0,-2.37,0.219,0.011,
stec8,"SD7032D UST .020, .125, 45%",clean,302000.0,-0.83,0.38,0.009,
stec8,"SD7032D UST .020, .125, 45%",clean,302000.0,0.67,0.533,0.009,
stec8,"SD7032D UST .020, .125, 45%",clean,302000.0,2.19,0.694,0.01,
stec8,"SD7032D UST .020, .125, 45%",clean,302000.0,3.7,0.844,0.0113,
stec8,"SD7032D UST .020, .125, 45%",clean,302000.0,5.24,0.981,0.0137,
stec8,"SD7032D UST .020, .125, 45%",clean,302000.0,6.78,1.106,0.0161,
stec8,"SD7032D UST .020, .125, 45%",clean,302000.0,8.33,1.214,0.0198,
stec8,"SD7032D UST .020, .125, 45%",clean,302000.0,9.83,1.287,0.0259,
stec8,"SD7032D UST .020, .125, 45%",clean,302000.0,11.36,1.308,0.0407,
stec8,"SD7032D UST .020, .125, 45%",clean,302000.0,12.82,1.287,0.0491,
stec8,SD7037,clean,62600.0,-3.95,-0.225,0.0261,
stec8,SD7037,clean,62600.0,-2.95,-0.138,0.0208,
stec8,SD7037,clean,62600.0,-1.92,-0.058,0.0153,
stec8,SD7037,clean,62600.0,-0.9,0.068,0.0166,
stec8,SD7037,clean,62600.0,0.13,0.223,0.0176,
stec8,SD7037,clean,62600.0,1.16,0.339,0.0196,
stec8,SD7037,clean,62600.0,2.19,0.485,0.017,
stec8,SD7037,clean,62600.0,3.22,0.597,0.0187,
stec8,SD7037,clean,62600.0,4.24,0.685,0.0179,
stec8,SD7037,clean,62600.0,5.26,0.779,0.0163,
stec8,SD7037,clean,62600.0,6.27,0.837,0.0206,
stec8,SD7037,clean,62600.0,7.29,0.917,0.0321,
stec8,SD7037,clean,62600.0,8.31,1.008,0.0255,
stec8,SD7037,clean,103900.0,-2.95,-0.128,0.0169,
stec8,SD7037,clean,103900.0,-1.93,-0.019,0.0137,
stec8,SD7037,clean,103900.0,-0.9,0.109,0.0147,
stec8,SD7037,clean,103900.0,0.14,0.236,0.0135,
stec8,SD7037,clean,103900.0,1.16,0.368,0.0132,
stec8,SD7037,clean,103900.0,2.19,0.486,0.0137,
stec8,SD7037,clean,103900.0,3.22,0.579,0.013,
stec8,SD7037,clean,103900.0,4.23,0.667,0.0127,
stec8,SD7037,clean,103900.0,5.26,0.753,0.0159,
stec8,SD7037,clean,103900.0,6.26,0.834,0.015,
stec8,SD7037,clean,103900.0,7.27,0.907,0.0182,
stec8,SD7037,clean,103900.0,8.3,0.977,0.018,
stec8,SD7037,clean,103900.0,9.31,1.011,0.0189,
stec8,SD7037,clean,103900.0,10.3,1.039,0.0567,
stec8,SD7037,clean,153400.0,-2.98,-0.058,0.0157,
stec8,SD7037,clean,153400.0,-1.92,0.079,0.0127,
stec8,SD7037,clean,153400.0,-0.89,0.195,0.01,
stec8,SD7037,clean,153400.0,0.14,0.309,0.0101,
stec8,SD7037,clean,153400.0,1.17,0.415,0.0102,
stec8,SD7037,clean,153400.0,2.17,0.508,0.0115,
stec8,SD7037,clean,153400.0,3.23,0.609,0.0118,
stec8,SD7037,clean,153400.0,4.22,0.696,0.0129,
stec8,SD7037,clean,153400.0,5.24,0.784,0.0142,
stec8,SD7037,clean,153400.0,6.26,0.866,0.0154,
stec8,SD7037,clean,153400.0,7.28,0.936,0.0213,
stec8,SD7037,clean,153400.0,8.3,0.997,0.0253,
stec8,SD7037,clean,153400.0,9.3,1.053,0.0331,
stec8,SD7037,clean,153400.0,10.32,1.089,0.0402,
stec8,SD7037,clean,204200.0,-2.97,-0.001,0.0145,
stec8,SD7037,clean,204200.0,-1.91,0.12,0.0117,
stec8,SD7037,clean,204200.0,-0.89,0.217,0.0091,
stec8,SD7037,clean,204200.0,0.13,0.318,0.0088,
stec8,SD7037,clean,204200.0,1.16,0.416,0.0092,
stec8,SD7037,clean,204200.0,2.18,0.514,0.0097,
stec8,SD7037,clean,204200.0,3.22,0.611,0.0105,
stec8,SD7037,clean,204200.0,4.23,0.703,0.012,
stec8,SD7037,clean,204200.0,5.26,0.792,0.0126,
stec8,SD7037,clean,204200.0,6.26,0.874,0.0147,
stec8,SD7037,clean,204200.0,7.28,0.944,0.0187,
stec8,SD7037,clean,204200.0,8.28,1.008,0.0226,
stec8,SD7037,clean,204200.0,9.31,1.069,0.0273,
stec8,SD7037,clean,204200.0,10.35,1.117,0.0339,
stec8,SD7037,clean,204200.0,11.32,1.138,0.0422,
stec8,SD7037,clean,302900.0,-2.96,0.021,0.0117,
stec8,SD7037,clean,302900.0,-1.93,0.119,0.01,
stec8,SD7037,clean,302900.0,-0.93,0.214,0.0085,
stec8,SD7037,clean,302900.0,0.09,0.313,0.0067,
stec8,SD7037,clean,302900.0,1.01,0.406,0.0075,
stec8,SD7037,clean,302900.0,2.16,0.519,0.0084,
stec8,SD7037,clean,302900.0,3.18,0.615,0.0092,
stec8,SD7037,clean,302900.0,4.2,0.708,0.0103,
stec8,SD7037,clean,302900.0,5.23,0.798,0.0116,
stec8,SD7037,clean,302900.0,6.25,0.876,0.014,
stec8,SD7037,clean,302900.0,7.27,0.947,0.0168,
stec8,SD7037,clean,302900.0,8.28,1.015,0.0206,
stec8,SD7037,clean,302900.0,9.3,1.076,0.0246,
stec8,SD7037,clean,302900.0,10.32,1.126,0.0292,
stec8,"SD7037 UST .020, .125, 30%",clean,57500.0,-3.98,-0.243,0.0321,
stec8,"SD7037 UST .020, .125, 30%",clean,57500.0,-2.45,-0.127,0.0246,
stec8,"SD7037 UST .020, .125, 30%",clean,57500.0,-0.92,0.037,0.0163,
stec8,"SD7037 UST .020, .125, 30%",clean,57500.0,0.64,0.247,0.0193,
stec8,"SD7037 UST .020, .125, 30%",clean,57500.0,2.18,0.441,0.0196,
stec8,"SD7037 UST .020, .125, 30%",clean,57500.0,3.72,0.606,0.0218,
stec8,"SD7037 UST .020, .125, 30%",clean,57500.0,5.25,0.735,0.0214,
stec8,"SD7037 UST .020, .125, 30%",clean,57500.0,6.78,0.858,0.0258,
stec8,"SD7037 UST .020, .125, 30%",clean,57500.0,8.28,0.986,0.0243,
stec8,"SD7037 UST .020, .125, 30%",clean,57500.0,9.81,1.054,0.035,
stec8,"SD7037 UST .020, .125, 30%",clean,98700.0,-3.98,-0.228,0.0289,
stec8,"SD7037 UST .020, .125, 30%",clean,98700.0,-2.43,-0.054,0.019,
stec8,"SD7037 UST .020, .125, 30%",clean,98700.0,-0.91,0.132,0.0144,
stec8,"SD7037 UST .020, .125, 30%",clean,98700.0,0.65,0.324,0.0128,
stec8,"SD7037 UST .020, .125, 30%",clean,98700.0,2.18,0.471,0.0128,
stec8,"SD7037 UST .020, .125, 30%",clean,98700.0,3.72,0.618,0.0145,
stec8,"SD7037 UST .020, .125, 30%",clean,98700.0,5.26,0.758,0.0163,
stec8,"SD7037 UST .020, .125, 30%",clean,98700.0,6.77,0.887,0.0185,
stec8,"SD7037 UST .020, .125, 30%",clean,98700.0,8.29,0.988,0.0219,
stec8,"SD7037 UST .020, .125, 30%",clean,98700.0,9.83,1.059,0.0338,
stec8,"SD7037 UST .020, .125, 30%",clean,98700.0,11.32,1.11,0.0432,
stec8,"SD7037 UST .020, .125, 30%",clean,149600.0,-3.96,-0.173,0.0216,
stec8,"SD7037 UST .020, .125, 30%",clean,149600.0,-2.92,-0.054,0.0167,
stec8,"SD7037 UST .020, .125, 30%",clean,149600.0,-1.89,0.063,0.0131,
stec8,"SD7037 UST .020, .125, 30%",clean,149600.0,-0.88,0.159,0.0105,
stec8,"SD7037 UST .020, .125, 30%",clean,149600.0,0.13,0.261,0.0101,
stec8,"SD7037 UST .020, .125, 30%",clean,149600.0,1.15,0.367,0.0099,
stec8,"SD7037 UST .020, .125, 30%",clean,149600.0,2.18,0.472,0.0101,
stec8,"SD7037 UST .020, .125, 30%",clean,149600.0,3.21,0.571,0.0108,
stec8,"SD7037 UST .020, .125, 30%",clean,149600.0,4.22,0.666,0.0124,
stec8,"SD7037 UST .020, .125, 30%",clean,149600.0,5.24,0.757,0.0135,
stec8,"SD7037 UST .020, .125, 30%",clean,149600.0,6.27,0.846,0.0144,
stec8,"SD7037 UST .020, .125, 30%",clean,149600.0,7.28,0.924,0.0167,
stec8,"SD7037 UST .020, .125, 30%",clean,149600.0,8.3,0.983,0.0214,
stec8,"SD7037 UST .020, .125, 30%",clean,149600.0,9.31,1.041,0.027,
stec8,"SD7037 UST .020, .125, 30%",clean,199800.0,-3.95,-0.139,0.0185,
stec8,"SD7037 UST .020, .125, 30%",clean,199800.0,-2.42,0.01,0.0129,
stec8,"SD7037 UST .020, .125, 30%",clean,199800.0,-0.91,0.153,0.0095,
stec8,"SD7037 UST .020, .125, 30%",clean,199800.0,0.64,0.31,0.0087,
stec8,"SD7037 UST .020, .125, 30%",clean,199800.0,2.18,0.462,0.009,
stec8,"SD7037 UST .020, .125, 30%",clean,199800.0,3.72,0.613,0.0104,
stec8,"SD7037 UST .020, .125, 30%",clean,199800.0,5.25,0.757,0.0121,
stec8,"SD7037 UST .020, .125, 30%",clean,199800.0,6.78,0.885,0.0147,
stec8,"SD7037 UST .020, .125, 30%",clean,199800.0,8.3,0.982,0.021,
stec8,"SD7037 UST .020, .125, 30%",clean,199800.0,9.82,1.068,0.028,
stec8,"SD7037 UST .020, .125, 30%",clean,199800.0,11.32,1.119,0.0396,
stec8,"SD7037 UST .020, .125, 30%",clean,199800.0,12.84,1.105,0.0736,
stec8,"SD7037 UST .020, .125, 30%",clean,199800.0,14.22,0.945,0.2166,
stec8,SD7043,clean,61600.0,-3.9,-0.004,0.024,
stec8,SD7043,clean,61600.0,-2.89,0.1,0.0221,
stec8,SD7043,clean,61600.0,-1.87,0.194,0.0171,
stec8,SD7043,clean,61600.0,-0.86,0.283,0.0192,
stec8,SD7043,clean,61600.0,0.17,0.389,0.0218,
stec8,SD7043,clean,61600.0,1.22,0.537,0.0237,
stec8,SD7043,clean,61600.0,2.24,0.699,0.0227,
stec8,SD7043,clean,61600.0,3.27,0.811,0.0243,
stec8,SD7043,clean,61600.0,4.29,0.904,0.0232,
stec8,SD7043,clean,61600.0,5.3,0.974,0.021,
stec8,SD7043,clean,61600.0,6.31,1.046,0.0239,
stec8,SD7043,clean,61600.0,7.33,1.111,0.0312,
stec8,SD7043,clean,61600.0,8.35,1.163,0.0385,
stec8,SD7043,clean,61600.0,9.35,1.198,0.0343,
stec8,SD7043,clean,61600.0,10.34,1.156,0.0685,
stec8,SD7043,clean,61600.0,11.31,0.945,0.1752,
stec8,SD7043,clean,103800.0,-3.91,-0.008,0.0208,
stec8,SD7043,clean,103800.0,-2.9,0.1,0.0197,
stec8,SD7043,clean,103800.0,-1.87,0.233,0.0149,
stec8,SD7043,clean,103800.0,-0.85,0.339,0.0179,
stec8,SD7043,clean,103800.0,0.18,0.479,0.0193,
stec8,SD7043,clean,103800.0,1.22,0.617,0.0185,
stec8,SD7043,clean,103800.0,2.25,0.732,0.0183,
stec8,SD7043,clean,103800.0,3.27,0.818,0.0173,
stec8,SD7043,clean,103800.0,4.28,0.914,0.0161,
stec8,SD7043,clean,103800.0,5.3,0.995,0.0175,
stec8,SD7043,clean,103800.0,6.3,1.068,0.0206,
stec8,SD7043,clean,103800.0,7.33,1.139,0.0228,
stec8,SD7043,clean,103800.0,8.34,1.203,0.0291,
stec8,SD7043,clean,103800.0,9.35,1.256,0.0343,
stec8,SD7043,clean,103800.0,10.37,1.301,0.0367,
stec8,SD7043,clean,103800.0,11.36,1.328,0.046,
stec8,SD7043,clean,154900.0,-3.89,0.057,0.017,
stec8,SD7043,clean,154900.0,-2.88,0.198,0.0164,
stec8,SD7043,clean,154900.0,-1.85,0.334,0.0145,
stec8,SD7043,clean,154900.0,-0.83,0.431,0.0128,
stec8,SD7043,clean,154900.0,0.2,0.534,0.0124,
stec8,SD7043,clean,154900.0,1.22,0.636,0.0122,
stec8,SD7043,clean,154900.0,2.25,0.735,0.0127,
stec8,SD7043,clean,154900.0,3.27,0.832,0.0131,
stec8,SD7043,clean,154900.0,4.29,0.924,0.014,
stec8,SD7043,clean,154900.0,5.31,1.009,0.0162,
stec8,SD7043,clean,154900.0,6.33,1.089,0.0185,
stec8,SD7043,clean,154900.0,7.34,1.163,0.0215,
stec8,SD7043,clean,154900.0,8.35,1.227,0.0253,
stec8,SD7043,clean,154900.0,9.37,1.284,0.0293,
stec8,SD7043,clean,154900.0,10.37,1.331,0.0339,
stec8,SD7043,clean,154900.0,11.38,1.357,0.0407,
stec8,SD7043,clean,204000.0,-3.88,0.117,0.0148,
stec8,SD7043,clean,204000.0,-2.86,0.246,0.0133,
stec8,SD7043,clean,204000.0,-1.84,0.359,0.0113,
stec8,SD7043,clean,204000.0,-0.83,0.451,0.0101,
stec8,SD7043,clean,204000.0,0.2,0.539,0.0097,
stec8,SD7043,clean,204000.0,1.23,0.644,0.0102,
stec8,SD7043,clean,204000.0,2.26,0.748,0.0106,
stec8,SD7043,clean,204000.0,3.28,0.843,0.0115,
stec8,SD7043,clean,204000.0,4.28,0.932,0.013,
stec8,SD7043,clean,204000.0,5.31,1.015,0.015,
stec8,SD7043,clean,204000.0,6.32,1.094,0.0173,
stec8,SD7043,clean,204000.0,7.35,1.17,0.0197,
stec8,SD7043,clean,204000.0,8.36,1.242,0.0226,
stec8,SD7043,clean,204000.0,9.37,1.307,0.0261,
stec8,SD7043,clean,204000.0,10.38,1.353,0.0308,
stec8,SD7043,clean,204000.0,11.38,1.375,0.0375,
stec8,SD7043,clean,204000.0,12.38,1.372,0.0475,
stec8,SD7043,clean,204000.0,13.39,1.35,0.0645,
stec8,SD7043,clean,303400.0,-4.9,0.049,0.0131,
stec8,SD7043,clean,303400.0,-3.87,0.159,0.011,
stec8,SD7043,clean,303400.0,-2.86,0.262,0.01,
stec8,SD7043,clean,303400.0,-1.82,0.374,0.0092,
stec8,SD7043,clean,303400.0,-0.82,0.476,0.0087,
stec8,SD7043,clean,303400.0,0.21,0.569,0.0084,
stec8,SD7043,clean,303400.0,1.23,0.667,0.0086,
stec8,SD7043,clean,303400.0,2.25,0.767,0.0095,
stec8,SD7043,clean,303400.0,3.26,0.859,0.0107,
stec8,SD7043,clean,303400.0,4.29,0.949,0.0123,
stec8,SD7043,clean,303400.0,5.3,1.034,0.0141,
stec8,SD7043,clean,303400.0,6.32,1.113,0.016,
stec8,SD7043,clean,303400.0,7.33,1.191,0.0181,
stec8,"SD7043 UST .020, .125, 20%",clean,202900.0,-2.88,0.237,0.011,
stec8,"SD7043 UST .020, .125, 20%",clean,202900.0,-1.87,0.337,0.0101,
stec8,"SD7043 UST .020, .125, 20%",clean,202900.0,-0.84,0.431,0.0095,
stec8,"SD7043 UST .020, .125, 20%",clean,202900.0,0.2,0.522,0.0099,
stec8,"SD7043 UST .020, .125, 20%",clean,202900.0,1.22,0.623,0.0115,
stec8,"SD7043 UST .020, .125, 20%",clean,202900.0,2.23,0.727,0.0128,
stec8,"SD7043 UST .020, .125, 20%",clean,202900.0,3.24,0.827,0.0138,
stec8,"SD7043 UST .020, .125, 20%",clean,202900.0,4.27,0.927,0.0152,
stec8,"SD7043 UST .020, .125, 20%",clean,202900.0,5.3,1.022,0.0164,
stec8,"SD7043 UST .020, .125, 20%",clean,202900.0,6.3,1.108,0.0183,
stec8,"SD7043 UST .020, .125, 20%",clean,202900.0,7.34,1.191,0.0215,
stec8,"SD7043 UST .020, .125, 20%",clean,202900.0,8.34,1.255,0.0252,
stec8,"SD7043 UST .020, .125, 20%",clean,202900.0,9.35,1.317,0.0281,
stec8,"SD7043 UST .020, .125, 20%",clean,202900.0,10.37,1.364,0.0349,
stec8,"SD7043 UST .020, .125, 20%",clean,303700.0,-2.88,0.219,0.0114,
stec8,"SD7043 UST .020, .125, 20%",clean,303700.0,-1.84,0.33,0.011,
stec8,"SD7043 UST .020, .125, 20%",clean,303700.0,-0.82,0.437,0.011,
stec8,"SD7043 UST .020, .125, 20%",clean,303700.0,0.19,0.533,0.0108,
stec8,"SD7043 UST .020, .125, 20%",clean,303700.0,1.2,0.631,0.0111,
stec8,"SD7043 UST .020, .125, 20%",clean,303700.0,2.2,0.735,0.012,
stec8,"SD7043 UST .020, .125, 20%",clean,303700.0,3.26,0.841,0.013,
stec8,"SD7043 UST .020, .125, 20%",clean,303700.0,4.23,0.933,0.0137,
stec8,"SD7043 UST .020, .125, 20%",clean,303700.0,5.25,1.022,0.0147,
stec8,"SD7043 UST .020, .125, 20%",clean,303700.0,6.26,1.111,0.0161,
stec8,"SD7043 UST .020, .125, 20%",clean,303700.0,7.32,1.187,0.0191,
stec8,"SD7043 UST .020, .125, 20%",clean,303700.0,8.33,1.257,0.0222,
stec8,"SD7043 UST .020, .125, 20%",clean,303700.0,9.34,1.321,0.0252,
stec8,"SD7043 UST .020, .125, 20%",clean,303700.0,10.36,1.371,0.0299,
stec8,"SD7043 UST .020, .125, 20%",clean,303700.0,11.37,1.397,0.0355,
stec8,SD7062,clean,102600.0,-5.93,-0.094,0.0264,
stec8,SD7062,clean,102600.0,-4.91,0.02,0.0231,
stec8,SD7062,clean,102600.0,-3.9,0.109,0.0219,
stec8,SD7062,clean,102600.0,-2.86,0.195,0.0189,
stec8,SD7062,clean,102600.0,-1.85,0.277,0.0199,
stec8,SD7062,clean,102600.0,-0.83,0.369,0.0206,
stec8,SD7062,clean,102600.0,0.2,0.477,0.0183,
stec8,SD7062,clean,102600.0,1.22,0.577,0.0197,
stec8,SD7062,clean,102600.0,2.24,0.678,0.0212,
stec8,SD7062,clean,102600.0,3.26,0.771,0.0238,
stec8,SD7062,clean,102600.0,4.27,0.864,0.0204,
stec8,SD7062,clean,102600.0,5.3,0.95,0.0266,
stec8,SD7062,clean,102600.0,6.32,1.037,0.0248,
stec8,SD7062,clean,102600.0,7.33,1.118,0.0277,
stec8,SD7062,clean,102600.0,8.35,1.195,0.0297,
stec8,SD7062,clean,102600.0,9.37,1.259,0.0372,
stec8,SD7062,clean,102600.0,10.38,1.314,0.0429,
stec8,SD7062,clean,102600.0,11.28,0.87,0.1586,
stec8,SD7062,clean,102600.0,12.26,0.708,0.2118,
stec8,SD7062,clean,102600.0,13.26,0.716,0.2228,
stec8,SD7062,clean,149700.0,-6.94,-0.16,0.0239,
stec8,SD7062,clean,149700.0,-5.92,-0.075,0.0206,
stec8,SD7062,clean,149700.0,-4.91,0.006,0.018,
stec8,SD7062,clean,149700.0,-3.9,0.097,0.0159,
stec8,SD7062,clean,149700.0,-2.87,0.19,0.0144,
stec8,SD7062,clean,149700.0,-1.85,0.284,0.0141,
stec8,SD7062,clean,149700.0,-0.83,0.376,0.0144,
stec8,SD7062,clean,149700.0,0.2,0.483,0.0135,
stec8,SD7062,clean,149700.0,1.23,0.59,0.015,
stec8,SD7062,clean,149700.0,2.25,0.694,0.0159,
stec8,SD7062,clean,149700.0,3.25,0.79,0.0167,
stec8,SD7062,clean,149700.0,4.28,0.886,0.0173,
stec8,SD7062,clean,149700.0,5.31,0.975,0.0184,
stec8,SD7062,clean,149700.0,6.33,1.066,0.0189,
stec8,SD7062,clean,149700.0,7.33,1.147,0.021,
stec8,SD7062,clean,149700.0,8.35,1.229,0.0241,
stec8,SD7062,clean,149700.0,9.37,1.3,0.0271,
stec8,SD7062,clean,149700.0,10.38,1.359,0.0315,
stec8,SD7062,clean,149700.0,11.4,1.408,0.037,
stec8,SD7062,clean,149700.0,12.4,1.441,0.047,
stec8,SD7062,clean,210500.0,-6.94,-0.192,0.0216,
stec8,SD7062,clean,210500.0,-5.95,-0.107,0.0176,
stec8,SD7062,clean,210500.0,-4.91,-0.014,0.0147,
stec8,SD7062,clean,210500.0,-3.9,0.081,0.0141,
stec8,SD7062,clean,210500.0,-2.86,0.183,0.0125,
stec8,SD7062,clean,210500.0,-1.85,0.284,0.0118,
stec8,SD7062,clean,210500.0,-0.84,0.383,0.0114,
stec8,SD7062,clean,210500.0,0.2,0.483,0.011,
stec8,SD7062,clean,210500.0,1.22,0.59,0.0112,
stec8,SD7062,clean,210500.0,2.24,0.695,0.012,
stec8,SD7062,clean,210500.0,3.26,0.795,0.0127,
stec8,SD7062,clean,210500.0,4.29,0.892,0.0136,
stec8,SD7062,clean,210500.0,5.3,0.985,0.0151,
stec8,SD7062,clean,210500.0,6.33,1.075,0.0167,
stec8,SD7062,clean,210500.0,7.35,1.164,0.0186,
stec8,SD7062,clean,210500.0,8.36,1.243,0.0201,
stec8,SD7062,clean,210500.0,9.38,1.316,0.0221,
stec8,SD7062,clean,210500.0,10.4,1.379,0.0254,
stec8,SD7062,clean,210500.0,11.4,1.43,0.029,
stec8,SD7062,clean,210500.0,12.41,1.464,0.039,
stec8,SD7062,clean,210500.0,13.41,1.485,0.0512,
stec8,SD7062,clean,210500.0,14.42,1.497,0.0588,
stec8,SD7062,clean,305800.0,-7.0,-0.201,0.0179,
stec8,SD7062,clean,305800.0,-6.0,-0.117,0.0152,
stec8,SD7062,clean,305800.0,-4.98,-0.02,0.0133,
stec8,SD7062,clean,305800.0,-3.9,0.09,0.0125,
stec8,SD7062,clean,305800.0,-2.92,0.188,0.0115,
stec8,SD7062,clean,305800.0,-1.87,0.293,0.0106,
stec8,SD7062,clean,305800.0,-0.82,0.398,0.0101,
stec8,SD7062,clean,305800.0,0.21,0.502,0.0102,
stec8,SD7062,clean,305800.0,1.22,0.605,0.0099,
stec8,SD7062,clean,305800.0,2.25,0.712,0.0103,
stec8,SD7062,clean,305800.0,3.27,0.812,0.0115,
stec8,SD7062,clean,305800.0,4.28,0.906,0.0124,
stec8,SD7062,clean,305800.0,5.31,0.997,0.0139,
stec8,SD7062,clean,305800.0,6.31,1.084,0.0154,
stec8,SD7062,clean,305800.0,7.33,1.168,0.0162,
stec8,SD7062,clean,305800.0,8.37,1.249,0.0181,
stec8,SD7062,clean,305800.0,9.38,1.323,0.0201,
stec8,SD7062,clean,305800.0,10.39,1.388,0.0231,
stec8,SD7062,clean,305800.0,11.4,1.442,0.027,
stec8,"SD7062 UST .020, .125, 15%",clean,100800.0,-6.95,-0.165,0.034,
stec8,"SD7062 UST .020, .125, 15%",clean,100800.0,-5.93,-0.1,0.025,
stec8,"SD7062 UST .020, .125, 15%",clean,100800.0,-4.91,0.01,0.0218,
stec8,"SD7062 UST .020, .125, 15%",clean,100800.0,-3.89,0.082,0.0176,
stec8,"SD7062 UST .020, .125, 15%",clean,100800.0,-2.88,0.166,0.0162,
stec8,"SD7062 UST .020, .125, 15%",clean,100800.0,-1.84,0.252,0.0151,
stec8,"SD7062 UST .020, .125, 15%",clean,100800.0,-0.83,0.336,0.0151,
stec8,"SD7062 UST .020, .125, 15%",clean,100800.0,0.18,0.457,0.0155,
stec8,"SD7062 UST .020, .125, 15%",clean,100800.0,1.22,0.552,0.0147,
stec8,"SD7062 UST .020, .125, 15%",clean,100800.0,2.23,0.659,0.0177,
stec8,"SD7062 UST .020, .125, 15%",clean,100800.0,3.25,0.74,0.0176,
stec8,"SD7062 UST .020, .125, 15%",clean,100800.0,4.28,0.835,0.0214,
stec8,"SD7062 UST .020, .125, 15%",clean,100800.0,5.28,0.909,0.0212,
stec8,"SD7062 UST .020, .125, 15%",clean,100800.0,6.3,1.007,0.0253,
stec8,"SD7062 UST .020, .125, 15%",clean,100800.0,7.33,1.086,0.0252,
stec8,"SD7062 UST .020, .125, 15%",clean,100800.0,8.34,1.171,0.0308,
stec8,"SD7062 UST .020, .125, 15%",clean,100800.0,9.35,1.237,0.0305,
stec8,"SD7062 UST .020, .125, 15%",clean,100800.0,10.37,1.302,0.0366,
stec8,"SD7062 UST .020, .125, 15%",clean,151700.0,-6.95,-0.175,0.0253,
stec8,"SD7062 UST .020, .125, 15%",clean,151700.0,-5.93,-0.099,0.0197,
stec8,"SD7062 UST .020, .125, 15%",clean,151700.0,-4.89,-0.013,0.0163,
stec8,"SD7062 UST .020, .125, 15%",clean,151700.0,-3.91,0.078,0.0143,
stec8,"SD7062 UST .020, .125, 15%",clean,151700.0,-2.86,0.187,0.0136,
stec8,"SD7062 UST .020, .125, 15%",clean,151700.0,-1.84,0.276,0.0131,
stec8,"SD7062 UST .020, .125, 15%",clean,151700.0,-0.83,0.367,0.0126,
stec8,"SD7062 UST .020, .125, 15%",clean,151700.0,0.2,0.472,0.0128,
stec8,"SD7062 UST .020, .125, 15%",clean,151700.0,1.21,0.572,0.014,
stec8,"SD7062 UST .020, .125, 15%",clean,151700.0,2.24,0.671,0.0159,
stec8,"SD7062 UST .020, .125, 15%",clean,151700.0,3.26,0.765,0.0168,
stec8,"SD7062 UST .020, .125, 15%",clean,151700.0,4.26,0.85,0.0182,
stec8,"SD7062 UST .020, .125, 15%",clean,151700.0,5.3,0.941,0.019,
stec8,"SD7062 UST .020, .125, 15%",clean,151700.0,6.31,1.032,0.0207,
stec8,"SD7062 UST .020, .125, 15%",clean,151700.0,7.34,1.124,0.0225,
stec8,"SD7062 UST .020, .125, 15%",clean,151700.0,8.35,1.208,0.0251,
stec8,"SD7062 UST .020, .125, 15%",clean,151700.0,9.37,1.288,0.0277,
stec8,"SD7062 UST .020, .125, 15%",clean,151700.0,10.39,1.364,0.0305,
stec8,"SD7062 UST .020, .125, 15%",clean,151700.0,11.4,1.419,0.0352,
stec8,"SD7062 UST .020, .125, 15%",clean,151700.0,12.41,1.458,0.041,
stec8,"SD7062 UST .020, .125, 15%",clean,204500.0,-6.97,-0.204,0.0216,
stec8,"SD7062 UST .020, .125, 15%",clean,204500.0,-5.94,-0.115,0.0176,
stec8,"SD7062 UST .020, .125, 15%",clean,204500.0,-4.92,-0.023,0.0144,
stec8,"SD7062 UST .020, .125, 15%",clean,204500.0,-3.88,0.076,0.0139,
stec8,"SD7062 UST .020, .125, 15%",clean,204500.0,-2.88,0.173,0.0126,
stec8,"SD7062 UST .020, .125, 15%",clean,204500.0,-1.85,0.272,0.0126,
stec8,"SD7062 UST .020, .125, 15%",clean,204500.0,-0.83,0.371,0.0128,
stec8,"SD7062 UST .020, .125, 15%",clean,204500.0,0.19,0.465,0.0125,
stec8,"SD7062 UST .020, .125, 15%",clean,204500.0,1.21,0.57,0.0133,
stec8,"SD7062 UST .020, .125, 15%",clean,204500.0,2.23,0.668,0.0141,
stec8,"SD7062 UST .020, .125, 15%",clean,204500.0,3.25,0.77,0.0155,
stec8,"SD7062 UST .020, .125, 15%",clean,204500.0,4.27,0.864,0.0171,
stec8,"SD7062 UST .020, .125, 15%",clean,204500.0,5.29,0.953,0.0179,
stec8,"SD7062 UST .020, .125, 15%",clean,204500.0,6.31,1.045,0.0191,
stec8,"SD7062 UST .020, .125, 15%",clean,204500.0,7.34,1.133,0.0206,
stec8,"SD7062 UST .020, .125, 15%",clean,204500.0,8.35,1.218,0.0223,
stec8,"SD7062 UST .020, .125, 15%",clean,204500.0,9.36,1.299,0.0245,
stec8,"SD7062 UST .020, .125, 15%",clean,204500.0,10.39,1.376,0.0267,
stec8,"SD7062 UST .020, .125, 15%",clean,204500.0,11.4,1.439,0.0298,
stec8,"SD7062 UST .020, .125, 15%",clean,204500.0,12.41,1.488,0.0348,
stec8,"SD7062 UST .020, .125, 15%",clean,204500.0,13.41,1.515,0.0443,
stec8,"SD7062 UST .020, .125, 15%",clean,302700.0,-6.98,-0.222,0.0183,
stec8,"SD7062 UST .020, .125, 15%",clean,302700.0,-5.98,-0.131,0.0158,
stec8,"SD7062 UST .020, .125, 15%",clean,302700.0,-4.93,-0.034,0.0141,
stec8,"SD7062 UST .020, .125, 15%",clean,302700.0,-3.91,0.064,0.0141,
stec8,"SD7062 UST .020, .125, 15%",clean,302700.0,-2.88,0.167,0.0136,
stec8,"SD7062 UST .020, .125, 15%",clean,302700.0,-1.86,0.268,0.0128,
stec8,"SD7062 UST .020, .125, 15%",clean,302700.0,-0.84,0.372,0.0129,
stec8,"SD7062 UST .020, .125, 15%",clean,302700.0,0.19,0.47,0.0129,
stec8,"SD7062 UST .020, .125, 15%",clean,302700.0,1.22,0.57,0.013,
stec8,"SD7062 UST .020, .125, 15%",clean,302700.0,2.24,0.677,0.0138,
stec8,"SD7062 UST .020, .125, 15%",clean,302700.0,3.24,0.776,0.0148,
stec8,"SD7062 UST .020, .125, 15%",clean,302700.0,4.28,0.871,0.0158,
stec8,"SD7062 UST .020, .125, 15%",clean,302700.0,5.29,0.964,0.0168,
stec8,"SD7062 UST .020, .125, 15%",clean,302700.0,6.32,1.055,0.0179,
stec8,"SD7062 UST .020, .125, 15%",clean,302700.0,7.33,1.143,0.0191,
stec8,"SD7062 UST .020, .125, 15%",clean,302700.0,8.36,1.231,0.0205,
stec8,"SD7062 UST .020, .125, 15%",clean,302700.0,9.38,1.311,0.0222,
stec8,"SD7062 UST .020, .125, 15%",clean,302700.0,10.37,1.384,0.0244,
stec8,"SD7062 UST .020, .125, 15%",clean,302700.0,11.39,1.44,0.0296,
stec8,"SD7062 UST .020, .125, 15%",clean,302700.0,12.41,1.47,0.0411,
stec8,SD7062 PLAIN & TWO TRIPS,clean,207600.0,-6.94,-0.197,0.0222,
stec8,SD7062 PLAIN & TWO TRIPS,clean,207600.0,-5.95,-0.11,0.0181,
stec8,SD7062 PLAIN & TWO TRIPS,clean,207600.0,-4.91,-0.014,0.0151,
stec8,SD7062 PLAIN & TWO TRIPS,clean,207600.0,-3.9,0.084,0.0145,
stec8,SD7062 PLAIN & TWO TRIPS,clean,207600.0,-2.86,0.188,0.0129,
stec8,SD7062 PLAIN & TWO TRIPS,clean,207600.0,-1.85,0.292,0.0121,
stec8,SD7062 PLAIN & TWO TRIPS,clean,207600.0,-0.84,0.394,0.0117,
stec8,SD7062 PLAIN & TWO TRIPS,clean,207600.0,0.2,0.497,0.0113,
stec8,SD7062 PLAIN & TWO TRIPS,clean,207600.0,1.22,0.607,0.0115,
stec8,SD7062 PLAIN & TWO TRIPS,clean,207600.0,2.24,0.714,0.0123,
stec8,SD7062 PLAIN & TWO TRIPS,clean,207600.0,3.27,0.817,0.013,
stec8,SD7062 PLAIN & TWO TRIPS,clean,207600.0,4.29,0.917,0.0139,
stec8,SD7062 PLAIN & TWO TRIPS,clean,207600.0,5.31,1.012,0.0155,
stec8,SD7062 PLAIN & TWO TRIPS,clean,207600.0,6.34,1.106,0.0171,
stec8,SD7062 PLAIN & TWO TRIPS,clean,207600.0,7.36,1.196,0.0191,
stec8,SD7062 PLAIN & TWO TRIPS,clean,207600.0,8.37,1.278,0.0207,
stec8,SD7062 PLAIN & TWO TRIPS,clean,207600.0,9.39,1.353,0.0227,
stec8,SD7062 PLAIN & TWO TRIPS,clean,207600.0,10.41,1.417,0.0261,
stec8,SD7062 PLAIN & TWO TRIPS,clean,207600.0,11.41,1.47,0.0298,
stec8,SD7062 PLAIN & TWO TRIPS,clean,207600.0,12.42,1.504,0.04,
stec8,SD7062 PLAIN & TWO TRIPS,clean,207600.0,13.42,1.527,0.0525,
stec8,SD7062 PLAIN & TWO TRIPS,clean,207600.0,14.43,1.538,0.0602,
stec8,SD7062 PLAIN & TWO TRIPS,clean,204900.0,-6.95,-0.2,0.0222,
stec8,SD7062 PLAIN & TWO TRIPS,clean,204900.0,-5.96,-0.116,0.0177,
stec8,SD7062 PLAIN & TWO TRIPS,clean,204900.0,-4.93,-0.022,0.0148,
stec8,SD7062 PLAIN & TWO TRIPS,clean,204900.0,-3.89,0.081,0.0136,
stec8,SD7062 PLAIN & TWO TRIPS,clean,204900.0,-2.88,0.177,0.0122,
stec8,SD7062 PLAIN & TWO TRIPS,clean,204900.0,-1.86,0.28,0.0113,
stec8,SD7062 PLAIN & TWO TRIPS,clean,204900.0,-0.85,0.381,0.0114,
stec8,SD7062 PLAIN & TWO TRIPS,clean,204900.0,0.2,0.48,0.0109,
stec8,SD7062 PLAIN & TWO TRIPS,clean,204900.0,1.21,0.587,0.0115,
stec8,SD7062 PLAIN & TWO TRIPS,clean,204900.0,2.23,0.691,0.0125,
stec8,SD7062 PLAIN & TWO TRIPS,clean,204900.0,3.26,0.79,0.0135,
stec8,SD7062 PLAIN & TWO TRIPS,clean,204900.0,4.28,0.885,0.0145,
stec8,SD7062 PLAIN & TWO TRIPS,clean,204900.0,5.29,0.98,0.0154,
stec8,SD7062 PLAIN & TWO TRIPS,clean,204900.0,6.32,1.072,0.0165,
stec8,SD7062 PLAIN & TWO TRIPS,clean,204900.0,7.33,1.158,0.0182,
stec8,SD7062 PLAIN & TWO TRIPS,clean,204900.0,8.36,1.242,0.0203,
stec8,SD7062 PLAIN & TWO TRIPS,clean,204900.0,9.37,1.32,0.0222,
stec8,SD7062 PLAIN & TWO TRIPS,clean,204900.0,10.39,1.389,0.0254,
stec8,SD7062 PLAIN & TWO TRIPS,clean,204900.0,11.4,1.444,0.0292,
stec8,SD7062 PLAIN & TWO TRIPS,clean,204900.0,12.42,1.481,0.0356,
stec8,SD7062 PLAIN & TWO TRIPS,clean,204500.0,-6.97,-0.204,0.0216,
stec8,SD7062 PLAIN & TWO TRIPS,clean,204500.0,-5.94,-0.115,0.0176,
stec8,SD7062 PLAIN & TWO TRIPS,clean,204500.0,-4.92,-0.023,0.0144,
stec8,SD7062 PLAIN & TWO TRIPS,clean,204500.0,-3.88,0.076,0.0139,
stec8,SD7062 PLAIN & TWO TRIPS,clean,204500.0,-2.88,0.173,0.0126,
stec8,SD7062 PLAIN & TWO TRIPS,clean,204500.0,-1.85,0.272,0.0126,
stec8,SD7062 PLAIN & TWO TRIPS,clean,204500.0,-0.83,0.371,0.0128,
stec8,SD7062 PLAIN & TWO TRIPS,clean,204500.0,0.19,0.465,0.0125,
stec8,SD7062 PLAIN & TWO TRIPS,clean,204500.0,1.21,0.57,0.0133,
stec8,SD7062 PLAIN & TWO TRIPS,clean,204500.0,2.23,0.668,0.0141,
stec8,SD7062 PLAIN & TWO TRIPS,clean,204500.0,3.25,0.77,0.0155,
stec8,SD7062 PLAIN & TWO TRIPS,clean,204500.0,4.27,0.864,0.0171,
stec8,SD7062 PLAIN & TWO TRIPS,clean,204500.0,5.29,0.953,0.0179,
stec8,SD7062 PLAIN & TWO TRIPS,clean,204500.0,6.31,1.045,0.0191,
stec8,SD7062 PLAIN & TWO TRIPS,clean,204500.0,7.34,1.133,0.0206,
stec8,SD7062 PLAIN & TWO TRIPS,clean,204500.0,8.35,1.218,0.0223,
stec8,SD7062 PLAIN & TWO TRIPS,clean,204500.0,9.36,1.299,0.0245,
stec8,SD7062 PLAIN & TWO TRIPS,clean,204500.0,10.39,1.376,0.0267,
stec8,SD7062 PLAIN & TWO TRIPS,clean,204500.0,11.4,1.439,0.0298,
stec8,SD7062 PLAIN & TWO TRIPS,clean,204500.0,12.41,1.488,0.0348,
stec8,SD7062 PLAIN & TWO TRIPS,clean,204500.0,13.41,1.515,0.0443,
stec8,SD7080,clean,62600.0,-3.95,-0.244,0.0198,
stec8,SD7080,clean,62600.0,-2.94,-0.16,0.0179,
stec8,SD7080,clean,62600.0,-1.93,-0.058,0.0144,
stec8,SD7080,clean,62600.0,-0.91,0.056,0.0179,
stec8,SD7080,clean,62600.0,0.11,0.228,0.0176,
stec8,SD7080,clean,62600.0,1.17,0.371,0.0184,
stec8,SD7080,clean,62600.0,2.2,0.482,0.0185,
stec8,SD7080,clean,62600.0,3.22,0.576,0.0199,
stec8,SD7080,clean,62600.0,4.22,0.645,0.0194,
stec8,SD7080,clean,62600.0,5.25,0.726,0.0238,
stec8,SD7080,clean,62600.0,6.26,0.801,0.0265,
stec8,SD7080,clean,62600.0,7.27,0.876,0.0273,
stec8,SD7080,clean,62600.0,8.29,0.924,0.0303,
stec8,SD7080,clean,62600.0,9.31,0.994,0.0323,
stec8,SD7080,clean,62600.0,10.31,1.054,0.0402,
stec8,SD7080,clean,103500.0,-3.98,-0.252,0.0182,
stec8,SD7080,clean,103500.0,-2.95,-0.156,0.0171,
stec8,SD7080,clean,103500.0,-1.92,-0.029,0.0137,
stec8,SD7080,clean,103500.0,-0.9,0.109,0.0123,
stec8,SD7080,clean,103500.0,0.14,0.243,0.0128,
stec8,SD7080,clean,103500.0,1.16,0.351,0.0153,
stec8,SD7080,clean,103500.0,2.18,0.448,0.0126,
stec8,SD7080,clean,103500.0,3.2,0.535,0.0144,
stec8,SD7080,clean,103500.0,4.22,0.629,0.017,
stec8,SD7080,clean,103500.0,5.25,0.726,0.0171,
stec8,SD7080,clean,103500.0,6.26,0.803,0.0197,
stec8,SD7080,clean,103500.0,7.28,0.868,0.0208,
stec8,SD7080,clean,103500.0,8.3,0.932,0.0291,
stec8,SD7080,clean,103500.0,9.31,0.973,0.0283,
stec8,SD7080,clean,103500.0,10.31,0.999,0.0628,
stec8,SD7080,clean,149800.0,-6.0,-0.388,0.0349,
stec8,SD7080,clean,149800.0,-4.98,-0.305,0.026,
stec8,SD7080,clean,149800.0,-3.95,-0.186,0.0195,
stec8,SD7080,clean,149800.0,-2.94,-0.079,0.0147,
stec8,SD7080,clean,149800.0,-1.91,0.034,0.0115,
stec8,SD7080,clean,149800.0,-0.89,0.171,0.0106,
stec8,SD7080,clean,149800.0,0.15,0.267,0.0105,
stec8,SD7080,clean,149800.0,1.17,0.361,0.0107,
stec8,SD7080,clean,149800.0,2.2,0.461,0.0106,
stec8,SD7080,clean,149800.0,3.21,0.555,0.0112,
stec8,SD7080,clean,149800.0,4.24,0.648,0.013,
stec8,SD7080,clean,149800.0,5.25,0.74,0.0146,
stec8,SD7080,clean,149800.0,6.27,0.83,0.0168,
stec8,SD7080,clean,149800.0,7.28,0.92,0.0192,
stec8,SD7080,clean,149800.0,8.3,0.977,0.0228,
stec8,SD7080,clean,149800.0,9.31,1.013,0.0304,
stec8,SD7080,clean,149800.0,10.32,1.041,0.0379,
stec8,SD7080,clean,149800.0,11.32,1.049,0.0506,
stec8,SD7080,clean,149800.0,12.32,1.026,0.0691,
stec8,SD7080,clean,149800.0,13.33,1.004,0.1087,
stec8,SD7080,clean,205700.0,-6.0,-0.391,0.0392,
stec8,SD7080,clean,205700.0,-4.98,-0.3,0.025,
stec8,SD7080,clean,205700.0,-3.96,-0.187,0.0175,
stec8,SD7080,clean,205700.0,-2.93,-0.074,0.0143,
stec8,SD7080,clean,205700.0,-1.91,0.028,0.0111,
stec8,SD7080,clean,205700.0,-0.88,0.129,0.0084,
stec8,SD7080,clean,205700.0,0.14,0.24,0.0083,
stec8,SD7080,clean,205700.0,1.17,0.34,0.0086,
stec8,SD7080,clean,205700.0,2.18,0.435,0.0087,
stec8,SD7080,clean,205700.0,3.21,0.533,0.0097,
stec8,SD7080,clean,205700.0,4.24,0.625,0.0112,
stec8,SD7080,clean,205700.0,5.25,0.721,0.0126,
stec8,SD7080,clean,205700.0,6.27,0.813,0.0138,
stec8,SD7080,clean,205700.0,7.29,0.9,0.0158,
stec8,SD7080,clean,205700.0,8.3,0.961,0.0197,
stec8,SD7080,clean,205700.0,9.31,1.007,0.0246,
stec8,SD7080,clean,205700.0,10.31,1.042,0.0323,
stec8,SD7080,clean,205700.0,11.32,1.056,0.0407,
stec8,SD7080,clean,205700.0,12.32,1.044,0.0508,
stec8,SD7080,clean,205700.0,13.31,1.007,0.0744,
stec8,SD7080,clean,301800.0,-6.02,-0.393,0.036,
stec8,SD7080,clean,301800.0,-4.99,-0.285,0.021,
stec8,SD7080,clean,301800.0,-3.96,-0.18,0.0153,
stec8,SD7080,clean,301800.0,-2.97,-0.092,0.0127,
stec8,SD7080,clean,301800.0,-1.93,-0.003,0.0101,
stec8,SD7080,clean,301800.0,-0.9,0.09,0.0075,
stec8,SD7080,clean,301800.0,0.13,0.216,0.0069,
stec8,SD7080,clean,301800.0,1.14,0.317,0.0073,
stec8,SD7080,clean,301800.0,2.18,0.42,0.0081,
stec8,SD7080,clean,301800.0,3.21,0.516,0.0091,
stec8,SD7080,clean,301800.0,4.22,0.608,0.0102,
stec8,SD7080,clean,301800.0,5.24,0.705,0.0113,
stec8,SD7080,clean,301800.0,6.26,0.799,0.0122,
stec8,SD7080,clean,301800.0,7.28,0.881,0.014,
stec8,SD7080,clean,301800.0,8.3,0.944,0.0192,
stec8,SD7080,clean,301800.0,9.31,0.997,0.0237,
stec8,SD7080,clean,301800.0,10.31,1.036,0.0294,
stec8,SD7080,clean,301800.0,11.32,1.048,0.0384,
stec8,SD7080,clean,301800.0,12.31,1.036,0.0475,
stec8,SD7080,clean,301800.0,13.3,1.009,0.0673,
stec8,SD7084,clean,100900.0,-2.95,-0.164,0.0196,
stec8,SD7084,clean,100900.0,-1.42,-0.031,0.014,
stec8,SD7084,clean,100900.0,0.12,0.151,0.016,
stec8,SD7084,clean,100900.0,1.68,0.409,0.0182,
stec8,SD7084,clean,100900.0,3.2,0.545,0.0159,
stec8,SD7084,clean,100900.0,4.73,0.677,0.0156,
stec8,SD7084,clean,100900.0,6.26,0.802,0.0191,
stec8,SD7084,clean,100900.0,7.79,0.935,0.0205,
stec8,SD7084,clean,100900.0,9.31,1.047,0.0252,
stec8,SD7084,clean,100900.0,10.82,1.078,0.0404,
stec8,SD7084,clean,100900.0,12.34,1.079,0.05,
stec8,SD7084,clean,152400.0,-2.94,-0.149,0.0164,
stec8,SD7084,clean,152400.0,-1.4,0.034,0.0121,
stec8,SD7084,clean,152400.0,0.15,0.274,0.0125,
stec8,SD7084,clean,152400.0,1.68,0.413,0.0117,
stec8,SD7084,clean,152400.0,3.19,0.552,0.0116,
stec8,SD7084,clean,152400.0,4.74,0.692,0.013,
stec8,SD7084,clean,152400.0,6.26,0.822,0.0158,
stec8,SD7084,clean,152400.0,7.78,0.951,0.0181,
stec8,SD7084,clean,152400.0,9.31,1.053,0.023,
stec8,SD7084,clean,152400.0,10.82,1.091,0.0348,
stec8,SD7084,clean,152400.0,12.33,1.088,0.0521,
stec8,SD7084,clean,152400.0,13.82,1.046,0.0634,
stec8,SD7084,clean,152400.0,15.27,0.857,0.2306,
stec8,SD7084,clean,197500.0,-3.95,-0.226,0.0175,
stec8,SD7084,clean,197500.0,-2.96,-0.111,0.0147,
stec8,SD7084,clean,197500.0,-1.91,0.032,0.0114,
stec8,SD7084,clean,197500.0,-0.89,0.155,0.0095,
stec8,SD7084,clean,197500.0,0.14,0.268,0.0098,
stec8,SD7084,clean,197500.0,1.17,0.359,0.0094,
stec8,SD7084,clean,197500.0,2.17,0.454,0.0099,
stec8,SD7084,clean,197500.0,3.21,0.552,0.0102,
stec8,SD7084,clean,197500.0,4.24,0.647,0.0115,
stec8,SD7084,clean,197500.0,5.23,0.737,0.0128,
stec8,SD7084,clean,197500.0,6.27,0.829,0.0143,
stec8,SD7084,clean,197500.0,7.28,0.917,0.0159,
stec8,SD7084,clean,197500.0,8.3,0.997,0.0185,
stec8,SD7084,clean,197500.0,9.31,1.058,0.0233,
stec8,SD7084,clean,197500.0,10.32,1.089,0.0308,
stec8,SD7084,clean,303000.0,-3.97,-0.159,0.0139,
stec8,SD7084,clean,303000.0,-2.94,-0.046,0.0112,
stec8,SD7084,clean,303000.0,-1.92,0.046,0.0095,
stec8,SD7084,clean,303000.0,-0.91,0.126,0.0077,
stec8,SD7084,clean,303000.0,0.13,0.256,0.0072,
stec8,SD7084,clean,303000.0,1.16,0.357,0.0073,
stec8,SD7084,clean,303000.0,2.18,0.457,0.0079,
stec8,SD7084,clean,303000.0,3.2,0.556,0.0089,
stec8,SD7084,clean,303000.0,4.22,0.651,0.0103,
stec8,SD7084,clean,303000.0,5.25,0.746,0.0115,
stec8,SD7084,clean,303000.0,6.27,0.838,0.013,
stec8,SD7084,clean,303000.0,7.28,0.923,0.0145,
stec8,SD7084,clean,303000.0,8.31,1.002,0.0165,
stec8,SD7084,clean,303000.0,9.32,1.059,0.0215,
stec8,SD7084,clean,303000.0,10.32,1.099,0.0269,
stec8,SD7084,clean,303000.0,11.33,1.116,0.0374,
stec8,SD7090,clean,59600.0,-5.98,-0.373,0.028,
stec8,SD7090,clean,59600.0,-4.96,-0.301,0.0227,
stec8,SD7090,clean,59600.0,-3.95,-0.228,0.0182,
stec8,SD7090,clean,59600.0,-2.93,-0.138,0.0171,
stec8,SD7090,clean,59600.0,-1.91,-0.064,0.0159,
stec8,SD7090,clean,59600.0,-0.88,0.082,0.0154,
stec8,SD7090,clean,59600.0,0.15,0.27,0.0158,
stec8,SD7090,clean,59600.0,1.18,0.399,0.0194,
stec8,SD7090,clean,59600.0,2.2,0.487,0.0187,
stec8,SD7090,clean,59600.0,3.22,0.585,0.0224,
stec8,SD7090,clean,59600.0,4.24,0.667,0.0223,
stec8,SD7090,clean,59600.0,5.26,0.757,0.024,
stec8,SD7090,clean,59600.0,6.27,0.821,0.026,
stec8,SD7090,clean,59600.0,7.28,0.893,0.029,
stec8,SD7090,clean,59600.0,8.29,0.951,0.0432,
stec8,SD7090,clean,59600.0,9.31,0.987,0.0453,
stec8,SD7090,clean,59600.0,10.31,0.953,0.0911,
stec8,SD7090,clean,59600.0,11.29,0.842,0.1435,
stec8,SD7090,clean,59600.0,12.28,0.778,0.196,
stec8,SD7090,clean,99100.0,-5.98,-0.354,0.0239,
stec8,SD7090,clean,99100.0,-4.96,-0.283,0.0197,
stec8,SD7090,clean,99100.0,-3.95,-0.211,0.0163,
stec8,SD7090,clean,99100.0,-2.94,-0.132,0.0135,
stec8,SD7090,clean,99100.0,-1.91,-0.029,0.0134,
stec8,SD7090,clean,99100.0,-0.88,0.148,0.0126,
stec8,SD7090,clean,99100.0,0.15,0.27,0.0128,
stec8,SD7090,clean,99100.0,1.17,0.362,0.0145,
stec8,SD7090,clean,99100.0,2.19,0.457,0.0139,
stec8,SD7090,clean,99100.0,3.22,0.549,0.016,
stec8,SD7090,clean,99100.0,4.23,0.64,0.0175,
stec8,SD7090,clean,99100.0,5.24,0.731,0.0194,
stec8,SD7090,clean,99100.0,6.27,0.816,0.021,
stec8,SD7090,clean,99100.0,7.29,0.892,0.0243,
stec8,SD7090,clean,99100.0,8.3,0.957,0.0312,
stec8,SD7090,clean,99100.0,9.32,1.007,0.0335,
stec8,SD7090,clean,99100.0,10.32,1.039,0.0385,
stec8,SD7090,clean,99100.0,11.3,0.895,0.1565,
stec8,SD7090,clean,149000.0,-5.97,-0.343,0.0221,
stec8,SD7090,clean,149000.0,-4.96,-0.269,0.0171,
stec8,SD7090,clean,149000.0,-3.94,-0.185,0.0158,
stec8,SD7090,clean,149000.0,-2.93,-0.064,0.0133,
stec8,SD7090,clean,149000.0,-1.91,0.064,0.011,
stec8,SD7090,clean,149000.0,-0.87,0.197,0.0105,
stec8,SD7090,clean,149000.0,0.15,0.297,0.0103,
stec8,SD7090,clean,149000.0,1.18,0.392,0.0109,
stec8,SD7090,clean,149000.0,2.19,0.489,0.0121,
stec8,SD7090,clean,149000.0,3.22,0.59,0.0135,
stec8,SD7090,clean,149000.0,4.24,0.685,0.0145,
stec8,SD7090,clean,149000.0,5.26,0.772,0.0157,
stec8,SD7090,clean,149000.0,6.27,0.861,0.0173,
stec8,SD7090,clean,149000.0,7.28,0.931,0.0195,
stec8,SD7090,clean,149000.0,8.31,0.994,0.0259,
stec8,SD7090,clean,149000.0,9.32,1.049,0.0297,
stec8,SD7090,clean,149000.0,10.32,1.092,0.0383,
stec8,SD7090,clean,149000.0,11.33,1.106,0.0504,
stec8,SD7090,clean,149000.0,12.29,0.887,0.1747,
stec8,SD7090,clean,199100.0,-6.0,-0.361,0.0191,
stec8,SD7090,clean,199100.0,-4.96,-0.28,0.0157,
stec8,SD7090,clean,199100.0,-3.95,-0.178,0.0146,
stec8,SD7090,clean,199100.0,-2.92,-0.044,0.0115,
stec8,SD7090,clean,199100.0,-1.9,0.067,0.0092,
stec8,SD7090,clean,199100.0,-0.88,0.171,0.0085,
stec8,SD7090,clean,199100.0,0.16,0.284,0.0093,
stec8,SD7090,clean,199100.0,1.16,0.381,0.0094,
stec8,SD7090,clean,199100.0,2.2,0.478,0.0103,
stec8,SD7090,clean,199100.0,3.22,0.577,0.0113,
stec8,SD7090,clean,199100.0,4.24,0.671,0.0125,
stec8,SD7090,clean,199100.0,5.26,0.759,0.0139,
stec8,SD7090,clean,199100.0,6.28,0.841,0.0162,
stec8,SD7090,clean,199100.0,7.29,0.915,0.0182,
stec8,SD7090,clean,199100.0,8.3,0.977,0.0228,
stec8,SD7090,clean,199100.0,9.31,1.037,0.0276,
stec8,SD7090,clean,199100.0,10.34,1.083,0.0342,
stec8,SD7090,clean,199100.0,11.33,1.107,0.0442,
stec8,SD7090,clean,298600.0,-6.02,-0.359,0.0166,
stec8,SD7090,clean,298600.0,-4.99,-0.247,0.0137,
stec8,SD7090,clean,298600.0,-4.02,-0.13,0.0118,
stec8,SD7090,clean,298600.0,-2.98,-0.025,0.0097,
stec8,SD7090,clean,298600.0,-1.91,0.072,0.0085,
stec8,SD7090,clean,298600.0,-0.88,0.161,0.0074,
stec8,SD7090,clean,298600.0,0.13,0.28,0.0078,
stec8,SD7090,clean,298600.0,1.16,0.381,0.0085,
stec8,SD7090,clean,298600.0,2.2,0.48,0.0094,
stec8,SD7090,clean,298600.0,3.21,0.576,0.0101,
stec8,SD7090,clean,298600.0,4.23,0.669,0.0112,
stec8,SD7090,clean,298600.0,5.25,0.756,0.0126,
stec8,SD7090,clean,298600.0,6.27,0.84,0.0144,
stec8,SD7090,clean,298600.0,7.28,0.916,0.0168,
stec8,SD7090,clean,298600.0,8.31,0.984,0.0213,
stec8,SD7090,clean,298600.0,9.32,1.046,0.0249,
stec8,SD7090,clean,298600.0,10.33,1.094,0.0301,
stec8,SD7090,clean,298600.0,11.33,1.116,0.0404,
stec8,"SD7090 LOOSE, TIGHT COVERING",clean,304000.0,-4.0,-0.136,0.0118,
stec8,"SD7090 LOOSE, TIGHT COVERING",clean,304000.0,-2.96,-0.038,0.0101,
stec8,"SD7090 LOOSE, TIGHT COVERING",clean,304000.0,-1.91,0.055,0.0084,
stec8,"SD7090 LOOSE, TIGHT COVERING",clean,304000.0,-0.92,0.14,0.0076,
stec8,"SD7090 LOOSE, TIGHT COVERING",clean,304000.0,0.15,0.272,0.0076,
stec8,"SD7090 LOOSE, TIGHT COVERING",clean,304000.0,1.17,0.377,0.0083,
stec8,"SD7090 LOOSE, TIGHT COVERING",clean,304000.0,2.18,0.478,0.0092,
stec8,"SD7090 LOOSE, TIGHT COVERING",clean,304000.0,3.2,0.576,0.0102,
stec8,"SD7090 LOOSE, TIGHT COVERING",clean,304000.0,4.22,0.67,0.0111,
stec8,"SD7090 LOOSE, TIGHT COVERING",clean,304000.0,5.24,0.758,0.0126,
stec8,"SD7090 LOOSE, TIGHT COVERING",clean,304000.0,6.26,0.842,0.0147,
stec8,"SD7090 LOOSE, TIGHT COVERING",clean,304000.0,7.27,0.915,0.018,
stec8,"SD7090 LOOSE, TIGHT COVERING",clean,304000.0,8.29,0.984,0.0212,
stec8,"SD7090 LOOSE, TIGHT COVERING",clean,304000.0,9.3,1.045,0.0252,
stec8,"SD7090 LOOSE, TIGHT COVERING",clean,304000.0,10.32,1.092,0.0314,
stec8,"SD7090 LOOSE, TIGHT COVERING",clean,298400.0,-4.01,-0.2,0.0128,
stec8,"SD7090 LOOSE, TIGHT COVERING",clean,298400.0,-2.99,-0.093,0.0113,
stec8,"SD7090 LOOSE, TIGHT COVERING",clean,298400.0,-1.95,0.004,0.0094,
stec8,"SD7090 LOOSE, TIGHT COVERING",clean,298400.0,-0.9,0.095,0.0083,
stec8,"SD7090 LOOSE, TIGHT COVERING",clean,298400.0,0.12,0.203,0.0075,
stec8,"SD7090 LOOSE, TIGHT COVERING",clean,298400.0,1.15,0.322,0.0078,
stec8,"SD7090 LOOSE, TIGHT COVERING",clean,298400.0,2.17,0.427,0.0085,
stec8,"SD7090 LOOSE, TIGHT COVERING",clean,298400.0,3.2,0.527,0.0096,
stec8,"SD7090 LOOSE, TIGHT COVERING",clean,298400.0,4.23,0.624,0.0108,
stec8,"SD7090 LOOSE, TIGHT COVERING",clean,298400.0,5.25,0.717,0.0118,
stec8,"SD7090 LOOSE, TIGHT COVERING",clean,298400.0,6.25,0.802,0.0135,
stec8,"SD7090 LOOSE, TIGHT COVERING",clean,298400.0,7.28,0.883,0.0162,
stec8,"SD7090 LOOSE, TIGHT COVERING",clean,298400.0,8.29,0.954,0.0204,
stec8,"SD7090 LOOSE, TIGHT COVERING",clean,298400.0,9.29,1.018,0.024,
stec8,SD7090 VARIOUS TRIPS,clean,302500.0,-4.0,-0.21,0.0136,
stec8,SD7090 VARIOUS TRIPS,clean,302500.0,-2.95,-0.116,0.0126,
stec8,SD7090 VARIOUS TRIPS,clean,302500.0,-1.94,-0.021,0.0111,
stec8,SD7090 VARIOUS TRIPS,clean,302500.0,-0.88,0.076,0.0096,
stec8,SD7090 VARIOUS TRIPS,clean,302500.0,0.11,0.187,0.0084,
stec8,SD7090 VARIOUS TRIPS,clean,302500.0,1.15,0.31,0.0088,
stec8,SD7090 VARIOUS TRIPS,clean,302500.0,2.17,0.418,0.0093,
stec8,SD7090 VARIOUS TRIPS,clean,302500.0,3.19,0.519,0.0099,
stec8,SD7090 VARIOUS TRIPS,clean,302500.0,4.23,0.621,0.0107,
stec8,SD7090 VARIOUS TRIPS,clean,302500.0,5.23,0.711,0.0125,
stec8,SD7090 VARIOUS TRIPS,clean,302500.0,6.26,0.798,0.0143,
stec8,SD7090 VARIOUS TRIPS,clean,302500.0,7.27,0.876,0.0171,
stec8,SD7090 VARIOUS TRIPS,clean,302500.0,8.29,0.948,0.021,
stec8,SD7090 VARIOUS TRIPS,clean,302500.0,9.31,1.012,0.0248,
stec8,SD7090 VARIOUS TRIPS,clean,302500.0,10.31,1.061,0.0298,
stec8,SD7090 VARIOUS TRIPS,clean,302500.0,11.32,1.09,0.0376,
stec8,SD7090 VARIOUS TRIPS,clean,305900.0,-3.98,-0.191,0.0133,
stec8,SD7090 VARIOUS TRIPS,clean,305900.0,-2.95,-0.096,0.0116,
stec8,SD7090 VARIOUS TRIPS,clean,305900.0,-1.94,-0.004,0.0104,
stec8,SD7090 VARIOUS TRIPS,clean,305900.0,-0.91,0.09,0.0091,
stec8,SD7090 VARIOUS TRIPS,clean,305900.0,0.11,0.201,0.0079,
stec8,SD7090 VARIOUS TRIPS,clean,305900.0,1.13,0.321,0.0085,
stec8,SD7090 VARIOUS TRIPS,clean,305900.0,2.18,0.429,0.0088,
stec8,SD7090 VARIOUS TRIPS,clean,305900.0,3.2,0.53,0.0096,
stec8,SD7090 VARIOUS TRIPS,clean,305900.0,4.21,0.627,0.0106,
stec8,SD7090 VARIOUS TRIPS,clean,305900.0,5.24,0.721,0.0121,
stec8,SD7090 VARIOUS TRIPS,clean,305900.0,6.25,0.804,0.0138,
stec8,SD7090 VARIOUS TRIPS,clean,305900.0,7.27,0.884,0.0164,
stec8,SD7090 VARIOUS TRIPS,clean,305900.0,8.3,0.954,0.0207,
stec8,SD7090 VARIOUS TRIPS,clean,305900.0,9.31,1.017,0.024,
stec8,SD7090 VARIOUS TRIPS,clean,305900.0,10.31,1.069,0.0293,
stec8,SD7090 VARIOUS TRIPS,clean,304600.0,-3.98,-0.184,0.013,
stec8,SD7090 VARIOUS TRIPS,clean,304600.0,-2.97,-0.092,0.0113,
stec8,SD7090 VARIOUS TRIPS,clean,304600.0,-1.92,0.003,0.0097,
stec8,SD7090 VARIOUS TRIPS,clean,304600.0,-0.92,0.093,0.0086,
stec8,SD7090 VARIOUS TRIPS,clean,304600.0,0.13,0.206,0.0078,
stec8,SD7090 VARIOUS TRIPS,clean,304600.0,1.15,0.326,0.0081,
stec8,SD7090 VARIOUS TRIPS,clean,304600.0,2.17,0.429,0.0086,
stec8,SD7090 VARIOUS TRIPS,clean,304600.0,3.2,0.53,0.0096,
stec8,SD7090 VARIOUS TRIPS,clean,304600.0,4.21,0.627,0.0104,
stec8,SD7090 VARIOUS TRIPS,clean,304600.0,5.23,0.718,0.012,
stec8,SD7090 VARIOUS TRIPS,clean,304600.0,6.26,0.805,0.0138,
stec8,SD7090 VARIOUS TRIPS,clean,304600.0,7.26,0.884,0.0163,
stec8,SD7090 VARIOUS TRIPS,clean,304600.0,8.3,0.957,0.0205,
stec8,SD7090 VARIOUS TRIPS,clean,304600.0,9.31,1.019,0.0243,
stec8,SD7090 VARIOUS TRIPS,clean,304600.0,10.31,1.072,0.0287,
stec8,SD7090 VARIOUS TRIPS,clean,304600.0,11.31,1.103,0.037,
stec8,SD7090 VARIOUS TRIPS,clean,300000.0,-3.98,-0.186,0.0127,
stec8,SD7090 VARIOUS TRIPS,clean,300000.0,-2.47,-0.043,0.0099,
stec8,SD7090 VARIOUS TRIPS,clean,300000.0,-0.91,0.097,0.0081,
stec8,SD7090 VARIOUS TRIPS,clean,300000.0,0.65,0.274,0.0077,
stec8,SD7090 VARIOUS TRIPS,clean,300000.0,2.18,0.432,0.0087,
stec8,SD7090 VARIOUS TRIPS,clean,300000.0,3.7,0.58,0.0102,
stec8,SD7090 VARIOUS TRIPS,clean,300000.0,5.24,0.722,0.0118,
stec8,SD7090 VARIOUS TRIPS,clean,300000.0,6.77,0.848,0.0152,
stec8,SD7090 VARIOUS TRIPS,clean,300000.0,8.3,0.96,0.0207,
stec8,SD7090 VARIOUS TRIPS,clean,300000.0,9.82,1.054,0.0265,
stec8,SD7090 VARIOUS TRIPS,clean,300000.0,11.33,1.105,0.036,
stec8,SD7090 VARIOUS TRIPS,clean,304000.0,-4.0,-0.136,0.0118,
stec8,SD7090 VARIOUS TRIPS,clean,304000.0,-2.96,-0.038,0.0101,
stec8,SD7090 VARIOUS TRIPS,clean,304000.0,-1.91,0.055,0.0084,
stec8,SD7090 VARIOUS TRIPS,clean,304000.0,-0.92,0.14,0.0076,
stec8,SD7090 VARIOUS TRIPS,clean,304000.0,0.15,0.272,0.0076,
stec8,SD7090 VARIOUS TRIPS,clean,304000.0,1.17,0.377,0.0083,
stec8,SD7090 VARIOUS TRIPS,clean,304000.0,2.18,0.478,0.0092,
stec8,SD7090 VARIOUS TRIPS,clean,304000.0,3.2,0.576,0.0102,
stec8,SD7090 VARIOUS TRIPS,clean,304000.0,4.22,0.67,0.0111,
stec8,SD7090 VARIOUS TRIPS,clean,304000.0,5.24,0.758,0.0126,
stec8,SD7090 VARIOUS TRIPS,clean,304000.0,6.26,0.842,0.0147,
stec8,SD7090 VARIOUS TRIPS,clean,304000.0,7.27,0.915,0.018,
stec8,SD7090 VARIOUS TRIPS,clean,304000.0,8.29,0.984,0.0212,
stec8,SD7090 VARIOUS TRIPS,clean,304000.0,9.3,1.045,0.0252,
stec8,SD7090 VARIOUS TRIPS,clean,304000.0,10.32,1.092,0.0314,
stec8,SD8000,clean,62500.0,-3.94,-0.138,0.0151,
stec8,SD8000,clean,62500.0,-2.93,-0.065,0.0139,
stec8,SD8000,clean,62500.0,-1.91,-0.004,0.0114,
stec8,SD8000,clean,62500.0,-0.88,0.111,0.0165,
stec8,SD8000,clean,62500.0,0.13,0.2,0.0158,
stec8,SD8000,clean,62500.0,1.17,0.36,0.0156,
stec8,SD8000,clean,62500.0,2.2,0.508,0.0135,
stec8,SD8000,clean,62500.0,3.23,0.599,0.015,
stec8,SD8000,clean,62500.0,4.24,0.677,0.0205,
stec8,SD8000,clean,62500.0,5.26,0.753,0.0241,
stec8,SD8000,clean,62500.0,6.28,0.823,0.0294,
stec8,SD8000,clean,62500.0,7.28,0.889,0.0341,
stec8,SD8000,clean,62500.0,8.3,0.946,0.0422,
stec8,SD8000,clean,62500.0,9.31,0.984,0.0523,
stec8,SD8000,clean,102500.0,-3.93,-0.133,0.0149,
stec8,SD8000,clean,102500.0,-2.91,-0.053,0.0123,
stec8,SD8000,clean,102500.0,-1.91,0.046,0.0111,
stec8,SD8000,clean,102500.0,-0.88,0.138,0.0115,
stec8,SD8000,clean,102500.0,0.15,0.296,0.0127,
stec8,SD8000,clean,102500.0,1.17,0.454,0.0137,
stec8,SD8000,clean,102500.0,2.21,0.548,0.013,
stec8,SD8000,clean,102500.0,3.23,0.624,0.0127,
stec8,SD8000,clean,102500.0,4.24,0.715,0.014,
stec8,SD8000,clean,102500.0,5.26,0.803,0.0166,
stec8,SD8000,clean,102500.0,6.28,0.885,0.02,
stec8,SD8000,clean,102500.0,7.3,0.958,0.0236,
stec8,SD8000,clean,102500.0,8.31,1.021,0.028,
stec8,SD8000,clean,102500.0,9.32,1.062,0.0364,
stec8,SD8000,clean,102500.0,10.34,1.078,0.0539,
stec8,SD8000,clean,154500.0,-3.93,-0.149,0.0136,
stec8,SD8000,clean,154500.0,-2.94,-0.058,0.0109,
stec8,SD8000,clean,154500.0,-1.9,0.054,0.0108,
stec8,SD8000,clean,154500.0,-0.86,0.188,0.0106,
stec8,SD8000,clean,154500.0,0.16,0.334,0.0095,
stec8,SD8000,clean,154500.0,1.18,0.432,0.0098,
stec8,SD8000,clean,154500.0,2.21,0.529,0.0106,
stec8,SD8000,clean,154500.0,3.22,0.62,0.0112,
stec8,SD8000,clean,154500.0,4.25,0.712,0.0133,
stec8,SD8000,clean,154500.0,5.27,0.806,0.0148,
stec8,SD8000,clean,154500.0,6.28,0.892,0.0186,
stec8,SD8000,clean,154500.0,7.3,0.971,0.0208,
stec8,SD8000,clean,154500.0,8.32,1.033,0.026,
stec8,SD8000,clean,154500.0,9.33,1.082,0.0326,
stec8,SD8000,clean,154500.0,10.34,1.107,0.0458,
stec8,SD8000,clean,200000.0,-3.92,-0.115,0.0113,
stec8,SD8000,clean,200000.0,-2.91,-0.004,0.0098,
stec8,SD8000,clean,200000.0,-1.89,0.133,0.0093,
stec8,SD8000,clean,200000.0,-0.85,0.25,0.0087,
stec8,SD8000,clean,200000.0,0.17,0.35,0.0089,
stec8,SD8000,clean,200000.0,1.18,0.448,0.009,
stec8,SD8000,clean,200000.0,2.21,0.546,0.0103,
stec8,SD8000,clean,200000.0,3.23,0.642,0.0119,
stec8,SD8000,clean,200000.0,4.26,0.737,0.0138,
stec8,SD8000,clean,200000.0,5.27,0.826,0.0162,
stec8,SD8000,clean,200000.0,6.28,0.915,0.0187,
stec8,SD8000,clean,200000.0,7.3,0.992,0.0218,
stec8,SD8000,clean,200000.0,8.32,1.058,0.0264,
stec8,SD8000,clean,200000.0,9.33,1.105,0.0354,
stec8,SD8000,clean,302300.0,-3.94,-0.076,0.0095,
stec8,SD8000,clean,302300.0,-2.91,0.053,0.0084,
stec8,SD8000,clean,302300.0,-1.88,0.16,0.0076,
stec8,SD8000,clean,302300.0,-0.85,0.251,0.0074,
stec8,SD8000,clean,302300.0,0.15,0.344,0.0071,
stec8,SD8000,clean,302300.0,1.18,0.45,0.0079,
stec8,SD8000,clean,302300.0,2.2,0.552,0.0093,
stec8,SD8000,clean,302300.0,3.23,0.65,0.0105,
stec8,SD8000,clean,302300.0,4.25,0.744,0.0123,
stec8,SD8000,clean,302300.0,5.26,0.833,0.014,
stec8,SD8000,clean,302300.0,6.29,0.92,0.0163,
stec8,SD8000,clean,302300.0,7.3,1.001,0.0185,
stec8,SD8000,clean,302300.0,8.31,1.07,0.0229,
stec8,SD8000,clean,302300.0,9.34,1.126,0.0286,
stec8,"SD8000 UST .020, .125, 20%",clean,104900.0,-3.93,-0.147,0.0143,
stec8,"SD8000 UST .020, .125, 20%",clean,104900.0,-2.93,-0.057,0.0141,
stec8,"SD8000 UST .020, .125, 20%",clean,104900.0,-1.89,0.055,0.0129,
stec8,"SD8000 UST .020, .125, 20%",clean,104900.0,-0.87,0.171,0.0129,
stec8,"SD8000 UST .020, .125, 20%",clean,104900.0,0.13,0.289,0.0114,
stec8,"SD8000 UST .020, .125, 20%",clean,104900.0,1.17,0.394,0.0135,
stec8,"SD8000 UST .020, .125, 20%",clean,104900.0,2.18,0.491,0.0132,
stec8,"SD8000 UST .020, .125, 20%",clean,104900.0,3.21,0.583,0.0153,
stec8,"SD8000 UST .020, .125, 20%",clean,104900.0,4.23,0.682,0.0169,
stec8,"SD8000 UST .020, .125, 20%",clean,104900.0,5.26,0.765,0.0166,
stec8,"SD8000 UST .020, .125, 20%",clean,104900.0,6.26,0.849,0.0186,
stec8,"SD8000 UST .020, .125, 20%",clean,153800.0,-3.96,-0.1,0.0121,
stec8,"SD8000 UST .020, .125, 20%",clean,153800.0,-2.94,0.022,0.011,
stec8,"SD8000 UST .020, .125, 20%",clean,153800.0,-1.9,0.127,0.0095,
stec8,"SD8000 UST .020, .125, 20%",clean,153800.0,-0.87,0.226,0.0096,
stec8,"SD8000 UST .020, .125, 20%",clean,153800.0,0.15,0.322,0.0095,
stec8,"SD8000 UST .020, .125, 20%",clean,153800.0,1.18,0.429,0.0104,
stec8,"SD8000 UST .020, .125, 20%",clean,153800.0,2.2,0.532,0.0116,
stec8,"SD8000 UST .020, .125, 20%",clean,153800.0,3.23,0.638,0.0131,
stec8,"SD8000 UST .020, .125, 20%",clean,153800.0,4.25,0.736,0.0149,
stec8,"SD8000 UST .020, .125, 20%",clean,153800.0,5.26,0.828,0.0175,
stec8,"SD8000 UST .020, .125, 20%",clean,153800.0,6.27,0.906,0.0208,
stec8,"SD8000 UST .020, .125, 20%",clean,153800.0,7.3,0.98,0.0243,
stec8,"SD8000 UST .020, .125, 20%",clean,153800.0,8.31,1.043,0.0302,
stec8,"SD8000 UST .020, .125, 20%",clean,153800.0,9.33,1.089,0.0387,
stec8,"SD8000 UST .020, .125, 20%",clean,206500.0,-3.92,-0.066,0.011,
stec8,"SD8000 UST .020, .125, 20%",clean,206500.0,-2.93,0.036,0.0097,
stec8,"SD8000 UST .020, .125, 20%",clean,206500.0,-1.89,0.126,0.0086,
stec8,"SD8000 UST .020, .125, 20%",clean,206500.0,-0.87,0.213,0.0087,
stec8,"SD8000 UST .020, .125, 20%",clean,206500.0,0.14,0.318,0.0094,
stec8,"SD8000 UST .020, .125, 20%",clean,206500.0,1.17,0.424,0.0104,
stec8,"SD8000 UST .020, .125, 20%",clean,206500.0,2.18,0.525,0.0111,
stec8,"SD8000 UST .020, .125, 20%",clean,206500.0,3.21,0.629,0.0125,
stec8,"SD8000 UST .020, .125, 20%",clean,206500.0,4.25,0.73,0.0137,
stec8,"SD8000 UST .020, .125, 20%",clean,206500.0,5.25,0.824,0.0158,
stec8,"SD8000 UST .020, .125, 20%",clean,206500.0,6.27,0.909,0.0186,
stec8,"SD8000 UST .020, .125, 20%",clean,206500.0,7.3,0.99,0.0213,
stec8,"SD8000 UST .020, .125, 20%",clean,206500.0,8.32,1.056,0.0268,
stec8,"SD8000 UST .020, .125, 20%",clean,206500.0,9.33,1.104,0.0334,
stec8,"SD8000 UST .020, .125, 20%",clean,206500.0,10.34,1.127,0.0442,
stec8,"SD8000 UST .020, .125, 20%",clean,311100.0,-3.98,-0.085,0.0113,
stec8,"SD8000 UST .020, .125, 20%",clean,311100.0,-2.97,0.013,0.0109,
stec8,"SD8000 UST .020, .125, 20%",clean,311100.0,-1.94,0.104,0.0101,
stec8,"SD8000 UST .020, .125, 20%",clean,311100.0,-0.93,0.211,0.0096,
stec8,"SD8000 UST .020, .125, 20%",clean,311100.0,0.12,0.313,0.0093,
stec8,"SD8000 UST .020, .125, 20%",clean,311100.0,1.15,0.424,0.0097,
stec8,"SD8000 UST .020, .125, 20%",clean,311100.0,2.16,0.532,0.0103,
stec8,"SD8000 UST .020, .125, 20%",clean,311100.0,3.21,0.638,0.0116,
stec8,"SD8000 UST .020, .125, 20%",clean,311100.0,4.23,0.736,0.0126,
stec8,"SD8000 UST .020, .125, 20%",clean,311100.0,5.26,0.823,0.0147,
stec8,"SD8000 UST .020, .125, 20%",clean,311100.0,6.27,0.909,0.0169,
stec8,"SD8000 UST .020, .125, 20%",clean,311100.0,7.3,0.992,0.0192,
stec8,"SD8000 UST .020, .125, 20%",clean,311100.0,8.31,1.063,0.0234,
stec8,"SD8000 UST .020, .125, 40%",clean,99900.0,-3.94,-0.142,0.0144,
stec8,"SD8000 UST .020, .125, 40%",clean,99900.0,-2.42,0.018,0.0125,
stec8,"SD8000 UST .020, .125, 40%",clean,99900.0,-0.87,0.204,0.0119,
stec8,"SD8000 UST .020, .125, 40%",clean,99900.0,0.67,0.376,0.0132,
stec8,"SD8000 UST .020, .125, 40%",clean,99900.0,2.18,0.531,0.0133,
stec8,"SD8000 UST .020, .125, 40%",clean,99900.0,3.72,0.669,0.0144,
stec8,"SD8000 UST .020, .125, 40%",clean,99900.0,5.25,0.791,0.018,
stec8,"SD8000 UST .020, .125, 40%",clean,99900.0,6.76,0.901,0.0256,
stec8,"SD8000 UST .020, .125, 40%",clean,99900.0,8.29,0.931,0.0327,
stec8,"SD8000 UST .020, .125, 40%",clean,99900.0,9.78,0.936,0.0496,
stec8,"SD8000 UST .020, .125, 40%",clean,99900.0,11.3,0.888,0.1782,
stec8,"SD8000 UST .020, .125, 40%",clean,152200.0,-3.91,-0.088,0.0122,
stec8,"SD8000 UST .020, .125, 40%",clean,152200.0,-2.4,0.071,0.0104,
stec8,"SD8000 UST .020, .125, 40%",clean,152200.0,-0.87,0.219,0.0094,
stec8,"SD8000 UST .020, .125, 40%",clean,152200.0,0.68,0.386,0.0097,
stec8,"SD8000 UST .020, .125, 40%",clean,152200.0,2.19,0.536,0.0106,
stec8,"SD8000 UST .020, .125, 40%",clean,152200.0,3.72,0.681,0.0125,
stec8,"SD8000 UST .020, .125, 40%",clean,152200.0,5.24,0.809,0.0172,
stec8,"SD8000 UST .020, .125, 40%",clean,152200.0,6.79,0.934,0.0209,
stec8,"SD8000 UST .020, .125, 40%",clean,152200.0,8.31,1.035,0.0278,
stec8,"SD8000 UST .020, .125, 40%",clean,152200.0,9.81,1.097,0.0395,
stec8,"SD8000 UST .020, .125, 40%",clean,152200.0,11.28,0.995,0.1512,
stec8,"SD8000 UST .020, .125, 40%",clean,202100.0,-3.94,-0.074,0.0109,
stec8,"SD8000 UST .020, .125, 40%",clean,202100.0,-2.43,0.078,0.0088,
stec8,"SD8000 UST .020, .125, 40%",clean,202100.0,-0.86,0.22,0.0081,
stec8,"SD8000 UST .020, .125, 40%",clean,202100.0,0.66,0.382,0.0084,
stec8,"SD8000 UST .020, .125, 40%",clean,202100.0,2.21,0.54,0.0099,
stec8,"SD8000 UST .020, .125, 40%",clean,202100.0,3.73,0.685,0.0126,
stec8,"SD8000 UST .020, .125, 40%",clean,202100.0,5.25,0.818,0.0159,
stec8,"SD8000 UST .020, .125, 40%",clean,202100.0,6.79,0.948,0.0193,
stec8,"SD8000 UST .020, .125, 40%",clean,202100.0,8.31,1.053,0.0261,
stec8,"SD8000 UST .020, .125, 40%",clean,202100.0,9.81,1.116,0.0369,
stec8,"SD8000 UST .020, .125, 40%",clean,202100.0,11.24,1.021,0.1473,
stec8,"SD8000 UST .020, .125, 40%",clean,301300.0,-3.96,-0.074,0.0104,
stec8,"SD8000 UST .020, .125, 40%",clean,301300.0,-2.42,0.076,0.0091,
stec8,"SD8000 UST .020, .125, 40%",clean,301300.0,-0.88,0.227,0.0083,
stec8,"SD8000 UST .020, .125, 40%",clean,301300.0,0.66,0.385,0.0083,
stec8,"SD8000 UST .020, .125, 40%",clean,301300.0,2.2,0.546,0.0095,
stec8,"SD8000 UST .020, .125, 40%",clean,301300.0,3.73,0.692,0.012,
stec8,"SD8000 UST .020, .125, 40%",clean,301300.0,5.25,0.829,0.0147,
stec8,"SD8000 UST .020, .125, 40%",clean,301300.0,6.78,0.959,0.0178,
stec8,"SD8000 UST .020, .125, 40%",clean,301300.0,8.31,1.069,0.0231,
stec8,"SD8000 UST .020, .125, 40%",clean,301300.0,9.84,1.14,0.0324,
stec8,"SD8000 UST .020, .125, 40%",clean,301300.0,11.33,1.14,0.0586,
stec8,"SD8000 UST .020, .125, 70%",clean,101300.0,-2.93,-0.048,0.0125,
stec8,"SD8000 UST .020, .125, 70%",clean,101300.0,-1.4,0.091,0.0124,
stec8,"SD8000 UST .020, .125, 70%",clean,101300.0,0.13,0.308,0.0139,
stec8,"SD8000 UST .020, .125, 70%",clean,101300.0,1.69,0.507,0.0128,
stec8,"SD8000 UST .020, .125, 70%",clean,101300.0,3.23,0.64,0.0132,
stec8,"SD8000 UST .020, .125, 70%",clean,101300.0,4.74,0.771,0.0171,
stec8,"SD8000 UST .020, .125, 70%",clean,101300.0,6.28,0.892,0.0216,
stec8,"SD8000 UST .020, .125, 70%",clean,101300.0,7.8,1.001,0.0258,
stec8,"SD8000 UST .020, .125, 70%",clean,101300.0,9.32,1.071,0.0376,
stec8,"SD8000 UST .020, .125, 70%",clean,150500.0,-2.93,0.02,0.0104,
stec8,"SD8000 UST .020, .125, 70%",clean,150500.0,-1.38,0.156,0.0107,
stec8,"SD8000 UST .020, .125, 70%",clean,150500.0,0.16,0.354,0.0104,
stec8,"SD8000 UST .020, .125, 70%",clean,150500.0,1.69,0.498,0.0099,
stec8,"SD8000 UST .020, .125, 70%",clean,150500.0,3.22,0.641,0.0126,
stec8,"SD8000 UST .020, .125, 70%",clean,150500.0,4.75,0.768,0.0157,
stec8,"SD8000 UST .020, .125, 70%",clean,150500.0,6.26,0.896,0.0187,
stec8,"SD8000 UST .020, .125, 70%",clean,150500.0,7.8,1.003,0.0258,
stec8,"SD8000 UST .020, .125, 70%",clean,150500.0,9.32,1.08,0.0326,
stec8,"SD8000 UST .020, .125, 70%",clean,150500.0,10.81,1.065,0.06,
stec8,"SD8000 UST .020, .125, 70%",clean,150500.0,11.76,0.924,0.2143,
stec8,"SD8000 UST .020, .125, 70%",clean,150500.0,12.79,0.87,0.2198,
stec8,"SD8000 UST .020, .125, 70%",clean,200800.0,-2.95,0.039,0.0095,
stec8,"SD8000 UST .020, .125, 70%",clean,200800.0,-1.37,0.193,0.0086,
stec8,"SD8000 UST .020, .125, 70%",clean,200800.0,0.16,0.339,0.0088,
stec8,"SD8000 UST .020, .125, 70%",clean,200800.0,1.69,0.49,0.0093,
stec8,"SD8000 UST .020, .125, 70%",clean,200800.0,3.21,0.634,0.0116,
stec8,"SD8000 UST .020, .125, 70%",clean,200800.0,4.74,0.773,0.0148,
stec8,"SD8000 UST .020, .125, 70%",clean,200800.0,6.26,0.905,0.0181,
stec8,"SD8000 UST .020, .125, 70%",clean,200800.0,7.8,1.021,0.0231,
stec8,"SD8000 UST .020, .125, 70%",clean,200800.0,9.33,1.101,0.0323,
stec8,"SD8000 UST .020, .125, 70%",clean,200800.0,10.82,1.122,0.0541,
stec8,"SD8000 UST .020, .125, 70%",clean,200800.0,11.75,0.975,0.2004,
stec8,"SD8000 UST .020, .125, 70%",clean,200800.0,12.79,0.916,0.2233,
stec8,"SD8000 UST .020, .125, 70%",clean,200800.0,13.78,0.907,0.2499,
stec8,"SD8000 UST .020, .125, 70%",clean,306100.0,-2.99,0.041,0.0084,
stec8,"SD8000 UST .020, .125, 70%",clean,306100.0,-1.39,0.197,0.0078,
stec8,"SD8000 UST .020, .125, 70%",clean,306100.0,0.16,0.342,0.0073,
stec8,"SD8000 UST .020, .125, 70%",clean,306100.0,1.69,0.497,0.0087,
stec8,"SD8000 UST .020, .125, 70%",clean,306100.0,3.21,0.643,0.011,
stec8,"SD8000 UST .020, .125, 70%",clean,306100.0,4.75,0.785,0.0132,
stec8,"SD8000 UST .020, .125, 70%",clean,306100.0,6.28,0.917,0.0163,
stec8,"SD8000 UST .020, .125, 70%",clean,306100.0,7.81,1.035,0.0207,
stec8,"SD8000 UST .020, .125, 70%",clean,306100.0,9.32,1.121,0.0278,
stec8,"SD8000 UST .020, .125, 70%",clean,306100.0,10.83,1.155,0.0444,
stec8,"SD8000 UST .020, .125, 70%",clean,306100.0,11.81,1.009,0.199,
stec8,SD8020,clean,59800.0,-6.03,-0.59,0.0197,
stec8,SD8020,clean,59800.0,-5.05,-0.533,0.0204,
stec8,SD8020,clean,59800.0,-4.01,-0.442,0.0167,
stec8,SD8020,clean,59800.0,-2.98,-0.356,0.0159,
stec8,SD8020,clean,59800.0,-1.96,-0.224,0.0147,
stec8,SD8020,clean,59800.0,-0.94,-0.082,0.0136,
stec8,SD8020,clean,59800.0,0.08,-0.024,0.0128,
stec8,SD8020,clean,59800.0,1.09,0.021,0.014,
stec8,SD8020,clean,59800.0,2.14,0.184,0.0163,
stec8,SD8020,clean,59800.0,3.14,0.284,0.0155,
stec8,SD8020,clean,59800.0,4.17,0.369,0.0175,
stec8,SD8020,clean,59800.0,5.18,0.443,0.0196,
stec8,SD8020,clean,59800.0,6.2,0.513,0.0266,
stec8,SD8020,clean,59800.0,7.21,0.582,0.0344,
stec8,SD8020,clean,59800.0,8.22,0.636,0.0407,
stec8,SD8020,clean,59800.0,9.23,0.664,0.0825,
stec8,SD8020,clean,59800.0,10.24,0.666,0.1373,
stec8,SD8020,clean,59800.0,11.23,0.64,0.1627,
stec8,SD8020,clean,59800.0,12.23,0.631,0.1579,
stec8,SD8020,clean,100500.0,-6.05,-0.569,0.0179,
stec8,SD8020,clean,100500.0,-5.02,-0.489,0.0166,
stec8,SD8020,clean,100500.0,-4.01,-0.41,0.0132,
stec8,SD8020,clean,100500.0,-2.98,-0.319,0.0123,
stec8,SD8020,clean,100500.0,-1.96,-0.214,0.0118,
stec8,SD8020,clean,100500.0,-0.94,-0.08,0.0119,
stec8,SD8020,clean,100500.0,0.09,0.006,0.0112,
stec8,SD8020,clean,100500.0,1.1,0.126,0.0122,
stec8,SD8020,clean,100500.0,2.13,0.244,0.0124,
stec8,SD8020,clean,100500.0,3.15,0.334,0.0126,
stec8,SD8020,clean,100500.0,4.18,0.42,0.0137,
stec8,SD8020,clean,100500.0,5.19,0.501,0.015,
stec8,SD8020,clean,100500.0,6.22,0.583,0.0196,
stec8,SD8020,clean,100500.0,7.23,0.655,0.0227,
stec8,SD8020,clean,100500.0,8.24,0.723,0.0296,
stec8,SD8020,clean,100500.0,9.26,0.771,0.0415,
stec8,SD8020,clean,100500.0,10.26,0.74,0.1224,
stec8,SD8020,clean,100500.0,11.24,0.692,0.1609,
stec8,SD8020,clean,151200.0,-6.06,-0.599,0.0158,
stec8,SD8020,clean,151200.0,-5.02,-0.513,0.0134,
stec8,SD8020,clean,151200.0,-4.01,-0.426,0.0123,
stec8,SD8020,clean,151200.0,-2.99,-0.34,0.0107,
stec8,SD8020,clean,151200.0,-1.96,-0.25,0.0101,
stec8,SD8020,clean,151200.0,-0.94,-0.155,0.0101,
stec8,SD8020,clean,151200.0,0.09,0.011,0.0085,
stec8,SD8020,clean,151200.0,1.11,0.15,0.01,
stec8,SD8020,clean,151200.0,2.12,0.239,0.0098,
stec8,SD8020,clean,151200.0,3.15,0.326,0.0101,
stec8,SD8020,clean,151200.0,4.16,0.412,0.012,
stec8,SD8020,clean,151200.0,5.2,0.499,0.0141,
stec8,SD8020,clean,151200.0,6.22,0.585,0.0166,
stec8,SD8020,clean,151200.0,7.24,0.666,0.0204,
stec8,SD8020,clean,151200.0,8.25,0.734,0.0239,
stec8,SD8020,clean,151200.0,9.27,0.793,0.0303,
stec8,SD8020,clean,151200.0,10.27,0.821,0.0575,
stec8,SD8020,clean,151200.0,11.25,0.761,0.1469,
stec8,SD8020,clean,201100.0,-6.07,-0.605,0.0142,
stec8,SD8020,clean,201100.0,-5.02,-0.518,0.0126,
stec8,SD8020,clean,201100.0,-4.0,-0.428,0.0114,
stec8,SD8020,clean,201100.0,-2.99,-0.335,0.0103,
stec8,SD8020,clean,201100.0,-1.98,-0.249,0.009,
stec8,SD8020,clean,201100.0,-0.93,-0.134,0.008,
stec8,SD8020,clean,201100.0,0.09,-0.003,0.0085,
stec8,SD8020,clean,201100.0,1.12,0.137,0.0087,
stec8,SD8020,clean,201100.0,2.12,0.229,0.009,
stec8,SD8020,clean,201100.0,3.16,0.317,0.0097,
stec8,SD8020,clean,201100.0,4.19,0.41,0.0108,
stec8,SD8020,clean,201100.0,5.2,0.496,0.0127,
stec8,SD8020,clean,201100.0,6.21,0.579,0.0142,
stec8,SD8020,clean,201100.0,7.23,0.66,0.0167,
stec8,SD8020,clean,201100.0,8.24,0.734,0.0199,
stec8,SD8020,clean,201100.0,9.27,0.799,0.0268,
stec8,SD8020,clean,201100.0,10.28,0.837,0.0468,
stec8,SD8020,clean,201100.0,11.25,0.793,0.1304,
stec8,SD8020,clean,306700.0,-6.03,-0.566,0.0128,
stec8,SD8020,clean,306700.0,-4.51,-0.426,0.0102,
stec8,SD8020,clean,306700.0,-2.99,-0.289,0.0083,
stec8,SD8020,clean,306700.0,-1.42,-0.098,0.0073,
stec8,SD8020,clean,306700.0,0.61,0.068,0.0074,
stec8,SD8020,clean,306700.0,0.61,0.067,0.0073,
stec8,SD8020,clean,306700.0,1.63,0.188,0.0081,
stec8,SD8020,clean,306700.0,3.16,0.352,0.0095,
stec8,SD8020,clean,306700.0,4.69,0.485,0.0115,
stec8,SD8020,clean,306700.0,6.21,0.616,0.0144,
stec8,SD8020,clean,306700.0,7.75,0.738,0.0186,
stec8,SD8020,clean,306700.0,9.28,0.839,0.026,
stec8,SD8020,clean,306700.0,10.79,0.809,0.1359,
stec8,SD8040,clean,62100.0,-2.95,-0.167,0.0217,
stec8,SD8040,clean,62100.0,-1.42,-0.014,0.0171,
stec8,SD8040,clean,62100.0,0.13,0.227,0.0204,
stec8,SD8040,clean,62100.0,1.66,0.413,0.0179,
stec8,SD8040,clean,62100.0,3.21,0.537,0.0189,
stec8,SD8040,clean,62100.0,4.72,0.658,0.0188,
stec8,SD8040,clean,62100.0,6.26,0.774,0.0244,
stec8,SD8040,clean,62100.0,7.77,0.884,0.0262,
stec8,SD8040,clean,62100.0,9.29,0.959,0.0285,
stec8,SD8040,clean,62100.0,10.81,1.015,0.0397,
stec8,SD8040,clean,102300.0,-2.93,-0.087,0.0165,
stec8,SD8040,clean,102300.0,-1.4,0.107,0.0122,
stec8,SD8040,clean,102300.0,0.15,0.278,0.0129,
stec8,SD8040,clean,102300.0,1.67,0.413,0.0156,
stec8,SD8040,clean,102300.0,3.19,0.547,0.0154,
stec8,SD8040,clean,102300.0,4.73,0.684,0.0157,
stec8,SD8040,clean,102300.0,6.27,0.816,0.0191,
stec8,SD8040,clean,102300.0,7.78,0.92,0.0237,
stec8,SD8040,clean,102300.0,9.3,1.006,0.0299,
stec8,SD8040,clean,102300.0,10.82,1.056,0.0436,
stec8,SD8040,clean,102300.0,11.81,1.048,0.0679,
stec8,SD8040,clean,150300.0,-2.93,-0.047,0.0135,
stec8,SD8040,clean,150300.0,-1.4,0.09,0.0113,
stec8,SD8040,clean,150300.0,0.13,0.249,0.0112,
stec8,SD8040,clean,150300.0,1.66,0.394,0.0108,
stec8,SD8040,clean,150300.0,3.21,0.541,0.0117,
stec8,SD8040,clean,150300.0,4.73,0.682,0.0142,
stec8,SD8040,clean,150300.0,6.25,0.813,0.0168,
stec8,SD8040,clean,150300.0,7.79,0.926,0.0209,
stec8,SD8040,clean,150300.0,9.3,1.008,0.0293,
stec8,SD8040,clean,150300.0,10.81,1.064,0.0407,
stec8,SD8040,clean,150300.0,11.81,1.063,0.0629,
stec8,SD8040,clean,204900.0,-2.96,-0.058,0.0132,
stec8,SD8040,clean,204900.0,-1.39,0.077,0.0105,
stec8,SD8040,clean,204900.0,0.14,0.242,0.0093,
stec8,SD8040,clean,204900.0,1.67,0.394,0.0096,
stec8,SD8040,clean,204900.0,3.19,0.539,0.0111,
stec8,SD8040,clean,204900.0,4.73,0.684,0.0128,
stec8,SD8040,clean,204900.0,6.26,0.817,0.0151,
stec8,SD8040,clean,204900.0,7.79,0.929,0.0208,
stec8,SD8040,clean,204900.0,9.28,1.015,0.0267,
stec8,SD8040,clean,204900.0,10.81,1.071,0.0384,
stec8,SD8040,clean,204900.0,11.82,1.077,0.0584,
stec8,SD8040,clean,301800.0,-2.96,-0.085,0.0122,
stec8,SD8040,clean,301800.0,-1.44,0.062,0.0098,
stec8,SD8040,clean,301800.0,0.12,0.218,0.0077,
stec8,SD8040,clean,301800.0,1.63,0.388,0.008,
stec8,SD8040,clean,301800.0,3.19,0.542,0.0096,
stec8,SD8040,clean,301800.0,4.74,0.688,0.0113,
stec8,SD8040,clean,301800.0,6.26,0.815,0.0145,
stec8,SD8040,clean,301800.0,7.78,0.926,0.0185,
stec8,SD8040,clean,301800.0,9.29,1.011,0.0245,
stec8,SD8040,clean,301800.0,10.81,1.065,0.0355,
stec8,SD8040,clean,301800.0,11.8,1.071,0.0545,
stec8,SD8040,clean,301800.0,12.81,1.052,0.0923,
stec8,SPICA,clean,59900.0,-1.87,0.123,0.0354,
stec8,SPICA,clean,59900.0,-0.85,0.219,0.0347,
stec8,SPICA,clean,59900.0,0.16,0.312,0.0327,
stec8,SPICA,clean,59900.0,1.18,0.402,0.0334,
stec8,SPICA,clean,59900.0,2.2,0.479,0.036,
stec8,SPICA,clean,59900.0,3.21,0.536,0.0437,
stec8,SPICA,clean,59900.0,4.22,0.575,0.0521,
stec8,SPICA,clean,59900.0,5.23,0.615,0.0626,
stec8,SPICA,clean,59900.0,6.24,0.681,0.0729,
stec8,SPICA,clean,99600.0,-1.88,0.075,0.0321,
stec8,SPICA,clean,99600.0,-0.87,0.172,0.0252,
stec8,SPICA,clean,99600.0,0.16,0.269,0.0231,
stec8,SPICA,clean,99600.0,1.18,0.362,0.0212,
stec8,SPICA,clean,99600.0,2.2,0.468,0.0196,
stec8,SPICA,clean,99600.0,3.22,0.558,0.0209,
stec8,SPICA,clean,99600.0,4.23,0.643,0.0221,
stec8,SPICA,clean,99600.0,5.26,0.73,0.0238,
stec8,SPICA,clean,99600.0,6.27,0.825,0.024,
stec8,SPICA,clean,99600.0,7.3,0.922,0.0255,
stec8,SPICA,clean,99600.0,8.32,1.009,0.0268,
stec8,SPICA,clean,99600.0,9.34,1.093,0.0274,
stec8,SPICA,clean,99600.0,10.35,1.176,0.0282,
stec8,SPICA,clean,99600.0,11.38,1.256,0.0299,
stec8,SPICA,clean,99600.0,12.39,1.329,0.0327,
stec8,SPICA,clean,99600.0,13.39,1.393,0.034,
stec8,SPICA,clean,99600.0,14.41,1.437,0.038,
stec8,SPICA,clean,99600.0,15.4,1.419,0.0593,
stec8,SPICA,clean,202300.0,-3.96,-0.183,0.0577,
stec8,SPICA,clean,202300.0,-2.91,-0.069,0.0403,
stec8,SPICA,clean,202300.0,-1.89,0.042,0.0272,
stec8,SPICA,clean,202300.0,-0.88,0.143,0.0192,
stec8,SPICA,clean,202300.0,0.15,0.241,0.0163,
stec8,SPICA,clean,202300.0,1.17,0.341,0.0149,
stec8,SPICA,clean,202300.0,2.19,0.45,0.0117,
stec8,SPICA,clean,202300.0,3.22,0.555,0.0119,
stec8,SPICA,clean,202300.0,4.23,0.649,0.0128,
stec8,SPICA,clean,202300.0,5.26,0.747,0.0139,
stec8,SPICA,clean,202300.0,6.27,0.84,0.0143,
stec8,SPICA,clean,202300.0,7.3,0.936,0.0153,
stec8,SPICA,clean,202300.0,8.32,1.028,0.0163,
stec8,SPICA,clean,202300.0,9.34,1.117,0.0176,
stec8,SPICA,clean,202300.0,10.35,1.199,0.0186,
stec8,SPICA,clean,202300.0,11.37,1.278,0.0194,
stec8,SPICA,clean,202300.0,12.39,1.352,0.0207,
stec8,SPICA,clean,202300.0,13.4,1.412,0.0237,
stec8,SPICA,clean,202300.0,14.41,1.407,0.0385,
stec8,SPICA,clean,301500.0,-2.98,-0.073,0.0387,
stec8,SPICA,clean,301500.0,-1.9,0.044,0.0257,
stec8,SPICA,clean,301500.0,-0.9,0.143,0.0172,
stec8,SPICA,clean,301500.0,0.15,0.245,0.0139,
stec8,SPICA,clean,301500.0,1.16,0.349,0.0128,
stec8,SPICA,clean,301500.0,2.18,0.448,0.0114,
stec8,SPICA,clean,301500.0,3.22,0.564,0.01,
stec8,SPICA,clean,301500.0,4.23,0.658,0.0105,
stec8,SPICA,clean,301500.0,5.26,0.754,0.0112,
stec8,WB135/35,clean,61300.0,-5.97,-0.373,0.0313,
stec8,WB135/35,clean,61300.0,-4.96,-0.299,0.034,
stec8,WB135/35,clean,61300.0,-3.95,-0.187,0.0328,
stec8,WB135/35,clean,61300.0,-2.91,-0.047,0.0318,
stec8,WB135/35,clean,61300.0,-1.88,0.094,0.0281,
stec8,WB135/35,clean,61300.0,-0.85,0.219,0.0241,
stec8,WB135/35,clean,61300.0,0.16,0.329,0.0247,
stec8,WB135/35,clean,61300.0,1.19,0.426,0.0258,
stec8,WB135/35,clean,61300.0,2.2,0.518,0.0269,
stec8,WB135/35,clean,61300.0,3.22,0.611,0.0258,
stec8,WB135/35,clean,61300.0,4.24,0.689,0.0288,
stec8,WB135/35,clean,61300.0,5.27,0.803,0.0331,
stec8,WB135/35,clean,61300.0,6.28,0.836,0.0422,
stec8,WB135/35,clean,61300.0,7.27,0.808,0.0619,
stec8,WB135/35,clean,61300.0,8.25,0.736,0.1121,
stec8,WB135/35,clean,61300.0,9.27,0.73,0.1316,
stec8,WB135/35,clean,100500.0,-5.96,-0.259,0.0238,
stec8,WB135/35,clean,100500.0,-4.95,-0.127,0.0231,
stec8,WB135/35,clean,100500.0,-3.91,-0.001,0.022,
stec8,WB135/35,clean,100500.0,-2.89,0.114,0.0226,
stec8,WB135/35,clean,100500.0,-1.87,0.212,0.0207,
stec8,WB135/35,clean,100500.0,-0.84,0.303,0.02,
stec8,WB135/35,clean,100500.0,0.17,0.403,0.0182,
stec8,WB135/35,clean,100500.0,1.21,0.512,0.0177,
stec8,WB135/35,clean,100500.0,2.23,0.608,0.0183,
stec8,WB135/35,clean,100500.0,3.24,0.711,0.0182,
stec8,WB135/35,clean,100500.0,4.27,0.805,0.0186,
stec8,WB135/35,clean,100500.0,5.29,0.894,0.0212,
stec8,WB135/35,clean,100500.0,6.3,0.982,0.0237,
stec8,WB135/35,clean,100500.0,7.33,1.07,0.0253,
stec8,WB135/35,clean,100500.0,8.34,1.151,0.0281,
stec8,WB135/35,clean,100500.0,9.36,1.231,0.0289,
stec8,WB135/35,clean,100500.0,10.39,1.298,0.0312,
stec8,WB135/35,clean,100500.0,11.37,1.274,0.0576,
stec8,WB135/35,clean,100500.0,12.37,1.224,0.0687,
stec8,WB135/35,clean,100500.0,13.35,1.21,0.0772,
stec8,WB135/35,clean,155700.0,-5.95,-0.157,0.0174,
stec8,WB135/35,clean,155700.0,-4.92,-0.051,0.0168,
stec8,WB135/35,clean,155700.0,-3.89,0.043,0.016,
stec8,WB135/35,clean,155700.0,-2.89,0.137,0.0157,
stec8,WB135/35,clean,155700.0,-1.86,0.235,0.0149,
stec8,WB135/35,clean,155700.0,-0.85,0.334,0.014,
stec8,WB135/35,clean,155700.0,0.19,0.434,0.0132,
stec8,WB135/35,clean,155700.0,1.21,0.549,0.013,
stec8,WB135/35,clean,155700.0,2.22,0.648,0.0135,
stec8,WB135/35,clean,155700.0,3.24,0.746,0.014,
stec8,WB135/35,clean,155700.0,4.27,0.839,0.0162,
stec8,WB135/35,clean,155700.0,5.29,0.93,0.018,
stec8,WB135/35,clean,155700.0,6.31,1.016,0.0204,
stec8,WB135/35,clean,155700.0,7.33,1.097,0.0216,
stec8,WB135/35,clean,155700.0,8.35,1.178,0.0227,
stec8,WB135/35,clean,155700.0,9.34,1.228,0.0256,
stec8,WB135/35,clean,155700.0,10.36,1.211,0.0533,
stec8,WB135/35,clean,204000.0,-9.07,-0.51,0.0249,
stec8,WB135/35,clean,204000.0,-8.06,-0.406,0.0196,
stec8,WB135/35,clean,204000.0,-6.99,-0.287,0.0157,
stec8,WB135/35,clean,204000.0,-6.0,-0.196,0.0136,
stec8,WB135/35,clean,204000.0,-4.97,-0.107,0.0144,
stec8,WB135/35,clean,204000.0,-3.95,-0.012,0.0138,
stec8,WB135/35,clean,204000.0,-2.93,0.088,0.0135,
stec8,WB135/35,clean,204000.0,-1.89,0.193,0.0129,
stec8,WB135/35,clean,204000.0,-0.85,0.305,0.0128,
stec8,WB135/35,clean,204000.0,0.17,0.41,0.0122,
stec8,WB135/35,clean,204000.0,1.2,0.514,0.0114,
stec8,WB135/35,clean,204000.0,2.23,0.627,0.0111,
stec8,WB135/35,clean,204000.0,3.24,0.725,0.012,
stec8,WB135/35,clean,204000.0,4.26,0.814,0.0131,
stec8,WB135/35,clean,204000.0,5.28,0.908,0.0148,
stec8,WB135/35,clean,204000.0,6.3,0.999,0.0163,
stec8,WB135/35,clean,204000.0,7.32,1.085,0.018,
stec8,WB135/35,clean,204000.0,8.34,1.168,0.0195,
stec8,WB135/35,clean,204000.0,9.35,1.228,0.0227,
stec8,WB135/35,clean,204000.0,10.36,1.239,0.0356,
stec8,WB135/35,clean,204000.0,11.35,1.219,0.0623,
stec8,WB135/35,clean,204000.0,12.35,1.198,0.0807,
stec8,WB135/35,clean,204000.0,13.35,1.175,0.1035,
stec8,WB135/35,clean,204000.0,14.34,1.155,0.1266,
stec8,WB135/35,clean,302700.0,-4.94,-0.078,0.0118,
stec8,WB135/35,clean,302700.0,-3.91,0.021,0.0116,
stec8,WB135/35,clean,302700.0,-2.88,0.125,0.0112,
stec8,WB135/35,clean,302700.0,-1.87,0.23,0.0113,
stec8,WB135/35,clean,302700.0,-0.85,0.335,0.0109,
stec8,WB135/35,clean,302700.0,0.18,0.438,0.0109,
stec8,WB135/35,clean,302700.0,1.18,0.536,0.0106,
stec8,WB135/35,clean,302700.0,2.19,0.636,0.0106,
stec8,WB135/35,clean,302700.0,3.22,0.738,0.0114,
stec8,WB140/35/FB,clean,98500.0,-6.01,-0.33,0.0289,
stec8,WB140/35/FB,clean,98500.0,-4.97,-0.226,0.0274,
stec8,WB140/35/FB,clean,98500.0,-3.94,-0.133,0.028,
stec8,WB140/35/FB,clean,98500.0,-2.94,-0.052,0.027,
stec8,WB140/35/FB,clean,98500.0,-1.89,0.047,0.0278,
stec8,WB140/35/FB,clean,98500.0,-0.88,0.154,0.0264,
stec8,WB140/35/FB,clean,98500.0,0.15,0.271,0.028,
stec8,WB140/35/FB,clean,98500.0,1.18,0.388,0.029,
stec8,WB140/35/FB,clean,98500.0,2.2,0.499,0.0308,
stec8,WB140/35/FB,clean,98500.0,3.22,0.607,0.0297,
stec8,WB140/35/FB,clean,98500.0,4.24,0.719,0.0287,
stec8,WB140/35/FB,clean,98500.0,5.26,0.822,0.0281,
stec8,WB140/35/FB,clean,98500.0,6.29,0.923,0.0252,
stec8,WB140/35/FB,clean,98500.0,7.31,1.02,0.0228,
stec8,WB140/35/FB,clean,98500.0,8.32,1.096,0.0224,
stec8,WB140/35/FB,clean,98500.0,9.34,1.152,0.0263,
stec8,WB140/35/FB,clean,98500.0,10.34,1.155,0.0314,
stec8,WB140/35/FB,clean,98500.0,11.32,1.114,0.048,
stec8,WB140/35/FB,clean,98500.0,12.31,1.089,0.0625,
stec8,WB140/35/FB,clean,153900.0,-5.97,-0.19,0.0194,
stec8,WB140/35/FB,clean,153900.0,-4.92,-0.088,0.018,
stec8,WB140/35/FB,clean,153900.0,-3.9,0.011,0.0173,
stec8,WB140/35/FB,clean,153900.0,-2.91,0.104,0.017,
stec8,WB140/35/FB,clean,153900.0,-1.87,0.201,0.0165,
stec8,WB140/35/FB,clean,153900.0,-0.85,0.293,0.0152,
stec8,WB140/35/FB,clean,153900.0,0.17,0.416,0.0143,
stec8,WB140/35/FB,clean,153900.0,1.19,0.511,0.0154,
stec8,WB140/35/FB,clean,153900.0,2.21,0.604,0.0146,
stec8,WB140/35/FB,clean,153900.0,3.24,0.702,0.0153,
stec8,WB140/35/FB,clean,153900.0,4.26,0.8,0.0158,
stec8,WB140/35/FB,clean,153900.0,5.28,0.896,0.0166,
stec8,WB140/35/FB,clean,153900.0,6.29,0.987,0.0169,
stec8,WB140/35/FB,clean,153900.0,7.33,1.063,0.0177,
stec8,WB140/35/FB,clean,153900.0,8.33,1.116,0.0196,
stec8,WB140/35/FB,clean,153900.0,9.32,1.128,0.0224,
stec8,WB140/35/FB,clean,153900.0,10.32,1.095,0.0426,
stec8,WB140/35/FB,clean,153900.0,11.32,1.079,0.0462,
stec8,WB140/35/FB,clean,200500.0,-6.02,-0.189,0.017,
stec8,WB140/35/FB,clean,200500.0,-4.95,-0.102,0.0148,
stec8,WB140/35/FB,clean,200500.0,-3.97,-0.019,0.0142,
stec8,WB140/35/FB,clean,200500.0,-2.98,0.076,0.0144,
stec8,WB140/35/FB,clean,200500.0,-1.91,0.182,0.0138,
stec8,WB140/35/FB,clean,200500.0,-0.85,0.287,0.0131,
stec8,WB140/35/FB,clean,200500.0,0.17,0.383,0.0122,
stec8,WB140/35/FB,clean,200500.0,1.18,0.505,0.0123,
stec8,WB140/35/FB,clean,200500.0,2.2,0.603,0.0123,
stec8,WB140/35/FB,clean,200500.0,3.22,0.7,0.0131,
stec8,WB140/35/FB,clean,200500.0,4.24,0.799,0.0135,
stec8,WB140/35/FB,clean,200500.0,5.28,0.895,0.014,
stec8,WB140/35/FB,clean,200500.0,6.28,0.984,0.0143,
stec8,WB140/35/FB,clean,200500.0,7.31,1.057,0.0154,
stec8,WB140/35/FB,clean,200500.0,8.34,1.11,0.0178,
stec8,WB140/35/FB,clean,200500.0,9.33,1.132,0.0228,
stec8,WB140/35/FB,clean,200500.0,10.34,1.117,0.0326,
stec8,WB140/35/FB,clean,200500.0,11.32,1.095,0.0443,
stec8,WB140/35/FB,clean,200500.0,12.34,1.093,0.0551,
stec8,WB140/35/FB,clean,200500.0,13.33,1.094,0.0653,
stec8,WB140/35/FB,clean,307600.0,-5.95,-0.163,0.0143,
stec8,WB140/35/FB,clean,307600.0,-4.94,-0.069,0.0122,
stec8,WB140/35/FB,clean,307600.0,-3.9,0.029,0.0116,
stec8,WB140/35/FB,clean,307600.0,-2.9,0.125,0.0114,
stec8,WB140/35/FB,clean,307600.0,-1.88,0.228,0.0113,
stec8,WB140/35/FB,clean,307600.0,-0.85,0.332,0.0108,
stec8,WB140/35/FB,clean,307600.0,0.18,0.429,0.0104,
stec8,WB140/35/FB,clean,307600.0,1.19,0.526,0.0099,
stec8,WB140/35/FB,clean,307600.0,2.23,0.638,0.01,
stec8,WB140/35/FB,clean,307600.0,3.23,0.728,0.0104,
stec8,WB140/35/FB,clean,307600.0,4.24,0.816,0.0109,
stec8,WB140/35/FB,clean,307600.0,5.27,0.9,0.0116,
stec8,WB140/35/FB,clean,307600.0,6.26,0.973,0.0125,
stec8,WB140/35/FB,clean,307600.0,7.23,1.031,0.0141,
stec8,WB140/35/FB,clean,307600.0,8.29,1.076,0.0169,
stec8,WB140/35/FB,clean,307600.0,9.3,1.083,0.021,
