entry,Re,alpha,zCD_oof,dCL_oof
stec8|AQUILA,59400,-1.86,-0.19748,0.10308
stec8|AQUILA,59400,-0.83,-0.09573,0.08448
stec8|AQUILA,59400,0.18,-0.04166,0.03352
stec8|AQUILA,59400,1.2,-0.02474,0.00134
stec8|AQUILA,59400,2.23,-0.02267,-0.02237
stec8|AQUILA,59400,3.23,-0.01622,-0.02930
stec8|AQUILA,59400,4.26,-0.01620,-0.04280
stec8|AQUILA,59400,5.27,-0.01359,-0.05728
stec8|AQUILA,59400,6.28,-0.02245,-0.08590
stec8|AQUILA,59400,7.3,-0.01079,-0.11408
stec8|AQUILA,59400,8.33,-0.01388,-0.11408
stec8|AQUILA,59400,9.34,-0.00567,-0.09976
stec8|AQUILA,59400,10.34,-0.15894,-0.10624
stec8|AQUILA,101100,-1.86,-0.07635,-0.00347
stec8|AQUILA,101100,-0.84,-0.04247,-0.03045
stec8|AQUILA,101100,0.18,-0.00452,-0.05591
stec8|AQUILA,101100,1.21,0.01331,-0.06192
stec8|AQUILA,101100,2.22,0.02940,-0.07104
stec8|AQUILA,101100,3.24,0.03427,-0.08509
stec8|AQUILA,101100,4.27,0.03455,-0.08836
stec8|AQUILA,101100,5.28,0.03294,-0.09433
stec8|AQUILA,101100,6.29,0.03083,-0.09982
stec8|AQUILA,101100,7.33,0.03172,-0.10034
stec8|AQUILA,101100,8.33,0.03398,-0.09357
stec8|AQUILA,101100,9.35,0.03824,-0.09818
stec8|AQUILA,101100,10.36,0.02129,-0.09782
stec8|AQUILA,101100,11.36,0.08280,-0.10486
stec8|AQUILA,150500,1.19,0.02746,-0.05386
stec8|AQUILA,150500,3.24,0.04202,-0.07448
stec8|AQUILA,150500,5.28,0.03779,-0.08277
stec8|AQUILA,150500,7.32,0.03905,-0.08634
stec8|AQUILA,150500,8.34,0.04549,-0.07985
stec8|AQUILA,150500,9.36,0.05062,-0.08073
stec8|AQUILA,150500,11.37,0.11150,-0.07887
stec8|AQUILA,203900,-1.89,-0.05164,-0.04138
stec8|AQUILA,203900,-0.85,-0.03621,-0.04473
stec8|AQUILA,203900,0.17,0.01597,-0.05685
stec8|AQUILA,203900,1.19,0.04637,-0.05904
stec8|AQUILA,203900,2.22,0.05744,-0.06504
stec8|AQUILA,203900,3.26,0.06198,-0.07744
stec8|AQUILA,203900,4.26,0.05494,-0.08032
stec8|AQUILA,203900,5.28,0.05129,-0.08600
stec8|AQUILA,203900,6.31,0.05143,-0.08843
stec8|AQUILA,203900,7.32,0.04779,-0.08946
stec8|AQUILA,203900,8.34,0.05212,-0.08001
stec8|AQUILA,203900,9.35,0.06092,-0.08299
stec8|AQUILA,203900,10.37,0.07599,-0.08802
stec8|AQUILA,203900,11.35,0.14863,-0.09297
stec8|AQUILA,301100,-3.93,-0.19221,-0.00861
stec8|AQUILA,301100,-2.91,-0.08438,-0.03115
stec8|AQUILA,301100,-1.87,-0.01711,-0.04575
stec8|AQUILA,301100,-0.89,-0.01911,-0.05407
stec8|AQUILA,301100,0.14,0.02514,-0.05317
stec8|AQUILA,301100,1.13,0.05031,-0.05940
stec8|AQUILA,301100,2.18,0.06674,-0.06493
stec8|AQUILA,301100,3.21,0.06236,-0.07734
stec8|AQUILA,301100,4.23,0.07082,-0.08038
stec8|AQUILA,301100,5.28,0.06950,-0.08738
stec8|AQUILA,301100,6.3,0.06534,-0.08948
stec8|AQUILA,301100,7.32,0.06193,-0.09327
stec8|CLARK-Y,61300,-3.95,-0.12297,0.14962
stec8|CLARK-Y,61300,-2.92,-0.13723,0.13553
stec8|CLARK-Y,61300,-1.9,-0.11343,0.13044
stec8|CLARK-Y,61300,-0.88,-0.10626,0.06946
stec8|CLARK-Y,61300,0.15,-0.02620,0.02418
stec8|CLARK-Y,61300,1.18,-0.02433,-0.02030
stec8|CLARK-Y,61300,2.2,-0.02239,-0.05177
stec8|CLARK-Y,61300,3.24,-0.01326,-0.07811
stec8|CLARK-Y,61300,4.26,0.00444,-0.09144
stec8|CLARK-Y,61300,5.28,0.00444,-0.09580
stec8|CLARK-Y,61300,6.29,0.00057,-0.10999
stec8|CLARK-Y,61300,7.32,0.00761,-0.13129
stec8|CLARK-Y,61300,8.33,0.00719,-0.14357
stec8|CLARK-Y,61300,9.34,0.00147,-0.14224
stec8|CLARK-Y,61300,10.35,-0.04177,-0.14246
stec8|CLARK-Y,61300,11.34,-0.03325,-0.14803
stec8|CLARK-Y,102600,-3.94,-0.06118,0.08528
stec8|CLARK-Y,102600,-2.92,-0.03071,0.06160
stec8|CLARK-Y,102600,-1.87,-0.02036,0.03236
stec8|CLARK-Y,102600,-0.85,0.04094,-0.03116
stec8|CLARK-Y,102600,0.17,0.04468,-0.05408
stec8|CLARK-Y,102600,1.2,0.05978,-0.07905
stec8|CLARK-Y,102600,2.21,0.07226,-0.09622
stec8|CLARK-Y,102600,3.25,0.09200,-0.10587
stec8|CLARK-Y,102600,4.25,0.08020,-0.10940
stec8|CLARK-Y,102600,5.28,0.08765,-0.11124
stec8|CLARK-Y,102600,6.29,0.08623,-0.11831
stec8|CLARK-Y,102600,7.32,0.08954,-0.11991
stec8|CLARK-Y,102600,8.34,0.07294,-0.12198
stec8|CLARK-Y,102600,9.36,0.07791,-0.12490
stec8|CLARK-Y,102600,10.36,0.07153,-0.12353
stec8|CLARK-Y,102600,11.35,0.12028,-0.12113
stec8|CLARK-Y,203800,-3.96,0.01870,0.03298
stec8|CLARK-Y,203800,-2.9,0.04097,-0.01030
stec8|CLARK-Y,203800,-1.91,0.06032,-0.03133
stec8|CLARK-Y,203800,-0.85,0.05742,-0.06061
stec8|CLARK-Y,203800,0.17,0.07084,-0.08264
stec8|CLARK-Y,203800,1.19,0.08023,-0.08776
stec8|CLARK-Y,203800,2.22,0.08748,-0.09693
stec8|CLARK-Y,203800,3.24,0.08981,-0.10351
stec8|CLARK-Y,203800,4.27,0.09499,-0.09977
stec8|CLARK-Y,203800,5.28,0.09510,-0.10079
stec8|CLARK-Y,203800,6.3,0.09510,-0.10149
stec8|CLARK-Y,203800,7.31,0.09737,-0.10782
stec8|CLARK-Y,203800,8.34,0.07814,-0.10596
stec8|CLARK-Y,203800,9.34,0.09918,-0.09638
stec8|CLARK-Y,203800,10.34,0.08843,-0.10969
stec8|CLARK-Y,203800,11.35,0.12970,-0.11236
stec8|CLARK-Y,301200,-4.93,0.06512,0.01367
stec8|CLARK-Y,301200,-3.91,0.07666,-0.00674
stec8|CLARK-Y,301200,-2.9,0.09701,-0.03144
stec8|CLARK-Y,301200,-1.87,0.09485,-0.04034
stec8|CLARK-Y,301200,-0.86,0.11030,-0.05716
stec8|CLARK-Y,301200,0.16,0.10585,-0.08065
stec8|CLARK-Y,301200,1.2,0.11551,-0.08186
stec8|CLARK-Y,301200,2.23,0.12620,-0.08776
stec8|CLARK-Y,301200,3.24,0.12852,-0.09480
stec8|CLARK-Y,301200,4.26,0.12706,-0.09228
stec8|CLARK-Y,301200,5.29,0.12569,-0.09082
stec8|DAE51,60400,-2.91,-0.22670,0.12950
stec8|DAE51,60400,-1.89,-0.20077,0.13087
stec8|DAE51,60400,-0.87,-0.11271,0.11633
stec8|DAE51,60400,0.18,-0.04440,0.06434
stec8|DAE51,60400,1.2,0.01924,0.04542
stec8|DAE51,60400,2.22,0.02573,0.01875
stec8|DAE51,60400,3.24,0.03577,-0.00166
stec8|DAE51,60400,4.25,0.03446,-0.03352
stec8|DAE51,60400,5.29,0.01993,-0.04913
stec8|DAE51,60400,6.28,0.01106,-0.08632
stec8|DAE51,60400,7.31,-0.00788,-0.09284
stec8|DAE51,60400,8.31,-0.02638,-0.08462
stec8|DAE51,101400,-2.9,-0.10364,0.04456
stec8|DAE51,101400,-1.87,0.00331,0.02656
stec8|DAE51,101400,-0.84,0.04252,0.00850
stec8|DAE51,101400,0.18,0.07154,-0.00888
stec8|DAE51,101400,1.22,0.08795,-0.01697
stec8|DAE51,101400,2.22,0.09918,-0.03169
stec8|DAE51,101400,3.25,0.10817,-0.05405
stec8|DAE51,101400,4.25,0.09972,-0.05948
stec8|DAE51,101400,5.29,0.09881,-0.08894
stec8|DAE51,101400,6.3,0.10037,-0.09520
stec8|DAE51,101400,7.33,0.07891,-0.09753
stec8|DAE51,101400,8.32,0.05743,-0.07892
stec8|DAE51,101400,9.33,0.01756,-0.07281
stec8|DAE51,101400,10.33,-0.00886,-0.08662
stec8|DAE51,153500,-2.87,-0.01150,0.02752
stec8|DAE51,153500,-1.84,0.03009,0.01162
stec8|DAE51,153500,-0.82,0.05053,-0.01303
stec8|DAE51,153500,0.2,0.06874,-0.02085
stec8|DAE51,153500,1.2,0.09296,-0.03768
stec8|DAE51,153500,2.23,0.10701,-0.04668
stec8|DAE51,153500,3.27,0.10473,-0.05999
stec8|DAE51,153500,4.28,0.10473,-0.06240
stec8|DAE51,153500,5.31,0.10359,-0.07309
stec8|DAE51,153500,6.31,0.10210,-0.08164
stec8|DAE51,153500,7.32,0.08527,-0.07640
stec8|DAE51,153500,8.34,0.06445,-0.06723
stec8|DAE51,153500,9.35,0.03886,-0.06275
stec8|DAE51,153500,10.33,0.02813,-0.06594
stec8|DAE51,153500,11.34,0.04066,-0.08232
stec8|DAE51,203200,-2.92,0.02842,-0.00377
stec8|DAE51,203200,-1.86,0.04265,-0.00079
stec8|DAE51,203200,-0.83,0.08029,-0.01980
stec8|DAE51,203200,0.17,0.09167,-0.04024
stec8|DAE51,203200,1.21,0.10706,-0.05056
stec8|DAE51,203200,2.23,0.11617,-0.05065
stec8|DAE51,203200,3.27,0.11430,-0.06011
stec8|DAE51,203200,4.26,0.11376,-0.06094
stec8|DAE51,203200,5.3,0.11474,-0.07321
stec8|DAE51,203200,6.31,0.11180,-0.08176
stec8|DAE51,203200,7.31,0.09577,-0.07455
stec8|DAE51,203200,8.33,0.05763,-0.06652
stec8|DAE51,203200,9.35,0.04875,-0.06264
stec8|DAE51,203200,10.33,0.05015,-0.06507
stec8|DAE51,203200,11.34,0.06088,-0.08480
stec8|DAE51,310400,-2.88,0.04681,-0.01314
stec8|DAE51,310400,-1.84,0.06066,-0.02160
stec8|DAE51,310400,-0.82,0.09445,-0.02249
stec8|DAE51,310400,0.17,0.10893,-0.03275
stec8|DAE51,310400,1.22,0.13008,-0.03806
stec8|DAE51,310400,2.22,0.13263,-0.03770
stec8|DAE51,310400,3.26,0.14274,-0.04470
stec8|DAE51,310400,4.24,0.14220,-0.04551
stec8|DAE51,310400,5.18,0.14927,-0.05576
stec8|DAE51,310400,6.28,0.12643,-0.06049
stec8|DAE51,310400,7.31,0.10389,-0.05458
stec8|DAE51,310400,8.33,0.07400,-0.05273
stec8|DAE51,310400,9.34,0.07660,-0.05305
stec8|DAE51,310400,10.34,0.04700,-0.05145
stec8|DF101,58100,-4.99,-0.25019,0.11968
stec8|DF101,58100,-3.97,-0.23197,0.12024
stec8|DF101,58100,-2.95,-0.18011,0.11231
stec8|DF101,58100,-1.92,-0.17866,0.10752
stec8|DF101,58100,-0.89,-0.17108,0.08719
stec8|DF101,58100,0.14,-0.16627,0.07720
stec8|DF101,58100,1.17,-0.08017,0.06850
stec8|DF101,58100,2.2,-0.04216,0.01175
stec8|DF101,58100,3.21,-0.03630,-0.03128
stec8|DF101,58100,4.23,-0.02754,-0.09151
stec8|DF101,58100,5.24,-0.02304,-0.09680
stec8|DF101,58100,6.26,-0.02320,-0.09550
stec8|DF101,58100,7.28,-0.02200,-0.10711
stec8|DF101,58100,8.29,-0.02750,-0.11082
stec8|DF101,58100,9.31,-0.02681,-0.11734
stec8|DF101,58100,10.31,-0.12927,-0.10425
stec8|DF101,101700,-6.0,-0.20305,0.09709
stec8|DF101,101700,-4.97,-0.17116,0.09875
stec8|DF101,101700,-3.97,-0.17183,0.08455
stec8|DF101,101700,-2.95,-0.14874,0.07339
stec8|DF101,101700,-1.91,-0.11137,0.04197
stec8|DF101,101700,-0.87,-0.05726,-0.01372
stec8|DF101,101700,0.16,-0.01562,-0.05157
stec8|DF101,101700,1.17,0.00061,-0.05632
stec8|DF101,101700,2.19,0.01772,-0.07960
stec8|DF101,101700,3.21,0.03200,-0.09125
stec8|DF101,101700,4.24,0.03737,-0.09602
stec8|DF101,101700,5.25,0.03516,-0.10095
stec8|DF101,101700,6.26,0.03638,-0.10039
stec8|DF101,101700,7.28,0.03190,-0.10107
stec8|DF101,101700,8.3,0.02323,-0.10844
stec8|DF101,101700,9.32,0.02860,-0.11704
stec8|DF101,101700,10.33,0.01254,-0.10929
stec8|DF101,101700,11.33,0.05444,-0.12864
stec8|DF101,153700,-5.99,-0.19977,0.10560
stec8|DF101,153700,-4.97,-0.16796,0.09623
stec8|DF101,153700,-3.95,-0.14541,0.05180
stec8|DF101,153700,-2.93,-0.09809,0.03917
stec8|DF101,153700,-1.9,-0.08092,0.01553
stec8|DF101,153700,-0.87,-0.01205,-0.02572
stec8|DF101,153700,0.16,-0.00301,-0.05394
stec8|DF101,153700,1.17,0.02145,-0.06827
stec8|DF101,153700,2.19,0.03751,-0.08377
stec8|DF101,153700,3.22,0.04374,-0.08809
stec8|DF101,153700,4.23,0.04841,-0.09076
stec8|DF101,153700,5.26,0.04722,-0.09427
stec8|DF101,153700,6.27,0.04599,-0.09111
stec8|DF101,153700,7.29,0.04547,-0.09318
stec8|DF101,153700,8.31,0.04069,-0.10000
stec8|DF101,153700,9.32,0.07190,-0.10714
stec8|DF101,153700,10.33,0.03543,-0.10233
stec8|DF101,153700,11.34,0.12930,-0.10822
stec8|DF101,201400,-5.99,-0.13744,0.08796
stec8|DF101,201400,-4.97,-0.13247,0.05844
stec8|DF101,201400,-3.93,-0.09758,0.03218
stec8|DF101,201400,-2.92,-0.06208,0.01017
stec8|DF101,201400,-1.89,-0.03465,-0.00545
stec8|DF101,201400,-0.88,-0.01086,-0.04030
stec8|DF101,201400,0.15,0.00196,-0.07023
stec8|DF101,201400,1.18,0.04016,-0.08497
stec8|DF101,201400,2.2,0.04751,-0.08582
stec8|DF101,201400,3.22,0.05367,-0.08891
stec8|DF101,201400,4.24,0.05802,-0.08625
stec8|DF101,201400,5.25,0.05461,-0.08906
stec8|DF101,201400,6.26,0.05531,-0.08558
stec8|DF101,201400,7.29,0.04973,-0.08778
stec8|DF101,201400,8.3,0.05121,-0.09179
stec8|DF101,201400,9.32,0.05642,-0.09628
stec8|DF101,201400,10.33,0.04992,-0.09339
stec8|DF101,201400,11.34,0.15310,-0.10446
stec8|DF101,305500,-6.0,-0.06867,0.05353
stec8|DF101,305500,-4.96,-0.09396,0.02262
stec8|DF101,305500,-3.94,-0.04080,-0.00206
stec8|DF101,305500,-2.93,-0.00349,-0.00597
stec8|DF101,305500,-1.9,-0.00023,-0.02264
stec8|DF101,305500,-0.88,0.01665,-0.03729
stec8|DF101,305500,0.14,0.02381,-0.06703
stec8|DF101,305500,1.17,0.04083,-0.07165
stec8|DF101,305500,2.19,0.06207,-0.07567
stec8|DF101,305500,3.21,0.06932,-0.07904
stec8|DF101,305500,4.24,0.07177,-0.08049
stec8|DF101,305500,5.25,0.07996,-0.08330
stec8|DF101,305500,6.26,0.06938,-0.07979
stec8|DF101,305500,7.29,0.06483,-0.08272
stec8|DF101,305500,8.31,0.06759,-0.08770
stec8|DF101,305500,9.31,0.07771,-0.08977
stec8|DF101,305500,10.34,0.07076,-0.08931
stec8|DF102,59100,-3.98,-0.21159,0.10265
stec8|DF102,59100,-2.96,-0.15438,0.09925
stec8|DF102,59100,-1.93,-0.15292,0.09524
stec8|DF102,59100,-0.93,-0.14535,0.07508
stec8|DF102,59100,0.12,-0.14053,0.06974
stec8|DF102,59100,1.15,-0.06740,0.05662
stec8|DF102,59100,2.18,-0.01853,0.00242
stec8|DF102,59100,3.19,-0.01056,-0.08011
stec8|DF102,59100,4.22,0.00504,-0.09827
stec8|DF102,59100,5.23,0.00299,-0.10421
stec8|DF102,59100,6.25,-0.00169,-0.10452
stec8|DF102,59100,7.27,0.00031,-0.11664
stec8|DF102,59100,8.28,-0.00114,-0.10599
stec8|DF102,59100,9.27,0.01582,-0.11081
stec8|DF102,59100,10.25,0.04304,-0.10973
stec8|DF102,100200,-3.97,-0.18786,0.08690
stec8|DF102,100200,-2.95,-0.14620,0.07417
stec8|DF102,100200,-1.92,-0.12133,0.04880
stec8|DF102,100200,-0.89,-0.05894,-0.00413
stec8|DF102,100200,0.13,-0.01566,-0.04321
stec8|DF102,100200,1.16,-0.00030,-0.05396
stec8|DF102,100200,2.18,0.01990,-0.08079
stec8|DF102,100200,3.2,0.03435,-0.09100
stec8|DF102,100200,4.23,0.03746,-0.09198
stec8|DF102,100200,5.22,0.02851,-0.09446
stec8|DF102,100200,6.26,0.02337,-0.08992
stec8|DF102,100200,7.26,0.03023,-0.09273
stec8|DF102,100200,8.28,0.04009,-0.10141
stec8|DF102,100200,9.29,0.04031,-0.10503
stec8|DF102,100200,10.32,0.04444,-0.10725
stec8|DF102,100200,11.31,0.09403,-0.13052
stec8|DF102,149100,-3.95,-0.16515,0.05803
stec8|DF102,149100,-2.43,-0.09653,0.02514
stec8|DF102,149100,-0.89,-0.01762,-0.02415
stec8|DF102,149100,0.65,-0.00383,-0.06700
stec8|DF102,149100,2.17,0.02552,-0.08396
stec8|DF102,149100,3.7,0.03654,-0.08880
stec8|DF102,149100,5.24,0.03277,-0.09153
stec8|DF102,149100,6.76,0.03133,-0.08625
stec8|DF102,149100,8.29,0.04633,-0.09995
stec8|DF102,149100,9.81,0.02996,-0.09605
stec8|DF102,149100,11.32,0.13950,-0.12489
stec8|DF102,200900,-3.97,-0.12527,0.03753
stec8|DF102,200900,-2.96,-0.06331,0.01257
stec8|DF102,200900,-1.93,-0.03052,0.00095
stec8|DF102,200900,-0.91,-0.01256,-0.02552
stec8|DF102,200900,0.13,-0.00029,-0.06232
stec8|DF102,200900,1.16,0.03791,-0.07707
stec8|DF102,200900,2.17,0.04651,-0.08003
stec8|DF102,200900,3.19,0.05201,-0.07831
stec8|DF102,200900,4.22,0.05355,-0.07948
stec8|DF102,200900,5.23,0.04557,-0.07992
stec8|DF102,200900,6.26,0.04890,-0.07886
stec8|DF102,200900,7.27,0.05082,-0.07781
stec8|DF102,200900,8.28,0.04704,-0.08283
stec8|DF102,200900,9.31,0.05059,-0.08884
stec8|DF102,200900,10.32,0.06088,-0.09506
stec8|DF102,200900,11.34,0.17229,-0.11135
stec8|DF102,300900,-4.03,-0.06740,0.00215
stec8|DF102,300900,-2.97,-0.01739,-0.00783
stec8|DF102,300900,-1.93,0.00795,-0.01910
stec8|DF102,300900,-0.91,0.01397,-0.03198
stec8|DF102,300900,0.12,0.01455,-0.06652
stec8|DF102,300900,1.12,0.04337,-0.07383
stec8|DF102,300900,2.16,0.06014,-0.07786
stec8|DF102,300900,3.18,0.06760,-0.07704
stec8|DF102,300900,4.21,0.05956,-0.07608
stec8|DF102,300900,5.24,0.05329,-0.07864
stec8|DF102,300900,6.24,0.05554,-0.07788
stec8|DF102,300900,7.27,0.05428,-0.07980
stec8|DF102,300900,8.28,0.05356,-0.08543
stec8|DF102,300900,9.31,0.05856,-0.08919
stec8|DF102,300900,10.31,0.08099,-0.09475
stec8|DF102,300900,11.34,0.19215,-0.11262
stec8|E193,60200,-3.95,-0.26618,0.18690
stec8|E193,60200,-2.93,-0.22845,0.16936
stec8|E193,60200,-1.9,-0.13804,0.13519
stec8|E193,60200,-0.87,-0.03237,0.09267
stec8|E193,60200,0.16,-0.01818,0.05819
stec8|E193,60200,1.19,-0.00305,0.05106
stec8|E193,60200,2.2,0.00217,0.03747
stec8|E193,60200,3.21,0.03889,0.01304
stec8|E193,60200,4.23,0.06875,-0.03127
stec8|E193,60200,5.25,0.09245,-0.04697
stec8|E193,60200,6.29,-0.00241,-0.04541
stec8|E193,60200,7.3,-0.00830,-0.06210
stec8|E193,60200,8.33,-0.05243,-0.07558
stec8|E193,60200,9.33,-0.09086,-0.04789
stec8|E193,60200,10.34,-0.23338,-0.04059
stec8|E193,60200,11.33,-0.13177,-0.05406
stec8|E193,97500,-3.95,-0.16738,0.11282
stec8|E193,97500,-2.91,-0.08084,0.07859
stec8|E193,97500,-1.88,-0.00306,0.04569
stec8|E193,97500,-0.87,0.01311,0.02108
stec8|E193,97500,0.14,0.01860,0.00490
stec8|E193,97500,1.19,0.02640,-0.01598
stec8|E193,97500,2.2,0.04114,-0.01976
stec8|E193,97500,3.21,0.04879,-0.01232
stec8|E193,97500,4.23,0.04856,-0.02689
stec8|E193,97500,5.26,0.05281,-0.02633
stec8|E193,97500,6.28,0.05029,-0.05019
stec8|E193,97500,7.3,0.05035,-0.06301
stec8|E193,97500,8.33,0.02883,-0.04995
stec8|E193,97500,9.32,-0.01737,-0.04798
stec8|E193,97500,10.34,-0.07413,-0.04451
stec8|E193,97500,11.34,0.05883,-0.06638
stec8|E193,204200,-3.94,-0.06574,0.03127
stec8|E193,204200,-2.95,-0.02226,0.00905
stec8|E193,204200,-1.89,0.02282,0.01633
stec8|E193,204200,-0.88,0.02779,-0.01666
stec8|E193,204200,0.15,0.04434,-0.02027
stec8|E193,204200,1.18,0.06282,-0.02780
stec8|E193,204200,2.19,0.07644,-0.03022
stec8|E193,204200,3.22,0.08015,-0.02507
stec8|E193,204200,4.24,0.08093,-0.03737
stec8|E193,204200,5.26,0.08215,-0.03114
stec8|E193,204200,6.28,0.08280,-0.04485
stec8|E193,204200,7.31,0.08959,-0.04427
stec8|E193,204200,8.31,0.06068,-0.03500
stec8|E193,204200,9.31,0.04769,-0.03100
stec8|E193,204200,10.33,0.04176,-0.02676
stec8|E193,204200,11.34,0.06164,-0.04010
stec8|E193,303100,-2.92,0.00042,0.02706
stec8|E193,303100,-1.89,0.04254,0.01109
stec8|E193,303100,-0.88,0.04608,-0.00078
stec8|E193,303100,0.15,0.04491,-0.01474
stec8|E193,303100,1.16,0.07867,-0.01861
stec8|E193,303100,2.19,0.08860,-0.01814
stec8|E193,303100,3.2,0.10323,-0.02142
stec8|E193,303100,4.24,0.10148,-0.02944
stec8|E193,303100,5.25,0.10667,-0.02421
stec8|E205A,59800,-3.96,-0.30955,0.18050
stec8|E205A,59800,-2.92,-0.25308,0.14890
stec8|E205A,59800,-1.9,-0.09818,0.08251
stec8|E205A,59800,-0.85,0.01294,0.03304
stec8|E205A,59800,0.16,0.02099,0.00673
stec8|E205A,59800,1.17,0.01643,-0.00402
stec8|E205A,59800,2.18,0.03473,-0.00493
stec8|E205A,59800,3.21,0.01805,-0.01192
stec8|E205A,59800,4.22,0.02060,-0.01815
stec8|E205A,59800,5.24,0.01390,-0.03464
stec8|E205A,59800,6.25,0.01187,-0.04595
stec8|E205A,59800,7.28,0.01354,-0.05597
stec8|E205A,59800,8.29,0.02238,-0.06163
stec8|E205A,59800,9.31,-0.04793,-0.07304
stec8|E205A,59800,10.32,-0.08260,-0.07473
stec8|E205A,59800,11.32,-0.00911,-0.07626
stec8|E205A,99500,-3.93,-0.20158,0.11619
stec8|E205A,99500,-2.92,-0.11077,0.07987
stec8|E205A,99500,-1.88,0.01290,0.03332
stec8|E205A,99500,-0.86,0.04086,0.00753
stec8|E205A,99500,0.16,0.04904,-0.01380
stec8|E205A,99500,1.18,0.05655,-0.01987
stec8|E205A,99500,2.2,0.07550,-0.02492
stec8|E205A,99500,3.21,0.08062,-0.02890
stec8|E205A,99500,4.23,0.08372,-0.03591
stec8|E205A,99500,5.25,0.08310,-0.03889
stec8|E205A,99500,6.27,0.08153,-0.04682
stec8|E205A,99500,7.29,0.08465,-0.06075
stec8|E205A,99500,8.32,0.08356,-0.07732
stec8|E205A,99500,9.32,0.06706,-0.06875
stec8|E205A,99500,10.33,0.04599,-0.07133
stec8|E205A,99500,11.32,0.19044,-0.08507
stec8|E205A,150600,-1.9,0.00983,0.02265
stec8|E205A,150600,-0.86,0.04066,-0.01100
stec8|E205A,150600,0.15,0.04580,-0.02523
stec8|E205A,150600,1.16,0.05026,-0.03051
stec8|E205A,150600,3.22,0.08272,-0.03599
stec8|E205A,150600,5.25,0.08725,-0.04132
stec8|E205A,150600,7.3,0.08502,-0.06279
stec8|E205A,150600,8.31,0.08689,-0.07387
stec8|E205A,150600,9.33,0.06981,-0.07330
stec8|E205A,150600,10.33,0.07905,-0.07567
stec8|E205A,150600,11.32,0.21037,-0.09269
stec8|E205A,202100,-4.98,-0.15752,0.06614
stec8|E205A,202100,-3.94,-0.08502,0.02604
stec8|E205A,202100,-2.92,-0.06455,0.00781
stec8|E205A,202100,-1.89,0.03812,0.00908
stec8|E205A,202100,-0.9,0.05869,-0.02720
stec8|E205A,202100,0.15,0.06045,-0.03599
stec8|E205A,202100,1.16,0.05805,-0.04063
stec8|E205A,202100,2.19,0.08366,-0.03978
stec8|E205A,202100,3.2,0.09411,-0.04540
stec8|E205A,202100,4.24,0.09798,-0.05249
stec8|E205A,202100,5.26,0.09798,-0.05181
stec8|E205A,202100,6.27,0.09798,-0.05895
stec8|E205A,202100,7.3,0.09930,-0.06896
stec8|E205A,202100,8.3,0.10054,-0.07308
stec8|E205A,202100,9.31,0.09926,-0.07774
stec8|E205A,202100,10.32,0.11963,-0.08073
stec8|E205A,202100,11.34,0.27207,-0.08596
stec8|E205A,301800,-1.92,0.04464,0.00193
stec8|E205A,301800,-0.88,0.06202,-0.01384
stec8|E205A,301800,0.14,0.06999,-0.02921
stec8|E205A,301800,1.16,0.07293,-0.03149
stec8|E205A,301800,2.19,0.09225,-0.03258
stec8|E205A,301800,3.21,0.10573,-0.03706
stec8|E205A,301800,4.22,0.11658,-0.04249
stec8|E205A,301800,5.25,0.11229,-0.04294
stec8|E205A,301800,6.27,0.11221,-0.05007
stec8|E205A,301800,7.28,0.11518,-0.05699
stec8|E205A,301800,8.31,0.10996,-0.06129
stec8|E205B,63600,-4.94,-0.30030,0.11111
stec8|E205B,63600,-3.94,-0.28808,0.10609
stec8|E205B,63600,-2.92,-0.22775,0.06344
stec8|E205B,63600,-1.88,-0.10708,0.00435
stec8|E205B,63600,-0.84,-0.05653,-0.03444
stec8|E205B,63600,0.16,-0.04527,-0.06119
stec8|E205B,63600,1.18,-0.03951,-0.05510
stec8|E205B,63600,2.21,-0.03694,-0.06720
stec8|E205B,63600,3.22,-0.03726,-0.07807
stec8|E205B,63600,4.24,-0.03503,-0.08300
stec8|E205B,63600,5.26,-0.03789,-0.09707
stec8|E205B,63600,6.28,-0.04029,-0.09969
stec8|E205B,63600,7.29,-0.03957,-0.12791
stec8|E205B,63600,8.32,-0.01222,-0.14455
stec8|E205B,63600,9.32,-0.06199,-0.11918
stec8|E205B,63600,10.33,-0.14732,-0.12632
stec8|E205B,105200,-5.99,-0.47481,0.08429
stec8|E205B,105200,-4.95,-0.24242,0.06302
stec8|E205B,105200,-3.91,-0.14332,0.01748
stec8|E205B,105200,-2.89,-0.09418,0.00029
stec8|E205B,105200,-1.87,-0.00481,-0.04787
stec8|E205B,105200,-0.85,0.00399,-0.07808
stec8|E205B,105200,0.17,0.01510,-0.09054
stec8|E205B,105200,1.19,0.02516,-0.09250
stec8|E205B,105200,2.22,0.03110,-0.09546
stec8|E205B,105200,3.23,0.03883,-0.09836
stec8|E205B,105200,4.25,0.04096,-0.10599
stec8|E205B,105200,5.28,0.04218,-0.10422
stec8|E205B,105200,6.28,0.04218,-0.11059
stec8|E205B,105200,7.31,0.04159,-0.12500
stec8|E205B,105200,8.31,0.04501,-0.12542
stec8|E205B,105200,9.31,0.01893,-0.11915
stec8|E205B,151100,-6.0,-0.35392,0.07775
stec8|E205B,151100,-4.94,-0.19267,0.04101
stec8|E205B,151100,-3.92,-0.09148,0.00458
stec8|E205B,151100,-2.89,-0.07555,-0.02346
stec8|E205B,151100,-1.88,-0.01049,-0.03639
stec8|E205B,151100,-0.87,0.00359,-0.06876
stec8|E205B,151100,0.15,0.01492,-0.08866
stec8|E205B,151100,1.19,0.02783,-0.09062
stec8|E205B,151100,2.21,0.03956,-0.09147
stec8|E205B,151100,3.22,0.04707,-0.09512
stec8|E205B,151100,4.24,0.05066,-0.10292
stec8|E205B,151100,5.27,0.05188,-0.10279
stec8|E205B,151100,6.3,0.05188,-0.10888
stec8|E205B,151100,7.3,0.04911,-0.11278
stec8|E205B,151100,8.33,0.05317,-0.11031
stec8|E205B,151100,9.33,0.02531,-0.11120
stec8|E205B,151100,10.32,0.00429,-0.10893
stec8|E205B,206600,-4.95,-0.12113,0.00573
stec8|E205B,206600,-3.91,-0.06074,-0.03246
stec8|E205B,206600,-2.91,-0.04639,-0.03589
stec8|E205B,206600,-1.88,0.00069,-0.03763
stec8|E205B,206600,-0.87,0.01159,-0.07259
stec8|E205B,206600,0.15,0.01079,-0.08949
stec8|E205B,206600,1.19,0.03191,-0.09145
stec8|E205B,206600,2.2,0.05290,-0.09230
stec8|E205B,206600,3.24,0.06179,-0.09358
stec8|E205B,206600,4.24,0.06757,-0.09627
stec8|E205B,206600,5.28,0.06879,-0.09867
stec8|E205B,206600,6.28,0.06982,-0.10143
stec8|E205B,206600,7.31,0.06717,-0.10304
stec8|E205B,206600,8.32,0.06816,-0.09985
stec8|E205B,206600,9.32,0.04024,-0.10122
stec8|E205B,206600,10.32,0.03543,-0.10255
stec8|E205B,206600,11.31,0.10047,-0.10542
stec8|E205B,304300,-5.98,-0.14456,0.04839
stec8|E205B,304300,-4.95,-0.02852,-0.01943
stec8|E205B,304300,-3.95,-0.03563,-0.04526
stec8|E205B,304300,-2.92,-0.01673,-0.03602
stec8|E205B,304300,-1.9,0.01278,-0.03803
stec8|E205B,304300,-0.86,0.02700,-0.05902
stec8|E205B,304300,0.16,0.02067,-0.08064
stec8|E205B,304300,1.19,0.02754,-0.08381
stec8|E205B,304300,2.2,0.05540,-0.08277
stec8|E205B,304300,3.24,0.07276,-0.08555
stec8|E205B,304300,4.24,0.08817,-0.09120
stec8|E205B,304300,5.28,0.07808,-0.09326
stec8|E205B,304300,6.28,0.07907,-0.09463
stec8|E205B,304300,7.3,0.08732,-0.09672
stec8|E205B,304300,8.31,0.08004,-0.09479
stec8|E205B,304300,9.33,0.05016,-0.09415
stec8|E205B,304300,10.32,0.04412,-0.09753
stec8|E205B,304300,11.31,0.06019,-0.10124
stec8|E214A,101600,-7.0,-0.42899,0.13870
stec8|E214A,101600,-5.99,-0.23372,0.11585
stec8|E214A,101600,-4.97,-0.21374,0.13417
stec8|E214A,101600,-3.95,-0.18831,0.08184
stec8|E214A,101600,-2.91,-0.17213,0.06012
stec8|E214A,101600,-1.88,-0.07889,0.03959
stec8|E214A,101600,-0.86,-0.03370,0.02857
stec8|E214A,101600,0.17,-0.02561,-0.01759
stec8|E214A,101600,1.2,0.00363,-0.04339
stec8|E214A,101600,2.23,0.01512,-0.06253
stec8|E214A,101600,3.25,0.02360,-0.08067
stec8|E214A,101600,4.26,0.02811,-0.08593
stec8|E214A,101600,5.28,0.02651,-0.09682
stec8|E214A,101600,6.3,0.01992,-0.10560
stec8|E214A,101600,7.33,0.01940,-0.10952
stec8|E214A,101600,8.34,0.00624,-0.11112
stec8|E214A,101600,9.35,-0.01501,-0.09822
stec8|E214A,101600,10.35,-0.04090,-0.09760
stec8|E214A,101600,11.37,-0.05080,-0.13060
stec8|E214A,146700,-4.95,-0.23874,0.07074
stec8|E214A,146700,-3.39,-0.12962,0.04199
stec8|E214A,146700,-1.86,-0.04314,0.01624
stec8|E214A,146700,-0.34,-0.02667,-0.03049
stec8|E214A,146700,1.2,0.00437,-0.06836
stec8|E214A,146700,2.75,0.03288,-0.08224
stec8|E214A,146700,4.27,0.02663,-0.10100
stec8|E214A,146700,5.79,0.02004,-0.10659
stec8|E214A,146700,7.33,0.01862,-0.11385
stec8|E214A,146700,8.86,-0.00554,-0.10281
stec8|E214A,146700,10.37,-0.03745,-0.10131
stec8|E214A,146700,11.86,-0.07788,-0.09305
stec8|E214A,201800,-7.0,-0.32409,0.12232
stec8|E214A,201800,-6.02,-0.13772,0.06940
stec8|E214A,201800,-4.99,-0.13442,0.04922
stec8|E214A,201800,-3.94,-0.09519,0.03758
stec8|E214A,201800,-2.88,-0.02691,0.01068
stec8|E214A,201800,-1.89,-0.01628,-0.00603
stec8|E214A,201800,-0.84,-0.01387,-0.03076
stec8|E214A,201800,0.16,0.01710,-0.04380
stec8|E214A,201800,1.16,0.03221,-0.06379
stec8|E214A,201800,2.13,0.03915,-0.07726
stec8|E214A,201800,3.24,0.04010,-0.07985
stec8|E214A,201800,4.23,0.06116,-0.09224
stec8|E214A,201800,5.29,0.06116,-0.09558
stec8|E214A,201800,6.3,0.03419,-0.09958
stec8|E214A,201800,7.3,0.03580,-0.10349
stec8|E214A,201800,8.34,0.03197,-0.09497
stec8|E214A,201800,9.36,0.00657,-0.08999
stec8|E214A,201800,10.36,0.00116,-0.08894
stec8|E214A,201800,11.37,0.07067,-0.11910
stec8|E214A,299000,-4.93,-0.09832,0.06477
stec8|E214A,299000,-3.9,-0.00764,0.06256
stec8|E214A,299000,-2.89,0.05574,0.04607
stec8|E214A,299000,-1.86,0.07294,0.02456
stec8|E214A,299000,-0.84,0.08758,-0.00128
stec8|E214A,299000,0.19,0.08922,-0.01249
stec8|E214A,299000,1.19,0.10664,-0.01609
stec8|E214A,299000,2.23,0.11689,-0.02913
stec8|E214A,299000,3.25,0.11540,-0.03887
stec8|E214A,299000,4.26,0.11658,-0.05109
stec8|E214A,299000,5.28,0.10799,-0.05443
stec8|E214A,299000,6.3,0.10245,-0.05842
stec8|E214A,299000,7.28,0.10368,-0.06146
stec8|E214A,299000,8.31,0.09255,-0.05381
stec8|E214A,299000,9.32,0.07189,-0.05753
stec8|E214B,59800,-5.98,-0.38796,0.17224
stec8|E214B,59800,-4.97,-0.24755,0.13443
stec8|E214B,59800,-3.94,-0.23362,0.10866
stec8|E214B,59800,-2.9,-0.22396,0.11095
stec8|E214B,59800,-1.87,-0.20239,0.09580
stec8|E214B,59800,-0.86,-0.14485,0.05775
stec8|E214B,59800,0.16,-0.07493,0.04619
stec8|E214B,59800,1.19,-0.06565,0.00185
stec8|E214B,59800,2.22,-0.04658,-0.01889
stec8|E214B,59800,3.23,-0.04274,-0.05351
stec8|E214B,59800,4.27,-0.03915,-0.08035
stec8|E214B,59800,5.3,-0.04469,-0.10193
stec8|E214B,59800,6.33,-0.05203,-0.14245
stec8|E214B,59800,7.35,-0.08953,-0.15553
stec8|E214B,59800,8.37,-0.07184,-0.15966
stec8|E214B,59800,9.38,-0.15302,-0.15408
stec8|E214B,59800,10.39,-0.18798,-0.14658
stec8|E214B,59800,11.38,-0.25026,-0.14017
stec8|E214B,99300,-5.97,-0.15821,0.14957
stec8|E214B,99300,-4.95,-0.14680,0.13982
stec8|E214B,99300,-3.93,-0.17980,0.11277
stec8|E214B,99300,-2.89,-0.14698,0.07001
stec8|E214B,99300,-1.86,-0.04868,0.05468
stec8|E214B,99300,-0.84,-0.03215,0.03302
stec8|E214B,99300,0.19,-0.02277,-0.00694
stec8|E214B,99300,1.22,-0.01804,-0.02792
stec8|E214B,99300,2.25,-0.00105,-0.05574
stec8|E214B,99300,3.28,0.03450,-0.08935
stec8|E214B,99300,4.3,0.02158,-0.10377
stec8|E214B,99300,5.32,0.01834,-0.10703
stec8|E214B,99300,6.33,0.00407,-0.11231
stec8|E214B,99300,7.35,-0.00406,-0.11591
stec8|E214B,99300,8.37,-0.00465,-0.12315
stec8|E214B,99300,9.38,-0.04327,-0.10717
stec8|E214B,99300,10.39,-0.08194,-0.11771
stec8|E214B,99300,11.39,-0.06394,-0.11295
stec8|E214B,202600,-5.96,-0.16804,0.03139
stec8|E214B,202600,-5.01,-0.11953,0.02757
stec8|E214B,202600,-3.9,-0.05288,0.01496
stec8|E214B,202600,-2.88,-0.02153,0.00466
stec8|E214B,202600,-1.86,-0.02263,-0.02009
stec8|E214B,202600,-0.84,-0.02218,-0.04224
stec8|E214B,202600,0.19,-0.00732,-0.05439
stec8|E214B,202600,1.2,0.03654,-0.07711
stec8|E214B,202600,2.24,0.02847,-0.09954
stec8|E214B,202600,3.26,0.04231,-0.10395
stec8|E214B,202600,4.27,0.03691,-0.11133
stec8|E214B,202600,5.29,0.04218,-0.11037
stec8|E214B,202600,6.32,0.03290,-0.11391
stec8|E214B,202600,7.34,0.03244,-0.12163
stec8|E214B,202600,8.35,0.02930,-0.11508
stec8|E214B,202600,9.36,0.00761,-0.11152
stec8|E214B,202600,10.36,-0.00535,-0.11542
stec8|E214B,202600,11.37,0.05964,-0.11884
stec8|E214B,301800,-5.94,-0.13280,0.01632
stec8|E214B,301800,-4.89,-0.06619,0.00035
stec8|E214B,301800,-3.87,-0.02512,0.00353
stec8|E214B,301800,-2.85,0.02575,-0.01351
stec8|E214B,301800,-1.82,0.05928,-0.03148
stec8|E214B,301800,-0.8,0.05488,-0.05419
stec8|E214B,301800,0.21,0.08527,-0.07288
stec8|E214B,301800,1.23,0.09968,-0.07592
stec8|E214B,301800,2.24,0.09761,-0.09462
stec8|E214C F0,59700,-3.92,-0.22789,0.15022
stec8|E214C F0,59700,-2.91,-0.20909,0.13770
stec8|E214C F0,59700,-1.89,-0.17780,0.13375
stec8|E214C F0,59700,-0.87,-0.15902,0.09971
stec8|E214C F0,59700,0.16,-0.07653,0.07519
stec8|E214C F0,59700,1.19,-0.05002,0.03075
stec8|E214C F0,59700,2.2,-0.02312,0.01957
stec8|E214C F0,59700,3.23,-0.01900,-0.00517
stec8|E214C F0,59700,4.27,-0.01860,-0.04218
stec8|E214C F0,59700,5.29,-0.03424,-0.04319
stec8|E214C F0,59700,6.3,-0.02906,-0.10356
stec8|E214C F0,59700,7.33,-0.07619,-0.12615
stec8|E214C F0,59700,8.35,-0.08125,-0.14166
stec8|E214C F0,59700,9.36,-0.11819,-0.10152
stec8|E214C F0,59700,10.36,-0.16604,-0.09858
stec8|E214C F0,59700,11.37,-0.20686,-0.10587
stec8|E214C F0,100600,-3.93,-0.20419,0.09623
stec8|E214C F0,100600,-2.89,-0.14330,0.07960
stec8|E214C F0,100600,-1.86,-0.04746,0.04395
stec8|E214C F0,100600,-0.84,-0.01114,0.03424
stec8|E214C F0,100600,0.18,-0.01720,-0.00818
stec8|E214C F0,100600,1.22,-0.00270,-0.01726
stec8|E214C F0,100600,2.23,0.00575,-0.04876
stec8|E214C F0,100600,3.24,0.01435,-0.07021
stec8|E214C F0,100600,4.28,0.02144,-0.08968
stec8|E214C F0,100600,5.3,0.02354,-0.10439
stec8|E214C F0,100600,6.31,0.01614,-0.10869
stec8|E214C F0,100600,7.34,0.02351,-0.12394
stec8|E214C F0,100600,8.35,0.01335,-0.12551
stec8|E214C F0,100600,9.36,0.00814,-0.09993
stec8|E214C F0,100600,10.38,-0.01859,-0.09247
stec8|E214C F0,100600,11.37,-0.00915,-0.11967
stec8|E214C F0,151300,-4.95,-0.24774,0.07691
stec8|E214C F0,151300,-3.92,-0.14618,0.06956
stec8|E214C F0,151300,-2.9,-0.08137,0.02840
stec8|E214C F0,151300,-1.88,-0.02166,0.01352
stec8|E214C F0,151300,-0.85,-0.00387,0.00364
stec8|E214C F0,151300,0.19,-0.00148,-0.02294
stec8|E214C F0,151300,1.21,0.00508,-0.04901
stec8|E214C F0,151300,2.23,0.02889,-0.06749
stec8|E214C F0,151300,3.26,0.03462,-0.06918
stec8|E214C F0,151300,4.28,0.04012,-0.08911
stec8|E214C F0,151300,5.31,0.04012,-0.10431
stec8|E214C F0,151300,6.32,0.02842,-0.10536
stec8|E214C F0,151300,7.33,0.03349,-0.11855
stec8|E214C F0,151300,8.36,0.02470,-0.11056
stec8|E214C F0,151300,9.36,-0.01319,-0.09807
stec8|E214C F0,151300,10.37,-0.00051,-0.08815
stec8|E214C F0,201700,-4.99,-0.15194,0.04623
stec8|E214C F0,201700,-4.01,-0.10635,0.02654
stec8|E214C F0,201700,-2.97,-0.06080,0.00907
stec8|E214C F0,201700,-1.91,0.00145,-0.00640
stec8|E214C F0,201700,-0.91,0.00366,-0.01774
stec8|E214C F0,201700,0.12,0.01937,-0.02725
stec8|E214C F0,201700,1.17,0.05163,-0.04988
stec8|E214C F0,201700,2.17,0.04626,-0.07027
stec8|E214C F0,201700,3.21,0.04621,-0.07288
stec8|E214C F0,201700,4.26,0.06415,-0.08501
stec8|E214C F0,201700,5.28,0.06518,-0.09849
stec8|E214C F0,201700,6.3,0.05369,-0.09954
stec8|E214C F0,201700,7.32,0.03829,-0.11227
stec8|E214C F0,201700,8.35,0.01789,-0.10720
stec8|E214C F0,201700,9.36,-0.00964,-0.09463
stec8|E214C F0,201700,10.37,0.00593,-0.08850
stec8|E214C F0,302800,-4.93,-0.10075,0.02728
stec8|E214C F0,302800,-3.89,-0.07121,0.01022
stec8|E214C F0,302800,-2.86,0.00508,0.00280
stec8|E214C F0,302800,-1.84,0.05102,-0.01088
stec8|E214C F0,302800,-0.82,0.05217,-0.02410
stec8|E214C F0,302800,0.21,0.08360,-0.03507
stec8|E214C F0,302800,1.23,0.08749,-0.05667
stec8|E214C F0,302800,2.24,0.08122,-0.06415
stec8|E214C F0,302800,3.27,0.08502,-0.06478
stec8|E214C F0,302800,4.27,0.08516,-0.07726
stec8|E214C F0,302800,5.28,0.07588,-0.09074
stec8|E214C F0,302800,6.31,0.05691,-0.09179
stec8|E214C F0,302800,7.3,0.05411,-0.09715
stec8|E214C F0,302800,8.27,0.01727,-0.10054
stec8|E214C F0,302800,9.27,0.00610,-0.09945
stec8|E374A,58900,-6.0,-0.43700,0.13757
stec8|E374A,58900,-4.97,-0.33734,0.15880
stec8|E374A,58900,-3.94,-0.29793,0.15405
stec8|E374A,58900,-2.95,-0.23932,0.12997
stec8|E374A,58900,-1.92,-0.17165,0.08773
stec8|E374A,58900,-0.89,-0.15127,0.06705
stec8|E374A,58900,0.13,-0.06762,0.05623
stec8|E374A,58900,1.16,-0.02315,0.01840
stec8|E374A,58900,2.17,-0.00849,0.01336
stec8|E374A,58900,3.2,-0.00113,0.00552
stec8|E374A,58900,4.24,0.03542,-0.01680
stec8|E374A,58900,5.25,0.06895,-0.03271
stec8|E374A,58900,6.28,0.00286,-0.04822
stec8|E374A,58900,7.29,-0.03048,-0.07022
stec8|E374A,58900,8.31,-0.06431,-0.05875
stec8|E374A,58900,9.3,-0.09674,-0.06845
stec8|E374A,58900,10.31,-0.05376,-0.08666
stec8|E374A,58900,11.31,-0.01277,-0.03277
stec8|E374A,97800,-5.99,-0.46358,0.13221
stec8|E374A,97800,-4.98,-0.29261,0.12913
stec8|E374A,97800,-3.94,-0.19727,0.08260
stec8|E374A,97800,-2.94,-0.10528,0.04648
stec8|E374A,97800,-1.9,-0.03072,-0.02082
stec8|E374A,97800,-0.86,-0.00755,-0.02929
stec8|E374A,97800,0.17,0.00114,-0.04162
stec8|E374A,97800,1.18,0.00544,-0.04933
stec8|E374A,97800,2.19,0.01674,-0.06268
stec8|E374A,97800,3.21,0.03142,-0.06813
stec8|E374A,97800,4.24,0.03286,-0.06647
stec8|E374A,97800,5.25,0.03838,-0.07371
stec8|E374A,97800,6.27,0.02508,-0.08349
stec8|E374A,97800,7.3,0.01831,-0.07827
stec8|E374A,97800,8.31,-0.03766,-0.07215
stec8|E374A,97800,9.31,-0.03981,-0.07466
stec8|E374A,151800,-6.01,-0.38923,0.10703
stec8|E374A,151800,-4.97,-0.19385,0.04107
stec8|E374A,151800,-3.94,-0.12015,0.02037
stec8|E374A,151800,-2.92,-0.06370,0.02094
stec8|E374A,151800,-1.92,-0.00114,-0.04033
stec8|E374A,151800,-0.88,0.01794,-0.05996
stec8|E374A,151800,0.14,0.02903,-0.07531
stec8|E374A,151800,1.16,0.04336,-0.07790
stec8|E374A,151800,2.2,0.05760,-0.08156
stec8|E374A,151800,3.2,0.06627,-0.08944
stec8|E374A,151800,4.22,0.07105,-0.09330
stec8|E374A,151800,5.26,0.06677,-0.09607
stec8|E374A,151800,6.28,0.06436,-0.09326
stec8|E374A,151800,7.28,0.05613,-0.08621
stec8|E374A,151800,8.29,0.05116,-0.08332
stec8|E374A,151800,9.31,0.06539,-0.08461
stec8|E374A,151800,10.3,0.12285,-0.09533
stec8|E374A,151800,11.31,0.21351,-0.12323
stec8|E374A,201300,-6.0,-0.32656,0.07242
stec8|E374A,201300,-4.96,-0.13554,0.02675
stec8|E374A,201300,-3.93,-0.10171,0.01767
stec8|E374A,201300,-2.92,-0.05264,-0.00015
stec8|E374A,201300,-1.9,-0.00986,-0.03142
stec8|E374A,201300,-0.9,0.02816,-0.06805
stec8|E374A,201300,0.16,0.03272,-0.06788
stec8|E374A,201300,1.18,0.04813,-0.07032
stec8|E374A,201300,2.19,0.06131,-0.07307
stec8|E374A,201300,3.22,0.07604,-0.07966
stec8|E374A,201300,4.23,0.07729,-0.08280
stec8|E374A,201300,5.25,0.07444,-0.08497
stec8|E374A,201300,6.27,0.07653,-0.07301
stec8|E374A,201300,7.29,0.05968,-0.07520
stec8|E374A,201300,8.29,0.07062,-0.07274
stec8|E374A,201300,9.29,0.11647,-0.07083
stec8|E374A,201300,10.3,0.12121,-0.07568
stec8|E374A,201300,11.31,0.23276,-0.09281
stec8|E374A,300400,-6.01,-0.19229,0.04351
stec8|E374A,300400,-4.98,-0.05795,0.01096
stec8|E374A,300400,-3.99,-0.04950,-0.01125
stec8|E374A,300400,-2.95,0.02544,-0.01138
stec8|E374A,300400,-2.0,0.04983,-0.02673
stec8|E374A,300400,-0.94,0.06010,-0.04251
stec8|E374A,300400,0.1,0.07332,-0.05431
stec8|E374A,300400,1.14,0.07436,-0.06363
stec8|E374A,300400,2.17,0.09684,-0.06637
stec8|E374A,300400,3.2,0.10959,-0.07296
stec8|E374A,300400,4.24,0.12365,-0.07526
stec8|E374A,300400,5.26,0.14137,-0.07123
stec8|E374A,300400,6.27,0.12522,-0.06309
stec8|E374A,300400,7.28,0.09622,-0.06722
stec8|E374B,59200,-6.0,-0.44851,0.13513
stec8|E374B,59200,-4.98,-0.33371,0.15844
stec8|E374B,59200,-3.96,-0.27101,0.15984
stec8|E374B,59200,-2.94,-0.20814,0.14847
stec8|E374B,59200,-1.92,-0.12991,0.09269
stec8|E374B,59200,-0.9,-0.09112,0.08944
stec8|E374B,59200,0.13,-0.03968,0.06066
stec8|E374B,59200,1.15,-0.00224,0.04200
stec8|E374B,59200,2.18,0.00619,0.02899
stec8|E374B,59200,3.19,0.02050,0.01155
stec8|E374B,59200,4.21,0.05454,-0.00087
stec8|E374B,59200,5.25,0.05593,-0.02168
stec8|E374B,59200,6.27,0.02896,-0.02703
stec8|E374B,59200,7.29,-0.01444,-0.06765
stec8|E374B,59200,8.3,-0.00654,-0.04868
stec8|E374B,59200,9.3,-0.05555,-0.06582
stec8|E374B,59200,10.3,-0.03222,-0.07397
stec8|E374B,97300,-5.98,-0.55667,0.15973
stec8|E374B,97300,-4.98,-0.35405,0.14232
stec8|E374B,97300,-3.95,-0.22941,0.10706
stec8|E374B,97300,-2.93,-0.10517,0.08594
stec8|E374B,97300,-1.89,-0.03984,0.00658
stec8|E374B,97300,-0.87,-0.01999,-0.00607
stec8|E374B,97300,0.14,-0.01762,-0.02499
stec8|E374B,97300,1.17,-0.01474,-0.04259
stec8|E374B,97300,2.18,-0.00930,-0.04669
stec8|E374B,97300,3.21,-0.00443,-0.05487
stec8|E374B,97300,4.23,0.00159,-0.05697
stec8|E374B,97300,5.24,0.00508,-0.05945
stec8|E374B,97300,6.27,0.00915,-0.07062
stec8|E374B,97300,7.3,0.00217,-0.06408
stec8|E374B,97300,8.3,-0.08917,-0.05694
stec8|E374B,97300,9.3,-0.08547,-0.05419
stec8|E374B,97300,10.32,-0.07858,-0.07256
stec8|E374B,151000,-4.98,-0.21552,0.07351
stec8|E374B,151000,-3.93,-0.15667,0.06005
stec8|E374B,151000,-2.91,-0.04620,0.04997
stec8|E374B,151000,-1.9,-0.00214,-0.01659
stec8|E374B,151000,-0.87,0.01902,-0.05055
stec8|E374B,151000,0.16,0.02724,-0.05467
stec8|E374B,151000,1.17,0.04155,-0.06077
stec8|E374B,151000,2.2,0.06399,-0.06291
stec8|E374B,151000,3.21,0.07484,-0.06537
stec8|E374B,151000,4.24,0.08236,-0.06911
stec8|E374B,151000,5.26,0.08309,-0.06937
stec8|E374B,151000,6.27,0.08639,-0.07311
stec8|E374B,151000,7.29,0.05850,-0.06124
stec8|E374B,151000,8.3,0.05072,-0.06126
stec8|E374B,151000,9.31,0.06778,-0.05827
stec8|E374B,151000,10.31,0.05843,-0.07274
stec8|E374B,151000,11.31,0.18493,-0.09454
stec8|E374B,201600,-6.0,-0.39031,0.09133
stec8|E374B,201600,-4.97,-0.10502,0.04192
stec8|E374B,201600,-3.94,-0.09590,0.03767
stec8|E374B,201600,-2.94,-0.04045,0.01579
stec8|E374B,201600,-1.9,0.03371,-0.02181
stec8|E374B,201600,-0.88,0.01886,-0.04527
stec8|E374B,201600,0.15,0.03035,-0.05384
stec8|E374B,201600,1.17,0.04906,-0.06132
stec8|E374B,201600,2.19,0.06833,-0.06261
stec8|E374B,201600,3.21,0.08432,-0.06407
stec8|E374B,201600,4.24,0.09407,-0.06593
stec8|E374B,201600,5.25,0.09710,-0.06789
stec8|E374B,201600,6.28,0.09884,-0.05870
stec8|E374B,201600,7.28,0.06082,-0.05769
stec8|E374B,201600,8.3,0.07181,-0.05771
stec8|E374B,201600,9.3,0.10358,-0.05177
stec8|E374B,201600,10.3,0.07778,-0.05302
stec8|E374B,201600,11.31,0.18154,-0.08082
stec8|E374B,308600,-5.98,-0.17288,0.04826
stec8|E374B,308600,-4.96,-0.04811,0.02097
stec8|E374B,308600,-3.94,-0.06961,0.00724
stec8|E374B,308600,-2.93,0.02875,0.00641
stec8|E374B,308600,-1.91,0.04452,-0.00131
stec8|E374B,308600,-0.88,0.03232,-0.01858
stec8|E374B,308600,0.14,0.04296,-0.03711
stec8|E374B,308600,1.17,0.03653,-0.04445
stec8|E374B,308600,2.19,0.06579,-0.05240
stec8|E374B,308600,3.21,0.09307,-0.05362
stec8|E374B,308600,4.23,0.11740,-0.04983
stec8|E374B,308600,5.26,0.12921,-0.05159
stec8|E374B,308600,6.27,0.12782,-0.04401
stec8|E374B,308600,7.28,0.07873,-0.04594
stec8|E374B,308600,8.29,0.10829,-0.04577
stec8|E374B,308600,9.3,0.12673,-0.04269
stec8|E374B,308600,10.3,0.12479,-0.04066
stec8|E374B,308600,11.31,0.26704,-0.06401
stec8|E387A,59700,-3.95,-0.51971,0.13257
stec8|E387A,59700,-2.95,-0.25993,0.08562
stec8|E387A,59700,-1.91,-0.15995,0.02190
stec8|E387A,59700,-0.89,-0.02043,-0.03515
stec8|E387A,59700,0.14,-0.01477,-0.03920
stec8|E387A,59700,1.17,0.00871,-0.03517
stec8|E387A,59700,2.2,0.01928,-0.05015
stec8|E387A,59700,3.23,0.00856,-0.05192
stec8|E387A,59700,4.25,0.02660,-0.07246
stec8|E387A,59700,5.27,0.02044,-0.09460
stec8|E387A,59700,6.28,-0.01284,-0.09739
stec8|E387A,59700,7.31,-0.06368,-0.11261
stec8|E387A,59700,8.32,-0.14297,-0.10249
stec8|E387A,59700,9.35,-0.26365,-0.07237
stec8|E387A,59700,10.34,-0.34452,-0.06513
stec8|E387A,59700,11.34,-0.37544,-0.07130
stec8|E387A,99800,-3.95,-0.25237,0.04502
stec8|E387A,99800,-2.93,-0.01203,0.00804
stec8|E387A,99800,-1.89,-0.01322,-0.01873
stec8|E387A,99800,-0.87,0.01350,-0.04454
stec8|E387A,99800,0.16,0.01357,-0.05106
stec8|E387A,99800,1.18,0.03994,-0.05109
stec8|E387A,99800,2.2,0.02148,-0.04849
stec8|E387A,99800,3.22,0.03185,-0.05208
stec8|E387A,99800,4.24,0.02022,-0.06669
stec8|E387A,99800,5.26,0.01258,-0.06803
stec8|E387A,99800,6.28,-0.00048,-0.08485
stec8|E387A,99800,7.31,-0.02541,-0.08009
stec8|E387A,99800,8.33,-0.10966,-0.06307
stec8|E387A,99800,9.33,-0.16446,-0.06086
stec8|E387A,99800,10.34,-0.18599,-0.06780
stec8|E387A,99800,11.35,-0.21908,-0.08278
stec8|E387A,149600,-1.89,0.01673,-0.06971
stec8|E387A,149600,0.16,0.02874,-0.08484
stec8|E387A,149600,2.2,0.02050,-0.08297
stec8|E387A,149600,3.23,0.02438,-0.08197
stec8|E387A,149600,4.24,0.01640,-0.08842
stec8|E387A,149600,6.29,0.00558,-0.09191
stec8|E387A,149600,7.31,-0.02107,-0.09065
stec8|E387A,149600,8.33,-0.13108,-0.08011
stec8|E387A,149600,9.35,-0.14099,-0.08219
stec8|E387A,199800,-3.95,-0.11345,-0.00068
stec8|E387A,199800,-2.93,-0.00078,-0.02030
stec8|E387A,199800,-1.88,0.02477,-0.03336
stec8|E387A,199800,-0.87,0.03408,-0.04148
stec8|E387A,199800,0.15,0.04359,-0.04198
stec8|E387A,199800,1.18,0.05190,-0.04918
stec8|E387A,199800,2.2,0.02823,-0.04371
stec8|E387A,199800,3.22,0.03037,-0.04163
stec8|E387A,199800,4.24,0.02370,-0.04846
stec8|E387A,199800,5.26,0.02148,-0.04738
stec8|E387A,199800,6.29,0.01950,-0.05084
stec8|E387A,199800,7.31,-0.00468,-0.04747
stec8|E387A,199800,8.32,-0.11414,-0.03888
stec8|E387A,199800,9.34,-0.12620,-0.04160
stec8|E387A,199800,10.34,-0.12882,-0.03575
stec8|E387A,199800,11.34,-0.19798,-0.06070
stec8|E387A,303100,-3.91,-0.03266,-0.09539
stec8|E387A,303100,-2.92,0.02619,-0.09396
stec8|E387A,303100,-1.89,0.03003,-0.10114
stec8|E387A,303100,-0.9,0.04559,-0.09582
stec8|E387A,303100,0.14,0.03952,-0.09843
stec8|E387A,303100,1.18,0.05880,-0.09801
stec8|E387A,303100,2.21,0.04728,-0.09418
stec8|E387A,303100,3.23,0.05193,-0.09340
stec8|E387A,303100,4.25,0.04969,-0.09446
stec8|E387A,303100,5.27,0.04826,-0.09482
stec8|E387A,303100,6.29,0.04320,-0.10132
stec8|E387A,303100,7.31,-0.01083,-0.09397
stec8|E387A,303100,8.32,-0.10004,-0.09013
stec8|E387A,303100,9.34,-0.19987,-0.07757
stec8|E387A,303100,10.33,-0.18212,-0.09301
stec8|E387A,303100,11.34,-0.15147,-0.09950
stec8|E387B,97000,-3.91,-0.26223,0.03903
stec8|E387B,97000,-2.9,-0.03528,-0.00417
stec8|E387B,97000,-1.86,-0.03088,-0.02338
stec8|E387B,97000,-0.85,-0.00416,-0.05435
stec8|E387B,97000,0.18,-0.01685,-0.05536
stec8|E387B,97000,1.2,0.02028,-0.05317
stec8|E387B,97000,2.22,0.00052,-0.04847
stec8|E387B,97000,3.24,0.01219,-0.05251
stec8|E387B,97000,4.25,-0.00742,-0.06687
stec8|E387B,97000,5.28,-0.00005,-0.06991
stec8|E387B,97000,6.3,-0.01755,-0.09087
stec8|E387B,97000,7.32,-0.04964,-0.09219
stec8|E387B,97000,8.34,-0.13247,-0.07192
stec8|E387B,97000,9.35,-0.19136,-0.07025
stec8|E387B,202600,-3.92,-0.08913,-0.06191
stec8|E387B,202600,-2.91,-0.00467,-0.08278
stec8|E387B,202600,-1.88,0.02218,-0.08993
stec8|E387B,202600,-0.85,0.03019,-0.10052
stec8|E387B,202600,0.17,0.03970,-0.10103
stec8|E387B,202600,1.19,0.05381,-0.10093
stec8|E387B,202600,2.21,0.03015,-0.09737
stec8|E387B,202600,3.24,0.03229,-0.09566
stec8|E387B,202600,4.25,0.02562,-0.10248
stec8|E387B,202600,5.26,0.02340,-0.10141
stec8|E387B,202600,6.29,0.01560,-0.10442
stec8|E387B,202600,7.3,-0.00857,-0.10105
stec8|E387B,202600,8.32,-0.11803,-0.08664
stec8|E387B,202600,9.33,-0.12429,-0.08814
stec8|E387B,202600,10.32,-0.13345,-0.08394
stec8|E387B,202600,11.32,-0.17479,-0.09889
stec8|FX60-100,59600,-3.94,-0.20143,0.16842
stec8|FX60-100,59600,-2.42,-0.13601,0.14952
stec8|FX60-100,59600,-0.9,-0.09503,0.14889
stec8|FX60-100,59600,0.65,-0.06860,0.10631
stec8|FX60-100,59600,2.18,0.00607,0.04869
stec8|FX60-100,59600,3.73,0.04148,-0.01954
stec8|FX60-100,59600,5.24,0.02435,-0.07641
stec8|FX60-100,59600,6.78,0.01619,-0.11393
stec8|FX60-100,59600,8.31,-0.03571,-0.10092
stec8|FX60-100,59600,9.83,-0.09522,-0.12524
stec8|FX60-100,59600,11.34,0.08911,-0.09730
stec8|FX60-100,99400,-4.98,-0.21194,0.16770
stec8|FX60-100,99400,-3.94,-0.17879,0.17001
stec8|FX60-100,99400,-2.91,-0.07158,0.14676
stec8|FX60-100,99400,-1.91,-0.02672,0.14325
stec8|FX60-100,99400,-0.89,-0.03284,0.12378
stec8|FX60-100,99400,0.16,0.00576,0.08187
stec8|FX60-100,99400,1.18,0.02631,0.05617
stec8|FX60-100,99400,2.21,0.05381,0.00619
stec8|FX60-100,99400,3.23,0.05535,-0.02223
stec8|FX60-100,99400,4.24,0.04859,-0.04049
stec8|FX60-100,99400,5.27,0.04824,-0.06091
stec8|FX60-100,99400,6.28,0.04720,-0.08272
stec8|FX60-100,99400,7.31,0.03720,-0.06876
stec8|FX60-100,99400,8.32,0.05395,-0.08502
stec8|FX60-100,99400,9.34,0.04606,-0.09129
stec8|FX60-100,99400,10.35,0.02647,-0.09875
stec8|FX60-100,99400,11.36,0.00634,-0.09748
stec8|FX60-100,152300,-3.95,-0.14073,0.12639
stec8|FX60-100,152300,-2.93,-0.06514,0.09816
stec8|FX60-100,152300,-1.9,-0.04345,0.07799
stec8|FX60-100,152300,-0.87,-0.00882,0.05971
stec8|FX60-100,152300,0.16,0.00778,0.04655
stec8|FX60-100,152300,1.17,0.04385,0.01250
stec8|FX60-100,152300,2.19,0.06092,-0.01486
stec8|FX60-100,152300,3.23,0.05332,-0.03571
stec8|FX60-100,152300,4.25,0.04933,-0.04335
stec8|FX60-100,152300,5.26,0.04811,-0.05606
stec8|FX60-100,152300,6.29,0.05241,-0.07226
stec8|FX60-100,152300,7.31,0.03487,-0.06888
stec8|FX60-100,152300,8.32,0.03684,-0.08286
stec8|FX60-100,152300,9.33,0.04659,-0.09047
stec8|FX60-100,152300,10.34,0.04870,-0.08990
stec8|FX60-100,152300,11.35,0.11002,-0.09309
stec8|FX60-100,203400,-5.0,-0.16231,0.12273
stec8|FX60-100,203400,-3.95,-0.14234,0.09178
stec8|FX60-100,203400,-2.92,-0.02698,0.08081
stec8|FX60-100,203400,-1.9,-0.00487,0.06053
stec8|FX60-100,203400,-0.89,0.01101,0.04272
stec8|FX60-100,203400,0.16,0.01643,0.01219
stec8|FX60-100,203400,1.17,0.05956,-0.00847
stec8|FX60-100,203400,2.21,0.08304,-0.02213
stec8|FX60-100,203400,3.21,0.07170,-0.03555
stec8|FX60-100,203400,4.23,0.06255,-0.04452
stec8|FX60-100,203400,5.26,0.06220,-0.06177
stec8|FX60-100,203400,6.28,0.05686,-0.07103
stec8|FX60-100,203400,7.3,0.04038,-0.07005
stec8|FX60-100,203400,8.31,0.03451,-0.08620
stec8|FX60-100,203400,9.33,0.06572,-0.08922
stec8|FX60-100,203400,10.34,0.06686,-0.08939
stec8|FX60-100,203400,11.36,0.15763,-0.09240
stec8|FX60-100,298800,-2.92,0.08610,0.15667
stec8|FX60-100,298800,-1.88,0.09262,0.13491
stec8|FX60-100,298800,-0.86,0.09787,0.13205
stec8|FX60-100,298800,0.17,0.13048,0.11706
stec8|FX60-100,298800,1.18,0.15890,0.09560
stec8|FX60-100,298800,2.21,0.16847,0.07605
stec8|FX60-100,298800,3.21,0.16952,0.06841
stec8|FX60-100,298800,4.22,0.16544,0.04994
stec8|FX60-100,298800,5.26,0.15889,0.03260
stec8|FX60-100,298800,6.27,0.15091,0.02342
stec8|FX60-100,298800,7.28,0.13391,0.01839
stec8|FX63-137A,200100,-6.92,-0.08887,0.00264
stec8|FX63-137A,200100,-5.89,-0.10645,-0.02158
stec8|FX63-137A,200100,-4.88,-0.01903,-0.07137
stec8|FX63-137A,200100,-3.85,-0.01235,-0.09692
stec8|FX63-137A,200100,-2.83,0.04160,-0.12016
stec8|FX63-137A,200100,-1.8,0.03453,-0.14078
stec8|FX63-137A,200100,-0.79,0.05655,-0.14785
stec8|FX63-137A,200100,0.24,0.05925,-0.14945
stec8|FX63-137A,200100,1.27,0.06087,-0.15641
stec8|FX63-137A,200100,2.3,0.06545,-0.16680
stec8|FX63-137A,200100,3.32,0.05804,-0.16742
stec8|FX63-137A,200100,4.33,0.05812,-0.19265
stec8|FX63-137A,200100,5.36,0.04675,-0.19762
stec8|FX63-137A,200100,6.38,0.03624,-0.19730
stec8|FX63-137A,200100,7.39,0.03121,-0.19730
stec8|FX63-137A,200100,8.41,0.01968,-0.19538
stec8|FX63-137A,200100,9.42,0.00173,-0.16525
stec8|FX63-137A,200100,10.43,-0.07717,-0.14024
stec8|FX63-137A,200100,11.44,-0.08757,-0.08891
stec8|FX63-137A,299500,-6.91,-0.05402,-0.04831
stec8|FX63-137A,299500,-5.89,0.02138,-0.07492
stec8|FX63-137A,299500,-4.88,0.05473,-0.11753
stec8|FX63-137A,299500,-3.85,0.05709,-0.12536
stec8|FX63-137A,299500,-2.83,0.09799,-0.13518
stec8|FX63-137A,299500,-1.79,0.11329,-0.14503
stec8|FX63-137A,299500,-0.77,0.11422,-0.15035
stec8|FX63-137A,299500,0.23,0.12405,-0.15196
stec8|FX63-137A,299500,1.24,0.12567,-0.16029
stec8|FX63-137A,299500,2.23,0.13025,-0.17103
stec8|FX63-137A,299500,3.2,0.11942,-0.17025
stec8|FX63-137A,299500,4.28,0.12191,-0.19271
stec8|FX63-137A,299500,5.34,0.10722,-0.19306
stec8|FX63-137A,299500,6.37,0.09788,-0.19182
stec8|FX63-137A,299500,7.39,0.07921,-0.19213
stec8|FX63-137A,299500,8.4,0.06506,-0.18670
stec8|FX63-137A,299500,9.41,0.04294,-0.15855
stec8|FX63-137A,299500,10.43,-0.02819,-0.13379
stec8|FX63-137A,299500,11.44,-0.04705,-0.09930
stec8|FX63-137B,100800,-3.87,-0.00630,-0.00829
stec8|FX63-137B,100800,-2.85,0.03123,-0.05739
stec8|FX63-137B,100800,-1.82,0.09954,-0.09001
stec8|FX63-137B,100800,-0.79,0.11937,-0.11663
stec8|FX63-137B,100800,0.22,0.11343,-0.12807
stec8|FX63-137B,100800,1.26,0.11799,-0.13997
stec8|FX63-137B,100800,2.27,0.10687,-0.13264
stec8|FX63-137B,100800,3.3,0.12006,-0.15863
stec8|FX63-137B,100800,4.32,0.09165,-0.17477
stec8|FX63-137B,100800,5.34,0.08388,-0.19345
stec8|FX63-137B,100800,6.36,0.11530,-0.20164
stec8|FX63-137B,100800,7.39,0.05282,-0.19279
stec8|FX63-137B,100800,8.4,0.03750,-0.19255
stec8|FX63-137B,100800,9.42,0.01653,-0.18848
stec8|FX63-137B,100800,10.42,-0.06279,-0.17233
stec8|FX63-137B,100800,11.44,-0.13809,-0.13519
stec8|FX63-137B,155600,-6.93,-0.11049,-0.01010
stec8|FX63-137B,155600,-5.9,-0.14627,0.02524
stec8|FX63-137B,155600,-4.89,0.03375,-0.00844
stec8|FX63-137B,155600,-3.86,0.02541,-0.05557
stec8|FX63-137B,155600,-2.83,0.04974,-0.08080
stec8|FX63-137B,155600,-1.81,0.07466,-0.09441
stec8|FX63-137B,155600,-0.79,0.07273,-0.10876
stec8|FX63-137B,155600,0.25,0.06966,-0.12131
stec8|FX63-137B,155600,1.26,0.07930,-0.13033
stec8|FX63-137B,155600,2.29,0.07404,-0.14505
stec8|FX63-137B,155600,3.3,0.07912,-0.15397
stec8|FX63-137B,155600,4.32,0.07515,-0.17271
stec8|FX63-137B,155600,5.35,0.06499,-0.16955
stec8|FX63-137B,155600,6.36,0.09180,-0.17530
stec8|FX63-137B,155600,7.38,0.03590,-0.17645
stec8|FX63-137B,155600,8.4,0.01636,-0.16547
stec8|FX63-137B,155600,9.42,-0.00064,-0.15749
stec8|FX63-137B,155600,10.42,-0.07288,-0.14026
stec8|FX63-137B,155600,11.43,-0.12438,-0.10381
stec8|FX63-137B,200700,-5.9,-0.03090,-0.00880
stec8|FX63-137B,200700,-4.88,0.02435,-0.04118
stec8|FX63-137B,200700,-3.86,0.02234,-0.06943
stec8|FX63-137B,200700,-2.85,0.06625,-0.10212
stec8|FX63-137B,200700,-1.79,0.07070,-0.11451
stec8|FX63-137B,200700,-0.79,0.07927,-0.13645
stec8|FX63-137B,200700,0.25,0.07927,-0.14397
stec8|FX63-137B,200700,1.28,0.08684,-0.15005
stec8|FX63-137B,200700,2.3,0.08158,-0.17049
stec8|FX63-137B,200700,3.3,0.08852,-0.17759
stec8|FX63-137B,200700,4.33,0.07894,-0.18711
stec8|FX63-137B,200700,5.35,0.06925,-0.18822
stec8|FX63-137B,200700,6.36,0.09558,-0.18436
stec8|FX63-137B,200700,7.38,0.02918,-0.18575
stec8|FX63-137B,200700,8.42,0.01085,-0.17427
stec8|FX63-137B,200700,9.43,-0.03116,-0.16256
stec8|FX63-137B,200700,10.44,-0.06513,-0.14044
stec8|FX63-137B,200700,11.44,-0.11348,-0.11319
stec8|FX63-137B,308600,-6.94,0.02636,-0.01312
stec8|FX63-137B,308600,-5.92,0.11624,-0.05194
stec8|FX63-137B,308600,-4.89,0.08644,-0.06944
stec8|FX63-137B,308600,-3.84,0.06597,-0.09166
stec8|FX63-137B,308600,-2.83,0.10850,-0.09618
stec8|FX63-137B,308600,-1.79,0.12341,-0.10760
stec8|FX63-137B,308600,-0.79,0.10875,-0.11934
stec8|FX63-137B,308600,0.24,0.11198,-0.12827
stec8|FX63-137B,308600,1.28,0.12331,-0.14288
stec8|FX63-137B,308600,2.28,0.11844,-0.15734
stec8|FX63-137B,308600,3.31,0.12513,-0.16234
stec8|FX63-137B,308600,4.33,0.11069,-0.17436
stec8|FX63-137B,308600,5.36,0.13838,-0.17410
stec8|FX63-137B,308600,6.37,0.08022,-0.17286
stec8|FX63-137B,308600,7.39,0.06967,-0.16511
stec8|FX63-137B,308600,8.42,0.05777,-0.15050
stec8|FX63-137B,308600,9.42,0.02374,-0.13760
stec8|FX63-137B,308600,10.43,-0.01347,-0.11696
stec8|FX63-137B,308600,11.43,-0.04116,-0.10185
stec8|HQ2/9A,62000,-2.95,-0.21929,0.14628
stec8|HQ2/9A,62000,-1.94,-0.14336,0.11608
stec8|HQ2/9A,62000,-0.92,-0.14686,0.11360
stec8|HQ2/9A,62000,0.1,-0.10692,0.10978
stec8|HQ2/9A,62000,1.13,-0.11568,0.10961
stec8|HQ2/9A,62000,2.17,-0.08096,0.07428
stec8|HQ2/9A,62000,3.2,-0.02052,0.02795
stec8|HQ2/9A,62000,4.22,-0.01040,-0.03555
stec8|HQ2/9A,62000,5.24,-0.01000,-0.05345
stec8|HQ2/9A,62000,6.26,-0.01094,-0.05380
stec8|HQ2/9A,62000,7.28,-0.09273,-0.05359
stec8|HQ2/9A,62000,8.28,-0.14010,-0.07419
stec8|HQ2/9A,62000,9.3,-0.17296,-0.08825
stec8|HQ2/9A,98300,-3.96,-0.20371,0.14187
stec8|HQ2/9A,98300,-2.94,-0.15403,0.14005
stec8|HQ2/9A,98300,-1.92,-0.10966,0.12472
stec8|HQ2/9A,98300,-0.91,-0.10576,0.10706
stec8|HQ2/9A,98300,0.14,-0.06256,0.07407
stec8|HQ2/9A,98300,1.16,-0.01390,0.03738
stec8|HQ2/9A,98300,2.19,0.01742,0.00717
stec8|HQ2/9A,98300,3.2,0.03875,-0.01707
stec8|HQ2/9A,98300,4.23,0.04538,-0.04687
stec8|HQ2/9A,98300,5.25,0.04424,-0.04685
stec8|HQ2/9A,98300,6.26,0.02519,-0.04577
stec8|HQ2/9A,98300,7.28,-0.01334,-0.04625
stec8|HQ2/9A,98300,8.29,-0.01120,-0.06513
stec8|HQ2/9A,98300,9.3,-0.07190,-0.09000
stec8|HQ2/9A,98300,10.31,-0.08814,-0.07531
stec8|HQ2/9A,98300,11.31,-0.31794,0.07534
stec8|HQ2/9A,149000,-3.96,-0.16450,0.11060
stec8|HQ2/9A,149000,-2.94,-0.13899,0.09930
stec8|HQ2/9A,149000,-1.92,-0.09979,0.06897
stec8|HQ2/9A,149000,-0.88,-0.04263,0.04258
stec8|HQ2/9A,149000,0.14,-0.01382,-0.00990
stec8|HQ2/9A,149000,1.18,0.00308,-0.02806
stec8|HQ2/9A,149000,2.2,0.03023,-0.04189
stec8|HQ2/9A,149000,3.21,0.05341,-0.05648
stec8|HQ2/9A,149000,4.23,0.05961,-0.06123
stec8|HQ2/9A,149000,5.26,0.06513,-0.06127
stec8|HQ2/9A,149000,6.27,0.03780,-0.05893
stec8|HQ2/9A,149000,7.28,0.01475,-0.06393
stec8|HQ2/9A,149000,8.3,0.01742,-0.07776
stec8|HQ2/9A,149000,9.31,-0.00668,-0.09638
stec8|HQ2/9A,149000,10.32,-0.07320,-0.08735
stec8|HQ2/9A,208700,-3.96,-0.13276,0.11868
stec8|HQ2/9A,208700,-2.93,-0.09304,0.07981
stec8|HQ2/9A,208700,-1.9,-0.01105,0.06375
stec8|HQ2/9A,208700,-0.88,0.01468,0.04286
stec8|HQ2/9A,208700,0.15,0.02537,0.01793
stec8|HQ2/9A,208700,1.17,0.03307,-0.01277
stec8|HQ2/9A,208700,2.19,0.05935,-0.02253
stec8|HQ2/9A,208700,3.21,0.07402,-0.02728
stec8|HQ2/9A,208700,4.23,0.09724,-0.03438
stec8|HQ2/9A,208700,5.25,0.07579,-0.03510
stec8|HQ2/9A,208700,6.27,0.05212,-0.03186
stec8|HQ2/9A,208700,7.3,0.04496,-0.04125
stec8|HQ2/9A,208700,8.3,0.05170,-0.04859
stec8|HQ2/9A,208700,9.32,0.02911,-0.06056
stec8|HQ2/9A,208700,10.32,0.04980,-0.07327
stec8|HQ2/9A,208700,11.31,-0.08687,-0.06124
stec8|HQ2/9A,303400,-3.96,-0.08942,0.04026
stec8|HQ2/9A,303400,-2.94,-0.01639,0.03693
stec8|HQ2/9A,303400,-1.91,0.05296,0.02239
stec8|HQ2/9A,303400,-0.88,0.04111,0.00363
stec8|HQ2/9A,303400,0.14,0.04290,-0.00916
stec8|HQ2/9A,303400,1.18,0.06097,-0.01848
stec8|HQ2/9A,303400,2.19,0.07209,-0.02885
stec8|HQ2/9A,303400,3.21,0.10546,-0.03743
stec8|HQ2/9A,303400,4.24,0.11609,-0.05443
stec8|HQ2/9A,303400,5.25,0.08741,-0.04763
stec8|HQ2/9A,303400,6.27,0.06589,-0.04675
stec8|HQ2/9A,303400,7.28,0.07438,-0.05434
stec8|HQ2/9A,303400,8.31,0.07519,-0.06189
stec8|HQ2/9A,303400,9.31,0.06745,-0.06492
stec8|HQ2/9A,303400,10.33,0.09959,-0.07793
stec8|HQ2/9A,303400,11.32,0.14569,-0.08480
stec8|HQ2/9B,60800,-2.94,-0.23449,0.11800
stec8|HQ2/9B,60800,-1.43,-0.15964,0.09217
stec8|HQ2/9B,60800,0.1,-0.13938,0.09256
stec8|HQ2/9B,60800,1.65,-0.10935,0.05517
stec8|HQ2/9B,60800,3.19,-0.02184,0.01132
stec8|HQ2/9B,60800,4.74,-0.00774,-0.06365
stec8|HQ2/9B,60800,6.26,-0.00375,-0.07185
stec8|HQ2/9B,60800,7.77,-0.11442,-0.07785
stec8|HQ2/9B,60800,9.3,-0.20368,-0.10758
stec8|HQ2/9B,60800,10.8,-0.11017,0.01769
stec8|HQ2/9B,100100,-2.94,-0.16881,0.09630
stec8|HQ2/9B,100100,-1.42,-0.12023,0.07199
stec8|HQ2/9B,100100,0.13,-0.04362,0.02086
stec8|HQ2/9B,100100,1.66,0.01211,-0.00865
stec8|HQ2/9B,100100,3.2,0.05164,-0.05660
stec8|HQ2/9B,100100,4.75,0.05609,-0.07564
stec8|HQ2/9B,100100,6.26,0.04574,-0.07518
stec8|HQ2/9B,100100,7.77,0.00532,-0.08494
stec8|HQ2/9B,100100,9.31,-0.04206,-0.13103
stec8|HQ2/9B,100100,10.79,0.08323,-0.06146
stec8|HQ2/9B,152000,-2.94,-0.16561,0.08658
stec8|HQ2/9B,152000,-1.39,-0.09625,0.03887
stec8|HQ2/9B,152000,0.12,-0.00749,-0.00823
stec8|HQ2/9B,152000,1.67,0.02455,-0.04361
stec8|HQ2/9B,152000,3.2,0.05648,-0.06859
stec8|HQ2/9B,152000,4.73,0.06987,-0.07666
stec8|HQ2/9B,152000,6.26,0.05237,-0.07514
stec8|HQ2/9B,152000,7.78,0.03554,-0.08130
stec8|HQ2/9B,152000,9.29,-0.00237,-0.11568
stec8|HQ2/9B,152000,10.8,0.07848,-0.11339
stec8|HQ2/9B,202400,-3.97,-0.15312,0.09067
stec8|HQ2/9B,202400,-2.46,-0.05032,0.03916
stec8|HQ2/9B,202400,-0.9,-0.00344,0.00954
stec8|HQ2/9B,202400,0.63,0.03287,-0.03893
stec8|HQ2/9B,202400,2.18,0.05844,-0.05513
stec8|HQ2/9B,202400,3.71,0.09144,-0.06552
stec8|HQ2/9B,202400,5.25,0.07849,-0.07222
stec8|HQ2/9B,202400,6.75,0.05353,-0.07038
stec8|HQ2/9B,202400,8.29,0.05304,-0.08287
stec8|HQ2/9B,202400,9.79,0.01136,-0.10184
stec8|HQ2/9B,303500,-4.01,-0.11674,0.03347
stec8|HQ2/9B,303500,-2.49,0.00281,0.01361
stec8|HQ2/9B,303500,-0.95,0.02792,-0.01465
stec8|HQ2/9B,303500,0.62,0.04515,-0.03720
stec8|HQ2/9B,303500,2.15,0.06557,-0.04786
stec8|HQ2/9B,303500,3.7,0.10439,-0.05327
stec8|HQ2/9B,303500,5.22,0.07595,-0.06022
stec8|HQ2/9B,303500,6.76,0.06304,-0.05895
stec8|HQ2/9B,303500,8.3,0.05184,-0.07020
stec8|HQ2/9B,303500,9.81,0.02722,-0.08334
stec8|HQ2/9B,303500,11.31,0.17384,-0.11424
stec8|J5012,56500,-6.04,-0.09124,0.12582
stec8|J5012,56500,-5.03,-0.05071,0.13065
stec8|J5012,56500,-4.01,-0.06723,0.12429
stec8|J5012,56500,-2.99,-0.13402,0.11830
stec8|J5012,56500,-1.97,-0.18437,0.08706
stec8|J5012,56500,-0.92,-0.16325,0.07883
stec8|J5012,56500,0.09,-0.13214,0.08175
stec8|J5012,56500,1.11,-0.13829,0.07704
stec8|J5012,56500,2.16,-0.10923,0.02136
stec8|J5012,56500,3.2,-0.07906,-0.08111
stec8|J5012,56500,4.21,-0.06386,-0.10470
stec8|J5012,56500,5.24,-0.05019,-0.12087
stec8|J5012,56500,6.25,-0.11194,-0.12018
stec8|J5012,56500,7.26,-0.09869,-0.13098
stec8|J5012,56500,8.27,-0.07348,-0.13790
stec8|J5012,56500,9.27,-0.00589,-0.14717
stec8|J5012,97800,-6.01,-0.04981,0.11341
stec8|J5012,97800,-5.0,-0.03192,0.11211
stec8|J5012,97800,-4.0,-0.02740,0.12038
stec8|J5012,97800,-2.97,-0.05091,0.11096
stec8|J5012,97800,-1.96,-0.11091,0.10035
stec8|J5012,97800,-0.93,-0.14489,0.08903
stec8|J5012,97800,0.09,-0.14083,0.02528
stec8|J5012,97800,1.14,-0.08024,-0.01628
stec8|J5012,97800,2.17,-0.04891,-0.08967
stec8|J5012,97800,3.19,-0.03931,-0.11309
stec8|J5012,97800,4.19,-0.03731,-0.12127
stec8|J5012,97800,5.22,-0.03049,-0.12702
stec8|J5012,97800,6.22,-0.05536,-0.11959
stec8|J5012,97800,7.24,-0.07422,-0.12733
stec8|J5012,97800,8.26,-0.04698,-0.13044
stec8|J5012,97800,9.26,0.01944,-0.13974
stec8|J5012,151300,-6.05,-0.00672,0.09435
stec8|J5012,151300,-5.02,-0.01094,0.10094
stec8|J5012,151300,-3.99,-0.02110,0.10224
stec8|J5012,151300,-2.98,-0.03732,0.09883
stec8|J5012,151300,-1.95,-0.08878,0.07773
stec8|J5012,151300,-0.93,-0.10727,0.04992
stec8|J5012,151300,0.1,-0.10062,0.00494
stec8|J5012,151300,1.12,-0.04458,-0.05510
stec8|J5012,151300,2.15,-0.02987,-0.11248
stec8|J5012,151300,3.17,-0.01793,-0.11972
stec8|J5012,151300,4.18,-0.01598,-0.12950
stec8|J5012,151300,5.2,-0.00932,-0.12604
stec8|J5012,151300,6.22,-0.02884,-0.12688
stec8|J5012,151300,7.24,-0.02844,-0.12829
stec8|J5012,151300,8.25,-0.04099,-0.13030
stec8|J5012,151300,9.27,0.05571,-0.13189
stec8|J5012,151300,10.27,0.08102,-0.14342
stec8|J5012,201900,-6.04,0.03209,0.09305
stec8|J5012,201900,-5.01,0.01773,0.09784
stec8|J5012,201900,-3.98,-0.00346,0.09914
stec8|J5012,201900,-2.97,-0.04803,0.07800
stec8|J5012,201900,-1.97,-0.05628,0.05535
stec8|J5012,201900,-0.93,-0.07581,0.01333
stec8|J5012,201900,0.09,-0.06902,-0.00345
stec8|J5012,201900,1.11,-0.02288,-0.06947
stec8|J5012,201900,2.13,-0.01756,-0.10623
stec8|J5012,201900,3.16,-0.00942,-0.11549
stec8|J5012,201900,4.19,-0.00405,-0.12455
stec8|J5012,201900,5.21,0.00524,-0.12645
stec8|J5012,201900,6.22,-0.01053,-0.13210
stec8|J5012,201900,7.23,-0.01233,-0.12826
stec8|J5012,201900,8.26,-0.02092,-0.13028
stec8|J5012,201900,9.26,0.03858,-0.13036
stec8|J5012,201900,10.26,0.10538,-0.13096
stec8|J5012,303100,-6.04,0.06190,0.08326
stec8|J5012,303100,-5.01,0.02988,0.08610
stec8|J5012,303100,-4.02,0.02728,0.06651
stec8|J5012,303100,-2.97,-0.00813,0.04509
stec8|J5012,303100,-1.93,-0.03086,0.02054
stec8|J5012,303100,-0.92,-0.06808,-0.00584
stec8|J5012,303100,0.09,-0.03158,-0.03694
stec8|J5012,303100,1.12,-0.00873,-0.06315
stec8|J5012,303100,2.13,-0.00340,-0.08543
stec8|J5012,303100,3.16,0.00517,-0.10236
stec8|J5012,303100,4.18,0.01115,-0.11218
stec8|J5012,303100,5.2,0.01234,-0.11918
stec8|J5012,303100,6.22,0.00293,-0.12556
stec8|J5012,303100,7.23,0.00214,-0.12173
stec8|J5012,303100,8.25,-0.00266,-0.12374
stec8|J5012,303100,9.26,0.06658,-0.12382
stec8|J5012,303100,10.28,0.08741,-0.12134
stec8|MB253515,60100,-7.02,-0.17335,0.15007
stec8|MB253515,60100,-6.02,-0.03714,0.16153
stec8|MB253515,60100,-4.98,-0.06327,0.17290
stec8|MB253515,60100,-3.96,-0.10184,0.15932
stec8|MB253515,60100,-2.94,-0.07729,0.11531
stec8|MB253515,60100,-1.91,-0.00480,0.07138
stec8|MB253515,60100,-0.9,0.01252,0.01515
stec8|MB253515,60100,0.12,0.02293,-0.00559
stec8|MB253515,60100,1.14,0.02443,-0.02398
stec8|MB253515,60100,2.15,0.02735,-0.04856
stec8|MB253515,60100,3.16,-0.00149,-0.05289
stec8|MB253515,60100,4.18,0.02981,-0.05509
stec8|MB253515,99500,-6.48,-0.04312,0.09603
stec8|MB253515,99500,-5.66,-0.05477,0.08953
stec8|MB253515,99500,-4.86,-0.05243,0.07962
stec8|MB253515,99500,-4.04,-0.00767,0.05657
stec8|MB253515,99500,-3.23,0.01882,0.05196
stec8|MB253515,99500,-2.42,0.02907,0.03453
stec8|MB253515,99500,-1.58,0.08163,0.01071
stec8|MB253515,99500,-0.76,0.07848,-0.02807
stec8|MB253515,99500,0.06,0.08507,-0.05081
stec8|MB253515,99500,0.87,0.06287,-0.06579
stec8|MB253515,99500,1.68,0.06059,-0.07131
stec8|MB253515,99500,2.49,0.06985,-0.07270
stec8|MB253515,99500,3.3,0.07913,-0.07415
stec8|MB253515,99500,4.13,0.06441,-0.08370
stec8|MB253515,99500,4.94,0.06895,-0.07834
stec8|MB253515,99500,5.77,0.06755,-0.06970
stec8|MB253515,99500,6.58,0.05941,-0.06909
stec8|MB253515,99500,7.38,0.05939,-0.08103
stec8|MB253515,99500,8.21,0.06149,-0.08643
stec8|MB253515,99500,9.02,0.04772,-0.07702
stec8|MB253515,99500,9.82,0.04282,-0.06172
stec8|MB253515,99500,10.61,0.02672,-0.04180
stec8|MB253515,99500,11.41,0.02168,-0.04472
stec8|MB253515,126700,-2.91,0.00960,-0.00358
stec8|MB253515,126700,-1.9,0.03828,-0.02073
stec8|MB253515,126700,-0.87,0.07264,-0.03224
stec8|MB253515,126700,0.17,0.03580,-0.07149
stec8|MB253515,126700,1.19,0.04684,-0.08657
stec8|MB253515,126700,2.2,0.06698,-0.09228
stec8|MB253515,126700,3.23,0.07695,-0.09016
stec8|MB253515,126700,4.23,0.07151,-0.10185
stec8|MB253515,126700,5.26,0.06956,-0.09097
stec8|MB253515,126700,6.27,0.06826,-0.08709
stec8|MB253515,126700,7.29,0.06246,-0.09535
stec8|MB253515,126700,8.32,0.06055,-0.09671
stec8|MB253515,126700,9.31,0.04758,-0.07554
stec8|MB253515,126700,10.32,0.03151,-0.05896
stec8|MB253515,149700,-5.95,-0.02782,0.03850
stec8|MB253515,149700,-4.97,-0.03706,0.03170
stec8|MB253515,149700,-3.94,0.00210,0.01941
stec8|MB253515,149700,-2.92,-0.02187,0.00932
stec8|MB253515,149700,-1.91,0.03101,-0.00635
stec8|MB253515,149700,-0.88,0.02576,-0.02248
stec8|MB253515,149700,0.16,0.03133,-0.04671
stec8|MB253515,149700,1.18,0.04112,-0.07067
stec8|MB253515,149700,2.21,0.07044,-0.08154
stec8|MB253515,149700,3.23,0.07695,-0.08111
stec8|MB253515,149700,4.24,0.07151,-0.08906
stec8|MB253515,149700,5.26,0.06956,-0.07818
stec8|MB253515,149700,6.28,0.06798,-0.07599
stec8|MB253515,149700,7.29,0.06182,-0.08345
stec8|MB253515,149700,8.32,0.06186,-0.07935
stec8|MB253515,149700,9.32,0.04582,-0.06181
stec8|MB253515,149700,10.31,0.03648,-0.04025
stec8|MB253515,177600,-2.91,-0.02201,0.00429
stec8|MB253515,177600,-1.9,-0.00497,-0.00845
stec8|MB253515,177600,-0.88,0.02382,-0.02006
stec8|MB253515,177600,0.14,0.02501,-0.02960
stec8|MB253515,177600,1.19,0.04126,-0.05401
stec8|MB253515,177600,2.2,0.06141,-0.07270
stec8|MB253515,177600,3.23,0.07509,-0.07500
stec8|MB253515,177600,4.24,0.07182,-0.07919
stec8|MB253515,177600,5.26,0.06847,-0.07063
stec8|MB253515,177600,6.29,0.06829,-0.06746
stec8|MB253515,177600,7.3,0.06213,-0.07314
stec8|MB253515,177600,8.3,0.06217,-0.06958
stec8|MB253515,177600,9.3,0.04469,-0.04757
stec8|MB253515,177600,10.3,0.04815,-0.03374
stec8|MB253515,177600,11.3,0.19445,-0.03874
stec8|MB253515,200100,-6.99,-0.09355,0.02575
stec8|MB253515,200100,-5.98,-0.06379,0.03504
stec8|MB253515,200100,-4.97,-0.02832,0.00479
stec8|MB253515,200100,-3.95,-0.01278,0.00253
stec8|MB253515,200100,-2.91,-0.01405,0.00093
stec8|MB253515,200100,-1.9,0.00413,-0.01490
stec8|MB253515,200100,-0.88,0.03721,-0.02170
stec8|MB253515,200100,0.14,0.03532,-0.03232
stec8|MB253515,200100,1.17,0.04605,-0.04455
stec8|MB253515,200100,2.21,0.06564,-0.06300
stec8|MB253515,200100,3.24,0.08112,-0.07982
stec8|MB253515,200100,4.25,0.08272,-0.08402
stec8|MB253515,200100,5.26,0.07973,-0.07960
stec8|MB253515,200100,6.28,0.07761,-0.07173
stec8|MB253515,200100,7.3,0.07209,-0.07741
stec8|MB253515,200100,8.32,0.07149,-0.07378
stec8|MB253515,200100,9.31,0.05337,-0.05342
stec8|MB253515,200100,10.3,0.08480,-0.03879
stec8|MB253515,200100,11.3,0.21219,-0.04365
stec8|MB253515,250100,-2.93,0.02163,0.00799
stec8|MB253515,250100,-1.89,0.03360,-0.00674
stec8|MB253515,250100,-0.87,0.05176,-0.01399
stec8|MB253515,250100,0.13,0.05084,-0.01797
stec8|MB253515,250100,1.17,0.04561,-0.03124
stec8|MB253515,250100,2.2,0.05838,-0.04432
stec8|MB253515,250100,3.22,0.08003,-0.05218
stec8|MB253515,250100,4.25,0.08272,-0.06911
stec8|MB253515,250100,5.28,0.08078,-0.06066
stec8|MB253515,250100,6.28,0.07930,-0.05748
stec8|MB253515,250100,7.3,0.07552,-0.05780
stec8|MB253515,250100,8.29,0.07343,-0.05473
stec8|MB253515,250100,9.29,0.06471,-0.03744
stec8|MB253515,250100,10.29,0.09292,-0.02973
stec8|MB253515,301600,-7.09,-0.03067,-0.01342
stec8|MB253515,301600,-6.05,0.03753,-0.00179
stec8|MB253515,301600,-5.03,0.03743,-0.00850
stec8|MB253515,301600,-3.96,0.01249,-0.00464
stec8|MB253515,301600,-2.97,0.04153,-0.00232
stec8|MB253515,301600,-1.92,0.05016,-0.01098
stec8|MB253515,301600,-0.88,0.06731,-0.01800
stec8|MB253515,301600,0.13,0.06740,-0.02400
stec8|MB253515,301600,1.17,0.07125,-0.03490
stec8|MB253515,301600,2.18,0.06538,-0.04463
stec8|MB253515,301600,3.22,0.09156,-0.05202
stec8|MB253515,301600,4.24,0.10290,-0.06855
stec8|MB253515,301600,5.26,0.10244,-0.06804
stec8|MB253515,301600,6.28,0.09913,-0.06247
stec8|MB253515,301600,7.3,0.09239,-0.06069
stec8|MB253515,301600,8.3,0.09649,-0.05389
stec8|MB253515,301600,9.3,0.08972,-0.04056
stec8|MB253515,301600,10.3,0.05280,-0.03148
stec8|MILEY,201600,-3.93,-0.15839,-0.04839
stec8|MILEY,201600,-2.91,-0.08762,-0.04990
stec8|MILEY,201600,-1.88,0.00162,-0.04344
stec8|MILEY,201600,-0.86,0.06788,-0.05709
stec8|MILEY,201600,0.17,0.04175,-0.07349
stec8|MILEY,201600,1.18,0.23341,-0.09284
stec8|MILEY,201600,2.22,0.16736,-0.09882
stec8|MILEY,201600,3.22,0.18010,-0.11185
stec8|MILEY,201600,4.26,0.17503,-0.12249
stec8|MILEY,201600,5.28,0.17360,-0.12082
stec8|MILEY,201600,6.28,0.16330,-0.12560
stec8|MILEY,201600,7.32,0.18271,-0.13796
stec8|MILEY,201600,8.34,0.13638,-0.12487
stec8|MILEY,201600,9.36,0.02857,-0.13918
stec8|MILEY,201600,10.38,0.02689,-0.14360
stec8|MILEY,201600,11.38,0.05430,-0.12729
stec8|MILEY,232000,-4.98,-0.18299,-0.01305
stec8|MILEY,232000,-3.92,-0.15181,-0.01264
stec8|MILEY,232000,-2.93,-0.06958,-0.01746
stec8|MILEY,232000,-1.89,0.00369,-0.00883
stec8|MILEY,232000,-0.85,0.06636,-0.02093
stec8|MILEY,232000,0.16,0.04958,-0.03997
stec8|MILEY,232000,1.18,0.16682,-0.04596
stec8|MILEY,232000,2.2,0.27732,-0.06055
stec8|MILEY,232000,3.22,0.26367,-0.07350
stec8|MILEY,232000,4.25,0.24745,-0.08234
stec8|MILEY,232000,5.28,0.23367,-0.08520
stec8|MILEY,232000,6.3,0.24745,-0.08699
stec8|MILEY,232000,7.32,0.18112,-0.08427
stec8|MILEY,232000,8.35,0.02602,-0.08662
stec8|MILEY,232000,9.36,0.02161,-0.10863
stec8|MILEY,232000,10.37,0.03394,-0.10369
stec8|MILEY,232000,11.37,0.02114,-0.08911
stec8|MILEY,254600,-3.92,-0.13481,-0.01264
stec8|MILEY,254600,-2.9,-0.08129,-0.01134
stec8|MILEY,254600,-1.88,0.00981,-0.00712
stec8|MILEY,254600,-0.85,0.03922,-0.02093
stec8|MILEY,254600,0.16,0.03955,-0.04239
stec8|MILEY,254600,1.18,0.08511,-0.04596
stec8|MILEY,254600,2.21,0.16393,-0.04878
stec8|MILEY,254600,3.25,0.27090,-0.06013
stec8|MILEY,254600,4.25,0.27646,-0.07817
stec8|MILEY,254600,5.28,0.27884,-0.07613
stec8|MILEY,254600,6.3,0.20212,-0.07636
stec8|MILEY,254600,7.32,0.07634,-0.07901
stec8|MILEY,254600,8.35,0.00646,-0.09018
stec8|MILEY,254600,9.37,0.03032,-0.10863
stec8|MILEY,254600,10.38,0.02535,-0.10631
stec8|MILEY,254600,11.37,0.04724,-0.08862
stec8|MILEY,302900,-3.92,-0.10069,-0.05461
stec8|MILEY,302900,-2.9,-0.04927,-0.04467
stec8|MILEY,302900,-1.89,0.04393,-0.05098
stec8|MILEY,302900,-0.86,0.03986,-0.06096
stec8|MILEY,302900,0.15,0.02491,-0.08103
stec8|MILEY,302900,1.19,0.05343,-0.08439
stec8|MILEY,302900,2.22,0.06989,-0.08721
stec8|MILEY,302900,3.25,0.10606,-0.09749
stec8|MILEY,302900,4.27,0.09743,-0.10746
stec8|MILEY,302900,5.3,0.07804,-0.10773
stec8|MILEY,302900,6.3,0.05875,-0.11173
stec8|MILEY,302900,7.32,0.00502,-0.12425
stec8|MILEY,302900,8.34,0.02012,-0.13671
stec8|MILEY,302900,9.37,0.03963,-0.14926
stec8|MILEY,302900,10.38,0.02277,-0.14164
stec8|MILEY,302900,11.35,0.08541,-0.15146
stec8|NACA 0009,59700,-6.02,-0.17763,0.09572
stec8|NACA 0009,59700,-5.03,-0.14572,0.10063
stec8|NACA 0009,59700,-3.99,-0.15322,0.08540
stec8|NACA 0009,59700,-3.0,-0.11179,0.07185
stec8|NACA 0009,59700,-1.95,-0.14593,0.00396
stec8|NACA 0009,59700,-0.92,-0.13643,0.00053
stec8|NACA 0009,59700,0.09,-0.13394,0.00841
stec8|NACA 0009,59700,1.1,-0.11510,0.00128
stec8|NACA 0009,59700,2.13,-0.11897,-0.00424
stec8|NACA 0009,59700,3.15,-0.06918,-0.09668
stec8|NACA 0009,59700,4.19,-0.06875,-0.10319
stec8|NACA 0009,59700,5.19,-0.09662,-0.09775
stec8|NACA 0009,59700,6.22,-0.11671,-0.10246
stec8|NACA 0009,59700,7.23,-0.18854,-0.10097
stec8|NACA 0009,59700,8.23,-0.14669,-0.09705
stec8|NACA 0009,59700,9.26,-0.10690,0.00979
stec8|NACA 0009,59700,10.25,-0.01894,-0.02018
stec8|NACA 0009,100300,-6.03,-0.08218,0.08683
stec8|NACA 0009,100300,-5.0,-0.09212,0.08824
stec8|NACA 0009,100300,-3.98,-0.12361,0.07461
stec8|NACA 0009,100300,-2.98,-0.05406,0.06712
stec8|NACA 0009,100300,-1.96,-0.09277,0.02189
stec8|NACA 0009,100300,-0.91,-0.13097,-0.01481
stec8|NACA 0009,100300,0.09,-0.12386,-0.00984
stec8|NACA 0009,100300,1.11,-0.09816,-0.01052
stec8|NACA 0009,100300,2.15,-0.04345,-0.06503
stec8|NACA 0009,100300,3.15,-0.03294,-0.11183
stec8|NACA 0009,100300,4.19,-0.03890,-0.10409
stec8|NACA 0009,100300,5.21,-0.05921,-0.10104
stec8|NACA 0009,100300,6.21,-0.06146,-0.10008
stec8|NACA 0009,100300,7.23,-0.07464,-0.10338
stec8|NACA 0009,100300,8.24,-0.04644,-0.11529
stec8|NACA 0009,150600,-6.04,-0.05497,0.09267
stec8|NACA 0009,150600,-5.03,-0.07910,0.09213
stec8|NACA 0009,150600,-4.0,-0.12852,0.07988
stec8|NACA 0009,150600,-2.99,-0.04387,0.07836
stec8|NACA 0009,150600,-1.96,-0.03124,0.06895
stec8|NACA 0009,150600,-0.94,-0.10794,-0.00189
stec8|NACA 0009,150600,0.07,-0.12169,-0.00943
stec8|NACA 0009,150600,1.11,-0.06668,-0.03691
stec8|NACA 0009,150600,2.15,-0.03724,-0.09769
stec8|NACA 0009,150600,3.16,-0.02659,-0.10060
stec8|NACA 0009,150600,4.18,-0.03281,-0.09971
stec8|NACA 0009,150600,5.21,-0.06986,-0.09649
stec8|NACA 0009,150600,6.21,-0.04757,-0.09649
stec8|NACA 0009,150600,7.24,-0.05579,-0.09810
stec8|NACA 0009,150600,8.24,-0.05784,-0.09907
stec8|NACA 0009,150600,9.25,0.01607,-0.09910
stec8|NACA 0009,199000,-6.04,-0.02633,0.12497
stec8|NACA 0009,199000,-5.01,-0.03708,0.13099
stec8|NACA 0009,199000,-4.0,-0.09246,0.12038
stec8|NACA 0009,199000,-2.99,-0.00103,0.10759
stec8|NACA 0009,199000,-2.01,0.00733,0.11016
stec8|NACA 0009,199000,-0.94,-0.03155,0.05866
stec8|NACA 0009,199000,0.1,-0.07551,0.02739
stec8|NACA 0009,199000,1.1,-0.01223,-0.01742
stec8|NACA 0009,199000,2.13,-0.00821,-0.06298
stec8|NACA 0009,199000,3.15,-0.00054,-0.07009
stec8|NACA 0009,199000,4.19,-0.01358,-0.06474
stec8|NACA 0009,199000,5.19,-0.04411,-0.05862
stec8|NACA 0009,199000,6.23,-0.03593,-0.05862
stec8|NACA 0009,199000,7.24,-0.03160,-0.06023
stec8|NACA 0009,199000,8.24,-0.03076,-0.06354
stec8|NACA 0009,199000,9.25,0.07752,-0.05883
stec8|NACA 0009,302900,-6.05,0.00506,0.07718
stec8|NACA 0009,302900,-5.04,-0.00765,0.08243
stec8|NACA 0009,302900,-3.98,-0.05478,0.06993
stec8|NACA 0009,302900,-2.98,-0.00148,0.06048
stec8|NACA 0009,302900,-1.95,0.00768,0.03866
stec8|NACA 0009,302900,-0.99,-0.04899,0.00628
stec8|NACA 0009,302900,0.08,-0.05865,-0.03131
stec8|NACA 0009,302900,1.1,-0.00526,-0.08389
stec8|NACA 0009,302900,2.14,-0.01063,-0.10235
stec8|NACA 0009,302900,3.17,0.00225,-0.10177
stec8|NACA 0009,302900,4.19,-0.00360,-0.10199
stec8|NACA 0009,302900,5.21,-0.03013,-0.09331
stec8|NACA 0009,302900,6.22,-0.01841,-0.09331
stec8|NACA 0009,302900,7.23,-0.00284,-0.09407
stec8|NACA 0009,302900,8.25,-0.01985,-0.09172
stec8|NACA 0009,302900,9.27,0.02138,-0.08883
stec8|NACA 6409,61400,-0.83,-0.01985,0.01682
stec8|NACA 6409,61400,0.19,-0.02105,-0.00368
stec8|NACA 6409,61400,1.19,-0.02301,-0.04285
stec8|NACA 6409,61400,2.22,-0.02413,-0.05258
stec8|NACA 6409,61400,3.23,-0.04378,-0.07200
stec8|NACA 6409,61400,4.26,-0.03064,-0.08554
stec8|NACA 6409,61400,5.26,-0.01383,-0.09945
stec8|NACA 6409,61400,6.28,0.03124,-0.09807
stec8|NACA 6409,61400,7.24,0.09298,-0.08268
stec8|NACA 6409,61400,8.24,0.06005,-0.09491
stec8|NACA 6409,61400,9.25,-0.05651,-0.14962
stec8|NACA 6409,61400,10.36,-0.15043,-0.11061
stec8|NACA 6409,79400,-0.84,-0.01004,-0.02667
stec8|NACA 6409,79400,0.18,0.02260,-0.03123
stec8|NACA 6409,79400,1.21,0.02622,-0.06526
stec8|NACA 6409,79400,2.21,0.01280,-0.09205
stec8|NACA 6409,79400,3.24,0.00949,-0.10314
stec8|NACA 6409,79400,4.25,0.01235,-0.11523
stec8|NACA 6409,79400,5.26,0.00338,-0.11896
stec8|NACA 6409,79400,6.28,-0.03383,-0.12771
stec8|NACA 6409,79400,7.32,-0.03228,-0.14106
stec8|NACA 6409,79400,8.32,-0.02848,-0.14822
stec8|NACA 6409,79400,9.35,-0.02827,-0.11360
stec8|NACA 6409,79400,10.35,-0.15335,-0.11329
stec8|NACA 6409,79400,11.36,-0.15762,-0.14777
stec8|NACA 6409,102600,-0.84,0.08960,-0.05669
stec8|NACA 6409,102600,0.14,0.08228,-0.07295
stec8|NACA 6409,102600,1.18,0.07272,-0.10400
stec8|NACA 6409,102600,2.2,0.07566,-0.11321
stec8|NACA 6409,102600,3.23,0.07504,-0.11725
stec8|NACA 6409,102600,4.24,0.07769,-0.12457
stec8|NACA 6409,102600,5.27,0.06744,-0.13531
stec8|NACA 6409,102600,6.29,0.05662,-0.14541
stec8|NACA 6409,102600,7.32,0.05421,-0.14987
stec8|NACA 6409,102600,8.31,0.05516,-0.15022
stec8|NACA 6409,102600,9.34,-0.01054,-0.13155
stec8|NACA 6409,102600,10.37,-0.08104,-0.13230
stec8|NACA 6409,102600,11.35,-0.02457,-0.16251
stec8|NACA 6409,147300,-0.9,0.07935,-0.06410
stec8|NACA 6409,147300,0.1,0.08929,-0.08147
stec8|NACA 6409,147300,1.18,0.08479,-0.10247
stec8|NACA 6409,147300,2.2,0.08918,-0.10919
stec8|NACA 6409,147300,3.19,0.08604,-0.11799
stec8|NACA 6409,147300,4.23,0.08734,-0.12401
stec8|NACA 6409,147300,5.23,0.08289,-0.12915
stec8|NACA 6409,147300,6.26,0.07410,-0.13683
stec8|NACA 6409,147300,7.28,0.06859,-0.14371
stec8|NACA 6409,147300,8.31,0.07344,-0.14423
stec8|NACA 6409,147300,9.35,-0.02760,-0.11923
stec8|NACA 6409,147300,10.33,-0.03047,-0.12808
stec8|NACA 6409,147300,11.33,0.00559,-0.16170
stec8|NACA 6409,200100,-0.87,0.11029,-0.07824
stec8|NACA 6409,200100,0.18,0.11539,-0.08744
stec8|NACA 6409,200100,1.2,0.11553,-0.10398
stec8|NACA 6409,200100,2.18,0.11066,-0.11070
stec8|NACA 6409,200100,3.17,0.11066,-0.11635
stec8|NACA 6409,200100,4.21,0.11196,-0.12076
stec8|NACA 6409,200100,5.2,0.10400,-0.12590
stec8|NACA 6409,200100,6.22,0.10207,-0.13250
stec8|NACA 6409,200100,7.38,0.09405,-0.13738
stec8|NACA 6409,200100,8.32,0.09493,-0.11939
stec8|NACA 6409,200100,9.31,0.02573,-0.12158
stec8|NACA 6409,200100,10.33,0.02187,-0.11943
stec8|NACA 6409,200100,11.33,0.08529,-0.15389
stec8|NACA 64A010,62800,-5.01,-0.18741,0.16601
stec8|NACA 64A010,62800,-4.0,-0.12955,0.17020
stec8|NACA 64A010,62800,-2.97,-0.17071,0.16015
stec8|NACA 64A010,62800,-1.95,-0.16103,0.12745
stec8|NACA 64A010,62800,-0.91,-0.14945,0.12941
stec8|NACA 64A010,62800,-0.4,-0.13219,0.13708
stec8|NACA 64A010,62800,0.08,-0.12291,0.13551
stec8|NACA 64A010,62800,0.6,-0.13760,0.13087
stec8|NACA 64A010,62800,1.1,-0.10616,0.12975
stec8|NACA 64A010,62800,1.62,-0.10789,0.12632
stec8|NACA 64A010,62800,2.14,-0.10413,0.12074
stec8|NACA 64A010,62800,3.15,-0.04503,0.04457
stec8|NACA 64A010,62800,4.18,-0.01269,-0.01844
stec8|NACA 64A010,62800,5.2,-0.07983,-0.01585
stec8|NACA 64A010,62800,6.2,-0.04605,-0.02276
stec8|NACA 64A010,62800,7.22,-0.01954,-0.03368
stec8|NACA 64A010,104200,-5.01,-0.09744,0.15184
stec8|NACA 64A010,104200,-3.99,-0.08120,0.15346
stec8|NACA 64A010,104200,-2.98,-0.06192,0.14647
stec8|NACA 64A010,104200,-1.96,-0.04351,0.14456
stec8|NACA 64A010,104200,-0.93,-0.06391,0.11869
stec8|NACA 64A010,104200,0.09,-0.05859,0.10130
stec8|NACA 64A010,104200,1.15,-0.00342,0.04775
stec8|NACA 64A010,104200,2.16,0.01204,-0.01030
stec8|NACA 64A010,104200,3.16,0.01151,-0.04138
stec8|NACA 64A010,104200,4.19,0.03872,-0.01627
stec8|NACA 64A010,104200,5.2,0.02543,-0.02564
stec8|NACA 64A010,104200,6.22,0.07037,-0.03104
stec8|NACA 64A010,104200,7.23,0.08106,-0.02987
stec8|NACA 64A010,104200,8.25,0.12827,-0.00220
stec8|NACA 64A010,150200,-6.02,-0.12432,0.14994
stec8|NACA 64A010,150200,-4.52,-0.05806,0.15345
stec8|NACA 64A010,150200,-3.0,-0.06944,0.15278
stec8|NACA 64A010,150200,-1.47,-0.05163,0.14034
stec8|NACA 64A010,150200,0.07,-0.02904,0.08242
stec8|NACA 64A010,150200,1.63,0.02525,-0.01678
stec8|NACA 64A010,150200,3.16,0.02664,-0.03743
stec8|NACA 64A010,150200,4.7,0.03776,-0.01400
stec8|NACA 64A010,150200,6.21,0.05575,-0.02121
stec8|NACA 64A010,150200,7.74,0.15522,-0.01064
stec8|NACA 64A010,203300,-5.01,-0.02998,0.14710
stec8|NACA 64A010,203300,-4.0,-0.06695,0.14832
stec8|NACA 64A010,203300,-2.97,-0.02847,0.14505
stec8|NACA 64A010,203300,-1.95,-0.01718,0.11943
stec8|NACA 64A010,203300,-0.91,-0.03992,0.08136
stec8|NACA 64A010,203300,0.11,0.00453,0.06046
stec8|NACA 64A010,203300,1.13,0.04327,0.01704
stec8|NACA 64A010,203300,2.15,0.04763,-0.02746
stec8|NACA 64A010,203300,3.18,0.06884,-0.03151
stec8|NACA 64A010,203300,4.2,0.05812,-0.00881
stec8|NACA 64A010,203300,5.21,0.05369,-0.01576
stec8|NACA 64A010,203300,6.23,0.06593,-0.02367
stec8|NACA 64A010,203300,7.24,0.14216,-0.01968
stec8|NACA 64A010,203300,8.26,0.20607,-0.01896
stec8|NACA 64A010,301000,-5.02,-0.02146,0.14608
stec8|NACA 64A010,301000,-4.04,-0.03664,0.13985
stec8|NACA 64A010,301000,-2.98,-0.02820,0.12248
stec8|NACA 64A010,301000,-1.95,-0.00992,0.08296
stec8|NACA 64A010,301000,-0.91,-0.01239,0.06002
stec8|NACA 64A010,301000,0.11,0.02216,0.03638
stec8|NACA 64A010,301000,1.13,0.04687,0.01501
stec8|NACA 64A010,301000,2.15,0.05724,-0.00205
stec8|NACA 64A010,301000,3.17,0.06602,-0.01247
stec8|NACA 64A010,301000,4.19,0.08775,-0.00228
stec8|NACA 64A010,301000,5.2,0.08916,-0.00239
stec8|NACA 64A010,301000,6.23,0.09168,-0.00837
stec8|NACA 64A010,301000,7.25,0.12880,-0.01913
stec8|RG15,59600,-2.93,-0.17412,0.09476
stec8|RG15,59600,-1.92,-0.15618,0.07586
stec8|RG15,59600,-0.91,-0.15427,0.07758
stec8|RG15,59600,0.12,-0.14579,0.07068
stec8|RG15,59600,1.14,-0.11329,0.06551
stec8|RG15,59600,2.18,-0.07379,0.03448
stec8|RG15,59600,3.21,-0.03017,-0.00340
stec8|RG15,59600,4.23,-0.02060,-0.06083
stec8|RG15,59600,5.23,-0.01828,-0.06815
stec8|RG15,59600,6.25,-0.01757,-0.06408
stec8|RG15,59600,7.28,-0.07872,-0.06719
stec8|RG15,59600,8.29,-0.15593,-0.07352
stec8|RG15,59600,9.3,-0.16046,-0.08633
stec8|RG15,59600,10.32,-0.06097,-0.04737
stec8|RG15,59600,11.33,-0.02223,0.01968
stec8|RG15,99600,-2.93,-0.15126,0.10281
stec8|RG15,99600,-1.93,-0.13990,0.08648
stec8|RG15,99600,-0.91,-0.15150,0.07993
stec8|RG15,99600,0.13,-0.11258,0.05715
stec8|RG15,99600,1.16,-0.06489,0.01516
stec8|RG15,99600,2.19,-0.01685,-0.00776
stec8|RG15,99600,3.21,0.00337,-0.04148
stec8|RG15,99600,4.23,0.01315,-0.05488
stec8|RG15,99600,5.25,0.01315,-0.05680
stec8|RG15,99600,6.27,0.00333,-0.05179
stec8|RG15,99600,7.28,-0.02375,-0.05318
stec8|RG15,99600,8.29,-0.04166,-0.06272
stec8|RG15,99600,9.31,-0.06356,-0.07490
stec8|RG15,99600,10.32,-0.03003,-0.08817
stec8|RG15,99600,11.33,0.02571,0.00751
stec8|RG15,146100,-2.92,-0.15069,0.08407
stec8|RG15,146100,-1.9,-0.13555,0.07106
stec8|RG15,146100,-0.9,-0.14465,0.04496
stec8|RG15,146100,0.13,-0.07645,0.01400
stec8|RG15,146100,1.16,-0.02957,-0.00839
stec8|RG15,146100,2.19,-0.01229,-0.03638
stec8|RG15,146100,3.21,0.00400,-0.05483
stec8|RG15,146100,4.24,0.01311,-0.06395
stec8|RG15,146100,5.26,0.01086,-0.06661
stec8|RG15,146100,6.28,-0.00540,-0.06091
stec8|RG15,146100,7.3,-0.01946,-0.06215
stec8|RG15,200900,-4.0,-0.12595,0.08152
stec8|RG15,200900,-2.96,-0.10099,0.07765
stec8|RG15,200900,-1.92,-0.08652,0.06669
stec8|RG15,200900,-0.91,-0.07514,0.04602
stec8|RG15,200900,0.12,-0.04341,0.00603
stec8|RG15,200900,1.15,-0.01301,-0.01806
stec8|RG15,200900,2.19,0.00639,-0.04361
stec8|RG15,200900,3.19,0.02865,-0.04594
stec8|RG15,200900,4.22,0.03592,-0.05172
stec8|RG15,200900,5.25,0.01619,-0.05261
stec8|RG15,200900,6.26,0.00767,-0.04726
stec8|RG15,200900,7.28,0.01702,-0.04912
stec8|RG15,200900,8.3,0.00966,-0.05455
stec8|RG15,200900,9.31,-0.01736,-0.06246
stec8|RG15,200900,10.33,-0.01682,-0.06863
stec8|RG15,200900,11.33,0.19559,-0.06573
stec8|RG15,302600,-3.99,-0.08967,0.06670
stec8|RG15,302600,-2.97,-0.04954,0.06429
stec8|RG15,302600,-1.97,-0.03092,0.04850
stec8|RG15,302600,-0.93,-0.03593,0.03369
stec8|RG15,302600,0.05,0.00421,0.00907
stec8|RG15,302600,1.09,-0.01007,-0.02805
stec8|RG15,302600,2.17,-0.00044,-0.03965
stec8|RG15,302600,3.2,0.02223,-0.04199
stec8|RG15,302600,4.23,0.03612,-0.05074
stec8|RG15,302600,5.24,0.02816,-0.05051
stec8|RG15,302600,6.27,0.02178,-0.04802
stec8|RG15,302600,7.29,0.03206,-0.04864
stec8|RG15,302600,8.3,-0.02016,-0.05513
stec8|S2048,58800,-2.93,-0.18084,0.14329
stec8|S2048,58800,-1.91,-0.13563,0.12796
stec8|S2048,58800,-0.89,-0.12731,0.11530
stec8|S2048,58800,0.13,-0.09235,0.09942
stec8|S2048,58800,1.16,-0.08962,0.10111
stec8|S2048,58800,2.19,-0.08931,0.07838
stec8|S2048,58800,3.22,-0.01238,0.05703
stec8|S2048,58800,4.24,0.00689,-0.01678
stec8|S2048,58800,5.26,0.00660,-0.03543
stec8|S2048,58800,6.27,-0.00679,-0.03901
stec8|S2048,99500,-2.93,-0.10818,0.10005
stec8|S2048,99500,-1.92,-0.08026,0.09056
stec8|S2048,99500,-0.89,-0.09830,0.07897
stec8|S2048,99500,0.15,-0.06711,0.05583
stec8|S2048,99500,1.18,-0.04511,0.03592
stec8|S2048,99500,2.2,0.02824,-0.00826
stec8|S2048,99500,3.23,0.05801,-0.03596
stec8|S2048,99500,4.24,0.04786,-0.07488
stec8|S2048,99500,5.26,0.05170,-0.06612
stec8|S2048,99500,6.27,0.02496,-0.06584
stec8|S2048,99500,7.29,0.01402,-0.07016
stec8|S2048,99500,8.29,0.01517,-0.07877
stec8|S2048,99500,9.31,-0.09857,-0.09274
stec8|S2048,154000,-4.97,-0.29631,0.10603
stec8|S2048,154000,-3.97,-0.13514,0.08004
stec8|S2048,154000,-2.93,-0.10603,0.07051
stec8|S2048,154000,-1.92,-0.07861,0.04971
stec8|S2048,154000,-0.88,-0.05772,0.01485
stec8|S2048,154000,0.14,-0.02728,-0.02818
stec8|S2048,154000,1.17,-0.00381,-0.04671
stec8|S2048,154000,2.2,0.00106,-0.06797
stec8|S2048,154000,3.23,0.03994,-0.08488
stec8|S2048,154000,4.23,0.06990,-0.09225
stec8|S2048,154000,5.26,0.04612,-0.08407
stec8|S2048,154000,6.27,0.01772,-0.08203
stec8|S2048,154000,7.29,0.00233,-0.08736
stec8|S2048,154000,8.3,0.02828,-0.08976
stec8|S2048,200900,-2.94,-0.07794,0.06323
stec8|S2048,200900,-1.89,-0.04907,0.02666
stec8|S2048,200900,-0.87,-0.00003,-0.01100
stec8|S2048,200900,0.16,-0.00831,-0.04799
stec8|S2048,200900,1.18,0.01621,-0.07439
stec8|S2048,200900,2.2,0.02727,-0.08384
stec8|S2048,200900,3.22,0.08168,-0.09678
stec8|S2048,200900,4.24,0.08681,-0.09795
stec8|S2048,200900,5.26,0.04905,-0.09576
stec8|S2048,200900,6.28,0.02917,-0.08803
stec8|S2048,200900,7.3,0.02736,-0.08744
stec8|S2048,200900,8.3,0.03952,-0.08218
stec8|S2048,200900,9.32,0.00279,-0.09493
stec8|S2048,200900,10.33,-0.09028,-0.07634
stec8|S2048,200900,11.35,-0.30912,-0.01782
stec8|S2048,302800,-2.94,-0.02947,-0.00745
stec8|S2048,302800,-1.89,0.02804,-0.04795
stec8|S2048,302800,-0.88,0.02633,-0.06591
stec8|S2048,302800,0.1,0.03433,-0.08327
stec8|S2048,302800,1.16,0.03523,-0.09955
stec8|S2048,302800,2.18,0.07209,-0.10632
stec8|S2048,302800,3.19,0.09841,-0.11513
stec8|S2048,302800,4.24,0.09570,-0.11043
stec8|S2048,302800,5.26,0.05264,-0.10618
stec8|S2048,302800,6.28,0.04184,-0.10306
stec8|S2091A,60800,-2.89,-0.29172,0.12583
stec8|S2091A,60800,-1.85,-0.16696,0.08033
stec8|S2091A,60800,-0.83,-0.06966,0.04443
stec8|S2091A,60800,0.19,-0.05784,0.02373
stec8|S2091A,60800,1.21,-0.02948,-0.00383
stec8|S2091A,60800,2.23,-0.03313,-0.03161
stec8|S2091A,60800,3.25,-0.01195,-0.05594
stec8|S2091A,60800,4.27,-0.01954,-0.07068
stec8|S2091A,60800,5.29,-0.01598,-0.08447
stec8|S2091A,60800,6.31,-0.00395,-0.11092
stec8|S2091A,60800,7.32,0.00742,-0.13209
stec8|S2091A,60800,8.35,0.00008,-0.13006
stec8|S2091A,60800,9.35,-0.06157,-0.15366
stec8|S2091A,60800,10.37,-0.11510,-0.14405
stec8|S2091A,60800,11.37,-0.09491,-0.13334
stec8|S2091A,99200,-4.95,-0.33561,0.10934
stec8|S2091A,99200,-3.89,-0.19583,0.07447
stec8|S2091A,99200,-2.87,-0.07951,0.03877
stec8|S2091A,99200,-1.85,-0.04066,0.02560
stec8|S2091A,99200,-0.83,-0.01062,-0.00418
stec8|S2091A,99200,0.18,0.00681,-0.02322
stec8|S2091A,99200,1.21,0.02750,-0.03654
stec8|S2091A,99200,2.23,0.04650,-0.05220
stec8|S2091A,99200,3.26,0.07290,-0.07478
stec8|S2091A,99200,4.27,0.06353,-0.07551
stec8|S2091A,99200,5.29,0.06353,-0.09364
stec8|S2091A,99200,6.31,0.06546,-0.10281
stec8|S2091A,99200,7.33,0.04799,-0.10839
stec8|S2091A,99200,8.35,0.04448,-0.11973
stec8|S2091A,99200,9.37,0.04627,-0.12217
stec8|S2091A,99200,10.37,0.05758,-0.12109
stec8|S2091A,99200,11.37,0.14499,-0.12340
stec8|S2091A,201500,-2.87,-0.04706,-0.01846
stec8|S2091A,201500,-1.88,-0.02179,-0.03301
stec8|S2091A,201500,-0.84,0.04347,-0.04124
stec8|S2091A,201500,0.18,0.05275,-0.04856
stec8|S2091A,201500,1.21,0.05614,-0.05811
stec8|S2091A,201500,2.23,0.06880,-0.06827
stec8|S2091A,201500,3.25,0.09129,-0.08020
stec8|S2091A,201500,4.27,0.08081,-0.07847
stec8|S2091A,201500,5.29,0.07954,-0.08914
stec8|S2091A,201500,6.31,0.08325,-0.10255
stec8|S2091A,201500,7.33,0.08184,-0.10598
stec8|S2091A,201500,8.35,0.08823,-0.11714
stec8|S2091A,201500,9.36,0.09759,-0.12442
stec8|S2091A,201500,10.36,0.11175,-0.12362
stec8|S2091A,201500,11.36,0.23497,-0.13364
stec8|S2091B,60400,-3.93,-0.36310,0.14230
stec8|S2091B,60400,-2.4,-0.23970,0.11356
stec8|S2091B,60400,-0.85,-0.06966,0.04679
stec8|S2091B,60400,0.7,-0.03979,0.00906
stec8|S2091B,60400,2.23,-0.03313,-0.02784
stec8|S2091B,60400,3.74,-0.02058,-0.06395
stec8|S2091B,60400,5.27,-0.02207,-0.08353
stec8|S2091B,60400,6.8,0.00898,-0.11581
stec8|S2091B,60400,8.33,0.00008,-0.12658
stec8|S2091B,101300,-2.87,-0.08388,0.00729
stec8|S2091B,101300,-1.35,-0.01677,-0.02573
stec8|S2091B,101300,0.19,0.00900,-0.05225
stec8|S2091B,101300,1.73,0.04048,-0.07335
stec8|S2091B,101300,3.26,0.06980,-0.09293
stec8|S2091B,101300,4.79,0.06370,-0.10091
stec8|S2091B,101300,6.31,0.06563,-0.11855
stec8|S2091B,101300,7.84,0.08321,-0.12117
stec8|S2091B,101300,9.35,0.05963,-0.13904
stec8|S2091B,101300,10.37,0.07158,-0.14163
stec8|S2091B,101300,11.37,0.15834,-0.14685
stec8|S2091B,149300,-4.93,-0.22235,0.04641
stec8|S2091B,149300,-3.9,-0.08649,0.01256
stec8|S2091B,149300,-2.87,-0.06905,0.00006
stec8|S2091B,149300,-1.86,-0.03665,-0.01856
stec8|S2091B,149300,-0.83,0.00319,-0.04065
stec8|S2091B,149300,0.17,0.02477,-0.04674
stec8|S2091B,149300,1.22,0.03114,-0.05521
stec8|S2091B,149300,2.24,0.05027,-0.06688
stec8|S2091B,149300,3.26,0.07724,-0.07964
stec8|S2091B,149300,4.28,0.06862,-0.07989
stec8|S2091B,149300,5.3,0.06756,-0.09148
stec8|S2091B,149300,6.32,0.06827,-0.10345
stec8|S2091B,149300,7.34,0.06936,-0.10654
stec8|S2091B,149300,8.35,0.07038,-0.11178
stec8|S2091B,149300,9.36,0.07978,-0.12540
stec8|S2091B,149300,10.38,0.08137,-0.12936
stec8|S2091B,149300,11.38,0.19257,-0.13090
stec8|S2091B,198400,-4.9,-0.14012,0.04977
stec8|S2091B,198400,-3.91,-0.05622,0.01822
stec8|S2091B,198400,-2.87,-0.04210,0.01237
stec8|S2091B,198400,-1.84,-0.01683,-0.00346
stec8|S2091B,198400,-0.84,0.04836,-0.01262
stec8|S2091B,198400,0.19,0.05771,-0.01529
stec8|S2091B,198400,1.22,0.06110,-0.03136
stec8|S2091B,198400,2.25,0.07608,-0.04152
stec8|S2091B,198400,3.25,0.09625,-0.05345
stec8|S2091B,198400,4.28,0.08576,-0.05173
stec8|S2091B,198400,5.31,0.08450,-0.06325
stec8|S2091B,198400,6.31,0.08821,-0.07488
stec8|S2091B,198400,7.34,0.08679,-0.07831
stec8|S2091B,198400,8.36,0.09318,-0.09085
stec8|S2091B,198400,9.38,0.10255,-0.09768
stec8|S2091B,198400,10.38,0.11671,-0.09767
stec8|S2091B,198400,11.4,0.23518,-0.08855
stec8|S2091B,303900,-3.91,-0.03511,-0.02284
stec8|S2091B,303900,-2.88,-0.00759,-0.02617
stec8|S2091B,303900,-1.85,0.00609,-0.03197
stec8|S2091B,303900,-0.83,0.04586,-0.03443
stec8|S2091B,303900,0.21,0.07083,-0.04104
stec8|S2091B,303900,1.23,0.07498,-0.04531
stec8|S2091B,303900,2.24,0.09014,-0.05690
stec8|S2091B,303900,3.28,0.12586,-0.06963
stec8|S2091B,303900,4.29,0.10511,-0.06761
stec8|S2091B,303900,5.31,0.10188,-0.07814
stec8|S2091B,303900,6.32,0.10050,-0.08979
stec8|S2091B,303900,7.34,0.10191,-0.09332
stec8|S2091B,303900,8.35,0.10986,-0.11618
stec8|S2091B,303900,9.38,0.12218,-0.11858
stec8|S2091B,303900,10.38,0.14351,-0.11989
stec8|S2091B,303900,11.38,0.29407,-0.11424
stec8|S3010,60900,-2.96,-0.27058,0.10405
stec8|S3010,60900,-1.41,-0.15680,0.04389
stec8|S3010,60900,0.14,-0.05414,-0.02646
stec8|S3010,60900,1.69,-0.02824,-0.06383
stec8|S3010,60900,3.23,-0.01227,-0.08820
stec8|S3010,60900,4.73,-0.01522,-0.10577
stec8|S3010,60900,6.28,-0.01803,-0.12302
stec8|S3010,60900,7.79,-0.02267,-0.14723
stec8|S3010,60900,9.32,-0.02243,-0.15410
stec8|S3010,60900,10.82,-0.00959,-0.15826
stec8|S3010,100500,-3.95,-0.20104,0.07493
stec8|S3010,100500,-2.9,-0.16339,0.02544
stec8|S3010,100500,-1.89,-0.02681,-0.01874
stec8|S3010,100500,-0.86,-0.00630,-0.06053
stec8|S3010,100500,0.15,0.01882,-0.08113
stec8|S3010,100500,1.17,0.03170,-0.09594
stec8|S3010,100500,2.19,0.03538,-0.10098
stec8|S3010,100500,3.22,0.05114,-0.10708
stec8|S3010,100500,4.24,0.05960,-0.11564
stec8|S3010,100500,5.25,0.05658,-0.11929
stec8|S3010,100500,6.27,0.05346,-0.11901
stec8|S3010,100500,7.3,0.04791,-0.13870
stec8|S3010,100500,8.32,0.04588,-0.13920
stec8|S3010,100500,9.32,0.07385,-0.13925
stec8|S3010,100500,10.34,0.06819,-0.15729
stec8|S3010,100500,11.34,0.17699,-0.16948
stec8|S3010,147400,-3.92,-0.14768,0.02570
stec8|S3010,147400,-2.4,-0.01400,-0.01741
stec8|S3010,147400,-0.87,0.00032,-0.06955
stec8|S3010,147400,0.66,0.03642,-0.08723
stec8|S3010,147400,2.18,0.03731,-0.09292
stec8|S3010,147400,3.73,0.06624,-0.10189
stec8|S3010,147400,5.26,0.05667,-0.11276
stec8|S3010,147400,6.81,0.06044,-0.11751
stec8|S3010,147400,8.31,0.05743,-0.13249
stec8|S3010,147400,9.85,0.08002,-0.14143
stec8|S3010,147400,11.34,0.18601,-0.15575
stec8|S3010,203900,-3.92,-0.09021,0.01037
stec8|S3010,203900,-2.41,-0.02791,-0.02618
stec8|S3010,203900,-0.88,0.03855,-0.05061
stec8|S3010,203900,0.67,0.05245,-0.06734
stec8|S3010,203900,2.2,0.06105,-0.07510
stec8|S3010,203900,3.71,0.08432,-0.07756
stec8|S3010,203900,5.25,0.07629,-0.08720
stec8|S3010,203900,6.78,0.07592,-0.09581
stec8|S3010,203900,8.31,0.07664,-0.11392
stec8|S3010,203900,9.85,0.10343,-0.12304
stec8|S3010,203900,11.34,0.21745,-0.13723
stec8|S3010,301000,-3.98,-0.05795,-0.02910
stec8|S3010,301000,-2.94,-0.02843,-0.04834
stec8|S3010,301000,-1.91,0.03848,-0.06502
stec8|S3010,301000,-0.92,0.05901,-0.05741
stec8|S3010,301000,0.14,0.05944,-0.07288
stec8|S3010,301000,1.14,0.06437,-0.07793
stec8|S3010,301000,2.18,0.07998,-0.08156
stec8|S3010,301000,3.19,0.09997,-0.08821
stec8|S3010,301000,4.24,0.10794,-0.09444
stec8|S3010,301000,5.25,0.10221,-0.09874
stec8|S3010,301000,6.28,0.09847,-0.10033
stec8|S3010,301000,7.29,0.10399,-0.11516
stec8|S3010,301000,8.32,0.09968,-0.12671
stec8|S3010,301000,9.34,0.13188,-0.13009
stec8|S3010,301000,10.34,0.12415,-0.14507
stec8|S3010,301000,11.33,0.24166,-0.14398
stec8|S3014,62000,-3.93,-0.31391,0.10705
stec8|S3014,62000,-2.92,-0.25682,0.09944
stec8|S3014,62000,-1.89,-0.18020,0.08480
stec8|S3014,62000,-0.86,-0.17432,0.07359
stec8|S3014,62000,0.17,-0.12263,0.05604
stec8|S3014,62000,1.21,-0.04030,0.01374
stec8|S3014,62000,2.23,-0.03312,-0.03745
stec8|S3014,62000,3.25,-0.02256,-0.08203
stec8|S3014,62000,4.27,-0.01389,-0.10752
stec8|S3014,62000,5.28,-0.01367,-0.11941
stec8|S3014,62000,6.29,-0.01492,-0.13168
stec8|S3014,62000,7.32,-0.00565,-0.13563
stec8|S3014,62000,8.33,-0.02824,-0.14427
stec8|S3014,62000,9.34,-0.09146,-0.15309
stec8|S3014,62000,10.35,-0.16561,-0.15500
stec8|S3014,99900,-3.93,-0.23767,0.10403
stec8|S3014,99900,-2.89,-0.17845,0.09206
stec8|S3014,99900,-1.87,-0.11308,0.04555
stec8|S3014,99900,-0.84,-0.01910,0.01181
stec8|S3014,99900,0.17,0.00280,-0.00932
stec8|S3014,99900,1.2,0.01396,-0.05710
stec8|S3014,99900,2.23,0.03312,-0.08256
stec8|S3014,99900,3.24,0.04303,-0.09661
stec8|S3014,99900,4.26,0.05522,-0.10539
stec8|S3014,99900,5.28,0.05078,-0.11336
stec8|S3014,99900,6.3,0.05307,-0.11567
stec8|S3014,99900,7.31,0.04174,-0.11547
stec8|S3014,99900,8.32,0.03865,-0.12239
stec8|S3014,99900,9.34,0.01624,-0.13459
stec8|S3014,99900,10.35,-0.02092,-0.13309
stec8|S3014,99900,11.35,0.01150,-0.16426
stec8|S3014,151500,-3.91,-0.17242,0.03554
stec8|S3014,151500,-2.88,-0.12223,0.00804
stec8|S3014,151500,0.17,0.01139,-0.07483
stec8|S3014,151500,2.22,0.03321,-0.10601
stec8|S3014,151500,4.27,0.04799,-0.11821
stec8|S3014,151500,6.3,0.04620,-0.12202
stec8|S3014,151500,7.31,0.04629,-0.12339
stec8|S3014,151500,8.33,0.04491,-0.13128
stec8|S3014,151500,9.34,0.02284,-0.13983
stec8|S3014,151500,10.35,0.00240,-0.13982
stec8|S3014,151500,11.34,0.05973,-0.16668
stec8|S3014,200800,-3.92,-0.13690,0.01495
stec8|S3014,200800,-2.9,-0.08012,-0.00675
stec8|S3014,200800,-1.88,-0.01006,-0.02311
stec8|S3014,200800,-0.85,0.01950,-0.06383
stec8|S3014,200800,0.17,0.02659,-0.08608
stec8|S3014,200800,1.19,0.03770,-0.10069
stec8|S3014,200800,2.21,0.04723,-0.10511
stec8|S3014,200800,3.24,0.05507,-0.11046
stec8|S3014,200800,4.26,0.05634,-0.11523
stec8|S3014,200800,5.27,0.05796,-0.11933
stec8|S3014,200800,6.3,0.05616,-0.11587
stec8|S3014,200800,7.31,0.05481,-0.11865
stec8|S3014,200800,8.34,0.05211,-0.12469
stec8|S3014,200800,9.35,0.03139,-0.13336
stec8|S3014,200800,10.36,0.03779,-0.13186
stec8|S3014,200800,11.36,0.12201,-0.15391
stec8|S3014,303700,-2.89,-0.04756,-0.01794
stec8|S3014,303700,-1.88,0.01650,-0.04060
stec8|S3014,303700,-0.99,0.03127,-0.06714
stec8|S3014,303700,0.17,0.03894,-0.08430
stec8|S3014,303700,1.19,0.04848,-0.08996
stec8|S3014,303700,2.22,0.05469,-0.09203
stec8|S3014,303700,3.23,0.06596,-0.10016
stec8|S3014,303700,4.26,0.07732,-0.10488
stec8|S3014,303700,5.28,0.07493,-0.10446
stec8|S3014,303700,6.29,0.06185,-0.10254
stec8|S3014,303700,7.31,0.05968,-0.10699
stec8|S3016,59100,-3.98,-0.29452,0.16314
stec8|S3016,59100,-2.96,-0.21850,0.15424
stec8|S3016,59100,-1.94,-0.10424,0.13148
stec8|S3016,59100,-0.9,-0.10499,0.13118
stec8|S3016,59100,0.13,-0.04731,0.12698
stec8|S3016,59100,1.15,0.01087,0.10027
stec8|S3016,59100,2.19,0.02346,0.03460
stec8|S3016,59100,3.2,0.04135,-0.00383
stec8|S3016,59100,4.21,0.05172,-0.03686
stec8|S3016,59100,5.24,0.05502,-0.04987
stec8|S3016,59100,6.25,0.06125,-0.07041
stec8|S3016,59100,7.27,0.06084,-0.07281
stec8|S3016,59100,8.28,-0.00563,-0.09062
stec8|S3016,59100,9.3,-0.03805,-0.09819
stec8|S3016,59100,10.31,0.00956,-0.10751
stec8|S3016,103300,-4.99,-0.31777,0.13488
stec8|S3016,103300,-3.98,-0.25873,0.13034
stec8|S3016,103300,-2.96,-0.13417,0.12396
stec8|S3016,103300,-1.92,-0.09061,0.08089
stec8|S3016,103300,-0.9,-0.01916,0.04978
stec8|S3016,103300,0.13,0.03018,0.02843
stec8|S3016,103300,1.15,0.04553,-0.00190
stec8|S3016,103300,2.19,0.06520,-0.02617
stec8|S3016,103300,3.19,0.07727,-0.02715
stec8|S3016,103300,4.22,0.09032,-0.04151
stec8|S3016,103300,5.24,0.08874,-0.05254
stec8|S3016,103300,6.24,0.08790,-0.06592
stec8|S3016,103300,7.27,0.08464,-0.06362
stec8|S3016,103300,8.28,0.07964,-0.08257
stec8|S3016,103300,9.29,0.05851,-0.09523
stec8|S3016,152700,-4.99,-0.30688,0.13787
stec8|S3016,152700,-3.96,-0.20846,0.11483
stec8|S3016,152700,-2.94,-0.11752,0.08052
stec8|S3016,152700,-1.91,-0.04107,0.07100
stec8|S3016,152700,-0.89,0.02766,0.02887
stec8|S3016,152700,0.14,0.04314,-0.01355
stec8|S3016,152700,1.15,0.04994,-0.01641
stec8|S3016,152700,2.17,0.07421,-0.02430
stec8|S3016,152700,3.2,0.08021,-0.02498
stec8|S3016,152700,4.21,0.09274,-0.03982
stec8|S3016,152700,5.23,0.08884,-0.04769
stec8|S3016,152700,6.25,0.08598,-0.05231
stec8|S3016,152700,7.27,0.08853,-0.05938
stec8|S3016,152700,8.29,0.07298,-0.07449
stec8|S3016,152700,9.32,0.06997,-0.08513
stec8|S3016,208900,-4.96,-0.20890,0.12536
stec8|S3016,208900,-3.96,-0.15858,0.09393
stec8|S3016,208900,-2.93,-0.07367,0.07786
stec8|S3016,208900,-1.93,0.00981,0.06670
stec8|S3016,208900,-0.9,0.05800,0.02744
stec8|S3016,208900,0.14,0.06445,0.01186
stec8|S3016,208900,1.15,0.07458,0.00342
stec8|S3016,208900,2.18,0.09575,-0.00115
stec8|S3016,208900,3.19,0.10065,-0.00331
stec8|S3016,208900,4.22,0.10832,-0.01669
stec8|S3016,208900,5.24,0.10302,-0.02456
stec8|S3016,208900,6.27,0.10196,-0.02819
stec8|S3016,208900,7.27,0.09948,-0.03206
stec8|S3016,208900,8.31,0.09288,-0.04959
stec8|S3016,208900,9.31,0.10037,-0.06316
stec8|S3016,208900,10.32,0.11276,-0.05928
stec8|S3016,208900,11.34,0.29226,-0.07951
stec8|S3016,304800,-4.99,-0.11861,0.05953
stec8|S3016,304800,-3.98,-0.13185,0.05267
stec8|S3016,304800,-2.95,-0.06794,0.04526
stec8|S3016,304800,-1.92,0.02437,0.02490
stec8|S3016,304800,-0.9,0.04916,-0.00233
stec8|S3016,304800,0.11,0.06802,-0.00684
stec8|S3016,304800,1.16,0.07868,-0.01312
stec8|S3016,304800,2.17,0.08861,-0.01840
stec8|S3016,304800,3.2,0.10553,-0.01984
stec8|S3016,304800,4.22,0.11556,-0.02729
stec8|S3016,304800,5.23,0.10989,-0.03406
stec8|S3016,304800,6.25,0.10741,-0.03897
stec8|S3016,304800,7.28,0.10857,-0.04284
stec8|S3016,304800,8.3,0.10191,-0.05618
stec8|S3016,304800,9.32,0.11015,-0.06979
stec8|S3016,304800,10.33,0.12894,-0.07203
stec8|S3016,304800,11.33,0.30393,-0.09457
stec8|S3021A,58800,-3.96,-0.32276,0.19094
stec8|S3021A,58800,-2.94,-0.25910,0.18892
stec8|S3021A,58800,-1.92,-0.22373,0.18741
stec8|S3021A,58800,-0.9,-0.13025,0.14572
stec8|S3021A,58800,0.13,-0.06075,0.12919
stec8|S3021A,58800,1.16,-0.02735,0.08828
stec8|S3021A,58800,2.18,-0.02719,0.05874
stec8|S3021A,58800,3.2,-0.01714,0.03703
stec8|S3021A,58800,4.22,-0.00513,0.01784
stec8|S3021A,58800,5.25,-0.00641,0.00696
stec8|S3021A,58800,6.26,-0.00489,-0.03438
stec8|S3021A,58800,7.28,0.00381,-0.06833
stec8|S3021A,58800,8.29,0.01619,-0.06601
stec8|S3021A,58800,9.31,-0.10141,-0.05944
stec8|S3021A,58800,10.32,-0.15136,-0.06772
stec8|S3021A,58800,11.33,-0.21692,-0.06649
stec8|S3021A,99500,-3.95,-0.24789,0.16207
stec8|S3021A,99500,-2.95,-0.17094,0.13178
stec8|S3021A,99500,-1.92,-0.04122,0.09535
stec8|S3021A,99500,-0.87,0.01141,0.06974
stec8|S3021A,99500,0.15,0.02064,0.04303
stec8|S3021A,99500,1.17,0.04961,0.01187
stec8|S3021A,99500,2.18,0.05779,-0.00119
stec8|S3021A,99500,3.21,0.06718,-0.01915
stec8|S3021A,99500,4.21,0.07527,-0.03360
stec8|S3021A,99500,5.25,0.06862,-0.03979
stec8|S3021A,99500,6.27,0.07372,-0.04751
stec8|S3021A,99500,7.29,0.06899,-0.05163
stec8|S3021A,99500,8.3,0.06189,-0.04901
stec8|S3021A,99500,9.32,0.04190,-0.05499
stec8|S3021A,99500,10.33,0.02127,-0.06478
stec8|S3021A,99500,11.34,0.04529,-0.08190
stec8|S3021A,149300,-2.0,-0.03145,0.05310
stec8|S3021A,149300,-0.88,0.00115,0.00808
stec8|S3021A,149300,1.16,0.03195,-0.01830
stec8|S3021A,149300,3.22,0.05378,-0.02815
stec8|S3021A,149300,5.26,0.06130,-0.03955
stec8|S3021A,149300,7.29,0.05334,-0.05764
stec8|S3021A,149300,9.34,0.02951,-0.05452
stec8|S3021A,149300,10.35,0.05068,-0.06076
stec8|S3021A,149300,11.34,0.05034,-0.07492
stec8|S3021A,200600,-4.03,-0.15304,0.07390
stec8|S3021A,200600,-2.99,-0.09506,0.05269
stec8|S3021A,200600,-1.9,0.01064,0.02075
stec8|S3021A,200600,-0.93,0.02914,-0.00679
stec8|S3021A,200600,0.15,0.04397,-0.01083
stec8|S3021A,200600,1.18,0.05955,-0.01528
stec8|S3021A,200600,2.19,0.06239,-0.01787
stec8|S3021A,200600,3.21,0.07430,-0.02321
stec8|S3021A,200600,4.24,0.07814,-0.03164
stec8|S3021A,200600,5.25,0.07986,-0.03243
stec8|S3021A,200600,6.27,0.07910,-0.03899
stec8|S3021A,200600,7.29,0.07230,-0.04609
stec8|S3021A,200600,8.31,0.07663,-0.04654
stec8|S3021A,200600,9.32,0.06931,-0.04941
stec8|S3021A,200600,10.34,0.06764,-0.05468
stec8|S3021A,200600,11.33,0.11756,-0.06662
stec8|S3021A,303700,-3.94,-0.09178,0.03871
stec8|S3021A,303700,-2.92,-0.03811,0.01176
stec8|S3021A,303700,-1.95,0.02011,-0.00105
stec8|S3021A,303700,-0.92,0.03676,-0.00682
stec8|S3021A,303700,0.12,0.03781,-0.00940
stec8|S3021A,303700,1.17,0.05205,-0.01230
stec8|S3021A,303700,2.17,0.07194,-0.01456
stec8|S3021A,303700,3.21,0.08731,-0.02048
stec8|S3021A,303700,4.23,0.09810,-0.02829
stec8|S3021A,303700,5.26,0.11045,-0.02782
stec8|S3021A,303700,6.27,0.10100,-0.03724
stec8|S3021A,303700,7.29,0.07539,-0.04332
stec8|S3021A,303700,8.31,0.08838,-0.04849
stec8|S3021A,303700,9.33,0.10143,-0.04611
stec8|S3021A,303700,10.34,0.02226,-0.04514
stec8|S3021B,99300,-2.96,-0.18869,0.13324
stec8|S3021B,99300,-1.93,-0.06409,0.09657
stec8|S3021B,99300,-0.87,-0.00634,0.06974
stec8|S3021B,99300,0.15,0.00289,0.04303
stec8|S3021B,99300,1.16,0.03186,0.01187
stec8|S3021B,99300,2.19,0.04004,-0.00119
stec8|S3021B,99300,3.21,0.04943,-0.01915
stec8|S3021B,99300,4.22,0.05752,-0.03638
stec8|S3021B,99300,5.25,0.05088,-0.03979
stec8|S3021B,99300,6.26,0.05598,-0.04751
stec8|S3021B,99300,7.28,0.05124,-0.05163
stec8|S3021B,99300,8.29,0.04694,-0.04901
stec8|S3021B,99300,9.31,0.02415,-0.05499
stec8|S3021B,99300,10.31,-0.00273,-0.06478
stec8|S3021B,201300,-2.97,-0.07851,0.04805
stec8|S3021B,201300,-1.93,0.00170,0.01612
stec8|S3021B,201300,-0.94,0.02418,-0.01142
stec8|S3021B,201300,0.11,0.03901,-0.01701
stec8|S3021B,201300,1.14,0.05459,-0.01991
stec8|S3021B,201300,2.17,0.05769,-0.02250
stec8|S3021B,201300,3.19,0.07582,-0.02784
stec8|S3021B,201300,4.22,0.07318,-0.03627
stec8|S3021B,201300,5.24,0.07490,-0.03706
stec8|S3021B,201300,6.27,0.07414,-0.04362
stec8|S3021B,201300,7.27,0.06735,-0.05072
stec8|S3021B,201300,8.29,0.06832,-0.05177
stec8|S3021B,201300,9.3,0.06762,-0.05404
stec8|S3021B,201300,10.3,0.06268,-0.05931
stec8|S3021B,201300,11.31,0.18630,-0.07125
stec8|S3021B,304800,-2.99,-0.04110,0.01112
stec8|S3021B,304800,-1.96,0.02690,-0.00105
stec8|S3021B,304800,-0.98,0.04688,-0.00027
stec8|S3021B,304800,0.05,0.03521,-0.00940
stec8|S3021B,304800,1.08,0.04972,-0.01230
stec8|S3021B,304800,2.14,0.06498,-0.01456
stec8|S3021B,304800,3.19,0.08731,-0.02048
stec8|S3021B,304800,4.2,0.09810,-0.02829
stec8|S3021B,304800,5.23,0.11045,-0.02782
stec8|S3021B,304800,6.25,0.10100,-0.03724
stec8|S3021B,304800,7.27,0.07539,-0.04332
stec8|S3021B,304800,8.28,0.08764,-0.04849
stec8|S3021B,304800,9.3,0.10143,-0.04611
stec8|S3021B,304800,10.31,0.02226,-0.04514
stec8|S4061A,60400,-3.94,-0.35093,0.16847
stec8|S4061A,60400,-2.92,-0.23248,0.13864
stec8|S4061A,60400,-1.9,-0.20229,0.13664
stec8|S4061A,60400,-0.87,-0.10786,0.08407
stec8|S4061A,60400,0.17,-0.02858,0.06280
stec8|S4061A,60400,1.2,-0.01409,0.02594
stec8|S4061A,60400,2.2,-0.00938,-0.00164
stec8|S4061A,60400,3.22,-0.01329,-0.02639
stec8|S4061A,60400,4.26,-0.00510,-0.04555
stec8|S4061A,60400,5.26,-0.02490,-0.05416
stec8|S4061A,60400,6.29,-0.02207,-0.10172
stec8|S4061A,60400,7.31,-0.01197,-0.11486
stec8|S4061A,60400,8.32,-0.05272,-0.10570
stec8|S4061A,60400,9.33,-0.08951,-0.08791
stec8|S4061A,60400,10.35,-0.16779,-0.10464
stec8|S4061A,99800,-3.92,-0.15613,0.07230
stec8|S4061A,99800,-2.89,-0.09171,0.05221
stec8|S4061A,99800,-1.87,-0.00628,0.03654
stec8|S4061A,99800,-0.86,0.02534,0.00200
stec8|S4061A,99800,0.17,0.02637,-0.01057
stec8|S4061A,99800,1.19,0.03597,-0.02717
stec8|S4061A,99800,2.21,0.04391,-0.05277
stec8|S4061A,99800,3.24,0.06248,-0.05385
stec8|S4061A,99800,4.25,0.06476,-0.07051
stec8|S4061A,99800,5.28,0.06598,-0.08124
stec8|S4061A,99800,6.28,0.07020,-0.09513
stec8|S4061A,99800,7.31,0.06130,-0.09125
stec8|S4061A,99800,8.32,0.03653,-0.08696
stec8|S4061A,99800,9.33,0.00179,-0.09137
stec8|S4061A,99800,10.34,-0.00777,-0.09992
stec8|S4061A,200400,-3.95,-0.06159,0.02613
stec8|S4061A,200400,-2.93,-0.01068,0.00059
stec8|S4061A,200400,-1.89,0.02198,-0.00019
stec8|S4061A,200400,-0.86,0.03636,-0.01463
stec8|S4061A,200400,0.16,0.05359,-0.03720
stec8|S4061A,200400,1.18,0.07784,-0.04226
stec8|S4061A,200400,2.19,0.08782,-0.04463
stec8|S4061A,200400,3.22,0.09276,-0.04674
stec8|S4061A,200400,4.26,0.09476,-0.05628
stec8|S4061A,200400,5.27,0.09619,-0.06293
stec8|S4061A,200400,6.3,0.09362,-0.07035
stec8|S4061A,200400,7.3,0.08632,-0.06939
stec8|S4061A,200400,8.32,0.06410,-0.06354
stec8|S4061A,200400,9.33,0.06258,-0.06706
stec8|S4061A,200400,10.34,-0.04337,-0.07796
stec8|S4061A,200400,11.33,0.01290,-0.09815
stec8|S4061B,60200,-2.91,-0.24625,0.14056
stec8|S4061B,60200,-1.89,-0.22059,0.13507
stec8|S4061B,60200,-0.88,-0.11340,0.08141
stec8|S4061B,60200,0.15,-0.03516,0.04942
stec8|S4061B,60200,1.18,-0.00998,0.01480
stec8|S4061B,60200,2.2,0.00163,-0.01391
stec8|S4061B,60200,3.23,0.01722,-0.04192
stec8|S4061B,60200,4.24,0.02085,-0.06042
stec8|S4061B,60200,5.27,0.01031,-0.07530
stec8|S4061B,60200,6.28,0.00889,-0.11139
stec8|S4061B,60200,7.31,0.01149,-0.14097
stec8|S4061B,60200,8.33,-0.03052,-0.13831
stec8|S4061B,60200,9.34,-0.05822,-0.12233
stec8|S4061B,60200,10.33,-0.12286,-0.12718
stec8|S4061B,60200,11.36,-0.19455,-0.13305
stec8|S4061B,100000,-2.9,-0.12341,0.05717
stec8|S4061B,100000,-1.87,-0.05997,0.03135
stec8|S4061B,100000,-0.84,-0.02663,-0.00667
stec8|S4061B,100000,0.18,-0.01527,-0.02842
stec8|S4061B,100000,1.2,-0.01483,-0.03929
stec8|S4061B,100000,2.22,0.03283,-0.05794
stec8|S4061B,100000,3.24,0.04299,-0.06660
stec8|S4061B,100000,4.26,0.06557,-0.08399
stec8|S4061B,100000,5.28,0.06038,-0.08628
stec8|S4061B,100000,6.31,0.05932,-0.11271
stec8|S4061B,100000,7.31,0.06151,-0.12711
stec8|S4061B,100000,8.33,0.03560,-0.11523
stec8|S4061B,100000,9.34,0.01495,-0.11062
stec8|S4061B,100000,10.35,0.00890,-0.12434
stec8|S4061B,100000,11.37,-0.00927,-0.12949
stec8|S4061B,150800,-1.87,-0.05703,-0.02067
stec8|S4061B,150800,0.16,-0.01796,-0.05455
stec8|S4061B,150800,2.23,0.05822,-0.07488
stec8|S4061B,150800,4.25,0.06681,-0.10052
stec8|S4061B,150800,6.31,0.06258,-0.11180
stec8|S4061B,150800,7.33,0.06346,-0.12569
stec8|S4061B,150800,8.34,0.03765,-0.11741
stec8|S4061B,150800,9.34,0.01854,-0.11259
stec8|S4061B,150800,10.36,0.02846,-0.12089
stec8|S4061B,198900,-4.97,-0.19025,0.07088
stec8|S4061B,198900,-3.99,-0.10617,0.05745
stec8|S4061B,198900,-2.95,-0.06836,0.03349
stec8|S4061B,198900,-1.91,-0.02880,0.02492
stec8|S4061B,198900,-0.91,0.01107,0.00292
stec8|S4061B,198900,0.16,0.03262,-0.01662
stec8|S4061B,198900,1.16,0.04854,-0.01623
stec8|S4061B,198900,2.21,0.07564,-0.02108
stec8|S4061B,198900,3.24,0.07900,-0.03290
stec8|S4061B,198900,4.24,0.08249,-0.04452
stec8|S4061B,198900,5.28,0.08055,-0.04104
stec8|S4061B,198900,6.3,0.08214,-0.05091
stec8|S4061B,198900,7.32,0.08308,-0.06138
stec8|S4061B,198900,8.34,0.05956,-0.05507
stec8|S4061B,198900,9.35,0.06823,-0.04921
stec8|S4061B,198900,10.35,-0.03121,-0.05808
stec8|S4061B,198900,11.36,0.00125,-0.06639
stec8|S4061B,300300,-3.92,-0.03619,-0.02306
stec8|S4061B,300300,-2.91,-0.00201,-0.04109
stec8|S4061B,300300,-1.87,0.03062,-0.04582
stec8|S4061B,300300,-0.85,0.06540,-0.06571
stec8|S4061B,300300,0.18,0.08534,-0.06911
stec8|S4061B,300300,1.2,0.10043,-0.07079
stec8|S4061B,300300,2.21,0.13041,-0.07677
stec8|S4061B,300300,3.22,0.13506,-0.08274
stec8|S4061B,300300,4.25,0.13855,-0.09172
stec8|S4061B,300300,5.24,0.13765,-0.09407
stec8|S4062,59300,-2.9,-0.34256,0.18629
stec8|S4062,59300,-1.88,-0.27174,0.17713
stec8|S4062,59300,-0.86,-0.16718,0.15226
stec8|S4062,59300,0.16,-0.15530,0.14201
stec8|S4062,59300,1.17,-0.09237,0.09893
stec8|S4062,59300,2.21,0.01123,0.07498
stec8|S4062,59300,3.23,0.05242,0.03130
stec8|S4062,59300,4.26,0.03783,-0.01173
stec8|S4062,59300,5.29,0.00700,-0.04546
stec8|S4062,59300,6.3,0.01788,-0.07301
stec8|S4062,59300,7.32,-0.00270,-0.10371
stec8|S4062,59300,8.33,-0.01492,-0.09103
stec8|S4062,59300,9.35,-0.07886,-0.10317
stec8|S4062,59300,10.35,-0.14460,-0.12306
stec8|S4062,59300,11.35,-0.08879,-0.12602
stec8|S4062,98900,-3.9,-0.29860,0.11929
stec8|S4062,98900,-2.89,-0.16967,0.09017
stec8|S4062,98900,-1.86,-0.08117,0.07816
stec8|S4062,98900,-0.84,-0.03983,0.06110
stec8|S4062,98900,0.18,0.02048,0.02570
stec8|S4062,98900,1.21,0.05514,0.01850
stec8|S4062,98900,2.23,0.08169,-0.01075
stec8|S4062,98900,3.25,0.07531,-0.03181
stec8|S4062,98900,4.27,0.01265,-0.05062
stec8|S4062,98900,5.29,0.00311,-0.07752
stec8|S4062,98900,6.31,0.03000,-0.09889
stec8|S4062,98900,7.33,0.03649,-0.09967
stec8|S4062,98900,8.34,0.01644,-0.08427
stec8|S4062,98900,9.34,0.01063,-0.09356
stec8|S4062,98900,10.36,-0.02357,-0.11552
stec8|S4062,150200,-3.92,-0.16335,0.04875
stec8|S4062,150200,-2.88,-0.09435,0.03881
stec8|S4062,150200,-1.84,-0.03699,0.01249
stec8|S4062,150200,-0.82,-0.02502,-0.01097
stec8|S4062,150200,0.18,-0.00789,-0.02127
stec8|S4062,150200,1.19,0.01657,-0.02655
stec8|S4062,150200,2.22,0.03504,-0.04249
stec8|S4062,150200,3.25,0.04045,-0.05903
stec8|S4062,150200,4.27,0.04097,-0.06997
stec8|S4062,150200,5.29,0.03349,-0.08716
stec8|S4062,150200,6.31,0.05682,-0.09534
stec8|S4062,150200,7.32,0.05249,-0.08944
stec8|S4062,150200,8.34,0.03714,-0.08164
stec8|S4062,150200,9.34,0.03280,-0.09600
stec8|S4062,150200,10.35,0.03213,-0.10531
stec8|S4062,150200,11.36,0.05385,-0.11572
stec8|S4062,201600,-4.93,-0.22786,0.04454
stec8|S4062,201600,-3.95,-0.11521,0.02705
stec8|S4062,201600,-2.9,-0.08053,0.01099
stec8|S4062,201600,-1.86,-0.01448,-0.01524
stec8|S4062,201600,-0.85,-0.01444,-0.02927
stec8|S4062,201600,0.19,0.00745,-0.03341
stec8|S4062,201600,1.21,0.04033,-0.05172
stec8|S4062,201600,2.23,0.04750,-0.05638
stec8|S4062,201600,3.26,0.04871,-0.07128
stec8|S4062,201600,4.28,0.04853,-0.08015
stec8|S4062,201600,5.3,0.04632,-0.09483
stec8|S4062,201600,6.31,0.06629,-0.10301
stec8|S4062,201600,7.33,0.06601,-0.09315
stec8|S4062,201600,8.34,0.03769,-0.08805
stec8|S4062,201600,9.35,0.05959,-0.10537
stec8|S4062,201600,10.36,0.06124,-0.11694
stec8|S4062,201600,11.36,0.11902,-0.12164
stec8|S4062,304900,-3.91,-0.07060,0.01288
stec8|S4062,304900,-2.88,-0.04765,0.00811
stec8|S4062,304900,-1.86,-0.02398,-0.01241
stec8|S4062,304900,-0.86,0.01572,-0.01719
stec8|S4062,304900,0.17,0.02779,-0.02037
stec8|S4062,304900,1.19,0.06113,-0.03099
stec8|S4062,304900,2.23,0.07015,-0.04057
stec8|S4062,304900,3.25,0.07920,-0.05126
stec8|S4062,304900,4.26,0.07549,-0.05904
stec8|S4062,304900,5.29,0.07329,-0.07372
stec8|S4062,304900,6.31,0.07728,-0.07575
stec8|S4180,106400,-2.91,-0.01120,-0.01369
stec8|S4180,106400,-0.88,0.04702,-0.04812
stec8|S4180,106400,1.16,0.06873,-0.06617
stec8|S4180,106400,3.23,0.08247,-0.08740
stec8|S4180,106400,5.26,0.08368,-0.11705
stec8|S4180,106400,7.29,0.08281,-0.13057
stec8|S4180,106400,8.32,0.07314,-0.14324
stec8|S4180,106400,9.33,0.07336,-0.14425
stec8|S4180,106400,10.33,0.07287,-0.14418
stec8|S4180,106400,11.34,0.13524,-0.17350
stec8|S4180,201800,-2.92,0.02884,-0.03541
stec8|S4180,201800,-0.86,0.05595,-0.04968
stec8|S4180,201800,1.18,0.08416,-0.06220
stec8|S4180,201800,3.23,0.11654,-0.08342
stec8|S4180,201800,5.27,0.12079,-0.10686
stec8|S4180,201800,7.3,0.10029,-0.11467
stec8|S4180,201800,8.32,0.09412,-0.12543
stec8|S4180,201800,9.33,0.09796,-0.12954
stec8|S4180,201800,10.32,0.10763,-0.12592
stec8|S4180,201800,11.34,0.17848,-0.14095
stec8|S4180,304700,-2.95,0.04587,-0.02760
stec8|S4180,304700,-1.93,0.05283,-0.03310
stec8|S4180,304700,-0.87,0.07925,-0.04383
stec8|S4180,304700,0.14,0.08347,-0.04502
stec8|S4180,304700,1.17,0.09786,-0.05092
stec8|S4180,304700,2.19,0.09999,-0.06155
stec8|S4180,304700,3.2,0.10529,-0.07458
stec8|S4180,304700,4.24,0.12441,-0.08467
stec8|S4180,304700,5.26,0.12370,-0.09802
stec8|S4180,304700,6.28,0.10918,-0.11089
stec8|S4180,304700,7.3,0.10520,-0.10159
stec8|S4180,304700,8.32,0.09935,-0.11690
stec8|S4180,304700,9.32,0.10456,-0.12070
stec8|S4180,304700,10.32,0.11828,-0.11722
stec8|S4233,60300,-2.92,-0.15911,0.07804
stec8|S4233,60300,-1.9,-0.07716,0.07092
stec8|S4233,60300,-0.88,-0.05318,0.03151
stec8|S4233,60300,0.15,-0.01718,0.02164
stec8|S4233,60300,1.16,-0.00240,0.00906
stec8|S4233,101300,-6.97,-0.39551,0.12092
stec8|S4233,101300,-5.97,-0.12099,0.08801
stec8|S4233,101300,-4.94,-0.06460,0.04716
stec8|S4233,101300,-3.94,-0.06983,0.03558
stec8|S4233,101300,-2.91,-0.00934,0.00852
stec8|S4233,101300,-1.9,0.02008,0.00627
stec8|S4233,101300,-0.89,0.04105,-0.01115
stec8|S4233,101300,0.15,0.04670,-0.04145
stec8|S4233,101300,1.17,0.05864,-0.04957
stec8|S4233,101300,2.19,0.07213,-0.05210
stec8|S4233,101300,3.22,0.07981,-0.05994
stec8|S4233,101300,4.23,0.08252,-0.06628
stec8|S4233,101300,5.25,0.08132,-0.07265
stec8|S4233,101300,6.28,0.07847,-0.08500
stec8|S4233,101300,7.3,0.08580,-0.09931
stec8|S4233,101300,8.33,0.07582,-0.10318
stec8|S4233,101300,9.34,0.05750,-0.10044
stec8|S4233,101300,10.35,0.03404,-0.10182
stec8|S4233,101300,11.35,0.04474,-0.09337
stec8|S4233,127300,-4.97,-0.06143,0.03224
stec8|S4233,127300,-3.95,-0.04974,0.00395
stec8|S4233,127300,-2.92,-0.00860,-0.00751
stec8|S4233,127300,-1.9,0.03006,-0.00866
stec8|S4233,127300,-0.87,0.04391,-0.01842
stec8|S4233,127300,0.13,0.04955,-0.03698
stec8|S4233,127300,1.16,0.06238,-0.04947
stec8|S4233,127300,2.18,0.07618,-0.05644
stec8|S4233,127300,3.2,0.08828,-0.06126
stec8|S4233,127300,4.23,0.09567,-0.07045
stec8|S4233,127300,5.25,0.09546,-0.07599
stec8|S4233,127300,6.27,0.10866,-0.08666
stec8|S4233,127300,7.28,0.10985,-0.10123
stec8|S4233,127300,8.3,0.08349,-0.10311
stec8|S4233,127300,9.33,0.07208,-0.09945
stec8|S4233,150200,-4.94,-0.05981,0.01030
stec8|S4233,150200,-3.92,-0.04721,0.00934
stec8|S4233,150200,-2.91,0.01263,-0.01193
stec8|S4233,150200,-1.89,0.02798,-0.00919
stec8|S4233,150200,-0.86,0.04182,-0.02902
stec8|S4233,150200,0.16,0.04447,-0.03642
stec8|S4233,150200,1.18,0.06162,-0.04763
stec8|S4233,150200,2.2,0.08472,-0.06056
stec8|S4233,150200,3.24,0.09447,-0.06056
stec8|S4233,150200,4.25,0.10523,-0.07493
stec8|S4233,150200,5.28,0.10920,-0.07333
stec8|S4233,150200,6.3,0.10868,-0.08384
stec8|S4233,150200,7.32,0.10986,-0.09039
stec8|S4233,150200,8.35,0.09573,-0.08815
stec8|S4233,150200,9.35,0.07432,-0.08168
stec8|S4233,150200,10.37,0.04596,-0.06778
stec8|S4233,200200,-5.05,-0.01759,-0.00551
stec8|S4233,200200,-3.99,-0.04122,-0.01431
stec8|S4233,200200,-2.97,0.01154,-0.01942
stec8|S4233,200200,-1.94,0.02886,-0.02832
stec8|S4233,200200,-0.9,0.05253,-0.03529
stec8|S4233,200200,0.13,0.05611,-0.04017
stec8|S4233,200200,1.15,0.06673,-0.04519
stec8|S4233,200200,2.18,0.08362,-0.05452
stec8|S4233,200200,3.22,0.10460,-0.06311
stec8|S4233,200200,4.24,0.10367,-0.07359
stec8|S4233,200200,5.27,0.10667,-0.07374
stec8|S4233,200200,6.3,0.11031,-0.08600
stec8|S4233,200200,7.31,0.10614,-0.08624
stec8|S4233,200200,8.34,0.09537,-0.08238
stec8|S4233,200200,9.36,0.07325,-0.07663
stec8|S4233,200200,10.36,0.06433,-0.06182
stec8|S4233,305100,-5.97,-0.03136,-0.00452
stec8|S4233,305100,-4.95,-0.01779,-0.00922
stec8|S4233,305100,-3.98,-0.00675,-0.01970
stec8|S4233,305100,-2.98,0.02629,-0.02438
stec8|S4233,305100,-1.98,0.06599,-0.02333
stec8|S4233,305100,-0.98,0.08168,-0.03015
stec8|S4233,305100,0.11,0.08825,-0.02985
stec8|S4233,305100,1.17,0.09634,-0.03563
stec8|S4233,305100,2.17,0.10646,-0.03926
stec8|S4233,305100,3.23,0.13493,-0.04946
stec8|S4233,305100,4.25,0.14318,-0.05834
stec8|S4233,305100,5.27,0.15450,-0.05948
stec8|S4233,305100,6.29,0.13752,-0.07151
stec8|S4233,305100,7.32,0.13794,-0.07175
stec8|S4233,305100,8.34,0.13528,-0.06195
stec8|S4233,305100,9.34,0.13357,-0.05606
stec8|S4233,305100,10.35,0.09437,-0.05046
stec8|S4233,305100,11.35,0.08561,-0.05689
stec8|SD2030,101000,-2.94,-0.20081,0.04635
stec8|SD2030,101000,-0.91,-0.16001,0.01202
stec8|SD2030,101000,0.11,-0.10398,-0.00217
stec8|SD2030,101000,1.66,-0.04469,-0.00873
stec8|SD2030,101000,3.19,-0.00019,-0.04984
stec8|SD2030,101000,4.72,0.02288,-0.09481
stec8|SD2030,101000,6.27,0.00468,-0.09448
stec8|SD2030,101000,7.76,-0.03519,-0.11127
stec8|SD2030,150200,-2.94,-0.17186,0.05354
stec8|SD2030,150200,-1.39,-0.13130,0.00229
stec8|SD2030,150200,0.13,-0.05222,-0.00543
stec8|SD2030,150200,1.66,-0.02963,-0.03076
stec8|SD2030,150200,3.23,0.00282,-0.07510
stec8|SD2030,150200,4.74,0.02529,-0.08887
stec8|SD2030,150200,6.26,0.00356,-0.09019
stec8|SD2030,150200,7.78,-0.02569,-0.10370
stec8|SD2030,150200,9.32,-0.03896,-0.11633
stec8|SD2030,150200,10.81,0.11215,-0.13316
stec8|SD2030,198100,-3.96,-0.18747,0.07897
stec8|SD2030,198100,-2.94,-0.15030,0.05259
stec8|SD2030,198100,-1.93,-0.10897,0.04196
stec8|SD2030,198100,-0.9,-0.05485,0.03285
stec8|SD2030,198100,0.14,-0.02250,0.01036
stec8|SD2030,198100,1.18,-0.01288,-0.00630
stec8|SD2030,198100,2.2,0.01902,-0.02140
stec8|SD2030,198100,3.23,0.03606,-0.04295
stec8|SD2030,198100,4.23,0.05874,-0.05448
stec8|SD2030,198100,5.25,0.03247,-0.05481
stec8|SD2030,198100,6.27,0.03008,-0.05686
stec8|SD2030,198100,7.28,0.00077,-0.05592
stec8|SD2030,198100,8.3,0.00015,-0.06911
stec8|SD2030,198100,9.3,0.01154,-0.07561
stec8|SD2030,198100,10.31,-0.02704,-0.07941
stec8|SD2030,303800,-5.08,-0.18711,0.04577
stec8|SD2030,303800,-4.07,-0.06848,0.00878
stec8|SD2030,303800,-2.91,-0.10068,0.00742
stec8|SD2030,303800,-1.92,0.01639,0.00473
stec8|SD2030,303800,-0.95,0.02051,-0.01862
stec8|SD2030,303800,0.11,0.00939,-0.02837
stec8|SD2030,303800,1.07,0.00939,-0.04313
stec8|SD2030,303800,2.16,0.04162,-0.05430
stec8|SD2030,303800,3.2,0.07102,-0.05895
stec8|SD2030,303800,4.22,0.07750,-0.06995
stec8|SD2030,303800,5.24,0.04932,-0.06961
stec8|SD2030,303800,6.26,0.03473,-0.07430
stec8|SD2030,303800,7.28,0.03041,-0.08042
stec8|SD2030,303800,8.3,0.03269,-0.08565
stec8|SD2030,303800,9.3,0.02255,-0.08828
stec8|SD2083,63300,-3.95,-0.33562,0.17025
stec8|SD2083,63300,-2.92,-0.26276,0.16142
stec8|SD2083,63300,-1.9,-0.20919,0.14158
stec8|SD2083,63300,-0.88,-0.13944,0.11706
stec8|SD2083,63300,0.15,-0.11819,0.12153
stec8|SD2083,63300,1.18,-0.12084,0.09857
stec8|SD2083,63300,2.21,-0.03311,0.04734
stec8|SD2083,63300,3.23,0.02831,0.02010
stec8|SD2083,63300,4.25,0.01947,-0.01666
stec8|SD2083,63300,5.27,-0.00753,-0.05525
stec8|SD2083,63300,6.28,0.00449,-0.06382
stec8|SD2083,63300,7.29,-0.00384,-0.06483
stec8|SD2083,63300,8.3,-0.08705,-0.06535
stec8|SD2083,63300,9.31,-0.13706,-0.08265
stec8|SD2083,101200,-3.93,-0.26775,0.12804
stec8|SD2083,101200,-2.9,-0.20527,0.11592
stec8|SD2083,101200,-1.88,-0.13278,0.07919
stec8|SD2083,101200,-0.85,-0.04562,0.02884
stec8|SD2083,101200,0.17,0.00459,-0.01205
stec8|SD2083,101200,1.2,0.04378,-0.01352
stec8|SD2083,101200,2.22,0.04660,-0.03802
stec8|SD2083,101200,3.24,0.06442,-0.05775
stec8|SD2083,101200,4.26,0.06153,-0.07677
stec8|SD2083,101200,5.27,0.06306,-0.07738
stec8|SD2083,101200,6.28,0.06345,-0.07506
stec8|SD2083,101200,7.29,0.03679,-0.07517
stec8|SD2083,101200,8.3,0.01127,-0.08100
stec8|SD2083,101200,9.31,0.00734,-0.09199
stec8|SD2083,101200,10.32,-0.03117,-0.10830
stec8|SD2083,101200,11.29,-0.01786,-0.10911
stec8|SD2083,200900,-3.91,-0.12883,0.05257
stec8|SD2083,200900,-2.9,-0.08809,0.03170
stec8|SD2083,200900,-1.87,0.01464,0.00577
stec8|SD2083,200900,-0.83,0.02895,-0.00546
stec8|SD2083,200900,0.17,0.03277,-0.02345
stec8|SD2083,200900,1.2,0.04346,-0.02752
stec8|SD2083,200900,2.23,0.07270,-0.03896
stec8|SD2083,200900,3.24,0.08423,-0.04770
stec8|SD2083,200900,4.26,0.08802,-0.05847
stec8|SD2083,200900,5.27,0.09475,-0.05534
stec8|SD2083,200900,6.29,0.07273,-0.05411
stec8|SD2083,200900,7.29,0.06108,-0.05450
stec8|SD2083,200900,8.31,0.04329,-0.06559
stec8|SD2083,200900,9.31,0.05737,-0.06903
stec8|SD2083,300700,-3.92,-0.02293,0.00921
stec8|SD2083,300700,-2.9,-0.02229,-0.00435
stec8|SD2083,300700,-1.89,0.05707,-0.00404
stec8|SD2083,300700,-0.85,0.05090,-0.02989
stec8|SD2083,300700,0.18,0.05782,-0.03563
stec8|SD2083,300700,1.19,0.08259,-0.04195
stec8|SD2083,300700,2.21,0.09386,-0.04589
stec8|SD2083,300700,3.24,0.10720,-0.05500
stec8|SD2083,300700,4.24,0.12201,-0.06235
stec8|SD2083,300700,5.27,0.11375,-0.05746
stec8|SD5060,60000,-3.95,-0.22150,0.13446
stec8|SD5060,60000,-2.94,-0.14907,0.12957
stec8|SD5060,60000,-1.92,-0.15430,0.11608
stec8|SD5060,60000,-0.9,-0.14519,0.09638
stec8|SD5060,60000,0.14,-0.10359,0.09138
stec8|SD5060,60000,1.18,-0.04685,0.04236
stec8|SD5060,60000,2.18,-0.00804,0.01343
stec8|SD5060,60000,3.2,-0.00608,-0.03514
stec8|SD5060,60000,4.23,0.00893,-0.05973
stec8|SD5060,60000,5.25,0.01071,-0.06397
stec8|SD5060,60000,6.26,0.01142,-0.06043
stec8|SD5060,60000,7.29,0.00470,-0.06941
stec8|SD5060,60000,8.3,-0.04352,-0.07803
stec8|SD5060,60000,9.31,-0.09125,-0.08934
stec8|SD5060,60000,10.31,-0.15220,-0.09166
stec8|SD5060,99800,-2.94,-0.14047,0.11828
stec8|SD5060,99800,-1.91,-0.13696,0.10173
stec8|SD5060,99800,-0.87,-0.06040,0.03959
stec8|SD5060,99800,0.15,-0.00695,0.01569
stec8|SD5060,99800,1.19,0.01282,-0.00306
stec8|SD5060,99800,2.2,0.02730,-0.03576
stec8|SD5060,99800,3.21,0.03518,-0.04024
stec8|SD5060,99800,4.23,0.04641,-0.04561
stec8|SD5060,99800,5.25,0.04641,-0.05159
stec8|SD5060,99800,6.27,0.04247,-0.05085
stec8|SD5060,99800,7.29,0.03471,-0.05995
stec8|SD5060,99800,8.31,0.02992,-0.06905
stec8|SD5060,99800,9.32,0.00351,-0.08068
stec8|SD5060,99800,10.32,-0.00970,-0.09566
stec8|SD5060,150400,-4.98,-0.17876,0.11886
stec8|SD5060,150400,-3.96,-0.16600,0.11046
stec8|SD5060,150400,-2.92,-0.12448,0.07791
stec8|SD5060,150400,-1.92,-0.08301,0.05219
stec8|SD5060,150400,-0.89,-0.02138,0.03265
stec8|SD5060,150400,0.15,-0.00518,0.00168
stec8|SD5060,150400,1.15,0.02174,-0.02230
stec8|SD5060,150400,2.19,0.03369,-0.03026
stec8|SD5060,150400,3.2,0.03779,-0.03259
stec8|SD5060,150400,4.23,0.05154,-0.03929
stec8|SD5060,150400,5.25,0.05133,-0.04491
stec8|SD5060,150400,6.27,0.05756,-0.04308
stec8|SD5060,150400,7.28,0.05198,-0.04968
stec8|SD5060,150400,8.3,0.03148,-0.05988
stec8|SD5060,150400,9.32,0.02849,-0.07043
stec8|SD5060,150400,10.32,0.03675,-0.07941
stec8|SD5060,150400,11.33,0.12976,-0.11056
stec8|SD5060,202500,-4.96,-0.15323,0.11381
stec8|SD5060,202500,-3.95,-0.13828,0.06448
stec8|SD5060,202500,-2.91,-0.07898,0.04170
stec8|SD5060,202500,-1.9,-0.03215,0.03980
stec8|SD5060,202500,-0.88,-0.00909,0.01242
stec8|SD5060,202500,0.15,0.01465,-0.01461
stec8|SD5060,202500,1.17,0.04094,-0.02808
stec8|SD5060,202500,2.2,0.05165,-0.03026
stec8|SD5060,202500,3.22,0.05481,-0.03002
stec8|SD5060,202500,4.24,0.06757,-0.03597
stec8|SD5060,202500,5.26,0.06186,-0.04123
stec8|SD5060,202500,6.27,0.05770,-0.03975
stec8|SD5060,202500,7.3,0.06883,-0.04442
stec8|SD5060,202500,8.31,0.04656,-0.04975
stec8|SD5060,202500,9.32,0.05328,-0.06026
stec8|SD5060,202500,10.34,0.06017,-0.07040
stec8|SD5060,202500,11.34,0.16584,-0.09036
stec8|SD5060,304100,-6.07,-0.06778,0.10700
stec8|SD5060,304100,-5.05,-0.08965,0.06783
stec8|SD5060,304100,-4.01,-0.05477,0.03931
stec8|SD5060,304100,-2.98,-0.00984,0.04373
stec8|SD5060,304100,-1.93,0.01322,0.02330
stec8|SD5060,304100,-0.91,0.02344,0.02232
stec8|SD5060,304100,0.13,0.02124,-0.00710
stec8|SD5060,304100,1.16,0.04283,-0.01326
stec8|SD5060,304100,2.19,0.07265,-0.01466
stec8|SD5060,304100,3.22,0.07581,-0.01780
stec8|SD5060,304100,4.23,0.08745,-0.02683
stec8|SD5060,304100,5.25,0.08162,-0.03059
stec8|SD5060,304100,6.26,0.07761,-0.03061
stec8|SD5060,304100,7.3,0.07149,-0.03528
stec8|SD5060,304100,8.3,0.06647,-0.04393
stec8|SD6060,59100,-6.0,-0.50256,0.17306
stec8|SD6060,59100,-4.97,-0.33817,0.18128
stec8|SD6060,59100,-3.96,-0.25214,0.17000
stec8|SD6060,59100,-2.96,-0.15621,0.14509
stec8|SD6060,59100,-1.93,-0.10081,0.13005
stec8|SD6060,59100,-0.93,-0.11068,0.12857
stec8|SD6060,59100,0.12,-0.08613,0.11534
stec8|SD6060,59100,1.15,-0.02577,0.08964
stec8|SD6060,59100,2.17,0.00759,0.06833
stec8|SD6060,59100,3.19,0.02538,0.04459
stec8|SD6060,59100,4.21,0.03303,0.02355
stec8|SD6060,59100,5.23,0.02814,-0.00355
stec8|SD6060,59100,6.25,0.03768,-0.04130
stec8|SD6060,59100,7.26,0.04029,-0.04238
stec8|SD6060,59100,8.28,-0.02793,-0.04247
stec8|SD6060,59100,9.28,-0.05913,-0.05238
stec8|SD6060,59100,10.28,-0.05507,-0.06255
stec8|SD6060,100600,-5.98,-0.53687,0.14929
stec8|SD6060,100600,-4.99,-0.32842,0.13889
stec8|SD6060,100600,-3.96,-0.22078,0.13158
stec8|SD6060,100600,-2.95,-0.10805,0.10938
stec8|SD6060,100600,-1.92,-0.05889,0.05754
stec8|SD6060,100600,-0.89,0.01031,0.03212
stec8|SD6060,100600,0.16,0.01760,-0.00190
stec8|SD6060,100600,1.17,0.02167,-0.01028
stec8|SD6060,100600,2.19,0.03775,-0.01986
stec8|SD6060,100600,3.21,0.04975,-0.02409
stec8|SD6060,100600,4.22,0.07038,-0.03061
stec8|SD6060,100600,5.25,0.07358,-0.04285
stec8|SD6060,100600,6.26,0.07777,-0.04678
stec8|SD6060,100600,7.27,0.05687,-0.03758
stec8|SD6060,100600,8.29,0.03048,-0.03642
stec8|SD6060,100600,9.3,0.02959,-0.04852
stec8|SD6060,155700,-5.99,-0.49820,0.16202
stec8|SD6060,155700,-4.97,-0.24440,0.14132
stec8|SD6060,155700,-3.95,-0.16050,0.12645
stec8|SD6060,155700,-2.93,-0.05068,0.10993
stec8|SD6060,155700,-1.91,-0.02000,0.07437
stec8|SD6060,155700,-0.89,0.01990,0.03307
stec8|SD6060,155700,0.13,0.02825,0.00795
stec8|SD6060,155700,1.15,0.04211,0.00991
stec8|SD6060,155700,2.18,0.06737,0.00800
stec8|SD6060,155700,3.21,0.07714,0.00671
stec8|SD6060,155700,4.23,0.08946,0.00335
stec8|SD6060,155700,5.24,0.09107,-0.00954
stec8|SD6060,155700,6.27,0.07907,-0.00596
stec8|SD6060,155700,7.27,0.07084,0.00153
stec8|SD6060,155700,8.28,0.06336,-0.00459
stec8|SD6060,155700,9.31,0.07540,-0.01036
stec8|SD6060,155700,10.29,0.07092,-0.02990
stec8|SD6060,199700,-3.97,-0.12269,0.13282
stec8|SD6060,199700,-2.93,-0.02388,0.10932
stec8|SD6060,199700,-1.92,0.01429,0.10888
stec8|SD6060,199700,-0.9,0.03339,0.05494
stec8|SD6060,199700,0.15,0.03745,0.03701
stec8|SD6060,199700,1.16,0.06000,0.03204
stec8|SD6060,199700,2.18,0.08376,0.02923
stec8|SD6060,199700,3.2,0.09297,0.02794
stec8|SD6060,199700,4.22,0.10044,0.02423
stec8|SD6060,199700,5.25,0.10359,0.01669
stec8|SD6060,199700,6.26,0.08540,0.01696
stec8|SD6060,199700,7.28,0.06949,0.02275
stec8|SD6060,199700,8.3,0.08065,0.01641
stec8|SD6060,199700,9.31,0.10514,0.01543
stec8|SD6060,199700,10.31,0.07934,0.00519
stec8|SD6060,307400,-3.99,-0.07274,0.04971
stec8|SD6060,307400,-2.96,0.01844,0.03609
stec8|SD6060,307400,-1.94,0.03776,0.03053
stec8|SD6060,307400,-0.91,0.03846,0.02414
stec8|SD6060,307400,0.12,0.04066,0.01075
stec8|SD6060,307400,1.15,0.03847,0.00340
stec8|SD6060,307400,2.18,0.07383,0.00293
stec8|SD6060,307400,3.2,0.10091,0.00130
stec8|SD6060,307400,4.22,0.12262,-0.00242
stec8|SD6060,307400,5.24,0.13243,-0.01409
stec8|SD6060,307400,6.27,0.10066,-0.00491
stec8|SD6060,307400,7.28,0.09331,-0.00521
stec8|SD6060,307400,8.29,0.10797,-0.01389
stec8|SD6060,307400,9.3,0.12217,-0.01743
stec8|SD6080,59400,-2.9,-0.21376,0.21256
stec8|SD6080,59400,-1.89,-0.20131,0.20190
stec8|SD6080,59400,-0.88,-0.08599,0.16002
stec8|SD6080,59400,0.17,-0.00830,0.11647
stec8|SD6080,59400,1.19,0.03045,0.09569
stec8|SD6080,59400,2.21,0.03472,0.07524
stec8|SD6080,59400,3.24,0.04097,0.05668
stec8|SD6080,59400,4.26,0.04016,0.03815
stec8|SD6080,59400,5.27,0.03094,0.01761
stec8|SD6080,59400,6.29,0.03048,-0.02283
stec8|SD6080,59400,7.3,0.03641,-0.04811
stec8|SD6080,59400,8.32,-0.02945,-0.04045
stec8|SD6080,59400,9.33,-0.10681,-0.02613
stec8|SD6080,59400,10.34,-0.20198,-0.02841
stec8|SD6080,59400,11.33,-0.21458,-0.03767
stec8|SD6080,100400,-3.9,-0.25011,0.09489
stec8|SD6080,100400,-2.89,-0.09272,0.05658
stec8|SD6080,100400,-1.88,-0.01203,0.04375
stec8|SD6080,100400,-0.83,0.04519,0.01261
stec8|SD6080,100400,0.18,0.04836,0.00873
stec8|SD6080,100400,1.21,0.06011,-0.00870
stec8|SD6080,100400,2.23,0.07977,-0.02501
stec8|SD6080,100400,3.25,0.08733,-0.03350
stec8|SD6080,100400,4.27,0.08944,-0.04342
stec8|SD6080,100400,5.29,0.08797,-0.05095
stec8|SD6080,100400,6.3,0.08359,-0.08120
stec8|SD6080,100400,7.33,0.08240,-0.09145
stec8|SD6080,100400,8.35,0.03154,-0.06833
stec8|SD6080,100400,9.37,-0.01132,-0.06965
stec8|SD6080,100400,10.36,-0.03452,-0.07954
stec8|SD6080,100400,11.35,0.01463,-0.10866
stec8|SD6080,149700,-1.89,0.01294,0.01766
stec8|SD6080,149700,0.18,0.04822,-0.00761
stec8|SD6080,149700,2.23,0.08714,-0.02388
stec8|SD6080,149700,3.24,0.10287,-0.03272
stec8|SD6080,149700,4.27,0.09941,-0.04096
stec8|SD6080,149700,6.3,0.08850,-0.07658
stec8|SD6080,149700,7.32,0.08071,-0.07633
stec8|SD6080,149700,8.34,0.04053,-0.06083
stec8|SD6080,149700,9.35,0.02130,-0.06384
stec8|SD6080,200500,-3.94,-0.13133,0.03235
stec8|SD6080,200500,-2.88,0.00531,0.00898
stec8|SD6080,200500,-1.88,0.03422,-0.00607
stec8|SD6080,200500,-0.84,0.07188,-0.01307
stec8|SD6080,200500,0.13,0.07232,-0.02102
stec8|SD6080,200500,1.17,0.08709,-0.02464
stec8|SD6080,200500,2.21,0.09543,-0.03117
stec8|SD6080,200500,3.23,0.11245,-0.03938
stec8|SD6080,200500,4.26,0.10899,-0.04447
stec8|SD6080,200500,5.27,0.10192,-0.04918
stec8|SD6080,200500,6.31,0.09873,-0.07113
stec8|SD6080,200500,7.32,0.09043,-0.07219
stec8|SD6080,200500,8.35,0.03766,-0.06005
stec8|SD6080,200500,9.35,-0.07235,-0.05681
stec8|SD6080,200500,10.34,-0.09511,-0.06051
stec8|SD6080,200500,11.34,-0.00587,-0.08837
stec8|SD6080,301100,-4.93,-0.14542,0.05143
stec8|SD6080,301100,-3.94,-0.00568,0.02293
stec8|SD6080,301100,-2.91,0.00837,0.00580
stec8|SD6080,301100,-1.91,0.02678,-0.00952
stec8|SD6080,301100,-0.87,0.09498,-0.01162
stec8|SD6080,301100,0.13,0.10052,-0.00943
stec8|SD6080,301100,1.16,0.11528,-0.01390
stec8|SD6080,301100,2.16,0.12779,-0.02524
stec8|SD6080,301100,3.16,0.13552,-0.03251
stec8|SD6080,301100,4.13,0.14614,-0.03553
stec8|SD6080,301100,5.19,0.15320,-0.04077
stec8|SD6080,301100,6.27,0.13494,-0.06352
stec8|SD6080,301100,7.26,0.11231,-0.05600
stec8|SD6080,301100,8.31,0.05032,-0.05549
stec8|SD7003,60300,-2.95,-0.17365,0.06299
stec8|SD7003,60300,-1.41,-0.17927,0.04104
stec8|SD7003,60300,0.12,-0.14385,0.02985
stec8|SD7003,60300,1.67,-0.06427,-0.02720
stec8|SD7003,60300,3.2,-0.04410,-0.06167
stec8|SD7003,60300,4.73,-0.03026,-0.07648
stec8|SD7003,60300,6.26,-0.03592,-0.08019
stec8|SD7003,60300,7.78,-0.10647,-0.09033
stec8|SD7003,60300,9.3,-0.14735,-0.10164
stec8|SD7003,102000,-2.93,-0.15588,0.05445
stec8|SD7003,102000,-1.41,-0.16989,0.02839
stec8|SD7003,102000,0.13,-0.12243,-0.00197
stec8|SD7003,102000,1.67,-0.02619,-0.06428
stec8|SD7003,102000,3.2,-0.01536,-0.06768
stec8|SD7003,102000,4.73,-0.00204,-0.07044
stec8|SD7003,102000,6.26,-0.01136,-0.07722
stec8|SD7003,102000,7.78,-0.02427,-0.08773
stec8|SD7003,102000,9.31,-0.01517,-0.10799
stec8|SD7003,102000,10.81,0.07257,-0.11098
stec8|SD7003,151800,-2.93,-0.13562,0.05806
stec8|SD7003,151800,-1.4,-0.14449,0.03776
stec8|SD7003,151800,0.13,-0.04887,-0.01187
stec8|SD7003,151800,1.67,-0.01300,-0.06029
stec8|SD7003,151800,3.19,-0.00825,-0.06180
stec8|SD7003,151800,4.73,0.00541,-0.06502
stec8|SD7003,151800,6.26,0.00445,-0.07072
stec8|SD7003,151800,7.79,-0.00342,-0.07990
stec8|SD7003,151800,9.31,0.01443,-0.09434
stec8|SD7003,151800,10.82,-0.02885,-0.10028
stec8|SD7003,200800,-2.92,-0.10348,0.04378
stec8|SD7003,200800,-1.4,-0.08966,0.05582
stec8|SD7003,200800,0.14,-0.02251,-0.01044
stec8|SD7003,200800,1.66,0.00206,-0.05712
stec8|SD7003,200800,3.2,0.00657,-0.05652
stec8|SD7003,200800,4.74,0.01929,-0.05662
stec8|SD7003,200800,6.28,0.01951,-0.06301
stec8|SD7003,200800,7.8,0.01751,-0.06738
stec8|SD7003,200800,9.31,0.04595,-0.07983
stec8|SD7003,200800,10.83,0.06623,-0.09191
stec8|SD7003,200800,11.82,0.06355,-0.08731
stec8|SD7003,300300,-2.94,-0.06783,0.02768
stec8|SD7003,300300,-1.91,-0.04719,0.03278
stec8|SD7003,300300,-0.9,0.00054,0.00372
stec8|SD7003,300300,0.14,-0.01693,-0.03950
stec8|SD7003,300300,1.15,-0.00976,-0.05878
stec8|SD7003,300300,2.18,0.03512,-0.05878
stec8|SD7003,300300,3.2,0.04702,-0.06029
stec8|SD7003,300300,4.23,0.04759,-0.06422
stec8|SD7003,300300,5.25,0.04738,-0.06942
stec8|SD7003,300300,6.26,0.04736,-0.06713
stec8|SD7003,300300,7.28,0.03898,-0.07075
stec8|SD7003,300300,8.31,0.04670,-0.07468
stec8|SD7003,300300,9.32,0.08542,-0.08214
stec8|SD7003,300300,10.34,0.06045,-0.08496
stec8|SD7003,300300,11.32,0.13093,-0.10656
stec8|SD7032B,61200,-3.92,-0.42349,0.16972
stec8|SD7032B,61200,-2.9,-0.29466,0.17358
stec8|SD7032B,61200,-1.89,-0.25587,0.14767
stec8|SD7032B,61200,-0.87,-0.12092,0.10210
stec8|SD7032B,61200,0.17,-0.08281,0.06486
stec8|SD7032B,61200,1.2,-0.05062,0.03046
stec8|SD7032B,61200,2.23,-0.04116,-0.01908
stec8|SD7032B,61200,3.25,-0.01532,-0.04453
stec8|SD7032B,61200,4.26,-0.02406,-0.05739
stec8|SD7032B,61200,5.27,-0.01778,-0.07841
stec8|SD7032B,61200,6.29,-0.01785,-0.10697
stec8|SD7032B,61200,7.31,-0.01291,-0.11129
stec8|SD7032B,61200,8.31,-0.01108,-0.11911
stec8|SD7032B,61200,9.33,-0.04236,-0.12606
stec8|SD7032B,61200,10.34,-0.10091,-0.12015
stec8|SD7032B,61200,11.35,-0.17088,-0.12797
stec8|SD7032B,101300,-3.92,-0.30828,0.12864
stec8|SD7032B,101300,-2.89,-0.20147,0.09523
stec8|SD7032B,101300,-1.86,-0.04849,0.04730
stec8|SD7032B,101300,-0.84,-0.01438,0.00273
stec8|SD7032B,101300,0.19,-0.00615,-0.01346
stec8|SD7032B,101300,1.21,0.02853,-0.03299
stec8|SD7032B,101300,2.23,0.04429,-0.05343
stec8|SD7032B,101300,3.25,0.06576,-0.07261
stec8|SD7032B,101300,4.26,0.05631,-0.07969
stec8|SD7032B,101300,5.28,0.05563,-0.08989
stec8|SD7032B,101300,6.3,0.05539,-0.10078
stec8|SD7032B,101300,7.32,0.04544,-0.10344
stec8|SD7032B,101300,8.34,0.03442,-0.10280
stec8|SD7032B,101300,9.35,0.02948,-0.11139
stec8|SD7032B,101300,10.37,0.02640,-0.11078
stec8|SD7032B,101300,11.37,0.07898,-0.11629
stec8|SD7032B,203400,-3.91,-0.12822,0.03821
stec8|SD7032B,203400,-2.88,-0.06998,0.02530
stec8|SD7032B,203400,-1.85,0.00121,0.00003
stec8|SD7032B,203400,-0.83,0.01932,-0.01409
stec8|SD7032B,203400,0.19,0.05675,-0.03110
stec8|SD7032B,203400,1.21,0.07005,-0.03671
stec8|SD7032B,203400,2.24,0.07790,-0.04796
stec8|SD7032B,203400,3.24,0.07156,-0.06287
stec8|SD7032B,203400,4.27,0.07472,-0.06902
stec8|SD7032B,203400,5.3,0.07473,-0.07320
stec8|SD7032B,203400,6.31,0.07586,-0.08700
stec8|SD7032B,203400,7.34,0.06749,-0.08495
stec8|SD7032B,203400,8.34,0.06786,-0.09335
stec8|SD7032B,203400,9.35,0.07335,-0.09738
stec8|SD7032B,203400,10.37,0.07649,-0.09765
stec8|SD7032B,203400,11.38,0.15529,-0.09351
stec8|SD7032B,305400,-3.88,-0.05573,0.01345
stec8|SD7032B,305400,-2.87,-0.02201,0.00060
stec8|SD7032B,305400,-1.85,0.03474,-0.00915
stec8|SD7032B,305400,-0.83,0.07430,-0.02013
stec8|SD7032B,305400,0.19,0.08293,-0.02720
stec8|SD7032B,305400,1.22,0.09015,-0.02924
stec8|SD7032B,305400,2.22,0.09358,-0.03760
stec8|SD7032B,305400,3.26,0.11375,-0.05401
stec8|SD7032B,305400,4.26,0.10397,-0.06020
stec8|SD7032B,305400,5.3,0.09977,-0.06443
stec8|SD7032B,305400,6.3,0.09840,-0.08076
stec8|SD7032B,305400,7.31,0.08960,-0.07608
stec8|SD7032B,305400,8.34,0.09189,-0.09220
stec8|SD7032B,305400,9.34,0.10148,-0.09021
stec8|SD7032B,305400,10.36,0.11043,-0.09017
stec8|SD7032B,305400,11.37,0.23928,-0.09084
stec8|SD7032C F0,62200,-3.92,-0.42668,0.16036
stec8|SD7032C F0,62200,-2.92,-0.33644,0.15971
stec8|SD7032C F0,62200,-1.88,-0.28511,0.15186
stec8|SD7032C F0,62200,-0.85,-0.12269,0.08772
stec8|SD7032C F0,62200,0.18,-0.05146,0.06543
stec8|SD7032C F0,62200,1.2,-0.03714,0.01679
stec8|SD7032C F0,62200,2.22,-0.02920,-0.02150
stec8|SD7032C F0,62200,3.25,-0.02088,-0.04731
stec8|SD7032C F0,62200,4.25,-0.01759,-0.06116
stec8|SD7032C F0,62200,5.27,-0.01090,-0.07720
stec8|SD7032C F0,62200,6.28,-0.00275,-0.08418
stec8|SD7032C F0,62200,7.3,-0.01150,-0.09855
stec8|SD7032C F0,62200,8.32,-0.01410,-0.10698
stec8|SD7032C F0,62200,9.33,-0.00922,-0.11532
stec8|SD7032C F0,102100,-2.89,-0.23005,0.08174
stec8|SD7032C F0,102100,-1.85,-0.05064,0.04061
stec8|SD7032C F0,102100,-0.84,-0.00173,0.00534
stec8|SD7032C F0,102100,0.19,0.00944,-0.01921
stec8|SD7032C F0,102100,1.22,0.03220,-0.03100
stec8|SD7032C F0,102100,2.24,0.04743,-0.04484
stec8|SD7032C F0,102100,3.26,0.05516,-0.05450
stec8|SD7032C F0,102100,4.27,0.05834,-0.06200
stec8|SD7032C F0,102100,5.3,0.05943,-0.07948
stec8|SD7032C F0,102100,6.31,0.05850,-0.08869
stec8|SD7032C F0,102100,7.33,0.05725,-0.09572
stec8|SD7032C F0,102100,8.34,0.05302,-0.09886
stec8|SD7032C F0,102100,9.36,0.05708,-0.10392
stec8|SD7032C F0,102100,10.38,0.03050,-0.10009
stec8|SD7032C F0,102100,11.38,0.05001,-0.10719
stec8|SD7032C F0,151200,-3.91,-0.26395,0.07747
stec8|SD7032C F0,151200,-2.88,-0.11203,0.04300
stec8|SD7032C F0,151200,-1.86,-0.00426,0.02566
stec8|SD7032C F0,151200,-0.85,0.00594,-0.00860
stec8|SD7032C F0,151200,0.18,0.02318,-0.02384
stec8|SD7032C F0,151200,1.2,0.04664,-0.03104
stec8|SD7032C F0,151200,2.23,0.05930,-0.04063
stec8|SD7032C F0,151200,3.24,0.06112,-0.04857
stec8|SD7032C F0,151200,4.27,0.06270,-0.05725
stec8|SD7032C F0,151200,5.3,0.06270,-0.07237
stec8|SD7032C F0,151200,6.31,0.06152,-0.08096
stec8|SD7032C F0,151200,7.32,0.06061,-0.08455
stec8|SD7032C F0,151200,8.35,0.06251,-0.09125
stec8|SD7032C F0,151200,9.36,0.06340,-0.09263
stec8|SD7032C F0,151200,10.37,0.04790,-0.09262
stec8|SD7032C F0,151200,11.37,0.14071,-0.10074
stec8|SD7032C F0,200300,-2.89,-0.07520,0.02142
stec8|SD7032C F0,200300,-1.85,0.01794,0.00491
stec8|SD7032C F0,200300,-0.83,0.04356,-0.02555
stec8|SD7032C F0,200300,0.2,0.06340,-0.03942
stec8|SD7032C F0,200300,1.23,0.07353,-0.04134
stec8|SD7032C F0,200300,2.24,0.08276,-0.04997
stec8|SD7032C F0,200300,3.26,0.08173,-0.05818
stec8|SD7032C F0,200300,4.28,0.08189,-0.06610
stec8|SD7032C F0,200300,5.3,0.08189,-0.07944
stec8|SD7032C F0,200300,6.32,0.08071,-0.08601
stec8|SD7032C F0,200300,7.33,0.08064,-0.08798
stec8|SD7032C F0,200300,8.35,0.08301,-0.09721
stec8|SD7032C F0,200300,9.36,0.07701,-0.09799
stec8|SD7032C F0,200300,10.38,0.07975,-0.09428
stec8|SD7032C F0,200300,11.37,0.17050,-0.10695
stec8|SD7032C F0,302000,-2.87,-0.03981,0.00998
stec8|SD7032C F0,302000,-1.84,0.05746,-0.00813
stec8|SD7032C F0,302000,-0.85,0.06743,-0.02275
stec8|SD7032C F0,302000,0.2,0.06996,-0.02972
stec8|SD7032C F0,302000,1.2,0.08557,-0.03139
stec8|SD7032C F0,302000,2.22,0.09374,-0.03738
stec8|SD7032C F0,302000,3.25,0.09884,-0.04811
stec8|SD7032C F0,302000,4.26,0.10141,-0.05647
stec8|SD7032C F0,302000,5.28,0.10367,-0.06981
stec8|SD7032C F0,302000,6.3,0.10367,-0.07372
stec8|SD7032C F0,302000,7.33,0.09300,-0.08004
stec8|SD7032C F0,302000,8.33,0.09621,-0.08789
stec8|SD7032C F0,302000,9.34,0.08238,-0.09484
stec8|SD7032C F0,302000,10.36,0.09784,-0.08656
stec8|SD7032C F0,302000,11.38,0.17313,-0.08327
stec8|SD7032D,59200,-3.92,-0.30583,0.17430
stec8|SD7032D,59200,-2.91,-0.25722,0.17860
stec8|SD7032D,59200,-1.89,-0.23683,0.17904
stec8|SD7032D,59200,-0.85,-0.13248,0.11129
stec8|SD7032D,59200,0.19,-0.04189,0.08610
stec8|SD7032D,59200,1.2,-0.00942,0.04899
stec8|SD7032D,59200,2.23,-0.00335,0.01251
stec8|SD7032D,59200,3.26,-0.00503,-0.04319
stec8|SD7032D,59200,4.26,-0.00548,-0.07300
stec8|SD7032D,59200,5.29,0.00873,-0.09585
stec8|SD7032D,59200,6.31,0.00836,-0.11244
stec8|SD7032D,59200,7.32,-0.02694,-0.12927
stec8|SD7032D,59200,8.33,-0.02031,-0.12584
stec8|SD7032D,59200,9.33,-0.05522,-0.14310
stec8|SD7032D,59200,10.36,-0.10982,-0.13139
stec8|SD7032D,59200,11.34,-0.15768,-0.11481
stec8|SD7032D,99800,-4.96,-0.52017,0.16516
stec8|SD7032D,99800,-3.91,-0.24146,0.12887
stec8|SD7032D,99800,-2.89,-0.19877,0.10785
stec8|SD7032D,99800,-1.89,-0.05291,0.04353
stec8|SD7032D,99800,-0.85,-0.00038,0.01635
stec8|SD7032D,99800,0.2,0.00029,-0.00850
stec8|SD7032D,99800,1.21,0.02448,-0.02949
stec8|SD7032D,99800,2.23,0.03563,-0.05267
stec8|SD7032D,99800,3.25,0.05501,-0.06159
stec8|SD7032D,99800,4.26,0.06175,-0.06845
stec8|SD7032D,99800,5.28,0.06244,-0.07932
stec8|SD7032D,99800,6.3,0.05706,-0.09243
stec8|SD7032D,99800,7.31,0.04722,-0.09583
stec8|SD7032D,99800,8.34,0.03819,-0.10389
stec8|SD7032D,99800,9.35,0.02741,-0.11734
stec8|SD7032D,99800,10.35,0.00489,-0.11470
stec8|SD7032D,99800,11.35,0.01163,-0.12934
stec8|SD7032D,147800,-5.97,-0.41955,0.12701
stec8|SD7032D,147800,-4.93,-0.38846,0.12708
stec8|SD7032D,147800,-3.9,-0.21326,0.07957
stec8|SD7032D,147800,-2.87,-0.09377,0.03253
stec8|SD7032D,147800,-1.87,-0.03826,0.01843
stec8|SD7032D,147800,-0.86,-0.01465,-0.01049
stec8|SD7032D,147800,0.16,0.00540,-0.02773
stec8|SD7032D,147800,1.2,0.02499,-0.04755
stec8|SD7032D,147800,2.23,0.05227,-0.05265
stec8|SD7032D,147800,3.24,0.05687,-0.06011
stec8|SD7032D,147800,4.27,0.06275,-0.06662
stec8|SD7032D,147800,5.28,0.05805,-0.07713
stec8|SD7032D,147800,6.3,0.05635,-0.08752
stec8|SD7032D,147800,7.34,0.05082,-0.08532
stec8|SD7032D,147800,8.34,0.05166,-0.09975
stec8|SD7032D,147800,9.34,0.04739,-0.11435
stec8|SD7032D,147800,10.35,0.01479,-0.11138
stec8|SD7032D,147800,11.37,0.07366,-0.11339
stec8|SD7032D,199100,-6.0,-0.38549,0.11589
stec8|SD7032D,199100,-4.98,-0.30527,0.07116
stec8|SD7032D,199100,-3.89,-0.14571,0.06183
stec8|SD7032D,199100,-2.89,-0.07121,0.03757
stec8|SD7032D,199100,-1.87,0.00349,0.02334
stec8|SD7032D,199100,-0.88,0.01158,-0.00182
stec8|SD7032D,199100,0.18,0.05394,-0.01743
stec8|SD7032D,199100,1.2,0.07522,-0.03417
stec8|SD7032D,199100,2.23,0.08092,-0.03760
stec8|SD7032D,199100,3.24,0.08263,-0.04299
stec8|SD7032D,199100,4.27,0.08463,-0.04752
stec8|SD7032D,199100,5.28,0.08289,-0.05468
stec8|SD7032D,199100,6.3,0.08432,-0.06357
stec8|SD7032D,199100,7.33,0.07973,-0.06215
stec8|SD7032D,199100,8.32,0.07568,-0.07238
stec8|SD7032D,199100,9.35,0.07319,-0.09098
stec8|SD7032D,199100,10.35,0.05591,-0.08805
stec8|SD7032D,199100,11.37,0.12480,-0.09308
stec8|SD7032D,302600,-5.94,-0.11661,0.02972
stec8|SD7032D,302600,-4.95,-0.18169,0.04398
stec8|SD7032D,302600,-3.92,-0.07244,0.00454
stec8|SD7032D,302600,-2.9,-0.03116,0.00760
stec8|SD7032D,302600,-1.9,0.03230,-0.01162
stec8|SD7032D,302600,-0.88,0.06224,-0.02040
stec8|SD7032D,302600,0.17,0.07293,-0.03544
stec8|SD7032D,302600,1.17,0.08075,-0.03845
stec8|SD7032D,302600,2.2,0.09316,-0.04467
stec8|SD7032D,302600,3.21,0.09502,-0.05161
stec8|SD7032D,302600,4.24,0.10689,-0.05650
stec8|SD7032D,302600,5.29,0.10906,-0.06290
stec8|SD7032D,302600,6.28,0.10766,-0.06819
stec8|SD7032D,302600,7.3,0.09170,-0.07241
stec8|SD7032D,302600,8.35,0.08859,-0.08638
stec8|SD7032D,302600,9.33,0.08158,-0.10343
stec8|SD7032D,302600,10.35,0.06944,-0.09419
stec8|SD7032D,302600,11.36,0.14474,-0.10152
stec8|SD7037,62600,-3.95,-0.28003,0.16109
stec8|SD7037,62600,-2.95,-0.23048,0.16687
stec8|SD7037,62600,-1.92,-0.20027,0.15586
stec8|SD7037,62600,-0.9,-0.13992,0.13260
stec8|SD7037,62600,0.13,-0.08713,0.10779
stec8|SD7037,62600,1.16,-0.00959,0.08904
stec8|SD7037,62600,2.19,0.00436,0.05122
stec8|SD7037,62600,3.22,0.02486,0.00233
stec8|SD7037,62600,4.24,0.02507,-0.01123
stec8|SD7037,62600,5.26,0.02636,-0.03173
stec8|SD7037,62600,6.27,0.03132,-0.05389
stec8|SD7037,62600,7.29,0.02689,-0.05676
stec8|SD7037,62600,8.31,-0.00348,-0.05834
stec8|SD7037,103900,-2.95,-0.16588,0.14396
stec8|SD7037,103900,-1.93,-0.10397,0.12839
stec8|SD7037,103900,-0.9,-0.01866,0.06890
stec8|SD7037,103900,0.14,0.04137,0.05198
stec8|SD7037,103900,1.16,0.06383,0.01630
stec8|SD7037,103900,2.19,0.08509,0.00344
stec8|SD7037,103900,3.22,0.09801,-0.01125
stec8|SD7037,103900,4.23,0.09747,-0.01744
stec8|SD7037,103900,5.26,0.09891,-0.02828
stec8|SD7037,103900,6.26,0.09934,-0.04441
stec8|SD7037,103900,7.27,0.09132,-0.04742
stec8|SD7037,103900,8.3,0.05970,-0.05070
stec8|SD7037,103900,9.31,0.03424,-0.04966
stec8|SD7037,103900,10.3,0.01866,-0.05485
stec8|SD7037,153400,-2.98,-0.11838,0.11403
stec8|SD7037,153400,-1.92,-0.05583,0.08294
stec8|SD7037,153400,-0.89,0.03059,0.04849
stec8|SD7037,153400,0.14,0.05701,0.03227
stec8|SD7037,153400,1.17,0.07704,0.00420
stec8|SD7037,153400,2.17,0.09216,-0.00656
stec8|SD7037,153400,3.23,0.10370,-0.00980
stec8|SD7037,153400,4.22,0.10435,-0.01792
stec8|SD7037,153400,5.24,0.10220,-0.02690
stec8|SD7037,153400,6.26,0.09603,-0.03233
stec8|SD7037,153400,7.28,0.09642,-0.04012
stec8|SD7037,153400,8.3,0.06540,-0.04530
stec8|SD7037,153400,9.3,0.04961,-0.04320
stec8|SD7037,153400,10.32,0.04166,-0.04946
stec8|SD7037,204200,-2.97,-0.07802,0.08836
stec8|SD7037,204200,-1.91,-0.00053,0.06934
stec8|SD7037,204200,-0.89,0.06123,0.04848
stec8|SD7037,204200,0.13,0.07827,0.00996
stec8|SD7037,204200,1.16,0.09832,0.00274
stec8|SD7037,204200,2.18,0.10793,-0.00398
stec8|SD7037,204200,3.22,0.12174,-0.00456
stec8|SD7037,204200,4.23,0.10919,-0.01307
stec8|SD7037,204200,5.26,0.11017,-0.01949
stec8|SD7037,204200,6.26,0.10719,-0.02405
stec8|SD7037,204200,7.28,0.10165,-0.03019
stec8|SD7037,204200,8.28,0.08644,-0.03883
stec8|SD7037,204200,9.31,0.06513,-0.03602
stec8|SD7037,204200,10.35,0.02290,-0.04659
stec8|SD7037,204200,11.32,0.05703,-0.05713
stec8|SD7037,302900,-2.96,-0.03463,0.04301
stec8|SD7037,302900,-1.93,0.05655,0.03119
stec8|SD7037,302900,-0.93,0.09558,0.02262
stec8|SD7037,302900,0.09,0.09798,0.00572
stec8|SD7037,302900,1.01,0.11288,-0.00781
stec8|SD7037,302900,2.16,0.13168,-0.00490
stec8|SD7037,302900,3.18,0.13676,-0.00839
stec8|SD7037,302900,4.2,0.14640,-0.01565
stec8|SD7037,302900,5.23,0.13896,-0.01730
stec8|SD7037,302900,6.25,0.12852,-0.02306
stec8|SD7037,302900,7.27,0.12169,-0.03077
stec8|SD7037,302900,8.28,0.10346,-0.04097
stec8|SD7037,302900,9.3,0.09862,-0.03825
stec8|SD7037,302900,10.32,0.00392,-0.04343
stec8|SD7043,61600,-3.9,-0.33131,0.14234
stec8|SD7043,61600,-2.89,-0.24411,0.13522
stec8|SD7043,61600,-1.87,-0.23248,0.12317
stec8|SD7043,61600,-0.86,-0.15896,0.10257
stec8|SD7043,61600,0.17,-0.09184,0.08862
stec8|SD7043,61600,1.22,-0.07149,0.06181
stec8|SD7043,61600,2.24,-0.02473,0.01893
stec8|SD7043,61600,3.27,-0.01178,-0.03600
stec8|SD7043,61600,4.29,-0.01684,-0.07342
stec8|SD7043,61600,5.3,-0.01002,-0.08680
stec8|SD7043,61600,6.31,-0.00720,-0.10597
stec8|SD7043,61600,7.33,-0.03832,-0.10177
stec8|SD7043,61600,8.35,-0.10762,-0.09589
stec8|SD7043,61600,9.35,-0.15219,-0.12064
stec8|SD7043,61600,10.34,-0.16716,-0.12805
stec8|SD7043,61600,11.31,-0.10960,-0.09236
stec8|SD7043,103800,-3.91,-0.25349,0.10201
stec8|SD7043,103800,-2.9,-0.17962,0.09030
stec8|SD7043,103800,-1.87,-0.07156,0.05122
stec8|SD7043,103800,-0.85,-0.03870,0.01352
stec8|SD7043,103800,0.18,-0.00047,-0.01631
stec8|SD7043,103800,1.22,0.02728,-0.04546
stec8|SD7043,103800,2.25,0.04438,-0.07097
stec8|SD7043,103800,3.27,0.06385,-0.09929
stec8|SD7043,103800,4.28,0.06177,-0.10062
stec8|SD7043,103800,5.3,0.05937,-0.10577
stec8|SD7043,103800,6.3,0.05858,-0.11225
stec8|SD7043,103800,7.33,0.03578,-0.10079
stec8|SD7043,103800,8.34,0.00903,-0.10860
stec8|SD7043,103800,9.35,-0.00124,-0.12352
stec8|SD7043,103800,10.37,-0.01393,-0.13893
stec8|SD7043,103800,11.36,0.01015,-0.15595
stec8|SD7043,154900,-3.89,-0.17472,0.06906
stec8|SD7043,154900,-2.88,-0.10159,0.03511
stec8|SD7043,154900,-1.85,-0.03130,0.01744
stec8|SD7043,154900,-0.83,-0.01608,-0.01564
stec8|SD7043,154900,0.2,0.01302,-0.03417
stec8|SD7043,154900,1.22,0.04517,-0.04289
stec8|SD7043,154900,2.25,0.05881,-0.05952
stec8|SD7043,154900,3.27,0.08310,-0.07080
stec8|SD7043,154900,4.29,0.07448,-0.07213
stec8|SD7043,154900,5.31,0.06863,-0.07796
stec8|SD7043,154900,6.33,0.06542,-0.08292
stec8|SD7043,154900,7.34,0.05012,-0.07773
stec8|SD7043,154900,8.35,0.02394,-0.07832
stec8|SD7043,154900,9.37,0.02899,-0.09668
stec8|SD7043,154900,10.37,0.04558,-0.10145
stec8|SD7043,154900,11.38,0.12490,-0.10550
stec8|SD7043,204000,-3.88,-0.09369,0.01271
stec8|SD7043,204000,-2.86,-0.05633,-0.00641
stec8|SD7043,204000,-1.84,-0.02501,-0.03434
stec8|SD7043,204000,-0.83,0.00854,-0.03586
stec8|SD7043,204000,0.2,0.05132,-0.05789
stec8|SD7043,204000,1.23,0.06264,-0.06634
stec8|SD7043,204000,2.26,0.07841,-0.07806
stec8|SD7043,204000,3.28,0.10556,-0.09291
stec8|SD7043,204000,4.28,0.08197,-0.09003
stec8|SD7043,204000,5.31,0.07716,-0.09372
stec8|SD7043,204000,6.32,0.07291,-0.09747
stec8|SD7043,204000,7.35,0.04730,-0.09713
stec8|SD7043,204000,8.36,0.03838,-0.09498
stec8|SD7043,204000,9.37,0.04992,-0.11000
stec8|SD7043,204000,10.38,0.06511,-0.11925
stec8|SD7043,204000,11.38,0.14295,-0.11330
stec8|SD7043,303400,-4.9,-0.09251,-0.02677
stec8|SD7043,303400,-3.87,-0.06488,-0.03166
stec8|SD7043,303400,-2.86,-0.01942,-0.03969
stec8|SD7043,303400,-1.82,0.02585,-0.04699
stec8|SD7043,303400,-0.82,0.06377,-0.06388
stec8|SD7043,303400,0.21,0.08211,-0.06885
stec8|SD7043,303400,1.23,0.08697,-0.07692
stec8|SD7043,303400,2.25,0.10480,-0.08081
stec8|SD7043,303400,3.26,0.12433,-0.08967
stec8|SD7043,303400,4.29,0.10973,-0.09037
stec8|SD7043,303400,5.3,0.09581,-0.09694
stec8|SD7043,303400,6.32,0.09609,-0.10076
stec8|SD7043,303400,7.33,0.07482,-0.10328
stec8|SD7062,102600,-5.93,-0.08214,0.02764
stec8|SD7062,102600,-4.91,0.01260,0.02582
stec8|SD7062,102600,-3.9,0.01890,-0.00544
stec8|SD7062,102600,-2.86,0.10112,-0.01994
stec8|SD7062,102600,-1.85,0.11385,-0.03997
stec8|SD7062,102600,-0.83,0.12228,-0.05720
stec8|SD7062,102600,0.2,0.14166,-0.07403
stec8|SD7062,102600,1.22,0.14017,-0.07447
stec8|SD7062,102600,2.24,0.15422,-0.08104
stec8|SD7062,102600,3.26,0.17093,-0.08785
stec8|SD7062,102600,4.27,0.16367,-0.09470
stec8|SD7062,102600,5.3,0.16513,-0.10866
stec8|SD7062,102600,6.32,0.16908,-0.11344
stec8|SD7062,102600,7.33,0.15115,-0.11908
stec8|SD7062,102600,8.35,0.14130,-0.14615
stec8|SD7062,102600,9.37,0.13009,-0.13039
stec8|SD7062,102600,10.38,0.12266,-0.11606
stec8|SD7062,102600,11.28,0.15896,-0.11808
stec8|SD7062,149700,-6.94,-0.05396,0.01206
stec8|SD7062,149700,-5.92,0.00332,0.02584
stec8|SD7062,149700,-4.91,0.03333,0.00650
stec8|SD7062,149700,-3.9,0.03406,-0.01584
stec8|SD7062,149700,-2.87,0.11353,-0.03095
stec8|SD7062,149700,-1.85,0.13579,-0.04397
stec8|SD7062,149700,-0.83,0.12975,-0.05128
stec8|SD7062,149700,0.2,0.15456,-0.06014
stec8|SD7062,149700,1.23,0.15570,-0.07117
stec8|SD7062,149700,2.25,0.16393,-0.06952
stec8|SD7062,149700,3.25,0.17137,-0.08302
stec8|SD7062,149700,4.28,0.17416,-0.08891
stec8|SD7062,149700,5.31,0.17484,-0.09785
stec8|SD7062,149700,6.33,0.16882,-0.10548
stec8|SD7062,149700,7.33,0.15946,-0.10449
stec8|SD7062,149700,8.35,0.15241,-0.12880
stec8|SD7062,149700,9.37,0.15745,-0.12166
stec8|SD7062,149700,10.38,0.14313,-0.10727
stec8|SD7062,149700,11.4,0.17296,-0.08601
stec8|SD7062,210500,-6.94,0.01019,0.00235
stec8|SD7062,210500,-5.95,0.03067,-0.01635
stec8|SD7062,210500,-4.91,0.04936,-0.02305
stec8|SD7062,210500,-3.9,0.03995,-0.02839
stec8|SD7062,210500,-2.86,0.08899,-0.03698
stec8|SD7062,210500,-1.85,0.12457,-0.04651
stec8|SD7062,210500,-0.84,0.13098,-0.05580
stec8|SD7062,210500,0.2,0.14643,-0.05229
stec8|SD7062,210500,1.22,0.14802,-0.06942
stec8|SD7062,210500,2.24,0.15843,-0.07209
stec8|SD7062,210500,3.26,0.17870,-0.07907
stec8|SD7062,210500,4.29,0.17970,-0.08339
stec8|SD7062,210500,5.3,0.18038,-0.08262
stec8|SD7062,210500,6.33,0.18326,-0.09290
stec8|SD7062,210500,7.35,0.17205,-0.08833
stec8|SD7062,210500,8.36,0.17968,-0.11442
stec8|SD7062,210500,9.38,0.18349,-0.11039
stec8|SD7062,210500,10.4,0.16335,-0.09663
stec8|SD7062,210500,11.4,0.21835,-0.07225
stec8|SD7062,305800,-7.0,0.04688,-0.02917
stec8|SD7062,305800,-6.0,0.07191,-0.02947
stec8|SD7062,305800,-4.98,0.08108,-0.03099
stec8|SD7062,305800,-3.9,0.07422,-0.02506
stec8|SD7062,305800,-2.92,0.10361,-0.03322
stec8|SD7062,305800,-1.87,0.12411,-0.04402
stec8|SD7062,305800,-0.82,0.15534,-0.05084
stec8|SD7062,305800,0.21,0.16544,-0.04064
stec8|SD7062,305800,1.22,0.17447,-0.05690
stec8|SD7062,305800,2.25,0.17720,-0.06271
stec8|SD7062,305800,3.27,0.18315,-0.06810
stec8|SD7062,305800,4.28,0.19209,-0.07208
stec8|SD7062,305800,5.31,0.20815,-0.07700
stec8|SD7062,305800,6.31,0.21066,-0.07761
stec8|SD7062,305800,7.33,0.20270,-0.07684
stec8|SD7062,305800,8.37,0.21033,-0.10507
stec8|SD7062,305800,9.38,0.21506,-0.09568
stec8|SD7062,305800,10.39,0.19400,-0.08501
stec8|SD7062,305800,11.4,0.24901,-0.06296
stec8|SD7080,62600,-3.95,-0.28709,0.13262
stec8|SD7080,62600,-2.94,-0.24592,0.13731
stec8|SD7080,62600,-1.93,-0.14593,0.13389
stec8|SD7080,62600,-0.91,-0.14934,0.11243
stec8|SD7080,62600,0.11,-0.11641,0.09725
stec8|SD7080,62600,1.17,-0.06101,0.06739
stec8|SD7080,62600,2.2,-0.03346,0.01128
stec8|SD7080,62600,3.22,-0.01546,-0.03222
stec8|SD7080,62600,4.22,-0.00186,-0.05075
stec8|SD7080,62600,5.25,-0.00216,-0.06345
stec8|SD7080,62600,6.26,-0.00589,-0.07439
stec8|SD7080,62600,7.27,-0.01871,-0.08495
stec8|SD7080,62600,8.29,-0.04016,-0.07927
stec8|SD7080,62600,9.31,-0.09422,-0.08886
stec8|SD7080,62600,10.31,-0.17103,-0.09414
stec8|SD7080,103500,-3.98,-0.24547,0.10414
stec8|SD7080,103500,-2.95,-0.18411,0.10614
stec8|SD7080,103500,-1.92,-0.11596,0.09258
stec8|SD7080,103500,-0.9,-0.07895,0.05117
stec8|SD7080,103500,0.14,-0.03308,0.02756
stec8|SD7080,103500,1.16,0.00281,-0.00296
stec8|SD7080,103500,2.18,0.03552,-0.04599
stec8|SD7080,103500,3.2,0.05600,-0.06191
stec8|SD7080,103500,4.22,0.05990,-0.06952
stec8|SD7080,103500,5.25,0.05928,-0.07554
stec8|SD7080,103500,6.26,0.05928,-0.07610
stec8|SD7080,103500,7.28,0.04424,-0.07961
stec8|SD7080,103500,8.3,0.03969,-0.08668
stec8|SD7080,103500,9.31,0.01863,-0.09539
stec8|SD7080,103500,10.31,0.02788,-0.11471
stec8|SD7080,149800,-6.0,-0.52706,0.11902
stec8|SD7080,149800,-4.98,-0.36107,0.14202
stec8|SD7080,149800,-3.95,-0.22756,0.12239
stec8|SD7080,149800,-2.94,-0.18021,0.11271
stec8|SD7080,149800,-1.91,-0.09909,0.08415
stec8|SD7080,149800,-0.89,-0.03502,0.04066
stec8|SD7080,149800,0.15,-0.01318,0.01548
stec8|SD7080,149800,1.17,0.00624,-0.02000
stec8|SD7080,149800,2.2,0.04302,-0.04003
stec8|SD7080,149800,3.21,0.05957,-0.04898
stec8|SD7080,149800,4.24,0.06319,-0.05390
stec8|SD7080,149800,5.25,0.06399,-0.05697
stec8|SD7080,149800,6.27,0.05847,-0.05989
stec8|SD7080,149800,7.28,0.05425,-0.06423
stec8|SD7080,149800,8.3,0.04381,-0.06806
stec8|SD7080,149800,9.31,0.04509,-0.07428
stec8|SD7080,149800,10.32,0.05465,-0.08528
stec8|SD7080,149800,11.32,0.13747,-0.11127
stec8|SD7080,205700,-6.0,-0.42017,0.13792
stec8|SD7080,205700,-4.98,-0.31187,0.17309
stec8|SD7080,205700,-3.96,-0.15342,0.14677
stec8|SD7080,205700,-2.93,-0.12413,0.12378
stec8|SD7080,205700,-1.91,-0.02002,0.09680
stec8|SD7080,205700,-0.88,-0.00070,0.06686
stec8|SD7080,205700,0.14,0.02609,0.03985
stec8|SD7080,205700,1.17,0.04693,0.00982
stec8|SD7080,205700,2.18,0.07158,0.00550
stec8|SD7080,205700,3.21,0.08978,0.00152
stec8|SD7080,205700,4.24,0.07883,-0.00552
stec8|SD7080,205700,5.25,0.08393,-0.00722
stec8|SD7080,205700,6.27,0.07278,-0.00636
stec8|SD7080,205700,7.29,0.06934,-0.01508
stec8|SD7080,205700,8.3,0.06911,-0.02083
stec8|SD7080,205700,9.31,0.07583,-0.02390
stec8|SD7080,205700,10.31,0.08926,-0.03580
stec8|SD7080,205700,11.32,0.18975,-0.06148
stec8|SD7080,301800,-6.02,-0.31726,0.09490
stec8|SD7080,301800,-4.99,-0.16155,0.07395
stec8|SD7080,301800,-3.96,-0.13248,0.05461
stec8|SD7080,301800,-2.97,-0.08956,0.04868
stec8|SD7080,301800,-1.93,0.01090,0.02634
stec8|SD7080,301800,-0.9,0.02341,0.01632
stec8|SD7080,301800,0.13,0.03762,-0.01538
stec8|SD7080,301800,1.14,0.06901,-0.03027
stec8|SD7080,301800,2.18,0.07704,-0.04073
stec8|SD7080,301800,3.21,0.08825,-0.04595
stec8|SD7080,301800,4.22,0.09281,-0.05232
stec8|SD7080,301800,5.24,0.09069,-0.05835
stec8|SD7080,301800,6.26,0.08897,-0.05275
stec8|SD7080,301800,7.28,0.08884,-0.06389
stec8|SD7080,301800,8.3,0.09242,-0.07144
stec8|SD7080,301800,9.31,0.10726,-0.07288
stec8|SD7080,301800,10.31,0.07007,-0.07330
stec8|SD7080,301800,11.32,0.20110,-0.10892
stec8|SD7084,100900,-2.95,-0.17973,0.09619
stec8|SD7084,100900,-1.42,-0.09678,0.04893
stec8|SD7084,100900,0.12,-0.03234,0.01997
stec8|SD7084,100900,1.68,0.02031,-0.04502
stec8|SD7084,100900,3.2,0.04653,-0.06686
stec8|SD7084,100900,4.73,0.05681,-0.08074
stec8|SD7084,100900,6.26,0.05620,-0.08682
stec8|SD7084,100900,7.79,0.06224,-0.09533
stec8|SD7084,100900,9.31,0.03871,-0.10582
stec8|SD7084,100900,10.82,0.07912,-0.11398
stec8|SD7084,152400,-2.94,-0.17629,0.08371
stec8|SD7084,152400,-1.4,-0.05498,0.01857
stec8|SD7084,152400,0.15,0.00002,-0.00835
stec8|SD7084,152400,1.68,0.04936,-0.05840
stec8|SD7084,152400,3.19,0.05985,-0.06727
stec8|SD7084,152400,4.74,0.06650,-0.07825
stec8|SD7084,152400,6.26,0.06349,-0.08316
stec8|SD7084,152400,7.78,0.07187,-0.09081
stec8|SD7084,152400,9.31,0.05612,-0.10009
stec8|SD7084,152400,10.82,0.16302,-0.10271
stec8|SD7084,197500,-3.95,-0.18116,0.11634
stec8|SD7084,197500,-2.96,-0.12493,0.08258
stec8|SD7084,197500,-1.91,-0.03819,0.05591
stec8|SD7084,197500,-0.89,-0.00157,0.03249
stec8|SD7084,197500,0.14,0.02585,-0.00296
stec8|SD7084,197500,1.17,0.04209,-0.02344
stec8|SD7084,197500,2.17,0.06689,-0.02240
stec8|SD7084,197500,3.21,0.08034,-0.03921
stec8|SD7084,197500,4.24,0.07984,-0.04005
stec8|SD7084,197500,5.23,0.07588,-0.04979
stec8|SD7084,197500,6.27,0.07371,-0.05386
stec8|SD7084,197500,7.28,0.06964,-0.05410
stec8|SD7084,197500,8.3,0.07645,-0.06195
stec8|SD7084,197500,9.31,0.08048,-0.07023
stec8|SD7084,197500,10.32,0.08992,-0.07298
stec8|SD7084,303000,-3.97,-0.12010,0.04908
stec8|SD7084,303000,-2.94,-0.06927,0.02258
stec8|SD7084,303000,-1.92,0.00164,0.02274
stec8|SD7084,303000,-0.91,0.03068,0.00492
stec8|SD7084,303000,0.13,0.03919,-0.04448
stec8|SD7084,303000,1.16,0.05305,-0.04932
stec8|SD7084,303000,2.18,0.07101,-0.04417
stec8|SD7084,303000,3.2,0.08764,-0.05256
stec8|SD7084,303000,4.22,0.09859,-0.05546
stec8|SD7084,303000,5.25,0.08822,-0.06716
stec8|SD7084,303000,6.27,0.09110,-0.06878
stec8|SD7084,303000,7.28,0.08748,-0.07387
stec8|SD7084,303000,8.31,0.09085,-0.08216
stec8|SD7084,303000,9.32,0.10947,-0.08859
stec8|SD7084,303000,10.32,0.02511,-0.08667
stec8|SD7084,303000,11.33,0.12265,-0.09801
stec8|SD7090,59600,-5.98,-0.27523,0.09980
stec8|SD7090,59600,-4.96,-0.21730,0.10551
stec8|SD7090,59600,-3.95,-0.20378,0.09966
stec8|SD7090,59600,-2.93,-0.15396,0.09017
stec8|SD7090,59600,-1.91,-0.13927,0.06618
stec8|SD7090,59600,-0.88,-0.12878,0.06848
stec8|SD7090,59600,0.15,-0.08371,0.05660
stec8|SD7090,59600,1.18,-0.03600,0.00407
stec8|SD7090,59600,2.2,-0.00946,-0.05183
stec8|SD7090,59600,3.22,0.00590,-0.08014
stec8|SD7090,59600,4.24,0.00856,-0.09530
stec8|SD7090,59600,5.26,0.00356,-0.10166
stec8|SD7090,59600,6.27,0.00277,-0.10732
stec8|SD7090,59600,7.28,-0.00066,-0.11179
stec8|SD7090,59600,8.29,-0.02594,-0.11953
stec8|SD7090,59600,9.31,-0.07264,-0.13059
stec8|SD7090,59600,10.31,-0.10678,-0.12121
stec8|SD7090,59600,11.29,-0.06862,-0.04976
stec8|SD7090,99100,-5.98,-0.21990,0.12009
stec8|SD7090,99100,-4.96,-0.20190,0.11020
stec8|SD7090,99100,-3.95,-0.18242,0.10559
stec8|SD7090,99100,-2.94,-0.15813,0.09639
stec8|SD7090,99100,-1.91,-0.12999,0.08936
stec8|SD7090,99100,-0.88,-0.09209,0.04627
stec8|SD7090,99100,0.15,-0.03268,0.01396
stec8|SD7090,99100,1.17,0.00938,-0.02460
stec8|SD7090,99100,2.19,0.01915,-0.05045
stec8|SD7090,99100,3.22,0.02844,-0.06959
stec8|SD7090,99100,4.23,0.03023,-0.07724
stec8|SD7090,99100,5.24,0.02563,-0.08683
stec8|SD7090,99100,6.27,0.02634,-0.08668
stec8|SD7090,99100,7.29,0.02024,-0.08544
stec8|SD7090,99100,8.3,0.00903,-0.10014
stec8|SD7090,99100,9.32,0.00135,-0.11228
stec8|SD7090,99100,10.32,0.00113,-0.11292
stec8|SD7090,99100,11.3,0.06574,-0.12412
stec8|SD7090,149000,-5.97,-0.22046,0.09625
stec8|SD7090,149000,-4.96,-0.17335,0.08754
stec8|SD7090,149000,-3.94,-0.18186,0.08318
stec8|SD7090,149000,-2.93,-0.13565,0.07426
stec8|SD7090,149000,-1.91,-0.11442,0.05592
stec8|SD7090,149000,-0.87,-0.05501,0.00290
stec8|SD7090,149000,0.15,-0.00598,-0.05032
stec8|SD7090,149000,1.18,0.03417,-0.07092
stec8|SD7090,149000,2.19,0.03637,-0.07382
stec8|SD7090,149000,3.22,0.04097,-0.07921
stec8|SD7090,149000,4.24,0.04413,-0.08433
stec8|SD7090,149000,5.26,0.04157,-0.08906
stec8|SD7090,149000,6.27,0.04228,-0.08993
stec8|SD7090,149000,7.28,0.03993,-0.08997
stec8|SD7090,149000,8.31,0.02181,-0.10159
stec8|SD7090,149000,9.32,0.01869,-0.11034
stec8|SD7090,149000,10.32,0.02632,-0.10853
stec8|SD7090,149000,11.33,0.09801,-0.11953
stec8|SD7090,199100,-6.0,-0.20683,0.13349
stec8|SD7090,199100,-4.96,-0.15606,0.11594
stec8|SD7090,199100,-3.95,-0.16577,0.10847
stec8|SD7090,199100,-2.92,-0.12093,0.09477
stec8|SD7090,199100,-1.9,-0.06783,0.08267
stec8|SD7090,199100,-0.88,-0.00990,0.02663
stec8|SD7090,199100,0.16,0.02087,-0.01988
stec8|SD7090,199100,1.16,0.05467,-0.03425
stec8|SD7090,199100,2.2,0.05102,-0.03641
stec8|SD7090,199100,3.22,0.05678,-0.04424
stec8|SD7090,199100,4.24,0.06154,-0.04937
stec8|SD7090,199100,5.26,0.05817,-0.05124
stec8|SD7090,199100,6.28,0.05686,-0.05403
stec8|SD7090,199100,7.29,0.05451,-0.05415
stec8|SD7090,199100,8.3,0.04764,-0.06675
stec8|SD7090,199100,9.31,0.04574,-0.07551
stec8|SD7090,199100,10.34,0.05420,-0.07164
stec8|SD7090,199100,11.33,0.12957,-0.08048
stec8|SD7090,298600,-6.02,-0.05813,0.17205
stec8|SD7090,298600,-4.99,-0.07335,0.16418
stec8|SD7090,298600,-4.02,-0.07347,0.15268
stec8|SD7090,298600,-2.98,-0.01550,0.13614
stec8|SD7090,298600,-1.91,0.05165,0.14071
stec8|SD7090,298600,-0.88,0.09808,0.10241
stec8|SD7090,298600,0.13,0.11836,0.06021
stec8|SD7090,298600,1.16,0.13519,0.05386
stec8|SD7090,298600,2.2,0.13843,0.03277
stec8|SD7090,298600,3.21,0.14885,0.01337
stec8|SD7090,298600,4.23,0.15676,0.00029
stec8|SD7090,298600,5.25,0.14675,-0.00152
stec8|SD7090,298600,6.27,0.14498,-0.00491
stec8|SD7090,298600,7.28,0.14071,-0.01122
stec8|SD7090,298600,8.31,0.13874,-0.01727
stec8|SD7090,298600,9.32,0.14270,-0.02622
stec8|SD7090,298600,10.33,0.15247,-0.02495
stec8|SD7090,298600,11.33,0.28144,-0.03529
stec8|SD8000,62500,-3.94,-0.23398,0.11323
stec8|SD8000,62500,-2.93,-0.17678,0.09699
stec8|SD8000,62500,-1.91,-0.18072,0.07310
stec8|SD8000,62500,-0.88,-0.17725,0.07084
stec8|SD8000,62500,0.13,-0.17131,0.05441
stec8|SD8000,62500,1.17,-0.12943,0.02421
stec8|SD8000,62500,2.2,-0.09462,0.01332
stec8|SD8000,62500,3.23,-0.06009,-0.05707
stec8|SD8000,62500,4.24,-0.05075,-0.08936
stec8|SD8000,62500,5.26,-0.04824,-0.08977
stec8|SD8000,62500,6.28,-0.05269,-0.09574
stec8|SD8000,62500,7.28,-0.11246,-0.10918
stec8|SD8000,62500,8.3,-0.14671,-0.11878
stec8|SD8000,62500,9.31,-0.19572,-0.12776
stec8|SD8000,102500,-3.93,-0.20041,0.09016
stec8|SD8000,102500,-2.91,-0.14654,0.08209
stec8|SD8000,102500,-1.91,-0.14255,0.07240
stec8|SD8000,102500,-0.88,-0.15808,0.04601
stec8|SD8000,102500,0.15,-0.11372,0.01845
stec8|SD8000,102500,1.17,-0.06303,-0.02651
stec8|SD8000,102500,2.21,-0.00871,-0.05210
stec8|SD8000,102500,3.23,-0.00006,-0.08027
stec8|SD8000,102500,4.24,0.00918,-0.09154
stec8|SD8000,102500,5.26,0.00685,-0.09293
stec8|SD8000,102500,6.28,-0.00336,-0.09414
stec8|SD8000,102500,7.3,-0.02500,-0.10421
stec8|SD8000,102500,8.31,-0.03776,-0.11504
stec8|SD8000,102500,9.32,-0.03363,-0.12440
stec8|SD8000,102500,10.34,-0.08204,-0.13365
stec8|SD8000,154500,-3.93,-0.18163,0.08630
stec8|SD8000,154500,-2.94,-0.12726,0.08348
stec8|SD8000,154500,-1.9,-0.13127,0.07249
stec8|SD8000,154500,-0.86,-0.12457,0.02960
stec8|SD8000,154500,0.16,-0.06097,-0.01548
stec8|SD8000,154500,1.18,-0.02517,-0.04249
stec8|SD8000,154500,2.21,0.01316,-0.06939
stec8|SD8000,154500,3.22,0.01684,-0.07354
stec8|SD8000,154500,4.25,0.02361,-0.07964
stec8|SD8000,154500,5.27,0.02203,-0.07975
stec8|SD8000,154500,6.28,0.01698,-0.08082
stec8|SD8000,154500,7.3,0.00281,-0.08623
stec8|SD8000,154500,8.32,0.00410,-0.09885
stec8|SD8000,154500,9.33,0.02459,-0.10391
stec8|SD8000,154500,10.34,-0.06225,-0.11499
stec8|SD8000,200000,-3.92,-0.14842,0.07814
stec8|SD8000,200000,-2.91,-0.10555,0.06923
stec8|SD8000,200000,-1.89,-0.09894,0.05390
stec8|SD8000,200000,-0.85,-0.07362,0.01501
stec8|SD8000,200000,0.17,-0.03772,-0.02100
stec8|SD8000,200000,1.18,-0.00276,-0.04547
stec8|SD8000,200000,2.21,0.02661,-0.07024
stec8|SD8000,200000,3.23,0.02809,-0.07095
stec8|SD8000,200000,4.26,0.03860,-0.07764
stec8|SD8000,200000,5.27,0.03255,-0.07763
stec8|SD8000,200000,6.28,0.02291,-0.07917
stec8|SD8000,200000,7.3,0.01617,-0.08151
stec8|SD8000,200000,8.32,0.01883,-0.09263
stec8|SD8000,200000,9.33,0.04677,-0.09925
stec8|SD8000,302300,-3.94,-0.10577,0.06435
stec8|SD8000,302300,-2.91,-0.06772,0.03273
stec8|SD8000,302300,-1.88,-0.03400,0.02134
stec8|SD8000,302300,-0.85,-0.02936,0.00190
stec8|SD8000,302300,0.15,-0.01200,-0.04589
stec8|SD8000,302300,1.18,0.02163,-0.05628
stec8|SD8000,302300,2.2,0.02707,-0.06718
stec8|SD8000,302300,3.23,0.04745,-0.07293
stec8|SD8000,302300,4.25,0.05567,-0.07822
stec8|SD8000,302300,5.26,0.03637,-0.07927
stec8|SD8000,302300,6.29,0.02533,-0.08046
stec8|SD8000,302300,7.3,0.03252,-0.08736
stec8|SD8000,302300,8.31,0.03569,-0.09083
stec8|SD8000,302300,9.34,0.05264,-0.09674
stec8|SD8020,59800,-6.03,-0.16029,0.11814
stec8|SD8020,59800,-5.05,-0.11100,0.11854
stec8|SD8020,59800,-4.01,-0.07814,0.11420
stec8|SD8020,59800,-2.98,-0.13155,0.10737
stec8|SD8020,59800,-1.96,-0.15185,0.09039
stec8|SD8020,59800,-0.94,-0.14127,0.08224
stec8|SD8020,59800,0.08,-0.08893,0.08742
stec8|SD8020,59800,1.09,-0.09290,0.07902
stec8|SD8020,59800,2.14,-0.05053,0.02428
stec8|SD8020,59800,3.14,-0.02215,-0.07366
stec8|SD8020,59800,4.17,-0.01134,-0.07924
stec8|SD8020,59800,5.18,-0.01075,-0.07896
stec8|SD8020,59800,6.2,-0.06315,-0.07857
stec8|SD8020,59800,7.21,-0.04092,-0.09334
stec8|SD8020,59800,8.22,-0.04241,-0.10221
stec8|SD8020,59800,9.23,0.01499,-0.09073
stec8|SD8020,59800,10.24,0.00413,0.00210
stec8|SD8020,59800,11.23,0.04815,-0.01179
stec8|SD8020,100500,-6.05,-0.08678,0.09947
stec8|SD8020,100500,-5.02,-0.08727,0.10792
stec8|SD8020,100500,-4.01,-0.06261,0.11357
stec8|SD8020,100500,-2.98,-0.09713,0.10571
stec8|SD8020,100500,-1.96,-0.09544,0.10174
stec8|SD8020,100500,-0.94,-0.11617,0.07577
stec8|SD8020,100500,0.09,-0.11332,0.07535
stec8|SD8020,100500,1.1,-0.03600,0.01764
stec8|SD8020,100500,2.13,0.00428,-0.06303
stec8|SD8020,100500,3.15,0.00625,-0.07342
stec8|SD8020,100500,4.18,0.01182,-0.07723
stec8|SD8020,100500,5.19,0.01350,-0.07336
stec8|SD8020,100500,6.22,0.00839,-0.07336
stec8|SD8020,100500,7.23,0.00479,-0.08391
stec8|SD8020,100500,8.24,0.05174,-0.08396
stec8|SD8020,100500,9.26,0.08153,-0.10470
stec8|SD8020,100500,10.26,0.05411,-0.02867
stec8|SD8020,100500,11.24,0.08623,0.04346
stec8|SD8020,151200,-6.06,-0.08205,0.08789
stec8|SD8020,151200,-5.02,-0.08319,0.11052
stec8|SD8020,151200,-4.01,-0.05873,0.11407
stec8|SD8020,151200,-2.99,-0.08956,0.10692
stec8|SD8020,151200,-1.96,-0.08657,0.10446
stec8|SD8020,151200,-0.94,-0.11281,0.10020
stec8|SD8020,151200,0.09,-0.10113,0.05265
stec8|SD8020,151200,1.11,-0.01130,-0.01078
stec8|SD8020,151200,2.12,0.00826,-0.06542
stec8|SD8020,151200,3.15,0.01130,-0.07075
stec8|SD8020,151200,4.16,0.01877,-0.07285
stec8|SD8020,151200,5.2,0.01907,-0.07010
stec8|SD8020,151200,6.22,0.00777,-0.06950
stec8|SD8020,151200,7.24,0.01754,-0.08005
stec8|SD8020,151200,8.25,0.02971,-0.08021
stec8|SD8020,151200,9.27,0.10652,-0.08711
stec8|SD8020,151200,10.27,0.11308,-0.11283
stec8|SD8020,151200,11.25,0.10554,0.03051
stec8|SD8020,201100,-6.07,-0.05451,0.08457
stec8|SD8020,201100,-5.02,-0.03809,0.10526
stec8|SD8020,201100,-4.0,-0.03587,0.11022
stec8|SD8020,201100,-2.99,-0.05823,0.10223
stec8|SD8020,201100,-1.98,-0.04724,0.10032
stec8|SD8020,201100,-0.93,-0.06638,0.08617
stec8|SD8020,201100,0.09,-0.04886,0.03617
stec8|SD8020,201100,1.12,0.01803,-0.04236
stec8|SD8020,201100,2.12,0.02588,-0.06894
stec8|SD8020,201100,3.16,0.02518,-0.07278
stec8|SD8020,201100,4.19,0.03563,-0.07559
stec8|SD8020,201100,5.2,0.03721,-0.07104
stec8|SD8020,201100,6.21,0.02778,-0.07000
stec8|SD8020,201100,7.23,0.03581,-0.08055
stec8|SD8020,201100,8.24,0.05498,-0.08114
stec8|SD8020,201100,9.27,0.14977,-0.08515
stec8|SD8020,201100,10.28,0.17414,-0.09997
stec8|SD8020,201100,11.25,0.22566,-0.07977
stec8|SD8020,306700,-6.03,-0.00786,0.09550
stec8|SD8020,306700,-4.51,-0.00297,0.10234
stec8|SD8020,306700,-2.99,-0.03793,0.09641
stec8|SD8020,306700,-1.42,-0.06952,0.07456
stec8|SD8020,306700,0.61,0.01486,-0.01866
stec8|SD8020,306700,0.61,0.01486,-0.01866
stec8|SD8020,306700,1.63,0.03649,-0.03398
stec8|SD8020,306700,3.16,0.03718,-0.06019
stec8|SD8020,306700,4.69,0.04765,-0.05584
stec8|SD8020,306700,6.21,0.04008,-0.05519
stec8|SD8020,306700,7.75,0.07072,-0.06574
stec8|SD8020,306700,9.28,0.12205,-0.06784
stec8|SD8020,306700,10.79,0.34355,-0.07862
stec8|SD8040,62100,-2.95,-0.16392,0.11217
stec8|SD8040,62100,-1.42,-0.12929,0.08744
stec8|SD8040,62100,0.13,-0.04460,0.05300
stec8|SD8040,62100,1.66,0.02116,-0.01658
stec8|SD8040,62100,3.21,0.03896,-0.07487
stec8|SD8040,62100,4.72,0.04854,-0.08600
stec8|SD8040,62100,6.26,0.04522,-0.09684
stec8|SD8040,62100,7.77,0.03022,-0.10374
stec8|SD8040,62100,9.29,-0.00143,-0.12922
stec8|SD8040,62100,10.81,0.07862,-0.12706
stec8|SD8040,102300,-2.93,-0.13284,0.08660
stec8|SD8040,102300,-1.4,-0.02402,0.02571
stec8|SD8040,102300,0.15,0.05359,-0.01982
stec8|SD8040,102300,1.67,0.08929,-0.06441
stec8|SD8040,102300,3.19,0.10927,-0.07827
stec8|SD8040,102300,4.73,0.10340,-0.08744
stec8|SD8040,102300,6.27,0.10073,-0.09200
stec8|SD8040,102300,7.78,0.09212,-0.09780
stec8|SD8040,102300,9.3,0.09268,-0.11727
stec8|SD8040,102300,10.82,0.15576,-0.14287
stec8|SD8040,102300,11.81,0.05913,-0.11858
stec8|SD8040,150300,-2.93,-0.09665,0.04563
stec8|SD8040,150300,-1.4,0.00164,0.02060
stec8|SD8040,150300,0.13,0.07299,-0.04019
stec8|SD8040,150300,1.66,0.10140,-0.06563
stec8|SD8040,150300,3.21,0.10408,-0.07511
stec8|SD8040,150300,4.73,0.10599,-0.08268
stec8|SD8040,150300,6.25,0.10493,-0.08538
stec8|SD8040,150300,7.79,0.09835,-0.09318
stec8|SD8040,150300,9.3,0.09328,-0.10728
stec8|SD8040,150300,10.81,0.16068,-0.11888
stec8|SD8040,150300,11.81,0.08429,-0.09995
stec8|SD8040,204900,-2.96,-0.04767,0.03869
stec8|SD8040,204900,-1.39,0.07521,0.01072
stec8|SD8040,204900,0.14,0.09897,-0.04341
stec8|SD8040,204900,1.67,0.12405,-0.04907
stec8|SD8040,204900,3.19,0.12433,-0.05695
stec8|SD8040,204900,4.73,0.12197,-0.06661
stec8|SD8040,204900,6.26,0.11876,-0.06303
stec8|SD8040,204900,7.79,0.11793,-0.07391
stec8|SD8040,204900,9.28,0.11820,-0.08460
stec8|SD8040,204900,10.81,0.20256,-0.09190
stec8|SD8040,204900,11.82,0.12094,-0.06333
stec8|SD8040,301800,-2.96,-0.01663,0.00774
stec8|SD8040,301800,-1.44,0.09618,-0.03163
stec8|SD8040,301800,0.12,0.10932,-0.06217
stec8|SD8040,301800,1.63,0.12908,-0.06728
stec8|SD8040,301800,3.19,0.12394,-0.07166
stec8|SD8040,301800,4.74,0.12884,-0.08170
stec8|SD8040,301800,6.26,0.12718,-0.07722
stec8|SD8040,301800,7.78,0.11629,-0.08936
stec8|SD8040,301800,9.29,0.12834,-0.09977
stec8|SD8040,301800,10.81,0.21668,-0.10568
stec8|SD8040,301800,11.8,0.15191,-0.07892
stec8|SPICA,59900,-1.87,-0.02946,-0.08867
stec8|SPICA,59900,-0.85,-0.00526,-0.10475
stec8|SPICA,59900,0.16,0.00042,-0.11139
stec8|SPICA,59900,1.18,0.06793,-0.13093
stec8|SPICA,59900,2.2,0.04569,-0.15219
stec8|SPICA,59900,3.21,0.04232,-0.16819
stec8|SPICA,59900,4.22,0.05064,-0.20263
stec8|SPICA,59900,5.23,0.06045,-0.21988
stec8|SPICA,59900,6.24,0.07233,-0.22988
stec8|SPICA,99600,-1.88,0.05288,-0.10223
stec8|SPICA,99600,-0.87,0.03983,-0.11128
stec8|SPICA,99600,0.16,0.06758,-0.11978
stec8|SPICA,99600,1.18,0.06929,-0.15087
stec8|SPICA,99600,2.2,0.07263,-0.15010
stec8|SPICA,99600,3.22,0.07850,-0.16208
stec8|SPICA,99600,4.23,0.08073,-0.16644
stec8|SPICA,99600,5.26,0.07643,-0.17077
stec8|SPICA,99600,6.27,0.07185,-0.17983
stec8|SPICA,99600,7.3,0.07095,-0.18524
stec8|SPICA,99600,8.32,0.07622,-0.20367
stec8|SPICA,99600,9.34,0.08878,-0.20667
stec8|SPICA,99600,10.35,0.10889,-0.20418
stec8|SPICA,99600,11.38,0.18625,-0.19476
stec8|SPICA,202300,-3.96,-0.03794,-0.09693
stec8|SPICA,202300,-2.91,0.02250,-0.12092
stec8|SPICA,202300,-1.89,0.03951,-0.13257
stec8|SPICA,202300,-0.88,0.05971,-0.13563
stec8|SPICA,202300,0.15,0.06652,-0.13723
stec8|SPICA,202300,1.17,0.06663,-0.16790
stec8|SPICA,202300,2.19,0.07479,-0.17807
stec8|SPICA,202300,3.22,0.07452,-0.17942
stec8|SPICA,202300,4.23,0.06873,-0.18199
stec8|SPICA,202300,5.26,0.07461,-0.18474
stec8|SPICA,202300,6.27,0.07760,-0.19277
stec8|SPICA,202300,7.3,0.06399,-0.19652
stec8|SPICA,202300,8.32,0.07430,-0.21330
stec8|SPICA,202300,9.34,0.07848,-0.21210
stec8|SPICA,202300,10.35,0.09153,-0.20701
stec8|SPICA,202300,11.37,0.18596,-0.20032
stec8|SPICA,301500,-2.98,0.07896,-0.11650
stec8|SPICA,301500,-1.9,0.08564,-0.13008
stec8|SPICA,301500,-0.9,0.08739,-0.13426
stec8|SPICA,301500,0.15,0.11568,-0.13711
stec8|SPICA,301500,1.16,0.10804,-0.16270
stec8|SPICA,301500,2.18,0.11848,-0.17393
stec8|SPICA,301500,3.22,0.11283,-0.17476
stec8|SPICA,301500,4.23,0.10270,-0.17758
stec8|SPICA,301500,5.26,0.10350,-0.18078
stec8|WB135/35,61300,-5.97,-0.04875,0.16026
stec8|WB135/35,61300,-4.96,-0.12656,0.15292
stec8|WB135/35,61300,-3.95,-0.11759,0.14754
stec8|WB135/35,61300,-2.91,-0.10335,0.13648
stec8|WB135/35,61300,-1.88,-0.07122,0.10884
stec8|WB135/35,61300,-0.85,-0.07058,0.09076
stec8|WB135/35,61300,0.16,-0.06421,0.04182
stec8|WB135/35,61300,1.19,-0.04240,-0.01406
stec8|WB135/35,61300,2.2,-0.03915,-0.03996
stec8|WB135/35,61300,3.22,-0.02064,-0.06617
stec8|WB135/35,61300,4.24,-0.02314,-0.09611
stec8|WB135/35,61300,5.27,-0.02775,-0.10666
stec8|WB135/35,61300,6.28,-0.04262,-0.11486
stec8|WB135/35,61300,7.27,-0.03217,-0.13769
stec8|WB135/35,61300,8.25,-0.03322,-0.15106
stec8|WB135/35,61300,9.27,-0.10489,-0.14967
stec8|WB135/35,100500,-5.96,-0.00161,0.09378
stec8|WB135/35,100500,-4.95,-0.03078,0.05752
stec8|WB135/35,100500,-3.91,-0.00089,0.05421
stec8|WB135/35,100500,-2.89,0.00448,0.02969
stec8|WB135/35,100500,-1.87,0.02164,0.02033
stec8|WB135/35,100500,-0.84,0.02097,-0.01495
stec8|WB135/35,100500,0.17,0.02539,-0.04150
stec8|WB135/35,100500,1.21,0.03144,-0.07803
stec8|WB135/35,100500,2.23,0.04696,-0.09133
stec8|WB135/35,100500,3.24,0.06981,-0.09949
stec8|WB135/35,100500,4.27,0.07049,-0.10667
stec8|WB135/35,100500,5.29,0.06698,-0.11132
stec8|WB135/35,100500,6.3,0.08264,-0.12859
stec8|WB135/35,100500,7.33,0.07618,-0.12941
stec8|WB135/35,100500,8.34,0.05386,-0.12115
stec8|WB135/35,100500,9.36,0.05618,-0.12736
stec8|WB135/35,100500,10.39,0.01185,-0.13017
stec8|WB135/35,100500,11.37,0.04091,-0.11798
stec8|WB135/35,155700,-5.95,-0.00476,0.03489
stec8|WB135/35,155700,-4.92,-0.02051,0.02562
stec8|WB135/35,155700,-3.89,0.00367,0.00393
stec8|WB135/35,155700,-2.89,0.01340,-0.00560
stec8|WB135/35,155700,-1.86,0.02227,-0.04053
stec8|WB135/35,155700,-0.85,0.02687,-0.04996
stec8|WB135/35,155700,0.19,0.02884,-0.07170
stec8|WB135/35,155700,1.21,0.04301,-0.07803
stec8|WB135/35,155700,2.22,0.06568,-0.08980
stec8|WB135/35,155700,3.24,0.07976,-0.09894
stec8|WB135/35,155700,4.27,0.07126,-0.10505
stec8|WB135/35,155700,5.29,0.07088,-0.10682
stec8|WB135/35,155700,6.31,0.07532,-0.11376
stec8|WB135/35,155700,7.33,0.07636,-0.11264
stec8|WB135/35,155700,8.35,0.05990,-0.10901
stec8|WB135/35,155700,9.34,0.05272,-0.10875
stec8|WB135/35,155700,10.36,0.02802,-0.10800
stec8|WB135/35,204000,-9.07,-0.08256,0.14378
stec8|WB135/35,204000,-8.06,-0.10905,0.10467
stec8|WB135/35,204000,-6.99,-0.05987,0.07216
stec8|WB135/35,204000,-6.0,0.03913,0.02884
stec8|WB135/35,204000,-4.97,0.01247,-0.00083
stec8|WB135/35,204000,-3.95,0.01120,-0.00838
stec8|WB135/35,204000,-2.93,0.01579,-0.02839
stec8|WB135/35,204000,-1.89,0.02580,-0.04730
stec8|WB135/35,204000,-0.85,0.03710,-0.06554
stec8|WB135/35,204000,0.17,0.03673,-0.07475
stec8|WB135/35,204000,1.2,0.04051,-0.07839
stec8|WB135/35,204000,2.23,0.06673,-0.08929
stec8|WB135/35,204000,3.24,0.06936,-0.09745
stec8|WB135/35,204000,4.26,0.07193,-0.10092
stec8|WB135/35,204000,5.28,0.06904,-0.10268
stec8|WB135/35,204000,6.3,0.07914,-0.10553
stec8|WB135/35,204000,7.32,0.08270,-0.10624
stec8|WB135/35,204000,8.34,0.06079,-0.10135
stec8|WB135/35,204000,9.35,0.05550,-0.10354
stec8|WB135/35,204000,10.36,0.03544,-0.09500
stec8|WB135/35,204000,11.35,0.06414,-0.09482
stec8|WB135/35,302700,-4.94,0.03299,-0.01627
stec8|WB135/35,302700,-3.91,0.03609,-0.02554
stec8|WB135/35,302700,-2.88,0.05002,-0.04115
stec8|WB135/35,302700,-1.87,0.04940,-0.05823
stec8|WB135/35,302700,-0.85,0.05856,-0.06128
stec8|WB135/35,302700,0.18,0.06693,-0.07195
stec8|WB135/35,302700,1.18,0.07273,-0.07473
stec8|WB135/35,302700,2.19,0.09027,-0.08420
stec8|WB135/35,302700,3.22,0.10007,-0.09152
vol1|A18,40000,-1.16,-0.08148,0.06429
vol1|A18,40000,0.93,-0.06936,0.03382
vol1|A18,40000,2.82,-0.07075,0.03534
vol1|A18,40000,5.05,-0.06094,-0.07256
vol1|A18,40000,7.04,-0.01485,-0.13242
vol1|A18,40000,9.08,-0.35512,-0.10184
vol1|A18,40000,11.1,-0.22101,-0.00292
vol1|A18,60700,-2.07,-0.12777,0.03668
vol1|A18,60700,-0.17,-0.06871,0.00323
vol1|A18,60700,1.14,-0.07735,0.01433
vol1|A18,60700,2.44,-0.00560,-0.04948
vol1|A18,60700,4.17,0.00098,-0.08747
vol1|A18,60700,6.02,-0.01375,-0.15229
vol1|A18,60700,7.62,-0.20718,-0.15025
vol1|A18,60700,9.15,-0.31819,-0.15968
vol1|A18,60700,10.41,-0.37611,-0.06098
vol1|A18,100700,-1.53,-0.02911,0.01013
vol1|A18,100700,-0.37,0.01104,-0.03627
vol1|A18,100700,1.1,0.04927,-0.08373
vol1|A18,100700,2.82,0.07243,-0.10537
vol1|A18,100700,4.38,0.06867,-0.13323
vol1|A18,100700,5.94,0.06108,-0.15520
vol1|A18,100700,7.6,-0.06947,-0.14845
vol1|A18,100700,9.01,-0.14543,-0.16892
vol1|A18,100700,10.18,-0.15523,-0.14145
vol1|A18,201800,-1.55,0.04200,-0.07400
vol1|A18,201800,0.17,0.08245,-0.10046
vol1|A18,201800,1.53,0.09220,-0.09077
vol1|A18,201800,2.93,0.10586,-0.12846
vol1|A18,201800,4.38,0.08968,-0.13466
vol1|A18,201800,5.59,0.08754,-0.14106
vol1|A18,201800,7.5,-0.00570,-0.13738
vol1|A18,201800,8.93,-0.06436,-0.14523
vol1|A18,201800,10.22,-0.09350,-0.15438
vol1|A18,204500,-5.29,-0.04664,0.02124
vol1|A18,204500,-3.39,-0.02169,0.01330
vol1|A18,300400,-2.37,0.11292,-0.08500
vol1|A18,300400,-0.45,0.13991,-0.10195
vol1|A18,300400,0.94,0.14694,-0.09352
vol1|A18,300400,2.39,0.15679,-0.12353
vol1|A18,300400,4.28,0.17953,-0.12930
vol1|A18,300400,5.81,0.09310,-0.13553
vol1|A18,300400,7.94,0.03383,-0.13395
vol1|A18,300400,9.31,-0.05762,-0.14459
vol1|A18,300400,10.27,-0.09295,-0.14487
vol1|A18,305600,-5.35,0.02549,-0.00954
vol1|A18,305600,-3.58,0.03246,-0.02751
vol1|BE50,60300,-1.74,-0.01344,0.02623
vol1|BE50,60300,-0.12,0.03358,0.02121
vol1|BE50,60300,1.36,0.02508,-0.03081
vol1|BE50,60300,2.99,0.01137,-0.11653
vol1|BE50,60300,4.52,0.02254,-0.13597
vol1|BE50,60300,5.79,0.02105,-0.14229
vol1|BE50,60300,7.47,-0.06122,-0.15890
vol1|BE50,60300,9.05,-0.23250,-0.16975
vol1|BE50,60300,10.53,-0.38267,-0.17208
vol1|BE50,101000,-3.48,-0.16359,0.03211
vol1|BE50,101000,-1.75,0.04157,-0.03209
vol1|BE50,101000,-0.28,0.06004,-0.08509
vol1|BE50,101000,1.42,0.03754,-0.11944
vol1|BE50,101000,3.46,0.06661,-0.14924
vol1|BE50,101000,4.3,0.06145,-0.15106
vol1|BE50,101000,5.99,0.05845,-0.15729
vol1|BE50,101000,7.32,0.01958,-0.16603
vol1|BE50,101000,9.23,-0.11190,-0.17407
vol1|BE50,101000,10.39,-0.12659,-0.18766
vol1|BE50,201700,-5.41,0.03623,-0.00244
vol1|BE50,201700,-3.12,0.08504,-0.04395
vol1|BE50,201700,-1.73,0.09382,-0.06162
vol1|BE50,201700,-0.44,0.16606,-0.09504
vol1|BE50,201700,1.28,0.11980,-0.12087
vol1|BE50,201700,2.81,0.12698,-0.13755
vol1|BE50,201700,4.38,0.08596,-0.14702
vol1|BE50,201700,5.72,0.08596,-0.14770
vol1|BE50,201700,7.57,0.02064,-0.15429
vol1|BE50,201700,8.84,-0.08804,-0.16451
vol1|BE50,201700,10.39,-0.17652,-0.18034
vol1|BE50,302700,-5.1,-0.07102,-0.03875
vol1|BE50,302700,-3.45,0.16683,-0.06761
vol1|BE50,302700,-2.18,0.19898,-0.10274
vol1|BE50,302700,-0.34,0.21421,-0.12111
vol1|BE50,302700,1.24,0.15252,-0.13290
vol1|BE50,302700,2.9,0.16014,-0.15090
vol1|BE50,302700,4.34,0.12561,-0.16208
vol1|BE50,302700,6.22,0.11385,-0.17113
vol1|BE50,302700,7.75,-0.01862,-0.17962
vol1|BE50,302700,9.19,-0.14040,-0.17969
vol1|BE50,302700,10.5,-0.13986,-0.17941
vol1|E374 (B),61200,-6.39,-0.50688,0.11271
vol1|E374 (B),61200,-5.3,-0.27797,0.12812
vol1|E374 (B),61200,-4.27,-0.30627,0.14019
vol1|E374 (B),61200,-3.27,-0.26872,0.13660
vol1|E374 (B),61200,-2.31,-0.16734,0.08510
vol1|E374 (B),61200,-1.2,-0.16009,0.06570
vol1|E374 (B),61200,-0.18,-0.11942,0.04121
vol1|E374 (B),61200,0.9,-0.05815,0.01623
vol1|E374 (B),61200,1.86,-0.04785,0.00248
vol1|E374 (B),61200,2.98,-0.04032,-0.01194
vol1|E374 (B),61200,3.92,0.02272,-0.03880
vol1|E374 (B),61200,4.95,0.04796,-0.06362
vol1|E374 (B),61200,6.02,-0.02508,-0.06990
vol1|E374 (B),61200,7.01,-0.03067,-0.08233
vol1|E374 (B),61200,8.0,-0.04781,-0.07056
vol1|E374 (B),61200,9.0,-0.13205,-0.08372
vol1|E374 (B),61200,10.01,-0.11421,-0.08720
vol1|E374 (B),101600,-4.22,-0.23077,0.08120
vol1|E374 (B),101600,-3.31,-0.13811,0.05109
vol1|E374 (B),101600,-2.23,-0.05502,-0.00091
vol1|E374 (B),101600,-1.1,-0.01242,-0.03624
vol1|E374 (B),101600,-0.24,-0.00118,-0.04470
vol1|E374 (B),101600,0.82,0.00432,-0.05757
vol1|E374 (B),101600,1.84,0.01141,-0.07044
vol1|E374 (B),101600,2.84,0.01457,-0.07345
vol1|E374 (B),101600,4.01,0.02254,-0.07978
vol1|E374 (B),101600,5.03,0.02456,-0.07865
vol1|E374 (B),101600,5.96,0.03745,-0.08173
vol1|E374 (B),101600,7.02,0.03822,-0.08522
vol1|E374 (B),101600,8.02,0.00028,-0.07558
vol1|E374 (B),101600,8.96,-0.01326,-0.07714
vol1|E374 (B),101600,10.02,-0.00907,-0.08846
vol1|E374 (B),102800,-6.37,-0.44198,0.09310
vol1|E374 (B),102800,-5.38,-0.25900,0.10674
vol1|E374 (B),102800,-4.35,-0.23077,0.08214
vol1|E374 (B),152400,-6.44,-0.36234,0.08591
vol1|E374 (B),152400,-5.26,-0.19802,0.07217
vol1|E374 (B),152400,-4.26,-0.15608,0.04077
vol1|E374 (B),152400,-3.11,-0.05721,0.02985
vol1|E374 (B),152400,-2.22,-0.04494,-0.00975
vol1|E374 (B),152400,-1.08,-0.00824,-0.04375
vol1|E374 (B),152400,-0.2,-0.00249,-0.06427
vol1|E374 (B),152400,0.85,0.01270,-0.06889
vol1|E374 (B),152400,1.82,0.03279,-0.07126
vol1|E374 (B),152400,2.93,0.04137,-0.07346
vol1|E374 (B),152400,3.96,0.04594,-0.07791
vol1|E374 (B),152400,4.9,0.04594,-0.07629
vol1|E374 (B),152400,5.91,0.04937,-0.07524
vol1|E374 (B),152400,7.03,0.03642,-0.07216
vol1|E374 (B),152400,8.05,0.02947,-0.06836
vol1|E374 (B),152400,9.03,0.02183,-0.07013
vol1|E374 (B),152400,10.01,0.03938,-0.07351
vol1|E374 (B),203000,-6.37,-0.37050,0.06835
vol1|E374 (B),203000,-5.32,-0.12885,0.05304
vol1|E374 (B),203000,-4.28,-0.10663,0.02417
vol1|E374 (B),203000,-3.29,-0.03370,0.00130
vol1|E374 (B),203000,-2.28,-0.00250,0.00079
vol1|E374 (B),203000,-1.2,-0.00354,-0.03331
vol1|E374 (B),203000,-0.16,0.00539,-0.06955
vol1|E374 (B),203000,0.84,0.01243,-0.06971
vol1|E374 (B),203000,1.8,0.03625,-0.07419
vol1|E374 (B),203000,2.84,0.05041,-0.07518
vol1|E374 (B),203000,3.87,0.05997,-0.07422
vol1|E374 (B),203000,5.0,0.06218,-0.07011
vol1|E374 (B),203000,5.93,0.06508,-0.06951
vol1|E374 (B),203000,6.92,0.04608,-0.06508
vol1|E374 (B),203000,7.95,0.05039,-0.06492
vol1|E374 (B),203000,8.97,0.04795,-0.06355
vol1|E374 (B),203000,9.98,0.06278,-0.06545
vol1|E374 (B),303300,-6.36,-0.18881,0.06051
vol1|E374 (B),303300,-5.28,-0.02249,0.02154
vol1|E374 (B),303300,-4.13,-0.06942,-0.00624
vol1|E374 (B),303300,-3.06,0.00813,-0.00825
vol1|E374 (B),303300,-2.1,0.02764,-0.00194
vol1|E374 (B),303300,-1.03,0.02071,-0.02223
vol1|E374 (B),303300,-0.01,0.01270,-0.04795
vol1|E374 (B),303300,1.04,0.01675,-0.05908
vol1|E374 (B),303300,2.08,0.03235,-0.06215
vol1|E374 (B),303300,3.08,0.05740,-0.06314
vol1|E374 (B),303300,4.08,0.07592,-0.06442
vol1|E374 (B),303300,5.15,0.08884,-0.06413
vol1|E374 (B),303300,6.08,0.09137,-0.05953
vol1|E374 (B),303300,6.95,0.04536,-0.05833
vol1|E374 (B),303300,8.03,0.06704,-0.05859
vol1|E374 (B),303300,9.11,0.06744,-0.05513
vol1|E374 (B),303300,10.13,0.09883,-0.05805
vol1|E387 (A),61000,-5.36,-0.24092,0.12663
vol1|E387 (A),61000,-3.71,-0.32037,0.13793
vol1|E387 (A),61000,-2.12,-0.17890,0.09832
vol1|E387 (A),61000,-0.68,-0.02306,0.03454
vol1|E387 (A),61000,0.93,-0.02033,0.02007
vol1|E387 (A),61000,2.59,-0.00355,-0.00984
vol1|E387 (A),61000,4.18,0.06229,-0.06039
vol1|E387 (A),61000,5.42,0.04838,-0.08615
vol1|E387 (A),61000,6.99,-0.01659,-0.10853
vol1|E387 (A),61000,8.82,-0.10480,-0.08807
vol1|E387 (A),61000,10.15,-0.18131,-0.09311
vol1|E387 (A),101000,-5.38,-0.24352,0.09314
vol1|E387 (A),101000,-3.62,-0.10202,0.03898
vol1|E387 (A),101000,-2.04,-0.00577,0.00506
vol1|E387 (A),101000,-0.49,0.03278,-0.03132
vol1|E387 (A),101000,0.81,0.04607,-0.04455
vol1|E387 (A),101000,2.46,0.06506,-0.05494
vol1|E387 (A),101000,3.86,0.07219,-0.06275
vol1|E387 (A),101000,5.61,0.07317,-0.07774
vol1|E387 (A),101000,6.93,0.06882,-0.09094
vol1|E387 (A),101000,8.7,-0.03101,-0.08273
vol1|E387 (A),101000,10.13,-0.03240,-0.08898
vol1|E387 (A),151600,-5.31,-0.19897,0.05457
vol1|E387 (A),151600,-3.46,-0.03798,0.01490
vol1|E387 (A),151600,-2.11,0.00514,-0.00820
vol1|E387 (A),151600,-0.5,0.03592,-0.04893
vol1|E387 (A),151600,0.83,0.06641,-0.04843
vol1|E387 (A),151600,2.54,0.07830,-0.05673
vol1|E387 (A),151600,4.07,0.08432,-0.06435
vol1|E387 (A),151600,5.65,0.08498,-0.07608
vol1|E387 (A),151600,7.06,0.07364,-0.07729
vol1|E387 (A),151600,8.65,-0.02380,-0.07693
vol1|E387 (A),151600,10.04,-0.07298,-0.08573
vol1|E387 (A),202300,-4.65,-0.15780,0.01819
vol1|E387 (A),202300,-3.35,-0.01987,-0.00597
vol1|E387 (A),202300,-1.97,0.01277,-0.02600
vol1|E387 (A),202300,-0.37,0.04704,-0.05144
vol1|E387 (A),202300,1.27,0.08244,-0.05740
vol1|E387 (A),202300,2.67,0.09192,-0.05188
vol1|E387 (A),202300,4.24,0.09595,-0.06564
vol1|E387 (A),202300,5.61,0.09695,-0.06690
vol1|E387 (A),202300,7.25,0.04392,-0.07068
vol1|E387 (A),202300,8.79,-0.09495,-0.07187
vol1|E387 (A),202300,10.18,-0.06227,-0.08359
vol1|E387 (A),303000,-5.46,-0.06352,0.03559
vol1|E387 (A),303000,-3.93,-0.01969,-0.00397
vol1|E387 (A),303000,-2.24,0.02811,-0.01901
vol1|E387 (A),303000,-0.24,0.06363,-0.03947
vol1|E387 (A),303000,1.05,0.07567,-0.04372
vol1|E387 (A),303000,2.53,0.11571,-0.04815
vol1|E387 (A),303000,4.08,0.10903,-0.05617
vol1|E387 (A),303000,5.94,0.12067,-0.06133
vol1|E387 (A),303000,6.95,0.04604,-0.06052
vol1|E387 (A),303000,8.46,-0.07987,-0.06253
vol1|E387 (A),303000,9.93,-0.04095,-0.06894
vol1|FX 63-137 (B),100800,-5.05,-0.14145,-0.04868
vol1|FX 63-137 (B),100800,-3.74,-0.10683,-0.10254
vol1|FX 63-137 (B),100800,-2.86,-0.07540,-0.11921
vol1|FX 63-137 (B),100800,-1.91,-0.07966,-0.13894
vol1|FX 63-137 (B),100800,-0.57,-0.06205,-0.16720
vol1|FX 63-137 (B),100800,0.37,-0.07176,-0.16344
vol1|FX 63-137 (B),100800,1.29,-0.06101,-0.17214
vol1|FX 63-137 (B),100800,2.27,-0.07607,-0.18387
vol1|FX 63-137 (B),100800,3.48,-0.04684,-0.19991
vol1|FX 63-137 (B),100800,4.41,-0.07624,-0.21147
vol1|FX 63-137 (B),100800,5.65,-0.07110,-0.22539
vol1|FX 63-137 (B),100800,6.53,-0.03415,-0.23058
vol1|FX 63-137 (B),100800,7.53,-0.05074,-0.23327
vol1|FX 63-137 (B),100800,8.34,-0.06042,-0.23777
vol1|FX 63-137 (B),100800,9.72,-0.06743,-0.22303
vol1|FX 63-137 (B),100800,10.57,-0.14188,-0.21665
vol1|FX 63-137 (B),100800,11.44,-0.17869,-0.19341
vol1|FX 63-137 (B),201100,-5.79,-0.01661,-0.09917
vol1|FX 63-137 (B),201100,-4.73,-0.05621,-0.15334
vol1|FX 63-137 (B),201100,-3.65,-0.05252,-0.16551
vol1|FX 63-137 (B),201100,-2.54,-0.02921,-0.19453
vol1|FX 63-137 (B),201100,-1.61,0.00669,-0.19800
vol1|FX 63-137 (B),201100,-0.42,-0.00658,-0.21197
vol1|FX 63-137 (B),201100,0.87,-0.00627,-0.21565
vol1|FX 63-137 (B),201100,1.42,0.00106,-0.22396
vol1|FX 63-137 (B),201100,2.63,-0.01746,-0.22860
vol1|FX 63-137 (B),201100,3.99,-0.02526,-0.23973
vol1|FX 63-137 (B),201100,4.67,-0.02279,-0.24219
vol1|FX 63-137 (B),201100,5.89,-0.01514,-0.25310
vol1|FX 63-137 (B),201100,6.78,-0.03751,-0.25531
vol1|FX 63-137 (B),201100,8.29,-0.04943,-0.22407
vol1|FX 63-137 (B),201100,9.14,-0.06184,-0.22192
vol1|FX 63-137 (B),201100,10.51,-0.11245,-0.19954
vol1|FX 63-137 (B),201100,10.7,-0.11718,-0.19954
vol1|FX 63-137 (B),201100,11.97,-0.17258,-0.18036
vol1|FX 63-137 (B),251600,-6.29,-0.01759,-0.08865
vol1|FX 63-137 (B),251600,-4.91,-0.03243,-0.13961
vol1|FX 63-137 (B),251600,-3.87,-0.02314,-0.15621
vol1|FX 63-137 (B),251600,-2.74,-0.01076,-0.16369
vol1|FX 63-137 (B),251600,-1.81,0.03065,-0.17816
vol1|FX 63-137 (B),251600,-0.74,0.03671,-0.18726
vol1|FX 63-137 (B),251600,0.24,0.01595,-0.18931
vol1|FX 63-137 (B),251600,1.25,0.02210,-0.19360
vol1|FX 63-137 (B),251600,2.34,0.01702,-0.20294
vol1|FX 63-137 (B),251600,3.37,0.03786,-0.20789
vol1|FX 63-137 (B),251600,4.34,0.00834,-0.21653
vol1|FX 63-137 (B),251600,5.36,0.01613,-0.21538
vol1|FX 63-137 (B),251600,6.49,-0.01528,-0.22895
vol1|FX 63-137 (B),251600,7.5,-0.02230,-0.22897
vol1|FX 63-137 (B),251600,8.33,-0.03761,-0.19875
vol1|FX 63-137 (B),251600,9.5,-0.06076,-0.18409
vol1|FX 63-137 (B),251600,10.51,-0.10122,-0.17388
vol1|FX 63-137 (B),251600,11.6,-0.15626,-0.15158
vol1|FX 63-137 (B),302300,-5.82,0.00352,-0.16051
vol1|FX 63-137 (B),302300,-4.86,-0.01959,-0.17859
vol1|FX 63-137 (B),302300,-3.85,-0.00678,-0.19315
vol1|FX 63-137 (B),302300,-2.79,0.03634,-0.19938
vol1|FX 63-137 (B),302300,-1.74,0.06942,-0.21334
vol1|FX 63-137 (B),302300,-0.71,0.04900,-0.22330
vol1|FX 63-137 (B),302300,0.33,0.03717,-0.22603
vol1|FX 63-137 (B),302300,1.34,0.03491,-0.22950
vol1|FX 63-137 (B),302300,2.35,0.01646,-0.24045
vol1|FX 63-137 (B),302300,3.36,0.03533,-0.24540
vol1|FX 63-137 (B),302300,4.45,0.00497,-0.25404
vol1|FX 63-137 (B),302300,5.46,0.02222,-0.25726
vol1|FX 63-137 (B),302300,6.42,-0.01449,-0.25789
vol1|FX 63-137 (B),302300,7.49,-0.02943,-0.26480
vol1|FX 63-137 (B),302300,8.52,-0.04530,-0.23114
vol1|FX 63-137 (B),302300,9.57,-0.05908,-0.21745
vol1|FX 63-137 (B),302300,10.55,-0.09310,-0.20871
vol1|FX 63-137 (B),302300,11.53,-0.12956,-0.18776
vol1|GEMINI,101600,-7.01,-0.30803,0.15262
vol1|GEMINI,101600,-3.28,-0.03099,0.05427
vol1|GEMINI,101600,-2.71,-0.03405,0.04137
vol1|GEMINI,101600,-1.08,0.02935,-0.01301
vol1|GEMINI,101600,0.56,0.06573,-0.07938
vol1|GEMINI,101600,2.08,0.08842,-0.07996
vol1|GEMINI,101600,3.64,0.08529,-0.08907
vol1|GEMINI,101600,5.13,0.07545,-0.10035
vol1|GEMINI,101600,6.44,0.05480,-0.09777
vol1|GEMINI,101600,8.3,0.04209,-0.09669
vol1|GEMINI,101600,9.63,0.04695,-0.08949
vol1|GEMINI,101600,11.05,0.10399,-0.06048
vol1|GEMINI,202800,-7.05,-0.20522,0.08440
vol1|GEMINI,202800,-5.6,-0.02113,0.06365
vol1|GEMINI,202800,-3.85,-0.02348,0.02075
vol1|GEMINI,202800,-2.47,0.00084,-0.00077
vol1|GEMINI,202800,-1.14,0.04113,-0.01103
vol1|GEMINI,202800,0.38,0.04929,-0.02416
vol1|GEMINI,202800,2.11,0.07701,-0.07466
vol1|GEMINI,202800,3.56,0.08140,-0.08561
vol1|GEMINI,202800,5.15,0.06774,-0.09445
vol1|GEMINI,202800,7.04,0.06035,-0.08826
vol1|GEMINI,202800,8.21,0.05297,-0.07633
vol1|GEMINI,202800,9.78,0.06952,-0.05596
vol1|GEMINI,202800,11.13,0.13546,-0.04407
vol1|GEMINI,304100,-5.77,-0.01217,0.05194
vol1|GEMINI,304100,-4.53,0.01266,0.01761
vol1|GEMINI,304100,-2.47,0.02999,0.00616
vol1|GEMINI,304100,-1.29,0.05446,0.00386
vol1|GEMINI,304100,0.76,0.06776,-0.01974
vol1|GEMINI,304100,2.08,0.06827,-0.03806
vol1|GEMINI,304100,3.59,0.09482,-0.06024
vol1|GEMINI,304100,5.24,0.07648,-0.07319
vol1|GEMINI,304100,6.87,0.07279,-0.06933
vol1|GEMINI,304100,8.27,0.06426,-0.05483
vol1|GEMINI,304100,9.59,0.07565,-0.03534
vol1|GEMINI,304100,11.25,0.16018,-0.02665
vol1|GM15,38600,10.98,-0.65301,-0.02640
vol1|GM15,40600,-3.62,-0.31325,0.01874
vol1|GM15,40600,-1.52,-0.17631,-0.04330
vol1|GM15,40600,0.66,-0.18760,-0.05820
vol1|GM15,40600,2.61,-0.24281,-0.10395
vol1|GM15,40600,4.61,-0.25155,-0.13649
vol1|GM15,40600,6.83,-0.35998,-0.16296
vol1|GM15,40600,8.75,-0.57519,-0.13871
vol1|GM15,40600,9.94,-0.69178,-0.02632
vol1|GM15,60700,-3.59,-0.34608,-0.01111
vol1|GM15,60700,-1.91,-0.14727,-0.05818
vol1|GM15,60700,-0.37,-0.16896,-0.07686
vol1|GM15,60700,1.07,-0.16987,-0.13465
vol1|GM15,60700,2.72,-0.17078,-0.13944
vol1|GM15,60700,4.28,-0.17084,-0.18253
vol1|GM15,60700,5.74,-0.20024,-0.20184
vol1|GM15,60700,7.34,-0.37893,-0.17650
vol1|GM15,60700,8.95,-0.54276,-0.17721
vol1|GM15,60700,10.38,-0.65577,-0.07713
vol1|GM15,60700,11.96,-0.60309,-0.01643
vol1|GM15,60700,-1.91,-0.14727,-0.05818
vol1|GM15,60700,-0.29,-0.16856,-0.07785
vol1|GM15,60700,1.2,-0.18167,-0.13610
vol1|GM15,60700,2.5,-0.16797,-0.14770
vol1|GM15,60700,4.18,-0.17084,-0.17971
vol1|GM15,60700,5.6,-0.17273,-0.19799
vol1|GM15,60700,7.26,-0.37334,-0.17650
vol1|GM15,60700,8.75,-0.51673,-0.17660
vol1|GM15,60700,10.36,-0.65395,-0.07713
vol1|GM15,60700,11.81,-0.60309,-0.02202
vol1|GM15,100600,0.0,-0.09584,-0.15951
vol1|GM15,100600,1.63,-0.10665,-0.18013
vol1|GM15,100600,3.13,-0.10596,-0.18382
vol1|GM15,100600,4.55,-0.10909,-0.19793
vol1|GM15,100600,6.15,-0.15088,-0.18675
vol1|GM15,100600,7.58,-0.30244,-0.17579
vol1|GM15,100600,9.11,-0.38865,-0.18372
vol1|GM15,100600,10.6,-0.49741,-0.07087
vol1|GM15,101300,-1.93,-0.07175,-0.09974
vol1|GM15,101300,-0.14,-0.09424,-0.15951
vol1|GM15,101300,1.31,-0.09598,-0.17399
vol1|GM15,101300,2.7,-0.10439,-0.19086
vol1|GM15,101300,4.19,-0.11084,-0.19277
vol1|GM15,101300,5.63,-0.13334,-0.20355
vol1|GM15,101300,7.27,-0.27298,-0.17579
vol1|GM15,101300,8.72,-0.37786,-0.17595
vol1|GM15,101300,10.42,-0.49930,-0.08025
vol1|GM15,101300,11.84,-0.50268,-0.00967
vol1|GM15,101900,-3.46,-0.11963,-0.09283
vol1|GM15,102100,-1.49,-0.08107,-0.10829
vol1|GM15,200500,-3.41,0.01805,-0.12992
vol1|GM15,200500,-1.25,-0.04421,-0.17915
vol1|GM15,200500,-0.44,-0.02630,-0.18388
vol1|GM15,200500,1.54,-0.06440,-0.18283
vol1|GM15,200500,2.77,-0.06649,-0.17999
vol1|GM15,200500,4.75,-0.08428,-0.18340
vol1|GM15,200500,5.86,-0.12089,-0.16493
vol1|GM15,200500,7.66,-0.23113,-0.15746
vol1|GM15,200500,9.14,-0.39695,-0.16205
vol1|GM15,200500,10.58,-0.42082,-0.11117
vol1|GM15,202200,-1.73,-0.03193,-0.17933
vol1|GM15,202200,0.09,-0.03378,-0.19016
vol1|GM15,202200,1.47,-0.06403,-0.18656
vol1|GM15,202200,3.07,-0.06928,-0.18270
vol1|GM15,202200,4.53,-0.08428,-0.18551
vol1|GM15,202200,5.93,-0.14079,-0.16715
vol1|GM15,202200,7.46,-0.23113,-0.15804
vol1|GM15,202200,9.09,-0.40171,-0.16417
vol1|GM15,202200,10.64,-0.41520,-0.11328
vol1|GM15,202200,11.96,-0.40053,-0.03375
vol1|GM15,302500,-1.99,0.01810,-0.19199
vol1|GM15,302500,-0.49,0.00067,-0.20038
vol1|GM15,302500,2.04,-0.03197,-0.17530
vol1|GM15,302500,3.01,-0.03449,-0.17649
vol1|GM15,302500,4.54,-0.03020,-0.18418
vol1|GM15,302500,6.09,-0.15709,-0.16855
vol1|GM15,302500,7.54,-0.23548,-0.15814
vol1|GM15,302500,9.0,-0.25498,-0.15679
vol1|GM15,302500,10.51,-0.29373,-0.14250
vol1|K3311,61100,-4.25,-0.24865,0.14994
vol1|K3311,61100,-2.71,-0.21482,0.13003
vol1|K3311,61100,-1.19,-0.09167,0.03204
vol1|K3311,61100,0.58,-0.01279,-0.02385
vol1|K3311,61100,1.9,-0.00701,-0.05039
vol1|K3311,61100,3.68,0.01251,-0.07928
vol1|K3311,61100,5.07,0.00188,-0.10126
vol1|K3311,61100,6.8,-0.00750,-0.12383
vol1|K3311,61100,8.31,-0.02152,-0.14492
vol1|K3311,61100,9.89,-0.07548,-0.13241
vol1|K3311,61100,11.23,-0.15071,-0.13727
vol1|K3311,101100,-4.09,-0.13552,0.05349
vol1|K3311,101100,-2.54,-0.04958,0.02209
vol1|K3311,101100,-1.21,0.03182,-0.05473
vol1|K3311,101100,0.43,0.03968,-0.08473
vol1|K3311,101100,2.12,0.07534,-0.10988
vol1|K3311,101100,3.59,0.08651,-0.11659
vol1|K3311,101100,5.18,0.09144,-0.12293
vol1|K3311,101100,6.83,0.09144,-0.14119
vol1|K3311,101100,8.25,0.06835,-0.14381
vol1|K3311,101100,9.76,0.02493,-0.12607
vol1|K3311,101100,11.22,0.00843,-0.14083
vol1|K3311,201800,-5.79,-0.19155,0.05647
vol1|K3311,201800,-4.11,-0.03982,0.00474
vol1|K3311,201800,-2.55,0.01480,-0.03627
vol1|K3311,201800,-1.07,0.06036,-0.06450
vol1|K3311,201800,0.4,0.07249,-0.10126
vol1|K3311,201800,2.18,0.09297,-0.11026
vol1|K3311,201800,3.52,0.09826,-0.11455
vol1|K3311,201800,5.22,0.10028,-0.11783
vol1|K3311,201800,6.6,0.09826,-0.12776
vol1|K3311,201800,8.15,0.07704,-0.12915
vol1|K3311,201800,9.85,0.05789,-0.11650
vol1|K3311,201800,11.19,0.08635,-0.11789
vol1|K3311,302900,-5.62,-0.02881,0.02312
vol1|K3311,302900,-4.28,0.00812,-0.01025
vol1|K3311,302900,-2.78,0.04991,-0.04621
vol1|K3311,302900,-1.0,0.09051,-0.07212
vol1|K3311,302900,0.47,0.09958,-0.08753
vol1|K3311,302900,2.11,0.12642,-0.09900
vol1|K3311,302900,3.51,0.15085,-0.10638
vol1|K3311,302900,5.25,0.14826,-0.10846
vol1|K3311,302900,6.83,0.13113,-0.11528
vol1|K3311,302900,8.16,0.10725,-0.11365
vol1|K3311,302900,10.05,0.08890,-0.10790
vol1|K3311,302900,11.68,0.06293,-0.09602
vol1|MA409,40700,-1.98,-0.11007,0.06501
vol1|MA409,40700,0.16,-0.00906,0.02072
vol1|MA409,40700,2.11,-0.05045,0.01705
vol1|MA409,40700,4.32,-0.12446,-0.04024
vol1|MA409,40700,6.35,-0.11076,-0.10188
vol1|MA409,40700,8.22,-0.43562,-0.14218
vol1|MA409,40700,10.34,-0.61864,-0.00159
vol1|MA409,60800,-2.71,-0.13000,0.00381
vol1|MA409,60800,-1.11,-0.06492,-0.02176
vol1|MA409,60800,0.56,-0.04614,-0.03837
vol1|MA409,60800,2.03,-0.05260,-0.04864
vol1|MA409,60800,3.26,-0.09944,-0.09656
vol1|MA409,60800,4.89,-0.06511,-0.16252
vol1|MA409,60800,6.36,-0.27102,-0.15090
vol1|MA409,60800,7.98,-0.35686,-0.15910
vol1|MA409,60800,9.58,-0.65406,-0.05686
vol1|MA409,101500,-4.39,-0.16364,-0.03460
vol1|MA409,101500,-2.61,-0.01734,-0.05347
vol1|MA409,101500,-1.24,-0.01362,-0.07698
vol1|MA409,101500,0.31,0.00795,-0.09364
vol1|MA409,101500,1.81,-0.00177,-0.14932
vol1|MA409,101500,3.29,0.02570,-0.19094
vol1|MA409,101500,5.07,0.04049,-0.20040
vol1|MA409,101500,6.42,-0.12252,-0.18028
vol1|MA409,101500,8.24,-0.26803,-0.18807
vol1|MA409,101500,9.45,-0.50969,-0.14494
vol1|MA409,201900,-4.4,0.00271,-0.05574
vol1|MA409,201900,-2.83,0.00119,-0.06519
vol1|MA409,201900,-1.45,0.03658,-0.13129
vol1|MA409,201900,-0.03,0.03434,-0.15667
vol1|MA409,201900,1.72,0.04332,-0.18520
vol1|MA409,201900,3.3,0.08636,-0.19699
vol1|MA409,201900,4.71,0.08298,-0.20796
vol1|MA409,201900,6.14,-0.04042,-0.18564
vol1|MA409,201900,7.58,-0.21903,-0.16531
vol1|MA409,201900,9.24,-0.30995,-0.18144
vol1|MA409,302500,-4.68,0.07676,-0.08478
vol1|MA409,302500,-3.14,0.05337,-0.15140
vol1|MA409,302500,-1.43,0.10653,-0.15935
vol1|MA409,302500,-0.0,0.10217,-0.20241
vol1|MA409,302500,1.61,0.09307,-0.20763
vol1|MA409,302500,3.49,0.13279,-0.20502
vol1|MA409,302500,4.78,0.06676,-0.20953
vol1|MA409,302500,6.21,-0.06444,-0.20545
vol1|MA409,302500,8.0,-0.12892,-0.18264
vol1|MA409,302500,9.39,-0.23271,-0.21293
vol1|MA409,305400,-6.09,-0.20953,-0.05628
vol1|MH45,60900,-3.22,-0.16424,0.04312
vol1|MH45,60900,-1.62,-0.16676,0.01536
vol1|MH45,60900,-0.06,-0.07930,-0.06321
vol1|MH45,60900,1.45,-0.06874,-0.10408
vol1|MH45,60900,2.98,-0.07008,-0.11738
vol1|MH45,60900,4.5,-0.07024,-0.12745
vol1|MH45,60900,6.05,-0.07735,-0.13360
vol1|MH45,60900,7.58,-0.08621,-0.13891
vol1|MH45,60900,9.09,-0.17334,-0.13240
vol1|MH45,60900,10.64,-0.17584,-0.12027
vol1|MH45,61600,-6.2,-0.36646,0.05749
vol1|MH45,61600,-4.66,-0.26515,0.06301
vol1|MH45,101100,-2.94,-0.11448,-0.00817
vol1|MH45,101100,-1.4,-0.04384,-0.08780
vol1|MH45,101100,0.16,-0.02609,-0.11670
vol1|MH45,101100,1.48,-0.01578,-0.12820
vol1|MH45,101100,3.34,-0.00778,-0.12677
vol1|MH45,101100,4.69,-0.00871,-0.13512
vol1|MH45,101100,6.18,-0.01294,-0.13342
vol1|MH45,101100,7.64,-0.02956,-0.13162
vol1|MH45,101100,9.28,-0.05187,-0.13968
vol1|MH45,101100,10.69,-0.08699,-0.15270
vol1|MH45,102500,-6.11,-0.30418,0.04338
vol1|MH45,102500,-4.67,-0.19533,0.03615
vol1|MH45,201900,-3.0,-0.03633,-0.07504
vol1|MH45,201900,-1.64,-0.01818,-0.09993
vol1|MH45,201900,-0.04,-0.01799,-0.11786
vol1|MH45,201900,1.47,0.00310,-0.12850
vol1|MH45,201900,3.22,0.00600,-0.12761
vol1|MH45,201900,4.68,0.01156,-0.12922
vol1|MH45,201900,6.14,-0.00092,-0.12627
vol1|MH45,201900,7.73,-0.01035,-0.13021
vol1|MH45,201900,9.27,-0.01490,-0.13610
vol1|MH45,201900,10.63,-0.02152,-0.14727
vol1|MH45,204200,-6.17,-0.35212,0.05215
vol1|MH45,204700,-4.63,-0.11139,-0.04205
vol1|MH45,302600,-2.92,-0.01503,-0.08230
vol1|MH45,302600,-1.45,-0.01138,-0.08996
vol1|MH45,302600,0.14,-0.00701,-0.10207
vol1|MH45,302600,1.48,-0.00015,-0.11391
vol1|MH45,302600,3.03,0.01497,-0.11497
vol1|MH45,302600,4.5,0.02727,-0.11501
vol1|MH45,302600,6.28,0.00998,-0.11357
vol1|MH45,302600,7.66,0.00049,-0.11692
vol1|MH45,302600,9.36,0.00995,-0.12434
vol1|MH45,302600,10.74,0.08214,-0.13222
vol1|MH45,306500,-6.07,-0.12090,-0.02903
vol1|MH45,306500,-4.5,-0.05332,-0.06542
vol1|NACA 6409,61000,-2.8,-0.21027,0.10190
vol1|NACA 6409,61000,-1.13,-0.02812,0.01548
vol1|NACA 6409,61000,0.26,-0.02989,-0.00368
vol1|NACA 6409,61000,2.09,-0.03297,-0.05304
vol1|NACA 6409,61000,3.33,-0.05262,-0.07266
vol1|NACA 6409,61000,5.0,-0.04359,-0.09753
vol1|NACA 6409,100700,-2.68,0.03858,-0.01614
vol1|NACA 6409,100700,-1.0,0.09718,-0.05525
vol1|NACA 6409,100700,0.26,0.08937,-0.07918
vol1|NACA 6409,100700,1.98,0.07272,-0.10577
vol1|NACA 6409,100700,3.34,0.07504,-0.11582
vol1|NACA 6409,100700,5.09,0.06744,-0.13401
vol1|NACA 6409,100700,6.47,0.05519,-0.14398
vol1|NACA 6409,100700,8.12,0.05516,-0.15083
vol1|NACA 6409,100700,9.73,-0.03708,-0.11798
vol1|NACA 6409,200600,-2.89,0.10299,-0.04165
vol1|NACA 6409,200600,-1.37,0.11922,-0.07113
vol1|NACA 6409,200600,0.22,0.11449,-0.08433
vol1|NACA 6409,200600,1.67,0.11014,-0.10687
vol1|NACA 6409,200600,3.34,0.10830,-0.11311
vol1|NACA 6409,200600,4.97,0.09913,-0.12282
vol1|NACA 6409,200600,6.97,0.09039,-0.13427
vol1|NACA 6409,200600,8.11,0.09441,-0.13165
vol1|NACA 6409,200600,10.13,0.01455,-0.10612
vol1|NACA 6409,200600,11.33,0.08163,-0.15078
vol1|NACA 64A010,61600,-6.06,-0.19994,0.15199
vol1|NACA 64A010,61600,-4.31,-0.16804,0.16777
vol1|NACA 64A010,61600,-2.72,-0.16714,0.14448
vol1|NACA 64A010,61600,-1.17,-0.16754,0.12941
vol1|NACA 64A010,61600,0.32,-0.12291,0.13853
vol1|NACA 64A010,61600,1.84,-0.11337,0.12632
vol1|NACA 64A010,61600,3.18,-0.05030,0.05036
vol1|NACA 64A010,61600,4.69,-0.06794,-0.01831
vol1|NACA 64A010,61600,6.51,-0.00851,-0.02611
vol1|NACA 64A010,61600,7.91,0.00326,0.00279
vol1|NACA 64A010,101600,-6.29,-0.12493,0.13259
vol1|NACA 64A010,101600,-4.28,-0.08926,0.14741
vol1|NACA 64A010,101600,-2.72,-0.04210,0.14647
vol1|NACA 64A010,101600,-1.22,-0.08077,0.12793
vol1|NACA 64A010,101600,0.12,-0.05859,0.09726
vol1|NACA 64A010,101600,1.7,-0.01266,0.01406
vol1|NACA 64A010,101600,3.37,0.02695,-0.03818
vol1|NACA 64A010,101600,4.7,0.03027,-0.02044
vol1|NACA 64A010,101600,6.4,0.10276,-0.02768
vol1|NACA 64A010,101600,7.68,0.06947,-0.01198
vol1|NACA 64A010,202900,-6.07,-0.06838,0.12344
vol1|NACA 64A010,202900,-4.39,-0.04969,0.14766
vol1|NACA 64A010,202900,-2.73,-0.01027,0.13757
vol1|NACA 64A010,202900,-1.1,-0.03174,0.08922
vol1|NACA 64A010,202900,0.08,0.00453,0.06046
vol1|NACA 64A010,202900,1.66,0.04657,-0.00399
vol1|NACA 64A010,202900,3.43,0.05250,-0.03146
vol1|NACA 64A010,202900,4.66,0.06399,-0.01263
vol1|NACA 64A010,202900,6.09,0.06337,-0.01901
vol1|NACA 64A010,202900,7.73,0.22866,-0.03175
vol1|NACA 64A010,304400,-6.25,-0.01687,0.11708
vol1|NACA 64A010,304400,-4.27,-0.04935,0.13799
vol1|NACA 64A010,304400,-2.54,-0.01033,0.10353
vol1|NACA 64A010,304400,-0.87,-0.01344,0.06471
vol1|NACA 64A010,304400,0.36,0.04183,0.02622
vol1|NACA 64A010,304400,1.68,0.05658,0.00298
vol1|NACA 64A010,304400,3.29,0.06731,-0.00767
vol1|NACA 64A010,304400,4.64,0.07528,-0.00077
vol1|NACA 64A010,304400,6.2,0.09168,-0.00571
vol1|NACA 64A010,304400,7.76,0.20981,-0.01157
vol1|R140 (A),101600,-4.02,-0.00757,0.07375
vol1|R140 (A),101600,-2.47,-0.07806,0.05832
vol1|R140 (A),101600,-0.91,-0.10268,0.00177
vol1|R140 (A),101600,0.55,-0.01624,-0.06376
vol1|R140 (A),101600,2.14,-0.01145,-0.10715
vol1|R140 (A),101600,3.65,-0.00513,-0.11525
vol1|R140 (A),101600,4.99,-0.04138,-0.09638
vol1|R140 (A),101600,6.56,-0.04159,-0.08861
vol1|R140 (A),101600,8.26,-0.01336,-0.06207
vol1|R140 (A),101600,9.53,0.03150,-0.02686
vol1|R140 (A),103000,-5.77,-0.14807,0.08898
vol1|R140 (A),203000,-5.63,-0.00342,0.07658
vol1|R140 (A),203000,-4.07,-0.03298,0.03689
vol1|R140 (A),203000,-2.71,-0.02571,0.01726
vol1|R140 (A),203000,-0.96,-0.04338,-0.02727
vol1|R140 (A),203000,0.36,0.00508,-0.05388
vol1|R140 (A),203000,2.02,-0.00289,-0.09898
vol1|R140 (A),203000,3.84,0.00950,-0.10560
vol1|R140 (A),203000,5.13,-0.01044,-0.08953
vol1|R140 (A),203000,6.47,-0.00963,-0.08019
vol1|R140 (A),203000,8.29,0.14878,-0.07770
vol1|R140 (A),203000,9.56,0.13629,-0.05690
vol1|R140 (A),304400,-5.71,0.03627,0.05212
vol1|R140 (A),304400,-3.85,-0.01058,0.02218
vol1|R140 (A),304400,-2.66,0.03072,0.00253
vol1|R140 (A),304400,-0.44,-0.00729,-0.04462
vol1|R140 (A),304400,0.59,0.02071,-0.05136
vol1|R140 (A),304400,2.13,0.01558,-0.07092
vol1|R140 (A),304400,3.4,0.02370,-0.09160
vol1|R140 (A),304400,5.11,-0.03362,-0.07761
vol1|R140 (A),304400,6.46,-0.00997,-0.07171
vol1|R140 (A),304400,8.05,0.19181,-0.07444
vol1|R140 (A),304400,9.62,0.20059,-0.06395
vol1|RG15 (B),61100,-6.86,-0.72904,0.26018
vol1|RG15 (B),61100,-4.99,-0.36403,0.26737
vol1|RG15 (B),61100,-3.58,-0.28567,0.26509
vol1|RG15 (B),61100,-1.93,-0.10797,0.24172
vol1|RG15 (B),61100,-0.34,-0.08953,0.23779
vol1|RG15 (B),61100,1.12,-0.04080,0.20833
vol1|RG15 (B),61100,2.76,0.00375,0.14118
vol1|RG15 (B),61100,4.24,0.03373,0.08685
vol1|RG15 (B),61100,5.66,0.04416,0.06881
vol1|RG15 (B),61100,7.31,-0.03900,0.04691
vol1|RG15 (B),61100,8.86,-0.12567,0.01759
vol1|RG15 (B),61100,10.25,-0.20433,0.04086
vol1|RG15 (B),101200,-6.45,-0.71277,0.23291
vol1|RG15 (B),101200,-4.97,-0.30017,0.25051
vol1|RG15 (B),101200,-3.47,-0.18561,0.24267
vol1|RG15 (B),101200,-2.04,-0.05327,0.22788
vol1|RG15 (B),101200,-0.47,-0.00982,0.20031
vol1|RG15 (B),101200,1.1,0.04187,0.14728
vol1|RG15 (B),101200,2.62,0.10388,0.08860
vol1|RG15 (B),101200,4.1,0.12022,0.08184
vol1|RG15 (B),101200,5.66,0.11495,0.06859
vol1|RG15 (B),101200,7.23,0.07368,0.04238
vol1|RG15 (B),101200,8.77,0.02866,0.02085
vol1|RG15 (B),101200,10.28,-0.04574,-0.03019
vol1|RG15 (B),151800,-6.07,-0.48359,0.22648
vol1|RG15 (B),151800,-5.1,-0.30155,0.25023
vol1|RG15 (B),151800,-4.13,-0.19869,0.24627
vol1|RG15 (B),151800,-3.25,-0.15921,0.24799
vol1|RG15 (B),151800,-2.02,-0.06017,0.23170
vol1|RG15 (B),151800,-1.28,-0.05940,0.21517
vol1|RG15 (B),151800,0.04,0.03793,0.16039
vol1|RG15 (B),151800,0.92,0.07005,0.13752
vol1|RG15 (B),151800,2.01,0.10005,0.09325
vol1|RG15 (B),151800,2.91,0.10982,0.08431
vol1|RG15 (B),151800,4.07,0.11764,0.08624
vol1|RG15 (B),151800,5.11,0.11499,0.07236
vol1|RG15 (B),151800,5.95,0.11567,0.06980
vol1|RG15 (B),151800,7.15,0.08812,0.05586
vol1|RG15 (B),151800,8.2,0.09107,0.02994
vol1|RG15 (B),151800,8.98,0.04407,0.02738
vol1|RG15 (B),151800,10.0,0.02994,-0.01271
vol1|RG15 (B),202500,-6.46,-0.61752,0.25599
vol1|RG15 (B),202500,-5.09,-0.23419,0.24212
vol1|RG15 (B),202500,-3.53,-0.14483,0.24231
vol1|RG15 (B),202500,-1.98,-0.03116,0.21116
vol1|RG15 (B),202500,-0.47,0.05382,0.17542
vol1|RG15 (B),202500,1.13,0.10005,0.11074
vol1|RG15 (B),202500,2.68,0.13122,0.08487
vol1|RG15 (B),202500,4.2,0.14118,0.08538
vol1|RG15 (B),202500,5.74,0.13604,0.07632
vol1|RG15 (B),202500,7.27,0.11050,0.06339
vol1|RG15 (B),202500,8.76,0.09699,0.02993
vol1|RG15 (B),202500,10.31,0.04679,-0.01126
vol1|RG15 (B),302700,-6.49,-0.55415,0.24745
vol1|RG15 (B),302700,-5.14,-0.16087,0.22738
vol1|RG15 (B),302700,-3.66,-0.11895,0.22561
vol1|RG15 (B),302700,-2.16,0.02707,0.19629
vol1|RG15 (B),302700,-0.56,0.06701,0.13743
vol1|RG15 (B),302700,0.94,0.09801,0.08399
vol1|RG15 (B),302700,2.57,0.13554,0.07749
vol1|RG15 (B),302700,4.06,0.14685,0.08313
vol1|RG15 (B),302700,5.6,0.14308,0.07288
vol1|RG15 (B),302700,7.16,0.12702,0.05923
vol1|RG15 (B),302700,8.77,0.10861,0.03634
vol1|RG15 (B),302700,10.36,0.03004,0.01777
vol1|S1210,101100,-3.97,-0.10041,-0.03045
vol1|S1210,101100,-3.03,0.01681,-0.05615
vol1|S1210,101100,-2.04,-0.01328,-0.07266
vol1|S1210,101100,-0.95,0.02324,-0.11360
vol1|S1210,101100,-0.0,0.02987,-0.12628
vol1|S1210,101100,1.09,0.04828,-0.14285
vol1|S1210,101100,2.04,0.04931,-0.16089
vol1|S1210,101100,3.1,0.03977,-0.19945
vol1|S1210,101100,4.25,0.07031,-0.20801
vol1|S1210,101100,5.22,0.04850,-0.22518
vol1|S1210,101100,6.35,0.04052,-0.23249
vol1|S1210,101100,7.16,0.03916,-0.23333
vol1|S1210,101100,8.28,0.05557,-0.24050
vol1|S1210,101100,9.39,0.04211,-0.23704
vol1|S1210,101100,10.2,-0.02873,-0.23572
vol1|S1210,101100,11.22,-0.03823,-0.20846
vol1|S1210,150500,-3.82,-0.03925,-0.03512
vol1|S1210,150500,-2.88,-0.04536,-0.06993
vol1|S1210,150500,-1.83,0.02196,-0.09681
vol1|S1210,150500,-0.78,0.02370,-0.10987
vol1|S1210,150500,0.21,0.04009,-0.13119
vol1|S1210,150500,1.39,0.05145,-0.15356
vol1|S1210,150500,2.33,0.04287,-0.17899
vol1|S1210,150500,3.14,0.04282,-0.18651
vol1|S1210,150500,4.14,0.08621,-0.20082
vol1|S1210,150500,5.33,0.06541,-0.21302
vol1|S1210,150500,6.35,0.05823,-0.22066
vol1|S1210,150500,7.35,0.05509,-0.22708
vol1|S1210,150500,8.17,0.06229,-0.22845
vol1|S1210,150500,9.49,0.03204,-0.22063
vol1|S1210,150500,10.32,-0.05117,-0.21203
vol1|S1210,150500,11.27,-0.07720,-0.20038
vol1|S1210,200900,-4.14,0.01261,-0.05129
vol1|S1210,200900,-3.15,0.02438,-0.06820
vol1|S1210,200900,-2.18,0.04546,-0.10203
vol1|S1210,200900,-1.15,0.02254,-0.11974
vol1|S1210,200900,-0.02,0.02329,-0.13766
vol1|S1210,200900,0.92,0.04506,-0.14929
vol1|S1210,200900,1.95,0.05032,-0.16007
vol1|S1210,200900,2.94,0.06087,-0.19548
vol1|S1210,200900,4.0,0.09875,-0.20449
vol1|S1210,200900,5.1,0.06277,-0.21540
vol1|S1210,200900,6.16,0.05729,-0.22528
vol1|S1210,200900,7.16,0.05626,-0.23093
vol1|S1210,200900,8.16,0.06166,-0.22668
vol1|S1210,200900,9.37,0.03122,-0.22236
vol1|S1210,200900,10.47,-0.08314,-0.21360
vol1|S1210,200900,11.66,-0.09825,-0.18485
vol1|S1210,250500,-4.14,0.01384,-0.04889
vol1|S1210,250500,-3.12,0.03928,-0.05174
vol1|S1210,250500,-2.16,0.05305,-0.07203
vol1|S1210,250500,-1.09,0.03581,-0.08482
vol1|S1210,250500,-0.05,0.04319,-0.09953
vol1|S1210,250500,1.01,0.04742,-0.11413
vol1|S1210,250500,2.05,0.05757,-0.13779
vol1|S1210,250500,3.02,0.06407,-0.15381
vol1|S1210,250500,4.09,0.10127,-0.16371
vol1|S1210,250500,5.03,0.07731,-0.16927
vol1|S1210,250500,6.16,0.07826,-0.18647
vol1|S1210,250500,7.19,0.07990,-0.18857
vol1|S1210,250500,8.18,0.06958,-0.18675
vol1|S1210,250500,9.41,0.04366,-0.17810
vol1|S1210,250500,10.24,-0.03559,-0.17563
vol1|S1210,250500,11.28,-0.03640,-0.16782
vol1|S1210,300800,-5.1,0.00582,-0.04537
vol1|S1210,300800,-4.1,0.03974,-0.08335
vol1|S1210,300800,-3.05,0.04659,-0.10113
vol1|S1210,300800,-2.03,0.06647,-0.11522
vol1|S1210,300800,-1.03,0.05152,-0.13028
vol1|S1210,300800,0.02,0.07624,-0.14324
vol1|S1210,300800,1.01,0.07213,-0.16004
vol1|S1210,300800,2.09,0.06269,-0.18265
vol1|S1210,300800,3.1,0.06846,-0.19689
vol1|S1210,300800,4.13,0.11784,-0.20559
vol1|S1210,300800,5.15,0.09147,-0.22065
vol1|S1210,300800,6.17,0.09025,-0.22969
vol1|S1210,300800,7.13,0.08839,-0.22977
vol1|S1210,300800,8.23,0.08487,-0.22658
vol1|S1210,300800,9.14,0.06547,-0.22139
vol1|S1210,300800,10.23,0.01504,-0.22061
vol1|S1210,300800,11.27,-0.00460,-0.21567
vol1|S1223,100600,-3.29,-0.09469,-0.06993
vol1|S1223,100600,-2.52,-0.13246,-0.09336
vol1|S1223,100600,-0.99,-0.04884,-0.11692
vol1|S1223,100600,-0.01,0.04507,-0.17693
vol1|S1223,100600,0.92,0.04703,-0.18419
vol1|S1223,100600,1.75,0.06086,-0.19164
vol1|S1223,100600,2.59,0.06057,-0.18967
vol1|S1223,100600,3.72,0.03958,-0.18566
vol1|S1223,100600,4.85,0.03207,-0.18733
vol1|S1223,100600,5.74,0.03071,-0.18804
vol1|S1223,100600,6.72,0.05860,-0.20010
vol1|S1223,149700,3.94,0.04782,-0.18000
vol1|S1223,149700,5.25,0.03615,-0.18167
vol1|S1223,149700,6.87,0.05139,-0.18260
vol1|S1223,149700,8.64,-0.01538,-0.18329
vol1|S1223,149700,9.94,-0.02959,-0.16775
vol1|S1223,149700,11.47,-0.00981,-0.14564
vol1|S1223,150500,-2.29,-0.10277,-0.07928
vol1|S1223,150500,-0.81,0.08244,-0.16209
vol1|S1223,150500,0.75,0.05774,-0.17575
vol1|S1223,150500,2.92,0.05660,-0.17248
vol1|S1223,198500,8.91,-0.03431,-0.12684
vol1|S1223,198500,10.16,-0.02250,-0.11895
vol1|S1223,198500,11.1,0.01638,-0.11919
vol1|S1223,198500,11.87,-0.00996,-0.09642
vol1|S1223,199400,-0.39,0.07552,-0.15255
vol1|S1223,199400,3.62,0.04941,-0.15459
vol1|S1223,199400,7.83,-0.03378,-0.16266
vol1|S1223,200100,-0.43,0.07478,-0.17343
vol1|S1223,200100,1.77,0.04337,-0.18197
vol1|S1223,200100,3.78,0.02926,-0.17754
vol1|S1223,200100,5.85,-0.00840,-0.18164
vol1|S1223,200100,7.7,-0.02492,-0.18309
vol1|S1223,200100,9.92,-0.04116,-0.17025
vol1|S1223,200400,-2.83,-0.08161,-0.08994
vol1|S1223,200400,-1.45,0.07781,-0.14031
vol1|S1223,200400,-0.0,0.04481,-0.17548
vol1|S1223,200400,0.67,0.05809,-0.18085
vol1|S1223,200400,1.82,0.04337,-0.18212
vol1|S1223,200400,2.99,0.04410,-0.17813
vol1|S1223,200400,3.77,0.02926,-0.17754
vol1|S1223,200400,4.76,-0.01937,-0.17754
vol1|S1223,200400,6.26,-0.00263,-0.18267
vol1|S1223,200400,6.9,-0.00269,-0.18175
vol1|S1223,200400,7.93,-0.03452,-0.18341
vol1|S1223,249700,-3.04,-0.12695,-0.07197
vol1|S1223,249700,-1.07,0.07664,-0.14006
vol1|S1223,249700,0.47,0.06278,-0.15794
vol1|S1223,249700,1.94,0.04990,-0.15879
vol1|S1223,249700,3.48,0.05907,-0.15832
vol1|S1223,249700,5.12,-0.00439,-0.15827
vol1|S1223,249700,6.64,-0.00740,-0.16341
vol1|S1223,249700,8.18,-0.01406,-0.16268
vol1|S1223,249700,9.57,-0.02585,-0.15567
vol1|S1223,249700,11.39,-0.01874,-0.13188
vol1|S1223,299100,-2.68,0.02121,-0.07361
vol1|S1223,299100,-1.02,0.08987,-0.10923
vol1|S1223,299100,0.48,0.09218,-0.11401
vol1|S1223,299100,2.05,0.09429,-0.11829
vol1|S1223,299100,3.6,0.09242,-0.11827
vol1|S1223,299100,5.1,0.03438,-0.12109
vol1|S1223,299100,6.61,0.03041,-0.12622
vol1|S1223,299100,8.21,0.03379,-0.12243
vol1|S1223,299100,9.7,0.03631,-0.11702
vol1|S1223,299100,11.22,0.03142,-0.11358
vol1|S6062,101300,-3.98,-0.16607,0.01998
vol1|S6062,101300,-2.17,-0.10375,-0.00713
vol1|S6062,101300,-0.61,-0.10545,-0.01962
vol1|S6062,101300,0.75,-0.04172,-0.04972
vol1|S6062,101300,2.39,-0.01209,-0.04966
vol1|S6062,101300,3.53,-0.01599,-0.05365
vol1|S6062,101300,5.32,-0.01934,-0.05701
vol1|S6062,101300,7.02,-0.07009,-0.05478
vol1|S6062,101300,8.3,-0.12919,-0.07762
vol1|S6062,202000,-4.21,-0.18825,0.02332
vol1|S6062,202000,8.7,-0.09462,-0.06491
vol1|S6062,202100,-6.86,-0.55165,0.04169
vol1|S6062,202100,-2.91,-0.10103,-0.00345
vol1|S6062,202100,-2.59,-0.08511,-0.00045
vol1|S6062,202100,-0.76,-0.01432,-0.04541
vol1|S6062,202100,0.56,0.00517,-0.04134
vol1|S6062,202100,2.45,0.01085,-0.06200
vol1|S6062,202100,3.73,0.01384,-0.05521
vol1|S6062,202100,5.49,-0.03056,-0.05647
vol1|S6062,202100,6.73,-0.03346,-0.05854
vol1|S6062,303600,-5.55,-0.30744,0.00306
vol1|S6062,303600,-3.94,-0.13941,-0.01360
vol1|S6062,303600,-2.57,-0.02193,-0.01839
vol1|S6062,303600,-0.83,-0.00389,-0.04362
vol1|S6062,303600,0.59,-0.00465,-0.03137
vol1|S6062,303600,2.57,0.02734,-0.04545
vol1|S6062,303600,3.75,0.02732,-0.03383
vol1|S6062,303600,5.74,-0.03216,-0.04911
vol1|S6062,303600,7.24,-0.03414,-0.04568
vol1|S6062,303600,8.62,-0.02080,-0.05151
vol1|S7012 (B),61100,-5.8,-0.47158,0.12800
vol1|S7012 (B),61100,-4.31,-0.25219,0.11808
vol1|S7012 (B),61100,-2.78,-0.18530,0.09921
vol1|S7012 (B),61100,-1.28,-0.15484,0.08355
vol1|S7012 (B),61100,0.13,-0.12163,0.07414
vol1|S7012 (B),61100,1.75,-0.04226,-0.00258
vol1|S7012 (B),61100,3.52,-0.02231,-0.04097
vol1|S7012 (B),61100,4.85,-0.02118,-0.05403
vol1|S7012 (B),61100,6.36,-0.01963,-0.05772
vol1|S7012 (B),61100,7.89,-0.13691,-0.05878
vol1|S7012 (B),61100,9.58,-0.12968,-0.07072
vol1|S7012 (B),61100,10.99,-0.10452,0.01495
vol1|S7012 (B),101200,-5.86,-0.35954,0.10607
vol1|S7012 (B),101200,-4.38,-0.19768,0.10146
vol1|S7012 (B),101200,-2.88,-0.15359,0.08770
vol1|S7012 (B),101200,-1.29,-0.12074,0.06615
vol1|S7012 (B),101200,0.26,-0.02148,0.01171
vol1|S7012 (B),101200,1.79,0.02552,-0.02544
vol1|S7012 (B),101200,3.32,0.03683,-0.04713
vol1|S7012 (B),101200,4.79,0.03933,-0.05150
vol1|S7012 (B),101200,6.42,0.02608,-0.05134
vol1|S7012 (B),101200,7.98,-0.01599,-0.05605
vol1|S7012 (B),101200,9.53,0.00647,-0.07834
vol1|S7012 (B),101200,11.03,0.12999,-0.05540
vol1|S7012 (B),152100,-5.93,-0.30857,0.11302
vol1|S7012 (B),152100,-4.13,-0.16238,0.10352
vol1|S7012 (B),152100,-2.52,-0.10418,0.09196
vol1|S7012 (B),152100,-1.1,-0.06484,0.05066
vol1|S7012 (B),152100,0.59,0.00667,-0.02079
vol1|S7012 (B),152100,1.99,0.03634,-0.03517
vol1|S7012 (B),152100,3.46,0.04797,-0.03988
vol1|S7012 (B),152100,5.17,0.04606,-0.04590
vol1|S7012 (B),152100,6.73,0.01750,-0.04054
vol1|S7012 (B),152100,8.07,-0.01319,-0.04980
vol1|S7012 (B),152100,9.62,-0.10594,-0.06708
vol1|S7012 (B),202200,-5.9,-0.30388,0.10490
vol1|S7012 (B),202200,-4.39,-0.13201,0.08702
vol1|S7012 (B),202200,-2.86,-0.09825,0.08213
vol1|S7012 (B),202200,-1.38,-0.03006,0.04428
vol1|S7012 (B),202200,0.36,0.03036,-0.00424
vol1|S7012 (B),202200,1.78,0.02132,-0.03434
vol1|S7012 (B),202200,3.37,0.04651,-0.03560
vol1|S7012 (B),202200,4.78,0.05142,-0.03849
vol1|S7012 (B),202200,6.45,0.03619,-0.03600
vol1|S7012 (B),202200,7.95,-0.07760,-0.04023
vol1|S7012 (B),202200,9.48,-0.05470,-0.05413
vol1|S7012 (B),202200,10.99,0.01791,-0.03829
vol1|S7012 (B),303000,-5.83,-0.20664,0.11043
vol1|S7012 (B),303000,-4.21,-0.06719,0.08149
vol1|S7012 (B),303000,-2.75,-0.04314,0.06832
vol1|S7012 (B),303000,-1.15,0.02975,0.02989
vol1|S7012 (B),303000,0.15,0.02659,-0.00963
vol1|S7012 (B),303000,1.71,0.01837,-0.02141
vol1|S7012 (B),303000,3.33,0.05723,-0.02151
vol1|S7012 (B),303000,4.91,0.06802,-0.02797
vol1|S7012 (B),303000,6.51,0.04077,-0.02586
vol1|S7012 (B),303000,7.89,-0.05245,-0.03141
vol1|S7012 (B),303000,9.6,-0.05256,-0.04488
vol1|S7012 (B),303000,11.07,-0.02806,-0.02791
vol1|S7055,60600,11.91,-0.24474,-0.06378
vol1|S7055,60700,-4.55,-0.45227,0.16806
vol1|S7055,60700,-2.72,-0.29770,0.15040
vol1|S7055,60700,-0.93,-0.10569,0.05206
vol1|S7055,60700,0.4,-0.04638,0.01631
vol1|S7055,60700,2.33,-0.02597,-0.01036
vol1|S7055,60700,3.49,-0.02038,-0.03698
vol1|S7055,60700,5.29,-0.02667,-0.06242
vol1|S7055,60700,6.57,-0.02899,-0.08424
vol1|S7055,60700,8.32,-0.03899,-0.10615
vol1|S7055,60700,9.65,-0.07667,-0.09640
vol1|S7055,101400,-4.43,-0.28620,0.07433
vol1|S7055,101400,-2.4,-0.08284,0.02306
vol1|S7055,101400,-0.92,0.00227,-0.03134
vol1|S7055,101400,0.45,0.00754,-0.04369
vol1|S7055,101400,2.35,0.04823,-0.07075
vol1|S7055,101400,3.57,0.04966,-0.07749
vol1|S7055,101400,5.41,0.06392,-0.08480
vol1|S7055,101400,6.68,0.06285,-0.10539
vol1|S7055,101400,7.98,0.04792,-0.10815
vol1|S7055,101400,9.92,0.02309,-0.09125
vol1|S7055,151900,-4.63,-0.22143,0.03880
vol1|S7055,151900,-2.64,-0.04156,0.01284
vol1|S7055,151900,-1.03,0.00823,-0.05140
vol1|S7055,151900,0.44,0.02207,-0.06360
vol1|S7055,151900,1.91,0.05227,-0.07389
vol1|S7055,151900,3.48,0.06242,-0.08072
vol1|S7055,151900,5.03,0.06215,-0.08595
vol1|S7055,151900,6.53,0.06408,-0.09606
vol1|S7055,151900,8.09,0.03972,-0.09803
vol1|S7055,151900,9.75,0.03446,-0.08474
vol1|S7055,201900,-2.08,-0.00796,-0.01784
vol1|S7055,201900,-0.82,0.02047,-0.05172
vol1|S7055,201900,0.49,0.04277,-0.06300
vol1|S7055,201900,2.42,0.07040,-0.07125
vol1|S7055,201900,3.75,0.07290,-0.07721
vol1|S7055,201900,5.23,0.07192,-0.07931
vol1|S7055,201900,7.12,0.06003,-0.08495
vol1|S7055,201900,8.32,0.05153,-0.08357
vol1|S7055,201900,9.61,0.04361,-0.07500
vol1|S7055,202800,-2.92,-0.04324,-0.01955
vol1|S7055,203900,-4.49,-0.15199,0.01045
vol1|S7055,301600,-1.06,0.04545,-0.04911
vol1|S7055,301600,0.37,0.05414,-0.05590
vol1|S7055,301600,2.11,0.07329,-0.06619
vol1|S7055,301600,4.01,0.08057,-0.07111
vol1|S7055,301600,5.21,0.08086,-0.07022
vol1|S7055,301600,6.45,0.07076,-0.07790
vol1|S7055,301600,8.13,0.06109,-0.07645
vol1|S7055,301600,10.12,0.04670,-0.07111
vol1|S7055,304900,-2.96,-0.03285,-0.02448
vol1|S7055,305200,-4.49,-0.08029,0.01209
vol1|SD6060,61000,-6.14,-0.48144,0.13589
vol1|SD6060,61000,-5.15,-0.38153,0.15938
vol1|SD6060,61000,-4.24,-0.28239,0.15699
vol1|SD6060,61000,-3.21,-0.23206,0.15215
vol1|SD6060,61000,-2.15,-0.13748,0.13000
vol1|SD6060,61000,-1.17,-0.12720,0.12234
vol1|SD6060,61000,-0.1,-0.12037,0.10036
vol1|SD6060,61000,0.97,-0.04682,0.06571
vol1|SD6060,61000,1.88,-0.02232,0.03833
vol1|SD6060,61000,3.11,-0.01720,0.01402
vol1|SD6060,61000,4.06,-0.00018,-0.00598
vol1|SD6060,61000,4.96,-0.00436,-0.02441
vol1|SD6060,61000,6.02,0.00519,-0.04125
vol1|SD6060,61000,7.07,0.01053,-0.04186
vol1|SD6060,61000,8.04,-0.03808,-0.03372
vol1|SD6060,61000,9.11,-0.09976,-0.05124
vol1|SD6060,61000,10.08,-0.13360,-0.06556
vol1|SD6060,101800,-6.07,-0.53233,0.11009
vol1|SD6060,101800,-5.3,-0.34819,0.14153
vol1|SD6060,101800,-4.18,-0.24873,0.12684
vol1|SD6060,101800,-3.24,-0.15466,0.11299
vol1|SD6060,101800,-2.32,-0.06321,0.07762
vol1|SD6060,101800,-1.2,-0.00950,0.03043
vol1|SD6060,101800,-0.09,0.01135,-0.00505
vol1|SD6060,101800,0.85,0.01879,-0.00881
vol1|SD6060,101800,1.95,0.03542,-0.02442
vol1|SD6060,101800,2.93,0.04305,-0.02866
vol1|SD6060,101800,3.95,0.07038,-0.03518
vol1|SD6060,101800,5.06,0.07358,-0.04532
vol1|SD6060,101800,6.01,0.07660,-0.04905
vol1|SD6060,101800,7.06,0.05863,-0.05052
vol1|SD6060,101800,8.02,0.04985,-0.04303
vol1|SD6060,101800,9.04,0.02419,-0.05413
vol1|SD6060,101800,10.06,-0.00618,-0.07197
vol1|SD6060,152300,-6.03,-0.48499,0.12893
vol1|SD6060,152300,-5.04,-0.26993,0.11539
vol1|SD6060,152300,-4.08,-0.17714,0.09810
vol1|SD6060,152300,-2.8,-0.05341,0.06792
vol1|SD6060,152300,-1.78,-0.02174,0.03387
vol1|SD6060,152300,-0.96,0.01598,0.00163
vol1|SD6060,152300,0.12,0.02319,-0.02521
vol1|SD6060,152300,1.14,0.03705,-0.02390
vol1|SD6060,152300,2.18,0.06231,-0.02563
vol1|SD6060,152300,3.27,0.08822,-0.02692
vol1|SD6060,152300,4.3,0.08440,-0.03165
vol1|SD6060,152300,5.22,0.08601,-0.04454
vol1|SD6060,152300,6.27,0.07401,-0.04095
vol1|SD6060,152300,7.45,0.05422,-0.03347
vol1|SD6060,152300,8.23,0.05666,-0.03570
vol1|SD6060,152300,9.3,0.06870,-0.04715
vol1|SD6060,152300,10.72,0.04244,-0.07060
vol1|SD6060,202700,-6.08,-0.44207,0.10755
vol1|SD6060,202700,-5.27,-0.18810,0.09212
vol1|SD6060,202700,-4.36,-0.11895,0.07008
vol1|SD6060,202700,-3.21,-0.04585,0.07007
vol1|SD6060,202700,-2.26,0.02019,0.04868
vol1|SD6060,202700,-1.17,0.02784,0.01510
vol1|SD6060,202700,-0.22,0.02998,-0.00729
vol1|SD6060,202700,0.96,0.05504,-0.01320
vol1|SD6060,202700,2.03,0.07905,-0.01601
vol1|SD6060,202700,2.84,0.08168,-0.01730
vol1|SD6060,202700,3.9,0.09744,-0.02101
vol1|SD6060,202700,5.1,0.09757,-0.02737
vol1|SD6060,202700,6.01,0.08765,-0.02624
vol1|SD6060,202700,7.06,0.07420,-0.02455
vol1|SD6060,202700,8.03,0.07463,-0.02244
vol1|SD6060,202700,9.04,0.07898,-0.02768
vol1|SD6060,202700,10.1,0.05859,-0.03895
vol1|SD6060,303500,-6.11,-0.29884,0.08042
vol1|SD6060,303500,-4.61,-0.08827,0.05157
vol1|SD6060,303500,-3.96,-0.07814,0.04276
vol1|SD6060,303500,-2.88,0.02994,0.03009
vol1|SD6060,303500,-1.9,0.03776,0.02278
vol1|SD6060,303500,-0.89,0.04291,0.01812
vol1|SD6060,303500,0.07,0.04066,0.00530
vol1|SD6060,303500,1.24,0.04637,-0.00167
vol1|SD6060,303500,2.25,0.08010,-0.00481
vol1|SD6060,303500,3.19,0.10091,-0.00644
vol1|SD6060,303500,4.19,0.12262,-0.01016
vol1|SD6060,303500,5.21,0.13243,-0.02184
vol1|SD6060,303500,6.22,0.10066,-0.01472
vol1|SD6060,303500,7.32,0.09604,-0.01497
vol1|SD6060,303500,8.37,0.10797,-0.01873
vol1|SD6060,303500,9.28,0.12038,-0.02265
vol1|SD6060,303500,10.29,0.15523,-0.02873
vol1|SD7003,61100,-4.84,-0.25390,0.08420
vol1|SD7003,61100,-2.92,-0.19079,0.06487
vol1|SD7003,61100,-1.61,-0.19618,0.03971
vol1|SD7003,61100,-0.09,-0.17921,0.03200
vol1|SD7003,61100,1.66,-0.08995,-0.02720
vol1|SD7003,61100,3.03,-0.07294,-0.06167
vol1|SD7003,61100,4.6,-0.05869,-0.07648
vol1|SD7003,61100,6.09,-0.06160,-0.08075
vol1|SD7003,61100,7.72,-0.13209,-0.09033
vol1|SD7003,61100,9.2,-0.22097,-0.10157
vol1|SD7003,101600,-4.76,-0.17162,0.06458
vol1|SD7003,101600,-3.21,-0.15602,0.05333
vol1|SD7003,101600,-1.54,-0.16934,0.02839
vol1|SD7003,101600,0.01,-0.13143,0.00071
vol1|SD7003,101600,1.33,-0.03024,-0.04835
vol1|SD7003,101600,3.12,-0.01730,-0.06768
vol1|SD7003,101600,4.42,-0.00204,-0.07573
vol1|SD7003,101600,6.18,-0.01136,-0.07722
vol1|SD7003,101600,7.57,-0.03084,-0.08656
vol1|SD7003,101600,9.25,-0.01397,-0.09780
vol1|SD7003,101600,10.57,-0.12124,-0.10861
vol1|SD7003,202200,-4.65,-0.12683,0.05149
vol1|SD7003,202200,-2.85,-0.10283,0.03620
vol1|SD7003,202200,-1.67,-0.10717,0.03575
vol1|SD7003,202200,0.02,-0.02703,-0.01817
vol1|SD7003,202200,1.53,0.00206,-0.06486
vol1|SD7003,202200,3.06,0.00782,-0.06426
vol1|SD7003,202200,4.67,0.01929,-0.06784
vol1|SD7003,202200,5.98,0.01951,-0.07074
vol1|SD7003,202200,7.51,0.00815,-0.07472
vol1|SD7003,202200,9.06,0.00944,-0.08318
vol1|SD7003,202200,10.52,-0.02147,-0.08329
vol1|SD7003,302800,-4.27,-0.08613,0.05047
vol1|SD7003,302800,-2.96,-0.06488,0.02448
vol1|SD7003,302800,-1.67,-0.07417,0.03258
vol1|SD7003,302800,0.24,-0.02793,-0.03787
vol1|SD7003,302800,1.72,0.01107,-0.05729
vol1|SD7003,302800,3.24,0.03674,-0.06029
vol1|SD7003,302800,4.71,0.03278,-0.06350
vol1|SD7003,302800,6.08,0.03738,-0.06713
vol1|SD7003,302800,7.79,0.03717,-0.07114
vol1|SD7003,302800,9.09,0.03129,-0.08072
vol1|SD7003,302800,10.61,0.05737,-0.08666
vol1|SD7003,305500,-6.29,-0.02680,0.03395
vol1|SD7032 (D),60300,-3.83,-0.40894,0.19021
vol1|SD7032 (D),60300,-2.19,-0.26765,0.17769
vol1|SD7032 (D),60300,-0.68,-0.10535,0.11118
vol1|SD7032 (D),60300,0.83,-0.00955,0.05132
vol1|SD7032 (D),60300,2.88,0.00423,-0.01859
vol1|SD7032 (D),60300,4.05,0.00373,-0.05589
vol1|SD7032 (D),60300,5.6,0.01980,-0.07878
vol1|SD7032 (D),60300,7.1,0.00552,-0.11211
vol1|SD7032 (D),60300,8.61,0.00237,-0.12305
vol1|SD7032 (D),60300,10.26,-0.09713,-0.12950
vol1|SD7032 (D),60300,11.54,-0.10186,-0.11521
vol1|SD7032 (D),100700,-3.62,-0.29279,0.13759
vol1|SD7032 (D),100700,-1.9,-0.07491,0.06279
vol1|SD7032 (D),100700,-0.48,-0.01436,0.02761
vol1|SD7032 (D),100700,1.1,-0.00352,-0.02107
vol1|SD7032 (D),100700,2.48,0.02937,-0.03872
vol1|SD7032 (D),100700,4.04,0.05936,-0.05630
vol1|SD7032 (D),100700,5.53,0.05427,-0.08076
vol1|SD7032 (D),100700,7.05,0.04843,-0.09535
vol1|SD7032 (D),100700,8.63,0.04397,-0.10397
vol1|SD7032 (D),100700,10.29,0.03399,-0.10563
vol1|SD7032 (D),100700,11.69,0.08217,-0.09817
vol1|SD7032 (D),151200,-3.64,-0.23667,0.08896
vol1|SD7032 (D),151200,-1.76,-0.04076,0.05257
vol1|SD7032 (D),151200,-0.11,-0.02174,-0.00458
vol1|SD7032 (D),151200,1.02,0.01714,-0.02880
vol1|SD7032 (D),151200,2.63,0.05503,-0.03758
vol1|SD7032 (D),151200,4.24,0.06069,-0.05312
vol1|SD7032 (D),151200,5.62,0.06151,-0.06780
vol1|SD7032 (D),151200,7.28,0.05516,-0.08041
vol1|SD7032 (D),151200,8.7,0.04892,-0.09266
vol1|SD7032 (D),151200,10.21,0.03076,-0.09521
vol1|SD7032 (D),151200,11.58,0.13001,-0.08710
vol1|SD7032 (D),201700,-4.07,-0.22278,0.05926
vol1|SD7032 (D),201700,-1.98,-0.02370,0.03790
vol1|SD7032 (D),201700,-0.4,0.01520,-0.02390
vol1|SD7032 (D),201700,0.95,0.04103,-0.03860
vol1|SD7032 (D),201700,2.61,0.07107,-0.04563
vol1|SD7032 (D),201700,4.1,0.07405,-0.05885
vol1|SD7032 (D),201700,5.7,0.07503,-0.07580
vol1|SD7032 (D),201700,7.1,0.06868,-0.08568
vol1|SD7032 (D),201700,8.64,0.06219,-0.09816
vol1|SD7032 (D),201700,10.23,0.04855,-0.10081
vol1|SD7032 (D),201700,11.72,0.15491,-0.08985
vol1|SD7032 (D),301200,-3.87,-0.06668,0.04358
vol1|SD7032 (D),301200,-2.48,-0.04666,0.03342
vol1|SD7032 (D),301200,-0.85,0.04678,-0.00943
vol1|SD7032 (D),301200,0.72,0.06061,-0.02703
vol1|SD7032 (D),301200,2.39,0.09511,-0.03259
vol1|SD7032 (D),301200,3.63,0.10566,-0.03996
vol1|SD7032 (D),301200,5.57,0.09644,-0.06163
vol1|SD7032 (D),301200,7.23,0.09090,-0.07588
vol1|SD7032 (D),301200,9.11,0.08557,-0.09314
vol1|SD7032 (D),301200,10.52,0.06754,-0.09223
vol1|SD7032 (D),301200,11.95,0.22153,-0.08538
vol1|SD7032 (E),201400,-4.38,-0.23402,0.05702
vol1|SD7032 (E),201400,-2.47,-0.03099,0.01730
vol1|SD7032 (E),201400,-0.93,0.01699,-0.01886
vol1|SD7032 (E),201400,0.74,0.05957,-0.05093
vol1|SD7032 (E),201400,2.0,0.09409,-0.05872
vol1|SD7032 (E),201400,3.42,0.08486,-0.07228
vol1|SD7032 (E),201400,5.33,0.08546,-0.07939
vol1|SD7032 (E),201400,6.85,0.07896,-0.09672
vol1|SD7032 (E),201400,8.09,0.07994,-0.09732
vol1|SD7032 (E),201400,9.86,0.07447,-0.10060
vol1|SD7032 (E),201400,11.1,0.15898,-0.10434
vol1|SD7037 (A),60900,-4.19,-0.31609,0.18963
vol1|SD7037 (A),60900,-3.12,-0.25652,0.16437
vol1|SD7037 (A),60900,-1.8,-0.20027,0.15586
vol1|SD7037 (A),60900,-0.02,-0.09726,0.12460
vol1|SD7037 (A),60900,1.39,0.00088,0.08188
vol1|SD7037 (A),60900,3.11,0.02321,0.01238
vol1|SD7037 (A),60900,4.53,0.02507,-0.02023
vol1|SD7037 (A),60900,6.03,0.02411,-0.04238
vol1|SD7037 (A),60900,7.71,0.01515,-0.06841
vol1|SD7037 (A),60900,9.07,-0.05769,-0.05059
vol1|SD7037 (A),60900,10.56,-0.17024,-0.04853
vol1|SD7037 (A),101100,-4.49,-0.31812,0.17099
vol1|SD7037 (A),101100,-2.79,-0.16039,0.14456
vol1|SD7037 (A),101100,-1.59,-0.07645,0.10717
vol1|SD7037 (A),101100,0.17,0.04281,0.05365
vol1|SD7037 (A),101100,1.8,0.07042,0.00337
vol1|SD7037 (A),101100,3.27,0.09801,-0.01132
vol1|SD7037 (A),101100,4.8,0.09891,-0.02422
vol1|SD7037 (A),101100,6.32,0.09934,-0.04016
vol1|SD7037 (A),101100,7.84,0.09173,-0.05135
vol1|SD7037 (A),101100,9.37,0.03424,-0.04973
vol1|SD7037 (A),101100,10.74,0.02391,-0.06848
vol1|SD7037 (A),202100,-4.28,-0.18894,0.12991
vol1|SD7037 (A),202100,-2.87,-0.07802,0.08106
vol1|SD7037 (A),202100,-1.16,0.05466,0.04125
vol1|SD7037 (A),202100,0.18,0.07827,0.00273
vol1|SD7037 (A),202100,1.64,0.09832,-0.01165
vol1|SD7037 (A),202100,3.26,0.12165,-0.01179
vol1|SD7037 (A),202100,4.85,0.11017,-0.02688
vol1|SD7037 (A),202100,6.48,0.10621,-0.03004
vol1|SD7037 (A),202100,7.91,0.09827,-0.04509
vol1|SD7037 (A),202100,9.39,0.06384,-0.04325
vol1|SD7037 (A),202100,10.83,0.09038,-0.05453
vol1|SD7037 (A),302100,-4.69,-0.10188,0.08379
vol1|SD7037 (A),302100,-2.88,-0.03463,0.04263
vol1|SD7037 (A),302100,-1.39,0.08233,0.01709
vol1|SD7037 (A),302100,-0.01,0.09798,0.00436
vol1|SD7037 (A),302100,1.72,0.11658,-0.00750
vol1|SD7037 (A),302100,3.01,0.13676,-0.00944
vol1|SD7037 (A),302100,5.13,0.13896,-0.01775
vol1|SD7037 (A),302100,6.49,0.12852,-0.02404
vol1|SD7037 (A),302100,8.01,0.10805,-0.04202
vol1|SD7037 (A),302100,9.45,0.09726,-0.03930
vol1|SD7037 (A),302100,10.89,0.07798,-0.05083
vol1|SD7037 (B),60500,-4.35,-0.43318,0.17945
vol1|SD7037 (B),60500,-2.87,-0.26375,0.15004
vol1|SD7037 (B),60500,-1.24,-0.16177,0.12953
vol1|SD7037 (B),60500,0.28,-0.10941,0.09880
vol1|SD7037 (B),60500,1.86,-0.05097,0.03844
vol1|SD7037 (B),60500,3.42,-0.00754,-0.02255
vol1|SD7037 (B),60500,5.02,-0.02071,-0.04231
vol1|SD7037 (B),60500,6.34,-0.02025,-0.07385
vol1|SD7037 (B),60500,8.24,-0.03793,-0.07486
vol1|SD7037 (B),60500,9.39,-0.10054,-0.07428
vol1|SD7037 (B),60500,11.13,-0.22319,-0.08152
vol1|SD7037 (B),101400,-4.17,-0.33129,0.12740
vol1|SD7037 (B),101400,-2.88,-0.20237,0.12391
vol1|SD7037 (B),101400,-1.35,-0.07679,0.07264
vol1|SD7037 (B),101400,0.31,-0.01595,0.02551
vol1|SD7037 (B),101400,1.77,0.02368,-0.02048
vol1|SD7037 (B),101400,3.27,0.06895,-0.04530
vol1|SD7037 (B),101400,5.03,0.05803,-0.05711
vol1|SD7037 (B),101400,6.31,0.05842,-0.07229
vol1|SD7037 (B),101400,8.1,0.03521,-0.07110
vol1|SD7037 (B),101400,9.39,0.00636,-0.07379
vol1|SD7037 (B),101400,11.07,0.02207,-0.09999
vol1|SD7037 (B),151400,-5.03,-0.30770,0.14175
vol1|SD7037 (B),151400,-2.53,-0.13773,0.10184
vol1|SD7037 (B),151400,-0.94,-0.02770,0.04225
vol1|SD7037 (B),151400,0.58,-0.00097,-0.00082
vol1|SD7037 (B),151400,2.09,0.05279,-0.02054
vol1|SD7037 (B),151400,3.77,0.06812,-0.03812
vol1|SD7037 (B),151400,5.23,0.06595,-0.04490
vol1|SD7037 (B),151400,6.82,0.05968,-0.05838
vol1|SD7037 (B),151400,8.71,0.02807,-0.05338
vol1|SD7037 (B),151400,9.84,0.03558,-0.05491
vol1|SD7037 (B),151400,11.3,0.10143,-0.08463
vol1|SD7037 (B),201900,-4.25,-0.18898,0.10311
vol1|SD7037 (B),201900,-2.77,-0.08414,0.07439
vol1|SD7037 (B),201900,-0.99,0.00389,0.02818
vol1|SD7037 (B),201900,0.2,0.02124,-0.00442
vol1|SD7037 (B),201900,1.76,0.06600,-0.02886
vol1|SD7037 (B),201900,3.47,0.09675,-0.03422
vol1|SD7037 (B),201900,4.96,0.07766,-0.03991
vol1|SD7037 (B),201900,6.53,0.06880,-0.05206
vol1|SD7037 (B),201900,7.94,0.06572,-0.05550
vol1|SD7037 (B),201900,9.61,0.05782,-0.04961
vol1|SD7037 (B),201900,11.05,0.12047,-0.06624
vol1|SD7037 (B),302200,-5.87,-0.26405,0.08988
vol1|SD7037 (B),302200,-4.54,-0.10794,0.05908
vol1|SD7037 (B),302200,-2.9,-0.06232,0.01572
vol1|SD7037 (B),302200,-1.42,0.03500,-0.00512
vol1|SD7037 (B),302200,0.18,0.06334,-0.02457
vol1|SD7037 (B),302200,1.94,0.09165,-0.03583
vol1|SD7037 (B),302200,3.61,0.10126,-0.04114
vol1|SD7037 (B),302200,5.04,0.09217,-0.04725
vol1|SD7037 (B),302200,6.63,0.09093,-0.05633
vol1|SD7037 (B),302200,8.22,0.07919,-0.06504
vol1|SD7037 (B),302200,9.47,0.10245,-0.05757
vol1|SD7037 (B),302200,11.2,0.11917,-0.07571
vol1|SD8000,60800,-5.55,-0.24979,0.11325
vol1|SD8000,60800,-3.88,-0.23398,0.11323
vol1|SD8000,60800,-2.36,-0.17723,0.09531
vol1|SD8000,60800,-0.81,-0.17305,0.06594
vol1|SD8000,60800,0.8,-0.14618,0.04968
vol1|SD8000,60800,2.29,-0.09342,0.01184
vol1|SD8000,60800,3.97,-0.05409,-0.08808
vol1|SD8000,60800,5.36,-0.04824,-0.09238
vol1|SD8000,60800,6.96,-0.10961,-0.10083
vol1|SD8000,60800,8.36,-0.15522,-0.11698
vol1|SD8000,60800,10.01,-0.14186,-0.10348
vol1|SD8000,60800,11.52,-0.03157,0.00190
vol1|SD8000,101100,-5.63,-0.19462,0.10567
vol1|SD8000,101100,-3.68,-0.16560,0.08003
vol1|SD8000,101100,-2.22,-0.14255,0.07702
vol1|SD8000,101100,-0.85,-0.15808,0.04837
vol1|SD8000,101100,0.82,-0.07012,-0.00833
vol1|SD8000,101100,2.3,-0.00543,-0.05557
vol1|SD8000,101100,3.98,0.00840,-0.08842
vol1|SD8000,101100,5.48,0.00184,-0.09226
vol1|SD8000,101100,7.12,-0.02395,-0.09786
vol1|SD8000,101100,8.53,-0.04174,-0.11357
vol1|SD8000,101100,10.1,-0.10144,-0.12717
vol1|SD8000,201600,-5.5,-0.10496,0.08534
vol1|SD8000,201600,-3.76,-0.14842,0.06577
vol1|SD8000,201600,-2.3,-0.09982,0.05359
vol1|SD8000,201600,-0.72,-0.07015,0.00721
vol1|SD8000,201600,0.8,-0.01794,-0.05321
vol1|SD8000,201600,2.21,0.02661,-0.07661
vol1|SD8000,201600,3.84,0.03319,-0.08235
vol1|SD8000,201600,5.26,0.03255,-0.08400
vol1|SD8000,201600,6.84,0.01266,-0.08715
vol1|SD8000,201600,8.36,0.01883,-0.09900
vol1|SD8000,201600,9.82,0.01627,-0.10296
vol1|SD8000,302100,-6.39,-0.07745,0.07012
vol1|SD8000,302100,-3.59,-0.07250,0.05975
vol1|SD8000,302100,-2.19,-0.03707,0.03079
vol1|SD8000,302100,-0.58,-0.01135,-0.01570
vol1|SD8000,302100,0.82,-0.00310,-0.05665
vol1|SD8000,302100,2.48,0.04597,-0.07090
vol1|SD8000,302100,4.17,0.05707,-0.07857
vol1|SD8000,302100,5.58,0.03637,-0.08046
vol1|SD8000,302100,7.67,0.04157,-0.08646
vol1|SD8000,302100,8.61,0.03569,-0.09254
vol1|SD8000,302100,10.34,0.04622,-0.10142
vol1|SD8000,302100,11.57,0.17622,-0.10471
vol1|SD8020,61100,-6.45,-0.36423,0.12992
vol1|SD8020,61100,-4.64,-0.12857,0.13247
vol1|SD8020,61100,-2.59,-0.15498,0.11793
vol1|SD8020,61100,-0.49,-0.15798,0.10284
vol1|SD8020,61100,1.59,-0.14138,0.08637
vol1|SD8020,61100,3.58,-0.06455,-0.06066
vol1|SD8020,61100,5.64,-0.06382,-0.06557
vol1|SD8020,61100,6.62,-0.11340,-0.07514
vol1|SD8020,61100,7.79,-0.09210,-0.08369
vol1|SD8020,61100,8.67,-0.09959,-0.08994
vol1|SD8020,61400,-6.45,-0.36186,0.13062
vol1|SD8020,61400,-4.94,-0.14311,0.13272
vol1|SD8020,61400,-3.36,-0.14686,0.12611
vol1|SD8020,61400,-1.81,-0.18194,0.10086
vol1|SD8020,61400,-0.29,-0.14092,0.10365
vol1|SD8020,61400,1.17,-0.14177,0.09155
vol1|SD8020,61400,2.72,-0.06012,-0.04443
vol1|SD8020,61400,4.38,-0.05072,-0.06835
vol1|SD8020,61400,5.89,-0.09005,-0.06557
vol1|SD8020,61400,7.4,-0.05732,-0.07972
vol1|SD8020,101500,-6.55,-0.29124,0.11159
vol1|SD8020,101500,-5.03,-0.08846,0.10703
vol1|SD8020,101500,-3.33,-0.09653,0.11057
vol1|SD8020,101500,-1.81,-0.09614,0.09994
vol1|SD8020,101500,-0.41,-0.13616,0.07754
vol1|SD8020,101500,1.22,-0.03600,0.01099
vol1|SD8020,101500,2.7,0.00611,-0.07431
vol1|SD8020,101500,4.1,0.01182,-0.07606
vol1|SD8020,101500,5.69,0.01318,-0.07425
vol1|SD8020,101500,7.28,0.00479,-0.08480
vol1|SD8020,101500,8.9,0.02079,-0.10111
vol1|SD8020,203000,-6.53,-0.21715,0.10273
vol1|SD8020,203000,-4.58,-0.03832,0.10534
vol1|SD8020,203000,-2.62,-0.04544,0.09912
vol1|SD8020,203000,-0.5,-0.08468,0.06550
vol1|SD8020,203000,1.56,0.02307,-0.05933
vol1|SD8020,203000,3.63,0.02919,-0.07301
vol1|SD8020,203000,5.69,0.03598,-0.07202
vol1|SD8020,203000,6.74,0.03967,-0.08074
vol1|SD8020,203000,7.77,0.04366,-0.08210
vol1|SD8020,203000,8.8,0.06834,-0.07839
vol1|SD8020,203300,-6.41,-0.11819,0.08520
vol1|SD8020,203300,-4.96,-0.04334,0.10334
vol1|SD8020,203300,-3.43,-0.05542,0.10487
vol1|SD8020,203300,-1.63,-0.05400,0.09306
vol1|SD8020,203300,-0.33,-0.07782,0.05861
vol1|SD8020,203300,1.21,0.02133,-0.04669
vol1|SD8020,203300,2.59,0.02770,-0.07036
vol1|SD8020,203300,4.3,0.03563,-0.07645
vol1|SD8020,203300,5.78,0.03683,-0.07155
vol1|SD8020,203300,7.31,0.03968,-0.08210
vol1|SD8020,203300,8.87,0.06569,-0.08211
vol1|SD8020,304800,-6.78,-0.18383,0.10253
vol1|SD8020,304800,-4.76,-0.02383,0.10401
vol1|SD8020,304800,-3.27,-0.03299,0.09646
vol1|SD8020,304800,-1.74,-0.06058,0.08751
vol1|SD8020,304800,-0.22,-0.05015,0.03624
vol1|SD8020,304800,1.18,0.03491,-0.03398
vol1|SD8020,304800,2.61,0.04055,-0.05496
vol1|SD8020,304800,4.46,0.04862,-0.06108
vol1|SD8020,304800,5.69,0.04782,-0.05792
vol1|SD8020,304800,7.25,0.05752,-0.06574
vol1|SD8020,304800,8.87,0.07869,-0.06429
vol1|WASP,60700,-4.3,-0.24284,0.12488
vol1|WASP,60700,-2.62,-0.20425,0.12861
vol1|WASP,60700,-1.0,-0.15787,0.09172
vol1|WASP,60700,0.39,-0.08913,0.06133
vol1|WASP,60700,2.0,-0.03499,-0.03304
vol1|WASP,60700,3.35,-0.00712,-0.06071
vol1|WASP,60700,4.94,-0.01567,-0.07517
vol1|WASP,60700,6.7,-0.02355,-0.10710
vol1|WASP,60700,8.15,-0.03135,-0.10386
vol1|WASP,60700,9.65,-0.08712,-0.08955
vol1|WASP,60700,11.26,-0.09231,-0.09929
vol1|WASP,101300,-4.18,-0.18224,0.09966
vol1|WASP,101300,-2.44,-0.12833,0.08789
vol1|WASP,101300,-0.87,-0.07076,0.01448
vol1|WASP,101300,0.24,-0.00535,-0.00923
vol1|WASP,101300,2.06,0.03701,-0.06597
vol1|WASP,101300,3.64,0.05323,-0.07852
vol1|WASP,101300,5.24,0.04555,-0.08944
vol1|WASP,101300,7.09,0.03681,-0.10024
vol1|WASP,101300,8.22,0.03205,-0.10935
vol1|WASP,101300,9.9,0.03796,-0.10622
vol1|WASP,201600,-4.03,-0.12192,0.08048
vol1|WASP,201600,-2.65,-0.07434,0.03783
vol1|WASP,201600,-0.29,0.03596,-0.03815
vol1|WASP,201600,0.41,0.06069,-0.05542
vol1|WASP,201600,2.63,0.07233,-0.07723
vol1|WASP,201600,3.51,0.07355,-0.07980
vol1|WASP,201600,5.13,0.06551,-0.08893
vol1|WASP,201600,6.65,0.06309,-0.09392
vol1|WASP,201600,8.28,0.04284,-0.10321
vol1|WASP,201600,9.81,0.06365,-0.10108
vol1|WASP,201600,11.11,0.18326,-0.12097
vol1|WASP,302600,-4.31,-0.08284,0.06045
vol1|WASP,302600,-2.53,0.02496,0.00974
vol1|WASP,302600,-1.02,0.04897,-0.01960
vol1|WASP,302600,0.9,0.06840,-0.06359
vol1|WASP,302600,2.23,0.08552,-0.07072
vol1|WASP,302600,3.61,0.10113,-0.07667
vol1|WASP,302600,5.07,0.08683,-0.08592
vol1|WASP,302600,6.48,0.08331,-0.09060
vol1|WASP,302600,8.13,0.06792,-0.09583
vol1|WASP,302600,9.53,0.08508,-0.09572
vol1|WASP,302600,11.27,0.15175,-0.11555
vol2|CR-001,59200,-4.23,-0.39216,0.17222
vol2|CR-001,59200,-2.7,-0.25293,0.14698
vol2|CR-001,59200,-1.16,-0.08440,0.09567
vol2|CR-001,59200,0.38,-0.08891,0.06704
vol2|CR-001,59200,1.82,-0.12367,0.03611
vol2|CR-001,59200,3.48,-0.02689,0.00265
vol2|CR-001,59200,5.01,-0.04494,-0.07794
vol2|CR-001,59200,6.55,-0.05148,-0.10283
vol2|CR-001,59200,8.08,-0.16063,-0.08067
vol2|CR-001,59200,9.59,-0.33511,-0.10191
vol2|CR-001,59200,11.1,-0.37461,-0.09376
vol2|CR-001,99100,-4.25,-0.44609,0.12987
vol2|CR-001,99100,-2.67,-0.19738,0.08923
vol2|CR-001,99100,-1.17,-0.02324,0.02574
vol2|CR-001,99100,0.39,-0.08126,-0.04605
vol2|CR-001,99100,1.94,-0.01641,-0.07219
vol2|CR-001,99100,3.49,0.02365,-0.09320
vol2|CR-001,99100,5.02,0.00500,-0.12139
vol2|CR-001,99100,6.56,-0.00874,-0.12766
vol2|CR-001,99100,7.98,-0.06512,-0.11541
vol2|CR-001,99100,9.59,-0.15238,-0.12807
vol2|CR-001,99100,11.1,-0.28282,-0.14043
vol2|CR-001,199000,-5.27,-0.33921,0.10859
vol2|CR-001,199000,-3.75,-0.28110,0.04354
vol2|CR-001,199000,-2.17,-0.01597,-0.06342
vol2|CR-001,199000,-0.62,-0.00838,-0.09550
vol2|CR-001,199000,0.91,0.02284,-0.09563
vol2|CR-001,199000,2.49,0.06753,-0.10362
vol2|CR-001,199000,4.0,0.06933,-0.10097
vol2|CR-001,199000,5.53,0.05336,-0.11269
vol2|CR-001,199000,7.07,0.00202,-0.10435
vol2|CR-001,199000,8.6,-0.05779,-0.11943
vol2|CR-001,199000,10.11,-0.11568,-0.11697
vol2|CR-001,298800,-5.3,-0.41454,0.13071
vol2|CR-001,298800,-3.7,-0.16351,0.03929
vol2|CR-001,298800,-2.28,0.07176,-0.02003
vol2|CR-001,298800,-0.62,0.12038,-0.01035
vol2|CR-001,298800,0.95,0.15530,0.00575
vol2|CR-001,298800,2.47,0.16140,-0.01691
vol2|CR-001,298800,4.03,0.16928,-0.04818
vol2|CR-001,298800,5.55,0.15566,-0.06146
vol2|CR-001,298800,7.1,0.09007,-0.06357
vol2|CR-001,298800,8.63,0.06867,-0.07397
vol2|CR-001,298800,10.13,-0.09327,-0.06654
vol2|DU 86-084/18,59700,-5.77,-0.27084,0.08968
vol2|DU 86-084/18,59700,-4.24,-0.21594,0.06270
vol2|DU 86-084/18,59700,-2.74,-0.12848,0.01566
vol2|DU 86-084/18,59700,-1.19,-0.15684,0.00023
vol2|DU 86-084/18,59700,0.32,-0.15805,-0.00209
vol2|DU 86-084/18,59700,1.88,-0.13973,-0.00209
vol2|DU 86-084/18,59700,3.43,-0.07596,-0.00904
vol2|DU 86-084/18,59700,4.96,-0.07126,-0.06211
vol2|DU 86-084/18,59700,6.51,-0.13571,-0.06003
vol2|DU 86-084/18,59700,8.03,-0.19749,-0.06175
vol2|DU 86-084/18,59700,9.55,-0.23575,0.06316
vol2|DU 86-084/18,100000,-5.73,-0.27077,0.08130
vol2|DU 86-084/18,100000,-4.22,-0.18487,0.04572
vol2|DU 86-084/18,100000,-2.71,-0.10538,0.02006
vol2|DU 86-084/18,100000,-1.18,-0.14493,-0.00134
vol2|DU 86-084/18,100000,0.38,-0.12296,-0.00741
vol2|DU 86-084/18,100000,1.92,-0.05514,-0.03171
vol2|DU 86-084/18,100000,3.46,-0.03677,-0.04582
vol2|DU 86-084/18,100000,5.0,-0.03709,-0.05809
vol2|DU 86-084/18,100000,6.51,-0.08659,-0.05015
vol2|DU 86-084/18,100000,8.04,-0.09539,-0.05593
vol2|DU 86-084/18,100000,9.58,-0.09615,0.00962
vol2|DU 86-084/18,200600,-5.7,-0.22383,0.03134
vol2|DU 86-084/18,200600,-4.21,-0.10765,-0.00529
vol2|DU 86-084/18,200600,-2.7,-0.06766,-0.02949
vol2|DU 86-084/18,200600,-0.13,-0.02552,-0.06288
vol2|DU 86-084/18,200600,0.39,-0.01913,-0.05902
vol2|DU 86-084/18,200600,1.92,-0.02309,-0.05093
vol2|DU 86-084/18,200600,3.47,-0.01477,-0.07592
vol2|DU 86-084/18,200600,5.01,-0.01184,-0.05681
vol2|DU 86-084/18,200600,6.56,-0.03566,-0.06047
vol2|DU 86-084/18,200600,8.06,-0.02340,-0.06080
vol2|DU 86-084/18,200600,9.59,-0.03115,-0.01498
vol2|DU 86-084/18,300500,-5.69,-0.07433,0.00695
vol2|DU 86-084/18,300500,-4.3,-0.03188,-0.04601
vol2|DU 86-084/18,300500,-2.59,-0.00649,-0.04041
vol2|DU 86-084/18,300500,0.08,0.05582,-0.03326
vol2|DU 86-084/18,300500,0.4,0.04337,-0.03326
vol2|DU 86-084/18,300500,1.92,0.01539,-0.05137
vol2|DU 86-084/18,300500,3.47,0.03656,-0.04881
vol2|DU 86-084/18,300500,4.99,0.02731,-0.04783
vol2|DU 86-084/18,300500,6.52,0.02348,-0.05250
vol2|DU 86-084/18,300500,8.04,0.01635,-0.04250
vol2|DU 86-084/18,300500,9.6,0.00349,-0.03532
vol2|E374 (B),60100,-6.43,-0.50636,0.11617
vol2|E374 (B),60100,-5.43,-0.25363,0.13250
vol2|E374 (B),60100,-4.4,-0.27996,0.13882
vol2|E374 (B),60100,-3.39,-0.24626,0.13876
vol2|E374 (B),60100,-2.35,-0.14026,0.08510
vol2|E374 (B),60100,-1.32,-0.14635,0.06604
vol2|E374 (B),60100,-0.31,-0.11406,0.04482
vol2|E374 (B),60100,0.71,-0.03108,0.03763
vol2|E374 (B),60100,1.75,-0.01753,0.00354
vol2|E374 (B),60100,2.75,-0.01000,-0.01099
vol2|E374 (B),60100,4.03,0.05400,-0.03986
vol2|E374 (B),60100,4.84,0.08023,-0.06369
vol2|E374 (B),60100,5.87,0.04366,-0.07617
vol2|E374 (B),60100,6.89,-0.00521,-0.08264
vol2|E374 (B),60100,7.92,-0.02097,-0.07248
vol2|E374 (B),60100,8.9,-0.06623,-0.07606
vol2|E374 (B),60100,10.11,-0.08566,-0.08278
vol2|E374 (B),100400,-6.44,-0.43958,0.09148
vol2|E374 (B),100400,-5.45,-0.24873,0.10799
vol2|E374 (B),100400,-4.41,-0.23155,0.09043
vol2|E374 (B),100400,-3.38,-0.14183,0.06288
vol2|E374 (B),100400,-2.33,-0.05435,0.01467
vol2|E374 (B),100400,-1.31,-0.01253,-0.03389
vol2|E374 (B),100400,-0.01,-0.00051,-0.04234
vol2|E374 (B),100400,0.72,0.00498,-0.05522
vol2|E374 (B),100400,1.77,0.01121,-0.06454
vol2|E374 (B),100400,2.8,0.01524,-0.07220
vol2|E374 (B),100400,3.82,0.02109,-0.07651
vol2|E374 (B),100400,4.84,0.02523,-0.07553
vol2|E374 (B),100400,5.86,0.03484,-0.07937
vol2|E374 (B),100400,6.89,0.03190,-0.08425
vol2|E374 (B),100400,7.91,0.00994,-0.07190
vol2|E374 (B),100400,8.89,-0.01326,-0.07487
vol2|E374 (B),100400,9.91,0.00300,-0.08206
vol2|E374 (B),200500,-6.42,-0.35590,0.07019
vol2|E374 (B),200500,-5.38,-0.13849,0.06155
vol2|E374 (B),200500,-4.37,-0.11892,0.03117
vol2|E374 (B),200500,-3.35,-0.05208,0.01119
vol2|E374 (B),200500,-2.32,-0.00195,0.00616
vol2|E374 (B),200500,-1.31,-0.00354,-0.02708
vol2|E374 (B),200500,-0.28,0.00539,-0.05902
vol2|E374 (B),200500,0.74,0.01243,-0.06181
vol2|E374 (B),200500,1.77,0.03625,-0.06629
vol2|E374 (B),200500,2.8,0.05041,-0.06650
vol2|E374 (B),200500,3.83,0.05882,-0.06746
vol2|E374 (B),200500,4.8,0.05997,-0.06678
vol2|E374 (B),200500,5.87,0.06508,-0.06573
vol2|E374 (B),200500,6.9,0.05071,-0.06130
vol2|E374 (B),200500,7.91,0.05628,-0.06204
vol2|E374 (B),200500,8.92,0.04795,-0.05977
vol2|E374 (B),200500,9.93,0.06278,-0.06167
vol2|E374 (B),300700,-6.42,-0.21261,0.06477
vol2|E374 (B),300700,-5.37,-0.02534,0.03077
vol2|E374 (B),300700,-3.98,-0.05433,-0.00520
vol2|E374 (B),300700,-3.41,-0.00928,-0.00865
vol2|E374 (B),300700,-2.33,0.03213,0.00164
vol2|E374 (B),300700,-1.31,0.02660,-0.01985
vol2|E374 (B),300700,-0.29,0.01900,-0.03678
vol2|E374 (B),300700,0.75,0.04203,-0.05869
vol2|E374 (B),300700,1.73,0.04200,-0.06285
vol2|E374 (B),300700,2.8,0.05642,-0.06307
vol2|E374 (B),300700,3.84,0.08856,-0.06310
vol2|E374 (B),300700,4.86,0.09599,-0.06369
vol2|E374 (B),300700,5.89,0.10019,-0.05988
vol2|E374 (B),300700,6.9,0.06722,-0.05833
vol2|E374 (B),300700,7.88,0.08556,-0.05859
vol2|E374 (B),300700,8.91,0.08548,-0.05764
vol2|E374 (B),300700,9.92,0.12436,-0.05684
vol2|E423,60300,-4.55,-0.13432,0.12161
vol2|E423,60300,-3.03,-0.16014,0.12735
vol2|E423,60300,-1.48,-0.02115,0.11046
vol2|E423,60300,0.09,-0.19364,0.05902
vol2|E423,60300,1.64,-0.17736,0.02184
vol2|E423,60300,3.14,-0.01567,-0.01005
vol2|E423,60300,4.67,0.02918,-0.01846
vol2|E423,60300,6.2,0.01683,-0.05936
vol2|E423,60300,7.73,0.03529,-0.06575
vol2|E423,60300,9.23,0.02295,-0.07895
vol2|E423,60300,10.75,0.01694,-0.07654
vol2|E423,99700,-4.42,0.03040,0.00510
vol2|E423,99700,-2.9,-0.00726,-0.04399
vol2|E423,99700,-1.29,-0.01952,-0.04344
vol2|E423,99700,0.21,0.01827,-0.09050
vol2|E423,99700,1.76,0.05809,-0.11424
vol2|E423,99700,3.28,0.19341,-0.12897
vol2|E423,99700,4.85,0.20247,-0.10403
vol2|E423,99700,6.22,0.20009,-0.06523
vol2|E423,99700,7.71,0.21773,-0.08163
vol2|E423,99700,9.25,0.23391,-0.08727
vol2|E423,99700,10.7,0.21057,-0.08046
vol2|E423,198600,-4.43,-0.00640,-0.05863
vol2|E423,198600,-2.88,0.04707,-0.04827
vol2|E423,198600,-1.29,0.07887,-0.08037
vol2|E423,198600,0.2,0.06591,-0.09624
vol2|E423,198600,1.76,0.04829,-0.11993
vol2|E423,198600,3.32,0.05153,-0.14167
vol2|E423,198600,4.85,0.05268,-0.17162
vol2|E423,198600,7.22,0.04904,-0.18093
vol2|E423,198600,7.9,0.07043,-0.18159
vol2|E423,198600,9.32,0.07393,-0.17641
vol2|E423,198600,11.0,0.08358,-0.18009
vol2|E423,296900,-2.31,0.09923,-0.08486
vol2|E423,296900,-0.76,0.09043,-0.09190
vol2|E423,296900,0.76,0.08860,-0.10723
vol2|E423,296900,2.3,0.06556,-0.14807
vol2|E423,296900,3.83,0.10000,-0.15430
vol2|E423,296900,5.36,0.06868,-0.17476
vol2|E423,296900,6.89,0.07385,-0.17756
vol2|E423,296900,8.44,0.08284,-0.17792
vol2|E423,296900,9.93,0.08244,-0.18100
vol2|E423,296900,11.47,0.07475,-0.17041
vol2|E423,300800,-4.48,0.02412,-0.10541
vol2|E423,300800,-3.38,0.10370,-0.09227
vol2|M6 (65%),60600,-5.53,-0.19530,0.10250
vol2|M6 (65%),60600,-3.45,-0.19801,0.12430
vol2|M6 (65%),60600,-2.47,-0.19193,0.10661
vol2|M6 (65%),60600,-0.94,-0.05568,-0.02003
vol2|M6 (65%),60600,0.59,-0.03711,-0.06466
vol2|M6 (65%),60600,2.12,-0.03469,-0.08930
vol2|M6 (65%),60600,3.67,-0.02445,-0.09063
vol2|M6 (65%),60600,5.18,-0.03310,-0.08850
vol2|M6 (65%),60600,6.75,-0.03744,-0.10347
vol2|M6 (65%),60600,8.26,-0.04129,-0.13211
vol2|M6 (65%),60600,9.79,-0.04716,-0.12931
vol2|M6 (65%),100000,-5.54,-0.15239,0.11467
vol2|M6 (65%),100000,-4.01,-0.12671,0.05307
vol2|M6 (65%),100000,-2.47,-0.06502,0.00084
vol2|M6 (65%),100000,-0.92,-0.00085,-0.06161
vol2|M6 (65%),100000,0.59,0.02351,-0.07805
vol2|M6 (65%),100000,2.16,0.02382,-0.08815
vol2|M6 (65%),100000,3.67,0.04442,-0.09615
vol2|M6 (65%),100000,5.19,0.03527,-0.10600
vol2|M6 (65%),100000,6.75,0.03037,-0.11161
vol2|M6 (65%),100000,8.26,0.03591,-0.11745
vol2|M6 (65%),100000,9.8,0.02085,-0.10844
vol2|M6 (65%),200900,-5.54,-0.11104,0.04517
vol2|M6 (65%),200900,-4.0,-0.05196,-0.02075
vol2|M6 (65%),200900,-2.47,-0.04176,-0.03886
vol2|M6 (65%),200900,-0.95,-0.00180,-0.06822
vol2|M6 (65%),200900,0.58,0.00412,-0.08476
vol2|M6 (65%),200900,2.14,0.00766,-0.08790
vol2|M6 (65%),200900,3.68,0.04644,-0.09294
vol2|M6 (65%),200900,5.87,0.04790,-0.10310
vol2|M6 (65%),200900,6.75,0.04773,-0.10727
vol2|M6 (65%),200900,8.27,0.05196,-0.11005
vol2|M6 (65%),200900,9.81,0.04315,-0.10700
vol2|M6 (65%),300500,-5.55,0.00550,0.02131
vol2|M6 (65%),300500,-4.02,0.02380,-0.02170
vol2|M6 (65%),300500,-2.48,0.00540,-0.04302
vol2|M6 (65%),300500,-0.96,0.02158,-0.05000
vol2|M6 (65%),300500,0.59,0.04022,-0.06729
vol2|M6 (65%),300500,2.23,0.04134,-0.08047
vol2|M6 (65%),300500,3.68,0.07033,-0.08122
vol2|M6 (65%),300500,5.23,0.07639,-0.08773
vol2|M6 (65%),300500,6.75,0.07122,-0.09424
vol2|M6 (65%),300500,8.28,0.08941,-0.10086
vol2|M6 (65%),300500,9.8,0.08696,-0.10550
vol2|M6 (85%),60000,-5.48,-0.07974,0.00293
vol2|M6 (85%),60000,-4.03,-0.13768,0.03541
vol2|M6 (85%),60000,-2.45,-0.10390,0.01381
vol2|M6 (85%),60000,-0.91,-0.00371,-0.12128
vol2|M6 (85%),60000,0.64,-0.00897,-0.18211
vol2|M6 (85%),60000,2.2,-0.00782,-0.19333
vol2|M6 (85%),60000,3.74,0.00370,-0.19449
vol2|M6 (85%),60000,5.26,0.00790,-0.19345
vol2|M6 (85%),60000,6.79,0.01788,-0.21442
vol2|M6 (85%),60000,8.32,0.04465,-0.22827
vol2|M6 (85%),60000,9.84,0.03790,-0.22767
vol2|M6 (85%),100400,-4.31,-0.07612,-0.00839
vol2|M6 (85%),100400,-2.96,-0.04889,-0.04514
vol2|M6 (85%),100400,-1.43,-0.00665,-0.13468
vol2|M6 (85%),100400,0.15,0.01590,-0.16615
vol2|M6 (85%),100400,1.68,0.02192,-0.17768
vol2|M6 (85%),100400,3.23,0.03160,-0.17612
vol2|M6 (85%),100400,4.75,0.04307,-0.18620
vol2|M6 (85%),100400,6.29,0.04463,-0.18851
vol2|M6 (85%),100400,7.82,0.06984,-0.18467
vol2|M6 (85%),100400,9.33,0.05978,-0.18181
vol2|M6 (85%),100400,10.85,0.21051,-0.17627
vol2|M6 (85%),200400,-4.79,0.02245,-0.05115
vol2|M6 (85%),200400,-2.32,-0.00340,-0.09292
vol2|M6 (85%),200400,-1.4,-0.00589,-0.09928
vol2|M6 (85%),200400,0.73,0.01801,-0.15580
vol2|M6 (85%),200400,1.69,0.02115,-0.16287
vol2|M6 (85%),200400,3.85,0.05633,-0.16560
vol2|M6 (85%),200400,4.75,0.06500,-0.17178
vol2|M6 (85%),200400,7.01,0.07123,-0.17685
vol2|M6 (85%),200400,7.37,0.07302,-0.17478
vol2|M6 (85%),200400,9.34,0.08376,-0.16492
vol2|M6 (85%),200400,10.86,0.21390,-0.16790
vol2|M6 (85%),300300,-4.47,0.10668,-0.07336
vol2|M6 (85%),300300,-2.9,0.07606,-0.08763
vol2|M6 (85%),300300,-2.17,0.06264,-0.09108
vol2|M6 (85%),300300,0.14,0.06557,-0.13403
vol2|M6 (85%),300300,1.68,0.07773,-0.15772
vol2|M6 (85%),300300,4.08,0.10056,-0.15962
vol2|M6 (85%),300300,5.6,0.11237,-0.16589
vol2|M6 (85%),300300,7.12,0.11886,-0.17263
vol2|M6 (85%),300300,7.81,0.13199,-0.16292
vol2|M6 (85%),300300,9.34,0.15011,-0.15426
vol2|M6 (85%),300300,11.52,0.22744,-0.14389
vol2|MA409,59600,-4.95,-0.35423,0.04822
vol2|MA409,59600,-3.47,-0.18095,0.01767
vol2|MA409,59600,-1.99,-0.03766,0.00044
vol2|MA409,59600,-0.42,-0.02644,-0.03014
vol2|MA409,59600,1.11,-0.00853,-0.04808
vol2|MA409,59600,2.66,-0.04897,-0.05395
vol2|MA409,59600,4.25,-0.07364,-0.13073
vol2|MA409,59600,5.75,-0.05981,-0.16245
vol2|MA409,59600,7.26,-0.30037,-0.14322
vol2|MA409,59600,8.8,-0.54816,-0.15633
vol2|MA409,59600,10.33,-0.68557,-0.01380
vol2|MA409,99700,-5.98,-0.26093,0.05062
vol2|MA409,99700,-4.5,-0.22190,0.02440
vol2|MA409,99700,-3.0,-0.01879,0.00159
vol2|MA409,99700,-1.43,-0.01771,-0.00718
vol2|MA409,99700,0.11,0.00752,-0.03625
vol2|MA409,99700,1.65,-0.00999,-0.09243
vol2|MA409,99700,3.16,0.01809,-0.12025
vol2|MA409,99700,4.74,0.04222,-0.16105
vol2|MA409,99700,6.3,-0.12872,-0.14611
vol2|MA409,99700,7.79,-0.20885,-0.15115
vol2|MA409,99700,9.29,-0.52991,-0.10633
vol2|MA409,199700,-6.04,-0.32904,0.01032
vol2|MA409,199700,-4.41,-0.00097,-0.01522
vol2|MA409,199700,-2.87,-0.00339,-0.02467
vol2|MA409,199700,-1.37,0.02416,-0.09077
vol2|MA409,199700,0.07,0.03800,-0.12301
vol2|MA409,199700,2.84,0.08277,-0.16222
vol2|MA409,199700,3.14,0.08744,-0.16762
vol2|MA409,199700,4.72,0.08664,-0.17592
vol2|MA409,199700,6.24,-0.03176,-0.15324
vol2|MA409,199700,7.79,-0.22820,-0.13809
vol2|MA409,199700,9.33,-0.30585,-0.14864
vol2|MA409,299200,-5.99,-0.28562,0.01466
vol2|MA409,299200,-4.54,0.05207,-0.02379
vol2|MA409,299200,-2.95,0.06158,-0.10789
vol2|MA409,299200,-1.46,0.09650,-0.11052
vol2|MA409,299200,0.1,0.11524,-0.14063
vol2|MA409,299200,1.65,0.13058,-0.14942
vol2|MA409,299200,3.27,0.16495,-0.13825
vol2|MA409,299200,6.08,-0.04302,-0.15488
vol2|MA409,299200,6.37,-0.03738,-0.15473
vol2|MA409,299200,7.79,-0.15483,-0.12303
vol2|MA409,299200,9.23,-0.21909,-0.16351
vol2|MH32,59500,-4.26,-0.23377,0.09047
vol2|MH32,59500,-2.25,-0.12780,0.08260
vol2|MH32,59500,-0.71,-0.12036,0.06394
vol2|MH32,59500,0.75,-0.07861,0.06081
vol2|MH32,59500,2.39,0.00648,0.02142
vol2|MH32,59500,3.83,0.01314,-0.05761
vol2|MH32,59500,5.45,0.00683,-0.08714
vol2|MH32,59500,6.99,0.00562,-0.08738
vol2|MH32,59500,8.52,-0.14416,-0.09284
vol2|MH32,59500,10.03,-0.17014,-0.09656
vol2|MH32,59500,11.56,-0.12684,0.03039
vol2|MH32,99400,-3.82,-0.21725,0.08210
vol2|MH32,99400,-2.26,-0.11167,0.05876
vol2|MH32,99400,-0.72,-0.10464,0.01217
vol2|MH32,99400,0.84,-0.02506,-0.01394
vol2|MH32,99400,2.39,0.03676,-0.06608
vol2|MH32,99400,3.93,0.04432,-0.09170
vol2|MH32,99400,5.47,0.03655,-0.09621
vol2|MH32,99400,6.99,0.02246,-0.08973
vol2|MH32,99400,8.52,-0.04713,-0.10135
vol2|MH32,99400,10.04,-0.07921,-0.11807
vol2|MH32,99400,11.55,0.08731,-0.06188
vol2|MH32,199100,-3.77,-0.15435,0.06886
vol2|MH32,199100,-2.23,-0.04695,0.03266
vol2|MH32,199100,-0.69,-0.00620,-0.02429
vol2|MH32,199100,1.28,0.03423,-0.05790
vol2|MH32,199100,2.38,0.07179,-0.07406
vol2|MH32,199100,3.94,0.07646,-0.07845
vol2|MH32,199100,5.46,0.06252,-0.07855
vol2|MH32,199100,7.01,0.02744,-0.07420
vol2|MH32,199100,8.53,0.00731,-0.07588
vol2|MH32,199100,10.02,-0.04255,-0.07859
vol2|MH32,199100,11.57,0.04381,-0.06703
vol2|MH32,298800,-3.77,-0.06099,0.07647
vol2|MH32,298800,-2.22,0.02884,0.05710
vol2|MH32,298800,-0.69,0.07986,0.03891
vol2|MH32,298800,0.86,0.08983,0.00792
vol2|MH32,298800,2.93,0.14379,-0.00602
vol2|MH32,298800,3.95,0.14078,-0.01002
vol2|MH32,298800,5.47,0.10804,-0.02291
vol2|MH32,298800,7.01,0.06735,-0.02140
vol2|MH32,298800,8.54,-0.04914,-0.02537
vol2|MH32,298800,10.0,-0.06775,-0.02902
vol2|MH32,298800,11.58,0.07159,-0.02269
vol2|NACA 2414,60200,-4.91,-0.09814,0.15172
vol2|NACA 2414,60200,-3.37,-0.09395,0.13941
vol2|NACA 2414,60200,-1.86,-0.09254,0.12493
vol2|NACA 2414,60200,-0.31,0.01873,0.04524
vol2|NACA 2414,60200,1.25,0.04602,-0.01804
vol2|NACA 2414,60200,2.8,0.04641,-0.06155
vol2|NACA 2414,60200,4.33,0.06572,-0.07678
vol2|NACA 2414,60200,5.87,0.05881,-0.08404
vol2|NACA 2414,60200,7.41,0.05488,-0.10024
vol2|NACA 2414,60200,8.95,0.00650,-0.09399
vol2|NACA 2414,60200,11.25,-0.04365,-0.09888
vol2|NACA 2414,100300,-6.24,-0.03711,0.12504
vol2|NACA 2414,100300,-3.36,-0.11151,0.09326
vol2|NACA 2414,100300,-1.84,-0.03214,0.04159
vol2|NACA 2414,100300,-0.26,0.04089,-0.02225
vol2|NACA 2414,100300,1.31,0.07503,-0.06832
vol2|NACA 2414,100300,2.83,0.08265,-0.08333
vol2|NACA 2414,100300,4.35,0.08822,-0.08288
vol2|NACA 2414,100300,5.88,0.07483,-0.08407
vol2|NACA 2414,100300,7.42,0.07308,-0.09891
vol2|NACA 2414,100300,8.95,0.06472,-0.08562
vol2|NACA 2414,100300,10.47,0.03935,-0.07744
vol2|NACA 2414,200500,-4.88,-0.11282,0.09294
vol2|NACA 2414,200500,-3.28,-0.03125,0.04437
vol2|NACA 2414,200500,-1.77,0.02976,0.00811
vol2|NACA 2414,200500,-0.28,0.06422,-0.01488
vol2|NACA 2414,200500,1.28,0.06929,-0.05737
vol2|NACA 2414,200500,2.81,0.08327,-0.07561
vol2|NACA 2414,200500,4.34,0.08914,-0.07673
vol2|NACA 2414,200500,5.9,0.08063,-0.07261
vol2|NACA 2414,200500,7.44,0.07741,-0.07686
vol2|NACA 2414,200500,8.96,0.06577,-0.07164
vol2|NACA 2414,200500,10.48,0.05359,-0.06975
vol2|NACA 2414,301000,-4.87,-0.04654,0.05966
vol2|NACA 2414,301000,-3.35,0.04786,0.03039
vol2|NACA 2414,301000,-1.8,0.07311,-0.00168
vol2|NACA 2414,301000,-0.23,0.07978,-0.01599
vol2|NACA 2414,301000,1.27,0.08160,-0.03151
vol2|NACA 2414,301000,2.86,0.10681,-0.05330
vol2|NACA 2414,301000,4.37,0.11353,-0.06103
vol2|NACA 2414,301000,5.89,0.10264,-0.05932
vol2|NACA 2414,301000,7.42,0.10506,-0.06124
vol2|NACA 2414,301000,8.94,0.08604,-0.06566
vol2|NACA 2414,301000,10.47,0.07728,-0.05639
vol2|NACA 2415,59700,-4.9,-0.02988,0.11310
vol2|NACA 2415,59700,-3.38,-0.07347,0.10017
vol2|NACA 2415,59700,-1.82,-0.06799,0.08266
vol2|NACA 2415,59700,-0.29,0.01759,-0.01210
vol2|NACA 2415,59700,1.25,0.03242,-0.08046
vol2|NACA 2415,59700,2.77,0.04936,-0.09652
vol2|NACA 2415,59700,4.31,0.05414,-0.11889
vol2|NACA 2415,59700,5.87,0.05784,-0.12461
vol2|NACA 2415,59700,7.41,0.04637,-0.13103
vol2|NACA 2415,59700,8.93,0.00597,-0.13077
vol2|NACA 2415,59700,10.46,-0.02323,-0.14372
vol2|NACA 2415,100600,-4.92,-0.07741,0.10417
vol2|NACA 2415,100600,-2.42,-0.03075,0.02793
vol2|NACA 2415,100600,-1.81,-0.03970,0.01880
vol2|NACA 2415,100600,-0.28,0.01778,-0.06292
vol2|NACA 2415,100600,1.29,0.05870,-0.09925
vol2|NACA 2415,100600,2.82,0.06529,-0.11339
vol2|NACA 2415,100600,4.34,0.05314,-0.12216
vol2|NACA 2415,100600,5.89,0.03485,-0.11974
vol2|NACA 2415,100600,8.42,0.01647,-0.12031
vol2|NACA 2415,100600,8.94,0.00945,-0.12212
vol2|NACA 2415,100600,10.46,0.00462,-0.11347
vol2|NACA 2415,200600,-4.87,-0.03934,0.04948
vol2|NACA 2415,200600,-3.29,-0.02872,0.01053
vol2|NACA 2415,200600,-1.8,0.01120,-0.02172
vol2|NACA 2415,200600,-0.22,0.02581,-0.05363
vol2|NACA 2415,200600,1.25,0.02315,-0.07207
vol2|NACA 2415,200600,2.81,0.04216,-0.10183
vol2|NACA 2415,200600,4.35,0.04004,-0.10900
vol2|NACA 2415,200600,5.86,0.04072,-0.10572
vol2|NACA 2415,200600,7.42,0.03670,-0.10606
vol2|NACA 2415,200600,8.95,0.02289,-0.09964
vol2|NACA 2415,200600,11.35,0.12787,-0.10162
vol2|NACA 2415,301100,-4.88,-0.02457,0.02258
vol2|NACA 2415,301100,-3.43,-0.00027,-0.00418
vol2|NACA 2415,301100,-1.79,0.04743,-0.03820
vol2|NACA 2415,301100,-0.28,0.04690,-0.04872
vol2|NACA 2415,301100,1.26,0.05212,-0.05722
vol2|NACA 2415,301100,2.83,0.06424,-0.07812
vol2|NACA 2415,301100,4.36,0.05342,-0.10062
vol2|NACA 2415,301100,5.89,0.05913,-0.09606
vol2|NACA 2415,301100,7.43,0.05578,-0.09302
vol2|NACA 2415,301100,8.94,0.03864,-0.09372
vol2|NACA 2415,301100,10.47,0.05297,-0.08374
vol2|RG15 (C),59700,-6.48,-0.43788,0.07228
vol2|RG15 (C),59700,-4.99,-0.23178,0.07720
vol2|RG15 (C),59700,-3.47,-0.19236,0.07581
vol2|RG15 (C),59700,-1.96,-0.15782,0.04400
vol2|RG15 (C),59700,-0.4,-0.14744,0.04179
vol2|RG15 (C),59700,1.14,-0.11494,0.03432
vol2|RG15 (C),59700,2.71,-0.04259,-0.00504
vol2|RG15 (C),59700,4.24,-0.02224,-0.08766
vol2|RG15 (C),59700,5.77,-0.01993,-0.09386
vol2|RG15 (C),59700,7.3,-0.08588,-0.09865
vol2|RG15 (C),59700,8.82,-0.16502,-0.11429
vol2|RG15 (C),59900,-6.5,-0.43788,0.06891
vol2|RG15 (C),59900,-4.96,-0.23280,0.07700
vol2|RG15 (C),59900,-3.43,-0.19381,0.07581
vol2|RG15 (C),59900,-1.93,-0.15782,0.04400
vol2|RG15 (C),59900,-0.39,-0.14744,0.04179
vol2|RG15 (C),59900,1.15,-0.11169,0.02523
vol2|RG15 (C),59900,2.72,-0.04259,-0.00504
vol2|RG15 (C),59900,4.26,-0.02224,-0.08766
vol2|RG15 (C),59900,5.8,-0.01993,-0.09386
vol2|RG15 (C),59900,7.31,-0.08588,-0.09865
vol2|RG15 (C),59900,8.84,-0.16502,-0.11794
vol2|RG15 (C),60100,-8.56,-0.21349,0.07631
vol2|RG15 (C),60100,-7.01,-0.28103,0.10609
vol2|RG15 (C),60100,-5.46,-0.21062,0.07400
vol2|RG15 (C),60100,-3.97,-0.22639,0.08887
vol2|RG15 (C),60100,-2.42,-0.14965,0.05758
vol2|RG15 (C),60100,-0.89,-0.15719,0.04881
vol2|RG15 (C),60100,0.66,-0.12554,0.03718
vol2|RG15 (C),60100,2.25,-0.07220,0.01231
vol2|RG15 (C),60100,3.79,-0.02514,-0.07564
vol2|RG15 (C),60100,5.3,-0.02121,-0.09066
vol2|RG15 (C),60100,6.8,-0.03386,-0.08837
vol2|RG15 (C),60300,-6.53,-0.42998,0.06947
vol2|RG15 (C),60300,-4.98,-0.23605,0.07908
vol2|RG15 (C),60300,-3.46,-0.19663,0.07890
vol2|RG15 (C),60300,-1.92,-0.16209,0.04709
vol2|RG15 (C),60300,-0.41,-0.15171,0.04488
vol2|RG15 (C),60300,1.12,-0.11921,0.03817
vol2|RG15 (C),60300,2.7,-0.04686,-0.00204
vol2|RG15 (C),60300,4.23,-0.02651,-0.08457
vol2|RG15 (C),60300,5.76,-0.02420,-0.09077
vol2|RG15 (C),60300,7.27,-0.08345,-0.09556
vol2|RG15 (C),60300,8.8,-0.16929,-0.11395
vol2|RG15 (C),99600,-8.55,-0.23866,0.08250
vol2|RG15 (C),99600,-6.99,-0.31961,0.08565
vol2|RG15 (C),99600,-5.48,-0.24015,0.10259
vol2|RG15 (C),99600,-3.95,-0.19087,0.09036
vol2|RG15 (C),99600,-2.41,-0.12967,0.07582
vol2|RG15 (C),99600,-0.87,-0.15354,0.05126
vol2|RG15 (C),99600,0.66,-0.07872,0.01021
vol2|RG15 (C),99600,2.25,-0.01850,-0.03204
vol2|RG15 (C),99600,3.78,0.01035,-0.07308
vol2|RG15 (C),99600,5.3,0.01151,-0.08072
vol2|RG15 (C),99600,6.79,-0.00012,-0.07759
vol2|RG15 (C),99800,-6.48,-0.39718,0.06766
vol2|RG15 (C),99800,-4.98,-0.21126,0.07542
vol2|RG15 (C),99800,-3.46,-0.16950,0.06635
vol2|RG15 (C),99800,-1.93,-0.14155,0.05110
vol2|RG15 (C),99800,-0.37,-0.15408,0.03462
vol2|RG15 (C),99800,1.2,-0.06654,-0.02201
vol2|RG15 (C),99800,2.73,-0.00969,-0.05684
vol2|RG15 (C),99800,4.26,0.01151,-0.08695
vol2|RG15 (C),99800,5.78,0.01151,-0.08678
vol2|RG15 (C),99800,7.3,-0.02968,-0.09110
vol2|RG15 (C),99800,8.82,-0.06110,-0.10307
vol2|RG15 (C),100100,-6.49,-0.39810,0.06017
vol2|RG15 (C),100100,-4.98,-0.21320,0.06833
vol2|RG15 (C),100100,-3.47,-0.17144,0.05886
vol2|RG15 (C),100100,-1.97,-0.14095,0.04441
vol2|RG15 (C),100100,-0.4,-0.15602,0.02713
vol2|RG15 (C),100100,1.18,-0.06848,-0.02949
vol2|RG15 (C),100100,2.71,-0.01163,-0.05964
vol2|RG15 (C),100100,4.23,0.00957,-0.08795
vol2|RG15 (C),100100,5.78,0.00957,-0.08778
vol2|RG15 (C),100100,7.32,-0.03162,-0.09211
vol2|RG15 (C),100100,8.85,-0.06201,-0.10407
vol2|RG15 (C),100100,-6.48,-0.39810,0.06017
vol2|RG15 (C),100100,-4.97,-0.21320,0.06794
vol2|RG15 (C),100100,-3.45,-0.17144,0.05886
vol2|RG15 (C),100100,-1.93,-0.14349,0.04361
vol2|RG15 (C),100100,-0.37,-0.15602,0.02713
vol2|RG15 (C),100100,1.18,-0.06848,-0.02949
vol2|RG15 (C),100100,2.72,-0.01163,-0.05964
vol2|RG15 (C),100100,4.26,0.00957,-0.08721
vol2|RG15 (C),100100,5.79,0.00957,-0.08778
vol2|RG15 (C),100100,7.32,-0.03162,-0.09211
vol2|RG15 (C),100100,8.83,-0.06201,-0.10407
vol2|RG15 (C),199200,-8.5,-0.19799,0.06726
vol2|RG15 (C),199200,-6.89,-0.25865,0.05728
vol2|RG15 (C),199200,-5.53,-0.18529,0.07769
vol2|RG15 (C),199200,-3.9,-0.14230,0.06051
vol2|RG15 (C),199200,-2.32,-0.08620,0.04746
vol2|RG15 (C),199200,-0.83,-0.07400,0.01978
vol2|RG15 (C),199200,0.81,-0.01344,-0.03509
vol2|RG15 (C),199200,2.23,0.01156,-0.06687
vol2|RG15 (C),199200,3.74,0.04017,-0.07371
vol2|RG15 (C),199200,5.29,0.01968,-0.07587
vol2|RG15 (C),199200,6.81,0.01364,-0.07157
vol2|RG15 (C),199400,-6.44,-0.25040,0.05732
vol2|RG15 (C),199400,-4.96,-0.14402,0.07031
vol2|RG15 (C),199400,-3.37,-0.12115,0.06283
vol2|RG15 (C),199400,-0.61,-0.06863,0.01969
vol2|RG15 (C),199400,-0.34,-0.05416,-0.00528
vol2|RG15 (C),199400,1.19,-0.00784,-0.04132
vol2|RG15 (C),199400,2.76,0.03382,-0.06687
vol2|RG15 (C),199400,4.26,0.04224,-0.07448
vol2|RG15 (C),199400,5.79,0.01246,-0.07260
vol2|RG15 (C),199400,7.31,0.02217,-0.07421
vol2|RG15 (C),200000,-6.49,-0.25510,0.06062
vol2|RG15 (C),200000,-4.99,-0.13727,0.06765
vol2|RG15 (C),200000,-3.45,-0.11440,0.06237
vol2|RG15 (C),200000,-1.9,-0.08761,0.04279
vol2|RG15 (C),200000,-0.36,-0.06097,-0.00398
vol2|RG15 (C),200000,1.19,-0.01465,-0.04132
vol2|RG15 (C),200000,2.72,0.02701,-0.06687
vol2|RG15 (C),200000,4.26,0.03543,-0.07448
vol2|RG15 (C),200000,5.8,0.00565,-0.07260
vol2|RG15 (C),200000,7.34,0.01536,-0.07421
vol2|RG15 (C),200000,8.86,-0.02514,-0.08373
vol2|RG15 (C),200400,-6.39,-0.25361,0.05732
vol2|RG15 (C),200400,-4.99,-0.13727,0.06765
vol2|RG15 (C),200400,-2.15,-0.08107,0.04716
vol2|RG15 (C),200400,-1.92,-0.08761,0.04259
vol2|RG15 (C),200400,-0.37,-0.06097,-0.00398
vol2|RG15 (C),200400,1.15,-0.01465,-0.04132
vol2|RG15 (C),200400,2.71,0.02701,-0.06687
vol2|RG15 (C),200400,4.24,0.03428,-0.07498
vol2|RG15 (C),200400,5.79,0.00565,-0.07260
vol2|RG15 (C),200400,7.32,0.01536,-0.07421
vol2|RG15 (C),200400,8.84,-0.02242,-0.08373
vol2|RG15 (C),201000,-1.89,-0.08816,0.04279
vol2|RG15 (C),298700,-7.48,-0.16875,0.09170
vol2|RG15 (C),298700,-5.93,-0.09876,0.12003
vol2|RG15 (C),298700,-4.41,-0.07852,0.11024
vol2|RG15 (C),298700,-2.89,-0.05257,0.10131
vol2|RG15 (C),298700,-1.33,-0.00074,0.09039
vol2|RG15 (C),298700,0.23,0.05485,0.04221
vol2|RG15 (C),298700,1.71,0.05150,0.00827
vol2|RG15 (C),298700,3.3,0.09703,0.00486
vol2|RG15 (C),298700,4.67,0.08293,-0.01378
vol2|RG15 (C),298700,6.29,0.06746,-0.01225
vol2|RG15 (C),298700,7.89,0.07410,-0.01648
vol2|RG15 (C),299100,-6.47,-0.12847,0.05507
vol2|RG15 (C),299100,-4.97,-0.06868,0.05812
vol2|RG15 (C),299100,-3.42,-0.06067,0.05823
vol2|RG15 (C),299100,-2.04,-0.01234,0.04875
vol2|RG15 (C),299100,-0.4,0.02050,0.00844
vol2|RG15 (C),299100,1.19,0.05339,-0.03435
vol2|RG15 (C),299100,2.68,0.08569,-0.04710
vol2|RG15 (C),299100,4.23,0.08055,-0.06808
vol2|RG15 (C),299100,5.76,0.06902,-0.06715
vol2|RG15 (C),299100,7.32,0.07800,-0.06781
vol2|RG15 (C),299100,8.81,-0.00458,-0.07769
vol2|RG15 (C),300000,-6.57,-0.13396,0.04654
vol2|RG15 (C),300000,-4.98,-0.07568,0.04710
vol2|RG15 (C),300000,-3.56,-0.07984,0.04722
vol2|RG15 (C),300000,-1.91,-0.03426,0.02186
vol2|RG15 (C),300000,-0.37,-0.02486,-0.01330
vol2|RG15 (C),300000,1.19,0.00176,-0.05178
vol2|RG15 (C),300000,2.75,0.03406,-0.06651
vol2|RG15 (C),300000,4.27,0.04316,-0.07400
vol2|RG15 (C),300000,5.78,0.03163,-0.07307
vol2|RG15 (C),300000,7.3,0.04581,-0.07373
vol2|RG15 (C),300000,8.85,-0.06261,-0.08361
vol2|RG15 (C),300300,-6.53,-0.13940,0.05170
vol2|RG15 (C),300300,-4.99,-0.07568,0.04710
vol2|RG15 (C),300300,-1.73,-0.04010,0.02435
vol2|RG15 (C),300300,-1.92,-0.03426,0.02259
vol2|RG15 (C),300300,-0.38,-0.02486,-0.01330
vol2|RG15 (C),300300,1.16,0.00176,-0.05178
vol2|RG15 (C),300300,2.69,0.03406,-0.06651
vol2|RG15 (C),300300,4.24,0.04316,-0.07400
vol2|RG15 (C),300300,5.79,0.03163,-0.07307
vol2|RG15 (C),300300,7.32,0.04061,-0.07373
vol2|RG15 (C),300300,8.83,-0.06261,-0.08361
vol2|S4083 (A),60000,-3.46,-0.25190,0.11932
vol2|S4083 (A),60000,-2.17,-0.17495,0.10411
vol2|S4083 (A),60000,-0.59,-0.09707,0.05063
vol2|S4083 (A),60000,0.98,-0.01473,-0.01085
vol2|S4083 (A),60000,2.52,0.01203,-0.03760
vol2|S4083 (A),60000,4.06,0.01333,-0.05785
vol2|S4083 (A),60000,5.59,0.01667,-0.07748
vol2|S4083 (A),60000,7.11,0.01579,-0.09640
vol2|S4083 (A),60000,8.65,-0.03967,-0.07902
vol2|S4083 (A),60000,10.18,-0.23572,-0.09235
vol2|S4083 (A),60000,11.7,-0.26167,-0.03242
vol2|S4083 (A),100000,-4.68,-0.22590,0.08980
vol2|S4083 (A),100000,-3.12,-0.15645,0.09126
vol2|S4083 (A),100000,-1.6,-0.04640,0.05921
vol2|S4083 (A),100000,2.01,0.04069,-0.04190
vol2|S4083 (A),100000,3.56,0.05327,-0.05179
vol2|S4083 (A),100000,5.07,0.05449,-0.05813
vol2|S4083 (A),100000,6.45,0.04953,-0.07202
vol2|S4083 (A),100000,8.16,0.02955,-0.07295
vol2|S4083 (A),100000,9.67,0.00953,-0.08559
vol2|S4083 (A),100000,11.19,0.04427,-0.11470
vol2|S4083 (A),100600,-0.07,-0.00225,-0.00544
vol2|S4083 (A),199100,-4.56,-0.21176,0.10863
vol2|S4083 (A),199100,-3.12,-0.07614,0.09714
vol2|S4083 (A),199100,-1.75,0.00399,0.05381
vol2|S4083 (A),199100,-0.05,0.04378,-0.00627
vol2|S4083 (A),199100,1.49,0.05921,-0.02210
vol2|S4083 (A),199100,3.06,0.07057,-0.02906
vol2|S4083 (A),199100,4.58,0.07580,-0.03467
vol2|S4083 (A),199100,6.11,0.07480,-0.04083
vol2|S4083 (A),199100,7.65,0.07220,-0.04614
vol2|S4083 (A),199100,9.18,0.04710,-0.06373
vol2|S4083 (A),199100,10.71,-0.07675,-0.06716
vol2|S4083 (A),299000,-4.69,-0.16001,0.08142
vol2|S4083 (A),299000,-3.09,0.01141,0.05694
vol2|S4083 (A),299000,-1.6,0.11342,0.00611
vol2|S4083 (A),299000,-0.05,0.07522,-0.01060
vol2|S4083 (A),299000,1.5,0.10955,-0.00849
vol2|S4083 (A),299000,3.04,0.11777,-0.02699
vol2|S4083 (A),299000,4.58,0.13676,-0.02595
vol2|S4083 (A),299000,6.12,0.13683,-0.04378
vol2|S4083 (A),299000,7.65,0.13669,-0.04645
vol2|S4083 (A),299000,9.19,-0.00266,-0.07522
vol2|S4083 (A),299000,10.73,-0.02501,-0.06429
vol2|S4083 (B),59800,-3.85,-0.37936,0.12301
vol2|S4083 (B),59800,-2.32,-0.15445,0.05735
vol2|S4083 (B),59800,-0.79,-0.02975,0.01676
vol2|S4083 (B),59800,0.77,0.00342,-0.04311
vol2|S4083 (B),59800,2.18,0.02487,-0.07130
vol2|S4083 (B),59800,3.84,0.04383,-0.08154
vol2|S4083 (B),59800,5.37,0.04679,-0.09697
vol2|S4083 (B),59800,6.91,0.01520,-0.11570
vol2|S4083 (B),59800,8.44,-0.02409,-0.10735
vol2|S4083 (B),59800,9.93,-0.19470,-0.10693
vol2|S4083 (B),59800,11.47,-0.43783,-0.04235
vol2|S4083 (B),99200,-3.74,-0.30847,0.08395
vol2|S4083 (B),99200,-2.34,-0.07147,0.04476
vol2|S4083 (B),99200,-0.78,0.03008,0.00167
vol2|S4083 (B),99200,0.77,0.05267,-0.05467
vol2|S4083 (B),99200,2.3,0.05976,-0.07012
vol2|S4083 (B),99200,3.81,0.07679,-0.07577
vol2|S4083 (B),99200,5.37,0.07617,-0.08870
vol2|S4083 (B),99200,6.91,0.06218,-0.11198
vol2|S4083 (B),99200,8.46,0.03034,-0.09861
vol2|S4083 (B),99200,9.97,-0.05657,-0.09969
vol2|S4083 (B),99200,11.47,-0.06843,-0.08171
vol2|S4083 (B),198800,-3.85,-0.23404,0.07846
vol2|S4083 (B),198800,-2.31,0.00874,0.02716
vol2|S4083 (B),198800,-0.76,0.03626,-0.03375
vol2|S4083 (B),198800,0.77,0.07125,-0.04901
vol2|S4083 (B),198800,2.32,0.07821,-0.05542
vol2|S4083 (B),198800,3.85,0.08342,-0.05948
vol2|S4083 (B),198800,5.4,0.08377,-0.07814
vol2|S4083 (B),198800,6.93,0.08267,-0.08677
vol2|S4083 (B),198800,8.47,0.04207,-0.07985
vol2|S4083 (B),198800,9.91,-0.04374,-0.08192
vol2|S4083 (B),198800,11.47,-0.04844,-0.07599
vol2|S4083 (B),298300,-3.77,-0.18197,0.10034
vol2|S4083 (B),298300,-2.29,0.04893,0.04329
vol2|S4083 (B),298300,-0.75,0.11410,0.01920
vol2|S4083 (B),298300,0.79,0.12923,0.00874
vol2|S4083 (B),298300,2.19,0.11176,-0.01030
vol2|S4083 (B),298300,3.87,0.13307,-0.02159
vol2|S4083 (B),298300,5.42,0.14457,-0.03348
vol2|S4083 (B),298300,6.96,0.14361,-0.04196
vol2|S4083 (B),298300,8.47,0.06923,-0.03504
vol2|S4083 (B),298300,9.99,-0.06202,-0.04133
vol2|S4083 (B),298300,11.51,-0.00985,-0.01101
vol2|S5010,59900,-4.89,-0.47107,0.11961
vol2|S5010,59900,-3.38,-0.30975,0.11875
vol2|S5010,59900,-1.84,-0.17682,0.02432
vol2|S5010,59900,-0.29,-0.12795,0.00305
vol2|S5010,59900,1.25,-0.12016,-0.02733
vol2|S5010,59900,2.79,-0.11807,-0.03877
vol2|S5010,59900,4.34,-0.09665,-0.06660
vol2|S5010,59900,5.85,-0.01181,-0.08608
vol2|S5010,59900,7.38,-0.00329,-0.10122
vol2|S5010,59900,8.93,-0.03373,-0.10859
vol2|S5010,59900,10.44,-0.08145,-0.10323
vol2|S5010,99700,-4.89,-0.42634,0.09154
vol2|S5010,99700,-3.35,-0.21043,0.03350
vol2|S5010,99700,-1.83,-0.14992,-0.01552
vol2|S5010,99700,-0.31,-0.10893,-0.03375
vol2|S5010,99700,1.24,-0.08475,-0.04326
vol2|S5010,99700,2.77,0.00716,-0.05304
vol2|S5010,99700,4.3,0.03080,-0.07456
vol2|S5010,99700,5.83,0.03792,-0.08467
vol2|S5010,99700,7.38,0.03646,-0.08678
vol2|S5010,99700,8.89,0.02065,-0.09293
vol2|S5010,99700,10.45,0.00107,-0.10876
vol2|S5010,200300,-4.92,-0.26607,0.03452
vol2|S5010,200300,-3.38,-0.12496,-0.01695
vol2|S5010,200300,-1.82,-0.05071,-0.02533
vol2|S5010,200300,-0.34,-0.01353,-0.03536
vol2|S5010,200300,1.19,0.00817,-0.05463
vol2|S5010,200300,2.75,0.02246,-0.06111
vol2|S5010,200300,4.3,0.03941,-0.06987
vol2|S5010,200300,5.85,0.04447,-0.07809
vol2|S5010,200300,7.39,0.04349,-0.07962
vol2|S5010,200300,8.94,0.04107,-0.09138
vol2|S5010,200300,10.46,0.04605,-0.10233
vol2|S5010,300600,-4.93,-0.13294,0.02272
vol2|S5010,300600,-3.38,-0.08417,-0.01424
vol2|S5010,300600,-1.86,-0.01096,-0.02202
vol2|S5010,300600,-0.32,0.02966,-0.02601
vol2|S5010,300600,1.21,0.04437,-0.04266
vol2|S5010,300600,2.75,0.06125,-0.05177
vol2|S5010,300600,4.3,0.08338,-0.06178
vol2|S5010,300600,5.83,0.08408,-0.06798
vol2|S5010,300600,7.38,0.07589,-0.06899
vol2|S5010,300600,8.91,0.07311,-0.08076
vol2|S5010,300600,10.89,0.25994,-0.09577
vol2|S7012 (B),59500,-6.84,-0.26541,0.15800
vol2|S7012 (B),59500,-5.34,-0.22438,0.12754
vol2|S7012 (B),59500,-3.82,-0.22620,0.15092
vol2|S7012 (B),59500,-2.29,-0.12247,0.12666
vol2|S7012 (B),59500,-0.77,-0.12671,0.11596
vol2|S7012 (B),59500,0.78,-0.04916,0.08606
vol2|S7012 (B),59500,2.38,0.00162,0.01626
vol2|S7012 (B),59500,3.89,0.01240,-0.01234
vol2|S7012 (B),59500,5.43,0.01359,-0.03657
vol2|S7012 (B),59500,6.95,0.00743,-0.03295
vol2|S7012 (B),59500,8.47,-0.13627,-0.04955
vol2|S7012 (B),60100,-4.86,-0.24381,0.11215
vol2|S7012 (B),60100,-3.28,-0.17895,0.11407
vol2|S7012 (B),60100,-1.78,-0.13104,0.08355
vol2|S7012 (B),60100,-0.26,-0.12764,0.07848
vol2|S7012 (B),60100,1.31,-0.02338,0.01936
vol2|S7012 (B),60100,2.85,0.00201,-0.01720
vol2|S7012 (B),60100,4.39,0.01061,-0.05388
vol2|S7012 (B),60100,5.93,0.01203,-0.05882
vol2|S7012 (B),60100,7.47,-0.05665,-0.05597
vol2|S7012 (B),60100,8.99,-0.14008,-0.07436
vol2|S7012 (B),60100,10.5,-0.04821,-0.05047
vol2|S7012 (B),60300,-4.84,-0.24680,0.11265
vol2|S7012 (B),60300,-3.31,-0.18194,0.11407
vol2|S7012 (B),60300,-1.8,-0.12776,0.08355
vol2|S7012 (B),60300,-0.25,-0.13063,0.07848
vol2|S7012 (B),60300,1.27,-0.03762,0.01947
vol2|S7012 (B),60300,2.85,-0.00098,-0.01720
vol2|S7012 (B),60300,4.38,0.00762,-0.05058
vol2|S7012 (B),60300,5.93,0.00810,-0.05882
vol2|S7012 (B),60300,7.45,-0.05296,-0.05597
vol2|S7012 (B),60300,8.97,-0.14287,-0.07436
vol2|S7012 (B),60300,10.46,-0.05940,-0.05282
vol2|S7012 (B),99700,-6.85,-0.26580,0.09430
vol2|S7012 (B),99700,-5.31,-0.23656,0.12728
vol2|S7012 (B),99700,-3.8,-0.17802,0.12067
vol2|S7012 (B),99700,-2.27,-0.10951,0.10217
vol2|S7012 (B),99700,-0.76,-0.08822,0.06961
vol2|S7012 (B),99700,0.81,0.00744,0.00036
vol2|S7012 (B),99700,2.36,0.03228,-0.03106
vol2|S7012 (B),99700,3.88,0.04305,-0.04169
vol2|S7012 (B),99700,5.43,0.04193,-0.04641
vol2|S7012 (B),99700,6.96,0.02336,-0.04352
vol2|S7012 (B),99700,8.47,-0.03004,-0.05858
vol2|S7012 (B),99900,-3.78,-0.17802,0.11414
vol2|S7012 (B),99900,-2.27,-0.10951,0.09565
vol2|S7012 (B),99900,-0.75,-0.08877,0.06309
vol2|S7012 (B),99900,0.81,0.00744,-0.00617
vol2|S7012 (B),99900,2.37,0.03228,-0.03758
vol2|S7012 (B),99900,3.9,0.04305,-0.04686
vol2|S7012 (B),99900,6.32,0.03526,-0.04833
vol2|S7012 (B),99900,6.98,0.02336,-0.04868
vol2|S7012 (B),99900,8.5,-0.03004,-0.06319
vol2|S7012 (B),99900,10.02,-0.04364,-0.08381
vol2|S7012 (B),99900,11.49,0.09911,0.02837
vol2|S7012 (B),99900,-4.85,-0.22802,0.11101
vol2|S7012 (B),99900,-3.31,-0.14547,0.10481
vol2|S7012 (B),99900,-1.78,-0.11119,0.08635
vol2|S7012 (B),99900,-0.24,-0.04501,0.03482
vol2|S7012 (B),99900,1.33,0.01948,-0.01856
vol2|S7012 (B),99900,2.87,0.03544,-0.03758
vol2|S7012 (B),99900,4.4,0.04313,-0.04837
vol2|S7012 (B),99900,5.93,0.04315,-0.04793
vol2|S7012 (B),99900,7.46,-0.00727,-0.05143
vol2|S7012 (B),99900,8.98,-0.02240,-0.07313
vol2|S7012 (B),199400,-3.78,-0.14121,0.09666
vol2|S7012 (B),199400,-2.26,-0.06275,0.08168
vol2|S7012 (B),199400,-0.73,0.03295,0.03776
vol2|S7012 (B),199400,0.81,0.02238,-0.02811
vol2|S7012 (B),199400,2.36,0.03963,-0.02883
vol2|S7012 (B),199400,3.86,0.05952,-0.03072
vol2|S7012 (B),199400,5.41,0.04753,-0.03455
vol2|S7012 (B),199400,6.95,0.03010,-0.03190
vol2|S7012 (B),199400,8.49,-0.09414,-0.04149
vol2|S7012 (B),199400,10.02,-0.08215,-0.04751
vol2|S7012 (B),199400,11.5,0.10968,-0.00359
vol2|S7012 (B),199600,-6.87,-0.22321,0.08259
vol2|S7012 (B),199600,-5.29,-0.22777,0.11348
vol2|S7012 (B),199600,-3.68,-0.12111,0.09476
vol2|S7012 (B),199600,-2.27,-0.06956,0.08168
vol2|S7012 (B),199600,-0.73,0.02614,0.03776
vol2|S7012 (B),199600,0.83,0.01558,-0.02811
vol2|S7012 (B),199600,2.36,0.03283,-0.02883
vol2|S7012 (B),199600,3.91,0.05271,-0.03072
vol2|S7012 (B),199600,5.43,0.04073,-0.03455
vol2|S7012 (B),199600,6.95,0.02329,-0.03190
vol2|S7012 (B),199600,8.47,-0.09753,-0.04149
vol2|S7012 (B),199800,-6.86,-0.22404,0.08259
vol2|S7012 (B),199800,-5.34,-0.22671,0.11348
vol2|S7012 (B),199800,-3.77,-0.14023,0.09666
vol2|S7012 (B),199800,-2.25,-0.06177,0.08168
vol2|S7012 (B),199800,-0.72,0.02614,0.03460
vol2|S7012 (B),199800,0.82,0.01558,-0.02811
vol2|S7012 (B),199800,2.34,0.03283,-0.02883
vol2|S7012 (B),199800,3.9,0.05271,-0.03072
vol2|S7012 (B),199800,5.42,0.04073,-0.03455
vol2|S7012 (B),199800,6.95,0.02329,-0.03190
vol2|S7012 (B),199800,8.47,-0.09753,-0.04149
vol2|S7012 (B),299600,-6.83,-0.17565,0.08498
vol2|S7012 (B),299600,-5.3,-0.09062,0.10130
vol2|S7012 (B),299600,-3.8,-0.09365,0.08724
vol2|S7012 (B),299600,-2.24,-0.01839,0.06107
vol2|S7012 (B),299600,-0.69,0.03000,0.01031
vol2|S7012 (B),299600,0.74,0.02538,-0.01941
vol2|S7012 (B),299600,2.36,0.05024,-0.01768
vol2|S7012 (B),299600,3.95,0.07273,-0.02389
vol2|S7012 (B),299600,5.43,0.07469,-0.02771
vol2|S7012 (B),299600,6.99,0.06134,-0.02507
vol2|S7012 (B),299600,8.46,-0.09022,-0.03333
vol2|S7012 (B),299700,-3.79,-0.09365,0.08724
vol2|S7012 (B),299700,-2.22,-0.02451,0.06107
vol2|S7012 (B),299700,-0.74,0.03000,0.01192
vol2|S7012 (B),299700,0.81,0.02538,-0.01941
vol2|S7012 (B),299700,2.34,0.05024,-0.01768
vol2|S7012 (B),299700,3.89,0.07273,-0.02389
vol2|S7012 (B),299700,5.43,0.07469,-0.02771
vol2|S7012 (B),299700,6.95,0.05077,-0.02507
vol2|S7012 (B),299700,8.49,-0.09022,-0.03333
vol2|S7012 (B),299700,10.01,-0.04425,-0.03696
vol2|S7012 (B),299700,11.51,0.10339,-0.01388
vol2|S7012 (B),299900,-6.87,-0.16595,0.08380
vol2|S7012 (B),299900,-5.33,-0.10589,0.10106
vol2|S7012 (B),299900,-3.81,-0.08993,0.08525
vol2|S7012 (B),299900,-2.26,-0.01467,0.05907
vol2|S7012 (B),299900,-0.72,0.03372,0.00992
vol2|S7012 (B),299900,0.85,0.02910,-0.02339
vol2|S7012 (B),299900,2.34,0.05395,-0.02166
vol2|S7012 (B),299900,3.75,0.07930,-0.02860
vol2|S7012 (B),299900,5.43,0.07841,-0.03169
vol2|S7012 (B),299900,6.96,0.06506,-0.02905
vol2|S7012 (B),299900,8.46,-0.08650,-0.03730
vol2|S7055,60200,-4.47,-0.33869,0.16179
vol2|S7055,60200,-2.89,-0.28065,0.14472
vol2|S7055,60200,-1.38,-0.16242,0.10277
vol2|S7055,60200,0.17,-0.01863,0.01671
vol2|S7055,60200,1.67,-0.00633,-0.00617
vol2|S7055,60200,3.24,0.01370,-0.02850
vol2|S7055,60200,4.78,0.00278,-0.05203
vol2|S7055,60200,6.28,-0.00096,-0.08063
vol2|S7055,60200,7.85,0.00156,-0.10721
vol2|S7055,60200,9.39,-0.05974,-0.09640
vol2|S7055,60200,10.9,-0.05060,-0.09076
vol2|S7055,99600,-4.45,-0.31680,0.10096
vol2|S7055,99600,-2.92,-0.11606,0.06596
vol2|S7055,99600,-1.36,-0.00244,-0.01277
vol2|S7055,99600,0.15,0.01504,-0.01838
vol2|S7055,99600,1.69,0.04052,-0.04741
vol2|S7055,99600,3.26,0.05378,-0.06181
vol2|S7055,99600,4.79,0.06747,-0.07053
vol2|S7055,99600,6.31,0.06515,-0.09630
vol2|S7055,99600,7.84,0.04968,-0.10201
vol2|S7055,99600,9.38,0.01836,-0.08535
vol2|S7055,99600,10.88,0.08126,-0.08247
vol2|S7055,99700,-5.94,-0.29979,0.14018
vol2|S7055,99700,-4.41,-0.29262,0.09705
vol2|S7055,99700,-2.86,-0.11606,0.05728
vol2|S7055,99700,-1.36,-0.00244,-0.01506
vol2|S7055,99700,0.18,0.01504,-0.02280
vol2|S7055,99700,1.74,0.03783,-0.04970
vol2|S7055,99700,3.27,0.05109,-0.06410
vol2|S7055,99700,4.81,0.06481,-0.07313
vol2|S7055,99700,6.35,0.06246,-0.10384
vol2|S7055,99700,7.87,0.04699,-0.10082
vol2|S7055,99700,9.41,0.01836,-0.08764
vol2|S7055,99700,10.89,0.08126,-0.08476
vol2|S7055,199400,-4.45,-0.15086,0.03367
vol2|S7055,199400,-2.99,-0.04631,0.00094
vol2|S7055,199400,-1.35,0.02431,-0.01622
vol2|S7055,199400,0.2,0.03196,-0.04452
vol2|S7055,199400,1.71,0.05859,-0.04587
vol2|S7055,199400,3.31,0.07450,-0.05733
vol2|S7055,199400,4.78,0.07267,-0.05802
vol2|S7055,199400,6.24,0.07160,-0.06378
vol2|S7055,199400,7.86,0.04957,-0.06798
vol2|S7055,199400,9.38,0.04324,-0.05648
vol2|S7055,199400,10.87,0.14532,-0.05898
vol2|S7055,298900,-5.94,-0.23616,0.06610
vol2|S7055,298900,-3.72,-0.05497,0.01576
vol2|S7055,298900,-2.87,-0.02080,0.00317
vol2|S7055,298900,-1.32,0.08076,0.00301
vol2|S7055,298900,0.19,0.07772,0.00206
vol2|S7055,298900,1.73,0.10414,-0.03426
vol2|S7055,298900,3.27,0.10695,-0.04728
vol2|S7055,298900,4.83,0.11525,-0.04667
vol2|S7055,298900,6.35,0.09932,-0.05507
vol2|S7055,298900,7.92,0.08812,-0.05278
vol2|S7055,298900,9.44,0.08197,-0.04718
vol2|S7055,298900,10.94,0.20435,-0.05199
vol2|S7055,299700,-4.41,-0.06837,0.01599
vol2|S7055,299700,-2.88,-0.02531,-0.02110
vol2|S7055,299700,-1.35,0.07600,-0.03279
vol2|S7055,299700,0.15,0.07136,-0.04858
vol2|S7055,299700,1.72,0.09938,-0.05123
vol2|S7055,299700,3.25,0.10700,-0.06170
vol2|S7055,299700,4.81,0.11529,-0.06109
vol2|S7055,299700,6.3,0.09481,-0.06949
vol2|S7055,299700,7.88,0.08360,-0.06720
vol2|S7075 (A),59300,-4.82,-0.50268,0.16796
vol2|S7075 (A),59300,-2.43,-0.24273,0.14497
vol2|S7075 (A),59300,-0.91,-0.16228,0.12889
vol2|S7075 (A),59300,0.63,-0.09871,0.11989
vol2|S7075 (A),59300,2.15,-0.06135,0.08620
vol2|S7075 (A),59300,3.71,-0.02687,-0.00957
vol2|S7075 (A),59300,5.26,-0.02677,-0.08110
vol2|S7075 (A),59300,6.79,-0.01641,-0.10282
vol2|S7075 (A),59300,8.28,-0.10423,-0.10692
vol2|S7075 (A),59300,9.83,-0.16044,-0.11257
vol2|S7075 (A),59300,11.34,-0.07875,-0.05185
vol2|S7075 (A),60200,-4.0,-0.31121,0.12968
vol2|S7075 (A),60200,-2.49,-0.23788,0.10822
vol2|S7075 (A),60200,-0.97,-0.15724,0.09414
vol2|S7075 (A),60200,0.58,-0.09871,0.07971
vol2|S7075 (A),60200,2.13,-0.06135,0.04540
vol2|S7075 (A),60200,3.72,-0.02687,-0.04427
vol2|S7075 (A),60200,5.24,-0.02677,-0.09610
vol2|S7075 (A),60200,6.73,-0.01641,-0.10947
vol2|S7075 (A),60200,8.28,-0.10361,-0.11357
vol2|S7075 (A),60200,9.82,-0.17531,-0.12050
vol2|S7075 (A),60200,11.33,-0.06115,-0.05985
vol2|S7075 (A),60300,-5.99,-0.44367,0.12535
vol2|S7075 (A),60300,-4.43,-0.39009,0.13855
vol2|S7075 (A),60300,-2.94,-0.25836,0.11769
vol2|S7075 (A),60300,-1.4,-0.17289,0.09907
vol2|S7075 (A),60300,0.13,-0.13167,0.09692
vol2|S7075 (A),60300,1.66,-0.06793,0.05025
vol2|S7075 (A),60300,3.21,-0.02952,-0.01790
vol2|S7075 (A),60300,4.8,-0.03168,-0.09656
vol2|S7075 (A),60300,6.31,-0.01815,-0.10711
vol2|S7075 (A),60300,7.82,-0.09187,-0.11317
vol2|S7075 (A),60300,9.33,-0.14502,-0.12615
vol2|S7075 (A),98800,3.42,0.01718,-0.08581
vol2|S7075 (A),99500,-4.98,-0.43484,0.13795
vol2|S7075 (A),99500,-3.44,-0.21437,0.12378
vol2|S7075 (A),99500,-1.93,-0.14450,0.09760
vol2|S7075 (A),99500,-0.39,-0.05259,0.06198
vol2|S7075 (A),99500,1.63,-0.01321,-0.00707
vol2|S7075 (A),99500,2.68,0.00749,-0.05195
vol2|S7075 (A),99500,4.26,0.02721,-0.08888
vol2|S7075 (A),99500,5.8,0.03083,-0.08897
vol2|S7075 (A),99500,7.3,0.01193,-0.09563
vol2|S7075 (A),99500,8.83,-0.04659,-0.10647
vol2|S7075 (A),99500,10.34,-0.04159,-0.13280
vol2|S7075 (A),99600,-6.0,-0.46625,0.13041
vol2|S7075 (A),99600,-4.46,-0.32361,0.14649
vol2|S7075 (A),99600,-2.92,-0.21569,0.11164
vol2|S7075 (A),99600,-1.4,-0.12612,0.08534
vol2|S7075 (A),99600,0.15,-0.04635,0.05271
vol2|S7075 (A),99600,1.67,-0.00854,-0.00740
vol2|S7075 (A),99600,3.25,0.01990,-0.06280
vol2|S7075 (A),99600,4.79,0.03220,-0.08925
vol2|S7075 (A),99600,6.32,0.02757,-0.10372
vol2|S7075 (A),99600,7.82,0.00010,-0.10395
vol2|S7075 (A),99600,9.34,-0.03111,-0.10925
vol2|S7075 (A),99800,-4.0,-0.25421,0.12421
vol2|S7075 (A),99800,-2.49,-0.18878,0.10753
vol2|S7075 (A),99800,-0.94,-0.08516,0.05727
vol2|S7075 (A),99800,0.62,-0.04060,0.03373
vol2|S7075 (A),99800,2.15,0.00378,-0.03330
vol2|S7075 (A),99800,3.71,0.02120,-0.08478
vol2|S7075 (A),99800,5.24,0.03341,-0.08740
vol2|S7075 (A),99800,6.77,0.02443,-0.09487
vol2|S7075 (A),99800,8.29,-0.01512,-0.10673
vol2|S7075 (A),99800,9.81,-0.03329,-0.12328
vol2|S7075 (A),99800,11.33,0.04646,-0.15274
vol2|S7075 (A),99900,-4.99,-0.41043,0.13799
vol2|S7075 (A),99900,-3.48,-0.21437,0.12412
vol2|S7075 (A),99900,-1.95,-0.14450,0.09919
vol2|S7075 (A),99900,-0.4,-0.05259,0.06202
vol2|S7075 (A),99900,1.11,-0.02791,0.02601
vol2|S7075 (A),99900,2.67,0.00749,-0.05191
vol2|S7075 (A),99900,4.23,0.02721,-0.08306
vol2|S7075 (A),99900,5.74,0.03083,-0.08912
vol2|S7075 (A),99900,7.19,0.01582,-0.09269
vol2|S7075 (A),99900,8.76,-0.04659,-0.10508
vol2|S7075 (A),99900,10.32,-0.04159,-0.13141
vol2|S7075 (A),100200,-5.0,-0.41043,0.11267
vol2|S7075 (A),100200,-3.47,-0.21437,0.10056
vol2|S7075 (A),100200,-1.95,-0.14450,0.07641
vol2|S7075 (A),100200,-0.5,-0.07957,0.03218
vol2|S7075 (A),100200,1.12,-0.02791,-0.00273
vol2|S7075 (A),100200,2.55,0.00687,-0.06757
vol2|S7075 (A),100200,4.21,0.02721,-0.09736
vol2|S7075 (A),100200,5.76,0.03083,-0.09569
vol2|S7075 (A),100200,7.28,0.01582,-0.10443
vol2|S7075 (A),100200,8.8,-0.04659,-0.11705
vol2|S7075 (A),100200,10.32,-0.04159,-0.14337
vol2|S7075 (A),198500,-5.92,-0.43549,0.14710
vol2|S7075 (A),198500,-4.35,-0.19292,0.08777
vol2|S7075 (A),198500,-2.88,-0.13339,0.05101
vol2|S7075 (A),198500,-1.25,-0.02336,0.02448
vol2|S7075 (A),198500,0.21,-0.00169,-0.02046
vol2|S7075 (A),198500,1.74,0.03376,-0.04785
vol2|S7075 (A),198500,3.26,0.06122,-0.07327
vol2|S7075 (A),198500,4.76,0.05350,-0.07629
vol2|S7075 (A),198500,6.31,0.04710,-0.07913
vol2|S7075 (A),198500,7.81,0.02431,-0.08971
vol2|S7075 (A),198500,9.34,0.03065,-0.08879
vol2|S7075 (A),198900,-4.95,-0.23805,0.12305
vol2|S7075 (A),198900,-3.56,-0.13084,0.06148
vol2|S7075 (A),198900,-1.89,-0.04674,0.03303
vol2|S7075 (A),198900,-0.38,-0.02154,-0.01724
vol2|S7075 (A),198900,1.19,0.03111,-0.04358
vol2|S7075 (A),198900,2.77,0.05992,-0.06203
vol2|S7075 (A),198900,4.28,0.05402,-0.07903
vol2|S7075 (A),198900,5.78,0.05135,-0.07065
vol2|S7075 (A),198900,7.31,0.02805,-0.07807
vol2|S7075 (A),198900,8.83,0.00670,-0.08705
vol2|S7075 (A),198900,10.33,0.02050,-0.09794
vol2|S7075 (A),199100,-3.8,-0.14673,0.08510
vol2|S7075 (A),199100,-2.42,-0.02904,0.03977
vol2|S7075 (A),199100,-0.9,-0.01983,0.00182
vol2|S7075 (A),199100,0.64,0.00249,-0.02648
vol2|S7075 (A),199100,2.02,0.04041,-0.05641
vol2|S7075 (A),199100,3.73,0.06847,-0.07221
vol2|S7075 (A),199100,5.13,0.05603,-0.07169
vol2|S7075 (A),199100,6.78,0.04468,-0.07671
vol2|S7075 (A),199100,8.31,0.01924,-0.08729
vol2|S7075 (A),199100,9.82,0.03181,-0.09515
vol2|S7075 (A),199100,11.34,0.12263,-0.12603
vol2|S7075 (A),199400,-4.99,-0.22655,0.11820
vol2|S7075 (A),199400,-3.46,-0.12722,0.06256
vol2|S7075 (A),199400,-1.96,-0.03167,0.03889
vol2|S7075 (A),199400,-0.4,-0.01792,-0.01482
vol2|S7075 (A),199400,1.15,0.03286,-0.03653
vol2|S7075 (A),199400,2.67,0.06354,-0.05961
vol2|S7075 (A),199400,4.25,0.05764,-0.07661
vol2|S7075 (A),199400,5.76,0.05497,-0.06823
vol2|S7075 (A),199400,7.29,0.03167,-0.07565
vol2|S7075 (A),199400,9.57,0.03621,-0.08107
vol2|S7075 (A),199400,10.33,0.02412,-0.09552
vol2|S7075 (A),199600,-4.97,-0.24237,0.12380
vol2|S7075 (A),199600,-3.47,-0.12722,0.06256
vol2|S7075 (A),199600,-1.94,-0.03167,0.03889
vol2|S7075 (A),199600,-0.41,-0.01792,-0.01482
vol2|S7075 (A),199600,1.14,0.02918,-0.03653
vol2|S7075 (A),199600,2.68,0.06354,-0.05961
vol2|S7075 (A),199600,4.23,0.05764,-0.07339
vol2|S7075 (A),199600,5.77,0.05497,-0.06823
vol2|S7075 (A),199600,7.28,0.03167,-0.07565
vol2|S7075 (A),199600,8.81,0.01032,-0.08463
vol2|S7075 (A),199600,10.33,0.02412,-0.09552
vol2|S7075 (A),202900,-4.99,-0.20859,0.08714
vol2|S7075 (A),297900,-7.15,-0.49661,0.15199
vol2|S7075 (A),297900,-4.38,-0.11559,0.04167
vol2|S7075 (A),297900,-2.85,-0.03311,0.02359
vol2|S7075 (A),297900,-1.34,0.00845,0.01203
vol2|S7075 (A),297900,0.19,0.02969,0.00181
vol2|S7075 (A),297900,1.74,0.06745,-0.01465
vol2|S7075 (A),297900,3.26,0.08916,-0.03904
vol2|S7075 (A),297900,4.77,0.09037,-0.05000
vol2|S7075 (A),297900,6.32,0.07009,-0.05107
vol2|S7075 (A),297900,7.86,0.04517,-0.06165
vol2|S7075 (A),297900,9.33,0.06377,-0.06166
vol2|S7075 (A),299100,-5.0,-0.09560,0.07464
vol2|S7075 (A),299100,-3.45,-0.05957,0.03848
vol2|S7075 (A),299100,-1.95,0.06537,0.01931
vol2|S7075 (A),299100,0.24,0.05958,0.00993
vol2|S7075 (A),299100,1.13,0.08949,-0.00433
vol2|S7075 (A),299100,3.18,0.12776,-0.02709
vol2|S7075 (A),299100,4.23,0.13027,-0.04548
vol2|S7075 (A),299100,5.76,0.11325,-0.04060
vol2|S7075 (A),299100,7.29,0.08706,-0.04974
vol2|S7075 (A),299100,8.83,0.08940,-0.05333
vol2|S7075 (A),299100,10.34,0.10943,-0.06538
vol2|S7075 (A),299100,-5.97,-0.34281,0.14414
vol2|S7075 (A),299100,-4.52,-0.10254,0.05317
vol2|S7075 (A),299100,-2.93,-0.03048,0.02808
vol2|S7075 (A),299100,-1.37,0.03834,0.01968
vol2|S7075 (A),299100,0.15,0.05958,0.00863
vol2|S7075 (A),299100,1.7,0.10142,-0.00700
vol2|S7075 (A),299100,3.19,0.12776,-0.02709
vol2|S7075 (A),299100,4.77,0.13027,-0.04578
vol2|S7075 (A),299100,6.32,0.10406,-0.04541
vol2|S7075 (A),299100,7.87,0.08455,-0.05599
vol2|S7075 (A),299100,9.32,0.10368,-0.05600
vol2|S7075 (A),299700,-5.0,-0.09171,0.03702
vol2|S7075 (A),299700,-3.45,-0.05568,0.00087
vol2|S7075 (A),299700,-1.89,0.05884,-0.01697
vol2|S7075 (A),299700,-0.4,0.06347,-0.02998
vol2|S7075 (A),299700,1.15,0.09338,-0.05464
vol2|S7075 (A),299700,2.68,0.13849,-0.06332
vol2|S7075 (A),299700,4.24,0.13972,-0.08091
vol2|S7075 (A),299700,5.76,0.12269,-0.07604
vol2|S7075 (A),299700,7.31,0.09650,-0.08518
vol2|S7075 (A),299700,8.83,0.09885,-0.08876
vol2|S7075 (A),299700,10.2,0.10613,-0.09040
vol2|S7075 (A),300000,-5.0,-0.08218,0.01696
vol2|S7075 (A),300000,-3.46,-0.05301,-0.01710
vol2|S7075 (A),300000,-1.92,0.06886,-0.03688
vol2|S7075 (A),300000,-0.49,0.06613,-0.05411
vol2|S7075 (A),300000,1.14,0.09604,-0.08116
vol2|S7075 (A),300000,2.79,0.14116,-0.08985
vol2|S7075 (A),300000,4.24,0.13972,-0.10323
vol2|S7075 (A),300000,5.77,0.12269,-0.09549
vol2|S7075 (A),300000,7.29,0.09650,-0.10552
vol2|S7075 (A),300000,8.83,0.09885,-0.10910
vol2|S7075 (A),300000,10.36,0.11887,-0.11213
vol2|S7075 (B),59900,-5.21,-0.57910,0.24119
vol2|S7075 (B),59900,-3.69,-0.27128,0.19499
vol2|S7075 (B),59900,-2.18,-0.18933,0.17325
vol2|S7075 (B),59900,0.32,-0.06999,0.14385
vol2|S7075 (B),59900,0.91,-0.07271,0.12484
vol2|S7075 (B),59900,2.46,0.02485,0.07060
vol2|S7075 (B),59900,4.01,0.04522,-0.00762
vol2|S7075 (B),59900,5.56,0.04913,-0.05193
vol2|S7075 (B),59900,7.08,0.04523,-0.05761
vol2|S7075 (B),59900,8.61,-0.06179,-0.07615
vol2|S7075 (B),59900,10.11,-0.14888,-0.10521
vol2|S7075 (B),100100,-5.16,-0.50024,0.21878
vol2|S7075 (B),100100,-3.64,-0.20722,0.17735
vol2|S7075 (B),100100,-2.17,-0.11829,0.13856
vol2|S7075 (B),100100,-0.6,-0.04582,0.09160
vol2|S7075 (B),100100,0.93,0.03179,0.03638
vol2|S7075 (B),100100,2.48,0.07567,-0.01025
vol2|S7075 (B),100100,4.02,0.08474,-0.04070
vol2|S7075 (B),100100,5.55,0.07765,-0.04323
vol2|S7075 (B),100100,7.09,0.05691,-0.04927
vol2|S7075 (B),100100,8.62,0.02725,-0.06368
vol2|S7075 (B),100100,10.12,-0.00015,-0.09770
vol2|S7075 (B),199800,-5.17,-0.17379,0.25308
vol2|S7075 (B),199800,-3.64,-0.12469,0.14875
vol2|S7075 (B),199800,-0.85,0.00878,0.06867
vol2|S7075 (B),199800,-0.6,0.01636,0.06533
vol2|S7075 (B),199800,0.95,0.04087,0.03311
vol2|S7075 (B),199800,2.47,0.09582,0.01517
vol2|S7075 (B),199800,4.03,0.10562,-0.00437
vol2|S7075 (B),199800,5.57,0.09756,0.00020
vol2|S7075 (B),199800,7.1,0.07598,-0.01163
vol2|S7075 (B),199800,8.64,0.04014,-0.02154
vol2|S7075 (B),199800,10.15,0.04665,-0.04983
vol2|S7075 (B),300100,-5.23,-0.06553,0.09783
vol2|S7075 (B),300100,-3.53,-0.03580,0.05410
vol2|S7075 (B),300100,-2.22,0.04309,0.02702
vol2|S7075 (B),300100,-0.54,0.08365,0.00352
vol2|S7075 (B),300100,0.94,0.12658,-0.01864
vol2|S7075 (B),300100,2.53,0.14779,-0.03338
vol2|S7075 (B),300100,4.05,0.16474,-0.04044
vol2|S7075 (B),300100,5.56,0.14506,-0.03983
vol2|S7075 (B),300100,7.13,0.12103,-0.05067
vol2|S7075 (B),300100,8.62,0.09579,-0.06182
vol2|S7075 (B),300100,10.14,0.10209,-0.08991
vol2|S8025,60000,-6.67,-0.19237,0.04326
vol2|S8025,60000,-5.16,-0.20692,0.07854
vol2|S8025,60000,-3.63,-0.15997,0.06246
vol2|S8025,60000,-2.09,-0.17705,0.03437
vol2|S8025,60000,-0.54,-0.17333,0.02711
vol2|S8025,60000,0.98,-0.14636,0.01342
vol2|S8025,60000,2.54,-0.06700,-0.06074
vol2|S8025,60000,4.06,-0.05634,-0.06746
vol2|S8025,60000,6.52,-0.12819,-0.07780
vol2|S8025,60000,7.15,-0.14641,-0.07709
vol2|S8025,60000,8.65,-0.15323,-0.06936
vol2|S8025,100400,-6.64,-0.20037,0.05731
vol2|S8025,100400,-5.13,-0.15732,0.07669
vol2|S8025,100400,-3.63,-0.15064,0.06450
vol2|S8025,100400,-2.1,-0.14682,0.05786
vol2|S8025,100400,-0.56,-0.17412,0.03330
vol2|S8025,100400,1.0,-0.05797,-0.03186
vol2|S8025,100400,2.53,-0.04551,-0.05402
vol2|S8025,100400,4.07,-0.03271,-0.05823
vol2|S8025,100400,5.61,-0.03992,-0.06195
vol2|S8025,100400,7.15,-0.07176,-0.06836
vol2|S8025,100400,8.66,-0.13712,-0.07526
vol2|S8025,200700,-6.67,-0.14497,0.05875
vol2|S8025,200700,-5.17,-0.12712,0.07248
vol2|S8025,200700,-3.67,-0.09543,0.06825
vol2|S8025,200700,-2.08,-0.07371,0.07926
vol2|S8025,200700,-0.55,-0.09535,0.05548
vol2|S8025,200700,0.96,-0.03726,-0.01627
vol2|S8025,200700,2.5,-0.04790,-0.03937
vol2|S8025,200700,4.07,-0.03627,-0.04278
vol2|S8025,200700,5.58,-0.04047,-0.04568
vol2|S8025,200700,7.15,-0.03491,-0.04681
vol2|S8025,200700,8.67,-0.05500,-0.04784
vol2|S8025,301100,-6.68,-0.06951,0.05225
vol2|S8025,301100,-5.15,-0.05795,0.06253
vol2|S8025,301100,-3.58,-0.05159,0.06053
vol2|S8025,301100,-2.1,-0.06643,0.06168
vol2|S8025,301100,-0.56,-0.02625,0.03371
vol2|S8025,301100,0.98,-0.05067,-0.02729
vol2|S8025,301100,2.51,-0.02611,-0.03888
vol2|S8025,301100,4.07,-0.01229,-0.04089
vol2|S8025,301100,5.61,-0.03553,-0.04368
vol2|S8025,301100,7.15,-0.02030,-0.04481
vol2|S8025,301100,8.68,-0.02067,-0.04561
vol2|SD7037 (B),59500,-4.82,-0.41971,0.19221
vol2|SD7037 (B),59500,-3.28,-0.26166,0.17343
vol2|SD7037 (B),59500,-1.75,-0.21205,0.17804
vol2|SD7037 (B),59500,-0.21,-0.11172,0.13923
vol2|SD7037 (B),59500,1.32,-0.03973,0.10717
vol2|SD7037 (B),59500,2.91,-0.00614,0.03282
vol2|SD7037 (B),59500,5.14,0.01129,-0.02746
vol2|SD7037 (B),59500,5.98,0.00890,-0.05895
vol2|SD7037 (B),59500,7.5,0.01252,-0.08224
vol2|SD7037 (B),59500,9.0,-0.06287,-0.07104
vol2|SD7037 (B),59500,10.51,-0.17154,-0.06744
vol2|SD7037 (B),59600,-3.82,-0.29220,0.14297
vol2|SD7037 (B),59600,-2.28,-0.23638,0.14204
vol2|SD7037 (B),59600,-0.76,-0.12495,0.10940
vol2|SD7037 (B),59600,0.79,-0.05375,0.07336
vol2|SD7037 (B),59600,2.35,-0.01153,0.01595
vol2|SD7037 (B),59600,3.89,0.00722,-0.04941
vol2|SD7037 (B),59600,5.43,0.01129,-0.07228
vol2|SD7037 (B),59600,6.97,0.01910,-0.10383
vol2|SD7037 (B),59600,8.48,-0.03309,-0.09105
vol2|SD7037 (B),59600,10.0,-0.11363,-0.09354
vol2|SD7037 (B),59600,11.54,-0.27856,-0.06452
vol2|SD7037 (B),59900,-3.78,-0.27817,0.13464
vol2|SD7037 (B),59900,-2.25,-0.21897,0.13371
vol2|SD7037 (B),59900,-0.72,-0.11172,0.09949
vol2|SD7037 (B),59900,0.83,-0.04051,0.06882
vol2|SD7037 (B),59900,2.38,0.00170,0.00492
vol2|SD7037 (B),59900,3.94,0.02046,-0.05852
vol2|SD7037 (B),59900,5.47,0.02452,-0.08577
vol2|SD7037 (B),59900,7.0,0.03234,-0.11215
vol2|SD7037 (B),59900,8.49,-0.01985,-0.09938
vol2|SD7037 (B),59900,10.02,-0.10040,-0.10187
vol2|SD7037 (B),59900,11.54,-0.25181,-0.07284
vol2|SD7037 (B),99400,-3.77,-0.22043,0.15920
vol2|SD7037 (B),99400,-2.22,-0.14716,0.14849
vol2|SD7037 (B),99400,-0.7,-0.03515,0.08863
vol2|SD7037 (B),99400,0.49,-0.00910,0.06323
vol2|SD7037 (B),99400,2.41,0.04588,-0.01026
vol2|SD7037 (B),99400,3.97,0.06296,-0.03155
vol2|SD7037 (B),99400,5.47,0.05786,-0.04492
vol2|SD7037 (B),99400,7.01,0.05340,-0.05885
vol2|SD7037 (B),99400,8.52,0.00695,-0.05206
vol2|SD7037 (B),99400,10.03,-0.03397,-0.05494
vol2|SD7037 (B),99400,11.27,-0.01687,-0.08181
vol2|SD7037 (B),99500,-3.82,-0.22599,0.15920
vol2|SD7037 (B),99500,-2.28,-0.12941,0.14849
vol2|SD7037 (B),99500,-0.75,-0.01812,0.08605
vol2|SD7037 (B),99500,0.82,0.01772,0.05330
vol2|SD7037 (B),99500,2.36,0.06469,-0.00606
vol2|SD7037 (B),99500,3.9,0.08071,-0.03155
vol2|SD7037 (B),99500,5.43,0.07561,-0.04180
vol2|SD7037 (B),99500,6.96,0.07115,-0.05885
vol2|SD7037 (B),99500,9.35,0.02200,-0.05702
vol2|SD7037 (B),99500,10.01,-0.00497,-0.05494
vol2|SD7037 (B),99500,11.53,-0.02058,-0.06972
vol2|SD7037 (B),99900,-4.8,-0.40249,0.18769
vol2|SD7037 (B),99900,-3.24,-0.22095,0.16048
vol2|SD7037 (B),99900,-1.72,-0.11510,0.12496
vol2|SD7037 (B),99900,-0.19,-0.02786,0.07823
vol2|SD7037 (B),99900,1.37,0.02457,0.03038
vol2|SD7037 (B),99900,2.92,0.05217,-0.01396
vol2|SD7037 (B),99900,4.46,0.06198,-0.03070
vol2|SD7037 (B),99900,5.99,0.05804,-0.04401
vol2|SD7037 (B),99900,7.51,0.04196,-0.04987
vol2|SD7037 (B),99900,9.01,-0.00455,-0.04932
vol2|SD7037 (B),99900,10.54,-0.03141,-0.06952
vol2|SD7037 (B),198400,-3.76,-0.13704,0.13529
vol2|SD7037 (B),198400,-2.13,-0.04612,0.07933
vol2|SD7037 (B),198400,-0.65,0.01205,0.05316
vol2|SD7037 (B),198400,0.88,0.05023,0.01320
vol2|SD7037 (B),198400,2.42,0.08406,0.00455
vol2|SD7037 (B),198400,3.96,0.08195,-0.01346
vol2|SD7037 (B),198400,5.48,0.08037,-0.01866
vol2|SD7037 (B),198400,6.98,0.07261,-0.02642
vol2|SD7037 (B),198400,8.52,0.05178,-0.02876
vol2|SD7037 (B),198400,10.0,0.07006,-0.02695
vol2|SD7037 (B),198400,11.54,0.09577,-0.03570
vol2|SD7037 (B),199100,-5.64,-0.27960,0.16170
vol2|SD7037 (B),199100,-4.24,-0.20086,0.14603
vol2|SD7037 (B),199100,-2.71,-0.08943,0.09599
vol2|SD7037 (B),199100,-1.16,0.00083,0.06790
vol2|SD7037 (B),199100,0.35,0.02620,0.02442
vol2|SD7037 (B),199100,1.88,0.07875,0.00297
vol2|SD7037 (B),199100,3.41,0.11313,-0.00987
vol2|SD7037 (B),199100,4.96,0.08261,-0.01660
vol2|SD7037 (B),199100,6.5,0.07572,-0.02975
vol2|SD7037 (B),199100,7.99,0.06450,-0.03219
vol2|SD7037 (B),199100,9.54,0.06277,-0.02710
vol2|SD7037 (B),200100,-4.79,-0.29727,0.13685
vol2|SD7037 (B),200100,-3.29,-0.11462,0.09627
vol2|SD7037 (B),200100,-1.74,-0.01191,0.05266
vol2|SD7037 (B),200100,-0.21,0.02142,0.02211
vol2|SD7037 (B),200100,1.33,0.07132,-0.01959
vol2|SD7037 (B),200100,2.87,0.08671,-0.02319
vol2|SD7037 (B),200100,4.42,0.08064,-0.03375
vol2|SD7037 (B),200100,5.95,0.08037,-0.03938
vol2|SD7037 (B),200100,7.49,0.06516,-0.04758
vol2|SD7037 (B),200100,8.99,0.05530,-0.04594
vol2|SD7037 (B),200100,10.52,0.05830,-0.05677
vol2|SD7037 (B),200800,-5.82,-0.27728,0.13259
vol2|SD7037 (B),200800,-4.7,-0.23841,0.11518
vol2|SD7037 (B),298600,-4.77,-0.13503,0.17535
vol2|SD7037 (B),298600,-3.25,-0.04947,0.13116
vol2|SD7037 (B),298600,-1.69,0.04583,0.09027
vol2|SD7037 (B),298600,-0.15,0.07879,0.10512
vol2|SD7037 (B),298600,1.37,0.12237,0.08975
vol2|SD7037 (B),298600,2.93,0.14488,0.05936
vol2|SD7037 (B),298600,5.08,0.13214,0.03642
vol2|SD7037 (B),298600,5.98,0.12784,0.03082
vol2|SD7037 (B),298600,7.46,0.11002,0.02151
vol2|SD7037 (B),298600,9.06,0.09878,0.02056
vol2|SD7037 (B),298600,10.55,0.01982,0.00616
vol2|SD7037 (B),298800,-5.78,-0.20724,0.19623
vol2|SD7037 (B),298800,-4.26,-0.08628,0.16400
vol2|SD7037 (B),298800,-2.72,-0.03079,0.09931
vol2|SD7037 (B),298800,-1.17,0.08259,0.13585
vol2|SD7037 (B),298800,0.37,0.10100,0.09003
vol2|SD7037 (B),298800,1.89,0.13081,0.08217
vol2|SD7037 (B),298800,3.42,0.16057,0.03806
vol2|SD7037 (B),298800,4.96,0.13017,0.03012
vol2|SD7037 (B),298800,6.53,0.12446,0.02229
vol2|SD7037 (B),298800,8.0,0.10377,0.01453
vol2|SD7037 (B),298800,9.5,0.11897,0.01651
vol2|SD7037 (B),299400,-4.85,-0.14823,0.08607
vol2|SD7037 (B),299400,-3.28,-0.05025,0.04640
vol2|SD7037 (B),299400,-0.64,0.07803,-0.00148
vol2|SD7037 (B),299400,-0.26,0.08079,0.00823
vol2|SD7037 (B),299400,1.37,0.12159,-0.00609
vol2|SD7037 (B),299400,2.88,0.14410,-0.01910
vol2|SD7037 (B),299400,4.43,0.13525,-0.02574
vol2|SD7037 (B),299400,5.91,0.12706,-0.03281
vol2|SD7037 (B),299400,7.48,0.11103,-0.04257
vol2|SD7037 (B),299400,9.0,0.09836,-0.04445
vol2|SD7037 (B),299400,10.52,0.01903,-0.04895
vol2|SD7037 (B),300400,-1.82,0.02696,0.00382
vol2|SD7037 (B),301400,-7.84,-0.43144,0.13962
vol2|SD7037 (B),301400,-6.8,-0.49438,0.09532
vol2|SD7037 (B),301900,-5.81,-0.20451,0.09087
vol2|SD7037 (C),60100,-5.31,-0.41806,0.16506
vol2|SD7037 (C),60100,-3.77,-0.27817,0.15560
vol2|SD7037 (C),60100,-2.25,-0.21897,0.15467
vol2|SD7037 (C),60100,-0.73,-0.11172,0.12045
vol2|SD7037 (C),60100,0.8,-0.04051,0.08599
vol2|SD7037 (C),60100,2.38,0.00170,0.02263
vol2|SD7037 (C),60100,3.92,0.02046,-0.03407
vol2|SD7037 (C),60100,5.45,0.02452,-0.05683
vol2|SD7037 (C),60100,6.99,0.02578,-0.07739
vol2|SD7037 (C),60100,8.49,-0.01985,-0.07044
vol2|SD7037 (C),60300,-4.31,-0.43783,0.18196
vol2|SD7037 (C),60300,-2.85,-0.23905,0.15300
vol2|SD7037 (C),60300,-1.29,-0.12910,0.13331
vol2|SD7037 (C),60300,0.26,-0.07912,0.10932
vol2|SD7037 (C),60300,1.83,-0.01442,0.04222
vol2|SD7037 (C),60300,3.37,0.02797,-0.01878
vol2|SD7037 (C),60300,4.93,0.01584,-0.04144
vol2|SD7037 (C),60300,6.45,0.01710,-0.07138
vol2|SD7037 (C),60300,7.95,0.01443,-0.07812
vol2|SD7037 (C),60300,9.52,-0.09652,-0.07051
vol2|SD7037 (C),60300,11.03,-0.15756,-0.07775
vol2|SD7037 (C),100000,-5.28,-0.45743,0.18651
vol2|SD7037 (C),100000,-4.18,-0.32802,0.16496
vol2|SD7037 (C),100000,-2.22,-0.14737,0.14787
vol2|SD7037 (C),100000,-0.7,-0.03577,0.09022
vol2|SD7037 (C),100000,0.84,-0.00065,0.05488
vol2|SD7037 (C),100000,2.39,0.04526,-0.00842
vol2|SD7037 (C),100000,3.92,0.06234,-0.02849
vol2|SD7037 (C),100000,5.46,0.05724,-0.04186
vol2|SD7037 (C),100000,7.0,0.05278,-0.05408
vol2|SD7037 (C),100000,8.52,0.01952,-0.04730
vol2|SD7037 (C),100200,-4.33,-0.34889,0.15837
vol2|SD7037 (C),100200,-2.8,-0.19507,0.13120
vol2|SD7037 (C),100200,-1.27,-0.07702,0.06906
vol2|SD7037 (C),100200,0.24,-0.02798,0.03685
vol2|SD7037 (C),100200,1.83,0.02368,-0.01509
vol2|SD7037 (C),100200,3.37,0.07682,-0.03801
vol2|SD7037 (C),100200,4.91,0.05803,-0.05033
vol2|SD7037 (C),100200,6.43,0.05701,-0.06425
vol2|SD7037 (C),100200,7.99,0.04206,-0.06176
vol2|SD7037 (C),100200,9.5,0.01153,-0.06445
vol2|SD7037 (C),100200,11.02,0.01692,-0.08456
vol2|SD7037 (C),199100,-4.24,-0.20086,0.14603
vol2|SD7037 (C),199100,-2.76,-0.09281,0.10051
vol2|SD7037 (C),199100,-1.23,0.00056,0.05915
vol2|SD7037 (C),199100,0.31,0.02620,0.02442
vol2|SD7037 (C),199100,1.84,0.07320,0.00297
vol2|SD7037 (C),199100,3.38,0.11313,-0.00763
vol2|SD7037 (C),199100,4.92,0.08261,-0.01660
vol2|SD7037 (C),199100,6.45,0.07572,-0.02975
vol2|SD7037 (C),199100,7.98,0.06450,-0.03219
vol2|SD7037 (C),199100,9.52,0.06277,-0.02710
vol2|SD7037 (C),199100,11.04,0.15360,-0.04260
vol2|SD7037 (C),199700,-5.31,-0.23960,0.16985
vol2|SD7037 (C),199700,-3.78,-0.13037,0.13391
vol2|SD7037 (C),199700,-2.26,-0.04958,0.08085
vol2|SD7037 (C),199700,-0.72,0.01205,0.05328
vol2|SD7037 (C),199700,0.85,0.05023,0.01109
vol2|SD7037 (C),199700,2.37,0.08196,0.00443
vol2|SD7037 (C),199700,3.93,0.08195,-0.01358
vol2|SD7037 (C),199700,5.44,0.08037,-0.01566
vol2|SD7037 (C),199700,7.0,0.07261,-0.02655
vol2|SD7037 (C),199700,8.53,0.05178,-0.02888
vol2|SD7037 (C),298900,-4.89,-0.15828,0.16786
vol2|SD7037 (C),298900,-2.84,-0.04600,0.10180
vol2|SD7037 (C),298900,-1.23,0.08259,0.13351
vol2|SD7037 (C),298900,0.3,0.10100,0.09003
vol2|SD7037 (C),298900,1.85,0.12699,0.08217
vol2|SD7037 (C),298900,3.39,0.16057,0.04426
vol2|SD7037 (C),298900,4.93,0.13363,0.03012
vol2|SD7037 (C),298900,6.4,0.12587,0.02229
vol2|SD7037 (C),298900,7.99,0.10377,0.01453
vol2|SD7037 (C),298900,9.52,0.11897,0.01651
vol2|SD7037 (C),298900,11.0,0.14315,0.00153
vol2|SD7037 (C),299300,-5.29,-0.12352,0.13328
vol2|SD7037 (C),299300,-3.76,-0.08378,0.10963
vol2|SD7037 (C),299300,-2.25,0.00177,0.05353
vol2|SD7037 (C),299300,-0.7,0.07489,0.06731
vol2|SD7037 (C),299300,0.79,0.11490,0.06269
vol2|SD7037 (C),299300,2.38,0.14070,0.05340
vol2|SD7037 (C),299300,4.02,0.13513,0.01673
vol2|SD7037 (C),299300,5.45,0.12725,0.00981
vol2|SD7037 (C),299300,6.95,0.11903,0.00303
vol2|SD7037 (C),299300,8.52,0.10721,-0.00033
vol2|SD7037 (C),299300,10.04,0.01452,-0.00413
vol3|A18,103018,-4.19,-0.12572,0.02808
vol3|A18,103018,-3.65,-0.09972,0.02274
vol3|A18,103018,-2.28,-0.03319,0.01097
vol3|A18,103018,-1.26,-0.01967,-0.00814
vol3|A18,103018,-0.31,0.01780,-0.05097
vol3|A18,103018,0.84,0.04949,-0.06981
vol3|A18,103018,1.39,0.08663,-0.07958
vol3|A18,103018,2.8,0.07177,-0.10339
vol3|A18,103018,3.89,0.06867,-0.12875
vol3|A18,103018,4.81,0.07552,-0.14083
vol3|A18,103018,5.91,0.06108,-0.15307
vol3|A18,103018,6.9,-0.01607,-0.14210
vol3|A18,103018,7.86,-0.05983,-0.14033
vol3|A18,103018,9.01,-0.13902,-0.16659
vol3|A18,103018,9.81,-0.12855,-0.16379
vol3|A18,103018,10.83,-0.10655,-0.02931
vol3|A18,199845,-4.42,-0.05298,0.02726
vol3|A18,199845,-2.77,0.02255,0.00806
vol3|A18,199845,-1.26,0.03411,-0.05325
vol3|A18,199845,0.22,0.07698,-0.07913
vol3|A18,199845,1.97,0.09429,-0.08864
vol3|A18,199845,3.42,0.09304,-0.10753
vol3|A18,199845,4.84,0.08454,-0.11620
vol3|A18,199845,6.1,0.01926,-0.11526
vol3|A18,199845,8.03,-0.03263,-0.11788
vol3|A18,199845,9.42,-0.12820,-0.13090
vol3|A18,199845,10.94,-0.12266,-0.07432
vol3|A18,298924,11.71,-0.10984,-0.03290
vol3|A18,300494,-4.66,-0.00106,-0.01252
vol3|A18,300494,-2.88,0.09346,-0.05124
vol3|A18,300494,-1.34,0.13337,-0.09010
vol3|A18,300494,0.15,0.14572,-0.10415
vol3|A18,300494,1.68,0.15529,-0.11193
vol3|A18,300494,3.27,0.16588,-0.12664
vol3|A18,300494,4.89,0.14615,-0.13569
vol3|A18,300494,6.6,0.07139,-0.13840
vol3|A18,300494,7.42,0.03253,-0.13509
vol3|A18,300494,10.01,-0.12379,-0.14634
vol3|A18,300494,10.63,-0.09113,-0.15830
vol3|Avistar,100000,-3.32,0.01021,0.05823
vol3|Avistar,100000,-2.33,0.00595,0.03562
vol3|Avistar,100000,-1.3,0.03052,-0.00813
vol3|Avistar,100000,-0.24,0.06501,-0.05826
vol3|Avistar,100000,0.77,0.06281,-0.07254
vol3|Avistar,100000,1.78,0.07197,-0.07884
vol3|Avistar,100000,2.9,0.07845,-0.08474
vol3|Avistar,100000,3.81,0.08183,-0.08323
vol3|Avistar,100000,4.93,0.07013,-0.09298
vol3|Avistar,100000,5.88,0.07287,-0.09361
vol3|Avistar,100000,6.89,0.06315,-0.09489
vol3|Avistar,100000,7.91,0.05775,-0.10962
vol3|Avistar,100000,8.94,0.06390,-0.10079
vol3|Avistar,100000,9.9,0.08924,-0.08921
vol3|Avistar,200600,-5.44,0.05661,0.05707
vol3|Avistar,200600,-4.32,0.04427,0.03974
vol3|Avistar,200600,-3.33,0.04478,0.00175
vol3|Avistar,200600,-2.29,0.02746,-0.01229
vol3|Avistar,200600,-1.33,0.02272,-0.01761
vol3|Avistar,200600,-0.25,0.03682,-0.04430
vol3|Avistar,200600,0.77,0.04324,-0.06444
vol3|Avistar,200600,1.78,0.05842,-0.06762
vol3|Avistar,200600,2.78,0.07111,-0.07672
vol3|Avistar,200600,3.82,0.06609,-0.07759
vol3|Avistar,200600,4.87,0.06607,-0.08858
vol3|Avistar,200600,5.9,0.06366,-0.08522
vol3|Avistar,200600,6.89,0.06329,-0.08205
vol3|Avistar,200600,7.89,0.06310,-0.08460
vol3|Avistar,300900,-5.37,0.14466,0.03794
vol3|Avistar,300900,-4.38,0.11232,0.01104
vol3|Avistar,300900,-3.32,0.11333,-0.00127
vol3|Avistar,300900,-2.31,0.09323,-0.00527
vol3|Avistar,300900,-1.23,0.06913,-0.02619
vol3|Avistar,300900,-0.22,0.06725,-0.03927
vol3|Avistar,300900,0.78,0.08298,-0.04859
vol3|Avistar,300900,1.83,0.08418,-0.05769
vol3|Avistar,300900,2.85,0.09507,-0.06708
vol3|Avistar,300900,3.84,0.08786,-0.07159
vol3|Avistar,300900,4.86,0.08275,-0.07656
vol3|Avistar,300900,5.9,0.08373,-0.07770
vol3|Avistar,300900,6.93,0.08496,-0.07557
vol3|Avistar,300900,7.89,0.08909,-0.07595
vol3|Avistar,300900,8.91,0.08418,-0.06145
vol3|Avistar,402100,-5.42,0.28443,0.02261
vol3|Avistar,402100,-4.37,0.25654,-0.00055
vol3|Avistar,402100,-3.35,0.25625,-0.00446
vol3|Avistar,402100,-2.34,0.23470,-0.00600
vol3|Avistar,402100,-1.34,0.21859,-0.02053
vol3|Avistar,402100,-0.26,0.22421,-0.01692
vol3|Avistar,402100,0.77,0.23226,-0.03839
vol3|Avistar,402100,1.8,0.22432,-0.04173
vol3|Avistar,402100,2.85,0.24420,-0.04952
vol3|Avistar,402100,3.87,0.24163,-0.05537
vol3|Avistar,402100,4.95,0.25769,-0.06119
vol3|Avistar,402100,5.88,0.23964,-0.05864
vol3|Avistar,402100,6.87,0.25184,-0.05769
vol3|Avistar,402100,7.91,0.24973,-0.05682
vol3|BW-3,59400,-2.11,-0.10639,0.12574
vol3|BW-3,59400,-0.45,-0.21531,0.08878
vol3|BW-3,59400,1.06,-0.07329,0.02046
vol3|BW-3,59400,2.69,-0.03226,-0.07270
vol3|BW-3,59400,4.24,-0.15994,-0.12738
vol3|BW-3,59400,5.78,-0.16960,-0.18844
vol3|BW-3,59400,7.32,-0.45443,-0.18061
vol3|BW-3,59400,8.77,-0.64778,-0.17224
vol3|BW-3,59400,10.3,-0.67381,-0.07430
vol3|BW-3,59400,11.83,-0.60739,0.01096
vol3|BW-3,99400,-2.16,-0.07997,0.08580
vol3|BW-3,99400,-0.48,-0.10293,-0.00991
vol3|BW-3,99400,1.18,0.04075,-0.10421
vol3|BW-3,99400,2.71,0.00969,-0.13115
vol3|BW-3,99400,4.26,-0.02744,-0.19098
vol3|BW-3,99400,5.77,-0.20524,-0.19914
vol3|BW-3,99400,7.3,-0.43132,-0.19757
vol3|BW-3,99400,8.7,-0.55724,-0.21975
vol3|BW-3,99400,10.35,-0.65931,-0.14866
vol3|BW-3,99400,11.73,-0.61130,-0.04981
vol3|BW-3,99700,-2.14,-0.08560,0.08158
vol3|BW-3,99700,-0.46,-0.10856,-0.01412
vol3|BW-3,99700,1.14,0.03512,-0.09534
vol3|BW-3,99700,2.59,0.00819,-0.13378
vol3|BW-3,99700,4.09,-0.02714,-0.18540
vol3|BW-3,99700,5.68,-0.19879,-0.20473
vol3|BW-3,99700,7.19,-0.40789,-0.20059
vol3|BW-3,99700,8.76,-0.56287,-0.21150
vol3|BW-3,99700,10.29,-0.64604,-0.15430
vol3|BW-3,198900,-2.58,-0.11838,-0.01830
vol3|BW-3,198900,-0.85,0.02660,-0.09016
vol3|BW-3,198900,0.48,0.07144,-0.13590
vol3|BW-3,198900,2.24,0.03336,-0.15277
vol3|BW-3,198900,3.75,0.04548,-0.17922
vol3|BW-3,198900,5.39,-0.18171,-0.18907
vol3|BW-3,198900,6.82,-0.29831,-0.19080
vol3|BW-3,198900,8.41,-0.35427,-0.18977
vol3|BW-3,198900,9.73,-0.42466,-0.18135
vol3|BW-3,198900,11.34,-0.55475,-0.14365
vol3|BW-3,199200,-3.64,-0.07028,0.02708
vol3|BW-3,199200,-2.11,-0.03641,-0.05857
vol3|BW-3,199200,-0.63,0.08702,-0.11652
vol3|BW-3,199200,1.26,0.05902,-0.16841
vol3|BW-3,199200,2.76,0.03637,-0.19128
vol3|BW-3,199200,4.33,0.03874,-0.21408
vol3|BW-3,199200,5.8,-0.20239,-0.22102
vol3|BW-3,199200,7.34,-0.30782,-0.21449
vol3|BW-3,199200,8.87,-0.40530,-0.22748
vol3|BW-3,199200,10.25,-0.42438,-0.20172
vol3|BW-3,297600,-2.58,0.06195,-0.05020
vol3|BW-3,297600,-0.98,0.26722,-0.14019
vol3|BW-3,297600,0.55,0.08667,-0.17645
vol3|BW-3,297600,2.1,0.04077,-0.21208
vol3|BW-3,297600,3.66,0.06758,-0.22754
vol3|BW-3,297600,5.21,-0.16825,-0.23195
vol3|BW-3,297600,6.73,-0.20004,-0.23080
vol3|BW-3,297600,8.29,-0.29086,-0.22743
vol3|BW-3,297600,9.92,-0.36794,-0.23476
vol3|BW-3,297600,11.22,-0.42736,-0.19760
vol3|BW-3,298300,-3.59,-0.05808,-0.00240
vol3|BW-3,298300,-2.07,0.17566,-0.10098
vol3|BW-3,298300,-0.49,0.13268,-0.15749
vol3|BW-3,298300,1.08,0.09516,-0.17488
vol3|BW-3,298300,2.63,0.07806,-0.19944
vol3|BW-3,298300,4.13,0.14655,-0.20915
vol3|BW-3,298300,5.66,-0.13946,-0.21739
vol3|BW-3,298300,7.28,-0.15357,-0.21896
vol3|BW-3,298300,8.93,-0.29934,-0.21520
vol3|BW-3,298300,10.42,-0.40740,-0.19896
vol3|BW-3,397200,-0.52,0.14779,-0.21672
vol3|BW-3,397200,0.92,0.08306,-0.23067
vol3|BW-3,397200,2.5,0.07743,-0.25618
vol3|BW-3,397200,4.33,0.09123,-0.26129
vol3|BW-3,397200,6.0,-0.12684,-0.27882
vol3|BW-3,397200,7.64,-0.12848,-0.27326
vol3|BW-3,397200,9.42,-0.20368,-0.27174
vol3|BW-3,397300,-3.16,0.12655,-0.10757
vol3|BW-3,397300,-1.41,0.24081,-0.19511
vol3|BW-3,397300,0.3,0.08460,-0.21930
vol3|BW-3,397300,1.6,0.10401,-0.25253
vol3|BW-3,397300,3.16,0.09196,-0.26480
vol3|BW-3,397300,4.68,-0.02187,-0.25581
vol3|BW-3,397300,6.2,-0.12684,-0.27858
vol3|BW-3,397300,7.77,-0.13528,-0.27326
vol3|BW-3,397300,9.29,-0.18855,-0.27306
vol3|BW-3,397300,10.9,-0.34904,-0.25918
vol3|BW-3,402400,-3.6,0.19714,-0.09632
vol3|BW-3,402400,-2.06,0.41260,-0.17291
vol3|Clark-Y (B),59500,11.31,-0.12359,-0.10327
vol3|Clark-Y (B),60700,-2.07,-0.23998,0.16109
vol3|Clark-Y (B),60700,-0.45,-0.13951,0.08456
vol3|Clark-Y (B),60700,1.02,-0.05740,0.02168
vol3|Clark-Y (B),60700,2.54,-0.04664,-0.01406
vol3|Clark-Y (B),60700,4.16,-0.03234,-0.05902
vol3|Clark-Y (B),60700,5.71,-0.03029,-0.08704
vol3|Clark-Y (B),60700,7.19,-0.02407,-0.11764
vol3|Clark-Y (B),60700,8.74,-0.04116,-0.11494
vol3|Clark-Y (B),60700,10.26,-0.07161,-0.11208
vol3|Clark-Y (B),99600,10.74,0.02058,-0.09218
vol3|Clark-Y (B),99800,-3.1,-0.10948,0.10679
vol3|Clark-Y (B),99800,-1.42,-0.02321,0.05131
vol3|Clark-Y (B),99800,0.09,-0.00423,-0.01833
vol3|Clark-Y (B),99800,1.67,0.03001,-0.03748
vol3|Clark-Y (B),99800,3.18,0.04730,-0.05912
vol3|Clark-Y (B),99800,4.77,0.05566,-0.06975
vol3|Clark-Y (B),99800,6.29,0.05306,-0.08962
vol3|Clark-Y (B),99800,7.78,0.04661,-0.09391
vol3|Clark-Y (B),99800,9.22,0.02632,-0.09885
vol3|Clark-Y (B),100000,-3.07,-0.10750,0.10115
vol3|Clark-Y (B),100000,-1.42,-0.02122,0.04851
vol3|Clark-Y (B),100000,0.01,-0.00224,-0.02162
vol3|Clark-Y (B),100000,1.64,0.03200,-0.03848
vol3|Clark-Y (B),100000,3.17,0.04929,-0.06012
vol3|Clark-Y (B),100000,4.64,0.05764,-0.06303
vol3|Clark-Y (B),100000,6.2,0.05505,-0.08225
vol3|Clark-Y (B),100000,7.72,0.05369,-0.09468
vol3|Clark-Y (B),100000,9.29,0.04166,-0.10222
vol3|Clark-Y (B),199900,-4.7,-0.01721,0.03697
vol3|Clark-Y (B),199900,-3.08,-0.01068,0.01344
vol3|Clark-Y (B),199900,-1.29,0.01570,-0.00867
vol3|Clark-Y (B),199900,0.22,0.04466,-0.03553
vol3|Clark-Y (B),199900,1.76,0.05945,-0.05058
vol3|Clark-Y (B),199900,3.22,0.07024,-0.05486
vol3|Clark-Y (B),199900,4.78,0.07257,-0.05967
vol3|Clark-Y (B),199900,6.22,0.07322,-0.06260
vol3|Clark-Y (B),199900,7.82,0.06520,-0.06692
vol3|Clark-Y (B),199900,9.25,0.06122,-0.07697
vol3|Clark-Y (B),199900,10.86,0.12281,-0.07099
vol3|Clark-Y (B),200000,-4.64,-0.01721,0.03697
vol3|Clark-Y (B),200000,-2.92,-0.01030,0.01490
vol3|Clark-Y (B),200000,-1.57,0.00521,-0.00867
vol3|Clark-Y (B),200000,0.1,0.04466,-0.03357
vol3|Clark-Y (B),200000,1.74,0.05945,-0.05060
vol3|Clark-Y (B),200000,3.11,0.07024,-0.05486
vol3|Clark-Y (B),200000,4.76,0.07257,-0.05971
vol3|Clark-Y (B),200000,6.24,0.07195,-0.06721
vol3|Clark-Y (B),200000,7.78,0.06520,-0.06692
vol3|Clark-Y (B),200000,9.3,0.06449,-0.07697
vol3|Clark-Y (B),200000,10.78,0.12732,-0.07099
vol3|Clark-Y (B),299800,-4.56,0.03289,0.00839
vol3|Clark-Y (B),299800,-2.97,0.04790,-0.01377
vol3|Clark-Y (B),299800,-1.44,0.06463,-0.02254
vol3|Clark-Y (B),299800,0.14,0.08168,-0.04189
vol3|Clark-Y (B),299800,1.71,0.09196,-0.05017
vol3|Clark-Y (B),299800,3.28,0.11626,-0.05758
vol3|Clark-Y (B),299800,4.95,0.11017,-0.05505
vol3|Clark-Y (B),299800,6.28,0.09929,-0.06452
vol3|Clark-Y (B),299800,7.87,0.09877,-0.06024
vol3|Clark-Y (B),299800,9.26,0.09865,-0.07207
vol3|Clark-Y (B),299800,10.77,0.15562,-0.06630
vol3|Clark-Y (B),300100,-4.53,0.03661,0.00642
vol3|Clark-Y (B),300100,-3.05,0.04635,-0.01471
vol3|Clark-Y (B),300100,-1.43,0.06835,-0.02450
vol3|Clark-Y (B),300100,0.2,0.08401,-0.04583
vol3|Clark-Y (B),300100,1.81,0.09639,-0.05474
vol3|Clark-Y (B),300100,3.36,0.11932,-0.06144
vol3|Clark-Y (B),300100,4.81,0.10549,-0.05900
vol3|Clark-Y (B),300100,6.14,0.10301,-0.06129
vol3|Clark-Y (B),300100,7.85,0.10129,-0.06419
vol3|Clark-Y (B),300100,9.17,0.08976,-0.07365
vol3|Clark-Y (B),300100,10.77,0.15934,-0.07025
vol3|Clark-Y (B),399900,-4.7,0.04549,0.00540
vol3|Clark-Y (B),399900,-3.0,0.04793,-0.01986
vol3|Clark-Y (B),399900,-1.48,0.04474,-0.02276
vol3|Clark-Y (B),399900,0.1,0.05716,-0.02788
vol3|Clark-Y (B),399900,1.69,0.07595,-0.03014
vol3|Clark-Y (B),399900,3.21,0.08608,-0.03401
vol3|Clark-Y (B),399900,4.78,0.09512,-0.03760
vol3|Clark-Y (B),399900,6.51,0.09800,-0.04074
vol3|Clark-Y (B),399900,8.06,0.07372,-0.03914
vol3|Clark-Y (B),399900,9.56,0.08767,-0.05152
vol3|Clark-Y (B),399900,10.96,0.14206,-0.04657
vol3|Clark-Y (B),400700,-4.6,0.04591,0.00540
vol3|Clark-Y (B),400700,-3.03,0.04267,-0.01883
vol3|Clark-Y (B),400700,-1.49,0.03840,-0.02276
vol3|Clark-Y (B),400700,0.1,0.05716,-0.02788
vol3|Clark-Y (B),400700,1.65,0.06869,-0.03014
vol3|Clark-Y (B),400700,3.25,0.08608,-0.03821
vol3|Clark-Y (B),400700,4.9,0.10351,-0.03760
vol3|Clark-Y (B),400700,6.47,0.09800,-0.04074
vol3|Clark-Y (B),400700,7.92,0.08587,-0.03931
vol3|Clark-Y (B),400700,9.21,0.07896,-0.05184
vol3|Clark-Y (B),400700,10.82,0.14337,-0.04508
vol3|DH4009,100000,-3.66,-0.05672,0.10542
vol3|DH4009,100000,-2.62,-0.02840,0.11108
vol3|DH4009,100000,-1.59,-0.07257,0.06715
vol3|DH4009,100000,-0.53,-0.07070,0.05882
vol3|DH4009,100000,0.43,-0.07147,0.04463
vol3|DH4009,100000,1.47,-0.04267,0.03802
vol3|DH4009,100000,2.88,0.03284,-0.01840
vol3|DH4009,100000,3.51,0.03240,-0.05927
vol3|DH4009,100000,4.54,-0.04342,-0.04732
vol3|DH4009,100000,5.58,-0.06134,-0.05143
vol3|DH4009,100000,6.6,-0.12944,-0.03839
vol3|DH4009,100000,7.61,-0.06376,-0.02637
vol3|DH4009,100000,8.68,-0.10137,0.00403
vol3|DH4009,100000,10.16,-0.07642,0.02484
vol3|DH4009,200800,-3.65,-0.01856,0.10778
vol3|DH4009,200800,-2.63,0.00034,0.10699
vol3|DH4009,200800,-1.56,0.10114,0.09528
vol3|DH4009,200800,-0.6,0.02959,0.07777
vol3|DH4009,200800,0.43,-0.00668,0.03937
vol3|DH4009,200800,1.46,0.02815,-0.00026
vol3|DH4009,200800,2.49,0.04640,-0.02804
vol3|DH4009,200800,3.52,0.01360,-0.02584
vol3|DH4009,200800,4.55,0.01036,-0.03057
vol3|DH4009,200800,5.56,-0.02042,-0.03848
vol3|DH4009,200800,6.57,-0.06943,-0.03612
vol3|DH4009,200800,7.65,-0.04345,-0.03575
vol3|DH4009,200800,8.61,-0.00076,-0.01974
vol3|DH4009,301500,-3.65,0.03438,0.09117
vol3|DH4009,301500,-2.61,0.04739,0.08080
vol3|DH4009,301500,-1.6,0.05547,0.07788
vol3|DH4009,301500,-0.58,0.05903,0.04887
vol3|DH4009,301500,1.2,0.06749,-0.00152
vol3|DH4009,301500,1.58,0.05816,-0.01828
vol3|DH4009,301500,2.53,0.08835,-0.03263
vol3|DH4009,301500,3.57,0.05622,-0.03173
vol3|DH4009,301500,4.55,0.03625,-0.03349
vol3|DH4009,301500,5.63,-0.00410,-0.03807
vol3|DH4009,301500,6.6,-0.03114,-0.03514
vol3|DH4009,401700,-3.71,0.05545,0.08856
vol3|DH4009,401700,-2.66,0.06385,0.07595
vol3|DH4009,401700,-1.62,0.05636,0.06200
vol3|DH4009,401700,-0.58,0.05908,0.04373
vol3|DH4009,401700,0.42,0.08011,0.03938
vol3|DH4009,401700,1.56,0.09065,0.00954
vol3|DH4009,401700,2.52,0.08940,-0.01988
vol3|DH4009,401700,3.53,0.09453,-0.00967
vol3|DH4009,401700,4.54,0.04901,-0.01434
vol3|DH4009,401700,5.61,0.01867,-0.02052
vol3|DH4009,501500,-3.81,0.08447,0.07376
vol3|DH4009,501500,-2.71,0.09792,0.05600
vol3|DH4009,501500,-1.69,0.11849,0.03799
vol3|DH4009,501500,-0.58,0.08848,0.02140
vol3|DH4009,501500,0.45,0.07433,-0.00738
vol3|DH4009,501500,1.5,0.09148,-0.02095
vol3|DH4009,501500,2.54,0.12461,-0.04232
vol3|DH4009,501500,3.53,0.10889,-0.03916
vol3|DH4009,501500,4.54,0.04377,-0.04343
vol3|DH4009,501500,5.59,-0.05153,-0.05006
vol3|DH4009,501500,6.62,-0.09180,-0.04345
vol3|E231,60800,-4.57,-0.34255,0.15413
vol3|E231,60800,-3.53,-0.29147,0.12924
vol3|E231,60900,-2.51,-0.26089,0.10059
vol3|E231,60900,-1.44,-0.24062,0.07601
vol3|E231,60900,-0.44,-0.25308,0.08032
vol3|E231,60900,0.59,-0.24275,0.07549
vol3|E231,60900,1.61,-0.12538,0.03987
vol3|E231,60900,2.62,-0.03673,0.02550
vol3|E231,60900,3.67,-0.04331,-0.01079
vol3|E231,60900,4.67,-0.05110,-0.03576
vol3|E231,60900,5.75,-0.05941,-0.04936
vol3|E231,60900,6.75,-0.06344,-0.08631
vol3|E231,60900,7.81,-0.07614,-0.07264
vol3|E231,60900,8.79,-0.07847,-0.08245
vol3|E231,60900,9.82,-0.07380,-0.07170
vol3|E231,60900,10.81,0.00671,-0.06524
vol3|E231,60900,11.86,-0.15835,-0.06235
vol3|E231,99900,-2.5,-0.09354,0.07212
vol3|E231,99900,-1.44,-0.01201,0.01195
vol3|E231,99900,-0.36,0.00976,-0.01412
vol3|E231,99900,0.65,0.01832,-0.01068
vol3|E231,99900,1.66,0.02039,-0.02218
vol3|E231,99900,2.62,0.03354,-0.02694
vol3|E231,99900,3.7,0.02572,-0.05294
vol3|E231,99900,4.77,0.02194,-0.07515
vol3|E231,99900,5.73,0.01665,-0.08713
vol3|E231,99900,6.78,0.01178,-0.08875
vol3|E231,99900,7.82,0.00589,-0.08274
vol3|E231,99900,8.82,0.00043,-0.06712
vol3|E231,99900,9.87,-0.00650,-0.07260
vol3|E231,99900,10.83,0.10873,-0.06905
vol3|E231,101900,-4.54,-0.29002,0.11687
vol3|E231,101900,-3.53,-0.18391,0.07496
vol3|E231,200600,-4.56,-0.13551,0.01218
vol3|E231,200600,-3.48,-0.08330,0.00933
vol3|E231,200600,-2.35,-0.02171,-0.00656
vol3|E231,200600,-1.38,0.04252,-0.01045
vol3|E231,200600,-0.29,0.03200,-0.02881
vol3|E231,200600,0.61,0.03113,-0.04621
vol3|E231,200600,1.78,0.02737,-0.07223
vol3|E231,200600,2.73,0.02595,-0.07788
vol3|E231,200600,3.69,0.02296,-0.08436
vol3|E231,200600,4.72,0.02685,-0.08581
vol3|E231,200600,5.75,0.02631,-0.08953
vol3|E231,200600,6.82,0.01986,-0.07471
vol3|E231,200600,7.84,0.01665,-0.06125
vol3|E231,200600,8.85,0.01743,-0.05377
vol3|E231,200600,9.83,0.02050,-0.05610
vol3|E231,200600,10.84,0.19048,-0.05540
vol3|E231,301000,-4.57,-0.06053,-0.00532
vol3|E231,301000,-3.39,-0.07110,-0.02427
vol3|E231,301000,-2.26,-0.01245,-0.01764
vol3|E231,301000,-1.51,0.04256,-0.00183
vol3|E231,301000,-0.44,0.07024,-0.01617
vol3|E231,301000,0.57,0.03992,-0.02868
vol3|E231,301000,1.72,0.03401,-0.06208
vol3|E231,301000,2.78,0.03741,-0.07158
vol3|E231,301000,3.75,0.04215,-0.07722
vol3|E231,301000,4.72,0.04237,-0.07680
vol3|E231,301000,5.74,0.03104,-0.08043
vol3|E231,301000,6.83,0.02150,-0.06041
vol3|E231,301000,7.85,0.01649,-0.04904
vol3|E231,301000,8.86,0.01911,-0.04944
vol3|E231,301000,9.83,0.05058,-0.04574
vol3|E231,301000,10.85,0.23405,-0.04457
vol3|E231,400400,-4.53,0.09014,-0.02361
vol3|E231,400400,-3.48,0.08358,-0.02344
vol3|E231,400400,-2.47,0.14361,-0.02472
vol3|E231,400400,-1.44,0.15600,-0.02118
vol3|E231,400400,-0.34,0.19159,-0.00884
vol3|E231,400400,0.64,0.19731,-0.01967
vol3|E231,400400,1.69,0.19730,-0.03696
vol3|E231,400400,2.66,0.19150,-0.05737
vol3|E231,400400,3.75,0.20697,-0.06401
vol3|E231,400400,4.78,0.21606,-0.06031
vol3|E231,400400,5.83,0.20468,-0.05557
vol3|E231,400400,6.8,0.18864,-0.03769
vol3|E231,400400,7.8,0.18820,-0.03091
vol3|E231,400400,8.83,0.17119,-0.03257
vol3|E231,400400,9.86,0.18885,-0.03125
vol3|E231,400400,10.86,0.35135,-0.02372
vol3|E374 (B),60200,-5.46,-0.26335,0.13250
vol3|E374 (B),60200,-4.38,-0.27996,0.13882
vol3|E374 (B),60200,-3.19,-0.24517,0.13660
vol3|E374 (B),60200,-2.17,-0.14613,0.08980
vol3|E374 (B),60200,-1.11,-0.13157,0.06570
vol3|E374 (B),60200,-0.26,-0.09234,0.04268
vol3|E374 (B),60200,0.94,-0.03108,0.02508
vol3|E374 (B),60200,1.96,-0.01866,0.00708
vol3|E374 (B),60200,2.98,-0.01000,-0.01099
vol3|E374 (B),60200,4.01,0.05401,-0.03986
vol3|E374 (B),60200,5.06,0.07861,-0.06381
vol3|E374 (B),60200,6.12,-0.00389,-0.06672
vol3|E374 (B),60200,7.14,-0.00696,-0.07832
vol3|E374 (B),60200,8.13,-0.02789,-0.07109
vol3|E374 (B),60200,9.14,-0.11090,-0.08192
vol3|E374 (B),60200,9.97,-0.07727,-0.08278
vol3|E374 (B),100100,-5.62,-0.30807,0.09341
vol3|E374 (B),100100,-4.04,-0.20964,0.07714
vol3|E374 (B),100100,-3.0,-0.08987,0.03465
vol3|E374 (B),100100,-2.38,-0.06293,0.01931
vol3|E374 (B),100100,-1.34,-0.01098,-0.03389
vol3|E374 (B),100100,-0.28,0.00007,-0.03972
vol3|E374 (B),100100,0.71,0.00654,-0.05522
vol3|E374 (B),100100,1.71,0.01276,-0.05823
vol3|E374 (B),100100,2.74,0.01679,-0.07215
vol3|E374 (B),100100,3.78,0.02109,-0.07651
vol3|E374 (B),100100,4.81,0.02436,-0.07553
vol3|E374 (B),100100,5.83,0.03484,-0.07937
vol3|E374 (B),100100,6.88,0.03190,-0.08425
vol3|E374 (B),100100,7.86,0.00994,-0.07190
vol3|E374 (B),100100,8.91,-0.01326,-0.07487
vol3|E374 (B),100100,9.93,0.00355,-0.08206
vol3|E374 (B),200500,-5.18,-0.14265,0.05578
vol3|E374 (B),200500,-3.8,-0.09179,0.02769
vol3|E374 (B),200500,-3.5,-0.05131,0.01184
vol3|E374 (B),200500,-2.47,-0.01415,0.01120
vol3|E374 (B),200500,-1.51,-0.01030,-0.02663
vol3|E374 (B),200500,0.48,0.00944,-0.06181
vol3|E374 (B),200500,0.6,0.01155,-0.06181
vol3|E374 (B),200500,2.44,0.04998,-0.06629
vol3|E374 (B),200500,2.71,0.04851,-0.06652
vol3|E374 (B),200500,3.74,0.05882,-0.06942
vol3|E374 (B),200500,4.75,0.05997,-0.06678
vol3|E374 (B),200500,5.76,0.06508,-0.06573
vol3|E374 (B),200500,6.82,0.05071,-0.06337
vol3|E374 (B),200500,8.38,0.05039,-0.05976
vol3|E374 (B),200500,8.85,0.04915,-0.05857
vol3|E374 (B),200500,9.87,0.06631,-0.06167
vol3|E374 (B),301200,-6.4,-0.21747,0.06382
vol3|E374 (B),301200,-5.42,-0.03595,0.03077
vol3|E374 (B),301200,-4.4,-0.07047,-0.00244
vol3|E374 (B),301200,-3.42,-0.01636,-0.00865
vol3|E374 (B),301200,-2.36,0.02053,0.00164
vol3|E374 (B),301200,-1.35,0.01271,-0.01769
vol3|E374 (B),301200,-0.4,0.00636,-0.03538
vol3|E374 (B),301200,0.71,0.03280,-0.05869
vol3|E374 (B),301200,1.74,0.02936,-0.06285
vol3|E374 (B),301200,2.79,0.04378,-0.06307
vol3|E374 (B),301200,3.81,0.07477,-0.06310
vol3|E374 (B),301200,4.84,0.08364,-0.06369
vol3|E374 (B),301200,5.87,0.09137,-0.05988
vol3|E374 (B),301200,6.91,0.05355,-0.05833
vol3|E374 (B),301200,7.92,0.07292,-0.05859
vol3|E374 (B),301200,8.94,0.07283,-0.05764
vol3|E374 (B),301200,9.95,0.11172,-0.05684
vol3|E387 (C),59885,-4.13,-0.41426,0.15360
vol3|E387 (C),59885,-3.05,-0.25837,0.11527
vol3|E387 (C),59885,-2.08,-0.19556,0.08195
vol3|E387 (C),59885,-1.0,-0.05755,0.04906
vol3|E387 (C),59885,-0.02,-0.01236,-0.00095
vol3|E387 (C),59885,1.0,-0.00423,-0.00113
vol3|E387 (C),59885,2.05,0.00740,-0.01378
vol3|E387 (C),59885,3.07,-0.00513,-0.03601
vol3|E387 (C),59885,4.09,0.03255,-0.04386
vol3|E387 (C),59885,5.07,0.07007,-0.05715
vol3|E387 (C),59885,6.2,0.00862,-0.07469
vol3|E387 (C),59885,7.11,-0.00324,-0.09878
vol3|E387 (C),59885,8.29,-0.06731,-0.09247
vol3|E387 (C),59885,9.17,-0.14393,-0.10186
vol3|E387 (C),59885,10.29,-0.12311,-0.10015
vol3|E387 (C),59885,11.27,-0.11705,-0.08082
vol3|E387 (C),99744,-4.08,-0.26549,0.07761
vol3|E387 (C),99744,-3.05,-0.08753,0.04068
vol3|E387 (C),99744,-2.04,-0.03430,0.01806
vol3|E387 (C),99744,-0.95,0.02674,-0.01315
vol3|E387 (C),99744,0.05,0.02152,-0.01609
vol3|E387 (C),99744,1.04,0.04164,-0.02672
vol3|E387 (C),99744,2.19,0.04601,-0.04403
vol3|E387 (C),99744,3.06,0.05462,-0.04306
vol3|E387 (C),99744,4.12,0.04991,-0.05369
vol3|E387 (C),99744,5.16,0.04991,-0.06212
vol3|E387 (C),99744,6.16,0.05255,-0.08230
vol3|E387 (C),99744,7.15,0.05449,-0.09419
vol3|E387 (C),99744,8.22,-0.01558,-0.08157
vol3|E387 (C),99744,9.24,-0.02863,-0.08067
vol3|E387 (C),99744,10.27,-0.02877,-0.09191
vol3|E387 (C),199604,-3.99,-0.16505,0.01353
vol3|E387 (C),199604,-2.81,-0.01728,0.00413
vol3|E387 (C),199604,-1.93,0.00025,-0.01105
vol3|E387 (C),199604,-0.92,0.05786,-0.01949
vol3|E387 (C),199604,0.06,0.05299,-0.02718
vol3|E387 (C),199604,1.17,0.07031,-0.03159
vol3|E387 (C),199604,2.1,0.06890,-0.03961
vol3|E387 (C),199604,3.1,0.08203,-0.04086
vol3|E387 (C),199604,4.15,0.08333,-0.04887
vol3|E387 (C),199604,5.3,0.08333,-0.05499
vol3|E387 (C),199604,6.17,0.08495,-0.06825
vol3|E387 (C),199604,7.32,0.03802,-0.06531
vol3|E387 (C),199604,8.32,-0.07837,-0.06752
vol3|E387 (C),199604,9.27,-0.09338,-0.07000
vol3|E387 (C),199604,10.26,-0.07995,-0.08001
vol3|E387 (C),299856,-4.11,-0.08121,-0.01100
vol3|E387 (C),299856,-3.08,0.00378,-0.01651
vol3|E387 (C),299856,-2.04,0.03371,-0.02288
vol3|E387 (C),299856,-0.99,0.11406,-0.01834
vol3|E387 (C),299856,0.11,0.11325,-0.02520
vol3|E387 (C),299856,1.02,0.12977,-0.03182
vol3|E387 (C),299856,2.1,0.11445,-0.03782
vol3|E387 (C),299856,3.11,0.12251,-0.03878
vol3|E387 (C),299856,4.19,0.15208,-0.05016
vol3|E387 (C),299856,5.13,0.15522,-0.05706
vol3|E387 (C),299856,6.23,0.13527,-0.07065
vol3|E387 (C),299856,7.33,0.07717,-0.06729
vol3|E387 (C),299856,8.34,-0.03318,-0.07085
vol3|E387 (C),299856,9.32,-0.02372,-0.07421
vol3|E387 (C),299856,10.32,-0.02908,-0.07120
vol3|E387 (C),458992,-4.1,0.15208,-0.02155
vol3|E387 (C),458992,-3.08,0.19622,-0.02643
vol3|E387 (C),458992,-2.03,0.24723,-0.02788
vol3|E387 (C),458992,-1.04,0.27692,-0.02293
vol3|E387 (C),458992,0.02,0.27220,-0.02909
vol3|E387 (C),458992,1.16,0.29353,-0.03340
vol3|E387 (C),458992,2.03,0.29647,-0.03327
vol3|E387 (C),458992,3.36,0.32757,-0.04977
vol3|E387 (C),458992,4.1,0.32799,-0.05114
vol3|E387 (C),458992,5.09,0.33460,-0.05806
vol3|E387 (C),458992,6.42,0.28126,-0.06642
vol3|E387 (C),458992,7.27,0.20353,-0.06552
vol3|E387 (C),458992,8.3,0.18224,-0.07067
vol3|E387 (C),458992,9.36,0.18044,-0.06380
vol3|E387 (C),458992,10.47,0.19057,-0.06972
vol3|E387 (D),59507,-4.25,-0.48966,0.21462
vol3|E387 (D),59507,-3.19,-0.32058,0.17021
vol3|E387 (D),59507,-2.09,-0.20696,0.15627
vol3|E387 (D),59507,-1.31,-0.12506,0.12399
vol3|E387 (D),59507,-0.12,-0.02781,0.07383
vol3|E387 (D),59507,0.95,-0.02707,0.06544
vol3|E387 (D),59507,1.97,-0.00250,0.05424
vol3|E387 (D),59507,3.11,0.00731,0.03418
vol3|E387 (D),59507,3.97,0.01965,0.01604
vol3|E387 (D),59507,5.02,0.02259,-0.01207
vol3|E387 (D),59507,5.93,0.02933,-0.03059
vol3|E387 (D),59507,6.85,0.00113,-0.04624
vol3|E387 (D),59507,7.7,0.01484,-0.07280
vol3|E387 (D),59507,9.09,-0.12814,-0.05815
vol3|E387 (D),59507,10.02,-0.20761,-0.05361
vol3|E387 (D),59507,10.94,-0.17980,-0.05856
vol3|E472,100300,-2.95,-0.06986,0.05709
vol3|E472,100300,-1.94,-0.02089,0.05709
vol3|E472,100300,-0.9,-0.04527,0.03604
vol3|E472,100300,0.16,0.00060,-0.07507
vol3|E472,100300,1.16,-0.02307,-0.13110
vol3|E472,100300,2.21,-0.03016,-0.14209
vol3|E472,100300,3.22,-0.02515,-0.14022
vol3|E472,100300,4.24,-0.02202,-0.13186
vol3|E472,100300,5.29,-0.01525,-0.12643
vol3|E472,100300,6.28,0.02051,-0.13196
vol3|E472,100300,7.33,0.11180,-0.13049
vol3|E472,100300,8.34,0.22197,-0.13785
vol3|E472,100300,9.3,0.27417,-0.15314
vol3|E472,100300,10.32,0.35928,-0.09389
vol3|E472,200100,-2.94,-0.02216,0.06333
vol3|E472,200100,-1.9,-0.07253,0.05009
vol3|E472,200100,-0.9,-0.00847,-0.06332
vol3|E472,200100,0.14,-0.00629,-0.07319
vol3|E472,200100,1.15,-0.00789,-0.09645
vol3|E472,200100,2.2,-0.01170,-0.12182
vol3|E472,200100,3.22,-0.00479,-0.13126
vol3|E472,200100,4.26,-0.00028,-0.12562
vol3|E472,200100,5.27,0.01695,-0.11821
vol3|E472,200100,6.27,0.01767,-0.11975
vol3|E472,200100,7.31,0.00981,-0.12398
vol3|E472,200100,8.35,0.00887,-0.12476
vol3|E472,200100,9.35,0.08036,-0.12296
vol3|E472,200100,10.4,0.18196,-0.12186
vol3|E472,200100,11.42,0.30844,-0.11935
vol3|E472,300900,-2.89,-0.03446,0.05910
vol3|E472,300900,-1.88,-0.03192,0.03133
vol3|E472,300900,-0.85,0.03912,-0.06505
vol3|E472,300900,0.21,0.04400,-0.06520
vol3|E472,300900,1.15,0.05282,-0.07196
vol3|E472,300900,2.19,0.01942,-0.09931
vol3|E472,300900,3.24,0.01734,-0.12427
vol3|E472,300900,4.33,0.02617,-0.12205
vol3|E472,300900,5.26,0.04594,-0.11484
vol3|E472,300900,6.29,0.04726,-0.11191
vol3|E472,300900,7.34,0.05193,-0.11223
vol3|E472,300900,8.37,0.05321,-0.11776
vol3|E472,300900,9.47,0.12962,-0.11820
vol3|E472,300900,10.58,0.22254,-0.12114
vol3|E472,300900,11.44,0.33144,-0.11328
vol3|E472,401000,-2.9,0.03357,0.05464
vol3|E472,401000,-2.02,0.08379,0.00393
vol3|E472,401000,-0.81,0.10754,-0.05727
vol3|E472,401000,0.18,0.11732,-0.06175
vol3|E472,401000,1.15,0.13146,-0.06710
vol3|E472,401000,2.19,0.09333,-0.08959
vol3|E472,401000,3.25,0.11033,-0.10279
vol3|E472,401000,4.25,0.10597,-0.10889
vol3|E472,401000,5.28,0.11224,-0.10226
vol3|E472,401000,6.38,0.12809,-0.10135
vol3|E472,401000,7.35,0.14677,-0.10135
vol3|E472,401000,8.45,0.14396,-0.10607
vol3|E472,401000,9.84,0.23977,-0.11064
vol3|E472,401000,10.45,0.26376,-0.10544
vol3|E472,401000,11.64,0.42185,-0.09724
vol3|E472,501400,-3.14,0.11464,0.03510
vol3|E472,501400,-1.79,0.20042,-0.06826
vol3|E472,501400,-0.48,0.19292,-0.07546
vol3|E472,501400,0.45,0.21052,-0.08057
vol3|E472,501400,1.28,0.22481,-0.08567
vol3|E472,501400,2.28,0.17908,-0.10746
vol3|E472,501400,3.27,0.20022,-0.11693
vol3|E472,501400,4.2,0.19227,-0.12495
vol3|E472,501400,5.31,0.19722,-0.12328
vol3|E472,501400,6.24,0.21824,-0.12354
vol3|E472,501400,7.4,0.22906,-0.12396
vol3|E472,501400,8.4,0.23827,-0.12695
vol3|E472,501400,9.73,0.33722,-0.12959
vol3|E472,501400,10.74,0.40127,-0.13262
vol3|LRN1007 (B),59500,-3.56,-0.39237,0.09616
vol3|LRN1007 (B),59500,-2.5,-0.40383,0.08542
vol3|LRN1007 (B),59500,-1.45,-0.43415,0.06502
vol3|LRN1007 (B),59500,-0.4,-0.40608,0.04586
vol3|LRN1007 (B),59500,0.6,-0.34522,0.01729
vol3|LRN1007 (B),59500,1.63,-0.21423,0.01101
vol3|LRN1007 (B),59500,2.64,-0.20977,-0.01166
vol3|LRN1007 (B),59500,3.67,-0.25610,-0.06262
vol3|LRN1007 (B),59500,4.67,-0.35397,-0.06599
vol3|LRN1007 (B),59500,5.7,-0.38041,-0.06740
vol3|LRN1007 (B),59500,6.7,-0.33445,-0.07361
vol3|LRN1007 (B),59500,7.76,-0.51581,-0.06530
vol3|LRN1007 (B),59500,8.89,-0.60099,-0.03353
vol3|LRN1007 (B),59500,9.87,-0.95479,-0.00943
vol3|LRN1007 (B),59500,10.84,-1.01881,-0.00438
vol3|LRN1007 (B),59500,11.86,-1.05068,0.08451
vol3|LRN1007 (B),98800,3.67,-0.02481,-0.12484
vol3|LRN1007 (B),98800,4.73,-0.02276,-0.13211
vol3|LRN1007 (B),98800,5.76,-0.09597,-0.13315
vol3|LRN1007 (B),98800,6.79,-0.31126,-0.11545
vol3|LRN1007 (B),98800,7.86,-0.42135,-0.07921
vol3|LRN1007 (B),98800,8.87,-0.65338,-0.08098
vol3|LRN1007 (B),98800,9.86,-0.78798,-0.08188
vol3|LRN1007 (B),98800,10.85,-0.89469,-0.06637
vol3|LRN1007 (B),98800,11.88,-0.93913,0.01425
vol3|LRN1007 (B),100200,-3.52,-0.50460,0.01692
vol3|LRN1007 (B),100200,-2.47,-0.44120,-0.01868
vol3|LRN1007 (B),100200,-1.38,-0.42253,-0.04835
vol3|LRN1007 (B),100200,-0.4,-0.35027,-0.09952
vol3|LRN1007 (B),100200,0.63,-0.07170,-0.12753
vol3|LRN1007 (B),100200,1.65,0.03414,-0.15967
vol3|LRN1007 (B),100200,2.67,-0.00393,-0.13838
vol3|LRN1007 (B),100200,3.71,-0.02494,-0.14919
vol3|LRN1007 (B),100200,4.72,-0.01870,-0.14953
vol3|LRN1007 (B),100200,5.73,-0.07398,-0.14595
vol3|LRN1007 (B),199100,-4.54,-0.38607,-0.11972
vol3|LRN1007 (B),199100,-3.33,-0.30101,-0.09328
vol3|LRN1007 (B),199100,-2.32,-0.20468,-0.09900
vol3|LRN1007 (B),199100,-1.34,-0.19357,-0.11170
vol3|LRN1007 (B),199100,-0.32,-0.08005,-0.10920
vol3|LRN1007 (B),199100,0.71,-0.06894,-0.08451
vol3|LRN1007 (B),199100,1.79,0.14136,-0.09224
vol3|LRN1007 (B),199100,2.81,0.14384,-0.15633
vol3|LRN1007 (B),199100,3.93,0.00768,-0.13481
vol3|LRN1007 (B),199100,4.86,-0.10925,-0.13375
vol3|LRN1007 (B),199100,5.78,-0.15831,-0.13134
vol3|LRN1007 (B),199100,6.79,-0.25035,-0.10619
vol3|LRN1007 (B),199100,7.83,-0.44638,-0.09448
vol3|LRN1007 (B),199100,8.84,-0.60165,-0.08500
vol3|LRN1007 (B),199100,9.87,-0.77442,-0.08074
vol3|LRN1007 (B),199100,10.86,-0.81884,-0.06151
vol3|LRN1007 (B),298700,-5.5,-0.24507,-0.07407
vol3|LRN1007 (B),298700,-4.47,-0.26228,-0.09319
vol3|LRN1007 (B),298700,-3.42,-0.15060,-0.08118
vol3|LRN1007 (B),298700,-2.27,-0.05835,-0.10176
vol3|LRN1007 (B),298700,-1.36,-0.03465,-0.11233
vol3|LRN1007 (B),298700,-0.25,-0.01823,-0.09538
vol3|LRN1007 (B),298700,0.71,0.05473,-0.10797
vol3|LRN1007 (B),298700,1.73,0.16517,-0.10666
vol3|LRN1007 (B),298700,2.87,0.07461,-0.13612
vol3|LRN1007 (B),298700,3.78,0.03919,-0.11899
vol3|LRN1007 (B),298700,4.78,-0.05061,-0.10827
vol3|LRN1007 (B),298700,5.82,-0.11584,-0.10716
vol3|LRN1007 (B),298700,6.84,-0.31296,-0.07521
vol3|LRN1007 (B),298700,7.86,-0.40326,-0.06601
vol3|LRN1007 (B),298700,8.94,-0.54808,-0.06232
vol3|PT-40 (A),100600,-5.91,-0.15036,0.09553
vol3|PT-40 (A),100600,-3.7,-0.03640,0.07279
vol3|PT-40 (A),100600,-3.07,-0.07959,0.07967
vol3|PT-40 (A),100600,-1.68,-0.06620,0.01907
vol3|PT-40 (A),100600,-1.04,-0.00440,0.00720
vol3|PT-40 (A),100600,0.34,0.01652,-0.05420
vol3|PT-40 (A),100600,1.33,0.03229,-0.08740
vol3|PT-40 (A),100600,2.27,0.03620,-0.09112
vol3|PT-40 (A),100600,3.28,0.05086,-0.10887
vol3|PT-40 (A),100600,4.3,0.06499,-0.12066
vol3|PT-40 (A),100600,5.31,0.05438,-0.12170
vol3|PT-40 (A),100600,6.3,0.04834,-0.11610
vol3|PT-40 (A),100600,7.27,0.03973,-0.12651
vol3|PT-40 (A),100600,8.57,0.02174,-0.13292
vol3|PT-40 (A),100600,9.16,0.00870,-0.13633
vol3|PT-40 (A),100600,10.39,0.02585,-0.15880
vol3|PT-40 (A),200200,-4.28,0.02831,0.00414
vol3|PT-40 (A),200200,-3.53,0.08376,0.01965
vol3|PT-40 (A),200200,-2.5,0.08810,-0.02744
vol3|PT-40 (A),200200,-1.5,0.04979,-0.05650
vol3|PT-40 (A),200200,0.32,0.05634,-0.08596
vol3|PT-40 (A),200200,0.63,0.05696,-0.09155
vol3|PT-40 (A),200200,1.64,0.07413,-0.09669
vol3|PT-40 (A),200200,2.71,0.07289,-0.10224
vol3|PT-40 (A),200200,3.7,0.07020,-0.11682
vol3|PT-40 (A),200200,4.72,0.06295,-0.11873
vol3|PT-40 (A),200200,5.73,0.05167,-0.11661
vol3|PT-40 (A),200200,7.24,0.04715,-0.12138
vol3|PT-40 (A),200200,7.79,0.04715,-0.12113
vol3|PT-40 (A),200200,8.88,0.02375,-0.12184
vol3|PT-40 (A),200200,9.87,0.04311,-0.12139
vol3|PT-40 (A),200200,10.88,0.11017,-0.13640
vol3|PT-40 (A),299800,-3.28,0.23266,-0.02124
vol3|PT-40 (A),299800,-2.38,0.11237,-0.03810
vol3|PT-40 (A),299800,-1.35,0.11939,-0.05514
vol3|PT-40 (A),299800,-0.32,0.15169,-0.07173
vol3|PT-40 (A),299800,0.71,0.13064,-0.07584
vol3|PT-40 (A),299800,1.73,0.13294,-0.07792
vol3|PT-40 (A),299800,3.25,0.14505,-0.09181
vol3|PT-40 (A),299800,3.78,0.13731,-0.10152
vol3|PT-40 (A),299800,4.81,0.13430,-0.10042
vol3|PT-40 (A),299800,5.85,0.11461,-0.10080
vol3|PT-40 (A),299800,6.78,0.10764,-0.10431
vol3|PT-40 (A),299800,7.75,0.08661,-0.10443
vol3|PT-40 (A),299800,8.9,0.07798,-0.10474
vol3|PT-40 (A),299800,10.35,0.09193,-0.11788
vol3|PT-40 (A),299800,10.86,0.17558,-0.11871
vol3|PT-40 (A),299800,11.89,0.08039,-0.08569
vol3|PT-40 (A),399500,-3.37,0.06663,-0.02114
vol3|PT-40 (A),399500,-2.42,0.09978,-0.04495
vol3|PT-40 (A),399500,-1.35,0.10221,-0.05690
vol3|PT-40 (A),399500,-0.31,0.11410,-0.06004
vol3|PT-40 (A),399500,0.57,0.09375,-0.07087
vol3|PT-40 (A),399500,1.73,0.10437,-0.07271
vol3|PT-40 (A),399500,2.76,0.10335,-0.08222
vol3|PT-40 (A),399500,3.49,0.09317,-0.09016
vol3|PT-40 (A),399500,4.81,0.07961,-0.09891
vol3|PT-40 (A),399500,5.58,0.06866,-0.09777
vol3|PT-40 (A),399500,6.64,0.06168,-0.10199
vol3|PT-40 (A),399500,7.9,0.05256,-0.10538
vol3|PT-40 (A),399500,8.91,0.03789,-0.10210
vol3|PT-40 (A),399500,9.93,0.05913,-0.11144
vol3|PT-40 (A),399500,10.95,0.12932,-0.11305
vol3|PT-40 (A),399500,11.93,0.04926,-0.08114
vol3|PT-40 (B),99700,-2.84,0.00406,0.07460
vol3|PT-40 (B),99700,-1.71,-0.05709,0.04896
vol3|PT-40 (B),99700,-0.85,0.10431,0.02522
vol3|PT-40 (B),99700,0.35,0.04166,-0.01352
vol3|PT-40 (B),99700,1.34,0.03125,-0.03533
vol3|PT-40 (B),99700,2.35,0.05134,-0.06532
vol3|PT-40 (B),99700,3.36,0.05489,-0.09292
vol3|PT-40 (B),99700,4.43,0.04200,-0.10643
vol3|PT-40 (B),99700,5.45,0.03231,-0.10675
vol3|PT-40 (B),99700,6.48,0.02163,-0.11534
vol3|PT-40 (B),99700,7.48,0.02456,-0.12157
vol3|PT-40 (B),99700,8.51,0.00694,-0.12375
vol3|PT-40 (B),99700,9.5,0.00538,-0.12194
vol3|PT-40 (B),99700,10.46,-0.02676,-0.15276
vol3|PT-40 (B),99700,11.51,0.03081,-0.14606
vol3|PT-40 (B),200100,-2.67,0.26951,0.03996
vol3|PT-40 (B),200100,-1.46,0.09900,-0.02416
vol3|PT-40 (B),200100,-0.85,0.06157,-0.01325
vol3|PT-40 (B),200100,0.47,0.08294,-0.05570
vol3|PT-40 (B),200100,1.49,0.08399,-0.06518
vol3|PT-40 (B),200100,2.48,0.08778,-0.07424
vol3|PT-40 (B),200100,3.5,0.07919,-0.08306
vol3|PT-40 (B),200100,4.54,0.06964,-0.09233
vol3|PT-40 (B),200100,5.54,0.03690,-0.09191
vol3|PT-40 (B),200100,6.53,0.03272,-0.09238
vol3|PT-40 (B),200100,7.52,0.01466,-0.09713
vol3|PT-40 (B),200100,8.45,0.00379,-0.10072
vol3|PT-40 (B),200100,9.53,0.02602,-0.10269
vol3|PT-40 (B),200100,10.48,0.01487,-0.11089
vol3|PT-40 (B),200100,11.54,0.07725,-0.10808
vol3|PT-40 (B),299800,-2.81,0.24850,-0.00781
vol3|PT-40 (B),299800,-1.76,0.16854,-0.03806
vol3|PT-40 (B),299800,-0.69,0.14279,-0.05028
vol3|PT-40 (B),299800,0.32,0.15120,-0.05287
vol3|PT-40 (B),299800,1.36,0.12668,-0.06369
vol3|PT-40 (B),299800,2.35,0.13069,-0.06580
vol3|PT-40 (B),299800,3.48,0.08636,-0.07643
vol3|PT-40 (B),299800,4.59,0.06948,-0.08364
vol3|PT-40 (B),299800,5.65,0.05961,-0.08528
vol3|PT-40 (B),299800,6.64,0.04823,-0.08680
vol3|PT-40 (B),299800,7.65,0.04746,-0.09157
vol3|PT-40 (B),299800,8.65,0.03563,-0.09128
vol3|PT-40 (B),299800,9.59,0.06512,-0.09572
vol3|PT-40 (B),299800,10.59,0.05814,-0.11274
vol3|PT-40 (B),299800,11.49,0.11687,-0.09980
vol3|PT-40 (B),399100,-2.9,0.14483,-0.03200
vol3|PT-40 (B),399100,-1.62,0.13923,-0.03602
vol3|PT-40 (B),399100,-0.72,0.13230,-0.04786
vol3|PT-40 (B),399100,0.29,0.11621,-0.04442
vol3|PT-40 (B),399100,1.34,0.11953,-0.04912
vol3|PT-40 (B),399100,2.28,0.09411,-0.04912
vol3|PT-40 (B),399100,3.34,0.07900,-0.05914
vol3|PT-40 (B),399100,4.43,0.05480,-0.06852
vol3|PT-40 (B),399100,5.47,0.04835,-0.07040
vol3|PT-40 (B),399100,6.6,0.03061,-0.07140
vol3|PT-40 (B),399100,7.36,0.02455,-0.07285
vol3|PT-40 (B),399100,8.75,0.01866,-0.07268
vol3|PT-40 (B),399100,9.46,0.03935,-0.07595
vol3|PT-40 (B),399100,10.48,0.02983,-0.09357
vol3|PT-40 (B),399100,11.55,0.10441,-0.08178
vol3|RG14,60400,-5.2,-0.27566,0.08101
vol3|RG14,60400,-4.18,-0.20899,0.07198
vol3|RG14,60400,-3.23,-0.17577,0.04746
vol3|RG14,60400,-2.17,-0.13719,0.03335
vol3|RG14,60400,-1.13,-0.14076,0.01918
vol3|RG14,60400,-0.14,-0.13785,0.00332
vol3|RG14,60400,0.93,-0.10920,-0.00031
vol3|RG14,60400,1.93,-0.09308,-0.00918
vol3|RG14,60400,3.01,-0.05240,-0.03822
vol3|RG14,60400,4.65,-0.04382,-0.04983
vol3|RG14,60400,5.09,-0.05069,-0.04876
vol3|RG14,60400,6.12,-0.05023,-0.05501
vol3|RG14,60400,7.13,-0.13065,-0.05794
vol3|RG14,60400,8.13,-0.15042,-0.06078
vol3|RG14,60400,9.12,-0.20809,-0.06087
vol3|RG14,60400,10.13,-0.19098,0.02969
vol3|RG14,100600,-5.2,-0.24739,0.08523
vol3|RG14,100600,-4.14,-0.15087,0.03649
vol3|RG14,100600,-3.17,-0.11302,0.02292
vol3|RG14,100600,-2.12,-0.09346,0.01713
vol3|RG14,100600,-1.13,-0.10719,0.00026
vol3|RG14,100600,-0.09,-0.08213,-0.02043
vol3|RG14,100600,0.92,-0.06819,-0.03163
vol3|RG14,100600,1.97,-0.00854,-0.04789
vol3|RG14,100600,2.99,0.01438,-0.06418
vol3|RG14,100600,4.01,0.02278,-0.06127
vol3|RG14,100600,5.07,0.02131,-0.05999
vol3|RG14,100600,6.11,0.00834,-0.06138
vol3|RG14,100600,7.1,-0.03316,-0.06031
vol3|RG14,100600,8.12,-0.03167,-0.06050
vol3|RG14,100600,9.13,-0.05813,-0.07795
vol3|RG14,100600,10.12,-0.05726,-0.05942
vol3|RG14,199900,-5.25,-0.20905,0.07874
vol3|RG14,199900,-4.16,-0.11025,0.03905
vol3|RG14,199900,-3.14,-0.07589,0.02846
vol3|RG14,199900,-2.21,-0.02715,0.03128
vol3|RG14,199900,-1.08,-0.03868,-0.01704
vol3|RG14,199900,-0.07,-0.01697,-0.04196
vol3|RG14,199900,0.96,0.01864,-0.05670
vol3|RG14,199900,1.97,0.03401,-0.05317
vol3|RG14,199900,3.0,0.04185,-0.04229
vol3|RG14,199900,4.03,0.05331,-0.04156
vol3|RG14,199900,5.06,0.03385,-0.03832
vol3|RG14,199900,6.06,0.01497,-0.03529
vol3|RG14,199900,7.14,0.01951,-0.04333
vol3|RG14,199900,8.13,0.04764,-0.04598
vol3|RG14,199900,9.13,0.04644,-0.06074
vol3|RG14,199900,10.14,-0.00932,-0.04882
vol3|RG14,300300,-5.28,-0.09624,0.04524
vol3|RG14,300300,-4.12,-0.06401,0.02022
vol3|RG14,300300,-3.13,-0.02478,0.01348
vol3|RG14,300300,-2.05,0.02033,0.00475
vol3|RG14,300300,-1.04,0.01443,-0.02809
vol3|RG14,300300,0.02,0.04707,-0.04732
vol3|RG14,300300,1.07,0.05760,-0.07054
vol3|RG14,300300,2.2,0.05573,-0.06776
vol3|RG14,300300,3.12,0.06577,-0.05106
vol3|RG14,300300,3.96,0.08177,-0.04315
vol3|RG14,300300,5.11,0.06067,-0.04630
vol3|RG14,300300,6.12,0.04420,-0.04202
vol3|RG14,300300,7.15,0.08099,-0.04686
vol3|RG14,300300,8.11,0.09167,-0.04811
vol3|RG14,300300,9.17,0.10893,-0.06530
vol3|RG14,300300,10.12,0.01187,-0.05821
vol3|RG15 (C),60056,-6.93,-0.35438,0.11073
vol3|RG15 (C),60056,-6.06,-0.38685,0.08809
vol3|RG15 (C),60056,-5.1,-0.23143,0.07869
vol3|RG15 (C),60056,-4.06,-0.22148,0.08841
vol3|RG15 (C),60056,-2.9,-0.17537,0.07227
vol3|RG15 (C),60056,-2.02,-0.15910,0.05178
vol3|RG15 (C),60056,-0.97,-0.15492,0.04881
vol3|RG15 (C),60056,0.2,-0.14556,0.04191
vol3|RG15 (C),60056,1.07,-0.11927,0.03636
vol3|RG15 (C),60056,2.32,-0.07220,0.01390
vol3|RG15 (C),60056,3.29,-0.03026,-0.04553
vol3|RG15 (C),60056,4.17,-0.02352,-0.08245
vol3|RG15 (C),60056,5.32,-0.02121,-0.09066
vol3|RG15 (C),60056,6.18,-0.02049,-0.08893
vol3|RG15 (C),60056,7.21,-0.08174,-0.09425
vol3|RG15 (C),60056,8.16,-0.14687,-0.10309
vol3|RG15 (C),60056,9.36,-0.15629,-0.11006
vol3|RG15 (C),99818,-7.12,-0.24024,0.05159
vol3|RG15 (C),99818,-5.99,-0.32730,0.08662
vol3|RG15 (C),99818,-4.86,-0.20959,0.07655
vol3|RG15 (C),99818,-3.99,-0.18292,0.07975
vol3|RG15 (C),99818,-2.99,-0.15621,0.06422
vol3|RG15 (C),99818,-1.87,-0.14155,0.04922
vol3|RG15 (C),99818,-0.95,-0.15255,0.04455
vol3|RG15 (C),99818,0.09,-0.11825,0.02177
vol3|RG15 (C),99818,1.17,-0.06654,-0.01938
vol3|RG15 (C),99818,2.17,-0.02061,-0.04230
vol3|RG15 (C),99818,3.01,-0.00268,-0.06622
vol3|RG15 (C),99818,4.18,0.01035,-0.08695
vol3|RG15 (C),99818,5.17,0.01151,-0.08886
vol3|RG15 (C),99818,6.17,0.00428,-0.08473
vol3|RG15 (C),99818,7.44,-0.03397,-0.09110
vol3|RG15 (C),99818,8.44,-0.04347,-0.10153
vol3|RG15 (C),99818,9.22,-0.07144,-0.10853
vol3|RG15 (C),199819,-6.96,-0.25743,0.05728
vol3|RG15 (C),199819,-5.94,-0.24002,0.08111
vol3|RG15 (C),199819,-4.83,-0.14086,0.06973
vol3|RG15 (C),199819,-3.92,-0.13555,0.06123
vol3|RG15 (C),199819,-2.92,-0.10264,0.05676
vol3|RG15 (C),199819,-1.78,-0.08816,0.04408
vol3|RG15 (C),199819,-0.89,-0.07678,0.01978
vol3|RG15 (C),199819,0.2,-0.04506,-0.02074
vol3|RG15 (C),199819,1.24,-0.01465,-0.04132
vol3|RG15 (C),199819,2.28,0.00631,-0.06687
vol3|RG15 (C),199819,3.2,0.02701,-0.06918
vol3|RG15 (C),199819,4.28,0.03543,-0.07448
vol3|RG15 (C),199819,5.42,0.00750,-0.07552
vol3|RG15 (C),199819,6.28,0.00603,-0.07136
vol3|RG15 (C),199819,7.28,0.01663,-0.07421
vol3|RG15 (C),199819,8.3,0.00926,-0.08218
vol3|RG15 (C),199819,9.25,-0.01792,-0.08947
vol3|RG15 (C),299791,-7.14,-0.13146,0.04974
vol3|RG15 (C),299791,-6.14,-0.08181,0.04751
vol3|RG15 (C),299791,-5.09,-0.07683,0.05013
vol3|RG15 (C),299791,-3.83,-0.09333,0.05214
vol3|RG15 (C),299791,-2.96,-0.06062,0.04219
vol3|RG15 (C),299791,-1.88,-0.03798,0.02503
vol3|RG15 (C),299791,-0.96,-0.02218,0.01168
vol3|RG15 (C),299791,0.51,-0.00547,-0.03824
vol3|RG15 (C),299791,1.4,-0.00490,-0.05413
vol3|RG15 (C),299791,1.75,-0.00384,-0.06111
vol3|RG15 (C),299791,3.37,0.04168,-0.06452
vol3|RG15 (C),299791,4.4,0.04059,-0.07002
vol3|RG15 (C),299791,5.32,0.03149,-0.06934
vol3|RG15 (C),299791,6.35,0.02292,-0.06814
vol3|RG15 (C),299791,7.44,0.03878,-0.07006
vol3|RG15 (C),299791,8.43,-0.00976,-0.07902
vol3|RG15 (C),299791,9.14,-0.10262,-0.08511
vol3|S6063,60000,-4.89,-0.36713,0.06071
vol3|S6063,60000,-3.88,-0.24545,0.06179
vol3|S6063,60000,-2.87,-0.15745,0.04990
vol3|S6063,60000,-1.83,-0.15946,0.01706
vol3|S6063,60000,-0.81,-0.17763,0.00777
vol3|S6063,60000,0.21,-0.16235,0.01342
vol3|S6063,60000,1.24,-0.15944,0.00492
vol3|S6063,60000,2.26,-0.15387,-0.00925
vol3|S6063,60000,3.3,-0.10832,-0.04276
vol3|S6063,60000,4.34,-0.12315,-0.06351
vol3|S6063,60000,5.33,-0.16659,-0.06013
vol3|S6063,60000,6.37,-0.27828,-0.07325
vol3|S6063,60000,7.36,-0.33993,-0.08572
vol3|S6063,60000,8.38,-0.52822,-0.04607
vol3|S6063,60000,9.4,-0.54627,0.06112
vol3|S6063,100000,-4.88,-0.40028,0.09931
vol3|S6063,100000,-3.86,-0.15530,0.05589
vol3|S6063,100000,-2.84,-0.12436,0.05851
vol3|S6063,100000,-1.83,-0.13532,0.04144
vol3|S6063,100000,-0.81,-0.15958,0.01455
vol3|S6063,100000,0.22,-0.14494,0.02510
vol3|S6063,100000,1.24,-0.14219,0.00582
vol3|S6063,100000,2.28,-0.12060,-0.02489
vol3|S6063,100000,3.32,-0.09185,-0.03829
vol3|S6063,100000,4.33,-0.11523,-0.04472
vol3|S6063,100000,5.35,-0.20810,-0.03862
vol3|S6063,100000,6.37,-0.22242,-0.04878
vol3|S6063,100000,7.4,-0.22335,-0.06672
vol3|S6063,100000,8.41,-0.54326,-0.02381
vol3|S6063,100000,9.43,-0.62434,0.07130
vol3|S6063,200100,-4.91,-0.39380,0.06855
vol3|S6063,200100,-3.9,-0.17273,0.04988
vol3|S6063,200100,-2.87,-0.10049,0.02349
vol3|S6063,200100,-1.83,-0.04353,0.03111
vol3|S6063,200100,-0.82,-0.05508,0.00383
vol3|S6063,200100,0.22,-0.06260,0.02855
vol3|S6063,200100,1.24,-0.05666,-0.00633
vol3|S6063,200100,2.25,-0.03658,-0.03539
vol3|S6063,200100,3.3,-0.01906,-0.02781
vol3|S6063,200100,4.34,-0.06732,-0.02193
vol3|S6063,200100,5.37,-0.14284,-0.03325
vol3|S6063,200100,6.37,-0.14035,-0.03829
vol3|S6063,200100,7.37,-0.18312,-0.04495
vol3|S6063,200100,8.4,-0.26297,-0.02826
vol3|S6063,200100,9.44,-0.49536,-0.02490
vol3|S6063,300600,-4.91,-0.32422,0.03450
vol3|S6063,300600,-3.86,-0.14362,0.01300
vol3|S6063,300600,-2.86,-0.06230,-0.00856
vol3|S6063,300600,-1.84,-0.04811,0.00747
vol3|S6063,300600,-0.81,-0.00847,-0.01188
vol3|S6063,300600,0.23,0.00264,-0.03708
vol3|S6063,300600,1.27,-0.00111,-0.04862
vol3|S6063,300600,2.26,0.01642,-0.03772
vol3|S6063,300600,3.29,0.02655,-0.03300
vol3|S6063,300600,4.32,-0.00912,-0.04076
vol3|S6063,300600,5.37,-0.06492,-0.04424
vol3|S6063,300600,6.37,-0.07654,-0.04890
vol3|S6063,300600,7.4,-0.05068,-0.05397
vol3|S6063,300600,8.43,-0.16126,-0.04655
vol3|S6063,300600,9.44,-0.30971,-0.04644
vol3|S7012 (B),59938,-5.68,-0.40986,0.12679
vol3|S7012 (B),59938,-4.57,-0.23463,0.11004
vol3|S7012 (B),59938,-3.59,-0.20079,0.11594
vol3|S7012 (B),59938,-2.54,-0.13021,0.09660
vol3|S7012 (B),59938,-1.56,-0.13010,0.08046
vol3|S7012 (B),59938,-0.53,-0.12920,0.07539
vol3|S7012 (B),59938,0.51,-0.07077,0.05009
vol3|S7012 (B),59938,1.56,-0.01212,0.01133
vol3|S7012 (B),59938,2.62,0.00013,-0.02029
vol3|S7012 (B),59938,3.6,0.00929,-0.04629
vol3|S7012 (B),59938,4.69,0.01042,-0.05735
vol3|S7012 (B),59938,5.63,0.01331,-0.06241
vol3|S7012 (B),59938,6.64,0.01097,-0.06079
vol3|S7012 (B),59938,7.68,-0.05814,-0.05904
vol3|S7012 (B),59938,8.63,-0.14671,-0.07458
vol3|S7012 (B),59938,9.66,-0.09926,-0.07782
vol3|S7012 (B),100182,-5.68,-0.31974,0.10642
vol3|S7012 (B),100182,-4.64,-0.20345,0.10423
vol3|S7012 (B),100182,-3.59,-0.14721,0.10571
vol3|S7012 (B),100182,-2.53,-0.11313,0.09134
vol3|S7012 (B),100182,-1.53,-0.11506,0.07196
vol3|S7012 (B),100182,-0.41,-0.06247,0.04791
vol3|S7012 (B),100182,0.55,0.00207,0.00765
vol3|S7012 (B),100182,1.65,0.02333,-0.02181
vol3|S7012 (B),100182,2.61,0.03228,-0.03859
vol3|S7012 (B),100182,3.65,0.03950,-0.04861
vol3|S7012 (B),100182,4.7,0.03999,-0.04988
vol3|S7012 (B),100182,5.61,0.03999,-0.05258
vol3|S7012 (B),100182,6.74,0.02302,-0.04804
vol3|S7012 (B),100182,7.69,-0.00104,-0.05369
vol3|S7012 (B),100182,8.78,-0.03207,-0.06597
vol3|S7012 (B),100182,9.77,-0.04633,-0.08481
vol3|S7012 (B),100500,-2.79,-0.15087,0.09005
vol3|S7012 (B),100500,-1.28,-0.12007,0.06734
vol3|S7012 (B),100500,0.28,-0.02081,0.01407
vol3|S7012 (B),100500,1.82,0.02619,-0.02308
vol3|S7012 (B),100500,3.34,0.03749,-0.04478
vol3|S7012 (B),100500,4.87,0.03999,-0.04915
vol3|S7012 (B),100500,6.42,0.02675,-0.04899
vol3|S7012 (B),100500,7.97,-0.01599,-0.05480
vol3|S7012 (B),100500,9.49,0.00647,-0.07551
vol3|S7012 (B),198500,11.05,0.06719,-0.01610
vol3|S7012 (B),199600,-2.81,-0.11181,0.08905
vol3|S7012 (B),199600,-1.27,-0.03006,0.05065
vol3|S7012 (B),199600,0.31,0.03036,0.00213
vol3|S7012 (B),199600,1.84,0.02404,-0.02797
vol3|S7012 (B),199600,3.35,0.04651,-0.02845
vol3|S7012 (B),199600,4.92,0.04882,-0.03212
vol3|S7012 (B),199600,6.43,0.03619,-0.02964
vol3|S7012 (B),199600,7.99,-0.07760,-0.03471
vol3|S7012 (B),199600,9.5,-0.05470,-0.04565
vol3|S7012 (B),200048,-5.52,-0.25673,0.11778
vol3|S7012 (B),200048,-4.56,-0.13682,0.10665
vol3|S7012 (B),200048,-3.4,-0.10755,0.08779
vol3|S7012 (B),200048,-2.55,-0.07429,0.08283
vol3|S7012 (B),200048,-1.52,-0.06032,0.06223
vol3|S7012 (B),200048,-0.47,0.02338,0.02443
vol3|S7012 (B),200048,0.56,0.03036,-0.00177
vol3|S7012 (B),200048,1.62,0.02132,-0.02542
vol3|S7012 (B),200048,2.59,0.03217,-0.02833
vol3|S7012 (B),200048,3.61,0.05055,-0.03146
vol3|S7012 (B),200048,4.62,0.05142,-0.03273
vol3|S7012 (B),200048,5.62,0.03800,-0.03455
vol3|S7012 (B),200048,6.78,0.01490,-0.03059
vol3|S7012 (B),200048,7.73,-0.00276,-0.03093
vol3|S7012 (B),200048,8.73,-0.09940,-0.04569
vol3|S7012 (B),200048,9.7,-0.06551,-0.05176
vol3|S7012 (B),299562,-5.48,-0.13579,0.10341
vol3|S7012 (B),299562,-4.47,-0.08473,0.08277
vol3|S7012 (B),299562,-3.62,-0.07330,0.08159
vol3|S7012 (B),299562,-2.37,-0.02636,0.06063
vol3|S7012 (B),299562,-1.39,0.05600,0.04225
vol3|S7012 (B),299562,-0.41,0.05689,0.00500
vol3|S7012 (B),299562,0.74,0.05853,-0.01941
vol3|S7012 (B),299562,1.78,0.08080,-0.02107
vol3|S7012 (B),299562,2.53,0.08339,-0.01768
vol3|S7012 (B),299562,3.89,0.09946,-0.02389
vol3|S7012 (B),299562,4.59,0.10643,-0.02590
vol3|S7012 (B),299562,5.73,0.10264,-0.02622
vol3|S7012 (B),299562,6.68,0.08049,-0.02315
vol3|S7012 (B),299562,7.7,-0.01711,-0.02568
vol3|S7012 (B),299562,8.7,-0.07067,-0.03599
vol3|S7012 (B),299562,9.77,-0.04064,-0.03679
vol3|S7012 (B),300100,-2.92,-0.04629,0.06761
vol3|S7012 (B),300100,-1.28,0.04780,0.04025
vol3|S7012 (B),300100,0.37,0.03757,-0.02029
vol3|S7012 (B),300100,1.82,0.05136,-0.02505
vol3|S7012 (B),300100,3.37,0.07399,-0.02548
vol3|S7012 (B),300100,4.9,0.07671,-0.02968
vol3|S7012 (B),300100,6.44,0.05155,-0.02757
vol3|S7012 (B),300100,7.95,-0.04601,-0.03312
vol3|S7012 (B),300100,9.51,-0.04370,-0.04659
vol3|S7012 (B),300100,11.01,-0.00678,-0.02826
vol3|S7075 (A),59800,-4.0,-0.31121,0.11843
vol3|S7075 (A),59800,-2.99,-0.25836,0.10706
vol3|S7075 (A),59800,-1.97,-0.24020,0.09104
vol3|S7075 (A),59800,-0.95,-0.16228,0.08055
vol3|S7075 (A),59800,0.08,-0.13229,0.08459
vol3|S7075 (A),59800,1.12,-0.08007,0.05283
vol3|S7075 (A),59800,2.14,-0.06135,0.03634
vol3|S7075 (A),59800,3.17,-0.02952,-0.02879
vol3|S7075 (A),59800,4.23,-0.02791,-0.09435
vol3|S7075 (A),59800,5.26,-0.02677,-0.10699
vol3|S7075 (A),59800,6.27,-0.01815,-0.11630
vol3|S7075 (A),59800,7.29,-0.01972,-0.10989
vol3|S7075 (A),59800,8.31,-0.10361,-0.12276
vol3|S7075 (A),59800,9.31,-0.14502,-0.13657
vol3|S7075 (A),59800,10.34,-0.15170,-0.15017
vol3|S7075 (A),60300,-4.01,-0.31584,0.12545
vol3|S7075 (A),60300,-2.99,-0.25836,0.11830
vol3|S7075 (A),60300,-1.98,-0.24020,0.10463
vol3|S7075 (A),60300,-0.95,-0.15724,0.09414
vol3|S7075 (A),60300,0.07,-0.13229,0.09818
vol3|S7075 (A),60300,1.13,-0.08007,0.06393
vol3|S7075 (A),60300,2.13,-0.06135,0.04540
vol3|S7075 (A),60300,3.18,-0.02952,-0.01790
vol3|S7075 (A),60300,4.21,-0.02791,-0.08346
vol3|S7075 (A),60300,5.24,-0.02677,-0.09610
vol3|S7075 (A),60300,6.26,-0.01815,-0.10711
vol3|S7075 (A),60300,7.29,-0.01769,-0.10069
vol3|S7075 (A),60300,8.3,-0.10569,-0.11357
vol3|S7075 (A),60300,9.32,-0.14502,-0.12671
vol3|S7075 (A),60300,10.33,-0.14211,-0.14104
vol3|S7075 (A),60300,11.35,-0.08197,-0.05438
vol3|S7075 (A),99600,-4.0,-0.25421,0.12445
vol3|S7075 (A),99600,-2.96,-0.21569,0.11164
vol3|S7075 (A),99600,-1.96,-0.14700,0.10066
vol3|S7075 (A),99600,-0.95,-0.08516,0.05819
vol3|S7075 (A),99600,0.09,-0.04635,0.04932
vol3|S7075 (A),99600,1.13,-0.02791,0.02748
vol3|S7075 (A),99600,2.17,0.00378,-0.03305
vol3|S7075 (A),99600,3.21,0.02036,-0.06280
vol3|S7075 (A),99600,4.22,0.02721,-0.08281
vol3|S7075 (A),99600,5.26,0.03341,-0.08728
vol3|S7075 (A),99600,6.26,0.02868,-0.10372
vol3|S7075 (A),99600,7.38,0.01050,-0.09257
vol3|S7075 (A),99600,8.32,-0.01641,-0.10661
vol3|S7075 (A),99600,9.31,-0.02500,-0.10845
vol3|S7075 (A),99600,10.33,-0.04159,-0.13129
vol3|S7075 (A),99700,-5.04,-0.45347,0.14076
vol3|S7075 (A),99700,-4.02,-0.26070,0.12313
vol3|S7075 (A),99700,-3.0,-0.21569,0.11455
vol3|S7075 (A),99700,-1.97,-0.14700,0.10356
vol3|S7075 (A),99700,-0.94,-0.08516,0.06041
vol3|S7075 (A),99700,0.1,-0.04635,0.05223
vol3|S7075 (A),99700,1.13,-0.02791,0.03038
vol3|S7075 (A),99700,2.22,0.00378,-0.03015
vol3|S7075 (A),99700,3.2,0.02036,-0.05890
vol3|S7075 (A),99700,4.22,0.02721,-0.07991
vol3|S7075 (A),99700,5.25,0.03341,-0.08437
vol3|S7075 (A),99700,6.29,0.02757,-0.10081
vol3|S7075 (A),99700,7.29,0.01582,-0.08967
vol3|S7075 (A),99700,8.32,-0.01641,-0.10371
vol3|S7075 (A),99700,9.32,-0.02500,-0.10555
vol3|S7075 (A),99700,10.36,-0.04159,-0.12267
vol3|S7075 (A),99700,11.35,0.04645,-0.14425
vol3|S7075 (A),199400,-5.08,-0.21924,0.11876
vol3|S7075 (A),199400,-3.87,-0.14408,0.08603
vol3|S7075 (A),199400,-2.92,-0.12405,0.05212
vol3|S7075 (A),199400,-1.98,-0.02389,0.03889
vol3|S7075 (A),199400,-0.81,-0.02141,0.00294
vol3|S7075 (A),199400,0.23,0.00008,-0.01988
vol3|S7075 (A),199400,1.13,0.02811,-0.03653
vol3|S7075 (A),199400,2.12,0.04257,-0.05732
vol3|S7075 (A),199400,3.27,0.06957,-0.07221
vol3|S7075 (A),199400,4.27,0.05764,-0.07661
vol3|S7075 (A),199400,5.32,0.05712,-0.07169
vol3|S7075 (A),199400,6.29,0.05073,-0.07671
vol3|S7075 (A),199400,7.33,0.03167,-0.07565
vol3|S7075 (A),199400,8.31,0.02033,-0.08729
vol3|S7075 (A),199400,9.33,0.03428,-0.08637
vol3|S7075 (A),199400,10.34,0.02412,-0.09552
vol3|S7075 (A),199400,11.35,0.11952,-0.12410
vol3|S7075 (A),199700,-4.03,-0.15117,0.07097
vol3|S7075 (A),199700,-2.99,-0.12284,0.05212
vol3|S7075 (A),199700,-1.88,-0.04312,0.03741
vol3|S7075 (A),199700,-0.86,-0.02141,0.00294
vol3|S7075 (A),199700,0.22,0.00008,-0.01988
vol3|S7075 (A),199700,1.2,0.03473,-0.04116
vol3|S7075 (A),199700,2.23,0.04367,-0.05732
vol3|S7075 (A),199700,3.22,0.06354,-0.07085
vol3|S7075 (A),199700,4.27,0.05764,-0.07661
vol3|S7075 (A),199700,5.28,0.05712,-0.07169
vol3|S7075 (A),199700,6.31,0.05073,-0.07671
vol3|S7075 (A),199700,7.31,0.03167,-0.07565
vol3|S7075 (A),199700,8.32,0.02033,-0.08729
vol3|S7075 (A),199700,9.34,0.03428,-0.08637
vol3|S7075 (A),199700,10.37,0.02412,-0.09002
vol3|S7075 (A),299400,-3.97,-0.11221,-0.00775
vol3|S7075 (A),299400,-2.96,-0.02808,-0.01618
vol3|S7075 (A),299400,-1.93,0.06880,-0.02362
vol3|S7075 (A),299400,-0.91,0.03734,-0.03845
vol3|S7075 (A),299400,0.15,0.06197,-0.04706
vol3|S7075 (A),299400,1.18,0.09188,-0.06002
vol3|S7075 (A),299400,2.24,0.12367,-0.06870
vol3|S7075 (A),299400,3.27,0.13701,-0.08667
vol3|S7075 (A),299400,4.2,0.13823,-0.08695
vol3|S7075 (A),299400,5.26,0.13047,-0.08333
vol3|S7075 (A),299400,6.32,0.11201,-0.08749
vol3|S7075 (A),299400,7.28,0.09501,-0.09183
vol3|S7075 (A),299400,8.32,0.09251,-0.09808
vol3|S7075 (A),299400,9.34,0.11163,-0.09808
vol3|S7075 (A),299400,10.35,0.11738,-0.09926
vol3|S7075 (A),299500,-5.02,-0.09948,0.03525
vol3|S7075 (A),299500,-4.0,-0.11221,-0.00527
vol3|S7075 (A),299500,-2.92,-0.02808,-0.01131
vol3|S7075 (A),299500,-1.95,0.06777,-0.01790
vol3|S7075 (A),299500,-0.94,0.04074,-0.03358
vol3|S7075 (A),299500,0.09,0.06197,-0.04094
vol3|S7075 (A),299500,1.14,0.09188,-0.05515
vol3|S7075 (A),299500,2.15,0.12367,-0.06383
vol3|S7075 (A),299500,3.31,0.13701,-0.08180
vol3|S7075 (A),299500,4.37,0.13823,-0.08591
vol3|S7075 (A),299500,5.35,0.12336,-0.07845
vol3|S7075 (A),299500,6.24,0.11201,-0.08026
vol3|S7075 (A),299500,7.27,0.09286,-0.08696
vol3|S7075 (A),299500,8.29,0.09251,-0.09320
vol3|S7075 (A),299500,9.36,0.11020,-0.08792
vol3|S7075 (A),299500,10.35,0.11738,-0.09439
vol3|S7075 (A),299500,11.36,0.18779,-0.11356
vol3|S7075 (B),60300,-5.22,-0.57910,0.25326
vol3|S7075 (B),60300,-4.1,-0.30946,0.20552
vol3|S7075 (B),60300,-3.11,-0.21370,0.20607
vol3|S7075 (B),60300,-2.12,-0.17462,0.18132
vol3|S7075 (B),60300,-1.05,-0.09468,0.15734
vol3|S7075 (B),60300,-0.04,-0.07730,0.15669
vol3|S7075 (B),60300,0.97,-0.07271,0.13646
vol3|S7075 (B),60300,2.0,-0.00148,0.10255
vol3|S7075 (B),60300,3.04,0.04438,0.05385
vol3|S7075 (B),60300,4.07,0.04089,-0.00330
vol3|S7075 (B),60300,5.08,0.04314,-0.03450
vol3|S7075 (B),60300,6.16,0.04968,-0.04992
vol3|S7075 (B),60300,7.13,0.04055,-0.04694
vol3|S7075 (B),60300,8.18,-0.04033,-0.06578
vol3|S7075 (B),60300,9.18,-0.08893,-0.07458
vol3|S7075 (B),60300,10.14,-0.15353,-0.09163
vol3|S7075 (B),99800,-5.19,-0.49337,0.25045
vol3|S7075 (B),99800,-4.18,-0.26333,0.21095
vol3|S7075 (B),99800,-3.11,-0.18216,0.19206
vol3|S7075 (B),99800,-1.98,-0.10136,0.16714
vol3|S7075 (B),99800,-1.09,-0.06122,0.13499
vol3|S7075 (B),99800,-0.06,-0.02950,0.10805
vol3|S7075 (B),99800,0.97,0.03179,0.07194
vol3|S7075 (B),99800,2.0,0.05736,0.03671
vol3|S7075 (B),99800,3.05,0.07875,0.01071
vol3|S7075 (B),99800,4.04,0.08474,-0.01852
vol3|S7075 (B),99800,5.12,0.07765,-0.02265
vol3|S7075 (B),99800,6.1,0.07689,-0.03495
vol3|S7075 (B),99800,7.11,0.05691,-0.03149
vol3|S7075 (B),99800,8.13,0.03967,-0.04626
vol3|S7075 (B),99800,9.15,0.02616,-0.05790
vol3|S7075 (B),99800,10.17,-0.00015,-0.08692
vol3|S7075 (B),199800,-5.23,-0.19886,0.26124
vol3|S7075 (B),199800,-4.15,-0.15141,0.16385
vol3|S7075 (B),199800,-3.13,-0.11391,0.12872
vol3|S7075 (B),199800,-2.1,-0.01808,0.10699
vol3|S7075 (B),199800,-1.07,0.00010,0.08088
vol3|S7075 (B),199800,-0.03,0.02037,0.04976
vol3|S7075 (B),199800,1.01,0.04087,0.02737
vol3|S7075 (B),199800,2.01,0.09350,0.01895
vol3|S7075 (B),199800,3.06,0.09920,0.01198
vol3|S7075 (B),199800,4.08,0.10202,-0.00437
vol3|S7075 (B),199800,5.1,0.09756,-0.00340
vol3|S7075 (B),199800,6.12,0.09455,-0.00630
vol3|S7075 (B),199800,7.15,0.07598,-0.01207
vol3|S7075 (B),199800,8.24,0.05125,-0.02417
vol3|S7075 (B),199800,9.2,0.03976,-0.02645
vol3|S7075 (B),199800,10.19,0.04665,-0.04983
vol3|S7075 (B),299800,-5.2,-0.09648,0.11101
vol3|S7075 (B),299800,-4.16,-0.06713,0.07283
vol3|S7075 (B),299800,-3.14,-0.04661,0.06749
vol3|S7075 (B),299800,-2.11,0.01903,0.04053
vol3|S7075 (B),299800,-1.09,0.05481,0.04675
vol3|S7075 (B),299800,-0.08,0.07124,0.01870
vol3|S7075 (B),299800,0.98,0.10613,-0.00225
vol3|S7075 (B),299800,2.0,0.12383,-0.01613
vol3|S7075 (B),299800,3.08,0.12848,-0.02046
vol3|S7075 (B),299800,4.06,0.14205,-0.02405
vol3|S7075 (B),299800,5.08,0.12878,-0.02268
vol3|S7075 (B),299800,6.09,0.11631,-0.02602
vol3|S7075 (B),299800,7.14,0.09835,-0.03333
vol3|S7075 (B),299800,8.15,0.08853,-0.04427
vol3|S7075 (B),299800,9.23,0.07150,-0.04992
vol3|S7075 (B),299800,10.21,0.07940,-0.06992
vol3|S8036,100800,-5.51,0.01701,0.03774
vol3|S8036,100800,-3.99,0.03035,0.02292
vol3|S8036,100800,-3.06,0.03317,-0.01652
vol3|S8036,100800,-1.24,0.03947,-0.04247
vol3|S8036,100800,-1.03,0.05050,-0.04081
vol3|S8036,100800,0.1,0.06141,-0.05944
vol3|S8036,100800,1.02,0.07284,-0.07910
vol3|S8036,100800,2.01,0.08841,-0.09051
vol3|S8036,100800,3.2,0.12707,-0.09723
vol3|S8036,100800,4.1,0.11443,-0.10339
vol3|S8036,100800,5.12,0.10055,-0.10882
vol3|S8036,100800,6.26,0.09138,-0.10730
vol3|S8036,100800,7.16,0.08615,-0.11399
vol3|S8036,100800,8.2,0.08512,-0.11612
vol3|S8036,100800,9.24,0.12474,-0.10955
vol3|S8036,100800,10.34,0.18203,-0.10573
vol3|S8036,200700,-3.95,0.01263,-0.01887
vol3|S8036,200700,-2.9,0.02740,-0.03191
vol3|S8036,200700,-1.84,0.02380,-0.04793
vol3|S8036,200700,-0.72,0.03520,-0.05241
vol3|S8036,200700,0.02,0.04445,-0.07205
vol3|S8036,200700,1.05,0.04900,-0.07770
vol3|S8036,200700,2.3,0.07642,-0.07704
vol3|S8036,200700,3.24,0.07579,-0.07979
vol3|S8036,200700,4.4,0.08587,-0.09020
vol3|S8036,200700,5.45,0.08762,-0.09802
vol3|S8036,200700,6.18,0.09214,-0.09800
vol3|S8036,200700,7.19,0.09186,-0.09505
vol3|S8036,200700,8.23,0.08625,-0.09109
vol3|S8036,200700,9.38,0.14195,-0.08810
vol3|S8036,200700,10.84,0.30274,-0.08455
vol3|S8036,200700,11.4,0.23812,-0.06578
vol3|S8036,301400,-3.96,0.07395,-0.02412
vol3|S8036,301400,-2.94,0.07062,-0.04273
vol3|S8036,301400,-1.54,0.06173,-0.05169
vol3|S8036,301400,-0.88,0.08493,-0.05401
vol3|S8036,301400,0.14,0.07422,-0.07039
vol3|S8036,301400,1.18,0.08471,-0.07540
vol3|S8036,301400,2.22,0.07880,-0.07398
vol3|S8036,301400,3.24,0.08914,-0.07863
vol3|S8036,301400,4.27,0.10021,-0.07974
vol3|S8036,301400,5.08,0.09515,-0.09092
vol3|S8036,301400,6.32,0.09695,-0.08656
vol3|S8036,301400,7.33,0.09977,-0.08465
vol3|S8036,301400,8.36,0.11142,-0.08058
vol3|S8036,301400,9.38,0.16801,-0.08227
vol3|S8036,301400,10.28,0.21062,-0.08378
vol3|S8036,301400,11.43,0.25272,-0.05311
vol3|S8036,304500,-6.73,0.02078,0.02691
vol3|S8036,304500,-6.17,0.14562,-0.03574
vol3|S8036,305000,-4.99,0.06770,-0.03525
vol3|S8036,402400,-7.02,0.20021,0.00328
vol3|S8036,402400,-5.99,0.25484,-0.01703
vol3|S8036,402400,-5.13,0.22205,-0.03446
vol3|S8036,402400,-3.83,0.21025,-0.03415
vol3|S8036,402400,-2.91,0.20330,-0.03658
vol3|S8036,402400,-1.92,0.19943,-0.04351
vol3|S8036,402400,-0.9,0.23761,-0.04824
vol3|S8036,402400,0.53,0.24287,-0.06580
vol3|S8036,402400,0.8,0.24578,-0.06619
vol3|S8036,402400,2.2,0.24744,-0.06707
vol3|S8036,402400,3.22,0.26574,-0.06805
vol3|S8036,402400,4.25,0.25694,-0.07206
vol3|S8036,402400,5.09,0.26635,-0.07921
vol3|S8036,402400,6.33,0.24926,-0.07007
vol3|S8036,402400,7.19,0.25225,-0.06446
vol3|S8036,402400,8.21,0.26242,-0.06764
vol3|S8036,402400,9.56,0.29966,-0.06548
vol3|S8036,402400,10.34,0.32228,-0.06543
vol3|S8036,402400,11.37,0.36438,-0.04943
vol3|S8036,502900,-6.29,0.39534,-0.06503
vol3|S8036,502900,-5.03,0.30679,-0.06463
vol3|S8036,502900,-3.97,0.29479,-0.05276
vol3|S8036,502900,-2.94,0.30606,-0.05712
vol3|S8036,502900,-1.91,0.29831,-0.06336
vol3|S8036,502900,-0.92,0.33747,-0.06810
vol3|S8036,502900,0.14,0.34177,-0.08634
vol3|S8036,502900,1.28,0.35417,-0.08925
vol3|S8036,502900,2.29,0.36168,-0.08745
vol3|S8036,502900,3.42,0.35060,-0.08863
vol3|S8036,502900,4.13,0.37155,-0.09379
vol3|S8036,502900,5.21,0.38974,-0.09847
vol3|S8036,502900,6.47,0.36476,-0.09003
vol3|S8036,502900,7.44,0.35561,-0.08424
vol3|S8036,502900,8.33,0.36577,-0.08916
vol3|S8036,502900,9.32,0.38464,-0.08609
vol3|S8036,502900,10.34,0.41831,-0.07316
vol3|S8036,502900,11.35,0.40229,-0.07388
vol3|S8037,100500,-4.14,0.02496,-0.01829
vol3|S8037,100500,-2.9,0.03480,-0.02398
vol3|S8037,100500,-1.59,0.05437,-0.04181
vol3|S8037,100500,-1.07,0.05292,-0.04887
vol3|S8037,100500,-0.04,0.08115,-0.08674
vol3|S8037,100500,1.0,0.09264,-0.09994
vol3|S8037,100500,1.87,0.11035,-0.11151
vol3|S8037,100500,3.27,0.11622,-0.10651
vol3|S8037,100500,3.84,0.11906,-0.11467
vol3|S8037,100500,4.86,0.11185,-0.11670
vol3|S8037,100500,5.97,0.10036,-0.11892
vol3|S8037,100500,7.3,0.08649,-0.12198
vol3|S8037,100500,8.17,0.09859,-0.13432
vol3|S8037,100500,9.03,0.08314,-0.12624
vol3|S8037,100500,10.07,0.07856,-0.12226
vol3|S8037,100500,11.22,0.15045,-0.11652
vol3|S8037,200800,-4.16,0.03788,-0.04372
vol3|S8037,200800,-3.11,0.02701,-0.04443
vol3|S8037,200800,-2.11,0.03138,-0.04978
vol3|S8037,200800,-1.09,0.02928,-0.05515
vol3|S8037,200800,-0.09,0.03853,-0.07313
vol3|S8037,200800,0.98,0.04300,-0.07788
vol3|S8037,200800,2.0,0.07362,-0.09063
vol3|S8037,200800,3.07,0.09736,-0.09900
vol3|S8037,200800,4.03,0.10140,-0.11381
vol3|S8037,200800,5.09,0.10187,-0.11472
vol3|S8037,200800,6.11,0.09859,-0.11364
vol3|S8037,200800,7.16,0.09664,-0.11491
vol3|S8037,200800,8.14,0.09538,-0.10941
vol3|S8037,200800,9.17,0.06701,-0.09776
vol3|S8037,200800,10.19,0.09325,-0.09539
vol3|S8037,200800,11.2,0.15342,-0.08951
vol3|S8037,300900,-4.15,0.09886,-0.05280
vol3|S8037,300900,-3.11,0.06807,-0.04198
vol3|S8037,300900,-2.06,0.07271,-0.04857
vol3|S8037,300900,-1.07,0.08411,-0.05149
vol3|S8037,300900,-0.03,0.07258,-0.06837
vol3|S8037,300900,1.0,0.07323,-0.07195
vol3|S8037,300900,2.0,0.06888,-0.07296
vol3|S8037,300900,3.0,0.08724,-0.08654
vol3|S8037,300900,4.02,0.10182,-0.09904
vol3|S8037,300900,5.09,0.10589,-0.10181
vol3|S8037,300900,6.09,0.10515,-0.10392
vol3|S8037,300900,7.12,0.10176,-0.10460
vol3|S8037,300900,8.16,0.11014,-0.09346
vol3|S8037,300900,9.18,0.09166,-0.08569
vol3|S8037,300900,10.3,0.12085,-0.08426
vol3|S8037,300900,11.17,0.18506,-0.07914
vol3|S8037,400800,-4.17,0.23949,-0.04958
vol3|S8037,400800,-3.03,0.19364,-0.03599
vol3|S8037,400800,-2.13,0.19326,-0.04205
vol3|S8037,400800,-1.09,0.21518,-0.04536
vol3|S8037,400800,-0.04,0.22084,-0.06171
vol3|S8037,400800,1.0,0.21958,-0.06504
vol3|S8037,400800,2.07,0.22920,-0.06513
vol3|S8037,400800,3.09,0.24291,-0.06807
vol3|S8037,400800,4.11,0.25490,-0.08473
vol3|S8037,400800,5.07,0.25929,-0.08442
vol3|S8037,400800,6.09,0.25171,-0.08521
vol3|S8037,400800,7.11,0.25438,-0.08573
vol3|S8037,400800,8.16,0.26453,-0.06520
vol3|S8037,400800,9.25,0.24390,-0.06166
vol3|S8037,400800,10.37,0.23308,-0.05406
vol3|S8037,400800,11.28,0.29960,-0.05915
vol3|S8037,501900,-4.16,0.33517,-0.06794
vol3|S8037,501900,-3.15,0.29060,-0.05726
vol3|S8037,501900,-2.12,0.29915,-0.06012
vol3|S8037,501900,-1.07,0.33817,-0.06520
vol3|S8037,501900,-0.01,0.34382,-0.08156
vol3|S8037,501900,1.05,0.33545,-0.08490
vol3|S8037,501900,2.11,0.33998,-0.08499
vol3|S8037,501900,3.27,0.36226,-0.09129
vol3|S8037,501900,4.29,0.36295,-0.10004
vol3|S8037,501900,5.28,0.39242,-0.10318
vol3|S8037,501900,6.33,0.37598,-0.10396
vol3|S8037,501900,7.49,0.36090,-0.09748
vol3|S8037,501900,8.27,0.36789,-0.08426
vol3|S8037,501900,9.15,0.34626,-0.07714
vol3|S8037,501900,10.17,0.32191,-0.07822
vol3|S8037,501900,11.18,0.37717,-0.07436
vol3|S8052,100200,-3.99,-0.15320,0.08229
vol3|S8052,100200,-2.94,-0.11140,0.04475
vol3|S8052,100200,-1.93,-0.06299,0.02734
vol3|S8052,100200,-0.91,-0.01728,0.00192
vol3|S8052,100200,0.14,0.00446,-0.03321
vol3|S8052,100200,1.17,0.00429,-0.04531
vol3|S8052,100200,2.18,0.01717,-0.06237
vol3|S8052,100200,3.21,0.02764,-0.06563
vol3|S8052,100200,4.22,0.03863,-0.07892
vol3|S8052,100200,5.25,0.04517,-0.09344
vol3|S8052,100200,6.29,0.04968,-0.09808
vol3|S8052,100200,7.35,0.04303,-0.09537
vol3|S8052,100200,8.35,0.04340,-0.09839
vol3|S8052,100200,9.41,0.08971,-0.10814
vol3|S8052,100200,10.36,0.07376,-0.11407
vol3|S8052,101000,-6.02,-0.21684,0.10650
vol3|S8052,101000,-5.0,-0.20304,0.09458
vol3|S8052,200400,-2.99,-0.06728,0.01255
vol3|S8052,200400,-1.87,-0.04365,-0.02348
vol3|S8052,200400,-0.86,-0.01080,-0.03586
vol3|S8052,200400,0.12,0.01606,-0.04885
vol3|S8052,200400,1.15,0.01449,-0.06119
vol3|S8052,200400,2.16,0.00858,-0.07015
vol3|S8052,200400,3.19,0.03775,-0.07378
vol3|S8052,200400,4.22,0.04405,-0.08228
vol3|S8052,200400,5.27,0.04274,-0.08646
vol3|S8052,200400,6.29,0.04951,-0.08800
vol3|S8052,200400,7.32,0.05519,-0.08740
vol3|S8052,200400,8.34,0.04897,-0.08870
vol3|S8052,200400,9.35,0.10553,-0.09483
vol3|S8052,200400,10.36,0.12381,-0.09737
vol3|S8052,202500,-6.06,-0.15148,0.04341
vol3|S8052,202500,-4.94,-0.09594,0.03678
vol3|S8052,202500,-4.03,-0.09603,0.02390
vol3|S8052,301200,-6.04,-0.07372,0.04130
vol3|S8052,301200,-5.0,-0.06633,0.01805
vol3|S8052,301200,-3.95,-0.07062,-0.00459
vol3|S8052,301200,-2.93,-0.03383,-0.02261
vol3|S8052,301200,-1.93,-0.01596,-0.02817
vol3|S8052,301200,-0.88,0.01366,-0.04364
vol3|S8052,301200,0.13,0.02608,-0.05041
vol3|S8052,301200,1.3,0.02411,-0.05216
vol3|S8052,301200,2.17,0.02509,-0.05218
vol3|S8052,301200,3.2,0.04010,-0.06517
vol3|S8052,301200,4.22,0.05225,-0.07175
vol3|S8052,301200,5.26,0.05069,-0.07708
vol3|S8052,301200,6.29,0.05128,-0.07620
vol3|S8052,301200,7.3,0.05904,-0.07664
vol3|S8052,301200,8.34,0.06457,-0.07794
vol3|S8052,301200,9.41,0.11503,-0.08439
vol3|S8052,301200,10.39,0.12054,-0.08661
vol3|S8052,401800,-6.03,0.08782,0.03126
vol3|S8052,401800,-5.0,0.07171,-0.00527
vol3|S8052,401800,-3.97,0.06344,-0.01671
vol3|S8052,401800,-2.96,0.10372,-0.02082
vol3|S8052,401800,-1.9,0.13796,-0.03196
vol3|S8052,401800,-0.83,0.16940,-0.03580
vol3|S8052,401800,0.11,0.19146,-0.04255
vol3|S8052,401800,1.23,0.19291,-0.04150
vol3|S8052,401800,2.17,0.19653,-0.04150
vol3|S8052,401800,3.24,0.21742,-0.04320
vol3|S8052,401800,4.26,0.21619,-0.05603
vol3|S8052,401800,5.29,0.21905,-0.05993
vol3|S8052,401800,6.3,0.21417,-0.05884
vol3|S8052,401800,7.33,0.22302,-0.06086
vol3|S8052,401800,8.33,0.22129,-0.06700
vol3|S8052,401800,9.36,0.24643,-0.06662
vol3|S8052,401800,10.37,0.25696,-0.06182
vol3|S8052,502300,-6.03,0.20031,-0.01363
vol3|S8052,502300,-5.01,0.18427,-0.03156
vol3|S8052,502300,-3.99,0.17893,-0.03860
vol3|S8052,502300,-2.91,0.21071,-0.04647
vol3|S8052,502300,-1.88,0.21808,-0.04587
vol3|S8052,502300,-0.81,0.28612,-0.05061
vol3|S8052,502300,0.24,0.30818,-0.05647
vol3|S8052,502300,1.37,0.31374,-0.05542
vol3|S8052,502300,2.49,0.31803,-0.05655
vol3|S8052,502300,3.49,0.31613,-0.06400
vol3|S8052,502300,4.38,0.33047,-0.07055
vol3|S8052,502300,5.22,0.33909,-0.07761
vol3|S8052,502300,6.26,0.32283,-0.07739
vol3|S8052,502300,7.31,0.33811,-0.07910
vol3|S8052,502300,8.42,0.33724,-0.08393
vol3|S8052,502300,9.33,0.35275,-0.08156
vol3|S8052,502300,10.35,0.35258,-0.08006
vol3|S8052,502300,11.38,0.45823,-0.07940
vol3|SA7035,59893,-6.53,-0.56754,0.16179
vol3|SA7035,59893,-5.33,-0.46050,0.15764
vol3|SA7035,59893,-4.27,-0.31615,0.15543
vol3|SA7035,59893,-3.35,-0.25035,0.14679
vol3|SA7035,59893,-2.52,-0.18783,0.13210
vol3|SA7035,59893,-1.42,-0.14035,0.11568
vol3|SA7035,59893,-0.46,-0.08009,0.11868
vol3|SA7035,59893,0.82,-0.02673,0.09559
vol3|SA7035,59893,1.69,-0.01318,0.05853
vol3|SA7035,59893,2.77,-0.00046,0.01342
vol3|SA7035,59893,3.67,0.00660,-0.00339
vol3|SA7035,59893,4.68,-0.00082,-0.01132
vol3|SA7035,59893,5.69,0.00746,-0.01256
vol3|SA7035,59893,6.8,0.01149,-0.01684
vol3|SA7035,59893,7.74,-0.00611,-0.00977
vol3|SA7035,59893,8.85,-0.12691,-0.02492
vol3|SA7035,59893,9.75,-0.15305,-0.03305
vol3|SA7035,59893,10.8,-0.11007,-0.01171
vol3|SA7035,59893,11.84,-0.30067,0.12062
vol3|SA7035,99882,-6.5,-0.60326,0.15712
vol3|SA7035,99882,-5.63,-0.44155,0.15149
vol3|SA7035,99882,-4.38,-0.28286,0.15633
vol3|SA7035,99882,-3.34,-0.21758,0.15367
vol3|SA7035,99882,-2.32,-0.10133,0.12907
vol3|SA7035,99882,-1.37,-0.05375,0.09062
vol3|SA7035,99882,-0.26,-0.01972,0.07526
vol3|SA7035,99882,0.7,0.00406,0.04914
vol3|SA7035,99882,1.86,0.02189,0.01578
vol3|SA7035,99882,2.84,0.03089,0.00615
vol3|SA7035,99882,3.82,0.03810,0.00373
vol3|SA7035,99882,4.71,0.04739,-0.00158
vol3|SA7035,99882,5.76,0.04770,-0.00003
vol3|SA7035,99882,6.77,0.04770,-0.00574
vol3|SA7035,99882,7.97,0.00880,0.00559
vol3|SA7035,99882,8.97,-0.03780,-0.01130
vol3|SA7035,99882,9.9,-0.03631,-0.01953
vol3|SA7035,99882,10.99,0.01226,-0.03942
vol3|SA7035,150142,-5.11,-0.37136,0.14715
vol3|SA7035,150142,-4.43,-0.30116,0.12771
vol3|SA7035,150142,-3.4,-0.18051,0.12064
vol3|SA7035,150142,-2.34,-0.08016,0.08343
vol3|SA7035,150142,-1.43,-0.04741,0.05519
vol3|SA7035,150142,-0.22,-0.00809,0.02719
vol3|SA7035,150142,0.96,0.00618,0.00514
vol3|SA7035,150142,1.7,0.02629,-0.00039
vol3|SA7035,150142,2.88,0.03264,-0.00644
vol3|SA7035,150142,3.81,0.04029,-0.00661
vol3|SA7035,150142,4.96,0.04812,-0.00703
vol3|SA7035,150142,5.77,0.05107,-0.00449
vol3|SA7035,150142,6.93,0.04402,-0.00801
vol3|SA7035,150142,7.86,0.00621,-0.00607
vol3|SA7035,150142,8.88,-0.00228,-0.01579
vol3|SA7035,150142,9.86,-0.00821,-0.02343
vol3|SA7035,150142,10.86,0.09573,-0.04806
vol3|SA7035,199609,-5.3,-0.33476,0.18033
vol3|SA7035,199609,-4.35,-0.24113,0.15217
vol3|SA7035,199609,-3.28,-0.14365,0.11266
vol3|SA7035,199609,-2.23,-0.00725,0.10090
vol3|SA7035,199609,-1.26,0.00081,0.08174
vol3|SA7035,199609,-0.16,0.02598,0.04765
vol3|SA7035,199609,0.93,0.03156,0.03853
vol3|SA7035,199609,1.9,0.05356,0.03553
vol3|SA7035,199609,2.64,0.05376,0.03143
vol3|SA7035,199609,3.88,0.05816,0.02569
vol3|SA7035,199609,4.84,0.06060,0.02812
vol3|SA7035,199609,5.97,0.06442,0.03224
vol3|SA7035,199609,6.85,0.05985,0.02891
vol3|SA7035,199609,7.97,0.02033,0.03085
vol3|SA7035,199609,8.98,0.01380,0.02110
vol3|SA7035,199609,9.8,0.03717,0.01665
vol3|SA7035,199609,10.82,0.14425,0.00149
vol3|SA7035,299447,-5.95,-0.30956,0.15338
vol3|SA7035,299447,-4.93,-0.26296,0.10454
vol3|SA7035,299447,-3.9,-0.11330,0.08191
vol3|SA7035,299447,-2.94,-0.05844,0.06472
vol3|SA7035,299447,-1.91,0.06656,0.08204
vol3|SA7035,299447,-0.72,0.07703,0.04393
vol3|SA7035,299447,-0.12,0.07933,0.03519
vol3|SA7035,299447,1.35,0.09611,0.03464
vol3|SA7035,299447,2.61,0.12343,0.03220
vol3|SA7035,299447,3.38,0.14066,0.02619
vol3|SA7035,299447,4.46,0.13277,0.01575
vol3|SA7035,299447,5.43,0.13132,0.02266
vol3|SA7035,299447,6.48,0.12101,0.02262
vol3|SA7035,299447,7.23,0.10021,0.01868
vol3|SA7035,299447,8.47,0.08396,0.00891
vol3|SA7035,299447,9.62,0.09029,0.00743
vol3|SA7035,299447,10.41,0.10210,0.00309
vol3|SA7035,299447,11.35,0.14944,-0.02363
vol3|SA7036 (A),100036,-5.93,-0.51257,0.07778
vol3|SA7036 (A),100036,-4.87,-0.41219,0.08348
vol3|SA7036 (A),100036,-4.08,-0.23452,0.04725
vol3|SA7036 (A),100036,-2.76,-0.13857,0.04488
vol3|SA7036 (A),100036,-1.73,-0.09128,0.00300
vol3|SA7036 (A),100036,-0.66,-0.03928,-0.05405
vol3|SA7036 (A),100036,0.05,0.00153,-0.07199
vol3|SA7036 (A),100036,1.24,0.03065,-0.09368
vol3|SA7036 (A),100036,2.32,0.05000,-0.09895
vol3|SA7036 (A),100036,3.33,0.06361,-0.10530
vol3|SA7036 (A),100036,4.19,0.05529,-0.10912
vol3|SA7036 (A),100036,5.47,0.04648,-0.10820
vol3|SA7036 (A),100036,6.32,0.04450,-0.11578
vol3|SA7036 (A),100036,7.47,0.01858,-0.10416
vol3|SA7036 (A),100036,8.44,-0.04038,-0.10930
vol3|SA7036 (A),100036,9.52,-0.07961,-0.11492
vol3|SA7036 (A),100036,10.42,-0.09431,-0.13091
vol3|SA7036 (A),100036,11.47,-0.11069,-0.12871
vol3|SA7036 (A),149976,-5.84,-0.59249,0.06721
vol3|SA7036 (A),149976,-5.04,-0.37728,0.06629
vol3|SA7036 (A),149976,-3.73,-0.16636,0.02751
vol3|SA7036 (A),149976,-3.01,-0.13198,-0.00656
vol3|SA7036 (A),149976,-1.66,-0.04138,-0.03954
vol3|SA7036 (A),149976,-0.64,-0.01350,-0.08618
vol3|SA7036 (A),149976,0.13,-0.00020,-0.10246
vol3|SA7036 (A),149976,1.39,0.05245,-0.11479
vol3|SA7036 (A),149976,2.4,0.05164,-0.11007
vol3|SA7036 (A),149976,3.19,0.05461,-0.11688
vol3|SA7036 (A),149976,4.43,0.05151,-0.11906
vol3|SA7036 (A),149976,5.38,0.04974,-0.11179
vol3|SA7036 (A),149976,6.47,0.03518,-0.11245
vol3|SA7036 (A),149976,7.51,0.02699,-0.11117
vol3|SA7036 (A),149976,8.51,-0.06153,-0.11722
vol3|SA7036 (A),149976,9.39,-0.07067,-0.11437
vol3|SA7036 (A),149976,10.52,-0.07153,-0.12877
vol3|SA7036 (A),149976,11.51,-0.03546,-0.13372
vol3|SA7036 (A),200059,-5.77,-0.38997,0.07737
vol3|SA7036 (A),200059,-4.69,-0.38124,0.05600
vol3|SA7036 (A),200059,-4.04,-0.16040,0.01706
vol3|SA7036 (A),200059,-3.13,-0.11103,-0.00609
vol3|SA7036 (A),200059,-1.46,0.01993,-0.04753
vol3|SA7036 (A),200059,-0.5,0.01685,-0.07545
vol3|SA7036 (A),200059,0.45,0.04629,-0.09228
vol3|SA7036 (A),200059,1.59,0.06718,-0.08993
vol3|SA7036 (A),200059,2.53,0.06477,-0.09058
vol3|SA7036 (A),200059,3.1,0.06432,-0.09058
vol3|SA7036 (A),200059,4.14,0.06223,-0.08929
vol3|SA7036 (A),200059,5.17,0.05922,-0.08912
vol3|SA7036 (A),200059,6.71,0.04068,-0.08852
vol3|SA7036 (A),200059,7.3,0.03486,-0.08930
vol3|SA7036 (A),200059,8.52,-0.04705,-0.09408
vol3|SA7036 (A),200059,9.43,-0.04924,-0.09771
vol3|SA7036 (A),200059,10.44,-0.04794,-0.10824
vol3|SA7036 (A),200059,11.4,-0.00621,-0.10959
vol3|SA7036 (A),299385,-6.0,-0.40500,0.06939
vol3|SA7036 (A),299385,-4.98,-0.27492,0.01716
vol3|SA7036 (A),299385,-3.92,-0.08374,-0.02782
vol3|SA7036 (A),299385,-2.94,-0.04273,-0.05178
vol3|SA7036 (A),299385,-1.83,0.09132,-0.05200
vol3|SA7036 (A),299385,-0.83,0.06157,-0.08086
vol3|SA7036 (A),299385,0.0,0.08051,-0.09242
vol3|SA7036 (A),299385,1.18,0.08957,-0.09395
vol3|SA7036 (A),299385,2.35,0.09536,-0.08822
vol3|SA7036 (A),299385,3.41,0.11173,-0.08972
vol3|SA7036 (A),299385,4.76,0.09991,-0.08232
vol3|SA7036 (A),299385,5.49,0.09216,-0.08383
vol3|SA7036 (A),299385,6.53,0.07154,-0.08234
vol3|SA7036 (A),299385,7.41,0.06702,-0.08265
vol3|SA7036 (A),299385,8.53,-0.00956,-0.08641
vol3|SA7036 (A),299385,9.48,-0.00300,-0.09372
vol3|SA7036 (A),299385,10.36,-0.00501,-0.08828
vol3|SA7036 (A),299385,11.34,0.05081,-0.09710
vol3|SA7036 (B),99750,-5.92,-0.51083,0.10752
vol3|SA7036 (B),99750,-4.72,-0.27158,0.09422
vol3|SA7036 (B),99750,-3.76,-0.18466,0.09013
vol3|SA7036 (B),99750,-2.52,-0.11376,0.05842
vol3|SA7036 (B),99750,-1.67,-0.09330,0.01726
vol3|SA7036 (B),99750,-0.51,-0.03541,-0.03156
vol3|SA7036 (B),99750,0.4,0.01285,-0.04548
vol3|SA7036 (B),99750,1.4,0.05048,-0.06640
vol3|SA7036 (B),99750,2.46,0.05139,-0.07288
vol3|SA7036 (B),99750,3.39,0.06361,-0.08521
vol3|SA7036 (B),99750,4.45,0.05529,-0.09499
vol3|SA7036 (B),99750,5.4,0.04648,-0.09807
vol3|SA7036 (B),99750,6.52,0.04450,-0.09650
vol3|SA7036 (B),99750,7.55,0.01858,-0.09114
vol3|SA7036 (B),99750,8.46,-0.04221,-0.09627
vol3|SA7036 (B),99750,9.58,-0.07961,-0.10270
vol3|SA7036 (B),99750,10.56,-0.10951,-0.11788
vol3|SA7036 (B),99750,11.55,-0.12072,-0.11568
vol3|SA7036 (B),150030,-4.73,-0.31713,0.06868
vol3|SA7036 (B),150030,-3.74,-0.15768,0.02751
vol3|SA7036 (B),150030,-2.58,-0.10817,-0.02643
vol3|SA7036 (B),150030,-1.48,-0.03847,-0.05625
vol3|SA7036 (B),150030,-0.53,-0.00603,-0.08823
vol3|SA7036 (B),150030,0.56,0.01762,-0.10505
vol3|SA7036 (B),150030,1.38,0.05245,-0.11479
vol3|SA7036 (B),150030,2.33,0.05164,-0.11436
vol3|SA7036 (B),150030,3.47,0.06432,-0.11688
vol3|SA7036 (B),150030,4.41,0.05151,-0.11952
vol3|SA7036 (B),150030,5.7,0.04974,-0.10903
vol3|SA7036 (B),150030,6.56,0.03518,-0.11245
vol3|SA7036 (B),150030,7.54,0.02521,-0.11117
vol3|SA7036 (B),150030,8.65,-0.07154,-0.11556
vol3|SA7036 (B),150030,9.59,-0.07145,-0.12348
vol3|SA7036 (B),150030,10.62,-0.06976,-0.12877
vol3|SA7036 (B),150030,11.56,-0.03546,-0.13490
vol3|SA7036 (B),199817,-5.1,-0.29544,0.11776
vol3|SA7036 (B),199817,-3.38,-0.12921,0.02999
vol3|SA7036 (B),199817,-2.59,-0.05631,0.01068
vol3|SA7036 (B),199817,-1.44,0.02382,-0.00830
vol3|SA7036 (B),199817,-0.43,0.02074,-0.04919
vol3|SA7036 (B),199817,0.06,0.03485,-0.05160
vol3|SA7036 (B),199817,1.57,0.07107,-0.05732
vol3|SA7036 (B),199817,2.53,0.06866,-0.05319
vol3|SA7036 (B),199817,3.15,0.06821,-0.05319
vol3|SA7036 (B),199817,4.61,0.06505,-0.05962
vol3|SA7036 (B),199817,5.61,0.06311,-0.05870
vol3|SA7036 (B),199817,6.63,0.04457,-0.05887
vol3|SA7036 (B),199817,7.55,0.02352,-0.05676
vol3|SA7036 (B),199817,8.78,-0.05496,-0.06438
vol3|SA7036 (B),199817,9.76,-0.04091,-0.06906
vol3|SA7036 (B),199817,10.55,-0.03259,-0.07859
vol3|SA7036 (B),199817,11.64,0.03180,-0.08063
vol3|SA7036 (B),299784,-5.26,-0.26996,0.00204
vol3|SA7036 (B),299784,-4.24,-0.11114,-0.03629
vol3|SA7036 (B),299784,-3.4,-0.07502,-0.02958
vol3|SA7036 (B),299784,-2.32,0.07849,-0.05767
vol3|SA7036 (B),299784,-1.34,0.07577,-0.05854
vol3|SA7036 (B),299784,-0.31,0.06471,-0.08745
vol3|SA7036 (B),299784,0.77,0.08711,-0.09326
vol3|SA7036 (B),299784,1.78,0.09747,-0.09139
vol3|SA7036 (B),299784,2.86,0.09621,-0.08912
vol3|SA7036 (B),299784,3.92,0.10867,-0.08781
vol3|SA7036 (B),299784,4.66,0.10056,-0.08549
vol3|SA7036 (B),299784,6.08,0.07811,-0.08430
vol3|SA7036 (B),299784,7.08,0.06703,-0.08663
vol3|SA7036 (B),299784,8.3,-0.00529,-0.09179
vol3|SA7036 (B),299784,9.07,-0.01777,-0.09278
vol3|SA7036 (B),299784,10.18,-0.00120,-0.09204
vol3|SA7036 (B),299784,11.09,0.04632,-0.09973
vol3|SA7038,99713,-5.71,-0.46347,0.18316
vol3|SA7038,99713,-4.66,-0.41844,0.20045
vol3|SA7038,99713,-3.57,-0.25055,0.17831
vol3|SA7038,99713,-2.49,-0.17558,0.15174
vol3|SA7038,99713,-1.43,-0.02890,0.09731
vol3|SA7038,99713,-0.44,0.00814,0.09171
vol3|SA7038,99713,0.45,0.03123,0.05574
vol3|SA7038,99713,1.57,0.06351,0.01731
vol3|SA7038,99713,2.68,0.07770,-0.00722
vol3|SA7038,99713,3.71,0.08108,-0.01980
vol3|SA7038,99713,4.52,0.08581,-0.02920
vol3|SA7038,99713,5.6,0.08650,-0.03551
vol3|SA7038,99713,6.7,0.08473,-0.04874
vol3|SA7038,99713,7.64,0.08171,-0.05182
vol3|SA7038,99713,8.77,0.07432,-0.04807
vol3|SA7038,99713,9.8,0.03262,-0.06103
vol3|SA7038,99713,10.74,0.10102,-0.06798
vol3|SA7038,99713,11.76,0.01372,-0.03634
vol3|SA7038,149636,-4.6,-0.42975,0.14198
vol3|SA7038,149636,-3.59,-0.24311,0.11322
vol3|SA7038,149636,-2.44,-0.07857,0.07601
vol3|SA7038,149636,-1.36,-0.00111,0.05331
vol3|SA7038,149636,-0.31,0.03198,0.01249
vol3|SA7038,149636,0.53,0.03577,-0.00319
vol3|SA7038,149636,1.64,0.06398,-0.01596
vol3|SA7038,149636,2.58,0.07976,-0.02509
vol3|SA7038,149636,3.66,0.08183,-0.03342
vol3|SA7038,149636,4.64,0.07990,-0.03438
vol3|SA7038,149636,5.73,0.08632,-0.04512
vol3|SA7038,149636,6.7,0.08417,-0.05427
vol3|SA7038,149636,7.61,0.08267,-0.06468
vol3|SA7038,149636,8.7,0.06956,-0.06228
vol3|SA7038,149636,9.68,0.05731,-0.06823
vol3|SA7038,149636,10.81,0.16946,-0.06705
vol3|SA7038,149636,11.64,0.04286,-0.04907
vol3|SA7038,199566,-4.49,-0.29535,0.14219
vol3|SA7038,199566,-3.33,-0.14560,0.09696
vol3|SA7038,199566,-2.51,-0.03625,0.07664
vol3|SA7038,199566,-1.89,0.01829,0.06263
vol3|SA7038,199566,-0.79,0.05559,0.03617
vol3|SA7038,199566,0.73,0.08307,0.01343
vol3|SA7038,199566,1.71,0.09664,0.00774
vol3|SA7038,199566,2.77,0.10742,0.00476
vol3|SA7038,199566,3.63,0.10342,-0.00583
vol3|SA7038,199566,4.75,0.10425,-0.00998
vol3|SA7038,199566,5.75,0.10676,-0.01835
vol3|SA7038,199566,6.74,0.10756,-0.02012
vol3|SA7038,199566,7.69,0.10010,-0.03304
vol3|SA7038,199566,8.75,0.08718,-0.02932
vol3|SA7038,199566,9.79,0.08751,-0.03661
vol3|SA7038,199566,10.68,0.08962,-0.04177
vol3|SA7038,199566,11.73,0.12972,-0.01902
vol3|SA7038,200114,-5.66,-0.50661,0.15731
vol3|SA7038,299315,-5.86,-0.36335,0.12954
vol3|SA7038,299315,-4.76,-0.26033,0.07995
vol3|SA7038,299315,-3.73,-0.07834,0.06002
vol3|SA7038,299315,-2.69,-0.00012,0.04683
vol3|SA7038,299315,-1.68,0.12442,0.03813
vol3|SA7038,299315,-0.61,0.12027,0.02886
vol3|SA7038,299315,0.48,0.12457,0.02251
vol3|SA7038,299315,1.92,0.16287,0.02599
vol3|SA7038,299315,2.57,0.18498,0.01851
vol3|SA7038,299315,3.68,0.17829,-0.00095
vol3|SA7038,299315,4.75,0.17717,-0.01018
vol3|SA7038,299315,5.8,0.16486,-0.02514
vol3|SA7038,299315,6.72,0.16973,-0.02254
vol3|SA7038,299315,7.77,0.16371,-0.03325
vol3|SA7038,299315,8.84,0.14995,-0.02952
vol3|SA7038,299315,9.76,0.16668,-0.03743
vol3|SA7038,299315,10.66,0.17291,-0.03620
vol3|SA7038,299315,11.61,0.17723,-0.00453
vol3|SD7032 (D),99943,-4.48,-0.45278,0.16854
vol3|SD7032 (D),99943,-2.87,-0.24291,0.12551
vol3|SD7032 (D),99943,-1.05,-0.01570,0.04849
vol3|SD7032 (D),99943,0.26,-0.02422,0.01207
vol3|SD7032 (D),99943,1.69,0.03652,-0.02366
vol3|SD7032 (D),99943,3.23,0.03885,-0.04528
vol3|SD7032 (D),99943,4.86,0.05494,-0.05748
vol3|SD7032 (D),99943,6.27,0.05825,-0.09230
vol3|SD7032 (D),99943,7.85,0.04708,-0.08819
vol3|SD7032 (D),99943,9.51,0.04117,-0.10139
vol3|SD7032 (D),99943,10.93,0.12433,-0.11001
vol3|SD7032 (D),199502,-5.94,-0.53900,0.14675
vol3|SD7032 (D),199502,-4.39,-0.28633,0.11488
vol3|SD7032 (D),199502,-2.93,-0.09782,0.08184
vol3|SD7032 (D),199502,-1.16,-0.00921,0.03853
vol3|SD7032 (D),199502,0.24,0.03029,0.00293
vol3|SD7032 (D),199502,2.06,0.07423,-0.01224
vol3|SD7032 (D),199502,2.86,0.07244,-0.01677
vol3|SD7032 (D),199502,5.14,0.07876,-0.04260
vol3|SD7032 (D),199502,6.43,0.07248,-0.05903
vol3|SD7032 (D),199502,7.93,0.07388,-0.05874
vol3|SD7032 (D),199502,9.11,0.06112,-0.07035
vol3|SD7032 (D),199502,11.08,0.13525,-0.07399
vol3|SD7032 (D),299568,-6.22,-0.40329,0.06954
vol3|SD7032 (D),299568,-4.57,-0.17382,0.04736
vol3|SD7032 (D),299568,-2.96,-0.07083,0.04660
vol3|SD7032 (D),299568,-1.46,0.02602,0.00954
vol3|SD7032 (D),299568,0.11,0.07162,-0.01539
vol3|SD7032 (D),299568,1.6,0.09964,-0.02111
vol3|SD7032 (D),299568,3.12,0.10305,-0.02895
vol3|SD7032 (D),299568,4.96,0.10261,-0.04697
vol3|SD7032 (D),299568,6.32,0.09858,-0.06537
vol3|SD7032 (D),299568,8.2,0.08984,-0.07718
vol3|SD7032 (D),299568,9.65,0.08191,-0.08064
vol3|SD7032 (D),299568,10.62,0.07526,-0.07943
vol3|SD7037 (B),99934,-4.61,-0.41738,0.19469
vol3|SD7037 (B),99934,-3.01,-0.20044,0.15593
vol3|SD7037 (B),99934,-1.36,-0.07352,0.10600
vol3|SD7037 (B),99934,0.09,-0.02471,0.06407
vol3|SD7037 (B),99934,1.65,0.02695,0.02237
vol3|SD7037 (B),99934,3.1,0.05316,-0.01531
vol3|SD7037 (B),99934,4.63,0.05792,-0.03637
vol3|SD7037 (B),99934,6.23,0.05731,-0.05011
vol3|SD7037 (B),99934,7.71,0.05849,-0.05134
vol3|SD7037 (B),99934,9.21,-0.00948,-0.05177
vol3|SD7037 (B),99934,10.76,0.03611,-0.06952
vol3|SD7037 (B),201522,-4.56,-0.25697,0.11348
vol3|SD7037 (B),201522,-2.82,-0.09144,0.08185
vol3|SD7037 (B),201522,-1.36,-0.00446,0.03303
vol3|SD7037 (B),201522,-0.04,0.01825,-0.01148
vol3|SD7037 (B),201522,1.78,0.06600,-0.02886
vol3|SD7037 (B),201522,3.29,0.10843,-0.03071
vol3|SD7037 (B),201522,4.79,0.07766,-0.03991
vol3|SD7037 (B),201522,6.22,0.07331,-0.05033
vol3|SD7037 (B),201522,7.84,0.06859,-0.05550
vol3|SD7037 (B),201522,9.31,0.05885,-0.05547
vol3|SD7037 (B),201522,10.75,0.07286,-0.06640
vol3|SD7037 (B),299298,-4.49,-0.10679,0.12508
vol3|SD7037 (B),299298,-3.02,-0.04647,0.07899
vol3|SD7037 (B),299298,-1.5,0.07934,0.04184
vol3|SD7037 (B),299298,-0.09,0.08038,0.07491
vol3|SD7037 (B),299298,1.78,0.12620,0.05826
vol3|SD7037 (B),299298,3.39,0.15979,0.02540
vol3|SD7037 (B),299298,4.7,0.13933,0.01673
vol3|SD7037 (B),299298,6.35,0.12509,0.00743
vol3|SD7037 (B),299298,7.7,0.12118,-0.00033
vol3|SD7037 (B),299298,9.35,0.12412,0.00483
vol3|SD7037 (B),299298,10.93,0.15755,-0.01393
vol3|SD7037 (D),59200,-5.06,-0.42948,0.18339
vol3|SD7037 (D),59200,-4.02,-0.31701,0.17334
vol3|SD7037 (D),59200,-2.94,-0.24611,0.17933
vol3|SD7037 (D),59200,-1.97,-0.21205,0.17993
vol3|SD7037 (D),59200,-0.95,-0.12304,0.14473
vol3|SD7037 (D),59200,0.13,-0.10208,0.14377
vol3|SD7037 (D),59200,1.15,-0.04187,0.11778
vol3|SD7037 (D),59200,2.19,-0.01715,0.07407
vol3|SD7037 (D),59200,3.18,-0.00263,0.02318
vol3|SD7037 (D),59200,4.26,0.00796,-0.02323
vol3|SD7037 (D),59200,5.29,0.01129,-0.02824
vol3|SD7037 (D),59200,6.31,0.01175,-0.06251
vol3|SD7037 (D),59200,7.26,0.01504,-0.07749
vol3|SD7037 (D),59200,8.28,-0.01263,-0.07598
vol3|SD7037 (D),59200,9.33,-0.06978,-0.07239
vol3|SD7037 (D),59200,10.31,-0.16149,-0.07430
vol3|SD7037 (D),98500,-5.07,-0.48325,0.19270
vol3|SD7037 (D),98500,-3.99,-0.25693,0.15676
vol3|SD7037 (D),98500,-2.94,-0.20528,0.15532
vol3|SD7037 (D),98500,-2.0,-0.15891,0.14391
vol3|SD7037 (D),98500,-0.97,-0.06298,0.08552
vol3|SD7037 (D),98500,0.04,-0.04275,0.07106
vol3|SD7037 (D),98500,1.1,-0.00867,0.02932
vol3|SD7037 (D),98500,2.29,0.02270,0.00357
vol3|SD7037 (D),98500,3.27,0.04914,-0.01953
vol3|SD7037 (D),98500,4.15,0.04052,-0.03376
vol3|SD7037 (D),98500,5.33,0.03542,-0.04675
vol3|SD7037 (D),98500,6.21,0.03548,-0.06021
vol3|SD7037 (D),98500,7.32,0.01819,-0.05860
vol3|SD7037 (D),98500,8.19,-0.01107,-0.05647
vol3|SD7037 (D),98500,9.39,-0.05872,-0.05837
vol3|SD7037 (D),98500,10.4,-0.09930,-0.07532
vol3|SD7037 (D),196300,-4.98,-0.26467,0.17968
vol3|SD7037 (D),196300,-3.93,-0.18138,0.13402
vol3|SD7037 (D),196300,-2.88,-0.11946,0.11957
vol3|SD7037 (D),196300,-2.03,-0.03904,0.07693
vol3|SD7037 (D),196300,-0.79,-0.00098,0.05314
vol3|SD7037 (D),196300,0.06,0.02142,0.02535
vol3|SD7037 (D),196300,1.09,0.05104,0.01152
vol3|SD7037 (D),196300,2.21,0.07822,0.00961
vol3|SD7037 (D),196300,3.25,0.10552,-0.00587
vol3|SD7037 (D),196300,4.24,0.07931,-0.01513
vol3|SD7037 (D),196300,5.28,0.08261,-0.02004
vol3|SD7037 (D),196300,6.29,0.07827,-0.02460
vol3|SD7037 (D),196300,7.27,0.06766,-0.02757
vol3|SD7037 (D),196300,8.32,0.05878,-0.03043
vol3|SD7037 (D),196300,9.31,0.06380,-0.02993
vol3|SD7037 (D),196300,10.35,0.05383,-0.04192
vol3|SD7037 (D),196300,11.35,0.11754,-0.05867
vol3|SD7037 (D),196600,-4.72,-0.24926,0.16122
vol3|SD7037 (D),196600,-4.07,-0.19956,0.13213
vol3|SD7037 (D),196600,-2.96,-0.11987,0.11957
vol3|SD7037 (D),196600,-1.64,-0.01191,0.07693
vol3|SD7037 (D),196600,-0.99,0.00723,0.07158
vol3|SD7037 (D),196600,0.21,0.02620,0.02859
vol3|SD7037 (D),196600,1.11,0.05258,0.01152
vol3|SD7037 (D),196600,2.22,0.07822,0.00961
vol3|SD7037 (D),196600,3.32,0.11313,-0.00587
vol3|SD7037 (D),196600,4.14,0.07931,-0.01513
vol3|SD7037 (D),196600,5.29,0.08037,-0.01722
vol3|SD7037 (D),196600,6.33,0.07690,-0.02669
vol3|SD7037 (D),196600,7.24,0.06766,-0.02757
vol3|SD7037 (D),196600,8.18,0.06546,-0.03043
vol3|SD7037 (D),196600,9.31,0.06380,-0.02993
vol3|SD7037 (D),196600,10.32,0.05732,-0.04232
vol3|SD7037 (D),295100,-5.09,-0.13083,0.17249
vol3|SD7037 (D),295100,-3.95,-0.07876,0.14209
vol3|SD7037 (D),295100,-3.0,-0.06211,0.10647
vol3|SD7037 (D),295100,-1.92,0.01632,0.08204
vol3|SD7037 (D),295100,-0.9,0.05025,0.12490
vol3|SD7037 (D),295100,0.17,0.06515,0.08765
vol3|SD7037 (D),295100,1.23,0.09132,0.07319
vol3|SD7037 (D),295100,2.33,0.11529,0.07174
vol3|SD7037 (D),295100,3.3,0.14589,0.04393
vol3|SD7037 (D),295100,4.46,0.11906,0.02622
vol3|SD7037 (D),295100,5.48,0.10432,0.01929
vol3|SD7037 (D),295100,6.63,0.09794,0.01567
vol3|SD7037 (D),295100,7.21,0.09246,0.01201
vol3|SD7037 (D),295100,8.25,0.07746,0.00915
vol3|SD7037 (D),295100,9.45,0.10491,0.01113
vol3|SD7037 (D),295100,10.3,0.00346,0.00125
vol3|SD7037 (E),99678,-5.19,-0.43596,0.19273
vol3|SD7037 (E),99678,-4.18,-0.24802,0.17632
vol3|SD7037 (E),99678,-3.11,-0.18168,0.16375
vol3|SD7037 (E),99678,-2.11,-0.15286,0.15962
vol3|SD7037 (E),99678,-1.06,-0.04516,0.08345
vol3|SD7037 (E),99678,0.05,-0.01014,0.05774
vol3|SD7037 (E),99678,0.99,0.03073,0.02730
vol3|SD7037 (E),99678,2.1,0.06093,0.01123
vol3|SD7037 (E),99678,3.1,0.07145,-0.02579
vol3|SD7037 (E),99678,4.08,0.07295,-0.03721
vol3|SD7037 (E),99678,5.11,0.07289,-0.03721
vol3|SD7037 (E),99678,6.14,0.07131,-0.05048
vol3|SD7037 (E),99678,7.15,0.05661,-0.05530
vol3|SD7037 (E),99678,8.25,0.04447,-0.05738
vol3|SD7037 (E),99678,9.17,0.01359,-0.06160
vol3|SD7037 (E),99678,10.19,0.01636,-0.06150
vol3|SD7037 (E),99678,11.22,-0.01051,-0.07548
vol3|SD7037 (E),99786,-5.22,-0.43596,0.17913
vol3|SD7037 (E),99786,-4.17,-0.25413,0.15823
vol3|SD7037 (E),99786,-3.05,-0.18168,0.15164
vol3|SD7037 (E),99786,-2.1,-0.15286,0.14751
vol3|SD7037 (E),99786,-1.03,-0.04516,0.07200
vol3|SD7037 (E),99786,0.02,-0.01014,0.04564
vol3|SD7037 (E),99786,1.01,0.03285,0.01519
vol3|SD7037 (E),99786,2.03,0.06093,0.00224
vol3|SD7037 (E),99786,3.07,0.07145,-0.03342
vol3|SD7037 (E),99786,4.11,0.07295,-0.04238
vol3|SD7037 (E),99786,5.16,0.07289,-0.04397
vol3|SD7037 (E),99786,6.16,0.07131,-0.05564
vol3|SD7037 (E),99786,7.21,0.05494,-0.05986
vol3|SD7037 (E),99786,8.2,0.04095,-0.06255
vol3|SD7037 (E),99786,9.21,0.01338,-0.06676
vol3|SD7037 (E),99786,10.25,0.01636,-0.07619
vol3|SD7037 (E),99786,11.21,-0.00908,-0.08243
vol3|SD7037 (E),100009,-5.49,-0.40470,0.17550
vol3|SD7037 (E),100009,-4.38,-0.30361,0.16807
vol3|SD7037 (E),100009,-3.44,-0.18674,0.16208
vol3|SD7037 (E),100009,-2.33,-0.15084,0.14175
vol3|SD7037 (E),100009,-1.4,-0.10133,0.08735
vol3|SD7037 (E),100009,-0.44,-0.02671,0.04252
vol3|SD7037 (E),100009,0.6,0.02577,0.03214
vol3|SD7037 (E),100009,1.68,0.04519,0.01276
vol3|SD7037 (E),100009,2.9,0.06843,-0.03443
vol3|SD7037 (E),100009,3.74,0.07531,-0.03484
vol3|SD7037 (E),100009,4.68,0.07203,-0.04338
vol3|SD7037 (E),100009,5.73,0.07065,-0.05219
vol3|SD7037 (E),100009,7.12,0.05569,-0.05941
vol3|SD7037 (E),100009,7.8,0.05702,-0.06355
vol3|SD7037 (E),100009,8.75,0.04029,-0.06608
vol3|SD7037 (E),100009,9.89,0.02737,-0.06148
vol3|SD7037 (E),100009,10.77,0.01633,-0.08338
vol3|SD7037 (E),105616,-6.16,-0.27736,0.13569
vol3|SD7037 (E),105616,-5.19,-0.42970,0.17245
vol3|SD7037 (E),105616,-4.11,-0.25729,0.14524
vol3|SD7037 (E),105616,-2.96,-0.16542,0.14350
vol3|SD7037 (E),105616,-2.12,-0.15124,0.13071
vol3|SD7037 (E),105616,-1.07,-0.04207,0.06045
vol3|SD7037 (E),105616,0.01,-0.01340,0.02968
vol3|SD7037 (E),105616,1.02,0.02741,0.00522
vol3|SD7037 (E),105616,2.01,0.06037,-0.00284
vol3|SD7037 (E),105616,3.03,0.07311,-0.03670
vol3|SD7037 (E),105616,4.13,0.07394,-0.04574
vol3|SD7037 (E),105616,5.15,0.07389,-0.04733
vol3|SD7037 (E),105616,6.13,0.07230,-0.05900
vol3|SD7037 (E),105616,7.16,0.06121,-0.06117
vol3|SD7037 (E),105616,8.21,0.04907,-0.06591
vol3|SD7037 (E),105616,9.2,0.03374,-0.06966
vol3|SD7037 (E),105616,10.22,0.03758,-0.07003
vol3|SD7037 (E),105616,11.21,0.01107,-0.08760
vol3|SD7037 (E),199620,-4.48,-0.24167,0.14700
vol3|SD7037 (E),199620,-3.65,-0.11305,0.10862
vol3|SD7037 (E),199620,-2.34,-0.07472,0.07784
vol3|SD7037 (E),199620,-1.37,0.00558,0.04077
vol3|SD7037 (E),199620,-0.3,0.02976,0.01301
vol3|SD7037 (E),199620,0.67,0.04286,0.01474
vol3|SD7037 (E),199620,1.78,0.08350,-0.01905
vol3|SD7037 (E),199620,2.73,0.09118,-0.02096
vol3|SD7037 (E),199620,3.76,0.09015,-0.02469
vol3|SD7037 (E),199620,4.89,0.08859,-0.02725
vol3|SD7037 (E),199620,5.85,0.08829,-0.03382
vol3|SD7037 (E),199620,6.73,0.08449,-0.03785
vol3|SD7037 (E),199620,7.73,0.07635,-0.04064
vol3|SD7037 (E),199620,8.77,0.05482,-0.04320
vol3|SD7037 (E),199620,9.9,0.08101,-0.04184
vol3|SD7037 (E),199620,10.81,0.10793,-0.05278
vol3|SD7037 (E),199620,11.78,0.00898,-0.05382
vol3|SD7037 (E),199795,-7.09,-0.16996,0.13427
vol3|SD7037 (E),199795,-5.72,-0.34801,0.20232
vol3|SD7037 (E),199795,-4.9,-0.28407,0.15270
vol3|SD7037 (E),199795,-3.77,-0.15960,0.12588
vol3|SD7037 (E),199795,-2.83,-0.09589,0.09011
vol3|SD7037 (E),199795,-1.77,-0.00511,0.05509
vol3|SD7037 (E),199795,-0.92,0.02665,0.03344
vol3|SD7037 (E),199795,0.13,0.03526,0.00238
vol3|SD7037 (E),199795,1.1,0.06585,0.00146
vol3|SD7037 (E),199795,2.11,0.08350,-0.01905
vol3|SD7037 (E),199795,3.13,0.09296,-0.02096
vol3|SD7037 (E),199795,4.08,0.08857,-0.02670
vol3|SD7037 (E),199795,5.1,0.08859,-0.02654
vol3|SD7037 (E),199795,6.28,0.08464,-0.03288
vol3|SD7037 (E),199795,7.17,0.07822,-0.03821
vol3|SD7037 (E),199795,8.38,0.06353,-0.03956
vol3|SD7037 (E),199795,9.23,0.05607,-0.04336
vol3|SD7037 (E),200149,-6.06,-0.29169,0.15967
vol3|SD7037 (E),200149,-4.83,-0.28601,0.14330
vol3|SD7037 (E),200149,-4.12,-0.15608,0.12718
vol3|SD7037 (E),200149,-2.94,-0.10531,0.09074
vol3|SD7037 (E),200149,-2.04,-0.04887,0.07184
vol3|SD7037 (E),200149,-1.04,0.00949,0.03954
vol3|SD7037 (E),200149,0.14,0.03526,0.00238
vol3|SD7037 (E),200149,1.0,0.05902,0.00146
vol3|SD7037 (E),200149,2.1,0.08350,-0.01905
vol3|SD7037 (E),200149,3.07,0.09296,-0.02096
vol3|SD7037 (E),200149,4.08,0.08857,-0.02670
vol3|SD7037 (E),200149,5.1,0.08859,-0.02654
vol3|SD7037 (E),200149,6.41,0.08449,-0.03184
vol3|SD7037 (E),200149,7.22,0.07822,-0.03821
vol3|SD7037 (E),200149,8.24,0.06940,-0.04064
vol3|SD7037 (E),200149,9.16,0.05072,-0.04336
vol3|SD7037 (E),200149,10.33,0.06283,-0.05532
vol3|SD7037 (E),200149,11.19,0.03419,-0.05388
vol3|SD7037 (E),205042,-4.96,-0.25351,0.13900
vol3|SD7037 (E),205042,-3.97,-0.15435,0.10849
vol3|SD7037 (E),205042,-2.92,-0.09778,0.07836
vol3|SD7037 (E),205042,-1.63,0.00017,0.04097
vol3|SD7037 (E),205042,-0.86,0.03174,0.01741
vol3|SD7037 (E),205042,0.01,0.03386,-0.00811
vol3|SD7037 (E),205042,1.03,0.06873,-0.00902
vol3|SD7037 (E),205042,2.05,0.08638,-0.02954
vol3|SD7037 (E),205042,3.1,0.09494,-0.03145
vol3|SD7037 (E),205042,4.15,0.09145,-0.03837
vol3|SD7037 (E),205042,5.11,0.09147,-0.03702
vol3|SD7037 (E),205042,6.12,0.09045,-0.04440
vol3|SD7037 (E),205042,7.33,0.07280,-0.04904
vol3|SD7037 (E),205042,8.29,0.06804,-0.05113
vol3|SD7037 (E),205042,9.23,0.05895,-0.04973
vol3|SD7037 (E),205042,10.21,0.06765,-0.06263
vol3|SD7037 (E),205042,11.33,0.06541,-0.07981
vol3|SD7037 (E),298981,-5.11,-0.12868,0.10661
vol3|SD7037 (E),298981,-4.1,-0.08846,0.09326
vol3|SD7037 (E),298981,-3.08,-0.03184,0.05426
vol3|SD7037 (E),298981,-1.85,0.03720,0.03117
vol3|SD7037 (E),298981,-1.01,0.12416,0.07136
vol3|SD7037 (E),298981,0.06,0.11162,0.02148
vol3|SD7037 (E),298981,1.27,0.14578,0.00670
vol3|SD7037 (E),298981,2.25,0.16971,0.00757
vol3|SD7037 (E),298981,3.5,0.16473,-0.01213
vol3|SD7037 (E),298981,4.45,0.16179,-0.01948
vol3|SD7037 (E),298981,5.29,0.15974,-0.02052
vol3|SD7037 (E),298981,6.3,0.15903,-0.02296
vol3|SD7037 (E),298981,7.26,0.15086,-0.03016
vol3|SD7037 (E),298981,8.24,0.13393,-0.03224
vol3|SD7037 (E),298981,9.31,0.14113,-0.03642
vol3|SD7037 (E),298981,10.23,0.03368,-0.05149
vol3|SD7037 (E),298981,11.23,0.10976,-0.05399
vol3|SD7037 (E),299247,-7.22,-0.15954,0.14185
vol3|SD7037 (E),299247,-6.03,-0.28741,0.17953
vol3|SD7037 (E),299247,-5.09,-0.13139,0.10551
vol3|SD7037 (E),299247,-4.0,-0.08361,0.08091
vol3|SD7037 (E),299247,-3.02,-0.03129,0.04941
vol3|SD7037 (E),299247,-1.95,0.03536,0.03451
vol3|SD7037 (E),299247,-0.95,0.12416,0.04316
vol3|SD7037 (E),299247,0.07,0.11162,0.01134
vol3|SD7037 (E),299247,1.16,0.14578,-0.00344
vol3|SD7037 (E),299247,2.16,0.16971,-0.00055
vol3|SD7037 (E),299247,3.24,0.17592,-0.00642
vol3|SD7037 (E),299247,4.26,0.16179,-0.01948
vol3|SD7037 (E),299247,5.44,0.15974,-0.02052
vol3|SD7037 (E),299247,6.14,0.15903,-0.02231
vol3|SD7037 (E),299247,7.45,0.14581,-0.03016
vol3|SD7037 (E),299247,8.38,0.12968,-0.03115
vol3|SD7037 (E),299247,9.55,0.15468,-0.03250
vol3|SD7037 (E),299247,10.41,0.02966,-0.04126
vol3|SD7037 (E),299247,11.4,0.12641,-0.04195
vol3|SD7037 (E),299364,-4.96,-0.13567,0.10296
vol3|SD7037 (E),299364,-4.02,-0.09799,0.07075
vol3|SD7037 (E),299364,-2.96,-0.03596,0.04228
vol3|SD7037 (E),299364,-1.95,0.03069,0.02203
vol3|SD7037 (E),299364,-0.95,0.10197,0.03067
vol3|SD7037 (E),299364,-0.24,0.09014,0.01067
vol3|SD7037 (E),299364,0.88,0.11878,-0.00574
vol3|SD7037 (E),299364,2.2,0.14753,-0.00983
vol3|SD7037 (E),299364,3.2,0.15373,-0.01605
vol3|SD7037 (E),299364,4.12,0.14741,-0.02340
vol3|SD7037 (E),299364,5.14,0.14701,-0.02242
vol3|SD7037 (E),299364,6.16,0.14466,-0.02623
vol3|SD7037 (E),299364,7.15,0.12592,-0.03372
vol3|SD7037 (E),299364,8.2,0.11872,-0.03616
vol3|SD7037 (E),299364,9.2,0.11799,-0.03797
vol3|SD7037 (E),299364,10.17,0.02397,-0.05480
vol3|SD7037 (E),299364,11.21,0.09776,-0.05791
vol3|SD7037 (E),299430,-6.33,-0.31100,0.16519
vol3|SD7037 (E),299430,-5.4,-0.16762,0.12654
vol3|SD7037 (E),299430,-3.97,-0.09799,0.06782
vol3|SD7037 (E),299430,-3.07,-0.03651,0.04266
vol3|SD7037 (E),299430,-2.28,0.00581,0.02850
vol3|SD7037 (E),299430,-1.11,0.10252,0.05273
vol3|SD7037 (E),299430,-0.1,0.08943,0.01067
vol3|SD7037 (E),299430,0.93,0.11878,-0.00787
vol3|SD7037 (E),299430,1.87,0.14859,-0.00379
vol3|SD7037 (E),299430,2.89,0.15594,-0.01605
vol3|SD7037 (E),299430,3.92,0.14741,-0.02020
vol3|SD7037 (E),299430,4.92,0.15260,-0.02305
vol3|SD7037 (E),299430,5.92,0.14397,-0.02639
vol3|SD7037 (E),299430,7.02,0.12592,-0.03311
vol3|SD7037 (E),299430,7.97,0.12198,-0.03616
vol3|SD7037 (E),299430,8.98,0.11275,-0.03727
vol3|SD7037 (E),299430,9.97,0.04657,-0.04947
vol3|SD7037 (E),299430,11.06,0.09776,-0.05619
vol3|SD7062 (B),59900,-3.82,-0.06214,0.07346
vol3|SD7062 (B),59900,-2.21,0.00511,0.03004
vol3|SD7062 (B),59900,-0.79,0.01403,-0.00707
vol3|SD7062 (B),59900,0.87,0.01205,-0.04981
vol3|SD7062 (B),59900,2.43,0.03345,-0.06791
vol3|SD7062 (B),59900,3.9,0.03223,-0.07809
vol3|SD7062 (B),59900,5.49,-0.00841,-0.08238
vol3|SD7062 (B),59900,6.88,0.02292,-0.09997
vol3|SD7062 (B),59900,8.51,0.05657,0.03084
vol3|SD7062 (B),59900,9.89,0.01855,0.03271
vol3|SD7062 (B),59900,11.47,0.00146,0.06518
vol3|SD7062 (B),99400,-3.23,-0.00170,0.01852
vol3|SD7062 (B),99400,-2.2,0.04651,-0.00814
vol3|SD7062 (B),99400,-1.21,0.04762,-0.03031
vol3|SD7062 (B),99400,-0.16,0.05568,-0.04835
vol3|SD7062 (B),99400,0.86,0.06574,-0.05425
vol3|SD7062 (B),99400,1.9,0.08499,-0.06539
vol3|SD7062 (B),99400,2.96,0.08441,-0.07944
vol3|SD7062 (B),99400,3.94,0.08275,-0.08544
vol3|SD7062 (B),99400,4.96,0.08613,-0.09757
vol3|SD7062 (B),99400,5.98,0.08796,-0.11382
vol3|SD7062 (B),99400,7.0,0.07433,-0.12159
vol3|SD7062 (B),99400,8.12,0.07788,-0.13765
vol3|SD7062 (B),99400,9.04,0.07314,-0.13905
vol3|SD7062 (B),99400,10.07,0.06838,-0.13308
vol3|SD7062 (B),99400,11.14,0.13947,-0.14796
vol3|SD7062 (B),100300,-5.41,-0.02078,0.05008
vol3|SD7062 (B),100300,-3.65,-0.00453,0.01011
vol3|SD7062 (B),100300,-2.15,0.04346,-0.01841
vol3|SD7062 (B),100300,-0.59,0.05592,-0.03828
vol3|SD7062 (B),100300,0.9,0.06814,-0.05886
vol3|SD7062 (B),100300,2.46,0.08961,-0.07502
vol3|SD7062 (B),100300,3.95,0.08515,-0.08164
vol3|SD7062 (B),100300,5.58,0.09064,-0.10463
vol3|SD7062 (B),100300,7.06,0.07981,-0.11416
vol3|SD7062 (B),100300,8.59,0.07863,-0.13238
vol3|SD7062 (B),100300,10.04,0.07356,-0.13193
vol3|SD7062 (B),101500,-5.32,-0.01479,0.05538
vol3|SD7062 (B),101500,-4.24,-0.02529,0.01840
vol3|SD7062 (B),199800,-5.33,0.01351,0.02711
vol3|SD7062 (B),199800,-3.74,-0.01122,-0.00213
vol3|SD7062 (B),199800,-2.11,0.03403,-0.01559
vol3|SD7062 (B),199800,-0.67,0.04945,-0.02356
vol3|SD7062 (B),199800,0.86,0.05927,-0.04022
vol3|SD7062 (B),199800,2.41,0.08226,-0.05506
vol3|SD7062 (B),199800,4.0,0.07975,-0.05853
vol3|SD7062 (B),199800,5.51,0.08878,-0.07172
vol3|SD7062 (B),199800,7.02,0.08101,-0.08014
vol3|SD7062 (B),199800,8.55,0.08101,-0.09671
vol3|SD7062 (B),199800,10.12,0.09131,-0.09812
vol3|SD7062 (B),199800,11.6,0.16526,-0.07062
vol3|SD7062 (B),200400,-5.36,0.00956,0.01167
vol3|SD7062 (B),200400,-3.79,-0.01279,-0.01396
vol3|SD7062 (B),200400,-2.15,0.03329,-0.03388
vol3|SD7062 (B),200400,-0.63,0.04870,-0.04186
vol3|SD7062 (B),200400,0.92,0.06008,-0.05851
vol3|SD7062 (B),200400,2.47,0.08152,-0.07336
vol3|SD7062 (B),200400,3.92,0.07900,-0.07683
vol3|SD7062 (B),200400,5.48,0.08804,-0.09001
vol3|SD7062 (B),200400,6.97,0.08027,-0.09844
vol3|SD7062 (B),200400,8.49,0.08027,-0.11501
vol3|SD7062 (B),200400,10.02,0.09057,-0.11641
vol3|SD7062 (B),200400,11.55,0.16979,-0.09055
vol3|SD7062 (B),299500,-5.35,0.06406,-0.01794
vol3|SD7062 (B),299500,-3.73,0.05056,-0.03573
vol3|SD7062 (B),299500,-2.11,0.08778,-0.04757
vol3|SD7062 (B),299500,-0.66,0.10449,-0.05181
vol3|SD7062 (B),299500,1.02,0.12321,-0.06006
vol3|SD7062 (B),299500,2.57,0.14580,-0.07641
vol3|SD7062 (B),299500,4.17,0.13551,-0.07765
vol3|SD7062 (B),299500,5.72,0.14055,-0.09130
vol3|SD7062 (B),299500,7.21,0.13301,-0.09667
vol3|SD7062 (B),299500,8.67,0.14206,-0.11397
vol3|SD7062 (B),299500,10.21,0.13911,-0.11254
vol3|SD7062 (B),299500,11.69,0.21702,-0.09013
vol3|SD7062 (B),300300,-5.27,0.07793,-0.01165
vol3|SD7062 (B),300300,-3.77,0.05109,-0.01992
vol3|SD7062 (B),300300,-2.21,0.08659,-0.03379
vol3|SD7062 (B),300300,-0.7,0.09753,-0.03803
vol3|SD7062 (B),300300,0.89,0.11019,-0.04955
vol3|SD7062 (B),300300,2.34,0.14766,-0.06027
vol3|SD7062 (B),300300,4.05,0.13702,-0.06734
vol3|SD7062 (B),300300,5.48,0.14108,-0.08088
vol3|SD7062 (B),300300,7.1,0.13354,-0.08813
vol3|SD7062 (B),300300,8.53,0.13663,-0.10726
vol3|SD7062 (B),300300,10.0,0.13825,-0.10507
vol3|SD7062 (B),399900,-5.53,0.02552,-0.00424
vol3|SD7062 (B),399900,-3.74,0.01382,-0.01317
vol3|SD7062 (B),399900,-2.24,0.05506,-0.02538
vol3|SD7062 (B),399900,-0.7,0.07011,-0.02736
vol3|SD7062 (B),399900,0.86,0.08122,-0.03318
vol3|SD7062 (B),399900,2.4,0.10197,-0.04690
vol3|SD7062 (B),399900,3.96,0.11144,-0.04503
vol3|SD7062 (B),399900,5.54,0.10883,-0.05653
vol3|SD7062 (B),399900,7.05,0.10135,-0.05741
vol3|SD7062 (B),399900,8.72,0.10620,-0.07548
vol3|SD7062 (B),399900,10.23,0.10464,-0.07541
vol3|SD7062 (B),399900,11.84,0.18382,-0.06065
vol3|SD7062 (B),401200,-5.4,0.19798,-0.00862
vol3|SD7062 (B),401200,-3.75,0.16568,-0.01491
vol3|SD7062 (B),401200,-2.13,0.21981,-0.02712
vol3|SD7062 (B),401200,-0.69,0.23459,-0.02909
vol3|SD7062 (B),401200,0.85,0.27094,-0.03491
vol3|SD7062 (B),401200,2.39,0.30344,-0.04863
vol3|SD7062 (B),401200,3.95,0.30184,-0.04677
vol3|SD7062 (B),401200,5.48,0.29269,-0.05827
vol3|SD7062 (B),401200,7.05,0.28522,-0.05915
vol3|SD7062 (B),401200,8.49,0.29388,-0.07938
vol3|SD7062 (B),401200,10.16,0.29772,-0.07564
vol3|SD7080,99943,-6.02,-0.52133,0.14577
vol3|SD7080,99943,-4.93,-0.38636,0.16118
vol3|SD7080,99943,-3.91,-0.24910,0.13815
vol3|SD7080,99943,-2.97,-0.17981,0.13761
vol3|SD7080,99943,-1.95,-0.11269,0.12972
vol3|SD7080,99943,-0.76,-0.06532,0.08933
vol3|SD7080,99943,0.18,-0.02981,0.06788
vol3|SD7080,99943,1.22,0.01128,0.03339
vol3|SD7080,99943,2.28,0.03798,-0.01446
vol3|SD7080,99943,3.25,0.07102,-0.03479
vol3|SD7080,99943,4.21,0.06003,-0.04347
vol3|SD7080,99943,5.26,0.05535,-0.05577
vol3|SD7080,99943,6.32,0.05567,-0.05488
vol3|SD7080,99943,7.29,0.04031,-0.06120
vol3|SD7080,99943,8.32,0.03342,-0.06551
vol3|SD7080,99943,9.34,0.01165,-0.07231
vol3|SD7080,99943,10.32,0.01031,-0.09155
vol3|SD7080,99943,11.24,0.07694,-0.10067
vol3|SD7080,149842,-6.01,-0.51591,0.11902
vol3|SD7080,149842,-4.81,-0.34888,0.14042
vol3|SD7080,149842,-3.9,-0.22318,0.12102
vol3|SD7080,149842,-2.86,-0.18021,0.11271
vol3|SD7080,149842,-1.81,-0.08803,0.08415
vol3|SD7080,149842,-0.71,-0.03037,0.03591
vol3|SD7080,149842,0.4,-0.00377,0.01316
vol3|SD7080,149842,1.21,0.01556,-0.02000
vol3|SD7080,149842,2.24,0.04302,-0.04003
vol3|SD7080,149842,3.25,0.07571,-0.04898
vol3|SD7080,149842,4.21,0.06387,-0.05279
vol3|SD7080,149842,5.31,0.06399,-0.05062
vol3|SD7080,149842,6.22,0.05847,-0.05989
vol3|SD7080,149842,7.26,0.05307,-0.06423
vol3|SD7080,149842,8.34,0.04717,-0.06968
vol3|SD7080,149842,9.29,0.04509,-0.07428
vol3|SD7080,149842,10.42,0.04467,-0.08361
vol3|SD7080,149842,11.22,0.13184,-0.10598
vol3|SD7080,199879,-5.94,-0.42775,0.11470
vol3|SD7080,199879,-5.34,-0.34775,0.14988
vol3|SD7080,199879,-3.84,-0.16887,0.12462
vol3|SD7080,199879,-2.75,-0.11744,0.08609
vol3|SD7080,199879,-1.71,-0.01913,0.04995
vol3|SD7080,199879,-0.75,-0.00326,0.03504
vol3|SD7080,199879,0.24,0.02340,-0.00362
vol3|SD7080,199879,1.41,0.06682,-0.02412
vol3|SD7080,199879,2.27,0.07064,-0.02778
vol3|SD7080,199879,3.24,0.08427,-0.03345
vol3|SD7080,199879,4.4,0.07591,-0.04371
vol3|SD7080,199879,5.09,0.07842,-0.04371
vol3|SD7080,199879,6.31,0.07009,-0.04045
vol3|SD7080,199879,7.25,0.06664,-0.04768
vol3|SD7080,199879,8.28,0.06606,-0.05558
vol3|SD7080,199879,9.34,0.06866,-0.05591
vol3|SD7080,199879,10.23,0.08257,-0.06942
vol3|SD7080,199879,11.26,0.19247,-0.08981
vol3|SD7080,299767,-6.19,-0.35206,0.09683
vol3|SD7080,299767,-5.06,-0.16444,0.12563
vol3|SD7080,299767,-4.1,-0.13542,0.09593
vol3|SD7080,299767,-3.04,-0.09646,0.08003
vol3|SD7080,299767,-1.96,0.04571,0.05181
vol3|SD7080,299767,-0.77,0.06178,0.04560
vol3|SD7080,299767,0.21,0.07482,0.01941
vol3|SD7080,299767,1.26,0.11397,0.00375
vol3|SD7080,299767,2.16,0.11261,-0.00705
vol3|SD7080,299767,2.86,0.12383,-0.01192
vol3|SD7080,299767,4.35,0.13094,-0.02198
vol3|SD7080,299767,5.19,0.11543,-0.02637
vol3|SD7080,299767,6.17,0.11188,-0.02077
vol3|SD7080,299767,7.29,0.10803,-0.03192
vol3|SD7080,299767,8.34,0.11048,-0.03726
vol3|SD7080,299767,9.35,0.12456,-0.03444
vol3|SD7080,299767,10.23,0.10277,-0.03912
vol3|SD7080,299767,11.26,0.21054,-0.06557
vol3|SG6040,99872,-3.97,-0.06120,0.02191
vol3|SG6040,99872,-3.01,-0.05070,-0.00070
vol3|SG6040,99872,-1.87,-0.03871,-0.00026
vol3|SG6040,99872,-0.85,0.00901,-0.03297
vol3|SG6040,99872,0.25,0.02899,-0.05890
vol3|SG6040,99872,1.08,0.02204,-0.08367
vol3|SG6040,99872,2.31,0.02493,-0.10469
vol3|SG6040,99872,3.3,0.04566,-0.12439
vol3|SG6040,99872,4.23,0.06358,-0.15092
vol3|SG6040,99872,5.2,0.06128,-0.16674
vol3|SG6040,99872,6.37,0.06128,-0.17378
vol3|SG6040,99872,7.25,0.06467,-0.18254
vol3|SG6040,99872,8.3,0.05684,-0.18956
vol3|SG6040,99872,9.38,0.06402,-0.18030
vol3|SG6040,99872,10.36,0.05360,-0.15037
vol3|SG6040,99872,11.43,0.04015,-0.14064
vol3|SG6040,100031,-6.06,-0.07220,0.03867
vol3|SG6040,100031,-4.87,-0.08617,0.02833
vol3|SG6040,137122,-4.27,-0.05579,-0.03041
vol3|SG6040,137122,-2.55,-0.01714,-0.06638
vol3|SG6040,137122,-1.45,0.02255,-0.09068
vol3|SG6040,137122,0.3,0.03753,-0.12567
vol3|SG6040,137122,2.01,0.05578,-0.13647
vol3|SG6040,137122,3.37,0.07347,-0.14721
vol3|SG6040,137122,4.99,0.07135,-0.17251
vol3|SG6040,137122,6.36,0.07350,-0.19571
vol3|SG6040,137122,7.87,0.07343,-0.19444
vol3|SG6040,137122,9.29,0.06705,-0.19126
vol3|SG6040,137122,10.98,0.11444,-0.15490
vol3|SG6040,137122,5.25,0.07135,-0.17354
vol3|SG6040,149553,-6.93,-0.24953,0.04245
vol3|SG6040,149553,-6.1,-0.07775,-0.00106
vol3|SG6040,149726,-5.9,-0.13208,0.01924
vol3|SG6040,149969,-4.83,-0.05038,-0.00804
vol3|SG6040,149969,-3.98,-0.05514,-0.04166
vol3|SG6040,149969,-2.38,0.00667,-0.07716
vol3|SG6040,149969,-1.77,0.00804,-0.08367
vol3|SG6040,149969,-0.95,0.02850,-0.09442
vol3|SG6040,149969,0.37,0.03198,-0.11037
vol3|SG6040,149969,1.27,0.03659,-0.12161
vol3|SG6040,149969,2.39,0.06011,-0.12501
vol3|SG6040,149969,3.43,0.06796,-0.14280
vol3|SG6040,149969,4.43,0.06796,-0.15809
vol3|SG6040,149969,5.57,0.06796,-0.15800
vol3|SG6040,149969,6.87,0.06639,-0.17072
vol3|SG6040,149969,7.25,0.06639,-0.16962
vol3|SG6040,149969,8.55,0.05607,-0.17197
vol3|SG6040,149969,9.39,0.06446,-0.15657
vol3|SG6040,149969,10.59,0.04842,-0.14244
vol3|SG6040,149969,11.24,0.06059,-0.14435
vol3|SG6040,199979,-6.81,-0.24628,0.01289
vol3|SG6040,199979,-5.7,-0.03854,-0.02557
vol3|SG6040,199979,-5.14,-0.02147,-0.04525
vol3|SG6040,199979,-3.54,-0.00196,-0.07623
vol3|SG6040,199979,-2.76,0.02555,-0.08712
vol3|SG6040,199979,-1.61,0.04461,-0.10346
vol3|SG6040,199979,-0.69,0.05045,-0.12245
vol3|SG6040,199979,0.53,0.04962,-0.13184
vol3|SG6040,199979,1.18,0.06679,-0.13184
vol3|SG6040,199979,2.3,0.07344,-0.15208
vol3|SG6040,199979,3.34,0.09220,-0.15013
vol3|SG6040,199979,4.34,0.09220,-0.15838
vol3|SG6040,199979,5.32,0.08366,-0.15373
vol3|SG6040,199979,6.48,0.08209,-0.17065
vol3|SG6040,199979,7.4,0.08314,-0.16284
vol3|SG6040,199979,8.49,0.07249,-0.15639
vol3|SG6040,199979,9.51,0.08343,-0.13226
vol3|SG6040,199979,10.37,0.06456,-0.12434
vol3|SG6040,199979,11.42,0.06630,-0.10815
vol3|SG6040,299663,-8.07,-0.15428,0.01520
vol3|SG6040,299663,-7.06,-0.17271,-0.00624
vol3|SG6040,299663,-6.04,0.02419,-0.03294
vol3|SG6040,299663,-4.93,0.02699,-0.07511
vol3|SG6040,299663,-3.99,0.04418,-0.07566
vol3|SG6040,299663,-2.96,0.10476,-0.08652
vol3|SG6040,299663,-1.93,0.11419,-0.09534
vol3|SG6040,299663,-0.54,0.10426,-0.11180
vol3|SG6040,299663,0.27,0.11013,-0.12119
vol3|SG6040,299663,1.31,0.13086,-0.12459
vol3|SG6040,299663,2.26,0.12808,-0.13985
vol3|SG6040,299663,3.45,0.15485,-0.15203
vol3|SG6040,299663,4.05,0.15485,-0.15203
vol3|SG6040,299663,5.02,0.15485,-0.15565
vol3|SG6040,299663,6.65,0.15408,-0.15361
vol3|SG6040,299663,7.5,0.15755,-0.14292
vol3|SG6040,299663,8.63,0.14442,-0.13575
vol3|SG6040,299663,9.6,0.14626,-0.11767
vol3|SG6040,299663,10.53,0.11525,-0.10801
vol3|SG6040,299663,11.39,0.13700,-0.11032
vol3|SG6040,299854,-5.96,-0.00989,-0.03509
vol3|SG6040,299854,-4.4,0.03830,-0.07928
vol3|SG6040,299854,-2.9,0.09957,-0.08652
vol3|SG6040,299854,-1.21,0.09572,-0.09534
vol3|SG6040,299854,0.35,0.11013,-0.12119
vol3|SG6040,299854,2.01,0.12761,-0.13985
vol3|SG6040,299854,3.65,0.15485,-0.15203
vol3|SG6040,299854,4.62,0.15485,-0.15565
vol3|SG6040,299854,6.14,0.15485,-0.15419
vol3|SG6040,299854,7.63,0.15755,-0.14742
vol3|SG6040,299854,9.64,0.14536,-0.11610
vol3|SG6040,299854,10.93,0.20797,-0.11688
vol3|SG6040,399758,-8.07,-0.20129,-0.01346
vol3|SG6040,399758,-7.09,-0.17476,-0.02576
vol3|SG6040,399758,-5.95,-0.05225,-0.05286
vol3|SG6040,399758,-5.0,0.01720,-0.08757
vol3|SG6040,399758,-3.99,0.01500,-0.08881
vol3|SG6040,399758,-2.97,0.05212,-0.09294
vol3|SG6040,399758,-1.9,0.06440,-0.09986
vol3|SG6040,399758,-0.89,0.07106,-0.10968
vol3|SG6040,399758,0.23,0.07395,-0.11820
vol3|SG6040,399758,1.14,0.09298,-0.12161
vol3|SG6040,399758,2.29,0.09302,-0.13559
vol3|SG6040,399758,3.35,0.10324,-0.14949
vol3|SG6040,399758,4.26,0.10324,-0.15311
vol3|SG6040,399758,5.26,0.09903,-0.15351
vol3|SG6040,399758,6.43,0.09903,-0.15071
vol3|SG6040,399758,7.51,0.09927,-0.13737
vol3|SG6040,399758,8.54,0.08345,-0.13081
vol3|SG6040,399758,9.64,0.08094,-0.11970
vol3|SG6040,399758,10.62,0.07644,-0.11192
vol3|SG6040,399758,11.55,0.07592,-0.09137
vol3|SG6040,498293,-5.92,0.02565,-0.05917
vol3|SG6040,498293,-4.96,0.05741,-0.08998
vol3|SG6040,498293,-4.04,0.06641,-0.08707
vol3|SG6040,498293,-2.97,0.11522,-0.08911
vol3|SG6040,498293,-1.94,0.13814,-0.09626
vol3|SG6040,498293,-0.9,0.14069,-0.10685
vol3|SG6040,498293,0.11,0.12668,-0.11801
vol3|SG6040,498293,1.13,0.14617,-0.12105
vol3|SG6040,498293,2.19,0.14631,-0.13511
vol3|SG6040,498293,3.21,0.15464,-0.14390
vol3|SG6040,498293,4.25,0.15464,-0.15136
vol3|SG6040,498293,5.25,0.15464,-0.15220
vol3|SG6040,498293,6.34,0.15043,-0.15098
vol3|SG6040,498293,7.12,0.15149,-0.14405
vol3|SG6040,498293,8.53,0.12884,-0.12627
vol3|SG6040,498293,9.23,0.12384,-0.12719
vol3|SG6040,498293,10.3,0.13470,-0.11887
vol3|SG6040,498293,11.33,0.19727,-0.13873
vol3|SG6040,500268,-5.95,0.06027,-0.07114
vol3|SG6040,500268,-4.47,0.08857,-0.10261
vol3|SG6040,500268,-2.9,0.14909,-0.10108
vol3|SG6040,500268,-1.3,0.17122,-0.10900
vol3|SG6040,500268,0.16,0.16055,-0.13434
vol3|SG6040,500268,1.71,0.18286,-0.13738
vol3|SG6040,500268,3.3,0.18851,-0.16495
vol3|SG6040,500268,4.74,0.18851,-0.16809
vol3|SG6040,500268,6.44,0.18431,-0.16731
vol3|SG6040,500268,8.14,0.16889,-0.14416
vol3|SG6040,500268,9.91,0.15893,-0.13240
vol3|SG6041,99837,-7.41,-0.36463,0.12444
vol3|SG6041,99837,-6.51,-0.44835,0.12601
vol3|SG6041,99837,-5.13,-0.27724,0.13262
vol3|SG6041,99837,-4.47,-0.23217,0.13057
vol3|SG6041,99837,-3.45,-0.17194,0.12496
vol3|SG6041,99837,-2.37,-0.16480,0.11629
vol3|SG6041,99837,-1.39,-0.10552,0.08640
vol3|SG6041,99837,-0.29,-0.04478,0.04913
vol3|SG6041,99837,0.68,-0.00720,0.03903
vol3|SG6041,99837,1.74,0.01794,0.01498
vol3|SG6041,99837,2.68,0.04911,-0.02767
vol3|SG6041,99837,3.56,0.05556,-0.06745
vol3|SG6041,99837,4.94,0.07095,-0.07203
vol3|SG6041,99837,5.84,0.06615,-0.07679
vol3|SG6041,99837,7.03,0.05975,-0.06953
vol3|SG6041,99837,7.85,0.05278,-0.08362
vol3|SG6041,99837,9.15,0.02353,-0.08444
vol3|SG6041,99837,9.86,0.03179,-0.09414
vol3|SG6041,99837,10.89,0.14349,-0.10738
vol3|SG6041,144195,-5.68,-0.21352,0.10628
vol3|SG6041,144195,-4.36,-0.19250,0.10002
vol3|SG6041,144195,-2.86,-0.16913,0.09010
vol3|SG6041,144195,-1.24,-0.09299,0.02782
vol3|SG6041,144195,0.29,0.00509,0.00216
vol3|SG6041,144195,1.88,0.03784,-0.05104
vol3|SG6041,144195,3.28,0.06858,-0.08431
vol3|SG6041,144195,5.0,0.07355,-0.08708
vol3|SG6041,144195,6.38,0.05916,-0.07818
vol3|SG6041,144195,7.87,0.04990,-0.09368
vol3|SG6041,144195,9.53,0.05582,-0.10282
vol3|SG6041,144195,10.92,0.16477,-0.10183
vol3|SG6041,144195,6.0,0.06249,-0.07818
vol3|SG6041,149940,-6.36,-0.32159,0.08208
vol3|SG6041,149940,-5.2,-0.25673,0.11665
vol3|SG6041,149940,-4.26,-0.20128,0.10833
vol3|SG6041,149940,-3.1,-0.18045,0.09841
vol3|SG6041,149940,-2.18,-0.11733,0.07277
vol3|SG6041,149940,-0.82,-0.03026,0.03264
vol3|SG6041,149940,-0.11,-0.00219,0.01266
vol3|SG6041,149940,1.03,0.02055,-0.01631
vol3|SG6041,149940,1.96,0.05669,-0.04623
vol3|SG6041,149940,2.72,0.06264,-0.06322
vol3|SG6041,149940,4.09,0.07771,-0.07551
vol3|SG6041,149940,4.95,0.07485,-0.07702
vol3|SG6041,149940,6.18,0.06378,-0.06812
vol3|SG6041,149940,6.84,0.06046,-0.07067
vol3|SG6041,149940,7.82,0.05120,-0.07403
vol3|SG6041,149940,9.12,0.04276,-0.07952
vol3|SG6041,149940,10.06,0.04619,-0.08643
vol3|SG6041,149940,11.09,0.10473,-0.08895
vol3|SG6041,199832,-5.31,-0.20225,0.14914
vol3|SG6041,199832,-4.36,-0.15269,0.11479
vol3|SG6041,199832,-3.27,-0.11963,0.09029
vol3|SG6041,199832,-2.28,-0.08271,0.07592
vol3|SG6041,199832,-1.28,-0.03298,0.06319
vol3|SG6041,199832,-0.11,0.01396,0.03536
vol3|SG6041,199832,0.82,0.04525,0.00543
vol3|SG6041,199832,1.83,0.07887,-0.03269
vol3|SG6041,199832,2.83,0.09264,-0.04630
vol3|SG6041,199832,3.95,0.10117,-0.04634
vol3|SG6041,199832,4.87,0.09325,-0.04966
vol3|SG6041,199832,5.95,0.08219,-0.03963
vol3|SG6041,199832,6.83,0.08136,-0.04280
vol3|SG6041,199832,7.86,0.07526,-0.05116
vol3|SG6041,199832,8.84,0.07089,-0.04911
vol3|SG6041,199832,9.96,0.08974,-0.04496
vol3|SG6041,199832,11.14,0.14482,-0.04595
vol3|SG6041,299200,-5.85,-0.11943,0.16039
vol3|SG6041,299200,-4.3,-0.08121,0.10490
vol3|SG6041,299200,-2.84,-0.05564,0.08965
vol3|SG6041,299200,-1.21,0.04561,0.08064
vol3|SG6041,299200,0.44,0.07805,0.05364
vol3|SG6041,299200,1.94,0.13194,0.02419
vol3|SG6041,299200,3.39,0.14865,0.00661
vol3|SG6041,299200,4.89,0.14213,-0.00869
vol3|SG6041,299200,6.39,0.13849,0.00133
vol3|SG6041,299200,8.08,0.14302,-0.01020
vol3|SG6041,299200,9.41,0.16658,-0.00609
vol3|SG6041,299200,10.9,0.29113,-0.00568
vol3|SG6041,299731,-5.91,-0.11909,0.11063
vol3|SG6041,299731,-4.98,-0.08505,0.06956
vol3|SG6041,299731,-3.94,-0.08411,0.05242
vol3|SG6041,299731,-2.82,-0.05415,0.03339
vol3|SG6041,299731,-1.91,0.06196,0.02536
vol3|SG6041,299731,-0.83,0.05513,0.01777
vol3|SG6041,299731,0.25,0.07954,0.00388
vol3|SG6041,299731,1.07,0.11456,-0.03219
vol3|SG6041,299731,2.56,0.14529,-0.04837
vol3|SG6041,299731,3.28,0.15014,-0.05561
vol3|SG6041,299731,4.27,0.15350,-0.05308
vol3|SG6041,299731,5.26,0.14118,-0.04889
vol3|SG6041,299731,6.33,0.14125,-0.04828
vol3|SG6041,299731,7.41,0.13472,-0.05145
vol3|SG6041,299731,8.47,0.14599,-0.05776
vol3|SG6041,299731,9.37,0.16807,-0.05569
vol3|SG6041,299731,10.39,0.18114,-0.05452
vol3|SG6041,299731,11.38,0.24997,-0.06474
vol3|SG6041,399121,-6.54,-0.31526,0.09327
vol3|SG6041,399121,-5.44,-0.05340,0.05694
vol3|SG6041,399121,-4.47,-0.06841,0.02420
vol3|SG6041,399121,-3.44,-0.06394,0.02213
vol3|SG6041,399121,-2.4,0.00594,0.01554
vol3|SG6041,399121,-1.4,0.02016,0.01699
vol3|SG6041,399121,-0.38,0.03637,0.00210
vol3|SG6041,399121,0.71,0.05904,-0.03327
vol3|SG6041,399121,1.67,0.06009,-0.04461
vol3|SG6041,399121,2.72,0.08745,-0.04926
vol3|SG6041,399121,3.79,0.09931,-0.05433
vol3|SG6041,399121,4.83,0.09758,-0.05331
vol3|SG6041,399121,6.15,0.09004,-0.05008
vol3|SG6041,399121,6.94,0.08390,-0.04910
vol3|SG6041,399121,7.89,0.08360,-0.05744
vol3|SG6041,399121,9.05,0.08222,-0.05461
vol3|SG6041,399121,9.9,0.10510,-0.05171
vol3|SG6041,399121,10.97,0.21807,-0.05967
vol3|SG6041,399121,11.95,0.12272,-0.04260
vol3|SG6041,498408,-6.48,-0.21259,0.06037
vol3|SG6041,498408,-5.41,-0.00680,0.03302
vol3|SG6041,498408,-4.45,-0.02538,0.02639
vol3|SG6041,498408,-3.4,-0.02029,0.02064
vol3|SG6041,498408,-2.4,0.06403,0.01607
vol3|SG6041,498408,-1.34,0.07813,0.01044
vol3|SG6041,498408,-0.33,0.08644,-0.01275
vol3|SG6041,498408,0.79,0.11600,-0.03792
vol3|SG6041,498408,1.77,0.10372,-0.04345
vol3|SG6041,498408,2.72,0.11728,-0.04545
vol3|SG6041,498408,3.83,0.12646,-0.05134
vol3|SG6041,498408,4.85,0.12174,-0.04796
vol3|SG6041,498408,6.0,0.11725,-0.05002
vol3|SG6041,498408,7.24,0.12312,-0.04779
vol3|SG6041,498408,8.35,0.11295,-0.05614
vol3|SG6041,498408,9.35,0.13243,-0.05464
vol3|SG6041,498408,10.16,0.13566,-0.05268
vol3|SG6041,498408,11.09,0.15134,-0.05520
vol3|SG6041,498804,-5.87,-0.01175,0.04218
vol3|SG6041,498804,-4.31,0.01016,0.00740
vol3|SG6041,498804,-2.72,0.07992,0.00532
vol3|SG6041,498804,-1.46,0.11761,-0.00366
vol3|SG6041,498804,0.22,0.13616,-0.04866
vol3|SG6041,498804,1.71,0.14321,-0.05675
vol3|SG6041,498804,3.34,0.15198,-0.06336
vol3|SG6041,498804,4.86,0.15728,-0.06125
vol3|SG6041,498804,6.6,0.14846,-0.06129
vol3|SG6041,498804,8.03,0.14563,-0.06627
vol3|SG6041,498804,9.59,0.16586,-0.06533
vol3|SG6041,498804,10.87,0.27672,-0.06850
vol3|SG6042,99645,9.29,0.07234,-0.09255
vol3|SG6042,99645,10.36,0.05357,-0.09991
vol3|SG6042,99645,11.39,0.01304,-0.09144
vol3|SG6042,99856,-5.13,-0.09851,0.14720
vol3|SG6042,99856,-3.78,-0.10358,0.13951
vol3|SG6042,99856,-3.02,-0.12948,0.14223
vol3|SG6042,99856,-1.97,-0.11337,0.11693
vol3|SG6042,99856,-0.94,0.04053,0.07593
vol3|SG6042,99856,0.08,0.02910,0.04142
vol3|SG6042,99856,1.06,0.08737,0.03268
vol3|SG6042,99856,2.09,0.08104,-0.00282
vol3|SG6042,99856,3.14,0.06914,-0.02684
vol3|SG6042,99856,4.32,0.05791,-0.06348
vol3|SG6042,99856,5.23,0.06439,-0.07620
vol3|SG6042,99856,6.2,0.06439,-0.08801
vol3|SG6042,99856,7.28,0.07897,-0.07789
vol3|SG6042,99856,8.25,0.06818,-0.07177
vol3|SG6042,149755,-6.25,0.00767,0.10253
vol3|SG6042,149755,-4.44,-0.19940,0.06572
vol3|SG6042,149755,-2.81,-0.07942,0.06598
vol3|SG6042,149755,-1.3,0.02028,0.03580
vol3|SG6042,149755,0.33,0.02489,-0.00129
vol3|SG6042,149755,1.91,0.05803,-0.04079
vol3|SG6042,149755,3.12,0.06382,-0.05989
vol3|SG6042,149755,4.91,0.07592,-0.07729
vol3|SG6042,149755,6.4,0.07398,-0.08438
vol3|SG6042,149755,7.87,0.07274,-0.07141
vol3|SG6042,149755,9.43,0.07157,-0.08042
vol3|SG6042,149755,10.85,0.13656,-0.08993
vol3|SG6042,150036,-4.86,-0.15812,0.08258
vol3|SG6042,150036,-3.77,-0.10778,0.08450
vol3|SG6042,150036,-2.78,-0.07944,0.06010
vol3|SG6042,150036,-1.73,-0.00599,0.04630
vol3|SG6042,150036,-0.65,0.01743,0.01084
vol3|SG6042,150036,0.57,0.02335,0.00084
vol3|SG6042,150036,1.4,0.04269,-0.02860
vol3|SG6042,150036,2.41,0.05467,-0.04701
vol3|SG6042,150036,3.39,0.08005,-0.06395
vol3|SG6042,150036,4.53,0.07537,-0.07189
vol3|SG6042,150036,5.43,0.07398,-0.08104
vol3|SG6042,150036,6.47,0.07294,-0.08107
vol3|SG6042,150036,7.45,0.08033,-0.07309
vol3|SG6042,150036,8.53,0.05907,-0.06896
vol3|SG6042,150036,9.53,0.07157,-0.08148
vol3|SG6042,150036,10.31,0.06503,-0.09319
vol3|SG6042,150036,11.45,0.05117,-0.08684
vol3|SG6042,199860,-4.82,-0.07540,0.06293
vol3|SG6042,199860,-3.98,-0.11919,0.06565
vol3|SG6042,199860,-2.89,-0.05638,0.04291
vol3|SG6042,199860,-1.86,-0.00968,0.03561
vol3|SG6042,199860,-0.93,0.02835,0.01086
vol3|SG6042,199860,0.32,0.03460,-0.01204
vol3|SG6042,199860,1.25,0.06471,-0.02743
vol3|SG6042,199860,2.24,0.08786,-0.04024
vol3|SG6042,199860,3.29,0.09701,-0.05582
vol3|SG6042,199860,4.31,0.09242,-0.06537
vol3|SG6042,199860,5.39,0.08917,-0.07452
vol3|SG6042,199860,6.07,0.09091,-0.07578
vol3|SG6042,199860,7.3,0.08391,-0.06685
vol3|SG6042,199860,8.37,0.08308,-0.06516
vol3|SG6042,199860,9.28,0.09601,-0.07820
vol3|SG6042,199860,10.45,0.08125,-0.08379
vol3|SG6042,199860,11.35,0.10732,-0.08456
vol3|SG6042,296406,4.12,0.10753,-0.02624
vol3|SG6042,297125,4.18,0.10753,-0.02622
vol3|SG6042,297588,4.17,0.12316,-0.01019
vol3|SG6042,298038,4.15,0.19352,0.01165
vol3|SG6042,298038,4.65,0.19352,0.00437
vol3|SG6042,298038,4.15,0.19352,0.01165
vol3|SG6042,298038,4.65,0.19352,0.00437
vol3|SG6042,298582,4.18,0.19352,0.01232
vol3|SG6042,298582,4.65,0.19352,0.00437
vol3|SG6042,298582,4.18,0.19352,0.01232
vol3|SG6042,298582,4.65,0.19352,0.00437
vol3|SG6042,298660,4.16,0.19352,0.01232
vol3|SG6042,298660,4.64,0.19352,0.00437
vol3|SG6042,298687,4.14,0.19352,0.01165
vol3|SG6042,298687,4.65,0.19352,0.00437
vol3|SG6042,298744,4.22,0.19352,0.00437
vol3|SG6042,298744,4.64,0.19352,0.00437
vol3|SG6042,298864,4.13,0.18292,-0.01997
vol3|SG6042,298864,4.67,0.18292,-0.02909
vol3|SG6042,298876,4.18,0.18292,-0.01929
vol3|SG6042,298876,4.66,0.18292,-0.02725
vol3|SG6042,298882,-6.06,0.06044,0.09798
vol3|SG6042,298882,-4.52,-0.06631,0.09124
vol3|SG6042,298882,-2.93,0.04682,0.06660
vol3|SG6042,298882,-1.42,0.10471,0.03992
vol3|SG6042,298882,0.19,0.11989,0.03830
vol3|SG6042,298882,1.68,0.18170,0.01867
vol3|SG6042,298882,3.22,0.18129,0.00223
vol3|SG6042,298882,4.72,0.18292,-0.03265
vol3|SG6042,298882,6.36,0.17261,-0.03407
vol3|SG6042,298882,7.96,0.17301,-0.03012
vol3|SG6042,298882,9.5,0.18332,-0.04415
vol3|SG6042,298882,11.02,0.22429,-0.04419
vol3|SG6042,298975,-5.37,0.00598,0.11012
vol3|SG6042,298975,-3.76,-0.00959,0.07129
vol3|SG6042,298975,-5.37,0.00598,0.11012
vol3|SG6042,298975,-3.76,-0.00959,0.07129
vol3|SG6042,299228,-6.14,0.07827,0.07810
vol3|SG6042,299228,-4.53,-0.07473,0.08631
vol3|SG6042,299228,-2.91,0.02487,0.05899
vol3|SG6042,299228,-1.39,0.08275,0.03499
vol3|SG6042,299228,0.13,0.09841,0.03253
vol3|SG6042,299228,1.6,0.15975,0.01374
vol3|SG6042,299228,3.28,0.17253,-0.00351
vol3|SG6042,299228,4.8,0.16152,-0.03758
vol3|SG6042,299228,6.24,0.14891,-0.03900
vol3|SG6042,299228,8.16,0.14374,-0.03721
vol3|SG6042,299228,9.63,0.15665,-0.05314
vol3|SG6042,299228,10.92,0.23056,-0.04912
vol3|SG6042,299308,-6.14,0.09921,0.02175
vol3|SG6042,299308,-4.5,-0.05967,0.02825
vol3|SG6042,299308,-2.96,0.02539,0.01315
vol3|SG6042,299308,-1.41,0.05820,0.00107
vol3|SG6042,299308,0.07,0.07386,-0.02173
vol3|SG6042,299308,1.71,0.13858,-0.04182
vol3|SG6042,299308,3.17,0.13479,-0.05614
vol3|SG6042,299308,4.78,0.13642,-0.06637
vol3|SG6042,299308,6.26,0.12436,-0.06779
vol3|SG6042,299308,7.64,0.12528,-0.06340
vol3|SG6042,299308,9.7,0.13211,-0.08193
vol3|SG6042,299308,10.77,0.19115,-0.07790
vol3|SG6042,299566,-6.14,0.09984,0.02623
vol3|SG6042,299566,-4.5,-0.05903,0.03102
vol3|SG6042,299566,-2.79,0.02514,0.01476
vol3|SG6042,299566,-1.32,0.07197,0.00426
vol3|SG6042,299566,0.07,0.07053,-0.02045
vol3|SG6042,299566,1.71,0.13524,-0.04053
vol3|SG6042,299566,3.41,0.14694,-0.05405
vol3|SG6042,299566,4.56,0.13309,-0.05967
vol3|SG6042,299566,6.69,0.11927,-0.06317
vol3|SG6042,299566,8.11,0.12317,-0.06471
vol3|SG6042,299566,9.19,0.10887,-0.07434
vol3|SG6042,299566,10.77,0.18781,-0.07661
vol3|SG6042,299566,-6.14,0.09984,0.02623
vol3|SG6042,299566,-4.5,-0.05903,0.03102
vol3|SG6042,299566,-2.79,0.02514,0.01476
vol3|SG6042,299566,-1.32,0.07197,0.00426
vol3|SG6042,299566,0.07,0.07053,-0.02045
vol3|SG6042,299566,1.71,0.13524,-0.04053
vol3|SG6042,299566,3.41,0.14694,-0.05405
vol3|SG6042,299566,4.56,0.13309,-0.05967
vol3|SG6042,299566,6.69,0.11927,-0.06317
vol3|SG6042,299566,8.11,0.12317,-0.06471
vol3|SG6042,299566,9.19,0.10887,-0.07434
vol3|SG6042,299566,10.77,0.18781,-0.07661
vol3|SG6042,299571,-5.09,-0.08222,0.05279
vol3|SG6042,299571,-4.01,-0.03598,0.01967
vol3|SG6042,299571,-3.02,0.02328,0.01591
vol3|SG6042,299571,-1.94,0.02781,0.00767
vol3|SG6042,299571,-0.9,0.07075,0.00884
vol3|SG6042,299571,0.09,0.07053,-0.02045
vol3|SG6042,299571,1.11,0.12142,-0.04053
vol3|SG6042,299571,2.11,0.12856,-0.04785
vol3|SG6042,299571,3.16,0.13146,-0.05441
vol3|SG6042,299571,4.22,0.13309,-0.05967
vol3|SG6042,299571,5.42,0.12654,-0.06977
vol3|SG6042,299571,6.37,0.12277,-0.06650
vol3|SG6042,299571,7.44,0.12096,-0.06211
vol3|SG6042,299571,8.41,0.11181,-0.06274
vol3|SG6042,299571,9.85,0.12747,-0.08163
vol3|SG6042,299571,10.32,0.12935,-0.08163
vol3|SG6042,299571,11.5,0.19473,-0.06452
vol3|SG6042,299571,-5.09,-0.08222,0.05279
vol3|SG6042,299571,-4.01,-0.03598,0.01967
vol3|SG6042,299571,-3.02,0.02328,0.01591
vol3|SG6042,299571,-1.94,0.02781,0.00767
vol3|SG6042,299571,-0.9,0.07075,0.00884
vol3|SG6042,299571,0.09,0.07053,-0.02045
vol3|SG6042,299571,1.11,0.12142,-0.04053
vol3|SG6042,299571,2.11,0.12856,-0.04785
vol3|SG6042,299571,3.16,0.13146,-0.05441
vol3|SG6042,299571,4.22,0.13309,-0.05967
vol3|SG6042,299571,5.42,0.12654,-0.06977
vol3|SG6042,299571,6.37,0.12277,-0.06650
vol3|SG6042,299571,7.44,0.12096,-0.06211
vol3|SG6042,299571,8.41,0.11181,-0.06274
vol3|SG6042,299571,9.85,0.12747,-0.08163
vol3|SG6042,299571,10.32,0.12935,-0.08163
vol3|SG6042,299571,11.5,0.19473,-0.06452
vol3|SG6042,299822,-6.15,0.10781,0.02857
vol3|SG6042,299822,-4.56,-0.04519,0.03511
vol3|SG6042,299822,-2.96,0.02572,0.01826
vol3|SG6042,299822,-1.41,0.05886,0.00618
vol3|SG6042,299822,0.13,0.07452,-0.01939
vol3|SG6042,299822,1.92,0.13923,-0.04199
vol3|SG6042,299822,3.17,0.13544,-0.05251
vol3|SG6042,299822,4.66,0.13707,-0.05996
vol3|SG6042,299822,6.35,0.12676,-0.06679
vol3|SG6042,299822,7.98,0.12716,-0.06284
vol3|SG6042,299822,9.53,0.13747,-0.07915
vol3|SG6042,299822,11.07,0.16950,-0.07797
vol3|SG6042,299932,-6.13,0.10420,0.03309
vol3|SG6042,299932,-4.78,-0.02057,0.05411
vol3|SG6042,299932,-3.03,0.03138,0.01826
vol3|SG6042,299932,-1.36,0.06416,0.00660
vol3|SG6042,299932,0.25,0.07963,-0.01856
vol3|SG6042,299932,1.93,0.14335,-0.04199
vol3|SG6042,299932,3.13,0.13957,-0.05207
vol3|SG6042,299932,4.84,0.14175,-0.06537
vol3|SG6042,299932,6.35,0.13088,-0.06679
vol3|SG6042,299932,8.08,0.13128,-0.06500
vol3|SG6042,299932,9.55,0.14159,-0.07915
vol3|SG6042,299932,11.12,0.17362,-0.07835
vol3|SG6042,399200,-5.32,0.11247,0.05082
vol3|SG6042,399200,-4.15,0.04947,0.03099
vol3|SG6042,399200,-2.92,0.02601,0.03463
vol3|SG6042,399200,-1.97,0.04849,0.01094
vol3|SG6042,399200,-0.95,0.06299,-0.00197
vol3|SG6042,399200,0.07,0.08354,-0.00020
vol3|SG6042,399200,1.06,0.11595,-0.01491
vol3|SG6042,399200,2.12,0.12413,-0.02638
vol3|SG6042,399200,3.16,0.12413,-0.03534
vol3|SG6042,399200,4.17,0.12762,-0.04279
vol3|SG6042,399200,5.21,0.12518,-0.05056
vol3|SG6042,399200,6.25,0.11561,-0.04689
vol3|SG6042,399200,7.29,0.12703,-0.04343
vol3|SG6042,399200,8.42,0.12361,-0.04419
vol3|SG6042,399200,9.38,0.14084,-0.06404
vol3|SG6042,399200,10.49,0.15268,-0.06059
vol3|SG6042,399200,11.93,0.27834,-0.05216
vol3|SG6042,498399,-4.96,0.04857,0.03433
vol3|SG6042,498399,-3.98,0.05911,0.03764
vol3|SG6042,498399,-3.24,0.05687,0.04008
vol3|SG6042,498548,-1.84,0.07686,0.02582
vol3|SG6042,498548,-0.9,0.11295,0.01129
vol3|SG6042,498548,0.1,0.16846,-0.00192
vol3|SG6042,498548,1.24,0.21534,-0.01473
vol3|SG6042,498548,2.15,0.23011,-0.01921
vol3|SG6042,498548,3.17,0.23011,-0.02310
vol3|SG6042,498548,4.2,0.23360,-0.03486
vol3|SG6042,498548,5.21,0.22353,-0.04128
vol3|SG6042,498548,6.25,0.19110,-0.03972
vol3|SG6042,498548,7.3,0.20319,-0.03627
vol3|SG6042,498548,8.31,0.23136,-0.04080
vol3|SG6042,498548,9.36,0.24660,-0.05787
vol3|SG6042,498548,10.52,0.26521,-0.05285
vol3|SG6042,498548,11.66,0.38184,-0.04043
vol3|SG6042,499026,-4.46,0.22383,0.00995
vol3|SG6042,499026,-3.0,0.24918,0.01608
vol3|SG6042,499026,-1.31,0.26050,-0.01155
vol3|SG6042,499026,-0.05,0.33910,-0.02034
vol3|SG6042,499026,1.6,0.40296,-0.04098
vol3|SG6042,499026,3.31,0.41513,-0.04673
vol3|SG6042,499026,4.71,0.40210,-0.06248
vol3|SG6042,499026,6.1,0.35902,-0.06521
vol3|SG6042,499026,7.79,0.38640,-0.06496
vol3|SG6042,499026,9.47,0.41299,-0.08336
vol3|SG6042,499026,10.96,0.51047,-0.07891
vol3|SG6042,500070,-5.6,0.30677,0.02075
vol3|SG6042,500070,-5.02,0.23981,0.00543
vol3|SG6043,99681,-4.32,-0.05850,0.09641
vol3|SG6043,99681,-3.07,-0.14937,0.06037
vol3|SG6043,99681,-1.89,-0.03352,0.04616
vol3|SG6043,99681,-0.87,0.02240,-0.02425
vol3|SG6043,99681,0.1,0.06027,-0.06462
vol3|SG6043,99681,1.13,0.12252,-0.07604
vol3|SG6043,99681,2.25,0.11811,-0.10553
vol3|SG6043,99681,2.95,0.12133,-0.11328
vol3|SG6043,99681,4.2,0.03651,-0.13411
vol3|SG6043,99681,5.1,0.00795,-0.17175
vol3|SG6043,99681,6.08,0.01131,-0.19414
vol3|SG6043,99681,7.27,0.02194,-0.20180
vol3|SG6043,99681,8.39,0.00071,-0.20384
vol3|SG6043,99681,9.35,-0.08939,-0.17493
vol3|SG6043,99681,10.33,-0.12074,-0.16034
vol3|SG6043,99681,11.3,-0.18383,-0.17222
vol3|SG6043,138371,-6.2,0.00754,0.04395
vol3|SG6043,138371,-4.64,-0.07531,-0.00278
vol3|SG6043,138371,-2.95,-0.07925,0.01938
vol3|SG6043,138371,-1.33,0.04385,-0.04051
vol3|SG6043,138371,-0.26,0.07094,-0.08075
vol3|SG6043,138371,1.99,0.06471,-0.12159
vol3|SG6043,138371,3.23,0.02058,-0.15350
vol3|SG6043,138371,4.82,0.01702,-0.18870
vol3|SG6043,138371,6.22,0.02572,-0.21395
vol3|SG6043,138371,7.74,0.02215,-0.21021
vol3|SG6043,138371,9.28,-0.08004,-0.19189
vol3|SG6043,138371,10.74,-0.15672,-0.15836
vol3|SG6043,138371,6.17,0.02572,-0.21395
vol3|SG6043,149877,-4.01,-0.12833,0.00762
vol3|SG6043,149877,-3.18,-0.05006,0.02848
vol3|SG6043,149877,-2.22,0.00149,-0.02853
vol3|SG6043,149877,-0.69,0.07065,-0.06523
vol3|SG6043,149877,0.37,0.06802,-0.09446
vol3|SG6043,149877,1.34,0.07018,-0.11151
vol3|SG6043,149877,2.33,0.02030,-0.13196
vol3|SG6043,149877,2.95,0.02030,-0.14596
vol3|SG6043,149877,4.56,0.02313,-0.18289
vol3|SG6043,149877,5.43,0.03277,-0.18359
vol3|SG6043,149877,6.72,0.04018,-0.21060
vol3|SG6043,149877,7.12,0.03841,-0.21060
vol3|SG6043,149877,8.51,-0.02650,-0.19172
vol3|SG6043,149877,9.4,-0.07394,-0.17235
vol3|SG6043,149877,10.41,-0.14169,-0.16200
vol3|SG6043,149877,11.58,-0.13666,-0.15465
vol3|SG6043,198814,5.61,0.07650,-0.17867
vol3|SG6043,198814,6.08,0.07620,-0.18993
vol3|SG6043,198814,6.67,0.08362,-0.19169
vol3|SG6043,198852,5.53,0.05801,-0.17867
vol3|SG6043,198852,6.09,0.05265,-0.18993
vol3|SG6043,198852,6.63,0.06007,-0.19169
vol3|SG6043,199199,5.54,0.05801,-0.18498
vol3|SG6043,199199,6.09,0.05265,-0.19624
vol3|SG6043,199199,6.62,0.06007,-0.19800
vol3|SG6043,199199,5.56,0.05295,-0.18498
vol3|SG6043,199199,6.06,0.05265,-0.19624
vol3|SG6043,199199,6.6,0.06007,-0.19800
vol3|SG6043,199457,5.56,0.05295,-0.18498
vol3|SG6043,199457,6.13,0.05265,-0.19624
vol3|SG6043,199457,6.6,0.06007,-0.19800
vol3|SG6043,199574,5.57,0.04954,-0.18498
vol3|SG6043,199574,6.07,0.04924,-0.19624
vol3|SG6043,199574,6.6,0.05665,-0.19800
vol3|SG6043,199784,-4.95,-0.11928,0.00076
vol3|SG6043,199784,-3.91,-0.05655,0.02144
vol3|SG6043,199784,-2.93,0.02225,-0.02724
vol3|SG6043,199784,-1.85,0.02707,-0.05350
vol3|SG6043,199784,-0.97,0.04272,-0.07510
vol3|SG6043,199784,0.08,0.05161,-0.11643
vol3|SG6043,199784,1.07,0.03285,-0.13522
vol3|SG6043,199784,2.2,0.04043,-0.15065
vol3|SG6043,199784,3.36,0.05676,-0.16572
vol3|SG6043,199784,3.97,0.05903,-0.17029
vol3|SG6043,199784,5.32,0.05459,-0.18181
vol3|SG6043,199784,6.46,0.04924,-0.19547
vol3|SG6043,199784,7.55,0.03706,-0.19469
vol3|SG6043,199784,8.59,-0.05131,-0.17304
vol3|SG6043,199784,9.56,-0.08966,-0.16280
vol3|SG6043,199784,10.2,-0.10066,-0.16202
vol3|SG6043,199784,11.44,-0.08970,-0.13015
vol3|SG6043,297704,5.19,0.13045,-0.13600
vol3|SG6043,297704,5.64,0.11509,-0.14999
vol3|SG6043,298014,5.18,0.13867,-0.13558
vol3|SG6043,298014,5.61,0.12331,-0.14958
vol3|SG6043,298083,5.23,0.13867,-0.13558
vol3|SG6043,298083,5.59,0.12331,-0.14958
vol3|SG6043,298463,5.23,0.14528,-0.13558
vol3|SG6043,298463,5.57,0.12992,-0.14958
vol3|SG6043,298574,5.21,0.14528,-0.13558
vol3|SG6043,298574,5.59,0.12992,-0.14958
vol3|SG6043,298916,-4.15,0.03792,-0.00079
vol3|SG6043,298916,-3.71,0.08292,-0.03841
vol3|SG6043,298926,4.82,0.14570,-0.15655
vol3|SG6043,298926,5.27,0.13562,-0.16737
vol3|SG6043,299102,-6.23,0.00329,-0.04880
vol3|SG6043,299102,-5.2,0.09413,0.01003
vol3|SG6043,299102,-4.13,0.06077,-0.00648
vol3|SG6043,299102,-3.05,0.10303,-0.06770
vol3|SG6043,299102,-2.05,0.10741,-0.09179
vol3|SG6043,299102,-1.02,0.11907,-0.10269
vol3|SG6043,299102,-0.02,0.13680,-0.12726
vol3|SG6043,299102,1.05,0.14678,-0.14116
vol3|SG6043,299102,2.17,0.15474,-0.15023
vol3|SG6043,299102,3.12,0.17940,-0.15919
vol3|SG6043,299102,4.17,0.16587,-0.16332
vol3|SG6043,299102,5.18,0.14929,-0.16402
vol3|SG6043,299102,6.35,0.12635,-0.18886
vol3|SG6043,299102,7.19,0.11313,-0.18398
vol3|SG6043,299102,8.25,0.02212,-0.16556
vol3|SG6043,299102,9.34,-0.01602,-0.16003
vol3|SG6043,299102,10.31,-0.01008,-0.15360
vol3|SG6043,299102,11.33,0.01276,-0.15804
vol3|SG6043,299460,-5.8,-0.02269,-0.02785
vol3|SG6043,299460,-4.64,0.09708,-0.00238
vol3|SG6043,299460,-2.99,0.10316,-0.07933
vol3|SG6043,299460,-1.5,0.11745,-0.10063
vol3|SG6043,299460,0.0,0.13213,-0.13748
vol3|SG6043,299460,1.55,0.14913,-0.14230
vol3|SG6043,299460,3.11,0.17473,-0.16116
vol3|SG6043,299460,4.55,0.15642,-0.16600
vol3|SG6043,299460,6.19,0.12065,-0.19160
vol3|SG6043,299460,7.74,0.07201,-0.17462
vol3|SG6043,299460,9.34,-0.02069,-0.16200
vol3|SG6043,299460,10.37,-0.02606,-0.14880
vol3|SG6043,302510,-5.73,0.00067,-0.02399
vol3|SG6043,398416,-0.02,0.10085,-0.12859
vol3|SG6043,398416,1.04,0.10826,-0.12583
vol3|SG6043,398416,2.03,0.12875,-0.13623
vol3|SG6043,398416,3.06,0.13449,-0.14346
vol3|SG6043,398416,4.1,0.12376,-0.14705
vol3|SG6043,398416,5.13,0.10084,-0.14775
vol3|SG6043,398416,6.14,0.07525,-0.16969
vol3|SG6043,398416,7.21,0.03791,-0.15637
vol3|SG6043,398416,8.18,-0.02208,-0.14929
vol3|SG6043,398416,9.27,-0.05663,-0.14934
vol3|SG6043,398416,10.32,-0.06318,-0.13496
vol3|SG6043,398416,11.33,-0.04087,-0.13947
vol3|SG6043,399643,-6.25,0.04215,-0.02998
vol3|SG6043,399643,-5.21,0.26518,-0.01578
vol3|SG6043,399643,-4.11,0.07843,-0.07001
vol3|SG6043,399643,-3.09,0.09687,-0.08455
vol3|SG6043,399643,-2.02,0.08419,-0.10819
vol3|SG6043,399643,-0.96,0.09791,-0.11451
vol3|SG6043,453329,-4.68,0.06553,-0.02983
vol3|SG6043,453329,-3.08,0.08453,-0.09741
vol3|SG6043,453329,-1.41,0.12326,-0.09694
vol3|SG6043,453329,0.12,0.10709,-0.12229
vol3|SG6043,453329,1.55,0.10578,-0.12427
vol3|SG6043,453329,3.14,0.14259,-0.13805
vol3|SG6043,453329,4.69,0.11263,-0.14282
vol3|SG6043,453329,6.32,0.07869,-0.16399
vol3|SG6043,453329,7.66,-0.00340,-0.14436
vol3|SG6043,453329,9.48,-0.05609,-0.13161
vol3|SG6043,453329,9.34,-0.05609,-0.13869
vol3|SG6043,498423,-6.32,0.27599,-0.00563
vol3|SG6043,498423,-5.22,0.17729,-0.03061
vol3|SG6043,498423,-4.17,0.09098,-0.08204
vol3|SG6043,498423,-3.17,0.10541,-0.09588
vol3|SG6043,498423,-2.12,0.13065,-0.11432
vol3|SG6043,498423,-1.08,0.12492,-0.11617
vol3|SG6043,498423,-0.06,0.10831,-0.12329
vol3|SG6043,498423,1.0,0.11091,-0.12377
vol3|SG6043,498423,2.11,0.11010,-0.13130
vol3|SG6043,498423,3.15,0.11938,-0.13805
vol3|SG6043,498423,4.2,0.12150,-0.14262
vol3|SG6043,498423,5.2,0.11948,-0.14282
vol3|SG6043,498423,6.17,0.09141,-0.16477
vol3|SG6043,498423,7.29,0.01474,-0.14436
vol3|SG6043,498423,8.18,-0.02857,-0.14436
vol3|SG6043,498423,9.22,-0.04673,-0.14123
vol3|SG6043,498423,10.21,-0.05497,-0.13241
vol3|SG6043,498423,11.22,-0.03159,-0.12629
vol3|SG6043,498927,-5.25,0.41592,-0.04637
vol3|SG6043,498927,-3.6,0.36989,-0.09802
vol3|Trainer 60,100800,-4.15,-0.01244,0.03684
vol3|Trainer 60,100800,-3.1,-0.02226,0.01912
vol3|Trainer 60,100800,-1.92,-0.02580,-0.00143
vol3|Trainer 60,100800,-1.0,-0.01496,-0.01385
vol3|Trainer 60,100800,-0.02,-0.02066,-0.02199
vol3|Trainer 60,100800,1.0,0.02365,-0.03566
vol3|Trainer 60,100800,2.15,0.02707,-0.05549
vol3|Trainer 60,100800,3.09,0.01701,-0.05935
vol3|Trainer 60,100800,4.09,0.02295,-0.06872
vol3|Trainer 60,100800,5.18,0.02536,-0.08323
vol3|Trainer 60,100800,6.28,0.01590,-0.09542
vol3|Trainer 60,100800,7.24,0.01808,-0.10614
vol3|Trainer 60,100800,8.24,0.00292,-0.09957
vol3|Trainer 60,100800,9.24,0.02502,-0.09683
vol3|Trainer 60,100800,10.25,0.10075,-0.09452
vol3|Trainer 60,100800,11.28,0.19958,-0.09531
vol3|Trainer 60,201600,-4.15,0.02101,0.02145
vol3|Trainer 60,201600,-3.11,0.01059,0.01692
vol3|Trainer 60,201600,-2.09,0.01024,0.00085
vol3|Trainer 60,201600,-1.07,0.01024,-0.00157
vol3|Trainer 60,201600,-0.02,0.01184,-0.01651
vol3|Trainer 60,201600,0.99,0.06919,-0.03018
vol3|Trainer 60,201600,2.01,0.06745,-0.04588
vol3|Trainer 60,201600,3.05,0.06562,-0.05220
vol3|Trainer 60,201600,4.11,0.07955,-0.06450
vol3|Trainer 60,201600,5.12,0.07306,-0.06608
vol3|Trainer 60,201600,6.12,0.08698,-0.06510
vol3|Trainer 60,201600,7.17,0.06145,-0.07674
vol3|Trainer 60,201600,8.2,0.04053,-0.07742
vol3|Trainer 60,201600,9.21,0.04773,-0.07237
vol3|Trainer 60,201600,10.24,0.11453,-0.07470
vol3|Trainer 60,201600,11.26,0.21780,-0.05275
vol3|Trainer 60,301800,-3.11,0.04048,0.03032
vol3|Trainer 60,301800,-2.08,0.03167,0.01265
vol3|Trainer 60,301800,-1.04,0.03167,0.00487
vol3|Trainer 60,301800,-0.03,0.03327,-0.00832
vol3|Trainer 60,301800,1.07,0.08399,-0.02283
vol3|Trainer 60,301800,2.16,0.09129,-0.03265
vol3|Trainer 60,301800,3.06,0.10027,-0.04255
vol3|Trainer 60,301800,4.08,0.11217,-0.05133
vol3|Trainer 60,301800,5.1,0.11191,-0.05001
vol3|Trainer 60,301800,6.15,0.11087,-0.04616
vol3|Trainer 60,301800,7.23,0.10890,-0.04528
vol3|Trainer 60,301800,8.46,0.05413,-0.05548
vol3|Trainer 60,301800,9.3,0.11721,-0.05547
vol3|Trainer 60,301800,10.48,0.15951,-0.03928
vol3|Trainer 60,301800,11.53,0.25548,-0.02674
vol3|Trainer 60,398700,11.5,0.25971,-0.01511
vol3|Trainer 60,404100,-4.17,0.13372,0.03917
vol3|Trainer 60,404100,-3.14,0.10376,0.03136
vol3|Trainer 60,404100,-2.17,0.09657,0.01704
vol3|Trainer 60,404100,-1.07,0.09657,0.00995
vol3|Trainer 60,404100,-0.05,0.09712,-0.00323
vol3|Trainer 60,404100,1.06,0.15339,-0.01745
vol3|Trainer 60,404100,2.02,0.16138,-0.03331
vol3|Trainer 60,404100,3.07,0.16369,-0.03968
vol3|Trainer 60,404100,4.11,0.17924,-0.04644
vol3|Trainer 60,404100,5.2,0.21186,-0.04527
vol3|Trainer 60,404100,6.17,0.20708,-0.03527
vol3|Trainer 60,404100,7.32,0.19234,-0.03672
vol3|Trainer 60,404100,8.32,0.17428,-0.04276
vol3|Trainer 60,404100,9.34,0.22023,-0.03810
vol3|Trainer 60,404100,10.42,0.22313,-0.02499
vol3|Trainer 60,504000,-3.18,0.07632,0.01587
vol3|Trainer 60,504000,-2.14,0.06064,0.00156
vol3|Trainer 60,504000,-1.06,0.06077,-0.00442
vol3|Trainer 60,504000,-0.02,0.05879,-0.02072
vol3|Trainer 60,504000,1.0,0.11251,-0.03172
vol3|Trainer 60,504000,2.02,0.11503,-0.05109
vol3|Trainer 60,504000,3.04,0.11734,-0.05747
vol3|Trainer 60,504000,4.08,0.13030,-0.06422
vol3|Trainer 60,504000,5.1,0.16617,-0.06728
vol3|Trainer 60,504000,6.12,0.15935,-0.05172
vol3|Trainer 60,504000,7.14,0.15698,-0.05633
vol3|Trainer 60,504000,8.17,0.15250,-0.06226
vol3|Trainer 60,504000,9.19,0.15687,-0.06319
vol3|Trainer 60,504000,10.2,0.19293,-0.05573
vol3|Trainer 60,504000,11.23,0.30533,-0.04305
vol3|USNPS-4,99800,-3.28,-0.07446,0.11981
vol3|USNPS-4,99800,-1.58,0.09635,0.05139
vol3|USNPS-4,99800,0.01,0.04574,0.01171
vol3|USNPS-4,99800,1.54,0.03930,-0.04798
vol3|USNPS-4,99800,3.15,0.04042,-0.06785
vol3|USNPS-4,99800,4.59,0.04381,-0.08674
vol3|USNPS-4,99800,6.22,0.02760,-0.08813
vol3|USNPS-4,99800,7.69,0.03691,-0.09091
vol3|USNPS-4,99800,9.26,0.06211,-0.08630
vol3|USNPS-4,99800,10.71,-0.01700,-0.08541
vol3|USNPS-4,199300,-3.29,-0.02026,0.07851
vol3|USNPS-4,199300,-1.56,0.05949,0.02506
vol3|USNPS-4,199300,-0.09,0.06261,-0.02035
vol3|USNPS-4,199300,1.45,0.07399,-0.05279
vol3|USNPS-4,199300,3.08,0.07276,-0.05622
vol3|USNPS-4,199300,4.6,0.07529,-0.06786
vol3|USNPS-4,199300,6.08,0.05672,-0.05524
vol3|USNPS-4,199300,7.6,0.05238,-0.06135
vol3|USNPS-4,199300,9.11,0.04901,-0.06064
vol3|USNPS-4,199300,10.67,0.00152,-0.04402
vol3|USNPS-4,299000,-4.72,0.02832,0.07244
vol3|USNPS-4,299000,-3.15,0.07922,0.06788
vol3|USNPS-4,299000,-1.6,0.12927,0.01604
vol3|USNPS-4,299000,-0.07,0.14169,-0.01827
vol3|USNPS-4,299000,1.46,0.15596,-0.03787
vol3|USNPS-4,299000,3.0,0.14107,-0.04069
vol3|USNPS-4,299000,4.53,0.09890,-0.05005
vol3|USNPS-4,299000,6.15,0.08376,-0.04122
vol3|USNPS-4,299000,7.67,0.08222,-0.04973
vol3|USNPS-4,299000,9.17,0.07918,-0.04280
vol3|USNPS-4,299000,10.68,0.02334,-0.02372
vol3|USNPS-4,398300,-4.97,0.28119,0.03926
vol3|USNPS-4,398300,-3.11,0.17896,0.01925
vol3|USNPS-4,398300,-1.46,0.11302,-0.02520
vol3|USNPS-4,398300,0.12,0.12256,-0.04269
vol3|USNPS-4,398300,1.54,0.12148,-0.05221
vol3|USNPS-4,398300,2.97,0.11116,-0.05625
vol3|USNPS-4,398300,4.45,0.08357,-0.06221
vol3|USNPS-4,398300,6.07,0.07790,-0.05157
vol3|USNPS-4,398300,7.5,0.08734,-0.05915
vol3|USNPS-4,398300,9.22,0.08830,-0.05316
vol3|USNPS-4,398300,10.87,0.08533,-0.03244
