entry,Re,alpha,zCD_oof,dCL_oof
stec8|AQUILA,59400,-1.86,-0.13570,0.00000
stec8|AQUILA,59400,-0.83,-0.05754,0.00000
stec8|AQUILA,59400,0.18,-0.04119,0.00000
stec8|AQUILA,59400,1.2,-0.03890,0.00000
stec8|AQUILA,59400,2.23,-0.02387,0.00000
stec8|AQUILA,59400,3.23,-0.01979,0.00000
stec8|AQUILA,59400,4.26,-0.02667,0.00000
stec8|AQUILA,59400,5.27,-0.02667,0.00000
stec8|AQUILA,59400,6.28,-0.03238,0.00000
stec8|AQUILA,59400,7.3,-0.03238,0.00000
stec8|AQUILA,59400,8.33,-0.03427,0.00000
stec8|AQUILA,59400,9.34,-0.06474,0.00000
stec8|AQUILA,59400,10.34,-0.25300,0.00000
stec8|AQUILA,101100,-1.86,-0.01628,0.00000
stec8|AQUILA,101100,-0.84,0.00138,0.00000
stec8|AQUILA,101100,0.18,0.00904,0.00000
stec8|AQUILA,101100,1.21,0.01728,0.00000
stec8|AQUILA,101100,2.22,0.03231,0.00000
stec8|AQUILA,101100,3.24,0.03639,0.00000
stec8|AQUILA,101100,4.27,0.03639,0.00000
stec8|AQUILA,101100,5.28,0.03639,0.00000
stec8|AQUILA,101100,6.29,0.03639,0.00000
stec8|AQUILA,101100,7.33,0.03089,0.00000
stec8|AQUILA,101100,8.33,0.02596,0.00000
stec8|AQUILA,101100,9.35,0.02573,0.00000
stec8|AQUILA,101100,10.36,0.02164,0.00000
stec8|AQUILA,101100,11.36,0.02468,0.00000
stec8|AQUILA,150500,1.19,0.02579,0.00000
stec8|AQUILA,150500,3.24,0.04490,0.00000
stec8|AQUILA,150500,5.28,0.04490,0.00000
stec8|AQUILA,150500,7.32,0.04302,0.00000
stec8|AQUILA,150500,8.34,0.04025,0.00000
stec8|AQUILA,150500,9.36,0.04279,0.00000
stec8|AQUILA,150500,11.37,0.04563,0.00000
stec8|AQUILA,203900,-1.89,0.01415,0.00000
stec8|AQUILA,203900,-0.85,0.01415,0.00000
stec8|AQUILA,203900,0.17,0.03699,0.00000
stec8|AQUILA,203900,1.19,0.04523,0.00000
stec8|AQUILA,203900,2.22,0.06027,0.00000
stec8|AQUILA,203900,3.26,0.06435,0.00000
stec8|AQUILA,203900,4.26,0.06435,0.00000
stec8|AQUILA,203900,5.28,0.06435,0.00000
stec8|AQUILA,203900,6.31,0.06435,0.00000
stec8|AQUILA,203900,7.32,0.06246,0.00000
stec8|AQUILA,203900,8.34,0.05970,0.00000
stec8|AQUILA,203900,9.35,0.06068,0.00000
stec8|AQUILA,203900,10.37,0.04436,0.00000
stec8|AQUILA,203900,11.35,0.07320,0.00000
stec8|AQUILA,301100,-3.93,-0.02319,0.00000
stec8|AQUILA,301100,-2.91,0.03696,0.00000
stec8|AQUILA,301100,-1.87,0.05644,0.00000
stec8|AQUILA,301100,-0.89,0.05644,0.00000
stec8|AQUILA,301100,0.14,0.07212,0.00000
stec8|AQUILA,301100,1.13,0.08037,0.00000
stec8|AQUILA,301100,2.18,0.09540,0.00000
stec8|AQUILA,301100,3.21,0.09948,0.00000
stec8|AQUILA,301100,4.23,0.09948,0.00000
stec8|AQUILA,301100,5.28,0.09948,0.00000
stec8|AQUILA,301100,6.3,0.09948,0.00000
stec8|AQUILA,301100,7.32,0.09483,0.00000
stec8|CLARK-Y,61300,-3.95,-0.24166,0.00000
stec8|CLARK-Y,61300,-2.92,-0.21661,0.00000
stec8|CLARK-Y,61300,-1.9,-0.17454,0.00000
stec8|CLARK-Y,61300,-0.88,-0.13175,0.00000
stec8|CLARK-Y,61300,0.15,-0.03886,0.00000
stec8|CLARK-Y,61300,1.18,-0.02486,0.00000
stec8|CLARK-Y,61300,2.2,-0.02257,0.00000
stec8|CLARK-Y,61300,3.24,-0.00027,0.00000
stec8|CLARK-Y,61300,4.26,0.00381,0.00000
stec8|CLARK-Y,61300,5.28,0.00381,0.00000
stec8|CLARK-Y,61300,6.29,0.00381,0.00000
stec8|CLARK-Y,61300,7.32,0.00221,0.00000
stec8|CLARK-Y,61300,8.33,0.00032,0.00000
stec8|CLARK-Y,61300,9.34,0.00715,0.00000
stec8|CLARK-Y,61300,10.35,-0.01916,0.00000
stec8|CLARK-Y,61300,11.34,0.00217,0.00000
stec8|CLARK-Y,102600,-3.94,-0.17162,0.00000
stec8|CLARK-Y,102600,-2.92,-0.10337,0.00000
stec8|CLARK-Y,102600,-1.87,-0.05447,0.00000
stec8|CLARK-Y,102600,-0.85,0.01180,0.00000
stec8|CLARK-Y,102600,0.17,0.02091,0.00000
stec8|CLARK-Y,102600,1.2,0.02916,0.00000
stec8|CLARK-Y,102600,2.21,0.05145,0.00000
stec8|CLARK-Y,102600,3.25,0.05553,0.00000
stec8|CLARK-Y,102600,4.25,0.05553,0.00000
stec8|CLARK-Y,102600,5.28,0.05553,0.00000
stec8|CLARK-Y,102600,6.29,0.05553,0.00000
stec8|CLARK-Y,102600,7.32,0.05553,0.00000
stec8|CLARK-Y,102600,8.34,0.05365,0.00000
stec8|CLARK-Y,102600,9.36,0.05342,0.00000
stec8|CLARK-Y,102600,10.36,0.05187,0.00000
stec8|CLARK-Y,102600,11.35,0.07598,0.00000
stec8|CLARK-Y,203800,-3.96,-0.05386,0.00000
stec8|CLARK-Y,203800,-2.9,-0.00220,0.00000
stec8|CLARK-Y,203800,-1.91,0.03976,0.00000
stec8|CLARK-Y,203800,-0.85,0.04886,0.00000
stec8|CLARK-Y,203800,0.17,0.05711,0.00000
stec8|CLARK-Y,203800,1.19,0.07064,0.00000
stec8|CLARK-Y,203800,2.22,0.08349,0.00000
stec8|CLARK-Y,203800,3.24,0.08349,0.00000
stec8|CLARK-Y,203800,4.27,0.08349,0.00000
stec8|CLARK-Y,203800,5.28,0.08349,0.00000
stec8|CLARK-Y,203800,6.3,0.08349,0.00000
stec8|CLARK-Y,203800,7.31,0.08349,0.00000
stec8|CLARK-Y,203800,8.34,0.07884,0.00000
stec8|CLARK-Y,203800,9.34,0.08124,0.00000
stec8|CLARK-Y,203800,10.34,0.07411,0.00000
stec8|CLARK-Y,203800,11.35,0.11619,0.00000
stec8|CLARK-Y,301200,-4.93,-0.01055,0.00000
stec8|CLARK-Y,301200,-3.91,0.00998,0.00000
stec8|CLARK-Y,301200,-2.9,0.04687,0.00000
stec8|CLARK-Y,301200,-1.87,0.08258,0.00000
stec8|CLARK-Y,301200,-0.86,0.08258,0.00000
stec8|CLARK-Y,301200,0.16,0.08732,0.00000
stec8|CLARK-Y,301200,1.2,0.10578,0.00000
stec8|CLARK-Y,301200,2.23,0.11862,0.00000
stec8|CLARK-Y,301200,3.24,0.11862,0.00000
stec8|CLARK-Y,301200,4.26,0.11862,0.00000
stec8|CLARK-Y,301200,5.29,0.11862,0.00000
stec8|DAE51,60400,-2.91,-0.23452,0.00000
stec8|DAE51,60400,-1.89,-0.20492,0.00000
stec8|DAE51,60400,-0.87,-0.12747,0.00000
stec8|DAE51,60400,0.18,-0.06915,0.00000
stec8|DAE51,60400,1.2,-0.03641,0.00000
stec8|DAE51,60400,2.22,-0.02558,0.00000
stec8|DAE51,60400,3.24,-0.01388,0.00000
stec8|DAE51,60400,4.25,-0.01388,0.00000
stec8|DAE51,60400,5.29,-0.01603,0.00000
stec8|DAE51,60400,6.28,-0.01603,0.00000
stec8|DAE51,60400,7.31,-0.03710,0.00000
stec8|DAE51,60400,8.31,-0.03372,0.00000
stec8|DAE51,101400,-2.9,-0.09792,0.00000
stec8|DAE51,101400,-1.87,-0.01522,0.00000
stec8|DAE51,101400,-0.84,0.00622,0.00000
stec8|DAE51,101400,0.18,0.02526,0.00000
stec8|DAE51,101400,1.22,0.04400,0.00000
stec8|DAE51,101400,2.22,0.05563,0.00000
stec8|DAE51,101400,3.25,0.05563,0.00000
stec8|DAE51,101400,4.25,0.05563,0.00000
stec8|DAE51,101400,5.29,0.05348,0.00000
stec8|DAE51,101400,6.3,0.05348,0.00000
stec8|DAE51,101400,7.33,0.04988,0.00000
stec8|DAE51,101400,8.32,0.03142,0.00000
stec8|DAE51,101400,9.33,-0.01081,0.00000
stec8|DAE51,101400,10.33,-0.04760,0.00000
stec8|DAE51,153500,-2.87,-0.02955,0.00000
stec8|DAE51,153500,-1.84,0.00537,0.00000
stec8|DAE51,153500,-0.82,0.02085,0.00000
stec8|DAE51,153500,0.2,0.03887,0.00000
stec8|DAE51,153500,1.2,0.05729,0.00000
stec8|DAE51,153500,2.23,0.05972,0.00000
stec8|DAE51,153500,3.27,0.05972,0.00000
stec8|DAE51,153500,4.28,0.05972,0.00000
stec8|DAE51,153500,5.31,0.05757,0.00000
stec8|DAE51,153500,6.31,0.05757,0.00000
stec8|DAE51,153500,7.32,0.05397,0.00000
stec8|DAE51,153500,8.34,0.02803,0.00000
stec8|DAE51,153500,9.35,-0.00017,0.00000
stec8|DAE51,153500,10.33,-0.00712,0.00000
stec8|DAE51,153500,11.34,-0.02193,0.00000
stec8|DAE51,203200,-2.92,0.01120,0.00000
stec8|DAE51,203200,-1.86,0.03616,0.00000
stec8|DAE51,203200,-0.83,0.03616,0.00000
stec8|DAE51,203200,0.17,0.05418,0.00000
stec8|DAE51,203200,1.21,0.07260,0.00000
stec8|DAE51,203200,2.23,0.07503,0.00000
stec8|DAE51,203200,3.27,0.07503,0.00000
stec8|DAE51,203200,4.26,0.07503,0.00000
stec8|DAE51,203200,5.3,0.07288,0.00000
stec8|DAE51,203200,6.31,0.07257,0.00000
stec8|DAE51,203200,7.31,0.06686,0.00000
stec8|DAE51,203200,8.33,0.02471,0.00000
stec8|DAE51,203200,9.35,0.02215,0.00000
stec8|DAE51,203200,10.33,0.00819,0.00000
stec8|DAE51,203200,11.34,0.00659,0.00000
stec8|DAE51,310400,-2.88,0.04373,0.00000
stec8|DAE51,310400,-1.84,0.06500,0.00000
stec8|DAE51,310400,-0.82,0.06234,0.00000
stec8|DAE51,310400,0.17,0.08037,0.00000
stec8|DAE51,310400,1.22,0.09878,0.00000
stec8|DAE51,310400,2.22,0.10122,0.00000
stec8|DAE51,310400,3.26,0.10122,0.00000
stec8|DAE51,310400,4.24,0.10122,0.00000
stec8|DAE51,310400,5.18,0.09907,0.00000
stec8|DAE51,310400,6.28,0.09907,0.00000
stec8|DAE51,310400,7.31,0.08089,0.00000
stec8|DAE51,310400,8.33,0.05125,0.00000
stec8|DAE51,310400,9.34,0.05085,0.00000
stec8|DAE51,310400,10.34,0.03917,0.00000
stec8|DF101,58100,-4.99,-0.19467,0.00000
stec8|DF101,58100,-3.97,-0.19252,0.00000
stec8|DF101,58100,-2.95,-0.15878,0.00000
stec8|DF101,58100,-1.92,-0.14940,0.00000
stec8|DF101,58100,-0.89,-0.14940,0.00000
stec8|DF101,58100,0.14,-0.12850,0.00000
stec8|DF101,58100,1.17,-0.05309,0.00000
stec8|DF101,58100,2.2,-0.02499,0.00000
stec8|DF101,58100,3.21,-0.00984,0.00000
stec8|DF101,58100,4.23,-0.00091,0.00000
stec8|DF101,58100,5.24,-0.00091,0.00000
stec8|DF101,58100,6.26,-0.00091,0.00000
stec8|DF101,58100,7.28,-0.00306,0.00000
stec8|DF101,58100,8.29,-0.00638,0.00000
stec8|DF101,58100,9.31,-0.01374,0.00000
stec8|DF101,58100,10.31,-0.05302,0.00000
stec8|DF101,101700,-6.0,-0.18800,0.00000
stec8|DF101,101700,-4.97,-0.16146,0.00000
stec8|DF101,101700,-3.97,-0.14221,0.00000
stec8|DF101,101700,-2.95,-0.12630,0.00000
stec8|DF101,101700,-1.91,-0.09230,0.00000
stec8|DF101,101700,-0.87,-0.02552,0.00000
stec8|DF101,101700,0.16,0.01132,0.00000
stec8|DF101,101700,1.17,0.01929,0.00000
stec8|DF101,101700,2.19,0.03294,0.00000
stec8|DF101,101700,3.21,0.04300,0.00000
stec8|DF101,101700,4.24,0.04615,0.00000
stec8|DF101,101700,5.25,0.04615,0.00000
stec8|DF101,101700,6.26,0.04615,0.00000
stec8|DF101,101700,7.28,0.04180,0.00000
stec8|DF101,101700,8.3,0.04212,0.00000
stec8|DF101,101700,9.32,0.05417,0.00000
stec8|DF101,101700,10.33,0.03389,0.00000
stec8|DF101,101700,11.33,0.08451,0.00000
stec8|DF101,153700,-5.99,-0.18755,0.00000
stec8|DF101,153700,-4.97,-0.13398,0.00000
stec8|DF101,153700,-3.95,-0.11502,0.00000
stec8|DF101,153700,-2.93,-0.08135,0.00000
stec8|DF101,153700,-1.9,-0.05313,0.00000
stec8|DF101,153700,-0.87,0.01672,0.00000
stec8|DF101,153700,0.16,0.02986,0.00000
stec8|DF101,153700,1.17,0.03276,0.00000
stec8|DF101,153700,2.19,0.05069,0.00000
stec8|DF101,153700,3.22,0.05647,0.00000
stec8|DF101,153700,4.23,0.05962,0.00000
stec8|DF101,153700,5.26,0.05962,0.00000
stec8|DF101,153700,6.27,0.05639,0.00000
stec8|DF101,153700,7.29,0.05527,0.00000
stec8|DF101,153700,8.31,0.05559,0.00000
stec8|DF101,153700,9.32,0.06272,0.00000
stec8|DF101,153700,10.33,0.05023,0.00000
stec8|DF101,153700,11.34,0.12633,0.00000
stec8|DF101,201400,-5.99,-0.13606,0.00000
stec8|DF101,201400,-4.97,-0.11038,0.00000
stec8|DF101,201400,-3.93,-0.06950,0.00000
stec8|DF101,201400,-2.92,-0.03989,0.00000
stec8|DF101,201400,-1.89,-0.00831,0.00000
stec8|DF101,201400,-0.88,0.02417,0.00000
stec8|DF101,201400,0.15,0.03730,0.00000
stec8|DF101,201400,1.18,0.04020,0.00000
stec8|DF101,201400,2.2,0.05814,0.00000
stec8|DF101,201400,3.22,0.06391,0.00000
stec8|DF101,201400,4.24,0.06707,0.00000
stec8|DF101,201400,5.25,0.06707,0.00000
stec8|DF101,201400,6.26,0.06271,0.00000
stec8|DF101,201400,7.29,0.06303,0.00000
stec8|DF101,201400,8.3,0.06303,0.00000
stec8|DF101,201400,9.32,0.06501,0.00000
stec8|DF101,201400,10.33,0.06076,0.00000
stec8|DF101,201400,11.34,0.13584,0.00000
stec8|DF101,305500,-6.0,-0.06595,0.00000
stec8|DF101,305500,-4.96,-0.05097,0.00000
stec8|DF101,305500,-3.94,-0.00654,0.00000
stec8|DF101,305500,-2.93,0.01059,0.00000
stec8|DF101,305500,-1.9,0.04286,0.00000
stec8|DF101,305500,-0.88,0.06402,0.00000
stec8|DF101,305500,0.14,0.07209,0.00000
stec8|DF101,305500,1.17,0.07499,0.00000
stec8|DF101,305500,2.19,0.09142,0.00000
stec8|DF101,305500,3.21,0.09870,0.00000
stec8|DF101,305500,4.24,0.10186,0.00000
stec8|DF101,305500,5.25,0.10186,0.00000
stec8|DF101,305500,6.26,0.09750,0.00000
stec8|DF101,305500,7.29,0.09782,0.00000
stec8|DF101,305500,8.31,0.09250,0.00000
stec8|DF101,305500,9.31,0.09980,0.00000
stec8|DF101,305500,10.34,0.09102,0.00000
stec8|DF102,59100,-3.98,-0.19252,0.00000
stec8|DF102,59100,-2.96,-0.15878,0.00000
stec8|DF102,59100,-1.93,-0.14940,0.00000
stec8|DF102,59100,-0.93,-0.14940,0.00000
stec8|DF102,59100,0.12,-0.13593,0.00000
stec8|DF102,59100,1.15,-0.06470,0.00000
stec8|DF102,59100,2.18,-0.02499,0.00000
stec8|DF102,59100,3.19,-0.00697,0.00000
stec8|DF102,59100,4.22,-0.00091,0.00000
stec8|DF102,59100,5.23,-0.00091,0.00000
stec8|DF102,59100,6.25,-0.00526,0.00000
stec8|DF102,59100,7.27,-0.00741,0.00000
stec8|DF102,59100,8.28,-0.00665,0.00000
stec8|DF102,59100,9.27,-0.02311,0.00000
stec8|DF102,59100,10.25,-0.05958,0.00000
stec8|DF102,100200,-3.97,-0.14630,0.00000
stec8|DF102,100200,-2.95,-0.12630,0.00000
stec8|DF102,100200,-1.92,-0.10158,0.00000
stec8|DF102,100200,-0.89,-0.02820,0.00000
stec8|DF102,100200,0.13,0.01132,0.00000
stec8|DF102,100200,1.16,0.01929,0.00000
stec8|DF102,100200,2.18,0.03294,0.00000
stec8|DF102,100200,3.2,0.04300,0.00000
stec8|DF102,100200,4.23,0.04615,0.00000
stec8|DF102,100200,5.22,0.04180,0.00000
stec8|DF102,100200,6.26,0.04212,0.00000
stec8|DF102,100200,7.26,0.04212,0.00000
stec8|DF102,100200,8.28,0.04212,0.00000
stec8|DF102,100200,9.29,0.05591,0.00000
stec8|DF102,100200,10.32,0.05115,0.00000
stec8|DF102,100200,11.31,0.07936,0.00000
stec8|DF102,149100,-3.95,-0.13240,0.00000
stec8|DF102,149100,-2.43,-0.07380,0.00000
stec8|DF102,149100,-0.89,0.00791,0.00000
stec8|DF102,149100,0.65,0.02394,0.00000
stec8|DF102,149100,2.17,0.04188,0.00000
stec8|DF102,149100,3.7,0.05081,0.00000
stec8|DF102,149100,5.24,0.04645,0.00000
stec8|DF102,149100,6.76,0.04677,0.00000
stec8|DF102,149100,8.29,0.04474,0.00000
stec8|DF102,149100,9.81,0.04867,0.00000
stec8|DF102,149100,11.32,0.11700,0.00000
stec8|DF102,200900,-3.97,-0.07877,0.00000
stec8|DF102,200900,-2.96,-0.03989,0.00000
stec8|DF102,200900,-1.93,-0.00831,0.00000
stec8|DF102,200900,-0.91,0.02417,0.00000
stec8|DF102,200900,0.13,0.03730,0.00000
stec8|DF102,200900,1.16,0.04020,0.00000
stec8|DF102,200900,2.17,0.05814,0.00000
stec8|DF102,200900,3.19,0.06391,0.00000
stec8|DF102,200900,4.22,0.06707,0.00000
stec8|DF102,200900,5.23,0.06303,0.00000
stec8|DF102,200900,6.26,0.06303,0.00000
stec8|DF102,200900,7.27,0.06303,0.00000
stec8|DF102,200900,8.28,0.05771,0.00000
stec8|DF102,200900,9.31,0.06501,0.00000
stec8|DF102,200900,10.32,0.06493,0.00000
stec8|DF102,200900,11.34,0.13584,0.00000
stec8|DF102,300900,-4.03,-0.00654,0.00000
stec8|DF102,300900,-2.97,0.01059,0.00000
stec8|DF102,300900,-1.93,0.04672,0.00000
stec8|DF102,300900,-0.91,0.06402,0.00000
stec8|DF102,300900,0.12,0.07209,0.00000
stec8|DF102,300900,1.12,0.07499,0.00000
stec8|DF102,300900,2.16,0.08864,0.00000
stec8|DF102,300900,3.18,0.09870,0.00000
stec8|DF102,300900,4.21,0.09750,0.00000
stec8|DF102,300900,5.24,0.09782,0.00000
stec8|DF102,300900,6.24,0.09782,0.00000
stec8|DF102,300900,7.27,0.09250,0.00000
stec8|DF102,300900,8.28,0.08774,0.00000
stec8|DF102,300900,9.31,0.09972,0.00000
stec8|DF102,300900,10.31,0.09972,0.00000
stec8|DF102,300900,11.34,0.17277,0.00000
stec8|E193,60200,-3.95,-0.21783,0.00000
stec8|E193,60200,-2.93,-0.18470,0.00000
stec8|E193,60200,-1.9,-0.12345,0.00000
stec8|E193,60200,-0.87,-0.03167,0.00000
stec8|E193,60200,0.16,-0.02308,0.00000
stec8|E193,60200,1.19,-0.02308,0.00000
stec8|E193,60200,2.2,-0.01000,0.00000
stec8|E193,60200,3.21,-0.00615,0.00000
stec8|E193,60200,4.23,0.00517,0.00000
stec8|E193,60200,5.25,-0.01327,0.00000
stec8|E193,60200,6.29,-0.01845,0.00000
stec8|E193,60200,7.3,0.00120,0.00000
stec8|E193,60200,8.33,0.01080,0.00000
stec8|E193,60200,9.33,0.00911,0.00000
stec8|E193,60200,10.34,-0.10021,0.00000
stec8|E193,60200,11.33,-0.09608,0.00000
stec8|E193,97500,-3.95,-0.13309,0.00000
stec8|E193,97500,-2.91,-0.05067,0.00000
stec8|E193,97500,-1.88,-0.00598,0.00000
stec8|E193,97500,-0.87,0.00715,0.00000
stec8|E193,97500,0.14,0.01005,0.00000
stec8|E193,97500,1.19,0.02370,0.00000
stec8|E193,97500,2.2,0.03223,0.00000
stec8|E193,97500,3.21,0.03691,0.00000
stec8|E193,97500,4.23,0.03691,0.00000
stec8|E193,97500,5.26,0.03691,0.00000
stec8|E193,97500,6.28,0.03691,0.00000
stec8|E193,97500,7.3,0.03691,0.00000
stec8|E193,97500,8.33,0.03321,0.00000
stec8|E193,97500,9.32,0.01648,0.00000
stec8|E193,97500,10.34,-0.02199,0.00000
stec8|E193,97500,11.34,-0.03692,0.00000
stec8|E193,204200,-3.94,-0.04835,0.00000
stec8|E193,204200,-2.95,0.00685,0.00000
stec8|E193,204200,-1.89,0.03114,0.00000
stec8|E193,204200,-0.88,0.03921,0.00000
stec8|E193,204200,0.15,0.04211,0.00000
stec8|E193,204200,1.18,0.05576,0.00000
stec8|E193,204200,2.19,0.06582,0.00000
stec8|E193,204200,3.22,0.06897,0.00000
stec8|E193,204200,4.24,0.06897,0.00000
stec8|E193,204200,5.26,0.06897,0.00000
stec8|E193,204200,6.28,0.06897,0.00000
stec8|E193,204200,7.31,0.06897,0.00000
stec8|E193,204200,8.31,0.05913,0.00000
stec8|E193,204200,9.31,0.05640,0.00000
stec8|E193,204200,10.33,0.03585,0.00000
stec8|E193,204200,11.34,0.05751,0.00000
stec8|E193,303100,-2.92,0.04757,0.00000
stec8|E193,303100,-1.89,0.06593,0.00000
stec8|E193,303100,-0.88,0.07400,0.00000
stec8|E193,303100,0.15,0.07690,0.00000
stec8|E193,303100,1.16,0.09055,0.00000
stec8|E193,303100,2.19,0.10061,0.00000
stec8|E193,303100,3.2,0.10376,0.00000
stec8|E193,303100,4.24,0.10376,0.00000
stec8|E193,303100,5.25,0.10376,0.00000
stec8|E205A,59800,-3.96,-0.26353,0.00000
stec8|E205A,59800,-2.92,-0.20406,0.00000
stec8|E205A,59800,-1.9,-0.08090,0.00000
stec8|E205A,59800,-0.85,-0.02761,0.00000
stec8|E205A,59800,0.16,-0.01702,0.00000
stec8|E205A,59800,1.17,-0.01883,0.00000
stec8|E205A,59800,2.18,-0.00336,0.00000
stec8|E205A,59800,3.21,-0.00774,0.00000
stec8|E205A,59800,4.22,-0.00619,0.00000
stec8|E205A,59800,5.24,-0.00797,0.00000
stec8|E205A,59800,6.25,-0.00797,0.00000
stec8|E205A,59800,7.28,-0.01379,0.00000
stec8|E205A,59800,8.29,-0.00619,0.00000
stec8|E205A,59800,9.31,0.00718,0.00000
stec8|E205A,59800,10.32,-0.06412,0.00000
stec8|E205A,59800,11.32,-0.06801,0.00000
stec8|E205A,99500,-3.93,-0.14120,0.00000
stec8|E205A,99500,-2.92,-0.07500,0.00000
stec8|E205A,99500,-1.88,-0.00272,0.00000
stec8|E205A,99500,-0.86,0.02010,0.00000
stec8|E205A,99500,0.16,0.02663,0.00000
stec8|E205A,99500,1.18,0.03528,0.00000
stec8|E205A,99500,2.2,0.04798,0.00000
stec8|E205A,99500,3.21,0.04953,0.00000
stec8|E205A,99500,4.23,0.05235,0.00000
stec8|E205A,99500,5.25,0.05235,0.00000
stec8|E205A,99500,6.27,0.05235,0.00000
stec8|E205A,99500,7.29,0.05235,0.00000
stec8|E205A,99500,8.32,0.05235,0.00000
stec8|E205A,99500,9.32,0.04218,0.00000
stec8|E205A,99500,10.33,0.03048,0.00000
stec8|E205A,99500,11.32,0.08021,0.00000
stec8|E205A,150600,-1.9,-0.00272,0.00000
stec8|E205A,150600,-0.86,0.02010,0.00000
stec8|E205A,150600,0.15,0.02663,0.00000
stec8|E205A,150600,1.16,0.03136,0.00000
stec8|E205A,150600,3.22,0.04953,0.00000
stec8|E205A,150600,5.25,0.05235,0.00000
stec8|E205A,150600,7.3,0.05235,0.00000
stec8|E205A,150600,8.31,0.05235,0.00000
stec8|E205A,150600,9.33,0.03499,0.00000
stec8|E205A,150600,10.33,0.03048,0.00000
stec8|E205A,150600,11.32,0.08958,0.00000
stec8|E205A,202100,-4.98,-0.11412,0.00000
stec8|E205A,202100,-3.94,-0.07307,0.00000
stec8|E205A,202100,-2.92,-0.04203,0.00000
stec8|E205A,202100,-1.89,0.02085,0.00000
stec8|E205A,202100,-0.9,0.04440,0.00000
stec8|E205A,202100,0.15,0.04630,0.00000
stec8|E205A,202100,1.16,0.05103,0.00000
stec8|E205A,202100,2.19,0.06764,0.00000
stec8|E205A,202100,3.2,0.06919,0.00000
stec8|E205A,202100,4.24,0.07201,0.00000
stec8|E205A,202100,5.26,0.07201,0.00000
stec8|E205A,202100,6.27,0.07201,0.00000
stec8|E205A,202100,7.3,0.07201,0.00000
stec8|E205A,202100,8.3,0.07201,0.00000
stec8|E205A,202100,9.31,0.05796,0.00000
stec8|E205A,202100,10.32,0.06559,0.00000
stec8|E205A,202100,11.34,0.12462,0.00000
stec8|E205A,301800,-1.92,0.04092,0.00000
stec8|E205A,301800,-0.88,0.05819,0.00000
stec8|E205A,301800,0.14,0.06524,0.00000
stec8|E205A,301800,1.16,0.06997,0.00000
stec8|E205A,301800,2.19,0.08658,0.00000
stec8|E205A,301800,3.21,0.08813,0.00000
stec8|E205A,301800,4.22,0.09088,0.00000
stec8|E205A,301800,5.25,0.09135,0.00000
stec8|E205A,301800,6.27,0.09135,0.00000
stec8|E205A,301800,7.28,0.09135,0.00000
stec8|E205A,301800,8.31,0.08755,0.00000
stec8|E205B,63600,-4.94,-0.21796,0.00000
stec8|E205B,63600,-3.94,-0.21547,0.00000
stec8|E205B,63600,-2.92,-0.16042,0.00000
stec8|E205B,63600,-1.88,-0.07024,0.00000
stec8|E205B,63600,-0.84,-0.03234,0.00000
stec8|E205B,63600,0.16,-0.03234,0.00000
stec8|E205B,63600,1.18,-0.03234,0.00000
stec8|E205B,63600,2.21,-0.01869,0.00000
stec8|E205B,63600,3.22,-0.01141,0.00000
stec8|E205B,63600,4.24,-0.01041,0.00000
stec8|E205B,63600,5.26,-0.00589,0.00000
stec8|E205B,63600,6.28,-0.00589,0.00000
stec8|E205B,63600,7.29,-0.00938,0.00000
stec8|E205B,63600,8.32,-0.01041,0.00000
stec8|E205B,63600,9.32,0.00180,0.00000
stec8|E205B,63600,10.33,-0.06934,0.00000
stec8|E205B,105200,-5.99,-0.30100,0.00000
stec8|E205B,105200,-4.95,-0.18242,0.00000
stec8|E205B,105200,-3.91,-0.12959,0.00000
stec8|E205B,105200,-2.89,-0.04660,0.00000
stec8|E205B,105200,-1.87,0.00259,0.00000
stec8|E205B,105200,-0.85,0.01639,0.00000
stec8|E205B,105200,0.17,0.01639,0.00000
stec8|E205B,105200,1.19,0.03294,0.00000
stec8|E205B,105200,2.22,0.03854,0.00000
stec8|E205B,105200,3.23,0.04300,0.00000
stec8|E205B,105200,4.25,0.04615,0.00000
stec8|E205B,105200,5.28,0.04615,0.00000
stec8|E205B,105200,6.28,0.04615,0.00000
stec8|E205B,105200,7.31,0.04615,0.00000
stec8|E205B,105200,8.31,0.04615,0.00000
stec8|E205B,105200,9.31,0.04258,0.00000
stec8|E205B,151100,-6.0,-0.18924,0.00000
stec8|E205B,151100,-4.94,-0.16330,0.00000
stec8|E205B,151100,-3.92,-0.05948,0.00000
stec8|E205B,151100,-2.89,-0.03272,0.00000
stec8|E205B,151100,-1.88,0.00871,0.00000
stec8|E205B,151100,-0.87,0.02520,0.00000
stec8|E205B,151100,0.15,0.02520,0.00000
stec8|E205B,151100,1.19,0.02810,0.00000
stec8|E205B,151100,2.21,0.04735,0.00000
stec8|E205B,151100,3.22,0.05181,0.00000
stec8|E205B,151100,4.24,0.05496,0.00000
stec8|E205B,151100,5.27,0.05496,0.00000
stec8|E205B,151100,6.3,0.05496,0.00000
stec8|E205B,151100,7.3,0.05496,0.00000
stec8|E205B,151100,8.33,0.05061,0.00000
stec8|E205B,151100,9.33,0.04664,0.00000
stec8|E205B,151100,10.32,0.03716,0.00000
stec8|E205B,206600,-4.95,-0.09314,0.00000
stec8|E205B,206600,-3.91,-0.05026,0.00000
stec8|E205B,206600,-2.91,-0.01172,0.00000
stec8|E205B,206600,-1.88,0.01107,0.00000
stec8|E205B,206600,-0.87,0.03276,0.00000
stec8|E205B,206600,0.15,0.03730,0.00000
stec8|E205B,206600,1.19,0.04020,0.00000
stec8|E205B,206600,2.2,0.05814,0.00000
stec8|E205B,206600,3.24,0.06391,0.00000
stec8|E205B,206600,4.24,0.06707,0.00000
stec8|E205B,206600,5.28,0.06707,0.00000
stec8|E205B,206600,6.28,0.06707,0.00000
stec8|E205B,206600,7.31,0.06707,0.00000
stec8|E205B,206600,8.32,0.06303,0.00000
stec8|E205B,206600,9.32,0.05457,0.00000
stec8|E205B,206600,10.32,0.05235,0.00000
stec8|E205B,206600,11.31,0.10158,0.00000
stec8|E205B,304300,-5.98,-0.11248,0.00000
stec8|E205B,304300,-4.95,-0.02389,0.00000
stec8|E205B,304300,-3.95,-0.01557,0.00000
stec8|E205B,304300,-2.92,0.02450,0.00000
stec8|E205B,304300,-1.9,0.05179,0.00000
stec8|E205B,304300,-0.86,0.06402,0.00000
stec8|E205B,304300,0.16,0.07209,0.00000
stec8|E205B,304300,1.19,0.07499,0.00000
stec8|E205B,304300,2.2,0.09293,0.00000
stec8|E205B,304300,3.24,0.09870,0.00000
stec8|E205B,304300,4.24,0.10186,0.00000
stec8|E205B,304300,5.28,0.10186,0.00000
stec8|E205B,304300,6.28,0.10186,0.00000
stec8|E205B,304300,7.3,0.10186,0.00000
stec8|E205B,304300,8.31,0.09782,0.00000
stec8|E205B,304300,9.33,0.08929,0.00000
stec8|E205B,304300,10.32,0.07176,0.00000
stec8|E205B,304300,11.31,0.07796,0.00000
stec8|E214A,101600,-7.0,-0.36714,0.00000
stec8|E214A,101600,-5.99,-0.45125,0.00000
stec8|E214A,101600,-4.97,-0.33850,0.00000
stec8|E214A,101600,-3.95,-0.15071,0.00000
stec8|E214A,101600,-2.91,-0.11091,0.00000
stec8|E214A,101600,-1.88,-0.00563,0.00000
stec8|E214A,101600,-0.86,0.01521,0.00000
stec8|E214A,101600,0.17,0.02174,0.00000
stec8|E214A,101600,1.2,0.05001,0.00000
stec8|E214A,101600,2.23,0.05438,0.00000
stec8|E214A,101600,3.25,0.05438,0.00000
stec8|E214A,101600,4.26,0.05438,0.00000
stec8|E214A,101600,5.28,0.05438,0.00000
stec8|E214A,101600,6.3,0.04890,0.00000
stec8|E214A,101600,7.33,0.04890,0.00000
stec8|E214A,101600,8.34,0.04373,0.00000
stec8|E214A,101600,9.35,0.03243,0.00000
stec8|E214A,101600,10.35,0.01165,0.00000
stec8|E214A,101600,11.37,0.03508,0.00000
stec8|E214A,146700,-4.95,-0.16325,0.00000
stec8|E214A,146700,-3.39,-0.06688,0.00000
stec8|E214A,146700,-1.86,0.00871,0.00000
stec8|E214A,146700,-0.34,0.02174,0.00000
stec8|E214A,146700,1.2,0.05156,0.00000
stec8|E214A,146700,2.75,0.05438,0.00000
stec8|E214A,146700,4.27,0.05438,0.00000
stec8|E214A,146700,5.79,0.05110,0.00000
stec8|E214A,146700,7.33,0.04890,0.00000
stec8|E214A,146700,8.86,0.03243,0.00000
stec8|E214A,146700,10.37,0.02095,0.00000
stec8|E214A,146700,11.86,0.02312,0.00000
stec8|E214A,201800,-7.0,-0.43399,0.00000
stec8|E214A,201800,-6.02,-0.23607,0.00000
stec8|E214A,201800,-4.99,-0.09915,0.00000
stec8|E214A,201800,-3.94,-0.03210,0.00000
stec8|E214A,201800,-2.88,0.01178,0.00000
stec8|E214A,201800,-1.89,0.04175,0.00000
stec8|E214A,201800,-0.84,0.04798,0.00000
stec8|E214A,201800,0.16,0.07264,0.00000
stec8|E214A,201800,1.16,0.07700,0.00000
stec8|E214A,201800,2.13,0.07700,0.00000
stec8|E214A,201800,3.24,0.07700,0.00000
stec8|E214A,201800,4.23,0.07700,0.00000
stec8|E214A,201800,5.29,0.07700,0.00000
stec8|E214A,201800,6.3,0.07153,0.00000
stec8|E214A,201800,7.3,0.07153,0.00000
stec8|E214A,201800,8.34,0.05840,0.00000
stec8|E214A,201800,9.36,0.04796,0.00000
stec8|E214A,201800,10.36,0.04358,0.00000
stec8|E214A,201800,11.37,0.05359,0.00000
stec8|E214A,299000,-4.93,-0.01526,0.00000
stec8|E214A,299000,-3.9,0.04597,0.00000
stec8|E214A,299000,-2.89,0.07381,0.00000
stec8|E214A,299000,-1.86,0.10413,0.00000
stec8|E214A,299000,-0.84,0.13239,0.00000
stec8|E214A,299000,0.19,0.13239,0.00000
stec8|E214A,299000,1.19,0.14162,0.00000
stec8|E214A,299000,2.23,0.14162,0.00000
stec8|E214A,299000,3.25,0.14162,0.00000
stec8|E214A,299000,4.26,0.14162,0.00000
stec8|E214A,299000,5.28,0.13349,0.00000
stec8|E214A,299000,6.3,0.12801,0.00000
stec8|E214A,299000,7.28,0.12801,0.00000
stec8|E214A,299000,8.31,0.11485,0.00000
stec8|E214A,299000,9.32,0.10775,0.00000
stec8|E214B,59800,-5.98,-0.41154,0.00000
stec8|E214B,59800,-4.97,-0.39109,0.00000
stec8|E214B,59800,-3.94,-0.20802,0.00000
stec8|E214B,59800,-2.9,-0.18999,0.00000
stec8|E214B,59800,-1.87,-0.16460,0.00000
stec8|E214B,59800,-0.86,-0.12511,0.00000
stec8|E214B,59800,0.16,-0.05960,0.00000
stec8|E214B,59800,1.19,-0.03278,0.00000
stec8|E214B,59800,2.22,-0.02010,0.00000
stec8|E214B,59800,3.23,-0.00213,0.00000
stec8|E214B,59800,4.27,0.00195,0.00000
stec8|E214B,59800,5.3,0.00195,0.00000
stec8|E214B,59800,6.33,-0.00234,0.00000
stec8|E214B,59800,7.35,0.00007,0.00000
stec8|E214B,59800,8.37,0.00007,0.00000
stec8|E214B,59800,9.38,-0.00498,0.00000
stec8|E214B,59800,10.39,-0.04854,0.00000
stec8|E214B,59800,11.38,-0.09563,0.00000
stec8|E214B,99300,-5.97,-0.40506,0.00000
stec8|E214B,99300,-4.95,-0.33446,0.00000
stec8|E214B,99300,-3.93,-0.14958,0.00000
stec8|E214B,99300,-2.89,-0.10300,0.00000
stec8|E214B,99300,-1.86,-0.02799,0.00000
stec8|E214B,99300,-0.84,0.00220,0.00000
stec8|E214B,99300,0.19,0.00850,0.00000
stec8|E214B,99300,1.22,0.03151,0.00000
stec8|E214B,99300,2.25,0.04649,0.00000
stec8|E214B,99300,3.28,0.04649,0.00000
stec8|E214B,99300,4.3,0.04649,0.00000
stec8|E214B,99300,5.32,0.04649,0.00000
stec8|E214B,99300,6.33,0.04460,0.00000
stec8|E214B,99300,7.35,0.04460,0.00000
stec8|E214B,99300,8.37,0.04460,0.00000
stec8|E214B,99300,9.38,0.02707,0.00000
stec8|E214B,99300,10.39,0.00540,0.00000
stec8|E214B,99300,11.39,0.04673,0.00000
stec8|E214B,202600,-5.96,-0.18098,0.00000
stec8|E214B,202600,-5.01,-0.10005,0.00000
stec8|E214B,202600,-3.9,-0.04623,0.00000
stec8|E214B,202600,-2.88,-0.00300,0.00000
stec8|E214B,202600,-1.86,0.03197,0.00000
stec8|E214B,202600,-0.84,0.04017,0.00000
stec8|E214B,202600,0.19,0.06028,0.00000
stec8|E214B,202600,1.2,0.07484,0.00000
stec8|E214B,202600,2.24,0.07484,0.00000
stec8|E214B,202600,3.26,0.07484,0.00000
stec8|E214B,202600,4.27,0.07484,0.00000
stec8|E214B,202600,5.29,0.07484,0.00000
stec8|E214B,202600,6.32,0.07295,0.00000
stec8|E214B,202600,7.34,0.07295,0.00000
stec8|E214B,202600,8.35,0.07006,0.00000
stec8|E214B,202600,9.36,0.04490,0.00000
stec8|E214B,202600,10.36,0.03699,0.00000
stec8|E214B,202600,11.37,0.11556,0.00000
stec8|E214B,301800,-5.94,-0.07184,0.00000
stec8|E214B,301800,-4.89,-0.01157,0.00000
stec8|E214B,301800,-3.87,0.01612,0.00000
stec8|E214B,301800,-2.85,0.04016,0.00000
stec8|E214B,301800,-1.82,0.07199,0.00000
stec8|E214B,301800,-0.8,0.08793,0.00000
stec8|E214B,301800,0.21,0.10114,0.00000
stec8|E214B,301800,1.23,0.10997,0.00000
stec8|E214B,301800,2.24,0.10997,0.00000
stec8|E214C F0,59700,-3.92,-0.20009,0.00000
stec8|E214C F0,59700,-2.91,-0.18274,0.00000
stec8|E214C F0,59700,-1.89,-0.18022,0.00000
stec8|E214C F0,59700,-0.87,-0.13846,0.00000
stec8|E214C F0,59700,0.16,-0.06841,0.00000
stec8|E214C F0,59700,1.19,-0.03025,0.00000
stec8|E214C F0,59700,2.2,-0.01051,0.00000
stec8|E214C F0,59700,3.23,-0.00171,0.00000
stec8|E214C F0,59700,4.27,-0.00808,0.00000
stec8|E214C F0,59700,5.29,-0.01688,0.00000
stec8|E214C F0,59700,6.3,-0.00034,0.00000
stec8|E214C F0,59700,7.33,0.00293,0.00000
stec8|E214C F0,59700,8.35,0.00293,0.00000
stec8|E214C F0,59700,9.36,0.00265,0.00000
stec8|E214C F0,59700,10.36,-0.06708,0.00000
stec8|E214C F0,59700,11.37,-0.11238,0.00000
stec8|E214C F0,100600,-3.93,-0.16761,0.00000
stec8|E214C F0,100600,-2.89,-0.11614,0.00000
stec8|E214C F0,100600,-1.86,-0.03326,0.00000
stec8|E214C F0,100600,-0.84,0.00852,0.00000
stec8|E214C F0,100600,0.18,0.01808,0.00000
stec8|E214C F0,100600,1.22,0.04108,0.00000
stec8|E214C F0,100600,2.23,0.05001,0.00000
stec8|E214C F0,100600,3.24,0.05001,0.00000
stec8|E214C F0,100600,4.28,0.05001,0.00000
stec8|E214C F0,100600,5.3,0.05001,0.00000
stec8|E214C F0,100600,6.31,0.04953,0.00000
stec8|E214C F0,100600,7.34,0.04953,0.00000
stec8|E214C F0,100600,8.35,0.04953,0.00000
stec8|E214C F0,100600,9.36,0.04549,0.00000
stec8|E214C F0,100600,10.38,0.02196,0.00000
stec8|E214C F0,100600,11.37,0.02206,0.00000
stec8|E214C F0,151300,-4.95,-0.13755,0.00000
stec8|E214C F0,151300,-3.92,-0.12772,0.00000
stec8|E214C F0,151300,-2.9,-0.04268,0.00000
stec8|E214C F0,151300,-1.88,0.00096,0.00000
stec8|E214C F0,151300,-0.85,0.02689,0.00000
stec8|E214C F0,151300,0.19,0.04561,0.00000
stec8|E214C F0,151300,1.21,0.05567,0.00000
stec8|E214C F0,151300,2.23,0.05882,0.00000
stec8|E214C F0,151300,3.26,0.05882,0.00000
stec8|E214C F0,151300,4.28,0.05882,0.00000
stec8|E214C F0,151300,5.31,0.05882,0.00000
stec8|E214C F0,151300,6.32,0.05834,0.00000
stec8|E214C F0,151300,7.33,0.05834,0.00000
stec8|E214C F0,151300,8.36,0.05399,0.00000
stec8|E214C F0,151300,9.36,0.05304,0.00000
stec8|E214C F0,151300,10.37,0.02755,0.00000
stec8|E214C F0,201700,-4.99,-0.08027,0.00000
stec8|E214C F0,201700,-4.01,-0.04488,0.00000
stec8|E214C F0,201700,-2.97,0.00097,0.00000
stec8|E214C F0,201700,-1.91,0.02944,0.00000
stec8|E214C F0,201700,-0.91,0.03900,0.00000
stec8|E214C F0,201700,0.12,0.06332,0.00000
stec8|E214C F0,201700,1.17,0.07093,0.00000
stec8|E214C F0,201700,2.17,0.07093,0.00000
stec8|E214C F0,201700,3.21,0.07093,0.00000
stec8|E214C F0,201700,4.26,0.07093,0.00000
stec8|E214C F0,201700,5.28,0.07093,0.00000
stec8|E214C F0,201700,6.3,0.07045,0.00000
stec8|E214C F0,201700,7.32,0.07045,0.00000
stec8|E214C F0,201700,8.35,0.06641,0.00000
stec8|E214C F0,201700,9.36,0.06038,0.00000
stec8|E214C F0,201700,10.37,0.04171,0.00000
stec8|E214C F0,302800,-4.93,-0.02439,0.00000
stec8|E214C F0,302800,-3.89,0.01227,0.00000
stec8|E214C F0,302800,-2.86,0.04383,0.00000
stec8|E214C F0,302800,-1.84,0.07379,0.00000
stec8|E214C F0,302800,-0.82,0.09251,0.00000
stec8|E214C F0,302800,0.21,0.09965,0.00000
stec8|E214C F0,302800,1.23,0.10572,0.00000
stec8|E214C F0,302800,2.24,0.10572,0.00000
stec8|E214C F0,302800,3.27,0.10572,0.00000
stec8|E214C F0,302800,4.27,0.10572,0.00000
stec8|E214C F0,302800,5.28,0.10572,0.00000
stec8|E214C F0,302800,6.31,0.10524,0.00000
stec8|E214C F0,302800,7.3,0.10201,0.00000
stec8|E214C F0,302800,8.27,0.10120,0.00000
stec8|E214C F0,302800,9.27,0.09319,0.00000
stec8|E374A,58900,-6.0,-0.29077,0.00000
stec8|E374A,58900,-4.97,-0.28298,0.00000
stec8|E374A,58900,-3.94,-0.25085,0.00000
stec8|E374A,58900,-2.95,-0.20693,0.00000
stec8|E374A,58900,-1.92,-0.13798,0.00000
stec8|E374A,58900,-0.89,-0.11813,0.00000
stec8|E374A,58900,0.13,-0.05699,0.00000
stec8|E374A,58900,1.16,-0.03404,0.00000
stec8|E374A,58900,2.17,-0.02375,0.00000
stec8|E374A,58900,3.2,-0.01834,0.00000
stec8|E374A,58900,4.24,0.00139,0.00000
stec8|E374A,58900,5.25,0.02273,0.00000
stec8|E374A,58900,6.28,0.00695,0.00000
stec8|E374A,58900,7.29,0.00696,0.00000
stec8|E374A,58900,8.31,-0.02929,0.00000
stec8|E374A,58900,9.3,-0.08039,0.00000
stec8|E374A,58900,10.31,-0.10826,0.00000
stec8|E374A,58900,11.31,-0.08995,0.00000
stec8|E374A,97800,-5.99,-0.31334,0.00000
stec8|E374A,97800,-4.98,-0.25662,0.00000
stec8|E374A,97800,-3.94,-0.17031,0.00000
stec8|E374A,97800,-2.94,-0.09139,0.00000
stec8|E374A,97800,-1.9,-0.02921,0.00000
stec8|E374A,97800,-0.86,-0.02555,0.00000
stec8|E374A,97800,0.17,-0.01783,0.00000
stec8|E374A,97800,1.18,-0.00932,0.00000
stec8|E374A,97800,2.19,0.00020,0.00000
stec8|E374A,97800,3.21,0.01610,0.00000
stec8|E374A,97800,4.24,0.01854,0.00000
stec8|E374A,97800,5.25,0.01639,0.00000
stec8|E374A,97800,6.27,0.01639,0.00000
stec8|E374A,97800,7.3,0.01300,0.00000
stec8|E374A,97800,8.31,-0.02153,0.00000
stec8|E374A,97800,9.31,-0.01851,0.00000
stec8|E374A,151800,-6.01,-0.27147,0.00000
stec8|E374A,151800,-4.97,-0.15733,0.00000
stec8|E374A,151800,-3.94,-0.07275,0.00000
stec8|E374A,151800,-2.92,-0.03604,0.00000
stec8|E374A,151800,-1.92,0.00568,0.00000
stec8|E374A,151800,-0.88,0.01491,0.00000
stec8|E374A,151800,0.14,0.02263,0.00000
stec8|E374A,151800,1.16,0.03513,0.00000
stec8|E374A,151800,2.2,0.04988,0.00000
stec8|E374A,151800,3.2,0.05907,0.00000
stec8|E374A,151800,4.22,0.06151,0.00000
stec8|E374A,151800,5.26,0.05936,0.00000
stec8|E374A,151800,6.28,0.05936,0.00000
stec8|E374A,151800,7.28,0.04936,0.00000
stec8|E374A,151800,8.29,0.03517,0.00000
stec8|E374A,151800,9.31,0.04473,0.00000
stec8|E374A,151800,10.3,0.03327,0.00000
stec8|E374A,151800,11.31,0.09190,0.00000
stec8|E374A,201300,-6.0,-0.23122,0.00000
stec8|E374A,201300,-4.96,-0.09297,0.00000
stec8|E374A,201300,-3.93,-0.05549,0.00000
stec8|E374A,201300,-2.92,-0.02452,0.00000
stec8|E374A,201300,-1.9,0.00566,0.00000
stec8|E374A,201300,-0.9,0.03022,0.00000
stec8|E374A,201300,0.16,0.03794,0.00000
stec8|E374A,201300,1.18,0.04645,0.00000
stec8|E374A,201300,2.19,0.06244,0.00000
stec8|E374A,201300,3.22,0.07537,0.00000
stec8|E374A,201300,4.23,0.07682,0.00000
stec8|E374A,201300,5.25,0.07467,0.00000
stec8|E374A,201300,6.27,0.07467,0.00000
stec8|E374A,201300,7.29,0.05304,0.00000
stec8|E374A,201300,8.29,0.05048,0.00000
stec8|E374A,201300,9.29,0.06017,0.00000
stec8|E374A,201300,10.3,0.06004,0.00000
stec8|E374A,201300,11.31,0.10933,0.00000
stec8|E374A,300400,-6.01,-0.11015,0.00000
stec8|E374A,300400,-4.98,-0.00741,0.00000
stec8|E374A,300400,-3.99,-0.00868,0.00000
stec8|E374A,300400,-2.95,0.02114,0.00000
stec8|E374A,300400,-2.0,0.03762,0.00000
stec8|E374A,300400,-0.94,0.06841,0.00000
stec8|E374A,300400,0.1,0.07979,0.00000
stec8|E374A,300400,1.14,0.08255,0.00000
stec8|E374A,300400,2.17,0.09782,0.00000
stec8|E374A,300400,3.2,0.11623,0.00000
stec8|E374A,300400,4.24,0.11867,0.00000
stec8|E374A,300400,5.26,0.11652,0.00000
stec8|E374A,300400,6.27,0.11652,0.00000
stec8|E374A,300400,7.28,0.09484,0.00000
stec8|E374B,59200,-6.0,-0.26739,0.00000
stec8|E374B,59200,-4.98,-0.26759,0.00000
stec8|E374B,59200,-3.96,-0.21370,0.00000
stec8|E374B,59200,-2.94,-0.18758,0.00000
stec8|E374B,59200,-1.92,-0.13593,0.00000
stec8|E374B,59200,-0.9,-0.10816,0.00000
stec8|E374B,59200,0.13,-0.06495,0.00000
stec8|E374B,59200,1.15,-0.02987,0.00000
stec8|E374B,59200,2.18,-0.02076,0.00000
stec8|E374B,59200,3.19,-0.01807,0.00000
stec8|E374B,59200,4.21,-0.01209,0.00000
stec8|E374B,59200,5.25,0.01451,0.00000
stec8|E374B,59200,6.27,0.01060,0.00000
stec8|E374B,59200,7.29,0.01220,0.00000
stec8|E374B,59200,8.3,-0.02630,0.00000
stec8|E374B,59200,9.3,-0.06794,0.00000
stec8|E374B,59200,10.3,-0.10066,0.00000
stec8|E374B,97300,-5.98,-0.31293,0.00000
stec8|E374B,97300,-4.98,-0.24965,0.00000
stec8|E374B,97300,-3.95,-0.16750,0.00000
stec8|E374B,97300,-2.93,-0.09715,0.00000
stec8|E374B,97300,-1.89,-0.04927,0.00000
stec8|E374B,97300,-0.87,-0.02930,0.00000
stec8|E374B,97300,0.14,-0.02486,0.00000
stec8|E374B,97300,1.17,-0.02486,0.00000
stec8|E374B,97300,2.18,-0.02257,0.00000
stec8|E374B,97300,3.21,-0.00027,0.00000
stec8|E374B,97300,4.23,0.00381,0.00000
stec8|E374B,97300,5.24,0.00381,0.00000
stec8|E374B,97300,6.27,0.00381,0.00000
stec8|E374B,97300,7.3,-0.00377,0.00000
stec8|E374B,97300,8.3,-0.05690,0.00000
stec8|E374B,97300,9.3,-0.06147,0.00000
stec8|E374B,97300,10.32,-0.06482,0.00000
stec8|E374B,151000,-4.98,-0.14947,0.00000
stec8|E374B,151000,-3.93,-0.09021,0.00000
stec8|E374B,151000,-2.91,-0.03943,0.00000
stec8|E374B,151000,-1.9,0.00887,0.00000
stec8|E374B,151000,-0.87,0.02800,0.00000
stec8|E374B,151000,0.16,0.02942,0.00000
stec8|E374B,151000,1.17,0.03767,0.00000
stec8|E374B,151000,2.2,0.04948,0.00000
stec8|E374B,151000,3.21,0.06404,0.00000
stec8|E374B,151000,4.24,0.06404,0.00000
stec8|E374B,151000,5.26,0.06404,0.00000
stec8|E374B,151000,6.27,0.06404,0.00000
stec8|E374B,151000,7.29,0.05402,0.00000
stec8|E374B,151000,8.3,0.03174,0.00000
stec8|E374B,151000,9.31,0.03667,0.00000
stec8|E374B,151000,10.31,0.03507,0.00000
stec8|E374B,151000,11.31,0.12867,0.00000
stec8|E374B,201600,-6.0,-0.19774,0.00000
stec8|E374B,201600,-4.97,-0.10312,0.00000
stec8|E374B,201600,-3.94,-0.06814,0.00000
stec8|E374B,201600,-2.94,-0.01433,0.00000
stec8|E374B,201600,-1.9,0.02473,0.00000
stec8|E374B,201600,-0.88,0.04745,0.00000
stec8|E374B,201600,0.15,0.04886,0.00000
stec8|E374B,201600,1.17,0.05219,0.00000
stec8|E374B,201600,2.19,0.06418,0.00000
stec8|E374B,201600,3.21,0.08349,0.00000
stec8|E374B,201600,4.24,0.08349,0.00000
stec8|E374B,201600,5.25,0.08349,0.00000
stec8|E374B,201600,6.28,0.08349,0.00000
stec8|E374B,201600,7.28,0.06520,0.00000
stec8|E374B,201600,8.3,0.05516,0.00000
stec8|E374B,201600,9.3,0.06009,0.00000
stec8|E374B,201600,10.3,0.05850,0.00000
stec8|E374B,201600,11.31,0.16064,0.00000
stec8|E374B,308600,-5.98,-0.10781,0.00000
stec8|E374B,308600,-4.96,-0.02393,0.00000
stec8|E374B,308600,-3.94,-0.00515,0.00000
stec8|E374B,308600,-2.93,0.02578,0.00000
stec8|E374B,308600,-1.91,0.05422,0.00000
stec8|E374B,308600,-0.88,0.06966,0.00000
stec8|E374B,308600,0.14,0.07932,0.00000
stec8|E374B,308600,1.17,0.08074,0.00000
stec8|E374B,308600,2.19,0.09266,0.00000
stec8|E374B,308600,3.21,0.11128,0.00000
stec8|E374B,308600,4.23,0.11536,0.00000
stec8|E374B,308600,5.26,0.11536,0.00000
stec8|E374B,308600,6.27,0.11536,0.00000
stec8|E374B,308600,7.28,0.08703,0.00000
stec8|E374B,308600,8.29,0.08703,0.00000
stec8|E374B,308600,9.3,0.09236,0.00000
stec8|E374B,308600,10.3,0.09236,0.00000
stec8|E374B,308600,11.31,0.19166,0.00000
stec8|E387A,59700,-3.95,-0.41183,0.00000
stec8|E387A,59700,-2.95,-0.24520,0.00000
stec8|E387A,59700,-1.91,-0.14124,0.00000
stec8|E387A,59700,-0.89,-0.02998,0.00000
stec8|E387A,59700,0.14,-0.01881,0.00000
stec8|E387A,59700,1.17,-0.01119,0.00000
stec8|E387A,59700,2.2,-0.00433,0.00000
stec8|E387A,59700,3.23,0.01174,0.00000
stec8|E387A,59700,4.25,0.00618,0.00000
stec8|E387A,59700,5.27,-0.00021,0.00000
stec8|E387A,59700,6.28,0.00285,0.00000
stec8|E387A,59700,7.31,0.01619,0.00000
stec8|E387A,59700,8.32,0.01025,0.00000
stec8|E387A,59700,9.35,-0.09226,0.00000
stec8|E387A,59700,10.34,-0.13303,0.00000
stec8|E387A,59700,11.34,-0.17861,0.00000
stec8|E387A,99800,-3.95,-0.15739,0.00000
stec8|E387A,99800,-2.93,-0.03491,0.00000
stec8|E387A,99800,-1.89,-0.00441,0.00000
stec8|E387A,99800,-0.87,0.03354,0.00000
stec8|E387A,99800,0.16,0.03578,0.00000
stec8|E387A,99800,1.18,0.04477,0.00000
stec8|E387A,99800,2.2,0.06304,0.00000
stec8|E387A,99800,3.22,0.06304,0.00000
stec8|E387A,99800,4.24,0.06093,0.00000
stec8|E387A,99800,5.26,0.05611,0.00000
stec8|E387A,99800,6.28,0.05611,0.00000
stec8|E387A,99800,7.31,0.06304,0.00000
stec8|E387A,99800,8.33,0.04377,0.00000
stec8|E387A,99800,9.33,0.01636,0.00000
stec8|E387A,99800,10.34,-0.04012,0.00000
stec8|E387A,99800,11.35,-0.03079,0.00000
stec8|E387A,149600,-1.89,0.01440,0.00000
stec8|E387A,149600,0.16,0.03578,0.00000
stec8|E387A,149600,2.2,0.06304,0.00000
stec8|E387A,149600,3.23,0.06304,0.00000
stec8|E387A,149600,4.24,0.06304,0.00000
stec8|E387A,149600,6.29,0.06304,0.00000
stec8|E387A,149600,7.31,0.06304,0.00000
stec8|E387A,149600,8.33,0.03134,0.00000
stec8|E387A,149600,9.35,0.01169,0.00000
stec8|E387A,199800,-3.95,-0.09689,0.00000
stec8|E387A,199800,-2.93,-0.00802,0.00000
stec8|E387A,199800,-1.88,0.03192,0.00000
stec8|E387A,199800,-0.87,0.05200,0.00000
stec8|E387A,199800,0.15,0.05424,0.00000
stec8|E387A,199800,1.18,0.06323,0.00000
stec8|E387A,199800,2.2,0.08056,0.00000
stec8|E387A,199800,3.22,0.08056,0.00000
stec8|E387A,199800,4.24,0.08056,0.00000
stec8|E387A,199800,5.26,0.08056,0.00000
stec8|E387A,199800,6.29,0.08056,0.00000
stec8|E387A,199800,7.31,0.08056,0.00000
stec8|E387A,199800,8.32,0.03642,0.00000
stec8|E387A,199800,9.34,0.03448,0.00000
stec8|E387A,199800,10.34,0.03160,0.00000
stec8|E387A,199800,11.34,-0.03903,0.00000
stec8|E387A,303100,-3.91,-0.00026,0.00000
stec8|E387A,303100,-2.92,0.04042,0.00000
stec8|E387A,303100,-1.89,0.05975,0.00000
stec8|E387A,303100,-0.9,0.08241,0.00000
stec8|E387A,303100,0.14,0.08466,0.00000
stec8|E387A,303100,1.18,0.09365,0.00000
stec8|E387A,303100,2.21,0.11191,0.00000
stec8|E387A,303100,3.23,0.11785,0.00000
stec8|E387A,303100,4.25,0.11785,0.00000
stec8|E387A,303100,5.27,0.11785,0.00000
stec8|E387A,303100,6.29,0.11097,0.00000
stec8|E387A,303100,7.31,0.10327,0.00000
stec8|E387A,303100,8.32,0.07068,0.00000
stec8|E387A,303100,9.34,0.01114,0.00000
stec8|E387A,303100,10.33,0.00681,0.00000
stec8|E387A,303100,11.34,0.00378,0.00000
stec8|E387B,97000,-3.91,-0.16507,0.00000
stec8|E387B,97000,-2.9,-0.04713,0.00000
stec8|E387B,97000,-1.86,-0.02161,0.00000
stec8|E387B,97000,-0.85,0.01634,0.00000
stec8|E387B,97000,0.18,0.01634,0.00000
stec8|E387B,97000,1.2,0.02533,0.00000
stec8|E387B,97000,2.22,0.04360,0.00000
stec8|E387B,97000,3.24,0.04360,0.00000
stec8|E387B,97000,4.25,0.03667,0.00000
stec8|E387B,97000,5.28,0.03667,0.00000
stec8|E387B,97000,6.3,0.03667,0.00000
stec8|E387B,97000,7.32,0.03667,0.00000
stec8|E387B,97000,8.34,0.01302,0.00000
stec8|E387B,97000,9.35,-0.02533,0.00000
stec8|E387B,202600,-3.92,-0.05752,0.00000
stec8|E387B,202600,-2.91,0.00125,0.00000
stec8|E387B,202600,-1.88,0.03192,0.00000
stec8|E387B,202600,-0.85,0.05200,0.00000
stec8|E387B,202600,0.17,0.05424,0.00000
stec8|E387B,202600,1.19,0.06323,0.00000
stec8|E387B,202600,2.21,0.08056,0.00000
stec8|E387B,202600,3.24,0.08056,0.00000
stec8|E387B,202600,4.25,0.08056,0.00000
stec8|E387B,202600,5.26,0.08056,0.00000
stec8|E387B,202600,6.29,0.08056,0.00000
stec8|E387B,202600,7.3,0.08056,0.00000
stec8|E387B,202600,8.32,0.03642,0.00000
stec8|E387B,202600,9.33,0.03667,0.00000
stec8|E387B,202600,10.32,0.03160,0.00000
stec8|E387B,202600,11.32,-0.03903,0.00000
stec8|FX60-100,59600,-3.94,-0.22186,0.00000
stec8|FX60-100,59600,-2.42,-0.14594,0.00000
stec8|FX60-100,59600,-0.9,-0.11512,0.00000
stec8|FX60-100,59600,0.65,-0.11251,0.00000
stec8|FX60-100,59600,2.18,-0.02025,0.00000
stec8|FX60-100,59600,3.73,0.01983,0.00000
stec8|FX60-100,59600,5.24,0.02416,0.00000
stec8|FX60-100,59600,6.78,0.01683,0.00000
stec8|FX60-100,59600,8.31,-0.01324,0.00000
stec8|FX60-100,59600,9.83,-0.09667,0.00000
stec8|FX60-100,59600,11.34,-0.09760,0.00000
stec8|FX60-100,99400,-4.98,-0.25466,0.00000
stec8|FX60-100,99400,-3.94,-0.18241,0.00000
stec8|FX60-100,99400,-2.91,-0.09394,0.00000
stec8|FX60-100,99400,-1.91,-0.05714,0.00000
stec8|FX60-100,99400,-0.89,-0.03658,0.00000
stec8|FX60-100,99400,0.16,0.00393,0.00000
stec8|FX60-100,99400,1.18,0.02672,0.00000
stec8|FX60-100,99400,2.21,0.06379,0.00000
stec8|FX60-100,99400,3.23,0.06379,0.00000
stec8|FX60-100,99400,4.24,0.06379,0.00000
stec8|FX60-100,99400,5.27,0.06379,0.00000
stec8|FX60-100,99400,6.28,0.06379,0.00000
stec8|FX60-100,99400,7.31,0.04453,0.00000
stec8|FX60-100,99400,8.32,0.02995,0.00000
stec8|FX60-100,99400,9.34,0.02217,0.00000
stec8|FX60-100,99400,10.35,-0.02411,0.00000
stec8|FX60-100,99400,11.36,-0.00780,0.00000
stec8|FX60-100,152300,-3.95,-0.15087,0.00000
stec8|FX60-100,152300,-2.93,-0.05396,0.00000
stec8|FX60-100,152300,-1.9,-0.02269,0.00000
stec8|FX60-100,152300,-0.87,0.00623,0.00000
stec8|FX60-100,152300,0.16,0.03125,0.00000
stec8|FX60-100,152300,1.17,0.06673,0.00000
stec8|FX60-100,152300,2.19,0.06833,0.00000
stec8|FX60-100,152300,3.23,0.06833,0.00000
stec8|FX60-100,152300,4.25,0.06833,0.00000
stec8|FX60-100,152300,5.26,0.06833,0.00000
stec8|FX60-100,152300,6.29,0.06663,0.00000
stec8|FX60-100,152300,7.31,0.05599,0.00000
stec8|FX60-100,152300,8.32,0.03424,0.00000
stec8|FX60-100,152300,9.33,0.02629,0.00000
stec8|FX60-100,152300,10.34,0.02468,0.00000
stec8|FX60-100,152300,11.35,0.02943,0.00000
stec8|FX60-100,203400,-5.0,-0.18265,0.00000
stec8|FX60-100,203400,-3.95,-0.13474,0.00000
stec8|FX60-100,203400,-2.92,-0.02638,0.00000
stec8|FX60-100,203400,-1.9,-0.00454,0.00000
stec8|FX60-100,203400,-0.89,0.03032,0.00000
stec8|FX60-100,203400,0.16,0.04810,0.00000
stec8|FX60-100,203400,1.17,0.08131,0.00000
stec8|FX60-100,203400,2.21,0.08820,0.00000
stec8|FX60-100,203400,3.21,0.08820,0.00000
stec8|FX60-100,203400,4.23,0.08131,0.00000
stec8|FX60-100,203400,5.26,0.08131,0.00000
stec8|FX60-100,203400,6.28,0.07801,0.00000
stec8|FX60-100,203400,7.3,0.06208,0.00000
stec8|FX60-100,203400,8.31,0.04511,0.00000
stec8|FX60-100,203400,9.33,0.04420,0.00000
stec8|FX60-100,203400,10.34,0.04582,0.00000
stec8|FX60-100,203400,11.36,0.09060,0.00000
stec8|FX60-100,298800,-2.92,0.03373,0.00000
stec8|FX60-100,298800,-1.88,0.06455,0.00000
stec8|FX60-100,298800,-0.86,0.08058,0.00000
stec8|FX60-100,298800,0.17,0.10839,0.00000
stec8|FX60-100,298800,1.18,0.12665,0.00000
stec8|FX60-100,298800,2.21,0.13259,0.00000
stec8|FX60-100,298800,3.21,0.13259,0.00000
stec8|FX60-100,298800,4.22,0.13259,0.00000
stec8|FX60-100,298800,5.26,0.12571,0.00000
stec8|FX60-100,298800,6.27,0.11590,0.00000
stec8|FX60-100,298800,7.28,0.10460,0.00000
stec8|FX63-137A,200100,-6.92,-0.04994,0.00000
stec8|FX63-137A,200100,-5.89,0.06186,0.00000
stec8|FX63-137A,200100,-4.88,0.07941,0.00000
stec8|FX63-137A,200100,-3.85,0.07455,0.00000
stec8|FX63-137A,200100,-2.83,0.07839,0.00000
stec8|FX63-137A,200100,-1.8,0.08383,0.00000
stec8|FX63-137A,200100,-0.79,0.08383,0.00000
stec8|FX63-137A,200100,0.24,0.08383,0.00000
stec8|FX63-137A,200100,1.27,0.08383,0.00000
stec8|FX63-137A,200100,2.3,0.08383,0.00000
stec8|FX63-137A,200100,3.32,0.07091,0.00000
stec8|FX63-137A,200100,4.33,0.07091,0.00000
stec8|FX63-137A,200100,5.36,0.07091,0.00000
stec8|FX63-137A,200100,6.38,0.07091,0.00000
stec8|FX63-137A,200100,7.39,0.07091,0.00000
stec8|FX63-137A,200100,8.41,0.05484,0.00000
stec8|FX63-137A,200100,9.42,0.01771,0.00000
stec8|FX63-137A,200100,10.43,-0.04093,0.00000
stec8|FX63-137A,200100,11.44,-0.01008,0.00000
stec8|FX63-137A,299500,-6.91,0.08935,0.00000
stec8|FX63-137A,299500,-5.89,0.12651,0.00000
stec8|FX63-137A,299500,-4.88,0.12222,0.00000
stec8|FX63-137A,299500,-3.85,0.12561,0.00000
stec8|FX63-137A,299500,-2.83,0.12882,0.00000
stec8|FX63-137A,299500,-1.79,0.12866,0.00000
stec8|FX63-137A,299500,-0.77,0.12866,0.00000
stec8|FX63-137A,299500,0.23,0.12866,0.00000
stec8|FX63-137A,299500,1.24,0.12866,0.00000
stec8|FX63-137A,299500,2.23,0.12866,0.00000
stec8|FX63-137A,299500,3.2,0.11574,0.00000
stec8|FX63-137A,299500,4.28,0.11574,0.00000
stec8|FX63-137A,299500,5.34,0.11574,0.00000
stec8|FX63-137A,299500,6.37,0.11574,0.00000
stec8|FX63-137A,299500,7.39,0.10432,0.00000
stec8|FX63-137A,299500,8.4,0.09011,0.00000
stec8|FX63-137A,299500,9.41,0.06254,0.00000
stec8|FX63-137A,299500,10.43,0.00390,0.00000
stec8|FX63-137A,299500,11.44,0.03172,0.00000
stec8|FX63-137B,100800,-3.87,0.04292,0.00000
stec8|FX63-137B,100800,-2.85,0.05805,0.00000
stec8|FX63-137B,100800,-1.82,0.07910,0.00000
stec8|FX63-137B,100800,-0.79,0.07639,0.00000
stec8|FX63-137B,100800,0.22,0.07639,0.00000
stec8|FX63-137B,100800,1.26,0.07639,0.00000
stec8|FX63-137B,100800,2.27,0.07639,0.00000
stec8|FX63-137B,100800,3.3,0.07639,0.00000
stec8|FX63-137B,100800,4.32,0.07276,0.00000
stec8|FX63-137B,100800,5.34,0.07276,0.00000
stec8|FX63-137B,100800,6.36,0.07276,0.00000
stec8|FX63-137B,100800,7.39,0.06429,0.00000
stec8|FX63-137B,100800,8.4,0.06215,0.00000
stec8|FX63-137B,100800,9.42,0.02378,0.00000
stec8|FX63-137B,100800,10.42,-0.00103,0.00000
stec8|FX63-137B,100800,11.44,-0.04987,0.00000
stec8|FX63-137B,155600,-6.93,-0.08224,0.00000
stec8|FX63-137B,155600,-5.9,-0.02057,0.00000
stec8|FX63-137B,155600,-4.89,0.05150,0.00000
stec8|FX63-137B,155600,-3.86,0.05124,0.00000
stec8|FX63-137B,155600,-2.83,0.08332,0.00000
stec8|FX63-137B,155600,-1.81,0.08346,0.00000
stec8|FX63-137B,155600,-0.79,0.08346,0.00000
stec8|FX63-137B,155600,0.25,0.08346,0.00000
stec8|FX63-137B,155600,1.26,0.08346,0.00000
stec8|FX63-137B,155600,2.29,0.08346,0.00000
stec8|FX63-137B,155600,3.3,0.07982,0.00000
stec8|FX63-137B,155600,4.32,0.07982,0.00000
stec8|FX63-137B,155600,5.35,0.07982,0.00000
stec8|FX63-137B,155600,6.36,0.07982,0.00000
stec8|FX63-137B,155600,7.38,0.06926,0.00000
stec8|FX63-137B,155600,8.4,0.04955,0.00000
stec8|FX63-137B,155600,9.42,0.03863,0.00000
stec8|FX63-137B,155600,10.42,0.00639,0.00000
stec8|FX63-137B,155600,11.43,-0.01579,0.00000
stec8|FX63-137B,200700,-5.9,0.04733,0.00000
stec8|FX63-137B,200700,-4.88,0.05928,0.00000
stec8|FX63-137B,200700,-3.86,0.05635,0.00000
stec8|FX63-137B,200700,-2.85,0.08903,0.00000
stec8|FX63-137B,200700,-1.79,0.08633,0.00000
stec8|FX63-137B,200700,-0.79,0.08633,0.00000
stec8|FX63-137B,200700,0.25,0.08633,0.00000
stec8|FX63-137B,200700,1.28,0.08633,0.00000
stec8|FX63-137B,200700,2.3,0.08633,0.00000
stec8|FX63-137B,200700,3.3,0.08270,0.00000
stec8|FX63-137B,200700,4.33,0.08270,0.00000
stec8|FX63-137B,200700,5.35,0.08270,0.00000
stec8|FX63-137B,200700,6.36,0.08270,0.00000
stec8|FX63-137B,200700,7.38,0.07423,0.00000
stec8|FX63-137B,200700,8.42,0.04726,0.00000
stec8|FX63-137B,200700,9.43,0.02578,0.00000
stec8|FX63-137B,200700,10.44,-0.03245,0.00000
stec8|FX63-137B,200700,11.44,-0.01085,0.00000
stec8|FX63-137B,308600,-6.94,0.02327,0.00000
stec8|FX63-137B,308600,-5.92,0.08442,0.00000
stec8|FX63-137B,308600,-4.89,0.09268,0.00000
stec8|FX63-137B,308600,-3.84,0.09776,0.00000
stec8|FX63-137B,308600,-2.83,0.11603,0.00000
stec8|FX63-137B,308600,-1.79,0.11275,0.00000
stec8|FX63-137B,308600,-0.79,0.11180,0.00000
stec8|FX63-137B,308600,0.24,0.11180,0.00000
stec8|FX63-137B,308600,1.28,0.11180,0.00000
stec8|FX63-137B,308600,2.28,0.11180,0.00000
stec8|FX63-137B,308600,3.31,0.10817,0.00000
stec8|FX63-137B,308600,4.33,0.10817,0.00000
stec8|FX63-137B,308600,5.36,0.10817,0.00000
stec8|FX63-137B,308600,6.37,0.10455,0.00000
stec8|FX63-137B,308600,7.39,0.07527,0.00000
stec8|FX63-137B,308600,8.42,0.07357,0.00000
stec8|FX63-137B,308600,9.42,0.05125,0.00000
stec8|FX63-137B,308600,10.43,-0.01520,0.00000
stec8|FX63-137B,308600,11.43,0.00340,0.00000
stec8|HQ2/9A,62000,-2.95,-0.19238,0.00000
stec8|HQ2/9A,62000,-1.94,-0.13470,0.00000
stec8|HQ2/9A,62000,-0.92,-0.13147,0.00000
stec8|HQ2/9A,62000,0.1,-0.10654,0.00000
stec8|HQ2/9A,62000,1.13,-0.11347,0.00000
stec8|HQ2/9A,62000,2.17,-0.09193,0.00000
stec8|HQ2/9A,62000,3.2,-0.04106,0.00000
stec8|HQ2/9A,62000,4.22,-0.00052,0.00000
stec8|HQ2/9A,62000,5.24,-0.00052,0.00000
stec8|HQ2/9A,62000,6.26,-0.00052,0.00000
stec8|HQ2/9A,62000,7.28,-0.05685,0.00000
stec8|HQ2/9A,62000,8.28,-0.11196,0.00000
stec8|HQ2/9A,62000,9.3,-0.18922,0.00000
stec8|HQ2/9A,98300,-3.96,-0.20670,0.00000
stec8|HQ2/9A,98300,-2.94,-0.14248,0.00000
stec8|HQ2/9A,98300,-1.92,-0.10920,0.00000
stec8|HQ2/9A,98300,-0.91,-0.09656,0.00000
stec8|HQ2/9A,98300,0.14,-0.06188,0.00000
stec8|HQ2/9A,98300,1.16,-0.02361,0.00000
stec8|HQ2/9A,98300,2.19,-0.00082,0.00000
stec8|HQ2/9A,98300,3.2,0.03625,0.00000
stec8|HQ2/9A,98300,4.23,0.03625,0.00000
stec8|HQ2/9A,98300,5.25,0.03625,0.00000
stec8|HQ2/9A,98300,6.26,0.03088,0.00000
stec8|HQ2/9A,98300,7.28,-0.01373,0.00000
stec8|HQ2/9A,98300,8.29,-0.02158,0.00000
stec8|HQ2/9A,98300,9.3,-0.09872,0.00000
stec8|HQ2/9A,98300,10.31,-0.16272,0.00000
stec8|HQ2/9A,98300,11.31,-0.18798,0.00000
stec8|HQ2/9A,149000,-3.96,-0.16935,0.00000
stec8|HQ2/9A,149000,-2.94,-0.12857,0.00000
stec8|HQ2/9A,149000,-1.92,-0.08848,0.00000
stec8|HQ2/9A,149000,-0.88,-0.03603,0.00000
stec8|HQ2/9A,149000,0.14,-0.00711,0.00000
stec8|HQ2/9A,149000,1.18,0.00892,0.00000
stec8|HQ2/9A,149000,2.2,0.03672,0.00000
stec8|HQ2/9A,149000,3.21,0.05499,0.00000
stec8|HQ2/9A,149000,4.23,0.05499,0.00000
stec8|HQ2/9A,149000,5.26,0.05499,0.00000
stec8|HQ2/9A,149000,6.27,0.04484,0.00000
stec8|HQ2/9A,149000,7.28,0.01990,0.00000
stec8|HQ2/9A,149000,8.3,0.01205,0.00000
stec8|HQ2/9A,149000,9.31,0.00720,0.00000
stec8|HQ2/9A,149000,10.32,-0.12556,0.00000
stec8|HQ2/9A,208700,-3.96,-0.14130,0.00000
stec8|HQ2/9A,208700,-2.93,-0.09580,0.00000
stec8|HQ2/9A,208700,-1.9,-0.01962,0.00000
stec8|HQ2/9A,208700,-0.88,0.01626,0.00000
stec8|HQ2/9A,208700,0.15,0.03244,0.00000
stec8|HQ2/9A,208700,1.17,0.05349,0.00000
stec8|HQ2/9A,208700,2.19,0.06249,0.00000
stec8|HQ2/9A,208700,3.21,0.08075,0.00000
stec8|HQ2/9A,208700,4.23,0.08669,0.00000
stec8|HQ2/9A,208700,5.25,0.07811,0.00000
stec8|HQ2/9A,208700,6.27,0.05930,0.00000
stec8|HQ2/9A,208700,7.3,0.05692,0.00000
stec8|HQ2/9A,208700,8.3,0.05429,0.00000
stec8|HQ2/9A,208700,9.32,0.05351,0.00000
stec8|HQ2/9A,208700,10.32,-0.02838,0.00000
stec8|HQ2/9A,208700,11.31,-0.08537,0.00000
stec8|HQ2/9A,303400,-3.96,-0.10791,0.00000
stec8|HQ2/9A,303400,-2.94,-0.05747,0.00000
stec8|HQ2/9A,303400,-1.91,0.03938,0.00000
stec8|HQ2/9A,303400,-0.88,0.05316,0.00000
stec8|HQ2/9A,303400,0.14,0.07437,0.00000
stec8|HQ2/9A,303400,1.18,0.07661,0.00000
stec8|HQ2/9A,303400,2.19,0.08560,0.00000
stec8|HQ2/9A,303400,3.21,0.10386,0.00000
stec8|HQ2/9A,303400,4.24,0.10980,0.00000
stec8|HQ2/9A,303400,5.25,0.09961,0.00000
stec8|HQ2/9A,303400,6.27,0.08162,0.00000
stec8|HQ2/9A,303400,7.28,0.08592,0.00000
stec8|HQ2/9A,303400,8.31,0.07899,0.00000
stec8|HQ2/9A,303400,9.31,0.08574,0.00000
stec8|HQ2/9A,303400,10.33,0.06404,0.00000
stec8|HQ2/9A,303400,11.32,0.03086,0.00000
stec8|HQ2/9B,60800,-2.94,-0.18089,0.00000
stec8|HQ2/9B,60800,-1.43,-0.14038,0.00000
stec8|HQ2/9B,60800,0.1,-0.13378,0.00000
stec8|HQ2/9B,60800,1.65,-0.10023,0.00000
stec8|HQ2/9B,60800,3.19,-0.02310,0.00000
stec8|HQ2/9B,60800,4.74,-0.00476,0.00000
stec8|HQ2/9B,60800,6.26,-0.00691,0.00000
stec8|HQ2/9B,60800,7.77,-0.07576,0.00000
stec8|HQ2/9B,60800,9.3,-0.17968,0.00000
stec8|HQ2/9B,60800,10.8,-0.16340,0.00000
stec8|HQ2/9B,100100,-2.94,-0.14473,0.00000
stec8|HQ2/9B,100100,-1.42,-0.12502,0.00000
stec8|HQ2/9B,100100,0.13,-0.03599,0.00000
stec8|HQ2/9B,100100,1.66,0.01071,0.00000
stec8|HQ2/9B,100100,3.2,0.05253,0.00000
stec8|HQ2/9B,100100,4.75,0.05496,0.00000
stec8|HQ2/9B,100100,6.26,0.04943,0.00000
stec8|HQ2/9B,100100,7.77,0.01688,0.00000
stec8|HQ2/9B,100100,9.31,-0.03510,0.00000
stec8|HQ2/9B,100100,10.79,-0.06886,0.00000
stec8|HQ2/9B,152000,-2.94,-0.13759,0.00000
stec8|HQ2/9B,152000,-1.39,-0.07663,0.00000
stec8|HQ2/9B,152000,0.12,0.00001,0.00000
stec8|HQ2/9B,152000,1.67,0.03267,0.00000
stec8|HQ2/9B,152000,3.2,0.05662,0.00000
stec8|HQ2/9B,152000,4.73,0.05905,0.00000
stec8|HQ2/9B,152000,6.26,0.04691,0.00000
stec8|HQ2/9B,152000,7.78,0.03412,0.00000
stec8|HQ2/9B,152000,9.29,0.01839,0.00000
stec8|HQ2/9B,152000,10.8,-0.06023,0.00000
stec8|HQ2/9B,202400,-3.97,-0.15354,0.00000
stec8|HQ2/9B,202400,-2.46,-0.06693,0.00000
stec8|HQ2/9B,202400,-0.9,0.01287,0.00000
stec8|HQ2/9B,202400,0.63,0.03549,0.00000
stec8|HQ2/9B,202400,2.18,0.05351,0.00000
stec8|HQ2/9B,202400,3.71,0.07436,0.00000
stec8|HQ2/9B,202400,5.25,0.07221,0.00000
stec8|HQ2/9B,202400,6.75,0.04943,0.00000
stec8|HQ2/9B,202400,8.29,0.04943,0.00000
stec8|HQ2/9B,202400,9.79,0.00156,0.00000
stec8|HQ2/9B,303500,-4.01,-0.11152,0.00000
stec8|HQ2/9B,303500,-2.49,0.00694,0.00000
stec8|HQ2/9B,303500,-0.95,0.05395,0.00000
stec8|HQ2/9B,303500,0.62,0.06167,0.00000
stec8|HQ2/9B,303500,2.15,0.07970,0.00000
stec8|HQ2/9B,303500,3.7,0.10055,0.00000
stec8|HQ2/9B,303500,5.22,0.09502,0.00000
stec8|HQ2/9B,303500,6.76,0.07812,0.00000
stec8|HQ2/9B,303500,8.3,0.07345,0.00000
stec8|HQ2/9B,303500,9.81,0.06299,0.00000
stec8|HQ2/9B,303500,11.31,0.09662,0.00000
stec8|J5012,56500,-6.04,-0.28278,0.00000
stec8|J5012,56500,-5.03,-0.22535,0.00000
stec8|J5012,56500,-4.01,-0.22618,0.00000
stec8|J5012,56500,-2.99,-0.20727,0.00000
stec8|J5012,56500,-1.97,-0.16530,0.00000
stec8|J5012,56500,-0.92,-0.16251,0.00000
stec8|J5012,56500,0.09,-0.14043,0.00000
stec8|J5012,56500,1.11,-0.09979,0.00000
stec8|J5012,56500,2.16,-0.04885,0.00000
stec8|J5012,56500,3.2,-0.01269,0.00000
stec8|J5012,56500,4.21,0.00136,0.00000
stec8|J5012,56500,5.24,-0.00040,0.00000
stec8|J5012,56500,6.25,-0.04440,0.00000
stec8|J5012,56500,7.26,-0.05344,0.00000
stec8|J5012,56500,8.27,-0.07716,0.00000
stec8|J5012,56500,9.27,-0.10748,0.00000
stec8|J5012,97800,-6.01,-0.21805,0.00000
stec8|J5012,97800,-5.0,-0.15676,0.00000
stec8|J5012,97800,-4.0,-0.15482,0.00000
stec8|J5012,97800,-2.97,-0.15427,0.00000
stec8|J5012,97800,-1.96,-0.13944,0.00000
stec8|J5012,97800,-0.93,-0.12292,0.00000
stec8|J5012,97800,0.09,-0.07638,0.00000
stec8|J5012,97800,1.14,-0.00769,0.00000
stec8|J5012,97800,2.17,0.00722,0.00000
stec8|J5012,97800,3.19,0.02270,0.00000
stec8|J5012,97800,4.19,0.02425,0.00000
stec8|J5012,97800,5.22,0.02707,0.00000
stec8|J5012,97800,6.22,-0.01407,0.00000
stec8|J5012,97800,7.24,-0.02191,0.00000
stec8|J5012,97800,8.26,-0.02629,0.00000
stec8|J5012,97800,9.26,-0.03819,0.00000
stec8|J5012,151300,-6.05,-0.20214,0.00000
stec8|J5012,151300,-5.02,-0.14399,0.00000
stec8|J5012,151300,-3.99,-0.14813,0.00000
stec8|J5012,151300,-2.98,-0.13674,0.00000
stec8|J5012,151300,-1.95,-0.12212,0.00000
stec8|J5012,151300,-0.93,-0.09495,0.00000
stec8|J5012,151300,0.1,-0.03992,0.00000
stec8|J5012,151300,1.12,0.01571,0.00000
stec8|J5012,151300,2.15,0.02411,0.00000
stec8|J5012,151300,3.17,0.04546,0.00000
stec8|J5012,151300,4.18,0.04701,0.00000
stec8|J5012,151300,5.2,0.04983,0.00000
stec8|J5012,151300,6.22,0.03892,0.00000
stec8|J5012,151300,7.24,0.03892,0.00000
stec8|J5012,151300,8.25,0.03561,0.00000
stec8|J5012,151300,9.27,0.03123,0.00000
stec8|J5012,151300,10.27,0.02364,0.00000
stec8|J5012,201900,-6.04,-0.18628,0.00000
stec8|J5012,201900,-5.01,-0.13420,0.00000
stec8|J5012,201900,-3.98,-0.13834,0.00000
stec8|J5012,201900,-2.97,-0.12240,0.00000
stec8|J5012,201900,-1.97,-0.08583,0.00000
stec8|J5012,201900,-0.93,-0.05687,0.00000
stec8|J5012,201900,0.09,-0.01315,0.00000
stec8|J5012,201900,1.11,0.03674,0.00000
stec8|J5012,201900,2.13,0.04378,0.00000
stec8|J5012,201900,3.16,0.06513,0.00000
stec8|J5012,201900,4.19,0.06513,0.00000
stec8|J5012,201900,5.21,0.06572,0.00000
stec8|J5012,201900,6.22,0.05858,0.00000
stec8|J5012,201900,7.23,0.05858,0.00000
stec8|J5012,201900,8.26,0.05686,0.00000
stec8|J5012,201900,9.26,0.05528,0.00000
stec8|J5012,201900,10.26,0.05090,0.00000
stec8|J5012,303100,-6.04,-0.17192,0.00000
stec8|J5012,303100,-5.01,-0.13101,0.00000
stec8|J5012,303100,-4.02,-0.12631,0.00000
stec8|J5012,303100,-2.97,-0.09888,0.00000
stec8|J5012,303100,-1.93,-0.04087,0.00000
stec8|J5012,303100,-0.92,-0.03018,0.00000
stec8|J5012,303100,0.09,0.00822,0.00000
stec8|J5012,303100,1.12,0.04296,0.00000
stec8|J5012,303100,2.13,0.06123,0.00000
stec8|J5012,303100,3.16,0.06272,0.00000
stec8|J5012,303100,4.18,0.08447,0.00000
stec8|J5012,303100,5.2,0.08221,0.00000
stec8|J5012,303100,6.22,0.07793,0.00000
stec8|J5012,303100,7.23,0.07793,0.00000
stec8|J5012,303100,8.25,0.07793,0.00000
stec8|J5012,303100,9.26,0.07793,0.00000
stec8|J5012,303100,10.28,0.08569,0.00000
stec8|MB253515,60100,-7.02,-0.32920,0.00000
stec8|MB253515,60100,-6.02,-0.28592,0.00000
stec8|MB253515,60100,-4.98,-0.22336,0.00000
stec8|MB253515,60100,-3.96,-0.22696,0.00000
stec8|MB253515,60100,-2.94,-0.18015,0.00000
stec8|MB253515,60100,-1.91,-0.03808,0.00000
stec8|MB253515,60100,-0.9,0.01513,0.00000
stec8|MB253515,60100,0.12,0.02958,0.00000
stec8|MB253515,60100,1.14,0.03197,0.00000
stec8|MB253515,60100,2.15,0.02597,0.00000
stec8|MB253515,60100,3.16,-0.00128,0.00000
stec8|MB253515,60100,4.18,0.00361,0.00000
stec8|MB253515,99500,-6.48,-0.23724,0.00000
stec8|MB253515,99500,-5.66,-0.13462,0.00000
stec8|MB253515,99500,-4.86,-0.08440,0.00000
stec8|MB253515,99500,-4.04,-0.05767,0.00000
stec8|MB253515,99500,-3.23,0.00066,0.00000
stec8|MB253515,99500,-2.42,-0.00797,0.00000
stec8|MB253515,99500,-1.58,0.06085,0.00000
stec8|MB253515,99500,-0.76,0.06324,0.00000
stec8|MB253515,99500,0.06,0.06548,0.00000
stec8|MB253515,99500,0.87,0.07447,0.00000
stec8|MB253515,99500,1.68,0.07600,0.00000
stec8|MB253515,99500,2.49,0.09275,0.00000
stec8|MB253515,99500,3.3,0.09275,0.00000
stec8|MB253515,99500,4.13,0.09274,0.00000
stec8|MB253515,99500,4.94,0.09274,0.00000
stec8|MB253515,99500,5.77,0.09274,0.00000
stec8|MB253515,99500,6.58,0.09274,0.00000
stec8|MB253515,99500,7.38,0.09274,0.00000
stec8|MB253515,99500,8.21,0.09274,0.00000
stec8|MB253515,99500,9.02,0.09274,0.00000
stec8|MB253515,99500,9.82,0.08973,0.00000
stec8|MB253515,99500,10.61,0.06533,0.00000
stec8|MB253515,99500,11.41,0.08123,0.00000
stec8|MB253515,126700,-2.91,0.01330,0.00000
stec8|MB253515,126700,-1.9,0.04471,0.00000
stec8|MB253515,126700,-0.87,0.06338,0.00000
stec8|MB253515,126700,0.17,0.06577,0.00000
stec8|MB253515,126700,1.19,0.07700,0.00000
stec8|MB253515,126700,2.2,0.09526,0.00000
stec8|MB253515,126700,3.23,0.09526,0.00000
stec8|MB253515,126700,4.23,0.09526,0.00000
stec8|MB253515,126700,5.26,0.09526,0.00000
stec8|MB253515,126700,6.27,0.09526,0.00000
stec8|MB253515,126700,7.29,0.09526,0.00000
stec8|MB253515,126700,8.32,0.09274,0.00000
stec8|MB253515,126700,9.31,0.08971,0.00000
stec8|MB253515,126700,10.32,0.06914,0.00000
stec8|MB253515,149700,-5.95,-0.08060,0.00000
stec8|MB253515,149700,-4.97,-0.03304,0.00000
stec8|MB253515,149700,-3.94,-0.01469,0.00000
stec8|MB253515,149700,-2.92,0.03519,0.00000
stec8|MB253515,149700,-1.91,0.04471,0.00000
stec8|MB253515,149700,-0.88,0.06792,0.00000
stec8|MB253515,149700,0.16,0.07030,0.00000
stec8|MB253515,149700,1.18,0.07254,0.00000
stec8|MB253515,149700,2.21,0.09980,0.00000
stec8|MB253515,149700,3.23,0.09980,0.00000
stec8|MB253515,149700,4.24,0.09980,0.00000
stec8|MB253515,149700,5.26,0.09980,0.00000
stec8|MB253515,149700,6.28,0.09980,0.00000
stec8|MB253515,149700,7.29,0.09980,0.00000
stec8|MB253515,149700,8.32,0.09980,0.00000
stec8|MB253515,149700,9.32,0.08949,0.00000
stec8|MB253515,149700,10.31,0.07367,0.00000
stec8|MB253515,177600,-2.91,0.03519,0.00000
stec8|MB253515,177600,-1.9,0.04471,0.00000
stec8|MB253515,177600,-0.88,0.06792,0.00000
stec8|MB253515,177600,0.14,0.07030,0.00000
stec8|MB253515,177600,1.19,0.07254,0.00000
stec8|MB253515,177600,2.2,0.08762,0.00000
stec8|MB253515,177600,3.23,0.09980,0.00000
stec8|MB253515,177600,4.24,0.09980,0.00000
stec8|MB253515,177600,5.26,0.09980,0.00000
stec8|MB253515,177600,6.29,0.09980,0.00000
stec8|MB253515,177600,7.3,0.09980,0.00000
stec8|MB253515,177600,8.3,0.09980,0.00000
stec8|MB253515,177600,9.3,0.08949,0.00000
stec8|MB253515,177600,10.3,0.07367,0.00000
stec8|MB253515,177600,11.3,0.14068,0.00000
stec8|MB253515,200100,-6.99,-0.10843,0.00000
stec8|MB253515,200100,-5.98,-0.09061,0.00000
stec8|MB253515,200100,-4.97,-0.04922,0.00000
stec8|MB253515,200100,-3.95,0.00529,0.00000
stec8|MB253515,200100,-2.91,0.03328,0.00000
stec8|MB253515,200100,-1.9,0.04280,0.00000
stec8|MB253515,200100,-0.88,0.06601,0.00000
stec8|MB253515,200100,0.14,0.06839,0.00000
stec8|MB253515,200100,1.17,0.07063,0.00000
stec8|MB253515,200100,2.21,0.08114,0.00000
stec8|MB253515,200100,3.24,0.09789,0.00000
stec8|MB253515,200100,4.25,0.09789,0.00000
stec8|MB253515,200100,5.26,0.09789,0.00000
stec8|MB253515,200100,6.28,0.09789,0.00000
stec8|MB253515,200100,7.3,0.09789,0.00000
stec8|MB253515,200100,8.32,0.09619,0.00000
stec8|MB253515,200100,9.31,0.08116,0.00000
stec8|MB253515,200100,10.3,0.08135,0.00000
stec8|MB253515,200100,11.3,0.14405,0.00000
stec8|MB253515,250100,-2.93,0.03616,0.00000
stec8|MB253515,250100,-1.89,0.04568,0.00000
stec8|MB253515,250100,-0.87,0.06889,0.00000
stec8|MB253515,250100,0.13,0.07128,0.00000
stec8|MB253515,250100,1.17,0.07352,0.00000
stec8|MB253515,250100,2.2,0.08251,0.00000
stec8|MB253515,250100,3.22,0.10077,0.00000
stec8|MB253515,250100,4.25,0.10077,0.00000
stec8|MB253515,250100,5.28,0.10077,0.00000
stec8|MB253515,250100,6.28,0.10077,0.00000
stec8|MB253515,250100,7.3,0.10077,0.00000
stec8|MB253515,250100,8.29,0.09746,0.00000
stec8|MB253515,250100,9.29,0.08241,0.00000
stec8|MB253515,250100,10.29,0.08642,0.00000
stec8|MB253515,301600,-7.09,-0.07707,0.00000
stec8|MB253515,301600,-6.05,-0.02354,0.00000
stec8|MB253515,301600,-5.03,-0.00090,0.00000
stec8|MB253515,301600,-3.96,0.02104,0.00000
stec8|MB253515,301600,-2.97,0.05524,0.00000
stec8|MB253515,301600,-1.92,0.06632,0.00000
stec8|MB253515,301600,-0.88,0.08952,0.00000
stec8|MB253515,301600,0.13,0.08952,0.00000
stec8|MB253515,301600,1.17,0.09191,0.00000
stec8|MB253515,301600,2.18,0.10314,0.00000
stec8|MB253515,301600,3.22,0.12046,0.00000
stec8|MB253515,301600,4.24,0.12046,0.00000
stec8|MB253515,301600,5.26,0.12046,0.00000
stec8|MB253515,301600,6.28,0.12046,0.00000
stec8|MB253515,301600,7.3,0.12046,0.00000
stec8|MB253515,301600,8.3,0.11715,0.00000
stec8|MB253515,301600,9.3,0.10369,0.00000
stec8|MB253515,301600,10.3,0.04911,0.00000
stec8|MILEY,201600,-3.93,-0.01632,0.00000
stec8|MILEY,201600,-2.91,0.01969,0.00000
stec8|MILEY,201600,-1.88,0.06313,0.00000
stec8|MILEY,201600,-0.86,0.07280,0.00000
stec8|MILEY,201600,0.17,0.09564,0.00000
stec8|MILEY,201600,1.18,0.10780,0.00000
stec8|MILEY,201600,2.22,-0.05730,0.00000
stec8|MILEY,201600,3.22,-0.04723,0.00000
stec8|MILEY,201600,4.26,-0.04723,0.00000
stec8|MILEY,201600,5.28,-0.04723,0.00000
stec8|MILEY,201600,6.28,-0.04723,0.00000
stec8|MILEY,201600,7.32,-0.04723,0.00000
stec8|MILEY,201600,8.34,0.05569,0.00000
stec8|MILEY,201600,9.36,0.08869,0.00000
stec8|MILEY,201600,10.38,0.08440,0.00000
stec8|MILEY,201600,11.38,0.10486,0.00000
stec8|MILEY,232000,-4.98,-0.00459,0.00000
stec8|MILEY,232000,-3.92,0.01101,0.00000
stec8|MILEY,232000,-2.93,0.04311,0.00000
stec8|MILEY,232000,-1.89,0.09047,0.00000
stec8|MILEY,232000,-0.85,0.10013,0.00000
stec8|MILEY,232000,0.16,0.12297,0.00000
stec8|MILEY,232000,1.18,0.13122,0.00000
stec8|MILEY,232000,2.2,0.11918,0.00000
stec8|MILEY,232000,3.22,0.12744,0.00000
stec8|MILEY,232000,4.25,0.08491,0.00000
stec8|MILEY,232000,5.28,0.04390,0.00000
stec8|MILEY,232000,6.3,0.08491,0.00000
stec8|MILEY,232000,7.32,0.12555,0.00000
stec8|MILEY,232000,8.35,0.12164,0.00000
stec8|MILEY,232000,9.36,0.11173,0.00000
stec8|MILEY,232000,10.37,0.11173,0.00000
stec8|MILEY,232000,11.37,0.08015,0.00000
stec8|MILEY,254600,-3.92,0.04329,0.00000
stec8|MILEY,254600,-2.9,0.06840,0.00000
stec8|MILEY,254600,-1.88,0.10827,0.00000
stec8|MILEY,254600,-0.85,0.11793,0.00000
stec8|MILEY,254600,0.16,0.13352,0.00000
stec8|MILEY,254600,1.18,0.14606,0.00000
stec8|MILEY,254600,2.21,0.13403,0.00000
stec8|MILEY,254600,3.25,0.13837,0.00000
stec8|MILEY,254600,4.25,0.13837,0.00000
stec8|MILEY,254600,5.28,0.13837,0.00000
stec8|MILEY,254600,6.3,0.13837,0.00000
stec8|MILEY,254600,7.32,0.13648,0.00000
stec8|MILEY,254600,8.35,0.13219,0.00000
stec8|MILEY,254600,9.37,0.12657,0.00000
stec8|MILEY,254600,10.38,0.12381,0.00000
stec8|MILEY,254600,11.37,0.09460,0.00000
stec8|MILEY,302900,-3.92,0.05856,0.00000
stec8|MILEY,302900,-2.9,0.08367,0.00000
stec8|MILEY,302900,-1.89,0.11832,0.00000
stec8|MILEY,302900,-0.86,0.12799,0.00000
stec8|MILEY,302900,0.15,0.13322,0.00000
stec8|MILEY,302900,1.19,0.14146,0.00000
stec8|MILEY,302900,2.22,0.12943,0.00000
stec8|MILEY,302900,3.25,0.13806,0.00000
stec8|MILEY,302900,4.27,0.13806,0.00000
stec8|MILEY,302900,5.3,0.13806,0.00000
stec8|MILEY,302900,6.3,0.13806,0.00000
stec8|MILEY,302900,7.32,0.13618,0.00000
stec8|MILEY,302900,8.34,0.13188,0.00000
stec8|MILEY,302900,9.37,0.12627,0.00000
stec8|MILEY,302900,10.38,0.11283,0.00000
stec8|MILEY,302900,11.35,0.08683,0.00000
stec8|NACA 0009,59700,-6.02,-0.32055,0.00000
stec8|NACA 0009,59700,-5.03,-0.24160,0.00000
stec8|NACA 0009,59700,-3.99,-0.22375,0.00000
stec8|NACA 0009,59700,-3.0,-0.20416,0.00000
stec8|NACA 0009,59700,-1.95,-0.16274,0.00000
stec8|NACA 0009,59700,-0.92,-0.16274,0.00000
stec8|NACA 0009,59700,0.09,-0.16165,0.00000
stec8|NACA 0009,59700,1.1,-0.15057,0.00000
stec8|NACA 0009,59700,2.13,-0.14692,0.00000
stec8|NACA 0009,59700,3.15,-0.05927,0.00000
stec8|NACA 0009,59700,4.19,-0.04546,0.00000
stec8|NACA 0009,59700,5.19,-0.06794,0.00000
stec8|NACA 0009,59700,6.22,-0.09596,0.00000
stec8|NACA 0009,59700,7.23,-0.14169,0.00000
stec8|NACA 0009,59700,8.23,-0.17048,0.00000
stec8|NACA 0009,59700,9.26,-0.14040,0.00000
stec8|NACA 0009,59700,10.25,-0.14723,0.00000
stec8|NACA 0009,100300,-6.03,-0.27552,0.00000
stec8|NACA 0009,100300,-5.0,-0.21358,0.00000
stec8|NACA 0009,100300,-3.98,-0.21653,0.00000
stec8|NACA 0009,100300,-2.98,-0.20043,0.00000
stec8|NACA 0009,100300,-1.96,-0.16108,0.00000
stec8|NACA 0009,100300,-0.91,-0.15552,0.00000
stec8|NACA 0009,100300,0.09,-0.14999,0.00000
stec8|NACA 0009,100300,1.11,-0.12300,0.00000
stec8|NACA 0009,100300,2.15,-0.03372,0.00000
stec8|NACA 0009,100300,3.15,-0.00591,0.00000
stec8|NACA 0009,100300,4.19,0.00361,0.00000
stec8|NACA 0009,100300,5.21,-0.00035,0.00000
stec8|NACA 0009,100300,6.21,-0.00008,0.00000
stec8|NACA 0009,100300,7.23,-0.02057,0.00000
stec8|NACA 0009,100300,8.24,-0.07015,0.00000
stec8|NACA 0009,150600,-6.04,-0.24082,0.00000
stec8|NACA 0009,150600,-5.03,-0.20949,0.00000
stec8|NACA 0009,150600,-4.0,-0.20486,0.00000
stec8|NACA 0009,150600,-2.99,-0.19634,0.00000
stec8|NACA 0009,150600,-1.96,-0.17144,0.00000
stec8|NACA 0009,150600,-0.94,-0.15143,0.00000
stec8|NACA 0009,150600,0.07,-0.14590,0.00000
stec8|NACA 0009,150600,1.11,-0.08636,0.00000
stec8|NACA 0009,150600,2.15,-0.01033,0.00000
stec8|NACA 0009,150600,3.16,-0.00182,0.00000
stec8|NACA 0009,150600,4.18,0.00674,0.00000
stec8|NACA 0009,150600,5.21,0.00158,0.00000
stec8|NACA 0009,150600,6.21,0.00361,0.00000
stec8|NACA 0009,150600,7.24,0.00361,0.00000
stec8|NACA 0009,150600,8.24,-0.01034,0.00000
stec8|NACA 0009,150600,9.25,-0.07634,0.00000
stec8|NACA 0009,199000,-6.04,-0.22435,0.00000
stec8|NACA 0009,199000,-5.01,-0.19302,0.00000
stec8|NACA 0009,199000,-4.0,-0.18833,0.00000
stec8|NACA 0009,199000,-2.99,-0.18483,0.00000
stec8|NACA 0009,199000,-2.01,-0.15992,0.00000
stec8|NACA 0009,199000,-0.94,-0.13991,0.00000
stec8|NACA 0009,199000,0.1,-0.11479,0.00000
stec8|NACA 0009,199000,1.1,-0.02204,0.00000
stec8|NACA 0009,199000,2.13,0.00498,0.00000
stec8|NACA 0009,199000,3.15,0.01349,0.00000
stec8|NACA 0009,199000,4.19,0.01544,0.00000
stec8|NACA 0009,199000,5.19,0.01689,0.00000
stec8|NACA 0009,199000,6.23,0.01892,0.00000
stec8|NACA 0009,199000,7.24,0.01892,0.00000
stec8|NACA 0009,199000,8.24,0.00496,0.00000
stec8|NACA 0009,199000,9.25,-0.02940,0.00000
stec8|NACA 0009,302900,-6.05,-0.20223,0.00000
stec8|NACA 0009,302900,-5.04,-0.17282,0.00000
stec8|NACA 0009,302900,-3.98,-0.18662,0.00000
stec8|NACA 0009,302900,-2.98,-0.17052,0.00000
stec8|NACA 0009,302900,-1.95,-0.14943,0.00000
stec8|NACA 0009,302900,-0.99,-0.12902,0.00000
stec8|NACA 0009,302900,0.08,-0.08519,0.00000
stec8|NACA 0009,302900,1.1,0.02345,0.00000
stec8|NACA 0009,302900,2.14,0.03117,0.00000
stec8|NACA 0009,302900,3.17,0.03621,0.00000
stec8|NACA 0009,302900,4.19,0.04162,0.00000
stec8|NACA 0009,302900,5.21,0.04617,0.00000
stec8|NACA 0009,302900,6.22,0.04762,0.00000
stec8|NACA 0009,302900,7.23,0.04762,0.00000
stec8|NACA 0009,302900,8.25,0.04762,0.00000
stec8|NACA 0009,302900,9.27,0.04525,0.00000
stec8|NACA 6409,61400,-0.83,0.00352,0.00000
stec8|NACA 6409,61400,0.19,0.00937,0.00000
stec8|NACA 6409,61400,1.19,0.02433,0.00000
stec8|NACA 6409,61400,2.22,0.01829,0.00000
stec8|NACA 6409,61400,3.23,0.00461,0.00000
stec8|NACA 6409,61400,4.26,0.00461,0.00000
stec8|NACA 6409,61400,5.26,-0.05137,0.00000
stec8|NACA 6409,61400,6.28,-0.10028,0.00000
stec8|NACA 6409,61400,7.24,-0.23337,0.00000
stec8|NACA 6409,61400,8.24,-0.25536,0.00000
stec8|NACA 6409,61400,9.25,-0.05185,0.00000
stec8|NACA 6409,61400,10.36,-0.11530,0.00000
stec8|NACA 6409,79400,-0.84,0.01192,0.00000
stec8|NACA 6409,79400,0.18,0.01792,0.00000
stec8|NACA 6409,79400,1.21,0.03026,0.00000
stec8|NACA 6409,79400,2.21,0.03026,0.00000
stec8|NACA 6409,79400,3.24,0.03026,0.00000
stec8|NACA 6409,79400,4.25,0.02588,0.00000
stec8|NACA 6409,79400,5.26,0.01925,0.00000
stec8|NACA 6409,79400,6.28,-0.02151,0.00000
stec8|NACA 6409,79400,7.32,-0.02605,0.00000
stec8|NACA 6409,79400,8.32,-0.02605,0.00000
stec8|NACA 6409,79400,9.35,-0.03732,0.00000
stec8|NACA 6409,79400,10.35,-0.12714,0.00000
stec8|NACA 6409,79400,11.36,-0.13191,0.00000
stec8|NACA 6409,102600,-0.84,0.06958,0.00000
stec8|NACA 6409,102600,0.14,0.07846,0.00000
stec8|NACA 6409,102600,1.18,0.09362,0.00000
stec8|NACA 6409,102600,2.2,0.09362,0.00000
stec8|NACA 6409,102600,3.23,0.09362,0.00000
stec8|NACA 6409,102600,4.24,0.09362,0.00000
stec8|NACA 6409,102600,5.27,0.06943,0.00000
stec8|NACA 6409,102600,6.29,0.04722,0.00000
stec8|NACA 6409,102600,7.32,0.04364,0.00000
stec8|NACA 6409,102600,8.31,0.04364,0.00000
stec8|NACA 6409,102600,9.34,0.01180,0.00000
stec8|NACA 6409,102600,10.37,-0.02163,0.00000
stec8|NACA 6409,102600,11.35,0.02111,0.00000
stec8|NACA 6409,147300,-0.9,0.07342,0.00000
stec8|NACA 6409,147300,0.1,0.08001,0.00000
stec8|NACA 6409,147300,1.18,0.09362,0.00000
stec8|NACA 6409,147300,2.2,0.09362,0.00000
stec8|NACA 6409,147300,3.19,0.09362,0.00000
stec8|NACA 6409,147300,4.23,0.08699,0.00000
stec8|NACA 6409,147300,5.23,0.06943,0.00000
stec8|NACA 6409,147300,6.26,0.04695,0.00000
stec8|NACA 6409,147300,7.28,0.04695,0.00000
stec8|NACA 6409,147300,8.31,0.04695,0.00000
stec8|NACA 6409,147300,9.35,0.01165,0.00000
stec8|NACA 6409,147300,10.33,-0.00795,0.00000
stec8|NACA 6409,147300,11.33,0.04988,0.00000
stec8|NACA 6409,200100,-0.87,0.09770,0.00000
stec8|NACA 6409,200100,0.18,0.11399,0.00000
stec8|NACA 6409,200100,1.2,0.11399,0.00000
stec8|NACA 6409,200100,2.18,0.11399,0.00000
stec8|NACA 6409,200100,3.17,0.11399,0.00000
stec8|NACA 6409,200100,4.21,0.10735,0.00000
stec8|NACA 6409,200100,5.2,0.08979,0.00000
stec8|NACA 6409,200100,6.22,0.06731,0.00000
stec8|NACA 6409,200100,7.38,0.06731,0.00000
stec8|NACA 6409,200100,8.32,0.05605,0.00000
stec8|NACA 6409,200100,9.31,0.03202,0.00000
stec8|NACA 6409,200100,10.33,0.02000,0.00000
stec8|NACA 6409,200100,11.33,0.07024,0.00000
stec8|NACA 64A010,62800,-5.01,-0.22991,0.00000
stec8|NACA 64A010,62800,-4.0,-0.18620,0.00000
stec8|NACA 64A010,62800,-2.97,-0.17068,0.00000
stec8|NACA 64A010,62800,-1.95,-0.14055,0.00000
stec8|NACA 64A010,62800,-0.91,-0.13776,0.00000
stec8|NACA 64A010,62800,-0.4,-0.14246,0.00000
stec8|NACA 64A010,62800,0.08,-0.12586,0.00000
stec8|NACA 64A010,62800,0.6,-0.12230,0.00000
stec8|NACA 64A010,62800,1.1,-0.09445,0.00000
stec8|NACA 64A010,62800,1.62,-0.09445,0.00000
stec8|NACA 64A010,62800,2.14,-0.09399,0.00000
stec8|NACA 64A010,62800,3.15,-0.03416,0.00000
stec8|NACA 64A010,62800,4.18,-0.01177,0.00000
stec8|NACA 64A010,62800,5.2,-0.06619,0.00000
stec8|NACA 64A010,62800,6.2,-0.06902,0.00000
stec8|NACA 64A010,62800,7.22,-0.07769,0.00000
stec8|NACA 64A010,104200,-5.01,-0.17023,0.00000
stec8|NACA 64A010,104200,-3.99,-0.14813,0.00000
stec8|NACA 64A010,104200,-2.98,-0.13674,0.00000
stec8|NACA 64A010,104200,-1.96,-0.11548,0.00000
stec8|NACA 64A010,104200,-0.93,-0.11015,0.00000
stec8|NACA 64A010,104200,0.09,-0.06867,0.00000
stec8|NACA 64A010,104200,1.15,0.00365,0.00000
stec8|NACA 64A010,104200,2.16,0.01720,0.00000
stec8|NACA 64A010,104200,3.16,0.02885,0.00000
stec8|NACA 64A010,104200,4.19,0.03455,0.00000
stec8|NACA 64A010,104200,5.2,0.03455,0.00000
stec8|NACA 64A010,104200,6.22,0.03279,0.00000
stec8|NACA 64A010,104200,7.23,0.01578,0.00000
stec8|NACA 64A010,104200,8.25,-0.15855,0.00000
stec8|NACA 64A010,150200,-6.02,-0.26136,0.00000
stec8|NACA 64A010,150200,-4.52,-0.15039,0.00000
stec8|NACA 64A010,150200,-3.0,-0.13674,0.00000
stec8|NACA 64A010,150200,-1.47,-0.10136,0.00000
stec8|NACA 64A010,150200,0.07,-0.03992,0.00000
stec8|NACA 64A010,150200,1.63,0.02262,0.00000
stec8|NACA 64A010,150200,3.16,0.02885,0.00000
stec8|NACA 64A010,150200,4.7,0.03455,0.00000
stec8|NACA 64A010,150200,6.21,0.03279,0.00000
stec8|NACA 64A010,150200,7.74,0.02334,0.00000
stec8|NACA 64A010,203300,-5.01,-0.15927,0.00000
stec8|NACA 64A010,203300,-4.0,-0.14061,0.00000
stec8|NACA 64A010,203300,-2.97,-0.12696,0.00000
stec8|NACA 64A010,203300,-1.95,-0.09092,0.00000
stec8|NACA 64A010,203300,-0.91,-0.05614,0.00000
stec8|NACA 64A010,203300,0.11,-0.00705,0.00000
stec8|NACA 64A010,203300,1.13,0.03633,0.00000
stec8|NACA 64A010,203300,2.15,0.04181,0.00000
stec8|NACA 64A010,203300,3.18,0.04378,0.00000
stec8|NACA 64A010,203300,4.2,0.05422,0.00000
stec8|NACA 64A010,203300,5.21,0.05422,0.00000
stec8|NACA 64A010,203300,6.23,0.05576,0.00000
stec8|NACA 64A010,203300,7.24,0.05090,0.00000
stec8|NACA 64A010,203300,8.26,0.06864,0.00000
stec8|NACA 64A010,301000,-5.02,-0.16124,0.00000
stec8|NACA 64A010,301000,-4.04,-0.13514,0.00000
stec8|NACA 64A010,301000,-2.98,-0.10717,0.00000
stec8|NACA 64A010,301000,-1.95,-0.04087,0.00000
stec8|NACA 64A010,301000,-0.91,-0.02367,0.00000
stec8|NACA 64A010,301000,0.11,0.01514,0.00000
stec8|NACA 64A010,301000,1.13,0.03840,0.00000
stec8|NACA 64A010,301000,2.15,0.06123,0.00000
stec8|NACA 64A010,301000,3.17,0.06272,0.00000
stec8|NACA 64A010,301000,4.19,0.07356,0.00000
stec8|NACA 64A010,301000,5.2,0.08463,0.00000
stec8|NACA 64A010,301000,6.23,0.08618,0.00000
stec8|NACA 64A010,301000,7.25,0.08325,0.00000
stec8|RG15,59600,-2.93,-0.17590,0.00000
stec8|RG15,59600,-1.92,-0.16736,0.00000
stec8|RG15,59600,-0.91,-0.16736,0.00000
stec8|RG15,59600,0.12,-0.16952,0.00000
stec8|RG15,59600,1.14,-0.14873,0.00000
stec8|RG15,59600,2.18,-0.11201,0.00000
stec8|RG15,59600,3.21,-0.05305,0.00000
stec8|RG15,59600,4.23,-0.04261,0.00000
stec8|RG15,59600,5.23,-0.04261,0.00000
stec8|RG15,59600,6.25,-0.04261,0.00000
stec8|RG15,59600,7.28,-0.08989,0.00000
stec8|RG15,59600,8.29,-0.16892,0.00000
stec8|RG15,59600,9.3,-0.20517,0.00000
stec8|RG15,59600,10.32,-0.21482,0.00000
stec8|RG15,59600,11.33,-0.20359,0.00000
stec8|RG15,99600,-2.93,-0.15684,0.00000
stec8|RG15,99600,-1.93,-0.14830,0.00000
stec8|RG15,99600,-0.91,-0.14830,0.00000
stec8|RG15,99600,0.13,-0.10791,0.00000
stec8|RG15,99600,1.16,-0.06882,0.00000
stec8|RG15,99600,2.19,-0.00695,0.00000
stec8|RG15,99600,3.21,0.00019,0.00000
stec8|RG15,99600,4.23,0.00626,0.00000
stec8|RG15,99600,5.25,0.00626,0.00000
stec8|RG15,99600,6.27,0.00190,0.00000
stec8|RG15,99600,7.28,-0.03235,0.00000
stec8|RG15,99600,8.29,-0.05532,0.00000
stec8|RG15,99600,9.31,-0.05768,0.00000
stec8|RG15,99600,10.32,-0.12306,0.00000
stec8|RG15,99600,11.33,-0.14261,0.00000
stec8|RG15,146100,-2.92,-0.15198,0.00000
stec8|RG15,146100,-1.9,-0.14545,0.00000
stec8|RG15,146100,-0.9,-0.14018,0.00000
stec8|RG15,146100,0.13,-0.07791,0.00000
stec8|RG15,146100,1.16,-0.02283,0.00000
stec8|RG15,146100,2.19,-0.00411,0.00000
stec8|RG15,146100,3.21,0.00304,0.00000
stec8|RG15,146100,4.24,0.00910,0.00000
stec8|RG15,146100,5.26,0.00910,0.00000
stec8|RG15,146100,6.28,0.00507,0.00000
stec8|RG15,146100,7.3,-0.03933,0.00000
stec8|RG15,200900,-4.0,-0.15443,0.00000
stec8|RG15,200900,-2.96,-0.11515,0.00000
stec8|RG15,200900,-1.92,-0.10902,0.00000
stec8|RG15,200900,-0.91,-0.08753,0.00000
stec8|RG15,200900,0.12,-0.02633,0.00000
stec8|RG15,200900,1.15,-0.00150,0.00000
stec8|RG15,200900,2.19,0.01215,0.00000
stec8|RG15,200900,3.19,0.01929,0.00000
stec8|RG15,200900,4.22,0.02536,0.00000
stec8|RG15,200900,5.25,0.02536,0.00000
stec8|RG15,200900,6.26,0.02132,0.00000
stec8|RG15,200900,7.28,-0.01472,0.00000
stec8|RG15,200900,8.3,-0.02196,0.00000
stec8|RG15,200900,9.31,-0.00483,0.00000
stec8|RG15,200900,10.33,-0.03157,0.00000
stec8|RG15,200900,11.33,-0.00922,0.00000
stec8|RG15,302600,-3.99,-0.11581,0.00000
stec8|RG15,302600,-2.97,-0.07836,0.00000
stec8|RG15,302600,-1.97,-0.05368,0.00000
stec8|RG15,302600,-0.93,-0.00840,0.00000
stec8|RG15,302600,0.05,0.02532,0.00000
stec8|RG15,302600,1.09,0.03329,0.00000
stec8|RG15,302600,2.17,0.04694,0.00000
stec8|RG15,302600,3.2,0.05408,0.00000
stec8|RG15,302600,4.23,0.06015,0.00000
stec8|RG15,302600,5.24,0.05579,0.00000
stec8|RG15,302600,6.27,0.03696,0.00000
stec8|RG15,302600,7.29,0.02007,0.00000
stec8|RG15,302600,8.3,-0.04582,0.00000
stec8|S2048,58800,-2.93,-0.17463,0.00000
stec8|S2048,58800,-1.91,-0.11762,0.00000
stec8|S2048,58800,-0.89,-0.11440,0.00000
stec8|S2048,58800,0.13,-0.08947,0.00000
stec8|S2048,58800,1.16,-0.08947,0.00000
stec8|S2048,58800,2.19,-0.10158,0.00000
stec8|S2048,58800,3.22,-0.05843,0.00000
stec8|S2048,58800,4.24,0.01656,0.00000
stec8|S2048,58800,5.26,0.01656,0.00000
stec8|S2048,58800,6.27,0.00671,0.00000
stec8|S2048,99500,-2.93,-0.12027,0.00000
stec8|S2048,99500,-1.92,-0.09605,0.00000
stec8|S2048,99500,-0.89,-0.08727,0.00000
stec8|S2048,99500,0.15,-0.06474,0.00000
stec8|S2048,99500,1.18,-0.04179,0.00000
stec8|S2048,99500,2.2,-0.00366,0.00000
stec8|S2048,99500,3.23,0.05460,0.00000
stec8|S2048,99500,4.24,0.05619,0.00000
stec8|S2048,99500,5.26,0.05619,0.00000
stec8|S2048,99500,6.27,0.04605,0.00000
stec8|S2048,99500,7.29,0.02110,0.00000
stec8|S2048,99500,8.29,0.00184,0.00000
stec8|S2048,99500,9.31,-0.14194,0.00000
stec8|S2048,154000,-4.97,-0.26396,0.00000
stec8|S2048,154000,-3.97,-0.15621,0.00000
stec8|S2048,154000,-2.93,-0.12027,0.00000
stec8|S2048,154000,-1.92,-0.09237,0.00000
stec8|S2048,154000,-0.88,-0.07622,0.00000
stec8|S2048,154000,0.14,-0.03029,0.00000
stec8|S2048,154000,1.17,0.00087,0.00000
stec8|S2048,154000,2.2,0.02365,0.00000
stec8|S2048,154000,3.23,0.06073,0.00000
stec8|S2048,154000,4.23,0.06073,0.00000
stec8|S2048,154000,5.26,0.05903,0.00000
stec8|S2048,154000,6.27,0.03978,0.00000
stec8|S2048,154000,7.29,0.02564,0.00000
stec8|S2048,154000,8.3,0.02210,0.00000
stec8|S2048,200900,-2.94,-0.10034,0.00000
stec8|S2048,200900,-1.89,-0.07429,0.00000
stec8|S2048,200900,-0.87,-0.04125,0.00000
stec8|S2048,200900,0.16,-0.01120,0.00000
stec8|S2048,200900,1.18,0.02366,0.00000
stec8|S2048,200900,2.2,0.05639,0.00000
stec8|S2048,200900,3.22,0.07466,0.00000
stec8|S2048,200900,4.24,0.08060,0.00000
stec8|S2048,200900,5.26,0.07041,0.00000
stec8|S2048,200900,6.28,0.05321,0.00000
stec8|S2048,200900,7.3,0.04390,0.00000
stec8|S2048,200900,8.3,0.04820,0.00000
stec8|S2048,200900,9.32,0.02867,0.00000
stec8|S2048,200900,10.33,-0.11633,0.00000
stec8|S2048,200900,11.35,-0.16680,0.00000
stec8|S2048,302800,-2.94,-0.06373,0.00000
stec8|S2048,302800,-1.89,-0.01462,0.00000
stec8|S2048,302800,-0.88,0.00933,0.00000
stec8|S2048,302800,0.1,0.04297,0.00000
stec8|S2048,302800,1.16,0.06287,0.00000
stec8|S2048,302800,2.18,0.08681,0.00000
stec8|S2048,302800,3.19,0.10507,0.00000
stec8|S2048,302800,4.24,0.11101,0.00000
stec8|S2048,302800,5.26,0.09606,0.00000
stec8|S2048,302800,6.28,0.08283,0.00000
stec8|S2091A,60800,-2.89,-0.20435,0.00000
stec8|S2091A,60800,-1.85,-0.10058,0.00000
stec8|S2091A,60800,-0.83,-0.03886,0.00000
stec8|S2091A,60800,0.19,-0.02486,0.00000
stec8|S2091A,60800,1.21,-0.01828,0.00000
stec8|S2091A,60800,2.23,-0.00027,0.00000
stec8|S2091A,60800,3.25,0.00381,0.00000
stec8|S2091A,60800,4.27,0.00381,0.00000
stec8|S2091A,60800,5.29,0.00381,0.00000
stec8|S2091A,60800,6.31,0.00381,0.00000
stec8|S2091A,60800,7.32,0.00032,0.00000
stec8|S2091A,60800,8.35,0.00462,0.00000
stec8|S2091A,60800,9.35,-0.00043,0.00000
stec8|S2091A,60800,10.37,-0.12397,0.00000
stec8|S2091A,60800,11.37,-0.24453,0.00000
stec8|S2091A,99200,-4.95,-0.13521,0.00000
stec8|S2091A,99200,-3.89,-0.10455,0.00000
stec8|S2091A,99200,-2.87,-0.03083,0.00000
stec8|S2091A,99200,-1.85,0.00730,0.00000
stec8|S2091A,99200,-0.83,0.02052,0.00000
stec8|S2091A,99200,0.18,0.02384,0.00000
stec8|S2091A,99200,1.21,0.04058,0.00000
stec8|S2091A,99200,2.23,0.05514,0.00000
stec8|S2091A,99200,3.26,0.05514,0.00000
stec8|S2091A,99200,4.27,0.05514,0.00000
stec8|S2091A,99200,5.29,0.05514,0.00000
stec8|S2091A,99200,6.31,0.05514,0.00000
stec8|S2091A,99200,7.33,0.05325,0.00000
stec8|S2091A,99200,8.35,0.05049,0.00000
stec8|S2091A,99200,9.37,0.05148,0.00000
stec8|S2091A,99200,10.37,0.01617,0.00000
stec8|S2091A,99200,11.37,0.03428,0.00000
stec8|S2091A,201500,-2.87,0.01984,0.00000
stec8|S2091A,201500,-1.88,0.04745,0.00000
stec8|S2091A,201500,-0.84,0.04886,0.00000
stec8|S2091A,201500,0.18,0.05219,0.00000
stec8|S2091A,201500,1.21,0.06893,0.00000
stec8|S2091A,201500,2.23,0.08349,0.00000
stec8|S2091A,201500,3.25,0.08349,0.00000
stec8|S2091A,201500,4.27,0.08349,0.00000
stec8|S2091A,201500,5.29,0.08349,0.00000
stec8|S2091A,201500,6.31,0.08349,0.00000
stec8|S2091A,201500,7.33,0.07884,0.00000
stec8|S2091A,201500,8.35,0.07871,0.00000
stec8|S2091A,201500,9.36,0.06377,0.00000
stec8|S2091A,201500,10.36,0.04564,0.00000
stec8|S2091A,201500,11.36,0.12421,0.00000
stec8|S2091B,60400,-3.93,-0.23872,0.00000
stec8|S2091B,60400,-2.4,-0.16916,0.00000
stec8|S2091B,60400,-0.85,-0.03886,0.00000
stec8|S2091B,60400,0.7,-0.02057,0.00000
stec8|S2091B,60400,2.23,-0.00027,0.00000
stec8|S2091B,60400,3.74,0.00381,0.00000
stec8|S2091B,60400,5.27,0.00381,0.00000
stec8|S2091B,60400,6.8,0.00221,0.00000
stec8|S2091B,60400,8.33,0.00462,0.00000
stec8|S2091B,101300,-2.87,-0.03043,0.00000
stec8|S2091B,101300,-1.35,0.01648,0.00000
stec8|S2091B,101300,0.19,0.02687,0.00000
stec8|S2091B,101300,1.73,0.05145,0.00000
stec8|S2091B,101300,3.26,0.05553,0.00000
stec8|S2091B,101300,4.79,0.05553,0.00000
stec8|S2091B,101300,6.31,0.05553,0.00000
stec8|S2091B,101300,7.84,0.05365,0.00000
stec8|S2091B,101300,9.35,0.05187,0.00000
stec8|S2091B,101300,10.37,0.02215,0.00000
stec8|S2091B,101300,11.37,0.04464,0.00000
stec8|S2091B,149300,-4.93,-0.10595,0.00000
stec8|S2091B,149300,-3.9,-0.04017,0.00000
stec8|S2091B,149300,-2.87,-0.00291,0.00000
stec8|S2091B,149300,-1.86,0.01805,0.00000
stec8|S2091B,149300,-0.83,0.02358,0.00000
stec8|S2091B,149300,0.17,0.02690,0.00000
stec8|S2091B,149300,1.22,0.04364,0.00000
stec8|S2091B,149300,2.24,0.05820,0.00000
stec8|S2091B,149300,3.26,0.05820,0.00000
stec8|S2091B,149300,4.28,0.05820,0.00000
stec8|S2091B,149300,5.3,0.05820,0.00000
stec8|S2091B,149300,6.32,0.05820,0.00000
stec8|S2091B,149300,7.34,0.05631,0.00000
stec8|S2091B,149300,8.35,0.05355,0.00000
stec8|S2091B,149300,9.36,0.04223,0.00000
stec8|S2091B,149300,10.38,0.02428,0.00000
stec8|S2091B,149300,11.38,0.07462,0.00000
stec8|S2091B,198400,-4.9,-0.05462,0.00000
stec8|S2091B,198400,-3.91,-0.01272,0.00000
stec8|S2091B,198400,-2.87,0.01984,0.00000
stec8|S2091B,198400,-1.84,0.04745,0.00000
stec8|S2091B,198400,-0.84,0.04886,0.00000
stec8|S2091B,198400,0.19,0.05219,0.00000
stec8|S2091B,198400,1.22,0.06893,0.00000
stec8|S2091B,198400,2.25,0.08349,0.00000
stec8|S2091B,198400,3.25,0.08349,0.00000
stec8|S2091B,198400,4.28,0.08349,0.00000
stec8|S2091B,198400,5.31,0.08349,0.00000
stec8|S2091B,198400,6.31,0.08349,0.00000
stec8|S2091B,198400,7.34,0.07884,0.00000
stec8|S2091B,198400,8.36,0.07884,0.00000
stec8|S2091B,198400,9.38,0.06377,0.00000
stec8|S2091B,198400,10.38,0.04564,0.00000
stec8|S2091B,198400,11.4,0.12421,0.00000
stec8|S2091B,303900,-3.91,0.03421,0.00000
stec8|S2091B,303900,-2.88,0.05498,0.00000
stec8|S2091B,303900,-1.85,0.08258,0.00000
stec8|S2091B,303900,-0.83,0.08400,0.00000
stec8|S2091B,303900,0.21,0.08732,0.00000
stec8|S2091B,303900,1.23,0.10406,0.00000
stec8|S2091B,303900,2.24,0.11862,0.00000
stec8|S2091B,303900,3.28,0.11862,0.00000
stec8|S2091B,303900,4.29,0.11862,0.00000
stec8|S2091B,303900,5.31,0.11862,0.00000
stec8|S2091B,303900,6.32,0.11586,0.00000
stec8|S2091B,303900,7.34,0.11397,0.00000
stec8|S2091B,303900,8.35,0.10226,0.00000
stec8|S2091B,303900,9.38,0.08869,0.00000
stec8|S2091B,303900,10.38,0.08078,0.00000
stec8|S2091B,303900,11.38,0.16334,0.00000
stec8|S3010,60900,-2.96,-0.21412,0.00000
stec8|S3010,60900,-1.41,-0.12252,0.00000
stec8|S3010,60900,0.14,-0.04040,0.00000
stec8|S3010,60900,1.69,-0.01646,0.00000
stec8|S3010,60900,3.23,0.00181,0.00000
stec8|S3010,60900,4.73,0.00181,0.00000
stec8|S3010,60900,6.28,0.00150,0.00000
stec8|S3010,60900,7.79,-0.00069,0.00000
stec8|S3010,60900,9.32,-0.02192,0.00000
stec8|S3010,60900,10.82,-0.07840,0.00000
stec8|S3010,100500,-3.95,-0.18562,0.00000
stec8|S3010,100500,-2.9,-0.11108,0.00000
stec8|S3010,100500,-1.89,-0.00830,0.00000
stec8|S3010,100500,-0.86,0.00935,0.00000
stec8|S3010,100500,0.15,0.02669,0.00000
stec8|S3010,100500,1.17,0.02893,0.00000
stec8|S3010,100500,2.19,0.03792,0.00000
stec8|S3010,100500,3.22,0.05618,0.00000
stec8|S3010,100500,4.24,0.05618,0.00000
stec8|S3010,100500,5.25,0.05618,0.00000
stec8|S3010,100500,6.27,0.05618,0.00000
stec8|S3010,100500,7.3,0.05194,0.00000
stec8|S3010,100500,8.32,0.04828,0.00000
stec8|S3010,100500,9.32,0.04367,0.00000
stec8|S3010,100500,10.34,0.03268,0.00000
stec8|S3010,100500,11.34,0.05657,0.00000
stec8|S3010,147400,-3.92,-0.12641,0.00000
stec8|S3010,147400,-2.4,0.00549,0.00000
stec8|S3010,147400,-0.87,0.02430,0.00000
stec8|S3010,147400,0.66,0.02893,0.00000
stec8|S3010,147400,2.18,0.03792,0.00000
stec8|S3010,147400,3.73,0.05618,0.00000
stec8|S3010,147400,5.26,0.05618,0.00000
stec8|S3010,147400,6.81,0.05449,0.00000
stec8|S3010,147400,8.31,0.04430,0.00000
stec8|S3010,147400,9.85,0.03518,0.00000
stec8|S3010,147400,11.34,0.07509,0.00000
stec8|S3010,203900,-3.92,-0.06133,0.00000
stec8|S3010,203900,-2.41,0.01096,0.00000
stec8|S3010,203900,-0.88,0.04110,0.00000
stec8|S3010,203900,0.67,0.04573,0.00000
stec8|S3010,203900,2.2,0.05472,0.00000
stec8|S3010,203900,3.71,0.07204,0.00000
stec8|S3010,203900,5.25,0.07204,0.00000
stec8|S3010,203900,6.78,0.06873,0.00000
stec8|S3010,203900,8.31,0.06223,0.00000
stec8|S3010,203900,9.85,0.05149,0.00000
stec8|S3010,203900,11.34,0.10266,0.00000
stec8|S3010,301000,-3.98,-0.03431,0.00000
stec8|S3010,301000,-2.94,0.01608,0.00000
stec8|S3010,301000,-1.91,0.07152,0.00000
stec8|S3010,301000,-0.92,0.07152,0.00000
stec8|S3010,301000,0.14,0.07390,0.00000
stec8|S3010,301000,1.14,0.07614,0.00000
stec8|S3010,301000,2.18,0.08513,0.00000
stec8|S3010,301000,3.19,0.10340,0.00000
stec8|S3010,301000,4.24,0.10934,0.00000
stec8|S3010,301000,5.25,0.10246,0.00000
stec8|S3010,301000,6.28,0.09915,0.00000
stec8|S3010,301000,7.29,0.09475,0.00000
stec8|S3010,301000,8.32,0.09218,0.00000
stec8|S3010,301000,9.34,0.08602,0.00000
stec8|S3010,301000,10.34,0.08349,0.00000
stec8|S3010,301000,11.33,0.13716,0.00000
stec8|S3014,62000,-3.93,-0.26970,0.00000
stec8|S3014,62000,-2.92,-0.20098,0.00000
stec8|S3014,62000,-1.89,-0.13827,0.00000
stec8|S3014,62000,-0.86,-0.13718,0.00000
stec8|S3014,62000,0.17,-0.10178,0.00000
stec8|S3014,62000,1.21,-0.04018,0.00000
stec8|S3014,62000,2.23,-0.02858,0.00000
stec8|S3014,62000,3.25,-0.00508,0.00000
stec8|S3014,62000,4.27,-0.00265,0.00000
stec8|S3014,62000,5.28,-0.00480,0.00000
stec8|S3014,62000,6.29,-0.00480,0.00000
stec8|S3014,62000,7.32,-0.00722,0.00000
stec8|S3014,62000,8.33,-0.02214,0.00000
stec8|S3014,62000,9.34,-0.07375,0.00000
stec8|S3014,62000,10.35,-0.14869,0.00000
stec8|S3014,99900,-3.93,-0.22164,0.00000
stec8|S3014,99900,-2.89,-0.15454,0.00000
stec8|S3014,99900,-1.87,-0.08850,0.00000
stec8|S3014,99900,-0.84,-0.00874,0.00000
stec8|S3014,99900,0.17,0.01819,0.00000
stec8|S3014,99900,1.2,0.01819,0.00000
stec8|S3014,99900,2.23,0.03622,0.00000
stec8|S3014,99900,3.24,0.05463,0.00000
stec8|S3014,99900,4.26,0.05706,0.00000
stec8|S3014,99900,5.28,0.05492,0.00000
stec8|S3014,99900,6.3,0.05492,0.00000
stec8|S3014,99900,7.31,0.05153,0.00000
stec8|S3014,99900,8.32,0.04492,0.00000
stec8|S3014,99900,9.34,0.02287,0.00000
stec8|S3014,99900,10.35,0.00327,0.00000
stec8|S3014,99900,11.35,0.00531,0.00000
stec8|S3014,151500,-3.91,-0.13123,0.00000
stec8|S3014,151500,-2.88,-0.07811,0.00000
stec8|S3014,151500,0.17,0.02228,0.00000
stec8|S3014,151500,2.22,0.04031,0.00000
stec8|S3014,151500,4.27,0.06116,0.00000
stec8|S3014,151500,6.3,0.05659,0.00000
stec8|S3014,151500,7.31,0.04901,0.00000
stec8|S3014,151500,8.33,0.04901,0.00000
stec8|S3014,151500,9.34,0.03557,0.00000
stec8|S3014,151500,10.35,0.01726,0.00000
stec8|S3014,151500,11.34,0.06638,0.00000
stec8|S3014,200800,-3.92,-0.10080,0.00000
stec8|S3014,200800,-2.9,-0.03480,0.00000
stec8|S3014,200800,-1.88,0.02064,0.00000
stec8|S3014,200800,-0.85,0.02987,0.00000
stec8|S3014,200800,0.17,0.03759,0.00000
stec8|S3014,200800,1.19,0.03759,0.00000
stec8|S3014,200800,2.21,0.05562,0.00000
stec8|S3014,200800,3.24,0.07403,0.00000
stec8|S3014,200800,4.26,0.07646,0.00000
stec8|S3014,200800,5.27,0.07432,0.00000
stec8|S3014,200800,6.3,0.07093,0.00000
stec8|S3014,200800,7.31,0.06432,0.00000
stec8|S3014,200800,8.34,0.06074,0.00000
stec8|S3014,200800,9.35,0.05088,0.00000
stec8|S3014,200800,10.36,0.04653,0.00000
stec8|S3014,200800,11.36,0.09984,0.00000
stec8|S3014,303700,-2.89,0.01072,0.00000
stec8|S3014,303700,-1.88,0.04948,0.00000
stec8|S3014,303700,-0.99,0.05240,0.00000
stec8|S3014,303700,0.17,0.06378,0.00000
stec8|S3014,303700,1.19,0.06378,0.00000
stec8|S3014,303700,2.22,0.08181,0.00000
stec8|S3014,303700,3.23,0.10022,0.00000
stec8|S3014,303700,4.26,0.10265,0.00000
stec8|S3014,303700,5.28,0.10050,0.00000
stec8|S3014,303700,6.29,0.09712,0.00000
stec8|S3014,303700,7.31,0.09051,0.00000
stec8|S3016,59100,-3.98,-0.25043,0.00000
stec8|S3016,59100,-2.96,-0.17070,0.00000
stec8|S3016,59100,-1.94,-0.13334,0.00000
stec8|S3016,59100,-0.9,-0.13055,0.00000
stec8|S3016,59100,0.13,-0.08269,0.00000
stec8|S3016,59100,1.15,-0.03496,0.00000
stec8|S3016,59100,2.19,-0.02335,0.00000
stec8|S3016,59100,3.2,-0.00787,0.00000
stec8|S3016,59100,4.21,-0.00474,0.00000
stec8|S3016,59100,5.24,-0.00633,0.00000
stec8|S3016,59100,6.25,-0.00633,0.00000
stec8|S3016,59100,7.27,-0.00633,0.00000
stec8|S3016,59100,8.28,-0.04927,0.00000
stec8|S3016,59100,9.3,-0.08064,0.00000
stec8|S3016,59100,10.31,-0.13181,0.00000
stec8|S3016,103300,-4.99,-0.25822,0.00000
stec8|S3016,103300,-3.98,-0.20453,0.00000
stec8|S3016,103300,-2.96,-0.13007,0.00000
stec8|S3016,103300,-1.92,-0.10088,0.00000
stec8|S3016,103300,-0.9,-0.02066,0.00000
stec8|S3016,103300,0.13,0.01371,0.00000
stec8|S3016,103300,1.15,0.02212,0.00000
stec8|S3016,103300,2.19,0.04347,0.00000
stec8|S3016,103300,3.19,0.04347,0.00000
stec8|S3016,103300,4.22,0.04784,0.00000
stec8|S3016,103300,5.24,0.04784,0.00000
stec8|S3016,103300,6.24,0.04784,0.00000
stec8|S3016,103300,7.27,0.04406,0.00000
stec8|S3016,103300,8.28,0.04072,0.00000
stec8|S3016,103300,9.29,0.03168,0.00000
stec8|S3016,152700,-4.99,-0.26056,0.00000
stec8|S3016,152700,-3.96,-0.15275,0.00000
stec8|S3016,152700,-2.94,-0.11487,0.00000
stec8|S3016,152700,-1.91,-0.04695,0.00000
stec8|S3016,152700,-0.89,0.00312,0.00000
stec8|S3016,152700,0.14,0.02063,0.00000
stec8|S3016,152700,1.15,0.02212,0.00000
stec8|S3016,152700,2.17,0.04347,0.00000
stec8|S3016,152700,3.2,0.04347,0.00000
stec8|S3016,152700,4.21,0.04784,0.00000
stec8|S3016,152700,5.23,0.04784,0.00000
stec8|S3016,152700,6.25,0.04784,0.00000
stec8|S3016,152700,7.27,0.04403,0.00000
stec8|S3016,152700,8.29,0.04146,0.00000
stec8|S3016,152700,9.32,0.03362,0.00000
stec8|S3016,208900,-4.96,-0.17363,0.00000
stec8|S3016,208900,-3.96,-0.12143,0.00000
stec8|S3016,208900,-2.93,-0.07678,0.00000
stec8|S3016,208900,-1.93,-0.00904,0.00000
stec8|S3016,208900,-0.9,0.03434,0.00000
stec8|S3016,208900,0.14,0.03989,0.00000
stec8|S3016,208900,1.15,0.04138,0.00000
stec8|S3016,208900,2.18,0.06273,0.00000
stec8|S3016,208900,3.19,0.06273,0.00000
stec8|S3016,208900,4.22,0.06750,0.00000
stec8|S3016,208900,5.24,0.06750,0.00000
stec8|S3016,208900,6.27,0.06750,0.00000
stec8|S3016,208900,7.27,0.06369,0.00000
stec8|S3016,208900,8.31,0.05659,0.00000
stec8|S3016,208900,9.31,0.05659,0.00000
stec8|S3016,208900,10.32,0.05001,0.00000
stec8|S3016,208900,11.34,0.13301,0.00000
stec8|S3016,304800,-4.99,-0.09958,0.00000
stec8|S3016,304800,-3.98,-0.07893,0.00000
stec8|S3016,304800,-2.95,-0.04431,0.00000
stec8|S3016,304800,-1.92,0.01314,0.00000
stec8|S3016,304800,-0.9,0.03641,0.00000
stec8|S3016,304800,0.11,0.05923,0.00000
stec8|S3016,304800,1.16,0.06073,0.00000
stec8|S3016,304800,2.17,0.06938,0.00000
stec8|S3016,304800,3.2,0.08207,0.00000
stec8|S3016,304800,4.22,0.09131,0.00000
stec8|S3016,304800,5.23,0.08684,0.00000
stec8|S3016,304800,6.25,0.08303,0.00000
stec8|S3016,304800,7.28,0.08312,0.00000
stec8|S3016,304800,8.3,0.07593,0.00000
stec8|S3016,304800,9.32,0.07593,0.00000
stec8|S3016,304800,10.33,0.07823,0.00000
stec8|S3016,304800,11.33,0.12966,0.00000
stec8|S3021A,58800,-3.96,-0.26104,0.00000
stec8|S3021A,58800,-2.94,-0.20085,0.00000
stec8|S3021A,58800,-1.92,-0.15137,0.00000
stec8|S3021A,58800,-0.9,-0.11812,0.00000
stec8|S3021A,58800,0.13,-0.06645,0.00000
stec8|S3021A,58800,1.16,-0.03989,0.00000
stec8|S3021A,58800,2.18,-0.03458,0.00000
stec8|S3021A,58800,3.2,-0.01522,0.00000
stec8|S3021A,58800,4.22,-0.01114,0.00000
stec8|S3021A,58800,5.25,-0.01114,0.00000
stec8|S3021A,58800,6.26,-0.01368,0.00000
stec8|S3021A,58800,7.28,-0.01368,0.00000
stec8|S3021A,58800,8.29,-0.02283,0.00000
stec8|S3021A,58800,9.31,-0.05045,0.00000
stec8|S3021A,58800,10.32,-0.12293,0.00000
stec8|S3021A,58800,11.33,-0.19347,0.00000
stec8|S3021A,99500,-3.95,-0.21783,0.00000
stec8|S3021A,99500,-2.95,-0.12310,0.00000
stec8|S3021A,99500,-1.92,-0.04784,0.00000
stec8|S3021A,99500,-0.87,0.00425,0.00000
stec8|S3021A,99500,0.15,0.01336,0.00000
stec8|S3021A,99500,1.17,0.01668,0.00000
stec8|S3021A,99500,2.18,0.03342,0.00000
stec8|S3021A,99500,3.21,0.04504,0.00000
stec8|S3021A,99500,4.21,0.04504,0.00000
stec8|S3021A,99500,5.25,0.04504,0.00000
stec8|S3021A,99500,6.27,0.04504,0.00000
stec8|S3021A,99500,7.29,0.04504,0.00000
stec8|S3021A,99500,8.3,0.03854,0.00000
stec8|S3021A,99500,9.32,0.01260,0.00000
stec8|S3021A,99500,10.33,-0.00536,0.00000
stec8|S3021A,99500,11.34,0.02494,0.00000
stec8|S3021A,149300,-2.0,-0.01375,0.00000
stec8|S3021A,149300,-0.88,0.01461,0.00000
stec8|S3021A,149300,1.16,0.01934,0.00000
stec8|S3021A,149300,3.22,0.04771,0.00000
stec8|S3021A,149300,5.26,0.04771,0.00000
stec8|S3021A,149300,7.29,0.04494,0.00000
stec8|S3021A,149300,9.34,0.00990,0.00000
stec8|S3021A,149300,10.35,-0.00270,0.00000
stec8|S3021A,149300,11.34,0.03654,0.00000
stec8|S3021A,200600,-4.03,-0.10123,0.00000
stec8|S3021A,200600,-2.99,-0.06802,0.00000
stec8|S3021A,200600,-1.9,0.02521,0.00000
stec8|S3021A,200600,-0.93,0.03989,0.00000
stec8|S3021A,200600,0.15,0.04131,0.00000
stec8|S3021A,200600,1.18,0.04463,0.00000
stec8|S3021A,200600,2.19,0.05663,0.00000
stec8|S3021A,200600,3.21,0.07300,0.00000
stec8|S3021A,200600,4.24,0.07300,0.00000
stec8|S3021A,200600,5.25,0.07300,0.00000
stec8|S3021A,200600,6.27,0.07300,0.00000
stec8|S3021A,200600,7.29,0.07023,0.00000
stec8|S3021A,200600,8.31,0.06257,0.00000
stec8|S3021A,200600,9.32,0.03916,0.00000
stec8|S3021A,200600,10.34,0.00656,0.00000
stec8|S3021A,200600,11.33,0.08754,0.00000
stec8|S3021A,303700,-3.94,-0.03522,0.00000
stec8|S3021A,303700,-2.92,0.01186,0.00000
stec8|S3021A,303700,-1.95,0.06532,0.00000
stec8|S3021A,303700,-0.92,0.07177,0.00000
stec8|S3021A,303700,0.12,0.07318,0.00000
stec8|S3021A,303700,1.17,0.07651,0.00000
stec8|S3021A,303700,2.17,0.08850,0.00000
stec8|S3021A,303700,3.21,0.10487,0.00000
stec8|S3021A,303700,4.23,0.10487,0.00000
stec8|S3021A,303700,5.26,0.10487,0.00000
stec8|S3021A,303700,6.27,0.10487,0.00000
stec8|S3021A,303700,7.29,0.10056,0.00000
stec8|S3021A,303700,8.31,0.08445,0.00000
stec8|S3021A,303700,9.33,0.07637,0.00000
stec8|S3021A,303700,10.34,0.00225,0.00000
stec8|S3021B,99300,-2.96,-0.12349,0.00000
stec8|S3021B,99300,-1.93,-0.04823,0.00000
stec8|S3021B,99300,-0.87,0.00385,0.00000
stec8|S3021B,99300,0.15,0.01296,0.00000
stec8|S3021B,99300,1.16,0.01628,0.00000
stec8|S3021B,99300,2.19,0.03302,0.00000
stec8|S3021B,99300,3.21,0.04465,0.00000
stec8|S3021B,99300,4.22,0.04465,0.00000
stec8|S3021B,99300,5.25,0.04465,0.00000
stec8|S3021B,99300,6.26,0.04465,0.00000
stec8|S3021B,99300,7.28,0.04465,0.00000
stec8|S3021B,99300,8.29,0.03814,0.00000
stec8|S3021B,99300,9.31,0.00662,0.00000
stec8|S3021B,99300,10.31,-0.01134,0.00000
stec8|S3021B,201300,-2.97,-0.04811,0.00000
stec8|S3021B,201300,-1.93,0.02521,0.00000
stec8|S3021B,201300,-0.94,0.03989,0.00000
stec8|S3021B,201300,0.11,0.04131,0.00000
stec8|S3021B,201300,1.14,0.04463,0.00000
stec8|S3021B,201300,2.17,0.05663,0.00000
stec8|S3021B,201300,3.19,0.07300,0.00000
stec8|S3021B,201300,4.22,0.07300,0.00000
stec8|S3021B,201300,5.24,0.07300,0.00000
stec8|S3021B,201300,6.27,0.07300,0.00000
stec8|S3021B,201300,7.27,0.07023,0.00000
stec8|S3021B,201300,8.29,0.06257,0.00000
stec8|S3021B,201300,9.3,0.03916,0.00000
stec8|S3021B,201300,10.3,0.00656,0.00000
stec8|S3021B,201300,11.31,0.12169,0.00000
stec8|S3021B,304800,-2.99,0.01186,0.00000
stec8|S3021B,304800,-1.96,0.06532,0.00000
stec8|S3021B,304800,-0.98,0.07177,0.00000
stec8|S3021B,304800,0.05,0.07318,0.00000
stec8|S3021B,304800,1.08,0.07318,0.00000
stec8|S3021B,304800,2.14,0.08850,0.00000
stec8|S3021B,304800,3.19,0.10487,0.00000
stec8|S3021B,304800,4.2,0.10487,0.00000
stec8|S3021B,304800,5.23,0.10487,0.00000
stec8|S3021B,304800,6.25,0.10487,0.00000
stec8|S3021B,304800,7.27,0.10056,0.00000
stec8|S3021B,304800,8.28,0.08445,0.00000
stec8|S3021B,304800,9.3,0.07637,0.00000
stec8|S3021B,304800,10.31,0.00225,0.00000
stec8|S4061A,60400,-3.94,-0.38179,0.00000
stec8|S4061A,60400,-2.92,-0.20217,0.00000
stec8|S4061A,60400,-1.9,-0.19479,0.00000
stec8|S4061A,60400,-0.87,-0.10211,0.00000
stec8|S4061A,60400,0.17,-0.03774,0.00000
stec8|S4061A,60400,1.2,-0.03570,0.00000
stec8|S4061A,60400,2.2,-0.02261,0.00000
stec8|S4061A,60400,3.22,-0.01625,0.00000
stec8|S4061A,60400,4.26,-0.01157,0.00000
stec8|S4061A,60400,5.26,-0.01704,0.00000
stec8|S4061A,60400,6.29,-0.02053,0.00000
stec8|S4061A,60400,7.31,-0.01567,0.00000
stec8|S4061A,60400,8.32,-0.00666,0.00000
stec8|S4061A,60400,9.33,-0.02415,0.00000
stec8|S4061A,60400,10.35,-0.11256,0.00000
stec8|S4061A,99800,-3.92,-0.14903,0.00000
stec8|S4061A,99800,-2.89,-0.08461,0.00000
stec8|S4061A,99800,-1.87,-0.00796,0.00000
stec8|S4061A,99800,-0.86,0.01281,0.00000
stec8|S4061A,99800,0.17,0.02077,0.00000
stec8|S4061A,99800,1.19,0.03442,0.00000
stec8|S4061A,99800,2.21,0.04448,0.00000
stec8|S4061A,99800,3.24,0.04763,0.00000
stec8|S4061A,99800,4.25,0.04763,0.00000
stec8|S4061A,99800,5.28,0.04763,0.00000
stec8|S4061A,99800,6.28,0.04763,0.00000
stec8|S4061A,99800,7.31,0.04719,0.00000
stec8|S4061A,99800,8.32,0.04280,0.00000
stec8|S4061A,99800,9.33,0.01296,0.00000
stec8|S4061A,99800,10.34,-0.01685,0.00000
stec8|S4061A,200400,-3.95,-0.02616,0.00000
stec8|S4061A,200400,-2.93,0.01705,0.00000
stec8|S4061A,200400,-1.89,0.02882,0.00000
stec8|S4061A,200400,-0.86,0.03697,0.00000
stec8|S4061A,200400,0.16,0.03987,0.00000
stec8|S4061A,200400,1.18,0.05353,0.00000
stec8|S4061A,200400,2.19,0.06358,0.00000
stec8|S4061A,200400,3.22,0.06674,0.00000
stec8|S4061A,200400,4.26,0.06674,0.00000
stec8|S4061A,200400,5.27,0.06674,0.00000
stec8|S4061A,200400,6.3,0.06674,0.00000
stec8|S4061A,200400,7.3,0.06633,0.00000
stec8|S4061A,200400,8.32,0.06222,0.00000
stec8|S4061A,200400,9.33,0.03703,0.00000
stec8|S4061A,200400,10.34,-0.04221,0.00000
stec8|S4061A,200400,11.33,-0.03233,0.00000
stec8|S4061B,60200,-2.91,-0.24878,0.00000
stec8|S4061B,60200,-1.89,-0.21304,0.00000
stec8|S4061B,60200,-0.88,-0.09461,0.00000
stec8|S4061B,60200,0.15,-0.03117,0.00000
stec8|S4061B,60200,1.18,-0.02452,0.00000
stec8|S4061B,60200,2.2,-0.00790,0.00000
stec8|S4061B,60200,3.23,0.00529,0.00000
stec8|S4061B,60200,4.24,0.00529,0.00000
stec8|S4061B,60200,5.27,0.00529,0.00000
stec8|S4061B,60200,6.28,0.01550,0.00000
stec8|S4061B,60200,7.31,0.00817,0.00000
stec8|S4061B,60200,8.33,-0.00077,0.00000
stec8|S4061B,60200,9.34,-0.01765,0.00000
stec8|S4061B,60200,10.33,-0.09479,0.00000
stec8|S4061B,60200,11.36,-0.12434,0.00000
stec8|S4061B,100000,-2.9,-0.08383,0.00000
stec8|S4061B,100000,-1.87,-0.01291,0.00000
stec8|S4061B,100000,-0.84,0.01115,0.00000
stec8|S4061B,100000,0.18,0.03221,0.00000
stec8|S4061B,100000,1.2,0.04120,0.00000
stec8|S4061B,100000,2.22,0.05946,0.00000
stec8|S4061B,100000,3.24,0.05946,0.00000
stec8|S4061B,100000,4.26,0.05946,0.00000
stec8|S4061B,100000,5.28,0.05946,0.00000
stec8|S4061B,100000,6.31,0.05946,0.00000
stec8|S4061B,100000,7.31,0.05946,0.00000
stec8|S4061B,100000,8.33,0.04670,0.00000
stec8|S4061B,100000,9.34,0.02811,0.00000
stec8|S4061B,100000,10.35,0.00524,0.00000
stec8|S4061B,100000,11.37,-0.02297,0.00000
stec8|S4061B,150800,-1.87,0.00042,0.00000
stec8|S4061B,150800,0.16,0.03674,0.00000
stec8|S4061B,150800,2.23,0.06400,0.00000
stec8|S4061B,150800,4.25,0.06400,0.00000
stec8|S4061B,150800,6.31,0.06400,0.00000
stec8|S4061B,150800,7.33,0.06400,0.00000
stec8|S4061B,150800,8.34,0.04956,0.00000
stec8|S4061B,150800,9.34,0.02165,0.00000
stec8|S4061B,150800,10.36,0.00564,0.00000
stec8|S4061B,198900,-4.97,-0.12317,0.00000
stec8|S4061B,198900,-3.99,-0.04287,0.00000
stec8|S4061B,198900,-2.95,-0.00911,0.00000
stec8|S4061B,198900,-1.91,0.02835,0.00000
stec8|S4061B,198900,-0.91,0.04749,0.00000
stec8|S4061B,198900,0.16,0.05067,0.00000
stec8|S4061B,198900,1.16,0.05966,0.00000
stec8|S4061B,198900,2.21,0.07698,0.00000
stec8|S4061B,198900,3.24,0.07698,0.00000
stec8|S4061B,198900,4.24,0.07698,0.00000
stec8|S4061B,198900,5.28,0.07698,0.00000
stec8|S4061B,198900,6.3,0.07698,0.00000
stec8|S4061B,198900,7.32,0.07698,0.00000
stec8|S4061B,198900,8.34,0.06671,0.00000
stec8|S4061B,198900,9.35,0.03524,0.00000
stec8|S4061B,198900,10.35,-0.02553,0.00000
stec8|S4061B,198900,11.36,-0.02856,0.00000
stec8|S4061B,300300,-3.92,-0.01644,0.00000
stec8|S4061B,300300,-2.91,0.03733,0.00000
stec8|S4061B,300300,-1.87,0.06133,0.00000
stec8|S4061B,300300,-0.85,0.08173,0.00000
stec8|S4061B,300300,0.18,0.08397,0.00000
stec8|S4061B,300300,1.2,0.09296,0.00000
stec8|S4061B,300300,2.21,0.11122,0.00000
stec8|S4061B,300300,3.22,0.11716,0.00000
stec8|S4061B,300300,4.25,0.11716,0.00000
stec8|S4061B,300300,5.24,0.11716,0.00000
stec8|S4062,59300,-2.9,-0.25237,0.00000
stec8|S4062,59300,-1.88,-0.21618,0.00000
stec8|S4062,59300,-0.86,-0.13528,0.00000
stec8|S4062,59300,0.16,-0.14437,0.00000
stec8|S4062,59300,1.17,-0.09471,0.00000
stec8|S4062,59300,2.21,-0.02630,0.00000
stec8|S4062,59300,3.23,-0.01031,0.00000
stec8|S4062,59300,4.26,-0.03877,0.00000
stec8|S4062,59300,5.29,0.00186,0.00000
stec8|S4062,59300,6.3,0.01519,0.00000
stec8|S4062,59300,7.32,0.01074,0.00000
stec8|S4062,59300,8.33,-0.00804,0.00000
stec8|S4062,59300,9.35,-0.09421,0.00000
stec8|S4062,59300,10.35,-0.10948,0.00000
stec8|S4062,59300,11.35,-0.11374,0.00000
stec8|S4062,98900,-3.9,-0.19815,0.00000
stec8|S4062,98900,-2.89,-0.07856,0.00000
stec8|S4062,98900,-1.86,-0.02159,0.00000
stec8|S4062,98900,-0.84,-0.00597,0.00000
stec8|S4062,98900,0.18,-0.00943,0.00000
stec8|S4062,98900,1.21,0.01451,0.00000
stec8|S4062,98900,2.23,0.03277,0.00000
stec8|S4062,98900,3.25,0.03277,0.00000
stec8|S4062,98900,4.27,0.03277,0.00000
stec8|S4062,98900,5.29,0.04010,0.00000
stec8|S4062,98900,6.31,0.04703,0.00000
stec8|S4062,98900,7.33,0.03964,0.00000
stec8|S4062,98900,8.34,0.02092,0.00000
stec8|S4062,98900,9.34,-0.00113,0.00000
stec8|S4062,98900,10.36,-0.06271,0.00000
stec8|S4062,150200,-3.92,-0.06836,0.00000
stec8|S4062,150200,-2.88,-0.00950,0.00000
stec8|S4062,150200,-1.84,0.01827,0.00000
stec8|S4062,150200,-0.82,0.02437,0.00000
stec8|S4062,150200,0.18,0.04831,0.00000
stec8|S4062,150200,1.19,0.06498,0.00000
stec8|S4062,150200,2.22,0.06658,0.00000
stec8|S4062,150200,3.25,0.06658,0.00000
stec8|S4062,150200,4.27,0.06658,0.00000
stec8|S4062,150200,5.29,0.06658,0.00000
stec8|S4062,150200,6.31,0.06658,0.00000
stec8|S4062,150200,7.32,0.06074,0.00000
stec8|S4062,150200,8.34,0.03393,0.00000
stec8|S4062,150200,9.34,0.01265,0.00000
stec8|S4062,150200,10.35,0.00977,0.00000
stec8|S4062,150200,11.36,0.00862,0.00000
stec8|S4062,201600,-4.93,-0.10089,0.00000
stec8|S4062,201600,-3.95,-0.03061,0.00000
stec8|S4062,201600,-2.9,0.00349,0.00000
stec8|S4062,201600,-1.86,0.05006,0.00000
stec8|S4062,201600,-0.85,0.05230,0.00000
stec8|S4062,201600,0.19,0.06130,0.00000
stec8|S4062,201600,1.21,0.07956,0.00000
stec8|S4062,201600,2.23,0.07956,0.00000
stec8|S4062,201600,3.26,0.07956,0.00000
stec8|S4062,201600,4.28,0.07956,0.00000
stec8|S4062,201600,5.3,0.07956,0.00000
stec8|S4062,201600,6.31,0.07956,0.00000
stec8|S4062,201600,7.33,0.07579,0.00000
stec8|S4062,201600,8.34,0.04078,0.00000
stec8|S4062,201600,9.35,0.03524,0.00000
stec8|S4062,201600,10.36,0.02678,0.00000
stec8|S4062,201600,11.36,0.06852,0.00000
stec8|S4062,304900,-3.91,0.02795,0.00000
stec8|S4062,304900,-2.88,0.06081,0.00000
stec8|S4062,304900,-1.86,0.08228,0.00000
stec8|S4062,304900,-0.86,0.08366,0.00000
stec8|S4062,304900,0.17,0.09265,0.00000
stec8|S4062,304900,1.19,0.11092,0.00000
stec8|S4062,304900,2.23,0.11686,0.00000
stec8|S4062,304900,3.25,0.11686,0.00000
stec8|S4062,304900,4.26,0.11686,0.00000
stec8|S4062,304900,5.29,0.11686,0.00000
stec8|S4062,304900,6.31,0.10666,0.00000
stec8|S4180,106400,-2.91,0.00186,0.00000
stec8|S4180,106400,-0.88,0.01911,0.00000
stec8|S4180,106400,1.16,0.04550,0.00000
stec8|S4180,106400,3.23,0.04986,0.00000
stec8|S4180,106400,5.26,0.04986,0.00000
stec8|S4180,106400,7.29,0.04439,0.00000
stec8|S4180,106400,8.32,0.03921,0.00000
stec8|S4180,106400,9.33,0.02792,0.00000
stec8|S4180,106400,10.33,0.02097,0.00000
stec8|S4180,106400,11.34,0.07441,0.00000
stec8|S4180,201800,-2.92,0.03532,0.00000
stec8|S4180,201800,-0.86,0.04565,0.00000
stec8|S4180,201800,1.18,0.06812,0.00000
stec8|S4180,201800,3.23,0.07249,0.00000
stec8|S4180,201800,5.27,0.07249,0.00000
stec8|S4180,201800,7.3,0.06702,0.00000
stec8|S4180,201800,8.32,0.05766,0.00000
stec8|S4180,201800,9.33,0.05386,0.00000
stec8|S4180,201800,10.32,0.04345,0.00000
stec8|S4180,201800,11.34,0.11060,0.00000
stec8|S4180,304700,-2.95,0.06210,0.00000
stec8|S4180,304700,-1.93,0.07158,0.00000
stec8|S4180,304700,-0.87,0.07740,0.00000
stec8|S4180,304700,0.14,0.08612,0.00000
stec8|S4180,304700,1.17,0.09881,0.00000
stec8|S4180,304700,2.19,0.10805,0.00000
stec8|S4180,304700,3.2,0.10805,0.00000
stec8|S4180,304700,4.24,0.09991,0.00000
stec8|S4180,304700,5.26,0.09991,0.00000
stec8|S4180,304700,6.28,0.09677,0.00000
stec8|S4180,304700,7.3,0.09444,0.00000
stec8|S4180,304700,8.32,0.08128,0.00000
stec8|S4180,304700,9.32,0.07870,0.00000
stec8|S4180,304700,10.32,0.07417,0.00000
stec8|S4233,60300,-2.92,-0.09515,0.00000
stec8|S4233,60300,-1.9,-0.05519,0.00000
stec8|S4233,60300,-0.88,-0.03355,0.00000
stec8|S4233,60300,0.15,-0.02020,0.00000
stec8|S4233,60300,1.16,-0.02057,0.00000
stec8|S4233,101300,-6.97,-0.19833,0.00000
stec8|S4233,101300,-5.97,-0.09253,0.00000
stec8|S4233,101300,-4.94,-0.05706,0.00000
stec8|S4233,101300,-3.94,-0.04579,0.00000
stec8|S4233,101300,-2.91,-0.01167,0.00000
stec8|S4233,101300,-1.9,0.02004,0.00000
stec8|S4233,101300,-0.89,0.01907,0.00000
stec8|S4233,101300,0.15,0.02679,0.00000
stec8|S4233,101300,1.17,0.03530,0.00000
stec8|S4233,101300,2.19,0.05404,0.00000
stec8|S4233,101300,3.22,0.06421,0.00000
stec8|S4233,101300,4.23,0.06567,0.00000
stec8|S4233,101300,5.25,0.06352,0.00000
stec8|S4233,101300,6.28,0.06352,0.00000
stec8|S4233,101300,7.3,0.06352,0.00000
stec8|S4233,101300,8.33,0.05991,0.00000
stec8|S4233,101300,9.34,0.05603,0.00000
stec8|S4233,101300,10.35,0.04270,0.00000
stec8|S4233,101300,11.35,0.05591,0.00000
stec8|S4233,127300,-4.97,-0.05051,0.00000
stec8|S4233,127300,-3.95,-0.03084,0.00000
stec8|S4233,127300,-2.92,-0.00702,0.00000
stec8|S4233,127300,-1.9,0.02062,0.00000
stec8|S4233,127300,-0.87,0.02024,0.00000
stec8|S4233,127300,0.13,0.02797,0.00000
stec8|S4233,127300,1.16,0.04600,0.00000
stec8|S4233,127300,2.18,0.06441,0.00000
stec8|S4233,127300,3.2,0.06684,0.00000
stec8|S4233,127300,4.23,0.06684,0.00000
stec8|S4233,127300,5.25,0.06469,0.00000
stec8|S4233,127300,6.27,0.06469,0.00000
stec8|S4233,127300,7.28,0.06469,0.00000
stec8|S4233,127300,8.3,0.06109,0.00000
stec8|S4233,127300,9.33,0.05721,0.00000
stec8|S4233,150200,-4.94,-0.04386,0.00000
stec8|S4233,150200,-3.92,-0.02754,0.00000
stec8|S4233,150200,-2.91,0.00871,0.00000
stec8|S4233,150200,-1.89,0.01839,0.00000
stec8|S4233,150200,-0.86,0.01802,0.00000
stec8|S4233,150200,0.16,0.02574,0.00000
stec8|S4233,150200,1.18,0.04377,0.00000
stec8|S4233,150200,2.2,0.06218,0.00000
stec8|S4233,150200,3.24,0.06462,0.00000
stec8|S4233,150200,4.25,0.06462,0.00000
stec8|S4233,150200,5.28,0.06247,0.00000
stec8|S4233,150200,6.3,0.06247,0.00000
stec8|S4233,150200,7.32,0.06247,0.00000
stec8|S4233,150200,8.35,0.05886,0.00000
stec8|S4233,150200,9.35,0.05256,0.00000
stec8|S4233,150200,10.37,0.03516,0.00000
stec8|S4233,200200,-5.05,-0.02266,0.00000
stec8|S4233,200200,-3.99,-0.01660,0.00000
stec8|S4233,200200,-2.97,0.02402,0.00000
stec8|S4233,200200,-1.94,0.03370,0.00000
stec8|S4233,200200,-0.9,0.03333,0.00000
stec8|S4233,200200,0.13,0.04105,0.00000
stec8|S4233,200200,1.15,0.04956,0.00000
stec8|S4233,200200,2.18,0.07749,0.00000
stec8|S4233,200200,3.22,0.07993,0.00000
stec8|S4233,200200,4.24,0.07993,0.00000
stec8|S4233,200200,5.27,0.07778,0.00000
stec8|S4233,200200,6.3,0.07778,0.00000
stec8|S4233,200200,7.31,0.07778,0.00000
stec8|S4233,200200,8.34,0.07417,0.00000
stec8|S4233,200200,9.36,0.06691,0.00000
stec8|S4233,200200,10.36,0.04866,0.00000
stec8|S4233,305100,-5.97,-0.01011,0.00000
stec8|S4233,305100,-4.95,-0.00700,0.00000
stec8|S4233,305100,-3.98,0.01294,0.00000
stec8|S4233,305100,-2.98,0.03823,0.00000
stec8|S4233,305100,-1.98,0.05943,0.00000
stec8|S4233,305100,-0.98,0.05906,0.00000
stec8|S4233,305100,0.11,0.06413,0.00000
stec8|S4233,305100,1.17,0.07264,0.00000
stec8|S4233,305100,2.17,0.09138,0.00000
stec8|S4233,305100,3.23,0.10301,0.00000
stec8|S4233,305100,4.25,0.10301,0.00000
stec8|S4233,305100,5.27,0.10086,0.00000
stec8|S4233,305100,6.29,0.10086,0.00000
stec8|S4233,305100,7.32,0.10086,0.00000
stec8|S4233,305100,8.34,0.09725,0.00000
stec8|S4233,305100,9.34,0.09436,0.00000
stec8|S4233,305100,10.35,0.07558,0.00000
stec8|S4233,305100,11.35,0.06118,0.00000
stec8|SD2030,101000,-2.94,-0.15570,0.00000
stec8|SD2030,101000,-0.91,-0.11092,0.00000
stec8|SD2030,101000,0.11,-0.06223,0.00000
stec8|SD2030,101000,1.66,-0.01065,0.00000
stec8|SD2030,101000,3.19,0.03631,0.00000
stec8|SD2030,101000,4.72,0.04068,0.00000
stec8|SD2030,101000,6.27,0.04068,0.00000
stec8|SD2030,101000,7.76,0.02646,0.00000
stec8|SD2030,150200,-2.94,-0.13590,0.00000
stec8|SD2030,150200,-1.39,-0.09572,0.00000
stec8|SD2030,150200,0.13,-0.01065,0.00000
stec8|SD2030,150200,1.66,0.00804,0.00000
stec8|SD2030,150200,3.23,0.03786,0.00000
stec8|SD2030,150200,4.74,0.04068,0.00000
stec8|SD2030,150200,6.26,0.03687,0.00000
stec8|SD2030,150200,7.78,0.02646,0.00000
stec8|SD2030,150200,9.32,-0.00246,0.00000
stec8|SD2030,150200,10.81,0.03733,0.00000
stec8|SD2030,198100,-3.96,-0.15894,0.00000
stec8|SD2030,198100,-2.94,-0.10263,0.00000
stec8|SD2030,198100,-1.93,-0.07680,0.00000
stec8|SD2030,198100,-0.9,-0.00761,0.00000
stec8|SD2030,198100,0.14,0.02704,0.00000
stec8|SD2030,198100,1.18,0.03504,0.00000
stec8|SD2030,198100,2.2,0.06283,0.00000
stec8|SD2030,198100,3.23,0.06582,0.00000
stec8|SD2030,198100,4.23,0.06720,0.00000
stec8|SD2030,198100,5.25,0.06767,0.00000
stec8|SD2030,198100,6.27,0.06386,0.00000
stec8|SD2030,198100,7.28,0.05676,0.00000
stec8|SD2030,198100,8.3,0.05345,0.00000
stec8|SD2030,198100,9.3,0.05789,0.00000
stec8|SD2030,198100,10.31,0.01161,0.00000
stec8|SD2030,303800,-5.08,-0.22032,0.00000
stec8|SD2030,303800,-4.07,-0.10029,0.00000
stec8|SD2030,303800,-2.91,-0.07880,0.00000
stec8|SD2030,303800,-1.92,0.00966,0.00000
stec8|SD2030,303800,-0.95,0.02694,0.00000
stec8|SD2030,303800,0.11,0.05119,0.00000
stec8|SD2030,303800,1.07,0.05592,0.00000
stec8|SD2030,303800,2.16,0.07945,0.00000
stec8|SD2030,303800,3.2,0.08100,0.00000
stec8|SD2030,303800,4.22,0.08868,0.00000
stec8|SD2030,303800,5.24,0.08285,0.00000
stec8|SD2030,303800,6.26,0.07438,0.00000
stec8|SD2030,303800,7.28,0.07194,0.00000
stec8|SD2030,303800,8.3,0.08301,0.00000
stec8|SD2030,303800,9.3,0.05709,0.00000
stec8|SD2083,63300,-3.95,-0.30891,0.00000
stec8|SD2083,63300,-2.92,-0.24056,0.00000
stec8|SD2083,63300,-1.9,-0.19311,0.00000
stec8|SD2083,63300,-0.88,-0.12765,0.00000
stec8|SD2083,63300,0.15,-0.10965,0.00000
stec8|SD2083,63300,1.18,-0.13575,0.00000
stec8|SD2083,63300,2.21,-0.06435,0.00000
stec8|SD2083,63300,3.23,-0.02261,0.00000
stec8|SD2083,63300,4.25,-0.00434,0.00000
stec8|SD2083,63300,5.27,0.00330,0.00000
stec8|SD2083,63300,6.28,0.00330,0.00000
stec8|SD2083,63300,7.29,0.00330,0.00000
stec8|SD2083,63300,8.3,-0.05289,0.00000
stec8|SD2083,63300,9.31,-0.10282,0.00000
stec8|SD2083,101200,-3.93,-0.26317,0.00000
stec8|SD2083,101200,-2.9,-0.19344,0.00000
stec8|SD2083,101200,-1.88,-0.10039,0.00000
stec8|SD2083,101200,-0.85,-0.03221,0.00000
stec8|SD2083,101200,0.17,-0.00329,0.00000
stec8|SD2083,101200,1.2,0.01274,0.00000
stec8|SD2083,101200,2.22,0.02559,0.00000
stec8|SD2083,101200,3.24,0.05881,0.00000
stec8|SD2083,101200,4.26,0.05881,0.00000
stec8|SD2083,101200,5.27,0.05881,0.00000
stec8|SD2083,101200,6.28,0.05881,0.00000
stec8|SD2083,101200,7.29,0.04650,0.00000
stec8|SD2083,101200,8.3,0.02197,0.00000
stec8|SD2083,101200,9.31,0.01831,0.00000
stec8|SD2083,101200,10.32,-0.05916,0.00000
stec8|SD2083,101200,11.29,-0.09845,0.00000
stec8|SD2083,200900,-3.91,-0.12599,0.00000
stec8|SD2083,200900,-2.9,-0.07367,0.00000
stec8|SD2083,200900,-1.87,0.01184,0.00000
stec8|SD2083,200900,-0.83,0.02896,0.00000
stec8|SD2083,200900,0.17,0.03506,0.00000
stec8|SD2083,200900,1.2,0.05900,0.00000
stec8|SD2083,200900,2.23,0.06508,0.00000
stec8|SD2083,200900,3.24,0.07727,0.00000
stec8|SD2083,200900,4.26,0.08321,0.00000
stec8|SD2083,200900,5.27,0.07633,0.00000
stec8|SD2083,200900,6.29,0.07302,0.00000
stec8|SD2083,200900,7.29,0.06433,0.00000
stec8|SD2083,200900,8.31,0.04477,0.00000
stec8|SD2083,200900,9.31,0.05582,0.00000
stec8|SD2083,300700,-3.92,-0.03613,0.00000
stec8|SD2083,300700,-2.9,-0.02051,0.00000
stec8|SD2083,300700,-1.89,0.05698,0.00000
stec8|SD2083,300700,-0.85,0.06324,0.00000
stec8|SD2083,300700,0.18,0.08043,0.00000
stec8|SD2083,300700,1.19,0.08043,0.00000
stec8|SD2083,300700,2.21,0.09094,0.00000
stec8|SD2083,300700,3.24,0.10768,0.00000
stec8|SD2083,300700,4.24,0.11362,0.00000
stec8|SD2083,300700,5.27,0.11362,0.00000
stec8|SD5060,60000,-3.95,-0.20203,0.00000
stec8|SD5060,60000,-2.94,-0.15611,0.00000
stec8|SD5060,60000,-1.92,-0.14522,0.00000
stec8|SD5060,60000,-0.9,-0.14522,0.00000
stec8|SD5060,60000,0.14,-0.11190,0.00000
stec8|SD5060,60000,1.18,-0.05728,0.00000
stec8|SD5060,60000,2.18,-0.01553,0.00000
stec8|SD5060,60000,3.2,-0.01116,0.00000
stec8|SD5060,60000,4.23,-0.00510,0.00000
stec8|SD5060,60000,5.25,-0.00510,0.00000
stec8|SD5060,60000,6.26,-0.00510,0.00000
stec8|SD5060,60000,7.29,-0.01463,0.00000
stec8|SD5060,60000,8.3,-0.05191,0.00000
stec8|SD5060,60000,9.31,-0.09053,0.00000
stec8|SD5060,60000,10.31,-0.16614,0.00000
stec8|SD5060,99800,-2.94,-0.12868,0.00000
stec8|SD5060,99800,-1.91,-0.11873,0.00000
stec8|SD5060,99800,-0.87,-0.04918,0.00000
stec8|SD5060,99800,0.15,0.00894,0.00000
stec8|SD5060,99800,1.19,0.01691,0.00000
stec8|SD5060,99800,2.2,0.03056,0.00000
stec8|SD5060,99800,3.21,0.03771,0.00000
stec8|SD5060,99800,4.23,0.04377,0.00000
stec8|SD5060,99800,5.25,0.04377,0.00000
stec8|SD5060,99800,6.27,0.03942,0.00000
stec8|SD5060,99800,7.29,0.03974,0.00000
stec8|SD5060,99800,8.31,0.03442,0.00000
stec8|SD5060,99800,9.32,0.01941,0.00000
stec8|SD5060,99800,10.32,-0.01515,0.00000
stec8|SD5060,150400,-4.98,-0.14518,0.00000
stec8|SD5060,150400,-3.96,-0.14518,0.00000
stec8|SD5060,150400,-2.92,-0.10811,0.00000
stec8|SD5060,150400,-1.92,-0.05906,0.00000
stec8|SD5060,150400,-0.89,0.00787,0.00000
stec8|SD5060,150400,0.15,0.02101,0.00000
stec8|SD5060,150400,1.15,0.02391,0.00000
stec8|SD5060,150400,2.19,0.03756,0.00000
stec8|SD5060,150400,3.2,0.04471,0.00000
stec8|SD5060,150400,4.23,0.05077,0.00000
stec8|SD5060,150400,5.25,0.05077,0.00000
stec8|SD5060,150400,6.27,0.04642,0.00000
stec8|SD5060,150400,7.28,0.04674,0.00000
stec8|SD5060,150400,8.3,0.02759,0.00000
stec8|SD5060,150400,9.32,0.03231,0.00000
stec8|SD5060,150400,10.32,0.02713,0.00000
stec8|SD5060,150400,11.33,0.08233,0.00000
stec8|SD5060,202500,-4.96,-0.11268,0.00000
stec8|SD5060,202500,-3.95,-0.07984,0.00000
stec8|SD5060,202500,-2.91,-0.03627,0.00000
stec8|SD5060,202500,-1.9,0.00181,0.00000
stec8|SD5060,202500,-0.88,0.02504,0.00000
stec8|SD5060,202500,0.15,0.03311,0.00000
stec8|SD5060,202500,1.17,0.03601,0.00000
stec8|SD5060,202500,2.2,0.04966,0.00000
stec8|SD5060,202500,3.22,0.05681,0.00000
stec8|SD5060,202500,4.24,0.06288,0.00000
stec8|SD5060,202500,5.26,0.06288,0.00000
stec8|SD5060,202500,6.27,0.05884,0.00000
stec8|SD5060,202500,7.3,0.05681,0.00000
stec8|SD5060,202500,8.31,0.03225,0.00000
stec8|SD5060,202500,9.32,0.04750,0.00000
stec8|SD5060,202500,10.34,0.03779,0.00000
stec8|SD5060,202500,11.34,0.11468,0.00000
stec8|SD5060,304100,-6.07,-0.09533,0.00000
stec8|SD5060,304100,-5.05,-0.07221,0.00000
stec8|SD5060,304100,-4.01,-0.01605,0.00000
stec8|SD5060,304100,-2.98,0.01917,0.00000
stec8|SD5060,304100,-1.93,0.03994,0.00000
stec8|SD5060,304100,-0.91,0.05983,0.00000
stec8|SD5060,304100,0.13,0.06790,0.00000
stec8|SD5060,304100,1.16,0.07080,0.00000
stec8|SD5060,304100,2.19,0.08445,0.00000
stec8|SD5060,304100,3.22,0.09160,0.00000
stec8|SD5060,304100,4.23,0.09766,0.00000
stec8|SD5060,304100,5.25,0.09331,0.00000
stec8|SD5060,304100,6.26,0.09363,0.00000
stec8|SD5060,304100,7.3,0.08596,0.00000
stec8|SD5060,304100,8.3,0.06704,0.00000
stec8|SD6060,59100,-6.0,-0.27162,0.00000
stec8|SD6060,59100,-4.97,-0.25991,0.00000
stec8|SD6060,59100,-3.96,-0.20790,0.00000
stec8|SD6060,59100,-2.96,-0.16523,0.00000
stec8|SD6060,59100,-1.93,-0.12161,0.00000
stec8|SD6060,59100,-0.93,-0.13504,0.00000
stec8|SD6060,59100,0.12,-0.11408,0.00000
stec8|SD6060,59100,1.15,-0.05879,0.00000
stec8|SD6060,59100,2.17,-0.02300,0.00000
stec8|SD6060,59100,3.19,-0.01769,0.00000
stec8|SD6060,59100,4.21,0.00461,0.00000
stec8|SD6060,59100,5.23,0.00439,0.00000
stec8|SD6060,59100,6.25,0.00439,0.00000
stec8|SD6060,59100,7.26,0.00869,0.00000
stec8|SD6060,59100,8.28,-0.04206,0.00000
stec8|SD6060,59100,9.28,-0.06428,0.00000
stec8|SD6060,59100,10.28,-0.10849,0.00000
stec8|SD6060,100600,-5.98,-0.29896,0.00000
stec8|SD6060,100600,-4.99,-0.24523,0.00000
stec8|SD6060,100600,-3.96,-0.18485,0.00000
stec8|SD6060,100600,-2.95,-0.11508,0.00000
stec8|SD6060,100600,-1.92,-0.05698,0.00000
stec8|SD6060,100600,-0.89,0.00341,0.00000
stec8|SD6060,100600,0.16,0.00830,0.00000
stec8|SD6060,100600,1.17,0.01740,0.00000
stec8|SD6060,100600,2.19,0.02565,0.00000
stec8|SD6060,100600,3.21,0.04319,0.00000
stec8|SD6060,100600,4.22,0.05203,0.00000
stec8|SD6060,100600,5.25,0.05203,0.00000
stec8|SD6060,100600,6.26,0.05203,0.00000
stec8|SD6060,100600,7.27,0.04787,0.00000
stec8|SD6060,100600,8.29,0.02763,0.00000
stec8|SD6060,100600,9.3,0.03022,0.00000
stec8|SD6060,155700,-5.99,-0.29723,0.00000
stec8|SD6060,155700,-4.97,-0.17555,0.00000
stec8|SD6060,155700,-3.95,-0.11343,0.00000
stec8|SD6060,155700,-2.93,-0.05235,0.00000
stec8|SD6060,155700,-1.91,-0.00728,0.00000
stec8|SD6060,155700,-0.89,0.03259,0.00000
stec8|SD6060,155700,0.13,0.03561,0.00000
stec8|SD6060,155700,1.15,0.03702,0.00000
stec8|SD6060,155700,2.18,0.04527,0.00000
stec8|SD6060,155700,3.21,0.06281,0.00000
stec8|SD6060,155700,4.23,0.07165,0.00000
stec8|SD6060,155700,5.24,0.07165,0.00000
stec8|SD6060,155700,6.27,0.07165,0.00000
stec8|SD6060,155700,7.27,0.06162,0.00000
stec8|SD6060,155700,8.28,0.04332,0.00000
stec8|SD6060,155700,9.31,0.05542,0.00000
stec8|SD6060,155700,10.29,0.05382,0.00000
stec8|SD6060,199700,-3.97,-0.09217,0.00000
stec8|SD6060,199700,-2.93,-0.03386,0.00000
stec8|SD6060,199700,-1.92,-0.00751,0.00000
stec8|SD6060,199700,-0.9,0.03427,0.00000
stec8|SD6060,199700,0.15,0.04394,0.00000
stec8|SD6060,199700,1.16,0.04535,0.00000
stec8|SD6060,199700,2.18,0.05360,0.00000
stec8|SD6060,199700,3.2,0.07114,0.00000
stec8|SD6060,199700,4.22,0.07998,0.00000
stec8|SD6060,199700,5.25,0.07998,0.00000
stec8|SD6060,199700,6.26,0.07998,0.00000
stec8|SD6060,199700,7.28,0.06169,0.00000
stec8|SD6060,199700,8.3,0.05165,0.00000
stec8|SD6060,199700,9.31,0.06375,0.00000
stec8|SD6060,199700,10.31,0.06215,0.00000
stec8|SD6060,307400,-3.99,-0.02124,0.00000
stec8|SD6060,307400,-2.96,0.01458,0.00000
stec8|SD6060,307400,-1.94,0.03727,0.00000
stec8|SD6060,307400,-0.91,0.06189,0.00000
stec8|SD6060,307400,0.12,0.07581,0.00000
stec8|SD6060,307400,1.15,0.07723,0.00000
stec8|SD6060,307400,2.18,0.08547,0.00000
stec8|SD6060,307400,3.2,0.09729,0.00000
stec8|SD6060,307400,4.22,0.11185,0.00000
stec8|SD6060,307400,5.24,0.11185,0.00000
stec8|SD6060,307400,6.27,0.10896,0.00000
stec8|SD6060,307400,7.28,0.09143,0.00000
stec8|SD6060,307400,8.29,0.08352,0.00000
stec8|SD6060,307400,9.3,0.09602,0.00000
stec8|SD6080,59400,-2.9,-0.23622,0.00000
stec8|SD6080,59400,-1.89,-0.19064,0.00000
stec8|SD6080,59400,-0.88,-0.10296,0.00000
stec8|SD6080,59400,0.17,-0.03205,0.00000
stec8|SD6080,59400,1.19,-0.01379,0.00000
stec8|SD6080,59400,2.21,-0.00431,0.00000
stec8|SD6080,59400,3.24,0.00536,0.00000
stec8|SD6080,59400,4.26,0.00779,0.00000
stec8|SD6080,59400,5.27,0.00225,0.00000
stec8|SD6080,59400,6.29,0.00225,0.00000
stec8|SD6080,59400,7.3,0.00225,0.00000
stec8|SD6080,59400,8.32,-0.01543,0.00000
stec8|SD6080,59400,9.33,-0.04470,0.00000
stec8|SD6080,59400,10.34,-0.13418,0.00000
stec8|SD6080,59400,11.33,-0.14227,0.00000
stec8|SD6080,100400,-3.9,-0.17632,0.00000
stec8|SD6080,100400,-2.89,-0.07788,0.00000
stec8|SD6080,100400,-1.88,0.00420,0.00000
stec8|SD6080,100400,-0.83,0.03106,0.00000
stec8|SD6080,100400,0.18,0.03106,0.00000
stec8|SD6080,100400,1.21,0.04909,0.00000
stec8|SD6080,100400,2.23,0.06750,0.00000
stec8|SD6080,100400,3.25,0.06994,0.00000
stec8|SD6080,100400,4.27,0.06994,0.00000
stec8|SD6080,100400,5.29,0.06779,0.00000
stec8|SD6080,100400,6.3,0.06779,0.00000
stec8|SD6080,100400,7.33,0.06779,0.00000
stec8|SD6080,100400,8.35,0.05030,0.00000
stec8|SD6080,100400,9.37,0.01602,0.00000
stec8|SD6080,100400,10.36,-0.02406,0.00000
stec8|SD6080,100400,11.35,-0.01666,0.00000
stec8|SD6080,149700,-1.89,0.02133,0.00000
stec8|SD6080,149700,0.18,0.03401,0.00000
stec8|SD6080,149700,2.23,0.07045,0.00000
stec8|SD6080,149700,3.24,0.07288,0.00000
stec8|SD6080,149700,4.27,0.07288,0.00000
stec8|SD6080,149700,6.3,0.07073,0.00000
stec8|SD6080,149700,7.32,0.07073,0.00000
stec8|SD6080,149700,8.34,0.04162,0.00000
stec8|SD6080,149700,9.35,0.03205,0.00000
stec8|SD6080,200500,-3.94,-0.05111,0.00000
stec8|SD6080,200500,-2.88,0.02173,0.00000
stec8|SD6080,200500,-1.88,0.04274,0.00000
stec8|SD6080,200500,-0.84,0.05046,0.00000
stec8|SD6080,200500,0.13,0.05046,0.00000
stec8|SD6080,200500,1.17,0.06849,0.00000
stec8|SD6080,200500,2.21,0.08690,0.00000
stec8|SD6080,200500,3.23,0.08934,0.00000
stec8|SD6080,200500,4.26,0.08934,0.00000
stec8|SD6080,200500,5.27,0.08719,0.00000
stec8|SD6080,200500,6.31,0.08719,0.00000
stec8|SD6080,200500,7.32,0.08381,0.00000
stec8|SD6080,200500,8.35,0.05940,0.00000
stec8|SD6080,200500,9.35,-0.00983,0.00000
stec8|SD6080,200500,10.34,-0.02379,0.00000
stec8|SD6080,200500,11.34,-0.02073,0.00000
stec8|SD6080,301100,-4.93,-0.01305,0.00000
stec8|SD6080,301100,-3.94,0.00069,0.00000
stec8|SD6080,301100,-2.91,0.03993,0.00000
stec8|SD6080,301100,-1.91,0.06011,0.00000
stec8|SD6080,301100,-0.87,0.07930,0.00000
stec8|SD6080,301100,0.13,0.07665,0.00000
stec8|SD6080,301100,1.16,0.09468,0.00000
stec8|SD6080,301100,2.16,0.11309,0.00000
stec8|SD6080,301100,3.16,0.11552,0.00000
stec8|SD6080,301100,4.13,0.11552,0.00000
stec8|SD6080,301100,5.19,0.11338,0.00000
stec8|SD6080,301100,6.27,0.11338,0.00000
stec8|SD6080,301100,7.26,0.10338,0.00000
stec8|SD6080,301100,8.31,0.08342,0.00000
stec8|SD7003,60300,-2.95,-0.16987,0.00000
stec8|SD7003,60300,-1.41,-0.16736,0.00000
stec8|SD7003,60300,0.12,-0.15512,0.00000
stec8|SD7003,60300,1.67,-0.07546,0.00000
stec8|SD7003,60300,3.2,-0.05392,0.00000
stec8|SD7003,60300,4.73,-0.04631,0.00000
stec8|SD7003,60300,6.26,-0.05067,0.00000
stec8|SD7003,60300,7.78,-0.12019,0.00000
stec8|SD7003,60300,9.3,-0.19585,0.00000
stec8|SD7003,102000,-2.93,-0.15263,0.00000
stec8|SD7003,102000,-1.41,-0.15011,0.00000
stec8|SD7003,102000,0.13,-0.10769,0.00000
stec8|SD7003,102000,1.67,-0.02612,0.00000
stec8|SD7003,102000,3.2,-0.01247,0.00000
stec8|SD7003,102000,4.73,0.00074,0.00000
stec8|SD7003,102000,6.26,-0.00329,0.00000
stec8|SD7003,102000,7.78,-0.03787,0.00000
stec8|SD7003,102000,9.31,-0.03419,0.00000
stec8|SD7003,102000,10.81,-0.06868,0.00000
stec8|SD7003,151800,-2.93,-0.14382,0.00000
stec8|SD7003,151800,-1.4,-0.14130,0.00000
stec8|SD7003,151800,0.13,-0.02982,0.00000
stec8|SD7003,151800,1.67,-0.01731,0.00000
stec8|SD7003,151800,3.19,-0.00366,0.00000
stec8|SD7003,151800,4.73,0.00633,0.00000
stec8|SD7003,151800,6.26,0.00552,0.00000
stec8|SD7003,151800,7.79,-0.02833,0.00000
stec8|SD7003,151800,9.31,0.00295,0.00000
stec8|SD7003,151800,10.82,0.03561,0.00000
stec8|SD7003,200800,-2.92,-0.11154,0.00000
stec8|SD7003,200800,-1.4,-0.11404,0.00000
stec8|SD7003,200800,0.14,-0.01265,0.00000
stec8|SD7003,200800,1.66,-0.00520,0.00000
stec8|SD7003,200800,3.2,0.00845,0.00000
stec8|SD7003,200800,4.74,0.01730,0.00000
stec8|SD7003,200800,6.28,0.01762,0.00000
stec8|SD7003,200800,7.8,-0.01842,0.00000
stec8|SD7003,200800,9.31,0.02331,0.00000
stec8|SD7003,200800,10.83,0.08647,0.00000
stec8|SD7003,200800,11.82,0.00044,0.00000
stec8|SD7003,300300,-2.94,-0.07506,0.00000
stec8|SD7003,300300,-1.91,-0.06894,0.00000
stec8|SD7003,300300,-0.9,0.00581,0.00000
stec8|SD7003,300300,0.14,0.02543,0.00000
stec8|SD7003,300300,1.15,0.02998,0.00000
stec8|SD7003,300300,2.18,0.03288,0.00000
stec8|SD7003,300300,3.2,0.04653,0.00000
stec8|SD7003,300300,4.23,0.05224,0.00000
stec8|SD7003,300300,5.25,0.05571,0.00000
stec8|SD7003,300300,6.26,0.05039,0.00000
stec8|SD7003,300300,7.28,0.01967,0.00000
stec8|SD7003,300300,8.31,0.01967,0.00000
stec8|SD7003,300300,9.32,0.06139,0.00000
stec8|SD7003,300300,10.34,0.05336,0.00000
stec8|SD7003,300300,11.32,0.11297,0.00000
stec8|SD7032B,61200,-3.92,-0.31736,0.00000
stec8|SD7032B,61200,-2.9,-0.22285,0.00000
stec8|SD7032B,61200,-1.89,-0.17990,0.00000
stec8|SD7032B,61200,-0.87,-0.10024,0.00000
stec8|SD7032B,61200,0.17,-0.05496,0.00000
stec8|SD7032B,61200,1.2,-0.04097,0.00000
stec8|SD7032B,61200,2.23,-0.02407,0.00000
stec8|SD7032B,61200,3.25,-0.01524,0.00000
stec8|SD7032B,61200,4.26,-0.01524,0.00000
stec8|SD7032B,61200,5.27,-0.01524,0.00000
stec8|SD7032B,61200,6.29,-0.01778,0.00000
stec8|SD7032B,61200,7.31,-0.02400,0.00000
stec8|SD7032B,61200,8.31,-0.02972,0.00000
stec8|SD7032B,61200,9.33,-0.03476,0.00000
stec8|SD7032B,61200,10.34,-0.09709,0.00000
stec8|SD7032B,61200,11.35,-0.16775,0.00000
stec8|SD7032B,101300,-3.92,-0.24007,0.00000
stec8|SD7032B,101300,-2.89,-0.14246,0.00000
stec8|SD7032B,101300,-1.86,-0.02719,0.00000
stec8|SD7032B,101300,-0.84,-0.00064,0.00000
stec8|SD7032B,101300,0.19,0.01034,0.00000
stec8|SD7032B,101300,1.21,0.03342,0.00000
stec8|SD7032B,101300,2.23,0.04504,0.00000
stec8|SD7032B,101300,3.25,0.04504,0.00000
stec8|SD7032B,101300,4.26,0.04504,0.00000
stec8|SD7032B,101300,5.28,0.04504,0.00000
stec8|SD7032B,101300,6.3,0.04504,0.00000
stec8|SD7032B,101300,7.32,0.03954,0.00000
stec8|SD7032B,101300,8.34,0.03184,0.00000
stec8|SD7032B,101300,9.35,0.02458,0.00000
stec8|SD7032B,101300,10.37,0.00254,0.00000
stec8|SD7032B,101300,11.37,0.01289,0.00000
stec8|SD7032B,203400,-3.91,-0.08083,0.00000
stec8|SD7032B,203400,-2.88,-0.03069,0.00000
stec8|SD7032B,203400,-1.85,0.03220,0.00000
stec8|SD7032B,203400,-0.83,0.04131,0.00000
stec8|SD7032B,203400,0.19,0.04956,0.00000
stec8|SD7032B,203400,1.21,0.06416,0.00000
stec8|SD7032B,203400,2.24,0.07300,0.00000
stec8|SD7032B,203400,3.24,0.07300,0.00000
stec8|SD7032B,203400,4.27,0.07300,0.00000
stec8|SD7032B,203400,5.3,0.07300,0.00000
stec8|SD7032B,203400,6.31,0.07300,0.00000
stec8|SD7032B,203400,7.34,0.06835,0.00000
stec8|SD7032B,203400,8.34,0.06680,0.00000
stec8|SD7032B,203400,9.35,0.05414,0.00000
stec8|SD7032B,203400,10.37,0.03916,0.00000
stec8|SD7032B,203400,11.38,0.10673,0.00000
stec8|SD7032B,305400,-3.88,-0.00733,0.00000
stec8|SD7032B,305400,-2.87,0.02702,0.00000
stec8|SD7032B,305400,-1.85,0.07503,0.00000
stec8|SD7032B,305400,-0.83,0.07645,0.00000
stec8|SD7032B,305400,0.19,0.08469,0.00000
stec8|SD7032B,305400,1.22,0.09930,0.00000
stec8|SD7032B,305400,2.22,0.10813,0.00000
stec8|SD7032B,305400,3.26,0.10813,0.00000
stec8|SD7032B,305400,4.26,0.10813,0.00000
stec8|SD7032B,305400,5.3,0.10813,0.00000
stec8|SD7032B,305400,6.3,0.10537,0.00000
stec8|SD7032B,305400,7.31,0.10335,0.00000
stec8|SD7032B,305400,8.34,0.09622,0.00000
stec8|SD7032B,305400,9.34,0.09076,0.00000
stec8|SD7032B,305400,10.36,0.07430,0.00000
stec8|SD7032B,305400,11.37,0.16812,0.00000
stec8|SD7032C F0,62200,-3.92,-0.34183,0.00000
stec8|SD7032C F0,62200,-2.92,-0.22141,0.00000
stec8|SD7032C F0,62200,-1.88,-0.20477,0.00000
stec8|SD7032C F0,62200,-0.85,-0.10317,0.00000
stec8|SD7032C F0,62200,0.18,-0.04096,0.00000
stec8|SD7032C F0,62200,1.2,-0.02782,0.00000
stec8|SD7032C F0,62200,2.22,-0.01553,0.00000
stec8|SD7032C F0,62200,3.25,-0.01553,0.00000
stec8|SD7032C F0,62200,4.25,-0.01553,0.00000
stec8|SD7032C F0,62200,5.27,-0.01553,0.00000
stec8|SD7032C F0,62200,6.28,-0.01553,0.00000
stec8|SD7032C F0,62200,7.3,-0.03064,0.00000
stec8|SD7032C F0,62200,8.32,-0.03064,0.00000
stec8|SD7032C F0,62200,9.33,-0.04726,0.00000
stec8|SD7032C F0,102100,-2.89,-0.15271,0.00000
stec8|SD7032C F0,102100,-1.85,-0.02679,0.00000
stec8|SD7032C F0,102100,-0.84,0.00867,0.00000
stec8|SD7032C F0,102100,0.19,0.02212,0.00000
stec8|SD7032C F0,102100,1.22,0.04347,0.00000
stec8|SD7032C F0,102100,2.24,0.04784,0.00000
stec8|SD7032C F0,102100,3.26,0.04784,0.00000
stec8|SD7032C F0,102100,4.27,0.04784,0.00000
stec8|SD7032C F0,102100,5.3,0.04784,0.00000
stec8|SD7032C F0,102100,6.31,0.04784,0.00000
stec8|SD7032C F0,102100,7.33,0.04236,0.00000
stec8|SD7032C F0,102100,8.34,0.03906,0.00000
stec8|SD7032C F0,102100,9.36,0.03763,0.00000
stec8|SD7032C F0,102100,10.38,0.02614,0.00000
stec8|SD7032C F0,102100,11.38,0.01571,0.00000
stec8|SD7032C F0,151200,-3.91,-0.15746,0.00000
stec8|SD7032C F0,151200,-2.88,-0.05154,0.00000
stec8|SD7032C F0,151200,-1.86,0.00867,0.00000
stec8|SD7032C F0,151200,-0.85,0.01017,0.00000
stec8|SD7032C F0,151200,0.18,0.03077,0.00000
stec8|SD7032C F0,151200,1.2,0.04347,0.00000
stec8|SD7032C F0,151200,2.23,0.04784,0.00000
stec8|SD7032C F0,151200,3.24,0.04784,0.00000
stec8|SD7032C F0,151200,4.27,0.04784,0.00000
stec8|SD7032C F0,151200,5.3,0.04784,0.00000
stec8|SD7032C F0,151200,6.31,0.04784,0.00000
stec8|SD7032C F0,151200,7.32,0.04236,0.00000
stec8|SD7032C F0,151200,8.35,0.03858,0.00000
stec8|SD7032C F0,151200,9.36,0.03771,0.00000
stec8|SD7032C F0,151200,10.37,0.03052,0.00000
stec8|SD7032C F0,151200,11.37,0.03532,0.00000
stec8|SD7032C F0,200300,-2.89,-0.01254,0.00000
stec8|SD7032C F0,200300,-1.85,0.03521,0.00000
stec8|SD7032C F0,200300,-0.83,0.04802,0.00000
stec8|SD7032C F0,200300,0.2,0.06936,0.00000
stec8|SD7032C F0,200300,1.23,0.06936,0.00000
stec8|SD7032C F0,200300,2.24,0.07046,0.00000
stec8|SD7032C F0,200300,3.26,0.07046,0.00000
stec8|SD7032C F0,200300,4.28,0.07046,0.00000
stec8|SD7032C F0,200300,5.3,0.07046,0.00000
stec8|SD7032C F0,200300,6.32,0.07046,0.00000
stec8|SD7032C F0,200300,7.33,0.06499,0.00000
stec8|SD7032C F0,200300,8.35,0.06118,0.00000
stec8|SD7032C F0,200300,9.36,0.06099,0.00000
stec8|SD7032C F0,200300,10.38,0.05315,0.00000
stec8|SD7032C F0,200300,11.37,0.06558,0.00000
stec8|SD7032C F0,302000,-2.87,0.02235,0.00000
stec8|SD7032C F0,302000,-1.84,0.07003,0.00000
stec8|SD7032C F0,302000,-0.85,0.07153,0.00000
stec8|SD7032C F0,302000,0.2,0.08018,0.00000
stec8|SD7032C F0,302000,1.2,0.09287,0.00000
stec8|SD7032C F0,302000,2.22,0.10211,0.00000
stec8|SD7032C F0,302000,3.25,0.10211,0.00000
stec8|SD7032C F0,302000,4.26,0.09717,0.00000
stec8|SD7032C F0,302000,5.28,0.09397,0.00000
stec8|SD7032C F0,302000,6.3,0.09397,0.00000
stec8|SD7032C F0,302000,7.33,0.08472,0.00000
stec8|SD7032C F0,302000,8.33,0.08282,0.00000
stec8|SD7032C F0,302000,9.34,0.07997,0.00000
stec8|SD7032C F0,302000,10.36,0.07666,0.00000
stec8|SD7032C F0,302000,11.38,0.10454,0.00000
stec8|SD7032D,59200,-3.92,-0.27949,0.00000
stec8|SD7032D,59200,-2.91,-0.19191,0.00000
stec8|SD7032D,59200,-1.89,-0.18231,0.00000
stec8|SD7032D,59200,-0.85,-0.10871,0.00000
stec8|SD7032D,59200,0.19,-0.05538,0.00000
stec8|SD7032D,59200,1.2,-0.02728,0.00000
stec8|SD7032D,59200,2.23,-0.00926,0.00000
stec8|SD7032D,59200,3.26,-0.00319,0.00000
stec8|SD7032D,59200,4.26,-0.00319,0.00000
stec8|SD7032D,59200,5.29,-0.00622,0.00000
stec8|SD7032D,59200,6.31,-0.01027,0.00000
stec8|SD7032D,59200,7.32,-0.01075,0.00000
stec8|SD7032D,59200,8.33,-0.01562,0.00000
stec8|SD7032D,59200,9.33,-0.03094,0.00000
stec8|SD7032D,59200,10.36,-0.08140,0.00000
stec8|SD7032D,59200,11.34,-0.21827,0.00000
stec8|SD7032D,99800,-4.96,-0.36029,0.00000
stec8|SD7032D,99800,-3.91,-0.20614,0.00000
stec8|SD7032D,99800,-2.89,-0.14978,0.00000
stec8|SD7032D,99800,-1.89,-0.04728,0.00000
stec8|SD7032D,99800,-0.85,0.01085,0.00000
stec8|SD7032D,99800,0.2,0.01882,0.00000
stec8|SD7032D,99800,1.21,0.03807,0.00000
stec8|SD7032D,99800,2.23,0.04568,0.00000
stec8|SD7032D,99800,3.25,0.04568,0.00000
stec8|SD7032D,99800,4.26,0.04568,0.00000
stec8|SD7032D,99800,5.28,0.04568,0.00000
stec8|SD7032D,99800,6.3,0.04568,0.00000
stec8|SD7032D,99800,7.31,0.04520,0.00000
stec8|SD7032D,99800,8.34,0.04084,0.00000
stec8|SD7032D,99800,9.35,0.04028,0.00000
stec8|SD7032D,99800,10.35,0.00376,0.00000
stec8|SD7032D,99800,11.35,0.00148,0.00000
stec8|SD7032D,147800,-5.97,-0.38130,0.00000
stec8|SD7032D,147800,-4.93,-0.27811,0.00000
stec8|SD7032D,147800,-3.9,-0.16054,0.00000
stec8|SD7032D,147800,-2.87,-0.05567,0.00000
stec8|SD7032D,147800,-1.87,-0.01389,0.00000
stec8|SD7032D,147800,-0.86,0.01369,0.00000
stec8|SD7032D,147800,0.16,0.03531,0.00000
stec8|SD7032D,147800,1.2,0.04246,0.00000
stec8|SD7032D,147800,2.23,0.04852,0.00000
stec8|SD7032D,147800,3.24,0.04852,0.00000
stec8|SD7032D,147800,4.27,0.04852,0.00000
stec8|SD7032D,147800,5.28,0.04852,0.00000
stec8|SD7032D,147800,6.3,0.04852,0.00000
stec8|SD7032D,147800,7.34,0.04369,0.00000
stec8|SD7032D,147800,8.34,0.04369,0.00000
stec8|SD7032D,147800,9.34,0.05020,0.00000
stec8|SD7032D,147800,10.35,0.01109,0.00000
stec8|SD7032D,147800,11.37,0.04724,0.00000
stec8|SD7032D,199100,-6.0,-0.25098,0.00000
stec8|SD7032D,199100,-4.98,-0.14531,0.00000
stec8|SD7032D,199100,-3.89,-0.08728,0.00000
stec8|SD7032D,199100,-2.89,-0.00943,0.00000
stec8|SD7032D,199100,-1.87,0.03847,0.00000
stec8|SD7032D,199100,-0.88,0.04354,0.00000
stec8|SD7032D,199100,0.18,0.06009,0.00000
stec8|SD7032D,199100,1.2,0.06724,0.00000
stec8|SD7032D,199100,2.23,0.07330,0.00000
stec8|SD7032D,199100,3.24,0.07330,0.00000
stec8|SD7032D,199100,4.27,0.07330,0.00000
stec8|SD7032D,199100,5.28,0.07330,0.00000
stec8|SD7032D,199100,6.3,0.07330,0.00000
stec8|SD7032D,199100,7.33,0.06847,0.00000
stec8|SD7032D,199100,8.32,0.06879,0.00000
stec8|SD7032D,199100,9.35,0.06966,0.00000
stec8|SD7032D,199100,10.35,0.04713,0.00000
stec8|SD7032D,199100,11.37,0.08398,0.00000
stec8|SD7032D,302600,-5.94,-0.11476,0.00000
stec8|SD7032D,302600,-4.95,-0.06824,0.00000
stec8|SD7032D,302600,-3.92,-0.03360,0.00000
stec8|SD7032D,302600,-2.9,0.02709,0.00000
stec8|SD7032D,302600,-1.9,0.06981,0.00000
stec8|SD7032D,302600,-0.88,0.06981,0.00000
stec8|SD7032D,302600,0.17,0.08636,0.00000
stec8|SD7032D,302600,1.17,0.09351,0.00000
stec8|SD7032D,302600,2.2,0.09957,0.00000
stec8|SD7032D,302600,3.21,0.09957,0.00000
stec8|SD7032D,302600,4.24,0.09957,0.00000
stec8|SD7032D,302600,5.29,0.09957,0.00000
stec8|SD7032D,302600,6.28,0.09522,0.00000
stec8|SD7032D,302600,7.3,0.09474,0.00000
stec8|SD7032D,302600,8.35,0.09506,0.00000
stec8|SD7032D,302600,9.33,0.08210,0.00000
stec8|SD7032D,302600,10.35,0.07340,0.00000
stec8|SD7032D,302600,11.36,0.12178,0.00000
stec8|SD7037,62600,-3.95,-0.26825,0.00000
stec8|SD7037,62600,-2.95,-0.19541,0.00000
stec8|SD7037,62600,-1.92,-0.16402,0.00000
stec8|SD7037,62600,-0.9,-0.13718,0.00000
stec8|SD7037,62600,0.13,-0.10178,0.00000
stec8|SD7037,62600,1.16,-0.05036,0.00000
stec8|SD7037,62600,2.19,-0.02099,0.00000
stec8|SD7037,62600,3.22,-0.00410,0.00000
stec8|SD7037,62600,4.24,-0.00265,0.00000
stec8|SD7037,62600,5.26,-0.00480,0.00000
stec8|SD7037,62600,6.27,-0.00480,0.00000
stec8|SD7037,62600,7.29,-0.00480,0.00000
stec8|SD7037,62600,8.31,-0.02951,0.00000
stec8|SD7037,103900,-2.95,-0.16343,0.00000
stec8|SD7037,103900,-1.93,-0.10274,0.00000
stec8|SD7037,103900,-0.9,-0.03754,0.00000
stec8|SD7037,103900,0.14,0.00264,0.00000
stec8|SD7037,103900,1.16,0.02670,0.00000
stec8|SD7037,103900,2.19,0.04905,0.00000
stec8|SD7037,103900,3.22,0.05706,0.00000
stec8|SD7037,103900,4.23,0.05706,0.00000
stec8|SD7037,103900,5.26,0.05492,0.00000
stec8|SD7037,103900,6.26,0.05492,0.00000
stec8|SD7037,103900,7.27,0.05153,0.00000
stec8|SD7037,103900,8.3,0.04131,0.00000
stec8|SD7037,103900,9.31,0.01879,0.00000
stec8|SD7037,103900,10.3,0.00928,0.00000
stec8|SD7037,153400,-2.98,-0.12153,0.00000
stec8|SD7037,153400,-1.92,-0.06117,0.00000
stec8|SD7037,153400,-0.89,-0.00474,0.00000
stec8|SD7037,153400,0.14,0.02228,0.00000
stec8|SD7037,153400,1.17,0.04031,0.00000
stec8|SD7037,153400,2.17,0.05872,0.00000
stec8|SD7037,153400,3.23,0.06116,0.00000
stec8|SD7037,153400,4.22,0.06116,0.00000
stec8|SD7037,153400,5.24,0.05901,0.00000
stec8|SD7037,153400,6.26,0.05901,0.00000
stec8|SD7037,153400,7.28,0.05562,0.00000
stec8|SD7037,153400,8.3,0.04541,0.00000
stec8|SD7037,153400,9.3,0.02773,0.00000
stec8|SD7037,153400,10.32,0.01337,0.00000
stec8|SD7037,204200,-2.97,-0.08218,0.00000
stec8|SD7037,204200,-1.91,-0.00250,0.00000
stec8|SD7037,204200,-0.89,0.02238,0.00000
stec8|SD7037,204200,0.13,0.03759,0.00000
stec8|SD7037,204200,1.16,0.05562,0.00000
stec8|SD7037,204200,2.18,0.07403,0.00000
stec8|SD7037,204200,3.22,0.07646,0.00000
stec8|SD7037,204200,4.23,0.07646,0.00000
stec8|SD7037,204200,5.26,0.07432,0.00000
stec8|SD7037,204200,6.26,0.07190,0.00000
stec8|SD7037,204200,7.28,0.06432,0.00000
stec8|SD7037,204200,8.28,0.05518,0.00000
stec8|SD7037,204200,9.31,0.04264,0.00000
stec8|SD7037,204200,10.35,0.02790,0.00000
stec8|SD7037,204200,11.32,0.01385,0.00000
stec8|SD7037,302900,-2.96,-0.02577,0.00000
stec8|SD7037,302900,-1.93,0.03981,0.00000
stec8|SD7037,302900,-0.93,0.05605,0.00000
stec8|SD7037,302900,0.09,0.06378,0.00000
stec8|SD7037,302900,1.01,0.07627,0.00000
stec8|SD7037,302900,2.16,0.10022,0.00000
stec8|SD7037,302900,3.18,0.10265,0.00000
stec8|SD7037,302900,4.2,0.10265,0.00000
stec8|SD7037,302900,5.23,0.10050,0.00000
stec8|SD7037,302900,6.25,0.09712,0.00000
stec8|SD7037,302900,7.27,0.09051,0.00000
stec8|SD7037,302900,8.28,0.07778,0.00000
stec8|SD7037,302900,9.3,0.07522,0.00000
stec8|SD7037,302900,10.32,0.00987,0.00000
stec8|SD7043,61600,-3.9,-0.27473,0.00000
stec8|SD7043,61600,-2.89,-0.20674,0.00000
stec8|SD7043,61600,-1.87,-0.16663,0.00000
stec8|SD7043,61600,-0.86,-0.12683,0.00000
stec8|SD7043,61600,0.17,-0.09915,0.00000
stec8|SD7043,61600,1.22,-0.07407,0.00000
stec8|SD7043,61600,2.24,-0.02686,0.00000
stec8|SD7043,61600,3.27,-0.01524,0.00000
stec8|SD7043,61600,4.29,-0.01524,0.00000
stec8|SD7043,61600,5.3,-0.01524,0.00000
stec8|SD7043,61600,6.31,-0.01524,0.00000
stec8|SD7043,61600,7.33,-0.02724,0.00000
stec8|SD7043,61600,8.35,-0.06662,0.00000
stec8|SD7043,61600,9.35,-0.10694,0.00000
stec8|SD7043,61600,10.34,-0.16839,0.00000
stec8|SD7043,61600,11.31,-0.18000,0.00000
stec8|SD7043,103800,-3.91,-0.23111,0.00000
stec8|SD7043,103800,-2.9,-0.14462,0.00000
stec8|SD7043,103800,-1.87,-0.05649,0.00000
stec8|SD7043,103800,-0.85,-0.02116,0.00000
stec8|SD7043,103800,0.18,0.00078,0.00000
stec8|SD7043,103800,1.22,0.02566,0.00000
stec8|SD7043,103800,2.25,0.04504,0.00000
stec8|SD7043,103800,3.27,0.04504,0.00000
stec8|SD7043,103800,4.28,0.04504,0.00000
stec8|SD7043,103800,5.3,0.04504,0.00000
stec8|SD7043,103800,6.3,0.04504,0.00000
stec8|SD7043,103800,7.33,0.03523,0.00000
stec8|SD7043,103800,8.34,0.01234,0.00000
stec8|SD7043,103800,9.35,0.00254,0.00000
stec8|SD7043,103800,10.37,-0.03836,0.00000
stec8|SD7043,103800,11.36,-0.02222,0.00000
stec8|SD7043,154900,-3.89,-0.14329,0.00000
stec8|SD7043,154900,-2.88,-0.06068,0.00000
stec8|SD7043,154900,-1.85,-0.01153,0.00000
stec8|SD7043,154900,-0.83,0.01041,0.00000
stec8|SD7043,154900,0.2,0.02821,0.00000
stec8|SD7043,154900,1.22,0.04584,0.00000
stec8|SD7043,154900,2.25,0.05467,0.00000
stec8|SD7043,154900,3.27,0.05467,0.00000
stec8|SD7043,154900,4.29,0.05467,0.00000
stec8|SD7043,154900,5.31,0.05467,0.00000
stec8|SD7043,154900,6.33,0.05191,0.00000
stec8|SD7043,154900,7.34,0.04276,0.00000
stec8|SD7043,154900,8.35,0.01984,0.00000
stec8|SD7043,154900,9.37,0.01432,0.00000
stec8|SD7043,154900,10.37,0.00426,0.00000
stec8|SD7043,154900,11.38,0.04564,0.00000
stec8|SD7043,204000,-3.88,-0.07912,0.00000
stec8|SD7043,204000,-2.86,-0.01843,0.00000
stec8|SD7043,204000,-1.84,0.01382,0.00000
stec8|SD7043,204000,-0.83,0.03532,0.00000
stec8|SD7043,204000,0.2,0.05126,0.00000
stec8|SD7043,204000,1.23,0.06587,0.00000
stec8|SD7043,204000,2.26,0.07470,0.00000
stec8|SD7043,204000,3.28,0.07470,0.00000
stec8|SD7043,204000,4.28,0.07470,0.00000
stec8|SD7043,204000,5.31,0.07470,0.00000
stec8|SD7043,204000,6.32,0.07194,0.00000
stec8|SD7043,204000,7.35,0.05999,0.00000
stec8|SD7043,204000,8.36,0.04474,0.00000
stec8|SD7043,204000,9.37,0.04087,0.00000
stec8|SD7043,204000,10.38,0.03399,0.00000
stec8|SD7043,204000,11.38,0.10264,0.00000
stec8|SD7043,303400,-4.9,-0.04061,0.00000
stec8|SD7043,303400,-3.87,-0.00733,0.00000
stec8|SD7043,303400,-2.86,0.02399,0.00000
stec8|SD7043,303400,-1.82,0.06734,0.00000
stec8|SD7043,303400,-0.82,0.07645,0.00000
stec8|SD7043,303400,0.21,0.08469,0.00000
stec8|SD7043,303400,1.23,0.09930,0.00000
stec8|SD7043,303400,2.25,0.10813,0.00000
stec8|SD7043,303400,3.26,0.10813,0.00000
stec8|SD7043,303400,4.29,0.10813,0.00000
stec8|SD7043,303400,5.3,0.10537,0.00000
stec8|SD7043,303400,6.32,0.10382,0.00000
stec8|SD7043,303400,7.33,0.08795,0.00000
stec8|SD7062,102600,-5.93,-0.05659,0.00000
stec8|SD7062,102600,-4.91,-0.01893,0.00000
stec8|SD7062,102600,-3.9,0.01039,0.00000
stec8|SD7062,102600,-2.86,0.06413,0.00000
stec8|SD7062,102600,-1.85,0.07472,0.00000
stec8|SD7062,102600,-0.83,0.07472,0.00000
stec8|SD7062,102600,0.2,0.08965,0.00000
stec8|SD7062,102600,1.22,0.09679,0.00000
stec8|SD7062,102600,2.24,0.10286,0.00000
stec8|SD7062,102600,3.26,0.10286,0.00000
stec8|SD7062,102600,4.27,0.10286,0.00000
stec8|SD7062,102600,5.3,0.10286,0.00000
stec8|SD7062,102600,6.32,0.10286,0.00000
stec8|SD7062,102600,7.33,0.10238,0.00000
stec8|SD7062,102600,8.35,0.10238,0.00000
stec8|SD7062,102600,9.37,0.09802,0.00000
stec8|SD7062,102600,10.38,0.09452,0.00000
stec8|SD7062,102600,11.28,0.10902,0.00000
stec8|SD7062,149700,-6.94,-0.05167,0.00000
stec8|SD7062,149700,-5.92,-0.01400,0.00000
stec8|SD7062,149700,-4.91,0.01032,0.00000
stec8|SD7062,149700,-3.9,0.03346,0.00000
stec8|SD7062,149700,-2.87,0.07134,0.00000
stec8|SD7062,149700,-1.85,0.08193,0.00000
stec8|SD7062,149700,-0.83,0.08193,0.00000
stec8|SD7062,149700,0.2,0.09685,0.00000
stec8|SD7062,149700,1.23,0.10400,0.00000
stec8|SD7062,149700,2.25,0.11006,0.00000
stec8|SD7062,149700,3.25,0.11006,0.00000
stec8|SD7062,149700,4.28,0.11006,0.00000
stec8|SD7062,149700,5.31,0.11006,0.00000
stec8|SD7062,149700,6.33,0.11006,0.00000
stec8|SD7062,149700,7.33,0.10958,0.00000
stec8|SD7062,149700,8.35,0.10523,0.00000
stec8|SD7062,149700,9.37,0.10928,0.00000
stec8|SD7062,149700,10.38,0.10475,0.00000
stec8|SD7062,149700,11.4,0.12111,0.00000
stec8|SD7062,210500,-6.94,-0.01064,0.00000
stec8|SD7062,210500,-5.95,0.02004,0.00000
stec8|SD7062,210500,-4.91,0.02004,0.00000
stec8|SD7062,210500,-3.9,0.03671,0.00000
stec8|SD7062,210500,-2.86,0.07217,0.00000
stec8|SD7062,210500,-1.85,0.08276,0.00000
stec8|SD7062,210500,-0.84,0.08566,0.00000
stec8|SD7062,210500,0.2,0.09768,0.00000
stec8|SD7062,210500,1.22,0.10483,0.00000
stec8|SD7062,210500,2.24,0.11089,0.00000
stec8|SD7062,210500,3.26,0.11089,0.00000
stec8|SD7062,210500,4.29,0.11089,0.00000
stec8|SD7062,210500,5.3,0.11089,0.00000
stec8|SD7062,210500,6.33,0.11089,0.00000
stec8|SD7062,210500,7.35,0.10606,0.00000
stec8|SD7062,210500,8.36,0.10606,0.00000
stec8|SD7062,210500,9.38,0.11011,0.00000
stec8|SD7062,210500,10.4,0.10590,0.00000
stec8|SD7062,210500,11.4,0.12599,0.00000
stec8|SD7062,305800,-7.0,0.04695,0.00000
stec8|SD7062,305800,-6.0,0.05422,0.00000
stec8|SD7062,305800,-4.98,0.05392,0.00000
stec8|SD7062,305800,-3.9,0.06742,0.00000
stec8|SD7062,305800,-2.92,0.09592,0.00000
stec8|SD7062,305800,-1.87,0.11012,0.00000
stec8|SD7062,305800,-0.82,0.11302,0.00000
stec8|SD7062,305800,0.21,0.12504,0.00000
stec8|SD7062,305800,1.22,0.13219,0.00000
stec8|SD7062,305800,2.25,0.13825,0.00000
stec8|SD7062,305800,3.27,0.13825,0.00000
stec8|SD7062,305800,4.28,0.13825,0.00000
stec8|SD7062,305800,5.31,0.13825,0.00000
stec8|SD7062,305800,6.31,0.13390,0.00000
stec8|SD7062,305800,7.33,0.13342,0.00000
stec8|SD7062,305800,8.37,0.13342,0.00000
stec8|SD7062,305800,9.38,0.13779,0.00000
stec8|SD7062,305800,10.39,0.13326,0.00000
stec8|SD7062,305800,11.4,0.15335,0.00000
stec8|SD7080,62600,-3.95,-0.22983,0.00000
stec8|SD7080,62600,-2.94,-0.18531,0.00000
stec8|SD7080,62600,-1.93,-0.12612,0.00000
stec8|SD7080,62600,-0.91,-0.12612,0.00000
stec8|SD7080,62600,0.11,-0.11853,0.00000
stec8|SD7080,62600,1.17,-0.06694,0.00000
stec8|SD7080,62600,2.2,-0.03905,0.00000
stec8|SD7080,62600,3.22,-0.01077,0.00000
stec8|SD7080,62600,4.22,-0.00669,0.00000
stec8|SD7080,62600,5.25,-0.01030,0.00000
stec8|SD7080,62600,6.26,-0.01524,0.00000
stec8|SD7080,62600,7.27,-0.02281,0.00000
stec8|SD7080,62600,8.29,-0.03124,0.00000
stec8|SD7080,62600,9.31,-0.07394,0.00000
stec8|SD7080,62600,10.31,-0.15199,0.00000
stec8|SD7080,103500,-3.98,-0.19566,0.00000
stec8|SD7080,103500,-2.95,-0.13706,0.00000
stec8|SD7080,103500,-1.92,-0.10510,0.00000
stec8|SD7080,103500,-0.9,-0.06032,0.00000
stec8|SD7080,103500,0.14,-0.02116,0.00000
stec8|SD7080,103500,1.16,0.00567,0.00000
stec8|SD7080,103500,2.18,0.02160,0.00000
stec8|SD7080,103500,3.2,0.04504,0.00000
stec8|SD7080,103500,4.22,0.04504,0.00000
stec8|SD7080,103500,5.25,0.04504,0.00000
stec8|SD7080,103500,6.26,0.04504,0.00000
stec8|SD7080,103500,7.28,0.04228,0.00000
stec8|SD7080,103500,8.3,0.02647,0.00000
stec8|SD7080,103500,9.31,0.00826,0.00000
stec8|SD7080,103500,10.31,-0.00536,0.00000
stec8|SD7080,149800,-6.0,-0.33416,0.00000
stec8|SD7080,149800,-4.98,-0.26122,0.00000
stec8|SD7080,149800,-3.95,-0.18423,0.00000
stec8|SD7080,149800,-2.94,-0.13291,0.00000
stec8|SD7080,149800,-1.91,-0.07254,0.00000
stec8|SD7080,149800,-0.89,-0.02130,0.00000
stec8|SD7080,149800,0.15,0.00929,0.00000
stec8|SD7080,149800,1.17,0.02187,0.00000
stec8|SD7080,149800,2.2,0.03718,0.00000
stec8|SD7080,149800,3.21,0.05355,0.00000
stec8|SD7080,149800,4.24,0.05355,0.00000
stec8|SD7080,149800,5.25,0.05355,0.00000
stec8|SD7080,149800,6.27,0.05079,0.00000
stec8|SD7080,149800,7.28,0.04924,0.00000
stec8|SD7080,149800,8.3,0.02767,0.00000
stec8|SD7080,149800,9.31,0.01574,0.00000
stec8|SD7080,149800,10.32,0.00314,0.00000
stec8|SD7080,149800,11.32,0.05359,0.00000
stec8|SD7080,205700,-6.0,-0.32298,0.00000
stec8|SD7080,205700,-4.98,-0.20781,0.00000
stec8|SD7080,205700,-3.96,-0.12947,0.00000
stec8|SD7080,205700,-2.93,-0.07939,0.00000
stec8|SD7080,205700,-1.91,-0.00216,0.00000
stec8|SD7080,205700,-0.88,0.02198,0.00000
stec8|SD7080,205700,0.14,0.04881,0.00000
stec8|SD7080,205700,1.17,0.05650,0.00000
stec8|SD7080,205700,2.18,0.07182,0.00000
stec8|SD7080,205700,3.21,0.08819,0.00000
stec8|SD7080,205700,4.24,0.08819,0.00000
stec8|SD7080,205700,5.25,0.08819,0.00000
stec8|SD7080,205700,6.27,0.08542,0.00000
stec8|SD7080,205700,7.29,0.08030,0.00000
stec8|SD7080,205700,8.3,0.06990,0.00000
stec8|SD7080,205700,9.31,0.05435,0.00000
stec8|SD7080,205700,10.31,0.04747,0.00000
stec8|SD7080,205700,11.32,0.11788,0.00000
stec8|SD7080,301800,-6.02,-0.28603,0.00000
stec8|SD7080,301800,-4.99,-0.12540,0.00000
stec8|SD7080,301800,-3.96,-0.09502,0.00000
stec8|SD7080,301800,-2.97,-0.05564,0.00000
stec8|SD7080,301800,-1.93,0.03221,0.00000
stec8|SD7080,301800,-0.9,0.05919,0.00000
stec8|SD7080,301800,0.13,0.07318,0.00000
stec8|SD7080,301800,1.14,0.07318,0.00000
stec8|SD7080,301800,2.18,0.08511,0.00000
stec8|SD7080,301800,3.21,0.10079,0.00000
stec8|SD7080,301800,4.22,0.10487,0.00000
stec8|SD7080,301800,5.24,0.10211,0.00000
stec8|SD7080,301800,6.26,0.10071,0.00000
stec8|SD7080,301800,7.28,0.09485,0.00000
stec8|SD7080,301800,8.3,0.08445,0.00000
stec8|SD7080,301800,9.31,0.07959,0.00000
stec8|SD7080,301800,10.31,0.04532,0.00000
stec8|SD7080,301800,11.32,0.07962,0.00000
stec8|SD7084,100900,-2.95,-0.13410,0.00000
stec8|SD7084,100900,-1.42,-0.08105,0.00000
stec8|SD7084,100900,0.12,-0.02116,0.00000
stec8|SD7084,100900,1.68,0.01668,0.00000
stec8|SD7084,100900,3.2,0.04096,0.00000
stec8|SD7084,100900,4.73,0.04504,0.00000
stec8|SD7084,100900,6.26,0.04504,0.00000
stec8|SD7084,100900,7.79,0.03867,0.00000
stec8|SD7084,100900,9.31,0.01449,0.00000
stec8|SD7084,100900,10.82,0.07379,0.00000
stec8|SD7084,152400,-2.94,-0.12401,0.00000
stec8|SD7084,152400,-1.4,-0.03568,0.00000
stec8|SD7084,152400,0.15,0.01529,0.00000
stec8|SD7084,152400,1.68,0.03123,0.00000
stec8|SD7084,152400,3.19,0.05059,0.00000
stec8|SD7084,152400,4.74,0.05467,0.00000
stec8|SD7084,152400,6.26,0.05191,0.00000
stec8|SD7084,152400,7.78,0.05036,0.00000
stec8|SD7084,152400,9.31,0.01875,0.00000
stec8|SD7084,152400,10.82,0.12474,0.00000
stec8|SD7084,197500,-3.95,-0.15133,0.00000
stec8|SD7084,197500,-2.96,-0.07789,0.00000
stec8|SD7084,197500,-1.91,-0.02853,0.00000
stec8|SD7084,197500,-0.89,0.00679,0.00000
stec8|SD7084,197500,0.14,0.03829,0.00000
stec8|SD7084,197500,1.17,0.04131,0.00000
stec8|SD7084,197500,2.17,0.04956,0.00000
stec8|SD7084,197500,3.21,0.06892,0.00000
stec8|SD7084,197500,4.24,0.07300,0.00000
stec8|SD7084,197500,5.23,0.07300,0.00000
stec8|SD7084,197500,6.27,0.07023,0.00000
stec8|SD7084,197500,7.28,0.06869,0.00000
stec8|SD7084,197500,8.3,0.06257,0.00000
stec8|SD7084,197500,9.31,0.04105,0.00000
stec8|SD7084,197500,10.32,0.03702,0.00000
stec8|SD7084,303000,-3.97,-0.07125,0.00000
stec8|SD7084,303000,-2.94,-0.02283,0.00000
stec8|SD7084,303000,-1.92,0.02838,0.00000
stec8|SD7084,303000,-0.91,0.06408,0.00000
stec8|SD7084,303000,0.13,0.07177,0.00000
stec8|SD7084,303000,1.16,0.07318,0.00000
stec8|SD7084,303000,2.18,0.08143,0.00000
stec8|SD7084,303000,3.2,0.10079,0.00000
stec8|SD7084,303000,4.22,0.10487,0.00000
stec8|SD7084,303000,5.25,0.10211,0.00000
stec8|SD7084,303000,6.27,0.10211,0.00000
stec8|SD7084,303000,7.28,0.09698,0.00000
stec8|SD7084,303000,8.31,0.08658,0.00000
stec8|SD7084,303000,9.32,0.07959,0.00000
stec8|SD7084,303000,10.32,0.00225,0.00000
stec8|SD7084,303000,11.33,0.08663,0.00000
stec8|SD7090,59600,-5.98,-0.33813,0.00000
stec8|SD7090,59600,-4.96,-0.27796,0.00000
stec8|SD7090,59600,-3.95,-0.21326,0.00000
stec8|SD7090,59600,-2.93,-0.13638,0.00000
stec8|SD7090,59600,-1.91,-0.12348,0.00000
stec8|SD7090,59600,-0.88,-0.12026,0.00000
stec8|SD7090,59600,0.15,-0.09532,0.00000
stec8|SD7090,59600,1.18,-0.04916,0.00000
stec8|SD7090,59600,2.2,-0.01656,0.00000
stec8|SD7090,59600,3.22,0.00910,0.00000
stec8|SD7090,59600,4.24,0.01070,0.00000
stec8|SD7090,59600,5.26,0.01070,0.00000
stec8|SD7090,59600,6.27,0.01070,0.00000
stec8|SD7090,59600,7.28,-0.00165,0.00000
stec8|SD7090,59600,8.29,-0.01613,0.00000
stec8|SD7090,59600,9.31,-0.09083,0.00000
stec8|SD7090,59600,10.31,-0.10610,0.00000
stec8|SD7090,59600,11.29,-0.13837,0.00000
stec8|SD7090,99100,-5.98,-0.29127,0.00000
stec8|SD7090,99100,-4.96,-0.22139,0.00000
stec8|SD7090,99100,-3.95,-0.15188,0.00000
stec8|SD7090,99100,-2.94,-0.13039,0.00000
stec8|SD7090,99100,-1.91,-0.11013,0.00000
stec8|SD7090,99100,-0.88,-0.07740,0.00000
stec8|SD7090,99100,0.15,-0.02454,0.00000
stec8|SD7090,99100,1.17,0.00807,0.00000
stec8|SD7090,99100,2.19,0.01706,0.00000
stec8|SD7090,99100,3.22,0.03373,0.00000
stec8|SD7090,99100,4.23,0.03532,0.00000
stec8|SD7090,99100,5.24,0.03532,0.00000
stec8|SD7090,99100,6.27,0.02994,0.00000
stec8|SD7090,99100,7.29,0.02037,0.00000
stec8|SD7090,99100,8.3,0.00531,0.00000
stec8|SD7090,99100,9.32,0.00116,0.00000
stec8|SD7090,99100,10.32,-0.01138,0.00000
stec8|SD7090,99100,11.3,-0.01727,0.00000
stec8|SD7090,149000,-5.97,-0.23602,0.00000
stec8|SD7090,149000,-4.96,-0.16740,0.00000
stec8|SD7090,149000,-3.94,-0.14863,0.00000
stec8|SD7090,149000,-2.93,-0.10923,0.00000
stec8|SD7090,149000,-1.91,-0.09313,0.00000
stec8|SD7090,149000,-0.87,-0.03790,0.00000
stec8|SD7090,149000,0.15,0.00589,0.00000
stec8|SD7090,149000,1.18,0.02308,0.00000
stec8|SD7090,149000,2.19,0.03207,0.00000
stec8|SD7090,149000,3.22,0.05034,0.00000
stec8|SD7090,149000,4.24,0.05034,0.00000
stec8|SD7090,149000,5.26,0.05034,0.00000
stec8|SD7090,149000,6.27,0.04496,0.00000
stec8|SD7090,149000,7.28,0.04019,0.00000
stec8|SD7090,149000,8.31,0.02084,0.00000
stec8|SD7090,149000,9.32,0.02231,0.00000
stec8|SD7090,149000,10.32,0.01935,0.00000
stec8|SD7090,149000,11.33,0.07647,0.00000
stec8|SD7090,199100,-6.0,-0.21032,0.00000
stec8|SD7090,199100,-4.96,-0.15065,0.00000
stec8|SD7090,199100,-3.95,-0.13278,0.00000
stec8|SD7090,199100,-2.92,-0.09852,0.00000
stec8|SD7090,199100,-1.9,-0.07324,0.00000
stec8|SD7090,199100,-0.88,0.00431,0.00000
stec8|SD7090,199100,0.16,0.03930,0.00000
stec8|SD7090,199100,1.16,0.04154,0.00000
stec8|SD7090,199100,2.2,0.05053,0.00000
stec8|SD7090,199100,3.22,0.06720,0.00000
stec8|SD7090,199100,4.24,0.06786,0.00000
stec8|SD7090,199100,5.26,0.06616,0.00000
stec8|SD7090,199100,6.28,0.06455,0.00000
stec8|SD7090,199100,7.29,0.05978,0.00000
stec8|SD7090,199100,8.3,0.04735,0.00000
stec8|SD7090,199100,9.31,0.04510,0.00000
stec8|SD7090,199100,10.34,0.04464,0.00000
stec8|SD7090,199100,11.33,0.10815,0.00000
stec8|SD7090,298600,-6.02,-0.13530,0.00000
stec8|SD7090,298600,-4.99,-0.11475,0.00000
stec8|SD7090,298600,-4.02,-0.09064,0.00000
stec8|SD7090,298600,-2.98,-0.07422,0.00000
stec8|SD7090,298600,-1.91,0.00175,0.00000
stec8|SD7090,298600,-0.88,0.06636,0.00000
stec8|SD7090,298600,0.13,0.08370,0.00000
stec8|SD7090,298600,1.16,0.08594,0.00000
stec8|SD7090,298600,2.2,0.09493,0.00000
stec8|SD7090,298600,3.21,0.11160,0.00000
stec8|SD7090,298600,4.23,0.11319,0.00000
stec8|SD7090,298600,5.25,0.10894,0.00000
stec8|SD7090,298600,6.27,0.10418,0.00000
stec8|SD7090,298600,7.28,0.09521,0.00000
stec8|SD7090,298600,8.31,0.09095,0.00000
stec8|SD7090,298600,9.32,0.09801,0.00000
stec8|SD7090,298600,10.33,0.09063,0.00000
stec8|SD7090,298600,11.33,0.16062,0.00000
stec8|SD8000,62500,-3.94,-0.21604,0.00000
stec8|SD8000,62500,-2.93,-0.17722,0.00000
stec8|SD8000,62500,-1.91,-0.17471,0.00000
stec8|SD8000,62500,-0.88,-0.17471,0.00000
stec8|SD8000,62500,0.13,-0.17237,0.00000
stec8|SD8000,62500,1.17,-0.14009,0.00000
stec8|SD8000,62500,2.2,-0.09807,0.00000
stec8|SD8000,62500,3.23,-0.05757,0.00000
stec8|SD8000,62500,4.24,-0.04996,0.00000
stec8|SD8000,62500,5.26,-0.04996,0.00000
stec8|SD8000,62500,6.28,-0.05432,0.00000
stec8|SD8000,62500,7.28,-0.09724,0.00000
stec8|SD8000,62500,8.3,-0.15280,0.00000
stec8|SD8000,62500,9.31,-0.20835,0.00000
stec8|SD8000,102500,-3.93,-0.17220,0.00000
stec8|SD8000,102500,-2.91,-0.15263,0.00000
stec8|SD8000,102500,-1.91,-0.15011,0.00000
stec8|SD8000,102500,-0.88,-0.15143,0.00000
stec8|SD8000,102500,0.15,-0.10399,0.00000
stec8|SD8000,102500,1.17,-0.06095,0.00000
stec8|SD8000,102500,2.21,-0.00877,0.00000
stec8|SD8000,102500,3.23,-0.00162,0.00000
stec8|SD8000,102500,4.24,0.00444,0.00000
stec8|SD8000,102500,5.26,0.00444,0.00000
stec8|SD8000,102500,6.28,0.00041,0.00000
stec8|SD8000,102500,7.3,-0.03417,0.00000
stec8|SD8000,102500,8.31,-0.05186,0.00000
stec8|SD8000,102500,9.32,-0.04172,0.00000
stec8|SD8000,102500,10.34,-0.13014,0.00000
stec8|SD8000,154500,-3.93,-0.16101,0.00000
stec8|SD8000,154500,-2.94,-0.13916,0.00000
stec8|SD8000,154500,-1.9,-0.13664,0.00000
stec8|SD8000,154500,-0.86,-0.10868,0.00000
stec8|SD8000,154500,0.16,-0.05716,0.00000
stec8|SD8000,154500,1.18,-0.01402,0.00000
stec8|SD8000,154500,2.21,0.00470,0.00000
stec8|SD8000,154500,3.22,0.01185,0.00000
stec8|SD8000,154500,4.25,0.01791,0.00000
stec8|SD8000,154500,5.27,0.01356,0.00000
stec8|SD8000,154500,6.28,0.01388,0.00000
stec8|SD8000,154500,7.3,-0.01997,0.00000
stec8|SD8000,154500,8.32,-0.02525,0.00000
stec8|SD8000,154500,9.33,0.01130,0.00000
stec8|SD8000,154500,10.34,-0.03779,0.00000
stec8|SD8000,200000,-3.92,-0.13096,0.00000
stec8|SD8000,200000,-2.91,-0.11154,0.00000
stec8|SD8000,200000,-1.89,-0.10159,0.00000
stec8|SD8000,200000,-0.85,-0.05962,0.00000
stec8|SD8000,200000,0.17,-0.02176,0.00000
stec8|SD8000,200000,1.18,-0.00150,0.00000
stec8|SD8000,200000,2.21,0.01215,0.00000
stec8|SD8000,200000,3.23,0.01929,0.00000
stec8|SD8000,200000,4.26,0.02536,0.00000
stec8|SD8000,200000,5.27,0.02100,0.00000
stec8|SD8000,200000,6.28,0.01600,0.00000
stec8|SD8000,200000,7.3,-0.01472,0.00000
stec8|SD8000,200000,8.32,-0.01472,0.00000
stec8|SD8000,200000,9.33,0.02184,0.00000
stec8|SD8000,302300,-3.94,-0.08910,0.00000
stec8|SD8000,302300,-2.91,-0.05647,0.00000
stec8|SD8000,302300,-1.88,-0.03267,0.00000
stec8|SD8000,302300,-0.85,-0.00130,0.00000
stec8|SD8000,302300,0.15,0.03039,0.00000
stec8|SD8000,302300,1.18,0.03329,0.00000
stec8|SD8000,302300,2.2,0.04694,0.00000
stec8|SD8000,302300,3.23,0.05408,0.00000
stec8|SD8000,302300,4.25,0.05680,0.00000
stec8|SD8000,302300,5.26,0.05611,0.00000
stec8|SD8000,302300,6.29,0.02952,0.00000
stec8|SD8000,302300,7.3,0.02007,0.00000
stec8|SD8000,302300,8.31,0.02007,0.00000
stec8|SD8000,302300,9.34,0.06139,0.00000
stec8|SD8020,59800,-6.03,-0.28671,0.00000
stec8|SD8020,59800,-5.05,-0.18886,0.00000
stec8|SD8020,59800,-4.01,-0.16616,0.00000
stec8|SD8020,59800,-2.98,-0.15478,0.00000
stec8|SD8020,59800,-1.96,-0.13135,0.00000
stec8|SD8020,59800,-0.94,-0.13135,0.00000
stec8|SD8020,59800,0.08,-0.11666,0.00000
stec8|SD8020,59800,1.09,-0.08525,0.00000
stec8|SD8020,59800,2.14,-0.03743,0.00000
stec8|SD8020,59800,3.14,-0.01332,0.00000
stec8|SD8020,59800,4.17,-0.00257,0.00000
stec8|SD8020,59800,5.18,-0.00103,0.00000
stec8|SD8020,59800,6.2,-0.04833,0.00000
stec8|SD8020,59800,7.21,-0.05982,0.00000
stec8|SD8020,59800,8.22,-0.05653,0.00000
stec8|SD8020,59800,9.23,-0.18627,0.00000
stec8|SD8020,59800,10.24,-0.17917,0.00000
stec8|SD8020,59800,11.23,-0.15165,0.00000
stec8|SD8020,100500,-6.05,-0.21137,0.00000
stec8|SD8020,100500,-5.02,-0.14399,0.00000
stec8|SD8020,100500,-4.01,-0.14813,0.00000
stec8|SD8020,100500,-2.98,-0.13674,0.00000
stec8|SD8020,100500,-1.96,-0.11548,0.00000
stec8|SD8020,100500,-0.94,-0.11015,0.00000
stec8|SD8020,100500,0.09,-0.07322,0.00000
stec8|SD8020,100500,1.1,-0.00705,0.00000
stec8|SD8020,100500,2.13,0.02411,0.00000
stec8|SD8020,100500,3.15,0.02885,0.00000
stec8|SD8020,100500,4.18,0.04546,0.00000
stec8|SD8020,100500,5.19,0.04701,0.00000
stec8|SD8020,100500,6.22,0.03892,0.00000
stec8|SD8020,100500,7.23,0.03561,0.00000
stec8|SD8020,100500,8.24,0.03123,0.00000
stec8|SD8020,100500,9.26,0.03452,0.00000
stec8|SD8020,100500,10.26,-0.17855,0.00000
stec8|SD8020,100500,11.24,-0.05129,0.00000
stec8|SD8020,151200,-6.06,-0.19606,0.00000
stec8|SD8020,151200,-5.02,-0.14399,0.00000
stec8|SD8020,151200,-4.01,-0.14813,0.00000
stec8|SD8020,151200,-2.99,-0.13674,0.00000
stec8|SD8020,151200,-1.96,-0.11964,0.00000
stec8|SD8020,151200,-0.94,-0.11015,0.00000
stec8|SD8020,151200,0.09,-0.05802,0.00000
stec8|SD8020,151200,1.11,0.01571,0.00000
stec8|SD8020,151200,2.12,0.02411,0.00000
stec8|SD8020,151200,3.15,0.02885,0.00000
stec8|SD8020,151200,4.16,0.04546,0.00000
stec8|SD8020,151200,5.2,0.04320,0.00000
stec8|SD8020,151200,6.22,0.03892,0.00000
stec8|SD8020,151200,7.24,0.03892,0.00000
stec8|SD8020,151200,8.25,0.03561,0.00000
stec8|SD8020,151200,9.27,0.02957,0.00000
stec8|SD8020,151200,10.27,-0.02036,0.00000
stec8|SD8020,151200,11.25,-0.13589,0.00000
stec8|SD8020,201100,-6.07,-0.18628,0.00000
stec8|SD8020,201100,-5.02,-0.13420,0.00000
stec8|SD8020,201100,-4.0,-0.13834,0.00000
stec8|SD8020,201100,-2.99,-0.12696,0.00000
stec8|SD8020,201100,-1.98,-0.10497,0.00000
stec8|SD8020,201100,-0.93,-0.08956,0.00000
stec8|SD8020,201100,0.09,-0.02425,0.00000
stec8|SD8020,201100,1.12,0.04189,0.00000
stec8|SD8020,201100,2.12,0.04338,0.00000
stec8|SD8020,201100,3.16,0.04851,0.00000
stec8|SD8020,201100,4.19,0.06513,0.00000
stec8|SD8020,201100,5.2,0.06287,0.00000
stec8|SD8020,201100,6.21,0.05858,0.00000
stec8|SD8020,201100,7.23,0.05858,0.00000
stec8|SD8020,201100,8.24,0.05528,0.00000
stec8|SD8020,201100,9.27,0.06197,0.00000
stec8|SD8020,201100,10.28,0.04070,0.00000
stec8|SD8020,201100,11.25,0.01602,0.00000
stec8|SD8020,306700,-6.03,-0.17192,0.00000
stec8|SD8020,306700,-4.51,-0.13514,0.00000
stec8|SD8020,306700,-2.99,-0.12303,0.00000
stec8|SD8020,306700,-1.42,-0.07915,0.00000
stec8|SD8020,306700,0.61,0.03840,0.00000
stec8|SD8020,306700,0.61,0.03840,0.00000
stec8|SD8020,306700,1.63,0.06123,0.00000
stec8|SD8020,306700,3.16,0.06272,0.00000
stec8|SD8020,306700,4.69,0.08066,0.00000
stec8|SD8020,306700,6.21,0.07793,0.00000
stec8|SD8020,306700,7.75,0.08900,0.00000
stec8|SD8020,306700,9.28,0.07821,0.00000
stec8|SD8020,306700,10.79,0.12664,0.00000
stec8|SD8040,62100,-2.95,-0.19294,0.00000
stec8|SD8040,62100,-1.42,-0.13803,0.00000
stec8|SD8040,62100,0.13,-0.05406,0.00000
stec8|SD8040,62100,1.66,-0.02645,0.00000
stec8|SD8040,62100,3.21,-0.00771,0.00000
stec8|SD8040,62100,4.72,-0.00943,0.00000
stec8|SD8040,62100,6.26,-0.01101,0.00000
stec8|SD8040,62100,7.77,-0.01539,0.00000
stec8|SD8040,62100,9.29,-0.08203,0.00000
stec8|SD8040,62100,10.81,-0.05956,0.00000
stec8|SD8040,102300,-2.93,-0.15180,0.00000
stec8|SD8040,102300,-1.4,-0.04244,0.00000
stec8|SD8040,102300,0.15,0.01822,0.00000
stec8|SD8040,102300,1.67,0.04798,0.00000
stec8|SD8040,102300,3.19,0.04953,0.00000
stec8|SD8040,102300,4.73,0.05235,0.00000
stec8|SD8040,102300,6.27,0.05235,0.00000
stec8|SD8040,102300,7.78,0.04524,0.00000
stec8|SD8040,102300,9.3,0.03719,0.00000
stec8|SD8040,102300,10.82,0.07861,0.00000
stec8|SD8040,102300,11.81,0.02720,0.00000
stec8|SD8040,150300,-2.93,-0.11262,0.00000
stec8|SD8040,150300,-1.4,-0.01615,0.00000
stec8|SD8040,150300,0.13,0.02663,0.00000
stec8|SD8040,150300,1.66,0.04798,0.00000
stec8|SD8040,150300,3.21,0.04953,0.00000
stec8|SD8040,150300,4.73,0.05235,0.00000
stec8|SD8040,150300,6.25,0.05235,0.00000
stec8|SD8040,150300,7.79,0.04854,0.00000
stec8|SD8040,150300,9.3,0.03266,0.00000
stec8|SD8040,150300,10.81,0.09216,0.00000
stec8|SD8040,150300,11.81,0.04088,0.00000
stec8|SD8040,204900,-2.96,-0.06615,0.00000
stec8|SD8040,204900,-1.39,0.03194,0.00000
stec8|SD8040,204900,0.14,0.04590,0.00000
stec8|SD8040,204900,1.67,0.06724,0.00000
stec8|SD8040,204900,3.19,0.06919,0.00000
stec8|SD8040,204900,4.73,0.07201,0.00000
stec8|SD8040,204900,6.26,0.07201,0.00000
stec8|SD8040,204900,7.79,0.06821,0.00000
stec8|SD8040,204900,9.28,0.05563,0.00000
stec8|SD8040,204900,10.81,0.11621,0.00000
stec8|SD8040,204900,11.82,0.07410,0.00000
stec8|SD8040,301800,-2.96,-0.01824,0.00000
stec8|SD8040,301800,-1.44,0.05128,0.00000
stec8|SD8040,301800,0.12,0.06524,0.00000
stec8|SD8040,301800,1.63,0.08658,0.00000
stec8|SD8040,301800,3.19,0.08813,0.00000
stec8|SD8040,301800,4.74,0.09135,0.00000
stec8|SD8040,301800,6.26,0.09135,0.00000
stec8|SD8040,301800,7.78,0.08497,0.00000
stec8|SD8040,301800,9.29,0.07497,0.00000
stec8|SD8040,301800,10.81,0.13980,0.00000
stec8|SD8040,301800,11.8,0.09783,0.00000
stec8|SPICA,59900,-1.87,-0.01218,0.00000
stec8|SPICA,59900,-0.85,0.00183,0.00000
stec8|SPICA,59900,0.16,0.00265,0.00000
stec8|SPICA,59900,1.18,0.00306,0.00000
stec8|SPICA,59900,2.2,0.00964,0.00000
stec8|SPICA,59900,3.21,-0.02086,0.00000
stec8|SPICA,59900,4.22,-0.02923,0.00000
stec8|SPICA,59900,5.23,-0.04563,0.00000
stec8|SPICA,59900,6.24,-0.06771,0.00000
stec8|SPICA,99600,-1.88,0.04021,0.00000
stec8|SPICA,99600,-0.87,0.04163,0.00000
stec8|SPICA,99600,0.16,0.05458,0.00000
stec8|SPICA,99600,1.18,0.04280,0.00000
stec8|SPICA,99600,2.2,0.04688,0.00000
stec8|SPICA,99600,3.22,0.04688,0.00000
stec8|SPICA,99600,4.23,0.04688,0.00000
stec8|SPICA,99600,5.26,0.04688,0.00000
stec8|SPICA,99600,6.27,0.04688,0.00000
stec8|SPICA,99600,7.3,0.04500,0.00000
stec8|SPICA,99600,8.32,0.04500,0.00000
stec8|SPICA,99600,9.34,0.03938,0.00000
stec8|SPICA,99600,10.35,0.04061,0.00000
stec8|SPICA,99600,11.38,0.09112,0.00000
stec8|SPICA,202300,-3.96,0.04455,0.00000
stec8|SPICA,202300,-2.91,0.04398,0.00000
stec8|SPICA,202300,-1.89,0.06191,0.00000
stec8|SPICA,202300,-0.88,0.05970,0.00000
stec8|SPICA,202300,0.15,0.08253,0.00000
stec8|SPICA,202300,1.17,0.07076,0.00000
stec8|SPICA,202300,2.19,0.07484,0.00000
stec8|SPICA,202300,3.22,0.07484,0.00000
stec8|SPICA,202300,4.23,0.07484,0.00000
stec8|SPICA,202300,5.26,0.07484,0.00000
stec8|SPICA,202300,6.27,0.07484,0.00000
stec8|SPICA,202300,7.3,0.07295,0.00000
stec8|SPICA,202300,8.32,0.07295,0.00000
stec8|SPICA,202300,9.34,0.06457,0.00000
stec8|SPICA,202300,10.35,0.06856,0.00000
stec8|SPICA,202300,11.37,0.10417,0.00000
stec8|SPICA,301500,-2.98,0.08687,0.00000
stec8|SPICA,301500,-1.9,0.10106,0.00000
stec8|SPICA,301500,-0.9,0.10131,0.00000
stec8|SPICA,301500,0.15,0.11707,0.00000
stec8|SPICA,301500,1.16,0.10589,0.00000
stec8|SPICA,301500,2.18,0.10997,0.00000
stec8|SPICA,301500,3.22,0.10997,0.00000
stec8|SPICA,301500,4.23,0.10997,0.00000
stec8|SPICA,301500,5.26,0.10997,0.00000
stec8|WB135/35,61300,-5.97,-0.23885,0.00000
stec8|WB135/35,61300,-4.96,-0.24518,0.00000
stec8|WB135/35,61300,-3.95,-0.21008,0.00000
stec8|WB135/35,61300,-2.91,-0.18092,0.00000
stec8|WB135/35,61300,-1.88,-0.08036,0.00000
stec8|WB135/35,61300,-0.85,-0.04274,0.00000
stec8|WB135/35,61300,0.16,-0.01547,0.00000
stec8|WB135/35,61300,1.19,-0.00812,0.00000
stec8|WB135/35,61300,2.2,-0.00536,0.00000
stec8|WB135/35,61300,3.22,0.00974,0.00000
stec8|WB135/35,61300,4.24,0.01869,0.00000
stec8|WB135/35,61300,5.27,0.01654,0.00000
stec8|WB135/35,61300,6.28,0.02690,0.00000
stec8|WB135/35,61300,7.27,0.02690,0.00000
stec8|WB135/35,61300,8.25,0.01544,0.00000
stec8|WB135/35,61300,9.27,-0.03567,0.00000
stec8|WB135/35,100500,-5.96,-0.16461,0.00000
stec8|WB135/35,100500,-4.95,-0.07947,0.00000
stec8|WB135/35,100500,-3.91,-0.03334,0.00000
stec8|WB135/35,100500,-2.89,-0.01810,0.00000
stec8|WB135/35,100500,-1.87,0.03291,0.00000
stec8|WB135/35,100500,-0.84,0.03194,0.00000
stec8|WB135/35,100500,0.17,0.03966,0.00000
stec8|WB135/35,100500,1.21,0.05769,0.00000
stec8|WB135/35,100500,2.23,0.07610,0.00000
stec8|WB135/35,100500,3.24,0.07854,0.00000
stec8|WB135/35,100500,4.27,0.07854,0.00000
stec8|WB135/35,100500,5.29,0.07639,0.00000
stec8|WB135/35,100500,6.3,0.07639,0.00000
stec8|WB135/35,100500,7.33,0.07453,0.00000
stec8|WB135/35,100500,8.34,0.07278,0.00000
stec8|WB135/35,100500,9.36,0.06940,0.00000
stec8|WB135/35,100500,10.39,0.06538,0.00000
stec8|WB135/35,100500,11.37,0.07804,0.00000
stec8|WB135/35,155700,-5.95,-0.06143,0.00000
stec8|WB135/35,155700,-4.92,-0.03146,0.00000
stec8|WB135/35,155700,-3.89,-0.01467,0.00000
stec8|WB135/35,155700,-2.89,0.02158,0.00000
stec8|WB135/35,155700,-1.86,0.03089,0.00000
stec8|WB135/35,155700,-0.85,0.03861,0.00000
stec8|WB135/35,155700,0.19,0.03861,0.00000
stec8|WB135/35,155700,1.21,0.06311,0.00000
stec8|WB135/35,155700,2.22,0.07749,0.00000
stec8|WB135/35,155700,3.24,0.07749,0.00000
stec8|WB135/35,155700,4.27,0.07749,0.00000
stec8|WB135/35,155700,5.29,0.07534,0.00000
stec8|WB135/35,155700,6.31,0.07534,0.00000
stec8|WB135/35,155700,7.33,0.07292,0.00000
stec8|WB135/35,155700,8.35,0.06835,0.00000
stec8|WB135/35,155700,9.34,0.06835,0.00000
stec8|WB135/35,155700,10.36,0.05786,0.00000
stec8|WB135/35,204000,-9.07,-0.19094,0.00000
stec8|WB135/35,204000,-8.06,-0.17100,0.00000
stec8|WB135/35,204000,-6.99,-0.06419,0.00000
stec8|WB135/35,204000,-6.0,-0.02711,0.00000
stec8|WB135/35,204000,-4.97,-0.00963,0.00000
stec8|WB135/35,204000,-3.95,0.00180,0.00000
stec8|WB135/35,204000,-2.93,0.03630,0.00000
stec8|WB135/35,204000,-1.89,0.04620,0.00000
stec8|WB135/35,204000,-0.85,0.05392,0.00000
stec8|WB135/35,204000,0.17,0.05392,0.00000
stec8|WB135/35,204000,1.2,0.07195,0.00000
stec8|WB135/35,204000,2.23,0.09280,0.00000
stec8|WB135/35,204000,3.24,0.09280,0.00000
stec8|WB135/35,204000,4.26,0.09280,0.00000
stec8|WB135/35,204000,5.28,0.09065,0.00000
stec8|WB135/35,204000,6.3,0.09065,0.00000
stec8|WB135/35,204000,7.32,0.08727,0.00000
stec8|WB135/35,204000,8.34,0.08366,0.00000
stec8|WB135/35,204000,9.35,0.08366,0.00000
stec8|WB135/35,204000,10.36,0.07317,0.00000
stec8|WB135/35,204000,11.35,0.10080,0.00000
stec8|WB135/35,302700,-4.94,0.02582,0.00000
stec8|WB135/35,302700,-3.91,0.03134,0.00000
stec8|WB135/35,302700,-2.88,0.06584,0.00000
stec8|WB135/35,302700,-1.87,0.07193,0.00000
stec8|WB135/35,302700,-0.85,0.07966,0.00000
stec8|WB135/35,302700,0.18,0.07966,0.00000
stec8|WB135/35,302700,1.18,0.09768,0.00000
stec8|WB135/35,302700,2.19,0.11588,0.00000
stec8|WB135/35,302700,3.22,0.11588,0.00000
vol1|A18,40000,-1.16,-0.05764,0.00000
vol1|A18,40000,0.93,-0.06372,0.00000
vol1|A18,40000,2.82,-0.10383,0.00000
vol1|A18,40000,5.05,-0.02506,0.00000
vol1|A18,40000,7.04,-0.00238,0.00000
vol1|A18,40000,9.08,-0.29818,0.00000
vol1|A18,40000,11.1,-0.18646,0.00000
vol1|A18,60700,-2.07,-0.09026,0.00000
vol1|A18,60700,-0.17,-0.04550,0.00000
vol1|A18,60700,1.14,-0.04524,0.00000
vol1|A18,60700,2.44,-0.02189,0.00000
vol1|A18,60700,4.17,0.01178,0.00000
vol1|A18,60700,6.02,0.01879,0.00000
vol1|A18,60700,7.62,-0.13363,0.00000
vol1|A18,60700,9.15,-0.27260,0.00000
vol1|A18,60700,10.41,-0.30709,0.00000
vol1|A18,100700,-1.53,-0.01136,0.00000
vol1|A18,100700,-0.37,0.00710,0.00000
vol1|A18,100700,1.1,0.04932,0.00000
vol1|A18,100700,2.82,0.07149,0.00000
vol1|A18,100700,4.38,0.07149,0.00000
vol1|A18,100700,5.94,0.04966,0.00000
vol1|A18,100700,7.6,-0.03915,0.00000
vol1|A18,100700,9.01,-0.09327,0.00000
vol1|A18,100700,10.18,-0.20596,0.00000
vol1|A18,201800,-1.55,0.05360,0.00000
vol1|A18,201800,0.17,0.07679,0.00000
vol1|A18,201800,1.53,0.09793,0.00000
vol1|A18,201800,2.93,0.09089,0.00000
vol1|A18,201800,4.38,0.09089,0.00000
vol1|A18,201800,5.59,0.06568,0.00000
vol1|A18,201800,7.5,0.00035,0.00000
vol1|A18,201800,8.93,-0.01828,0.00000
vol1|A18,201800,10.22,-0.11117,0.00000
vol1|A18,204500,-5.29,-0.16279,0.00000
vol1|A18,204500,-3.39,-0.02716,0.00000
vol1|A18,300400,-2.37,0.08150,0.00000
vol1|A18,300400,-0.45,0.12079,0.00000
vol1|A18,300400,0.94,0.13880,0.00000
vol1|A18,300400,2.39,0.13274,0.00000
vol1|A18,300400,4.28,0.13274,0.00000
vol1|A18,300400,5.81,0.05942,0.00000
vol1|A18,300400,7.94,0.04004,0.00000
vol1|A18,300400,9.31,-0.03460,0.00000
vol1|A18,300400,10.27,-0.08415,0.00000
vol1|A18,305600,-5.35,-0.07584,0.00000
vol1|A18,305600,-3.58,0.01114,0.00000
vol1|BE50,60300,-1.74,-0.01473,0.00000
vol1|BE50,60300,-0.12,0.00140,0.00000
vol1|BE50,60300,1.36,0.02538,0.00000
vol1|BE50,60300,2.99,0.00713,0.00000
vol1|BE50,60300,4.52,0.00713,0.00000
vol1|BE50,60300,5.79,0.00383,0.00000
vol1|BE50,60300,7.47,-0.09125,0.00000
vol1|BE50,60300,9.05,-0.22567,0.00000
vol1|BE50,60300,10.53,-0.34317,0.00000
vol1|BE50,101000,-3.48,-0.10598,0.00000
vol1|BE50,101000,-1.75,0.02603,0.00000
vol1|BE50,101000,-0.28,0.05999,0.00000
vol1|BE50,101000,1.42,0.06613,0.00000
vol1|BE50,101000,3.46,0.06395,0.00000
vol1|BE50,101000,4.3,0.06395,0.00000
vol1|BE50,101000,5.99,0.05732,0.00000
vol1|BE50,101000,7.32,-0.01279,0.00000
vol1|BE50,101000,9.23,-0.10387,0.00000
vol1|BE50,101000,10.39,-0.12169,0.00000
vol1|BE50,201700,-5.41,-0.14524,0.00000
vol1|BE50,201700,-3.12,0.06419,0.00000
vol1|BE50,201700,-1.73,0.07078,0.00000
vol1|BE50,201700,-0.44,0.12442,0.00000
vol1|BE50,201700,1.28,0.09677,0.00000
vol1|BE50,201700,2.81,0.10446,0.00000
vol1|BE50,201700,4.38,0.09495,0.00000
vol1|BE50,201700,5.72,0.09495,0.00000
vol1|BE50,201700,7.57,-0.00223,0.00000
vol1|BE50,201700,8.84,-0.06740,0.00000
vol1|BE50,201700,10.39,-0.15329,0.00000
vol1|BE50,302700,-5.1,-0.11693,0.00000
vol1|BE50,302700,-3.45,0.09412,0.00000
vol1|BE50,302700,-2.18,0.11263,0.00000
vol1|BE50,302700,-0.34,0.13080,0.00000
vol1|BE50,302700,1.24,0.12419,0.00000
vol1|BE50,302700,2.9,0.13188,0.00000
vol1|BE50,302700,4.34,0.12237,0.00000
vol1|BE50,302700,6.22,0.10447,0.00000
vol1|BE50,302700,7.75,-0.01799,0.00000
vol1|BE50,302700,9.19,-0.08837,0.00000
vol1|BE50,302700,10.5,-0.11065,0.00000
vol1|E374 (B),61200,-6.39,-0.31746,0.00000
vol1|E374 (B),61200,-5.3,-0.23034,0.00000
vol1|E374 (B),61200,-4.27,-0.20734,0.00000
vol1|E374 (B),61200,-3.27,-0.18598,0.00000
vol1|E374 (B),61200,-2.31,-0.15675,0.00000
vol1|E374 (B),61200,-1.2,-0.14141,0.00000
vol1|E374 (B),61200,-0.18,-0.07557,0.00000
vol1|E374 (B),61200,0.9,-0.03741,0.00000
vol1|E374 (B),61200,1.86,-0.03234,0.00000
vol1|E374 (B),61200,2.98,-0.03100,0.00000
vol1|E374 (B),61200,3.92,-0.01085,0.00000
vol1|E374 (B),61200,4.95,0.01479,0.00000
vol1|E374 (B),61200,6.02,0.00385,0.00000
vol1|E374 (B),61200,7.01,-0.00826,0.00000
vol1|E374 (B),61200,8.0,-0.00297,0.00000
vol1|E374 (B),61200,9.0,-0.09122,0.00000
vol1|E374 (B),61200,10.01,-0.13311,0.00000
vol1|E374 (B),101600,-4.22,-0.16460,0.00000
vol1|E374 (B),101600,-3.31,-0.08701,0.00000
vol1|E374 (B),101600,-2.23,-0.03196,0.00000
vol1|E374 (B),101600,-1.1,0.01184,0.00000
vol1|E374 (B),101600,-0.24,0.01639,0.00000
vol1|E374 (B),101600,0.82,0.01929,0.00000
vol1|E374 (B),101600,1.84,0.03294,0.00000
vol1|E374 (B),101600,2.84,0.04009,0.00000
vol1|E374 (B),101600,4.01,0.04615,0.00000
vol1|E374 (B),101600,5.03,0.04615,0.00000
vol1|E374 (B),101600,5.96,0.04615,0.00000
vol1|E374 (B),101600,7.02,0.04615,0.00000
vol1|E374 (B),101600,8.02,0.01661,0.00000
vol1|E374 (B),101600,8.96,-0.00333,0.00000
vol1|E374 (B),101600,10.02,-0.00640,0.00000
vol1|E374 (B),102800,-6.37,-0.28991,0.00000
vol1|E374 (B),102800,-5.38,-0.19729,0.00000
vol1|E374 (B),102800,-4.35,-0.16460,0.00000
vol1|E374 (B),152400,-6.44,-0.22230,0.00000
vol1|E374 (B),152400,-5.26,-0.16179,0.00000
vol1|E374 (B),152400,-4.26,-0.10625,0.00000
vol1|E374 (B),152400,-3.11,-0.02784,0.00000
vol1|E374 (B),152400,-2.22,-0.01808,0.00000
vol1|E374 (B),152400,-1.08,0.02065,0.00000
vol1|E374 (B),152400,-0.2,0.02520,0.00000
vol1|E374 (B),152400,0.85,0.02810,0.00000
vol1|E374 (B),152400,1.82,0.04175,0.00000
vol1|E374 (B),152400,2.93,0.05181,0.00000
vol1|E374 (B),152400,3.96,0.05496,0.00000
vol1|E374 (B),152400,4.9,0.05496,0.00000
vol1|E374 (B),152400,5.91,0.05496,0.00000
vol1|E374 (B),152400,7.03,0.05061,0.00000
vol1|E374 (B),152400,8.05,0.02087,0.00000
vol1|E374 (B),152400,9.03,0.01873,0.00000
vol1|E374 (B),152400,10.01,0.04493,0.00000
vol1|E374 (B),203000,-6.37,-0.12944,0.00000
vol1|E374 (B),203000,-5.32,-0.08879,0.00000
vol1|E374 (B),203000,-4.28,-0.06047,0.00000
vol1|E374 (B),203000,-3.29,-0.01287,0.00000
vol1|E374 (B),203000,-2.28,-0.00168,0.00000
vol1|E374 (B),203000,-1.2,0.02923,0.00000
vol1|E374 (B),203000,-0.16,0.03730,0.00000
vol1|E374 (B),203000,0.84,0.04020,0.00000
vol1|E374 (B),203000,1.8,0.05386,0.00000
vol1|E374 (B),203000,2.84,0.06100,0.00000
vol1|E374 (B),203000,3.87,0.06707,0.00000
vol1|E374 (B),203000,5.0,0.06707,0.00000
vol1|E374 (B),203000,5.93,0.06707,0.00000
vol1|E374 (B),203000,6.92,0.06303,0.00000
vol1|E374 (B),203000,7.95,0.03606,0.00000
vol1|E374 (B),203000,8.97,0.03606,0.00000
vol1|E374 (B),203000,9.98,0.05909,0.00000
vol1|E374 (B),303300,-6.36,-0.08747,0.00000
vol1|E374 (B),303300,-5.28,-0.03213,0.00000
vol1|E374 (B),303300,-4.13,-0.01069,0.00000
vol1|E374 (B),303300,-3.06,0.02842,0.00000
vol1|E374 (B),303300,-2.1,0.03455,0.00000
vol1|E374 (B),303300,-1.03,0.05829,0.00000
vol1|E374 (B),303300,-0.01,0.07209,0.00000
vol1|E374 (B),303300,1.04,0.07499,0.00000
vol1|E374 (B),303300,2.08,0.08864,0.00000
vol1|E374 (B),303300,3.08,0.09870,0.00000
vol1|E374 (B),303300,4.08,0.10186,0.00000
vol1|E374 (B),303300,5.15,0.10186,0.00000
vol1|E374 (B),303300,6.08,0.10186,0.00000
vol1|E374 (B),303300,6.95,0.08774,0.00000
vol1|E374 (B),303300,8.03,0.07085,0.00000
vol1|E374 (B),303300,9.11,0.05333,0.00000
vol1|E374 (B),303300,10.13,0.07636,0.00000
vol1|E387 (A),61000,-5.36,-0.27948,0.00000
vol1|E387 (A),61000,-3.71,-0.25118,0.00000
vol1|E387 (A),61000,-2.12,-0.15823,0.00000
vol1|E387 (A),61000,-0.68,-0.04126,0.00000
vol1|E387 (A),61000,0.93,-0.03267,0.00000
vol1|E387 (A),61000,2.59,-0.01224,0.00000
vol1|E387 (A),61000,4.18,-0.00380,0.00000
vol1|E387 (A),61000,5.42,-0.00590,0.00000
vol1|E387 (A),61000,6.99,-0.02053,0.00000
vol1|E387 (A),61000,8.82,-0.07707,0.00000
vol1|E387 (A),61000,10.15,-0.19594,0.00000
vol1|E387 (A),101000,-5.38,-0.22127,0.00000
vol1|E387 (A),101000,-3.62,-0.10388,0.00000
vol1|E387 (A),101000,-2.04,-0.00311,0.00000
vol1|E387 (A),101000,-0.49,0.01606,0.00000
vol1|E387 (A),101000,0.81,0.03261,0.00000
vol1|E387 (A),101000,2.46,0.04267,0.00000
vol1|E387 (A),101000,3.86,0.04582,0.00000
vol1|E387 (A),101000,5.61,0.04582,0.00000
vol1|E387 (A),101000,6.93,0.04582,0.00000
vol1|E387 (A),101000,8.7,-0.02399,0.00000
vol1|E387 (A),101000,10.13,-0.05435,0.00000
vol1|E387 (A),151600,-5.31,-0.16575,0.00000
vol1|E387 (A),151600,-3.46,-0.03497,0.00000
vol1|E387 (A),151600,-2.11,0.01077,0.00000
vol1|E387 (A),151600,-0.5,0.02487,0.00000
vol1|E387 (A),151600,0.83,0.04142,0.00000
vol1|E387 (A),151600,2.54,0.05148,0.00000
vol1|E387 (A),151600,4.07,0.05463,0.00000
vol1|E387 (A),151600,5.65,0.05463,0.00000
vol1|E387 (A),151600,7.06,0.05463,0.00000
vol1|E387 (A),151600,8.65,-0.01540,0.00000
vol1|E387 (A),151600,10.04,-0.05336,0.00000
vol1|E387 (A),202300,-4.65,-0.05267,0.00000
vol1|E387 (A),202300,-3.35,-0.00493,0.00000
vol1|E387 (A),202300,-1.97,0.02530,0.00000
vol1|E387 (A),202300,-0.37,0.03697,0.00000
vol1|E387 (A),202300,1.27,0.05353,0.00000
vol1|E387 (A),202300,2.67,0.06674,0.00000
vol1|E387 (A),202300,4.24,0.06674,0.00000
vol1|E387 (A),202300,5.61,0.06674,0.00000
vol1|E387 (A),202300,7.25,0.03611,0.00000
vol1|E387 (A),202300,8.79,-0.04737,0.00000
vol1|E387 (A),202300,10.18,-0.04650,0.00000
vol1|E387 (A),303000,-5.46,-0.04091,0.00000
vol1|E387 (A),303000,-3.93,0.00242,0.00000
vol1|E387 (A),303000,-2.24,0.05246,0.00000
vol1|E387 (A),303000,-0.24,0.07176,0.00000
vol1|E387 (A),303000,1.05,0.08832,0.00000
vol1|E387 (A),303000,2.53,0.09837,0.00000
vol1|E387 (A),303000,4.08,0.10153,0.00000
vol1|E387 (A),303000,5.94,0.10153,0.00000
vol1|E387 (A),303000,6.95,0.05553,0.00000
vol1|E387 (A),303000,8.46,-0.01258,0.00000
vol1|E387 (A),303000,9.93,-0.00289,0.00000
vol1|FX 63-137 (B),100800,-5.05,-0.06747,0.00000
vol1|FX 63-137 (B),100800,-3.74,-0.02846,0.00000
vol1|FX 63-137 (B),100800,-2.86,-0.02395,0.00000
vol1|FX 63-137 (B),100800,-1.91,0.00445,0.00000
vol1|FX 63-137 (B),100800,-0.57,-0.00325,0.00000
vol1|FX 63-137 (B),100800,0.37,-0.00325,0.00000
vol1|FX 63-137 (B),100800,1.29,-0.00325,0.00000
vol1|FX 63-137 (B),100800,2.27,-0.00325,0.00000
vol1|FX 63-137 (B),100800,3.48,0.00471,0.00000
vol1|FX 63-137 (B),100800,4.41,0.00283,0.00000
vol1|FX 63-137 (B),100800,5.65,0.01359,0.00000
vol1|FX 63-137 (B),100800,6.53,0.03584,0.00000
vol1|FX 63-137 (B),100800,7.53,0.03584,0.00000
vol1|FX 63-137 (B),100800,8.34,0.03584,0.00000
vol1|FX 63-137 (B),100800,9.72,0.03023,0.00000
vol1|FX 63-137 (B),100800,10.57,0.01519,0.00000
vol1|FX 63-137 (B),100800,11.44,0.01934,0.00000
vol1|FX 63-137 (B),201100,-5.79,-0.00835,0.00000
vol1|FX 63-137 (B),201100,-4.73,0.01059,0.00000
vol1|FX 63-137 (B),201100,-3.65,0.02393,0.00000
vol1|FX 63-137 (B),201100,-2.54,0.02984,0.00000
vol1|FX 63-137 (B),201100,-1.61,0.03418,0.00000
vol1|FX 63-137 (B),201100,-0.42,0.03418,0.00000
vol1|FX 63-137 (B),201100,0.87,0.03418,0.00000
vol1|FX 63-137 (B),201100,1.42,0.03418,0.00000
vol1|FX 63-137 (B),201100,2.63,0.04026,0.00000
vol1|FX 63-137 (B),201100,3.99,0.04694,0.00000
vol1|FX 63-137 (B),201100,4.67,0.05102,0.00000
vol1|FX 63-137 (B),201100,5.89,0.07222,0.00000
vol1|FX 63-137 (B),201100,6.78,0.07222,0.00000
vol1|FX 63-137 (B),201100,8.29,0.07222,0.00000
vol1|FX 63-137 (B),201100,9.14,0.06413,0.00000
vol1|FX 63-137 (B),201100,10.51,0.02248,0.00000
vol1|FX 63-137 (B),201100,10.7,0.02089,0.00000
vol1|FX 63-137 (B),201100,11.97,0.00672,0.00000
vol1|FX 63-137 (B),251600,-6.29,-0.00099,0.00000
vol1|FX 63-137 (B),251600,-4.91,0.05296,0.00000
vol1|FX 63-137 (B),251600,-3.87,0.06436,0.00000
vol1|FX 63-137 (B),251600,-2.74,0.07202,0.00000
vol1|FX 63-137 (B),251600,-1.81,0.07636,0.00000
vol1|FX 63-137 (B),251600,-0.74,0.07636,0.00000
vol1|FX 63-137 (B),251600,0.24,0.07636,0.00000
vol1|FX 63-137 (B),251600,1.25,0.07636,0.00000
vol1|FX 63-137 (B),251600,2.34,0.08243,0.00000
vol1|FX 63-137 (B),251600,3.37,0.08911,0.00000
vol1|FX 63-137 (B),251600,4.34,0.09319,0.00000
vol1|FX 63-137 (B),251600,5.36,0.11439,0.00000
vol1|FX 63-137 (B),251600,6.49,0.11439,0.00000
vol1|FX 63-137 (B),251600,7.5,0.11439,0.00000
vol1|FX 63-137 (B),251600,8.33,0.11439,0.00000
vol1|FX 63-137 (B),251600,9.5,0.09001,0.00000
vol1|FX 63-137 (B),251600,10.51,0.03743,0.00000
vol1|FX 63-137 (B),251600,11.6,0.05653,0.00000
vol1|FX 63-137 (B),302300,-5.82,0.05210,0.00000
vol1|FX 63-137 (B),302300,-4.86,0.05594,0.00000
vol1|FX 63-137 (B),302300,-3.85,0.06737,0.00000
vol1|FX 63-137 (B),302300,-2.79,0.07171,0.00000
vol1|FX 63-137 (B),302300,-1.74,0.07605,0.00000
vol1|FX 63-137 (B),302300,-0.71,0.07605,0.00000
vol1|FX 63-137 (B),302300,0.33,0.07605,0.00000
vol1|FX 63-137 (B),302300,1.34,0.07605,0.00000
vol1|FX 63-137 (B),302300,2.35,0.08881,0.00000
vol1|FX 63-137 (B),302300,3.36,0.09084,0.00000
vol1|FX 63-137 (B),302300,4.45,0.09289,0.00000
vol1|FX 63-137 (B),302300,5.46,0.11409,0.00000
vol1|FX 63-137 (B),302300,6.42,0.11409,0.00000
vol1|FX 63-137 (B),302300,7.49,0.11409,0.00000
vol1|FX 63-137 (B),302300,8.52,0.11132,0.00000
vol1|FX 63-137 (B),302300,9.57,0.07986,0.00000
vol1|FX 63-137 (B),302300,10.55,0.02337,0.00000
vol1|FX 63-137 (B),302300,11.53,0.05623,0.00000
vol1|GEMINI,101600,-7.01,-0.27156,0.00000
vol1|GEMINI,101600,-3.28,-0.05400,0.00000
vol1|GEMINI,101600,-2.71,-0.03607,0.00000
vol1|GEMINI,101600,-1.08,0.02441,0.00000
vol1|GEMINI,101600,0.56,0.05376,0.00000
vol1|GEMINI,101600,2.08,0.07511,0.00000
vol1|GEMINI,101600,3.64,0.07948,0.00000
vol1|GEMINI,101600,5.13,0.07948,0.00000
vol1|GEMINI,101600,6.44,0.07948,0.00000
vol1|GEMINI,101600,8.3,0.07617,0.00000
vol1|GEMINI,101600,9.63,0.07070,0.00000
vol1|GEMINI,101600,11.05,0.12373,0.00000
vol1|GEMINI,202800,-7.05,-0.12852,0.00000
vol1|GEMINI,202800,-5.6,-0.05847,0.00000
vol1|GEMINI,202800,-3.85,-0.04838,0.00000
vol1|GEMINI,202800,-2.47,-0.00378,0.00000
vol1|GEMINI,202800,-1.14,0.03892,0.00000
vol1|GEMINI,202800,0.38,0.06287,0.00000
vol1|GEMINI,202800,2.11,0.08571,0.00000
vol1|GEMINI,202800,3.56,0.09008,0.00000
vol1|GEMINI,202800,5.15,0.09008,0.00000
vol1|GEMINI,202800,7.04,0.09008,0.00000
vol1|GEMINI,202800,8.21,0.09008,0.00000
vol1|GEMINI,202800,9.78,0.08299,0.00000
vol1|GEMINI,202800,11.13,0.13503,0.00000
vol1|GEMINI,304100,-5.77,-0.05978,0.00000
vol1|GEMINI,304100,-4.53,-0.03462,0.00000
vol1|GEMINI,304100,-2.47,0.00379,0.00000
vol1|GEMINI,304100,-1.29,0.05056,0.00000
vol1|GEMINI,304100,0.76,0.07339,0.00000
vol1|GEMINI,304100,2.08,0.08346,0.00000
vol1|GEMINI,304100,3.59,0.10100,0.00000
vol1|GEMINI,304100,5.24,0.10100,0.00000
vol1|GEMINI,304100,6.87,0.10100,0.00000
vol1|GEMINI,304100,8.27,0.10100,0.00000
vol1|GEMINI,304100,9.59,0.09405,0.00000
vol1|GEMINI,304100,11.25,0.14836,0.00000
vol1|GM15,38600,10.98,-0.29832,0.00000
vol1|GM15,40600,-3.62,-0.27337,0.00000
vol1|GM15,40600,-1.52,-0.11695,0.00000
vol1|GM15,40600,0.66,-0.09426,0.00000
vol1|GM15,40600,2.61,-0.11162,0.00000
vol1|GM15,40600,4.61,-0.06487,0.00000
vol1|GM15,40600,6.83,-0.06091,0.00000
vol1|GM15,40600,8.75,-0.28831,0.00000
vol1|GM15,40600,9.94,-0.33049,0.00000
vol1|GM15,60700,-3.59,-0.29558,0.00000
vol1|GM15,60700,-1.91,-0.10127,0.00000
vol1|GM15,60700,-0.37,-0.08577,0.00000
vol1|GM15,60700,1.07,-0.06376,0.00000
vol1|GM15,60700,2.72,-0.02465,0.00000
vol1|GM15,60700,4.28,-0.02465,0.00000
vol1|GM15,60700,5.74,-0.03816,0.00000
vol1|GM15,60700,7.34,-0.14923,0.00000
vol1|GM15,60700,8.95,-0.25597,0.00000
vol1|GM15,60700,10.38,-0.33864,0.00000
vol1|GM15,60700,11.96,-0.28640,0.00000
vol1|GM15,60700,-1.91,-0.10127,0.00000
vol1|GM15,60700,-0.29,-0.08577,0.00000
vol1|GM15,60700,1.2,-0.07357,0.00000
vol1|GM15,60700,2.5,-0.02465,0.00000
vol1|GM15,60700,4.18,-0.02465,0.00000
vol1|GM15,60700,5.6,-0.02680,0.00000
vol1|GM15,60700,7.26,-0.15095,0.00000
vol1|GM15,60700,8.75,-0.22409,0.00000
vol1|GM15,60700,10.36,-0.33864,0.00000
vol1|GM15,60700,11.81,-0.28640,0.00000
vol1|GM15,100600,0.0,-0.01311,0.00000
vol1|GM15,100600,1.63,0.03507,0.00000
vol1|GM15,100600,3.13,0.03507,0.00000
vol1|GM15,100600,4.55,0.03507,0.00000
vol1|GM15,100600,6.15,0.00841,0.00000
vol1|GM15,100600,7.58,-0.06367,0.00000
vol1|GM15,100600,9.11,-0.12292,0.00000
vol1|GM15,100600,10.6,-0.23751,0.00000
vol1|GM15,101300,-1.93,-0.04190,0.00000
vol1|GM15,101300,-0.14,-0.01139,0.00000
vol1|GM15,101300,1.31,0.03157,0.00000
vol1|GM15,101300,2.7,0.03507,0.00000
vol1|GM15,101300,4.19,0.03507,0.00000
vol1|GM15,101300,5.63,0.01777,0.00000
vol1|GM15,101300,7.27,-0.05672,0.00000
vol1|GM15,101300,8.72,-0.11858,0.00000
vol1|GM15,101300,10.42,-0.23751,0.00000
vol1|GM15,101300,11.84,-0.22204,0.00000
vol1|GM15,101900,-3.46,-0.16267,0.00000
vol1|GM15,102100,-1.49,-0.03824,0.00000
vol1|GM15,200500,-3.41,-0.03442,0.00000
vol1|GM15,200500,-1.25,0.00910,0.00000
vol1|GM15,200500,-0.44,0.04202,0.00000
vol1|GM15,200500,1.54,0.05447,0.00000
vol1|GM15,200500,2.77,0.05447,0.00000
vol1|GM15,200500,4.75,0.05447,0.00000
vol1|GM15,200500,5.86,0.02718,0.00000
vol1|GM15,200500,7.66,-0.02496,0.00000
vol1|GM15,200500,9.14,-0.14819,0.00000
vol1|GM15,200500,10.58,-0.20353,0.00000
vol1|GM15,202200,-1.73,0.01332,0.00000
vol1|GM15,202200,0.09,0.05009,0.00000
vol1|GM15,202200,1.47,0.05447,0.00000
vol1|GM15,202200,3.07,0.05447,0.00000
vol1|GM15,202200,4.53,0.05447,0.00000
vol1|GM15,202200,5.93,0.01124,0.00000
vol1|GM15,202200,7.46,-0.02496,0.00000
vol1|GM15,202200,9.09,-0.14819,0.00000
vol1|GM15,202200,10.64,-0.20353,0.00000
vol1|GM15,202200,11.96,-0.18137,0.00000
vol1|GM15,302500,-1.99,0.03329,0.00000
vol1|GM15,302500,-0.49,0.08711,0.00000
vol1|GM15,302500,2.04,0.08573,0.00000
vol1|GM15,302500,3.01,0.08573,0.00000
vol1|GM15,302500,4.54,0.07431,0.00000
vol1|GM15,302500,6.09,0.01348,0.00000
vol1|GM15,302500,7.54,-0.05186,0.00000
vol1|GM15,302500,9.0,-0.05939,0.00000
vol1|GM15,302500,10.51,-0.13427,0.00000
vol1|K3311,61100,-4.25,-0.27542,0.00000
vol1|K3311,61100,-2.71,-0.20625,0.00000
vol1|K3311,61100,-1.19,-0.09562,0.00000
vol1|K3311,61100,0.58,-0.03445,0.00000
vol1|K3311,61100,1.9,-0.02424,0.00000
vol1|K3311,61100,3.68,-0.00243,0.00000
vol1|K3311,61100,5.07,-0.00243,0.00000
vol1|K3311,61100,6.8,-0.00458,0.00000
vol1|K3311,61100,8.31,-0.02565,0.00000
vol1|K3311,61100,9.89,-0.04189,0.00000
vol1|K3311,61100,11.23,-0.09418,0.00000
vol1|K3311,101100,-4.09,-0.17087,0.00000
vol1|K3311,101100,-2.54,-0.04409,0.00000
vol1|K3311,101100,-1.21,0.01082,0.00000
vol1|K3311,101100,0.43,0.02130,0.00000
vol1|K3311,101100,2.12,0.05498,0.00000
vol1|K3311,101100,3.59,0.05742,0.00000
vol1|K3311,101100,5.18,0.05527,0.00000
vol1|K3311,101100,6.83,0.05527,0.00000
vol1|K3311,101100,8.25,0.05166,0.00000
vol1|K3311,101100,9.76,0.03779,0.00000
vol1|K3311,101100,11.22,0.04074,0.00000
vol1|K3311,201800,-5.79,-0.20108,0.00000
vol1|K3311,201800,-4.11,-0.06557,0.00000
vol1|K3311,201800,-2.55,0.02656,0.00000
vol1|K3311,201800,-1.07,0.03022,0.00000
vol1|K3311,201800,0.4,0.04299,0.00000
vol1|K3311,201800,2.18,0.07438,0.00000
vol1|K3311,201800,3.52,0.07682,0.00000
vol1|K3311,201800,5.22,0.07467,0.00000
vol1|K3311,201800,6.6,0.07467,0.00000
vol1|K3311,201800,8.15,0.06768,0.00000
vol1|K3311,201800,9.85,0.04688,0.00000
vol1|K3311,201800,11.19,0.11032,0.00000
vol1|K3311,302900,-5.62,-0.07233,0.00000
vol1|K3311,302900,-4.28,-0.02415,0.00000
vol1|K3311,302900,-2.78,0.05098,0.00000
vol1|K3311,302900,-1.0,0.05641,0.00000
vol1|K3311,302900,0.47,0.06917,0.00000
vol1|K3311,302900,2.11,0.10057,0.00000
vol1|K3311,302900,3.51,0.10301,0.00000
vol1|K3311,302900,5.25,0.10086,0.00000
vol1|K3311,302900,6.83,0.10086,0.00000
vol1|K3311,302900,8.16,0.08726,0.00000
vol1|K3311,302900,10.05,0.07558,0.00000
vol1|K3311,302900,11.68,0.05672,0.00000
vol1|MA409,40700,-1.98,-0.17827,0.00000
vol1|MA409,40700,0.16,-0.11036,0.00000
vol1|MA409,40700,2.11,-0.12143,0.00000
vol1|MA409,40700,4.32,-0.11630,0.00000
vol1|MA409,40700,6.35,-0.10939,0.00000
vol1|MA409,40700,8.22,-0.37725,0.00000
vol1|MA409,40700,10.34,-0.48568,0.00000
vol1|MA409,60800,-2.71,-0.19026,0.00000
vol1|MA409,60800,-1.11,-0.11131,0.00000
vol1|MA409,60800,0.56,-0.11365,0.00000
vol1|MA409,60800,2.03,-0.11627,0.00000
vol1|MA409,60800,3.26,-0.09036,0.00000
vol1|MA409,60800,4.89,-0.09300,0.00000
vol1|MA409,60800,6.36,-0.19573,0.00000
vol1|MA409,60800,7.98,-0.25788,0.00000
vol1|MA409,60800,9.58,-0.45658,0.00000
vol1|MA409,101500,-4.39,-0.22990,0.00000
vol1|MA409,101500,-2.61,-0.12436,0.00000
vol1|MA409,101500,-1.24,-0.06853,0.00000
vol1|MA409,101500,0.31,-0.05800,0.00000
vol1|MA409,101500,1.81,-0.02492,0.00000
vol1|MA409,101500,3.29,-0.00761,0.00000
vol1|MA409,101500,5.07,-0.02698,0.00000
vol1|MA409,101500,6.42,-0.08951,0.00000
vol1|MA409,101500,8.24,-0.17411,0.00000
vol1|MA409,101500,9.45,-0.42810,0.00000
vol1|MA409,201900,-4.4,-0.10288,0.00000
vol1|MA409,201900,-2.83,-0.08570,0.00000
vol1|MA409,201900,-1.45,-0.01955,0.00000
vol1|MA409,201900,-0.03,0.01113,0.00000
vol1|MA409,201900,1.72,0.02931,0.00000
vol1|MA409,201900,3.3,0.04079,0.00000
vol1|MA409,201900,4.71,0.01191,0.00000
vol1|MA409,201900,6.14,-0.10025,0.00000
vol1|MA409,201900,7.58,-0.14026,0.00000
vol1|MA409,201900,9.24,-0.27230,0.00000
vol1|MA409,302500,-4.68,-0.04110,0.00000
vol1|MA409,302500,-3.14,-0.01302,0.00000
vol1|MA409,302500,-1.43,0.05883,0.00000
vol1|MA409,302500,-0.0,0.06176,0.00000
vol1|MA409,302500,1.61,0.08181,0.00000
vol1|MA409,302500,3.49,0.08679,0.00000
vol1|MA409,302500,4.78,-0.00132,0.00000
vol1|MA409,302500,6.21,-0.06205,0.00000
vol1|MA409,302500,8.0,-0.12311,0.00000
vol1|MA409,302500,9.39,-0.15461,0.00000
vol1|MA409,305400,-6.09,-0.41758,0.00000
vol1|MH45,60900,-3.22,-0.16499,0.00000
vol1|MH45,60900,-1.62,-0.15444,0.00000
vol1|MH45,60900,-0.06,-0.06994,0.00000
vol1|MH45,60900,1.45,-0.04420,0.00000
vol1|MH45,60900,2.98,-0.03520,0.00000
vol1|MH45,60900,4.5,-0.01694,0.00000
vol1|MH45,60900,6.05,-0.01694,0.00000
vol1|MH45,60900,7.58,-0.02929,0.00000
vol1|MH45,60900,9.09,-0.07961,0.00000
vol1|MH45,60900,10.64,-0.17142,0.00000
vol1|MH45,61600,-6.2,-0.33563,0.00000
vol1|MH45,61600,-4.66,-0.25624,0.00000
vol1|MH45,101100,-2.94,-0.10982,0.00000
vol1|MH45,101100,-1.4,-0.01541,0.00000
vol1|MH45,101100,0.16,0.00341,0.00000
vol1|MH45,101100,1.48,0.00579,0.00000
vol1|MH45,101100,3.34,0.01703,0.00000
vol1|MH45,101100,4.69,0.03529,0.00000
vol1|MH45,101100,6.18,0.03529,0.00000
vol1|MH45,101100,7.64,0.02477,0.00000
vol1|MH45,101100,9.28,0.01982,0.00000
vol1|MH45,101100,10.69,-0.02733,0.00000
vol1|MH45,102500,-6.11,-0.29355,0.00000
vol1|MH45,102500,-4.67,-0.21577,0.00000
vol1|MH45,201900,-3.0,-0.02224,0.00000
vol1|MH45,201900,-1.64,-0.00520,0.00000
vol1|MH45,201900,-0.04,0.02187,0.00000
vol1|MH45,201900,1.47,0.02426,0.00000
vol1|MH45,201900,3.22,0.03549,0.00000
vol1|MH45,201900,4.68,0.05281,0.00000
vol1|MH45,201900,6.14,0.04950,0.00000
vol1|MH45,201900,7.73,0.04255,0.00000
vol1|MH45,201900,9.27,0.04511,0.00000
vol1|MH45,201900,10.63,0.03848,0.00000
vol1|MH45,204200,-6.17,-0.27592,0.00000
vol1|MH45,204700,-4.63,-0.10829,0.00000
vol1|MH45,302600,-2.92,-0.00722,0.00000
vol1|MH45,302600,-1.45,0.02101,0.00000
vol1|MH45,302600,0.14,0.05228,0.00000
vol1|MH45,302600,1.48,0.05467,0.00000
vol1|MH45,302600,3.03,0.05691,0.00000
vol1|MH45,302600,4.5,0.08417,0.00000
vol1|MH45,302600,6.28,0.07726,0.00000
vol1|MH45,302600,7.66,0.06593,0.00000
vol1|MH45,302600,9.36,0.07750,0.00000
vol1|MH45,302600,10.74,0.13483,0.00000
vol1|MH45,306500,-6.07,-0.13221,0.00000
vol1|MH45,306500,-4.5,-0.04961,0.00000
vol1|NACA 6409,61000,-2.8,-0.30593,0.00000
vol1|NACA 6409,61000,-1.13,-0.00309,0.00000
vol1|NACA 6409,61000,0.26,0.00937,0.00000
vol1|NACA 6409,61000,2.09,0.01829,0.00000
vol1|NACA 6409,61000,3.33,0.00461,0.00000
vol1|NACA 6409,61000,5.0,-0.05137,0.00000
vol1|NACA 6409,100700,-2.68,0.06561,0.00000
vol1|NACA 6409,100700,-1.0,0.06237,0.00000
vol1|NACA 6409,100700,0.26,0.08001,0.00000
vol1|NACA 6409,100700,1.98,0.09362,0.00000
vol1|NACA 6409,100700,3.34,0.09362,0.00000
vol1|NACA 6409,100700,5.09,0.06943,0.00000
vol1|NACA 6409,100700,6.47,0.04364,0.00000
vol1|NACA 6409,100700,8.12,0.04364,0.00000
vol1|NACA 6409,100700,9.73,0.00727,0.00000
vol1|NACA 6409,200600,-2.89,0.07728,0.00000
vol1|NACA 6409,200600,-1.37,0.08937,0.00000
vol1|NACA 6409,200600,0.22,0.10792,0.00000
vol1|NACA 6409,200600,1.67,0.10792,0.00000
vol1|NACA 6409,200600,3.34,0.10792,0.00000
vol1|NACA 6409,200600,4.97,0.08373,0.00000
vol1|NACA 6409,200600,6.97,0.06125,0.00000
vol1|NACA 6409,200600,8.11,0.06125,0.00000
vol1|NACA 6409,200600,10.13,0.02157,0.00000
vol1|NACA 6409,200600,11.33,0.06418,0.00000
vol1|NACA 64A010,61600,-6.06,-0.29727,0.00000
vol1|NACA 64A010,61600,-4.31,-0.19326,0.00000
vol1|NACA 64A010,61600,-2.72,-0.15845,0.00000
vol1|NACA 64A010,61600,-1.17,-0.14055,0.00000
vol1|NACA 64A010,61600,0.32,-0.12586,0.00000
vol1|NACA 64A010,61600,1.84,-0.09445,0.00000
vol1|NACA 64A010,61600,3.18,-0.03416,0.00000
vol1|NACA 64A010,61600,4.69,-0.05835,0.00000
vol1|NACA 64A010,61600,6.51,-0.07661,0.00000
vol1|NACA 64A010,61600,7.91,-0.16702,0.00000
vol1|NACA 64A010,101600,-6.29,-0.29336,0.00000
vol1|NACA 64A010,101600,-4.28,-0.15039,0.00000
vol1|NACA 64A010,101600,-2.72,-0.12668,0.00000
vol1|NACA 64A010,101600,-1.22,-0.11015,0.00000
vol1|NACA 64A010,101600,0.12,-0.06867,0.00000
vol1|NACA 64A010,101600,1.7,0.01571,0.00000
vol1|NACA 64A010,101600,3.37,0.03277,0.00000
vol1|NACA 64A010,101600,4.7,0.03455,0.00000
vol1|NACA 64A010,101600,6.4,0.03123,0.00000
vol1|NACA 64A010,101600,7.68,-0.00698,0.00000
vol1|NACA 64A010,202900,-6.07,-0.24942,0.00000
vol1|NACA 64A010,202900,-4.39,-0.14061,0.00000
vol1|NACA 64A010,202900,-2.73,-0.11234,0.00000
vol1|NACA 64A010,202900,-1.1,-0.05621,0.00000
vol1|NACA 64A010,202900,0.08,-0.00705,0.00000
vol1|NACA 64A010,202900,1.66,0.04181,0.00000
vol1|NACA 64A010,202900,3.43,0.04851,0.00000
vol1|NACA 64A010,202900,4.66,0.05422,0.00000
vol1|NACA 64A010,202900,6.09,0.05576,0.00000
vol1|NACA 64A010,202900,7.73,0.05706,0.00000
vol1|NACA 64A010,304400,-6.25,-0.20823,0.00000
vol1|NACA 64A010,304400,-4.27,-0.13794,0.00000
vol1|NACA 64A010,304400,-2.54,-0.07762,0.00000
vol1|NACA 64A010,304400,-0.87,-0.02367,0.00000
vol1|NACA 64A010,304400,0.36,0.03840,0.00000
vol1|NACA 64A010,304400,1.68,0.05568,0.00000
vol1|NACA 64A010,304400,3.29,0.06272,0.00000
vol1|NACA 64A010,304400,4.64,0.07356,0.00000
vol1|NACA 64A010,304400,6.2,0.08618,0.00000
vol1|NACA 64A010,304400,7.76,0.07887,0.00000
vol1|R140 (A),101600,-4.02,-0.14813,0.00000
vol1|R140 (A),101600,-2.47,-0.12820,0.00000
vol1|R140 (A),101600,-0.91,-0.08293,0.00000
vol1|R140 (A),101600,0.55,0.01571,0.00000
vol1|R140 (A),101600,2.14,0.02411,0.00000
vol1|R140 (A),101600,3.65,0.04546,0.00000
vol1|R140 (A),101600,4.99,0.04063,0.00000
vol1|R140 (A),101600,6.56,0.03561,0.00000
vol1|R140 (A),101600,8.26,0.00017,0.00000
vol1|R140 (A),101600,9.53,-0.17855,0.00000
vol1|R140 (A),103000,-5.77,-0.29252,0.00000
vol1|R140 (A),203000,-5.63,-0.20212,0.00000
vol1|R140 (A),203000,-4.07,-0.11847,0.00000
vol1|R140 (A),203000,-2.71,-0.06772,0.00000
vol1|R140 (A),203000,-0.96,-0.03966,0.00000
vol1|R140 (A),203000,0.36,0.01946,0.00000
vol1|R140 (A),203000,2.02,0.04229,0.00000
vol1|R140 (A),203000,3.84,0.06513,0.00000
vol1|R140 (A),203000,5.13,0.06684,0.00000
vol1|R140 (A),203000,6.47,0.05887,0.00000
vol1|R140 (A),203000,8.29,0.06712,0.00000
vol1|R140 (A),203000,9.56,-0.04737,0.00000
vol1|R140 (A),304400,-5.71,-0.18341,0.00000
vol1|R140 (A),304400,-3.85,-0.09111,0.00000
vol1|R140 (A),304400,-2.66,-0.02367,0.00000
vol1|R140 (A),304400,-0.44,-0.00837,0.00000
vol1|R140 (A),304400,0.59,0.03840,0.00000
vol1|R140 (A),304400,2.13,0.06123,0.00000
vol1|R140 (A),304400,3.4,0.06559,0.00000
vol1|R140 (A),304400,5.11,0.03031,0.00000
vol1|R140 (A),304400,6.46,0.03313,0.00000
vol1|R140 (A),304400,8.05,0.09189,0.00000
vol1|R140 (A),304400,9.62,0.02654,0.00000
vol1|RG15 (B),61100,-6.86,-0.57233,0.00000
vol1|RG15 (B),61100,-4.99,-0.29773,0.00000
vol1|RG15 (B),61100,-3.58,-0.22632,0.00000
vol1|RG15 (B),61100,-1.93,-0.13971,0.00000
vol1|RG15 (B),61100,-0.34,-0.11528,0.00000
vol1|RG15 (B),61100,1.12,-0.08616,0.00000
vol1|RG15 (B),61100,2.76,-0.03467,0.00000
vol1|RG15 (B),61100,4.24,-0.01546,0.00000
vol1|RG15 (B),61100,5.66,-0.01546,0.00000
vol1|RG15 (B),61100,7.31,-0.07660,0.00000
vol1|RG15 (B),61100,8.86,-0.11343,0.00000
vol1|RG15 (B),61100,10.25,-0.27249,0.00000
vol1|RG15 (B),101200,-6.45,-0.49339,0.00000
vol1|RG15 (B),101200,-4.97,-0.25958,0.00000
vol1|RG15 (B),101200,-3.47,-0.15033,0.00000
vol1|RG15 (B),101200,-2.04,-0.11539,0.00000
vol1|RG15 (B),101200,-0.47,-0.05831,0.00000
vol1|RG15 (B),101200,1.1,-0.00674,0.00000
vol1|RG15 (B),101200,2.62,0.04022,0.00000
vol1|RG15 (B),101200,4.1,0.04459,0.00000
vol1|RG15 (B),101200,5.66,0.04459,0.00000
vol1|RG15 (B),101200,7.23,0.03038,0.00000
vol1|RG15 (B),101200,8.77,0.00643,0.00000
vol1|RG15 (B),101200,10.28,-0.12794,0.00000
vol1|RG15 (B),151800,-6.07,-0.42308,0.00000
vol1|RG15 (B),151800,-5.1,-0.25967,0.00000
vol1|RG15 (B),151800,-4.13,-0.16849,0.00000
vol1|RG15 (B),151800,-3.25,-0.13558,0.00000
vol1|RG15 (B),151800,-2.02,-0.11539,0.00000
vol1|RG15 (B),151800,-1.28,-0.10245,0.00000
vol1|RG15 (B),151800,0.04,-0.00906,0.00000
vol1|RG15 (B),151800,0.92,0.01196,0.00000
vol1|RG15 (B),151800,2.01,0.04022,0.00000
vol1|RG15 (B),151800,2.91,0.04022,0.00000
vol1|RG15 (B),151800,4.07,0.04459,0.00000
vol1|RG15 (B),151800,5.11,0.04459,0.00000
vol1|RG15 (B),151800,5.95,0.04459,0.00000
vol1|RG15 (B),151800,7.15,0.03368,0.00000
vol1|RG15 (B),151800,8.2,0.03038,0.00000
vol1|RG15 (B),151800,8.98,0.01917,0.00000
vol1|RG15 (B),151800,10.0,-0.01187,0.00000
vol1|RG15 (B),202500,-6.46,-0.44543,0.00000
vol1|RG15 (B),202500,-5.09,-0.22722,0.00000
vol1|RG15 (B),202500,-3.53,-0.12453,0.00000
vol1|RG15 (B),202500,-1.98,-0.09236,0.00000
vol1|RG15 (B),202500,-0.47,-0.00257,0.00000
vol1|RG15 (B),202500,1.13,0.04130,0.00000
vol1|RG15 (B),202500,2.68,0.06265,0.00000
vol1|RG15 (B),202500,4.2,0.06742,0.00000
vol1|RG15 (B),202500,5.74,0.06742,0.00000
vol1|RG15 (B),202500,7.27,0.05651,0.00000
vol1|RG15 (B),202500,8.76,0.05679,0.00000
vol1|RG15 (B),202500,10.31,0.00333,0.00000
vol1|RG15 (B),302700,-6.49,-0.41421,0.00000
vol1|RG15 (B),302700,-5.14,-0.17514,0.00000
vol1|RG15 (B),302700,-3.66,-0.12494,0.00000
vol1|RG15 (B),302700,-2.16,-0.07283,0.00000
vol1|RG15 (B),302700,-0.56,0.04018,0.00000
vol1|RG15 (B),302700,0.94,0.06065,0.00000
vol1|RG15 (B),302700,2.57,0.08199,0.00000
vol1|RG15 (B),302700,4.06,0.09123,0.00000
vol1|RG15 (B),302700,5.6,0.08296,0.00000
vol1|RG15 (B),302700,7.16,0.08693,0.00000
vol1|RG15 (B),302700,8.77,0.03554,0.00000
vol1|RG15 (B),302700,10.36,-0.00831,0.00000
vol1|S1210,101100,-3.97,-0.21617,0.00000
vol1|S1210,101100,-3.03,-0.00191,0.00000
vol1|S1210,101100,-2.04,0.01459,0.00000
vol1|S1210,101100,-0.95,0.00491,0.00000
vol1|S1210,101100,-0.0,0.00491,0.00000
vol1|S1210,101100,1.09,0.00765,0.00000
vol1|S1210,101100,2.04,0.00566,0.00000
vol1|S1210,101100,3.1,0.01233,0.00000
vol1|S1210,101100,4.25,0.03549,0.00000
vol1|S1210,101100,5.22,0.03549,0.00000
vol1|S1210,101100,6.35,0.03549,0.00000
vol1|S1210,101100,7.16,0.03549,0.00000
vol1|S1210,101100,8.28,0.03549,0.00000
vol1|S1210,101100,9.39,0.02827,0.00000
vol1|S1210,101100,10.2,0.01484,0.00000
vol1|S1210,101100,11.22,0.05313,0.00000
vol1|S1210,150500,-3.82,-0.00907,0.00000
vol1|S1210,150500,-2.88,-0.01152,0.00000
vol1|S1210,150500,-1.83,0.00930,0.00000
vol1|S1210,150500,-0.78,0.01341,0.00000
vol1|S1210,150500,0.21,0.01341,0.00000
vol1|S1210,150500,1.39,0.02617,0.00000
vol1|S1210,150500,2.33,0.03025,0.00000
vol1|S1210,150500,3.14,0.03025,0.00000
vol1|S1210,150500,4.14,0.05251,0.00000
vol1|S1210,150500,5.33,0.05251,0.00000
vol1|S1210,150500,6.35,0.04718,0.00000
vol1|S1210,150500,7.35,0.04718,0.00000
vol1|S1210,150500,8.17,0.04718,0.00000
vol1|S1210,150500,9.49,0.03561,0.00000
vol1|S1210,150500,10.32,0.01350,0.00000
vol1|S1210,150500,11.27,0.04095,0.00000
vol1|S1210,200900,-4.14,-0.00308,0.00000
vol1|S1210,200900,-3.15,-0.00192,0.00000
vol1|S1210,200900,-2.18,0.03687,0.00000
vol1|S1210,200900,-1.15,0.03687,0.00000
vol1|S1210,200900,-0.02,0.04355,0.00000
vol1|S1210,200900,0.92,0.05559,0.00000
vol1|S1210,200900,1.95,0.05371,0.00000
vol1|S1210,200900,2.94,0.05371,0.00000
vol1|S1210,200900,4.0,0.07491,0.00000
vol1|S1210,200900,5.1,0.07491,0.00000
vol1|S1210,200900,6.16,0.07491,0.00000
vol1|S1210,200900,7.16,0.07491,0.00000
vol1|S1210,200900,8.16,0.07491,0.00000
vol1|S1210,200900,9.37,0.04734,0.00000
vol1|S1210,200900,10.47,-0.00206,0.00000
vol1|S1210,200900,11.66,0.00861,0.00000
vol1|S1210,250500,-4.14,0.04148,0.00000
vol1|S1210,250500,-3.12,0.04347,0.00000
vol1|S1210,250500,-2.16,0.07905,0.00000
vol1|S1210,250500,-1.09,0.08572,0.00000
vol1|S1210,250500,-0.05,0.08981,0.00000
vol1|S1210,250500,1.01,0.09588,0.00000
vol1|S1210,250500,2.05,0.09588,0.00000
vol1|S1210,250500,3.02,0.09588,0.00000
vol1|S1210,250500,4.09,0.11708,0.00000
vol1|S1210,250500,5.03,0.11708,0.00000
vol1|S1210,250500,6.16,0.11708,0.00000
vol1|S1210,250500,7.19,0.11708,0.00000
vol1|S1210,250500,8.18,0.11708,0.00000
vol1|S1210,250500,9.41,0.09270,0.00000
vol1|S1210,250500,10.24,0.02637,0.00000
vol1|S1210,250500,11.28,0.09937,0.00000
vol1|S1210,300800,-5.1,0.05110,0.00000
vol1|S1210,300800,-4.1,0.06131,0.00000
vol1|S1210,300800,-3.05,0.05144,0.00000
vol1|S1210,300800,-2.03,0.07874,0.00000
vol1|S1210,300800,-1.03,0.08542,0.00000
vol1|S1210,300800,0.02,0.08950,0.00000
vol1|S1210,300800,1.01,0.09557,0.00000
vol1|S1210,300800,2.09,0.09557,0.00000
vol1|S1210,300800,3.1,0.09557,0.00000
vol1|S1210,300800,4.13,0.11677,0.00000
vol1|S1210,300800,5.15,0.11677,0.00000
vol1|S1210,300800,6.17,0.11677,0.00000
vol1|S1210,300800,7.13,0.11677,0.00000
vol1|S1210,300800,8.23,0.11677,0.00000
vol1|S1210,300800,9.14,0.09801,0.00000
vol1|S1210,300800,10.23,0.02606,0.00000
vol1|S1210,300800,11.27,0.09306,0.00000
vol1|S1223,100600,-3.29,-0.01022,0.00000
vol1|S1223,100600,-2.52,-0.01575,0.00000
vol1|S1223,100600,-0.99,0.02981,0.00000
vol1|S1223,100600,-0.01,0.07711,0.00000
vol1|S1223,100600,0.92,0.04035,0.00000
vol1|S1223,100600,1.75,0.02455,0.00000
vol1|S1223,100600,2.59,0.01051,0.00000
vol1|S1223,100600,3.72,-0.03797,0.00000
vol1|S1223,100600,4.85,-0.03736,0.00000
vol1|S1223,100600,5.74,-0.03254,0.00000
vol1|S1223,100600,6.72,-0.06203,0.00000
vol1|S1223,149700,3.94,-0.03370,0.00000
vol1|S1223,149700,5.25,-0.03585,0.00000
vol1|S1223,149700,6.87,-0.05164,0.00000
vol1|S1223,149700,8.64,-0.05164,0.00000
vol1|S1223,149700,9.94,-0.06819,0.00000
vol1|S1223,149700,11.47,-0.05820,0.00000
vol1|S1223,150500,-2.29,-0.01074,0.00000
vol1|S1223,150500,-0.81,0.03433,0.00000
vol1|S1223,150500,0.75,-0.00945,0.00000
vol1|S1223,150500,2.92,-0.02316,0.00000
vol1|S1223,198500,8.91,-0.05981,0.00000
vol1|S1223,198500,10.16,-0.05262,0.00000
vol1|S1223,198500,11.1,0.00231,0.00000
vol1|S1223,198500,11.87,-0.02027,0.00000
vol1|S1223,199400,-0.39,0.01484,0.00000
vol1|S1223,199400,3.62,-0.03513,0.00000
vol1|S1223,199400,7.83,-0.06377,0.00000
vol1|S1223,200100,-0.43,0.01484,0.00000
vol1|S1223,200100,1.77,-0.00336,0.00000
vol1|S1223,200100,3.78,-0.03513,0.00000
vol1|S1223,200100,5.85,-0.04073,0.00000
vol1|S1223,200100,7.7,-0.05740,0.00000
vol1|S1223,200100,9.92,-0.05650,0.00000
vol1|S1223,200400,-2.83,0.00706,0.00000
vol1|S1223,200400,-1.45,0.04815,0.00000
vol1|S1223,200400,-0.0,0.00052,0.00000
vol1|S1223,200400,0.67,0.00052,0.00000
vol1|S1223,200400,1.82,-0.00336,0.00000
vol1|S1223,200400,2.99,-0.01318,0.00000
vol1|S1223,200400,3.77,-0.03513,0.00000
vol1|S1223,200400,4.76,-0.03858,0.00000
vol1|S1223,200400,6.26,-0.04073,0.00000
vol1|S1223,200400,6.9,-0.04073,0.00000
vol1|S1223,200400,7.93,-0.06389,0.00000
vol1|S1223,249700,-3.04,0.01320,0.00000
vol1|S1223,249700,-1.07,0.01706,0.00000
vol1|S1223,249700,0.47,0.00533,0.00000
vol1|S1223,249700,1.94,0.00144,0.00000
vol1|S1223,249700,3.48,-0.02050,0.00000
vol1|S1223,249700,5.12,-0.02395,0.00000
vol1|S1223,249700,6.64,-0.03183,0.00000
vol1|S1223,249700,8.18,-0.02610,0.00000
vol1|S1223,249700,9.57,-0.04780,0.00000
vol1|S1223,249700,11.39,-0.01546,0.00000
vol1|S1223,299100,-2.68,0.09820,0.00000
vol1|S1223,299100,-1.02,0.06405,0.00000
vol1|S1223,299100,0.48,0.05592,0.00000
vol1|S1223,299100,2.05,0.05204,0.00000
vol1|S1223,299100,3.6,0.03010,0.00000
vol1|S1223,299100,5.1,0.02664,0.00000
vol1|S1223,299100,6.61,0.02450,0.00000
vol1|S1223,299100,8.21,0.02450,0.00000
vol1|S1223,299100,9.7,0.02596,0.00000
vol1|S1223,299100,11.22,0.05674,0.00000
vol1|S6062,101300,-3.98,-0.20942,0.00000
vol1|S6062,101300,-2.17,-0.13046,0.00000
vol1|S6062,101300,-0.61,-0.10351,0.00000
vol1|S6062,101300,0.75,-0.02734,0.00000
vol1|S6062,101300,2.39,0.01762,0.00000
vol1|S6062,101300,3.53,0.02769,0.00000
vol1|S6062,101300,5.32,0.02336,0.00000
vol1|S6062,101300,7.02,-0.01283,0.00000
vol1|S6062,101300,8.3,-0.07549,0.00000
vol1|S6062,202000,-4.21,-0.17693,0.00000
vol1|S6062,202000,8.7,-0.00687,0.00000
vol1|S6062,202100,-6.86,-0.43306,0.00000
vol1|S6062,202100,-2.91,-0.11824,0.00000
vol1|S6062,202100,-2.59,-0.10373,0.00000
vol1|S6062,202100,-0.76,0.00743,0.00000
vol1|S6062,202100,0.56,0.03004,0.00000
vol1|S6062,202100,2.45,0.03608,0.00000
vol1|S6062,202100,3.73,0.04709,0.00000
vol1|S6062,202100,5.49,0.01527,0.00000
vol1|S6062,202100,6.73,0.01271,0.00000
vol1|S6062,303600,-5.55,-0.31162,0.00000
vol1|S6062,303600,-3.94,-0.15624,0.00000
vol1|S6062,303600,-2.57,-0.06301,0.00000
vol1|S6062,303600,-0.83,0.04485,0.00000
vol1|S6062,303600,0.59,0.05162,0.00000
vol1|S6062,303600,2.57,0.06321,0.00000
vol1|S6062,303600,3.75,0.07328,0.00000
vol1|S6062,303600,5.74,0.04140,0.00000
vol1|S6062,303600,7.24,0.03673,0.00000
vol1|S6062,303600,8.62,0.04772,0.00000
vol1|S7012 (B),61100,-5.8,-0.40027,0.00000
vol1|S7012 (B),61100,-4.31,-0.21455,0.00000
vol1|S7012 (B),61100,-2.78,-0.16277,0.00000
vol1|S7012 (B),61100,-1.28,-0.15423,0.00000
vol1|S7012 (B),61100,0.13,-0.12834,0.00000
vol1|S7012 (B),61100,1.75,-0.04227,0.00000
vol1|S7012 (B),61100,3.52,-0.02134,0.00000
vol1|S7012 (B),61100,4.85,-0.01818,0.00000
vol1|S7012 (B),61100,6.36,-0.01818,0.00000
vol1|S7012 (B),61100,7.89,-0.12561,0.00000
vol1|S7012 (B),61100,9.58,-0.20593,0.00000
vol1|S7012 (B),61100,10.99,-0.25022,0.00000
vol1|S7012 (B),101200,-5.86,-0.27326,0.00000
vol1|S7012 (B),101200,-4.38,-0.18478,0.00000
vol1|S7012 (B),101200,-2.88,-0.13818,0.00000
vol1|S7012 (B),101200,-1.29,-0.12746,0.00000
vol1|S7012 (B),101200,0.26,-0.01756,0.00000
vol1|S7012 (B),101200,1.79,0.00936,0.00000
vol1|S7012 (B),101200,3.32,0.03154,0.00000
vol1|S7012 (B),101200,4.79,0.03622,0.00000
vol1|S7012 (B),101200,6.42,0.03300,0.00000
vol1|S7012 (B),101200,7.98,-0.02536,0.00000
vol1|S7012 (B),101200,9.53,-0.05902,0.00000
vol1|S7012 (B),101200,11.03,-0.03418,0.00000
vol1|S7012 (B),152100,-5.93,-0.20421,0.00000
vol1|S7012 (B),152100,-4.13,-0.16239,0.00000
vol1|S7012 (B),152100,-2.52,-0.12082,0.00000
vol1|S7012 (B),152100,-1.1,-0.07586,0.00000
vol1|S7012 (B),152100,0.59,0.01527,0.00000
vol1|S7012 (B),152100,1.99,0.03183,0.00000
vol1|S7012 (B),152100,3.46,0.04188,0.00000
vol1|S7012 (B),152100,5.17,0.04504,0.00000
vol1|S7012 (B),152100,6.73,0.03568,0.00000
vol1|S7012 (B),152100,8.07,-0.01565,0.00000
vol1|S7012 (B),152100,9.62,-0.08239,0.00000
vol1|S7012 (B),202200,-5.9,-0.16965,0.00000
vol1|S7012 (B),202200,-4.39,-0.11930,0.00000
vol1|S7012 (B),202200,-2.86,-0.08002,0.00000
vol1|S7012 (B),202200,-1.38,-0.01992,0.00000
vol1|S7012 (B),202200,0.36,0.02738,0.00000
vol1|S7012 (B),202200,1.78,0.03028,0.00000
vol1|S7012 (B),202200,3.37,0.05108,0.00000
vol1|S7012 (B),202200,4.78,0.05714,0.00000
vol1|S7012 (B),202200,6.45,0.05311,0.00000
vol1|S7012 (B),202200,7.95,-0.05056,0.00000
vol1|S7012 (B),202200,9.48,-0.04257,0.00000
vol1|S7012 (B),202200,10.99,-0.11857,0.00000
vol1|S7012 (B),303000,-5.83,-0.12936,0.00000
vol1|S7012 (B),303000,-4.21,-0.09533,0.00000
vol1|S7012 (B),303000,-2.75,-0.05788,0.00000
vol1|S7012 (B),303000,-1.15,0.04330,0.00000
vol1|S7012 (B),303000,0.15,0.06217,0.00000
vol1|S7012 (B),303000,1.71,0.06507,0.00000
vol1|S7012 (B),303000,3.33,0.08586,0.00000
vol1|S7012 (B),303000,4.91,0.09193,0.00000
vol1|S7012 (B),303000,6.51,0.05713,0.00000
vol1|S7012 (B),303000,7.89,-0.01577,0.00000
vol1|S7012 (B),303000,9.6,-0.00786,0.00000
vol1|S7012 (B),303000,11.07,-0.07841,0.00000
vol1|S7055,60600,11.91,-0.14807,0.00000
vol1|S7055,60700,-4.55,-0.34661,0.00000
vol1|S7055,60700,-2.72,-0.20359,0.00000
vol1|S7055,60700,-0.93,-0.08406,0.00000
vol1|S7055,60700,0.4,-0.04218,0.00000
vol1|S7055,60700,2.33,-0.01809,0.00000
vol1|S7055,60700,3.49,-0.00486,0.00000
vol1|S7055,60700,5.29,-0.00458,0.00000
vol1|S7055,60700,6.57,-0.00458,0.00000
vol1|S7055,60700,8.32,-0.02577,0.00000
vol1|S7055,60700,9.65,-0.02983,0.00000
vol1|S7055,101400,-4.43,-0.18326,0.00000
vol1|S7055,101400,-2.4,-0.03431,0.00000
vol1|S7055,101400,-0.92,0.01393,0.00000
vol1|S7055,101400,0.45,0.02130,0.00000
vol1|S7055,101400,2.35,0.05498,0.00000
vol1|S7055,101400,3.57,0.05742,0.00000
vol1|S7055,101400,5.41,0.05527,0.00000
vol1|S7055,101400,6.68,0.05527,0.00000
vol1|S7055,101400,7.98,0.05166,0.00000
vol1|S7055,101400,9.92,0.03779,0.00000
vol1|S7055,151900,-4.63,-0.08849,0.00000
vol1|S7055,151900,-2.64,0.00630,0.00000
vol1|S7055,151900,-1.03,0.02263,0.00000
vol1|S7055,151900,0.44,0.03114,0.00000
vol1|S7055,151900,1.91,0.05907,0.00000
vol1|S7055,151900,3.48,0.06151,0.00000
vol1|S7055,151900,5.03,0.06151,0.00000
vol1|S7055,151900,6.53,0.05936,0.00000
vol1|S7055,151900,8.09,0.05333,0.00000
vol1|S7055,151900,9.75,0.04188,0.00000
vol1|S7055,201900,-2.08,0.02656,0.00000
vol1|S7055,201900,-0.82,0.03794,0.00000
vol1|S7055,201900,0.49,0.05044,0.00000
vol1|S7055,201900,2.42,0.07537,0.00000
vol1|S7055,201900,3.75,0.07682,0.00000
vol1|S7055,201900,5.23,0.07467,0.00000
vol1|S7055,201900,7.12,0.07467,0.00000
vol1|S7055,201900,8.32,0.06768,0.00000
vol1|S7055,201900,9.61,0.05641,0.00000
vol1|S7055,202800,-2.92,0.00364,0.00000
vol1|S7055,203900,-4.49,-0.07058,0.00000
vol1|S7055,301600,-1.06,0.05641,0.00000
vol1|S7055,301600,0.37,0.07264,0.00000
vol1|S7055,301600,2.11,0.10057,0.00000
vol1|S7055,301600,4.01,0.10301,0.00000
vol1|S7055,301600,5.21,0.10086,0.00000
vol1|S7055,301600,6.45,0.10086,0.00000
vol1|S7055,301600,8.13,0.09387,0.00000
vol1|S7055,301600,10.12,0.07558,0.00000
vol1|S7055,304900,-2.96,0.01893,0.00000
vol1|S7055,305200,-4.49,-0.02169,0.00000
vol1|SD6060,61000,-6.14,-0.27929,0.00000
vol1|SD6060,61000,-5.15,-0.27520,0.00000
vol1|SD6060,61000,-4.24,-0.22131,0.00000
vol1|SD6060,61000,-3.21,-0.18896,0.00000
vol1|SD6060,61000,-2.15,-0.12645,0.00000
vol1|SD6060,61000,-1.17,-0.12571,0.00000
vol1|SD6060,61000,-0.1,-0.11818,0.00000
vol1|SD6060,61000,0.97,-0.06289,0.00000
vol1|SD6060,61000,1.88,-0.03139,0.00000
vol1|SD6060,61000,3.11,-0.02179,0.00000
vol1|SD6060,61000,4.06,-0.00132,0.00000
vol1|SD6060,61000,4.96,0.00030,0.00000
vol1|SD6060,61000,6.02,0.00030,0.00000
vol1|SD6060,61000,7.07,0.00459,0.00000
vol1|SD6060,61000,8.04,-0.03232,0.00000
vol1|SD6060,61000,9.11,-0.05771,0.00000
vol1|SD6060,61000,10.08,-0.10110,0.00000
vol1|SD6060,101800,-6.07,-0.29484,0.00000
vol1|SD6060,101800,-5.3,-0.26217,0.00000
vol1|SD6060,101800,-4.18,-0.19956,0.00000
vol1|SD6060,101800,-3.24,-0.14521,0.00000
vol1|SD6060,101800,-2.32,-0.06563,0.00000
vol1|SD6060,101800,-1.2,-0.00625,0.00000
vol1|SD6060,101800,-0.09,0.00830,0.00000
vol1|SD6060,101800,0.85,0.01740,0.00000
vol1|SD6060,101800,1.95,0.02565,0.00000
vol1|SD6060,101800,2.93,0.03746,0.00000
vol1|SD6060,101800,3.95,0.05203,0.00000
vol1|SD6060,101800,5.06,0.05203,0.00000
vol1|SD6060,101800,6.01,0.05203,0.00000
vol1|SD6060,101800,7.06,0.04926,0.00000
vol1|SD6060,101800,8.02,0.02763,0.00000
vol1|SD6060,101800,9.04,0.01972,0.00000
vol1|SD6060,101800,10.06,0.01149,0.00000
vol1|SD6060,152300,-6.03,-0.31133,0.00000
vol1|SD6060,152300,-5.04,-0.19779,0.00000
vol1|SD6060,152300,-4.08,-0.14199,0.00000
vol1|SD6060,152300,-2.8,-0.04847,0.00000
vol1|SD6060,152300,-1.78,-0.01839,0.00000
vol1|SD6060,152300,-0.96,0.02147,0.00000
vol1|SD6060,152300,0.12,0.02450,0.00000
vol1|SD6060,152300,1.14,0.02591,0.00000
vol1|SD6060,152300,2.18,0.03416,0.00000
vol1|SD6060,152300,3.27,0.05170,0.00000
vol1|SD6060,152300,4.3,0.06053,0.00000
vol1|SD6060,152300,5.22,0.06053,0.00000
vol1|SD6060,152300,6.27,0.06053,0.00000
vol1|SD6060,152300,7.45,0.03826,0.00000
vol1|SD6060,152300,8.23,0.02823,0.00000
vol1|SD6060,152300,9.3,0.04033,0.00000
vol1|SD6060,152300,10.72,0.02429,0.00000
vol1|SD6060,202700,-6.08,-0.26583,0.00000
vol1|SD6060,202700,-5.27,-0.15629,0.00000
vol1|SD6060,202700,-4.36,-0.11528,0.00000
vol1|SD6060,202700,-3.21,-0.04792,0.00000
vol1|SD6060,202700,-2.26,-0.01240,0.00000
vol1|SD6060,202700,-1.17,0.02481,0.00000
vol1|SD6060,202700,-0.22,0.04394,0.00000
vol1|SD6060,202700,0.96,0.04535,0.00000
vol1|SD6060,202700,2.03,0.05360,0.00000
vol1|SD6060,202700,2.84,0.06067,0.00000
vol1|SD6060,202700,3.9,0.07998,0.00000
vol1|SD6060,202700,5.1,0.07998,0.00000
vol1|SD6060,202700,6.01,0.07998,0.00000
vol1|SD6060,202700,7.06,0.06995,0.00000
vol1|SD6060,202700,8.03,0.05165,0.00000
vol1|SD6060,202700,9.04,0.05165,0.00000
vol1|SD6060,202700,10.1,0.06375,0.00000
vol1|SD6060,303500,-6.11,-0.15625,0.00000
vol1|SD6060,303500,-4.61,-0.05622,0.00000
vol1|SD6060,303500,-3.96,-0.02124,0.00000
vol1|SD6060,303500,-2.88,0.01925,0.00000
vol1|SD6060,303500,-1.9,0.03727,0.00000
vol1|SD6060,303500,-0.89,0.06189,0.00000
vol1|SD6060,303500,0.07,0.07581,0.00000
vol1|SD6060,303500,1.24,0.07723,0.00000
vol1|SD6060,303500,2.25,0.08547,0.00000
vol1|SD6060,303500,3.19,0.09729,0.00000
vol1|SD6060,303500,4.19,0.11185,0.00000
vol1|SD6060,303500,5.21,0.11185,0.00000
vol1|SD6060,303500,6.22,0.10909,0.00000
vol1|SD6060,303500,7.32,0.08739,0.00000
vol1|SD6060,303500,8.37,0.08352,0.00000
vol1|SD6060,303500,9.28,0.09602,0.00000
vol1|SD6060,303500,10.29,0.09602,0.00000
vol1|SD7003,61100,-4.84,-0.23503,0.00000
vol1|SD7003,61100,-2.92,-0.17722,0.00000
vol1|SD7003,61100,-1.61,-0.17471,0.00000
vol1|SD7003,61100,-0.09,-0.17221,0.00000
vol1|SD7003,61100,1.66,-0.08281,0.00000
vol1|SD7003,61100,3.03,-0.06410,0.00000
vol1|SD7003,61100,4.6,-0.05367,0.00000
vol1|SD7003,61100,6.09,-0.05802,0.00000
vol1|SD7003,61100,7.72,-0.12281,0.00000
vol1|SD7003,61100,9.2,-0.21994,0.00000
vol1|SD7003,101600,-4.76,-0.18057,0.00000
vol1|SD7003,101600,-3.21,-0.15505,0.00000
vol1|SD7003,101600,-1.54,-0.15011,0.00000
vol1|SD7003,101600,0.01,-0.11625,0.00000
vol1|SD7003,101600,1.33,-0.02902,0.00000
vol1|SD7003,101600,3.12,-0.01247,0.00000
vol1|SD7003,101600,4.42,-0.00136,0.00000
vol1|SD7003,101600,6.18,-0.00329,0.00000
vol1|SD7003,101600,7.57,-0.03787,0.00000
vol1|SD7003,101600,9.25,-0.03419,0.00000
vol1|SD7003,101600,10.57,-0.14723,0.00000
vol1|SD7003,202200,-4.65,-0.11632,0.00000
vol1|SD7003,202200,-2.85,-0.09689,0.00000
vol1|SD7003,202200,-1.67,-0.09437,0.00000
vol1|SD7003,202200,0.02,-0.01265,0.00000
vol1|SD7003,202200,1.53,-0.00520,0.00000
vol1|SD7003,202200,3.06,0.00845,0.00000
vol1|SD7003,202200,4.67,0.01730,0.00000
vol1|SD7003,202200,5.98,0.01762,0.00000
vol1|SD7003,202200,7.51,-0.01314,0.00000
vol1|SD7003,202200,9.06,-0.01842,0.00000
vol1|SD7003,202200,10.52,0.00398,0.00000
vol1|SD7003,302800,-4.27,-0.08910,0.00000
vol1|SD7003,302800,-2.96,-0.07836,0.00000
vol1|SD7003,302800,-1.67,-0.06594,0.00000
vol1|SD7003,302800,0.24,0.02214,0.00000
vol1|SD7003,302800,1.72,0.02959,0.00000
vol1|SD7003,302800,3.24,0.04324,0.00000
vol1|SD7003,302800,4.71,0.05209,0.00000
vol1|SD7003,302800,6.08,0.05038,0.00000
vol1|SD7003,302800,7.79,0.01637,0.00000
vol1|SD7003,302800,9.09,0.01637,0.00000
vol1|SD7003,302800,10.61,0.04067,0.00000
vol1|SD7003,305500,-6.29,-0.11581,0.00000
vol1|SD7032 (D),60300,-3.83,-0.34121,0.00000
vol1|SD7032 (D),60300,-2.19,-0.20013,0.00000
vol1|SD7032 (D),60300,-0.68,-0.10222,0.00000
vol1|SD7032 (D),60300,0.83,-0.02971,0.00000
vol1|SD7032 (D),60300,2.88,0.01983,0.00000
vol1|SD7032 (D),60300,4.05,0.01983,0.00000
vol1|SD7032 (D),60300,5.6,0.01983,0.00000
vol1|SD7032 (D),60300,7.1,0.01504,0.00000
vol1|SD7032 (D),60300,8.61,0.00231,0.00000
vol1|SD7032 (D),60300,10.26,-0.07910,0.00000
vol1|SD7032 (D),60300,11.54,-0.16653,0.00000
vol1|SD7032 (D),100700,-3.62,-0.23927,0.00000
vol1|SD7032 (D),100700,-1.9,-0.02878,0.00000
vol1|SD7032 (D),100700,-0.48,0.01115,0.00000
vol1|SD7032 (D),100700,1.1,0.04272,0.00000
vol1|SD7032 (D),100700,2.48,0.05946,0.00000
vol1|SD7032 (D),100700,4.04,0.05946,0.00000
vol1|SD7032 (D),100700,5.53,0.05946,0.00000
vol1|SD7032 (D),100700,7.05,0.05208,0.00000
vol1|SD7032 (D),100700,8.63,0.04670,0.00000
vol1|SD7032 (D),100700,10.29,0.02811,0.00000
vol1|SD7032 (D),100700,11.69,0.00132,0.00000
vol1|SD7032 (D),151200,-3.64,-0.16621,0.00000
vol1|SD7032 (D),151200,-1.76,0.01077,0.00000
vol1|SD7032 (D),151200,-0.11,0.03674,0.00000
vol1|SD7032 (D),151200,1.02,0.04725,0.00000
vol1|SD7032 (D),151200,2.63,0.06400,0.00000
vol1|SD7032 (D),151200,4.24,0.06400,0.00000
vol1|SD7032 (D),151200,5.62,0.06400,0.00000
vol1|SD7032 (D),151200,7.28,0.05816,0.00000
vol1|SD7032 (D),151200,8.7,0.04473,0.00000
vol1|SD7032 (D),151200,10.21,0.03064,0.00000
vol1|SD7032 (D),151200,11.58,0.06338,0.00000
vol1|SD7032 (D),201700,-4.07,-0.11608,0.00000
vol1|SD7032 (D),201700,-1.98,0.02867,0.00000
vol1|SD7032 (D),201700,-0.4,0.05067,0.00000
vol1|SD7032 (D),201700,0.95,0.06118,0.00000
vol1|SD7032 (D),201700,2.61,0.08387,0.00000
vol1|SD7032 (D),201700,4.1,0.07698,0.00000
vol1|SD7032 (D),201700,5.7,0.07698,0.00000
vol1|SD7032 (D),201700,7.1,0.07322,0.00000
vol1|SD7032 (D),201700,8.64,0.06671,0.00000
vol1|SD7032 (D),201700,10.23,0.04586,0.00000
vol1|SD7032 (D),201700,11.72,0.08764,0.00000
vol1|SD7032 (D),301200,-3.87,-0.00420,0.00000
vol1|SD7032 (D),301200,-2.48,0.03642,0.00000
vol1|SD7032 (D),301200,-0.85,0.08108,0.00000
vol1|SD7032 (D),301200,0.72,0.09007,0.00000
vol1|SD7032 (D),301200,2.39,0.11428,0.00000
vol1|SD7032 (D),301200,3.63,0.11428,0.00000
vol1|SD7032 (D),301200,5.57,0.10740,0.00000
vol1|SD7032 (D),301200,7.23,0.10363,0.00000
vol1|SD7032 (D),301200,9.11,0.08628,0.00000
vol1|SD7032 (D),301200,10.52,0.06905,0.00000
vol1|SD7032 (D),301200,11.95,0.12253,0.00000
vol1|SD7032 (E),201400,-4.38,-0.10931,0.00000
vol1|SD7032 (E),201400,-2.47,0.03602,0.00000
vol1|SD7032 (E),201400,-0.93,0.04621,0.00000
vol1|SD7032 (E),201400,0.74,0.06423,0.00000
vol1|SD7032 (E),201400,2.0,0.08508,0.00000
vol1|SD7032 (E),201400,3.42,0.08508,0.00000
vol1|SD7032 (E),201400,5.33,0.08293,0.00000
vol1|SD7032 (E),201400,6.85,0.07594,0.00000
vol1|SD7032 (E),201400,8.09,0.06933,0.00000
vol1|SD7032 (E),201400,9.86,0.05554,0.00000
vol1|SD7032 (E),201400,11.1,0.10475,0.00000
vol1|SD7037 (A),60900,-4.19,-0.29996,0.00000
vol1|SD7037 (A),60900,-3.12,-0.22642,0.00000
vol1|SD7037 (A),60900,-1.8,-0.16402,0.00000
vol1|SD7037 (A),60900,-0.02,-0.10651,0.00000
vol1|SD7037 (A),60900,1.39,-0.04018,0.00000
vol1|SD7037 (A),60900,3.11,-0.00508,0.00000
vol1|SD7037 (A),60900,4.53,-0.00265,0.00000
vol1|SD7037 (A),60900,6.03,-0.00480,0.00000
vol1|SD7037 (A),60900,7.71,-0.01423,0.00000
vol1|SD7037 (A),60900,9.07,-0.06625,0.00000
vol1|SD7037 (A),60900,10.56,-0.15093,0.00000
vol1|SD7037 (A),101100,-4.49,-0.28889,0.00000
vol1|SD7037 (A),101100,-2.79,-0.15050,0.00000
vol1|SD7037 (A),101100,-1.59,-0.09779,0.00000
vol1|SD7037 (A),101100,0.17,0.00264,0.00000
vol1|SD7037 (A),101100,1.8,0.03622,0.00000
vol1|SD7037 (A),101100,3.27,0.05706,0.00000
vol1|SD7037 (A),101100,4.8,0.05706,0.00000
vol1|SD7037 (A),101100,6.32,0.05492,0.00000
vol1|SD7037 (A),101100,7.84,0.04492,0.00000
vol1|SD7037 (A),101100,9.37,0.01879,0.00000
vol1|SD7037 (A),101100,10.74,-0.00735,0.00000
vol1|SD7037 (A),202100,-4.28,-0.15118,0.00000
vol1|SD7037 (A),202100,-2.87,-0.08218,0.00000
vol1|SD7037 (A),202100,-1.16,0.01863,0.00000
vol1|SD7037 (A),202100,0.18,0.03759,0.00000
vol1|SD7037 (A),202100,1.64,0.05562,0.00000
vol1|SD7037 (A),202100,3.26,0.07646,0.00000
vol1|SD7037 (A),202100,4.85,0.07646,0.00000
vol1|SD7037 (A),202100,6.48,0.07093,0.00000
vol1|SD7037 (A),202100,7.91,0.06246,0.00000
vol1|SD7037 (A),202100,9.39,0.04264,0.00000
vol1|SD7037 (A),202100,10.83,0.09614,0.00000
vol1|SD7037 (A),302100,-4.69,-0.09843,0.00000
vol1|SD7037 (A),302100,-2.88,-0.02577,0.00000
vol1|SD7037 (A),302100,-1.39,0.05756,0.00000
vol1|SD7037 (A),302100,-0.01,0.06378,0.00000
vol1|SD7037 (A),302100,1.72,0.08181,0.00000
vol1|SD7037 (A),302100,3.01,0.10265,0.00000
vol1|SD7037 (A),302100,5.13,0.10265,0.00000
vol1|SD7037 (A),302100,6.49,0.09712,0.00000
vol1|SD7037 (A),302100,8.01,0.07970,0.00000
vol1|SD7037 (A),302100,9.45,0.07522,0.00000
vol1|SD7037 (A),302100,10.89,0.06416,0.00000
vol1|SD7037 (B),60500,-4.35,-0.31189,0.00000
vol1|SD7037 (B),60500,-2.87,-0.19564,0.00000
vol1|SD7037 (B),60500,-1.24,-0.12612,0.00000
vol1|SD7037 (B),60500,0.28,-0.09421,0.00000
vol1|SD7037 (B),60500,1.86,-0.04399,0.00000
vol1|SD7037 (B),60500,3.42,-0.01524,0.00000
vol1|SD7037 (B),60500,5.02,-0.01524,0.00000
vol1|SD7037 (B),60500,6.34,-0.01524,0.00000
vol1|SD7037 (B),60500,8.24,-0.03158,0.00000
vol1|SD7037 (B),60500,9.39,-0.06449,0.00000
vol1|SD7037 (B),60500,11.13,-0.12400,0.00000
vol1|SD7037 (B),101400,-4.17,-0.25489,0.00000
vol1|SD7037 (B),101400,-2.88,-0.15935,0.00000
vol1|SD7037 (B),101400,-1.35,-0.06032,0.00000
vol1|SD7037 (B),101400,0.31,0.00078,0.00000
vol1|SD7037 (B),101400,1.77,0.02160,0.00000
vol1|SD7037 (B),101400,3.27,0.04504,0.00000
vol1|SD7037 (B),101400,5.03,0.04504,0.00000
vol1|SD7037 (B),101400,6.31,0.04504,0.00000
vol1|SD7037 (B),101400,8.1,0.03030,0.00000
vol1|SD7037 (B),101400,9.39,0.01260,0.00000
vol1|SD7037 (B),101400,11.07,0.05784,0.00000
vol1|SD7037 (B),151400,-5.03,-0.31288,0.00000
vol1|SD7037 (B),151400,-2.53,-0.08675,0.00000
vol1|SD7037 (B),151400,-0.94,-0.01265,0.00000
vol1|SD7037 (B),151400,0.58,0.01885,0.00000
vol1|SD7037 (B),151400,2.09,0.04472,0.00000
vol1|SD7037 (B),151400,3.77,0.05355,0.00000
vol1|SD7037 (B),151400,5.23,0.05355,0.00000
vol1|SD7037 (B),151400,6.82,0.05079,0.00000
vol1|SD7037 (B),151400,8.71,0.02578,0.00000
vol1|SD7037 (B),151400,9.84,0.01320,0.00000
vol1|SD7037 (B),151400,11.3,0.10808,0.00000
vol1|SD7037 (B),201900,-4.25,-0.15103,0.00000
vol1|SD7037 (B),201900,-2.77,-0.06603,0.00000
vol1|SD7037 (B),201900,-0.99,0.00679,0.00000
vol1|SD7037 (B),201900,0.2,0.03829,0.00000
vol1|SD7037 (B),201900,1.76,0.05663,0.00000
vol1|SD7037 (B),201900,3.47,0.07300,0.00000
vol1|SD7037 (B),201900,4.96,0.07300,0.00000
vol1|SD7037 (B),201900,6.53,0.07023,0.00000
vol1|SD7037 (B),201900,7.94,0.06297,0.00000
vol1|SD7037 (B),201900,9.61,0.03916,0.00000
vol1|SD7037 (B),201900,11.05,0.07284,0.00000
vol1|SD7037 (B),302200,-5.87,-0.25785,0.00000
vol1|SD7037 (B),302200,-4.54,-0.07125,0.00000
vol1|SD7037 (B),302200,-2.9,-0.01569,0.00000
vol1|SD7037 (B),302200,-1.42,0.05919,0.00000
vol1|SD7037 (B),302200,0.18,0.07318,0.00000
vol1|SD7037 (B),302200,1.94,0.09324,0.00000
vol1|SD7037 (B),302200,3.61,0.10487,0.00000
vol1|SD7037 (B),302200,5.04,0.10487,0.00000
vol1|SD7037 (B),302200,6.63,0.10071,0.00000
vol1|SD7037 (B),302200,8.22,0.08469,0.00000
vol1|SD7037 (B),302200,9.47,0.07597,0.00000
vol1|SD7037 (B),302200,11.2,0.10483,0.00000
vol1|SD8000,60800,-5.55,-0.24418,0.00000
vol1|SD8000,60800,-3.88,-0.21604,0.00000
vol1|SD8000,60800,-2.36,-0.17471,0.00000
vol1|SD8000,60800,-0.81,-0.17471,0.00000
vol1|SD8000,60800,0.8,-0.15608,0.00000
vol1|SD8000,60800,2.29,-0.09807,0.00000
vol1|SD8000,60800,3.97,-0.05312,0.00000
vol1|SD8000,60800,5.36,-0.04996,0.00000
vol1|SD8000,60800,6.96,-0.09191,0.00000
vol1|SD8000,60800,8.36,-0.17057,0.00000
vol1|SD8000,60800,10.01,-0.20297,0.00000
vol1|SD8000,60800,11.52,-0.18354,0.00000
vol1|SD8000,101100,-5.63,-0.20527,0.00000
vol1|SD8000,101100,-3.68,-0.15866,0.00000
vol1|SD8000,101100,-2.22,-0.15011,0.00000
vol1|SD8000,101100,-0.85,-0.15143,0.00000
vol1|SD8000,101100,0.82,-0.07063,0.00000
vol1|SD8000,101100,2.3,-0.00877,0.00000
vol1|SD8000,101100,3.98,0.00129,0.00000
vol1|SD8000,101100,5.48,0.00122,0.00000
vol1|SD8000,101100,7.12,-0.02672,0.00000
vol1|SD8000,101100,8.53,-0.06101,0.00000
vol1|SD8000,101100,10.1,-0.12561,0.00000
vol1|SD8000,201600,-5.5,-0.14780,0.00000
vol1|SD8000,201600,-3.76,-0.12782,0.00000
vol1|SD8000,201600,-2.3,-0.10902,0.00000
vol1|SD8000,201600,-0.72,-0.05962,0.00000
vol1|SD8000,201600,0.8,-0.00440,0.00000
vol1|SD8000,201600,2.21,0.01215,0.00000
vol1|SD8000,201600,3.84,0.02221,0.00000
vol1|SD8000,201600,5.26,0.02100,0.00000
vol1|SD8000,201600,6.84,-0.00527,0.00000
vol1|SD8000,201600,8.36,-0.01472,0.00000
vol1|SD8000,201600,9.82,0.02135,0.00000
vol1|SD8000,302100,-6.39,-0.11581,0.00000
vol1|SD8000,302100,-3.59,-0.07836,0.00000
vol1|SD8000,302100,-2.19,-0.04063,0.00000
vol1|SD8000,302100,-0.58,0.00900,0.00000
vol1|SD8000,302100,0.82,0.03039,0.00000
vol1|SD8000,302100,2.48,0.04694,0.00000
vol1|SD8000,302100,4.17,0.06015,0.00000
vol1|SD8000,302100,5.58,0.05611,0.00000
vol1|SD8000,302100,7.67,0.02007,0.00000
vol1|SD8000,302100,8.61,0.02007,0.00000
vol1|SD8000,302100,10.34,0.04437,0.00000
vol1|SD8000,302100,11.57,0.10744,0.00000
vol1|SD8020,61100,-6.45,-0.29591,0.00000
vol1|SD8020,61100,-4.64,-0.19326,0.00000
vol1|SD8020,61100,-2.59,-0.15004,0.00000
vol1|SD8020,61100,-0.49,-0.14246,0.00000
vol1|SD8020,61100,1.59,-0.08533,0.00000
vol1|SD8020,61100,3.58,-0.01177,0.00000
vol1|SD8020,61100,5.64,-0.01353,0.00000
vol1|SD8020,61100,6.62,-0.06219,0.00000
vol1|SD8020,61100,7.79,-0.08092,0.00000
vol1|SD8020,61100,8.67,-0.12061,0.00000
vol1|SD8020,61400,-6.45,-0.29591,0.00000
vol1|SD8020,61400,-4.94,-0.19326,0.00000
vol1|SD8020,61400,-3.36,-0.16398,0.00000
vol1|SD8020,61400,-1.81,-0.14055,0.00000
vol1|SD8020,61400,-0.29,-0.14246,0.00000
vol1|SD8020,61400,1.17,-0.09445,0.00000
vol1|SD8020,61400,2.72,-0.02725,0.00000
vol1|SD8020,61400,4.38,-0.01177,0.00000
vol1|SD8020,61400,5.89,-0.05210,0.00000
vol1|SD8020,61400,7.4,-0.06902,0.00000
vol1|SD8020,101500,-6.55,-0.24875,0.00000
vol1|SD8020,101500,-5.03,-0.14399,0.00000
vol1|SD8020,101500,-3.33,-0.13674,0.00000
vol1|SD8020,101500,-1.81,-0.11548,0.00000
vol1|SD8020,101500,-0.41,-0.10512,0.00000
vol1|SD8020,101500,1.22,-0.00150,0.00000
vol1|SD8020,101500,2.7,0.02411,0.00000
vol1|SD8020,101500,4.1,0.04546,0.00000
vol1|SD8020,101500,5.69,0.04320,0.00000
vol1|SD8020,101500,7.28,0.03561,0.00000
vol1|SD8020,101500,8.9,0.00996,0.00000
vol1|SD8020,203000,-6.53,-0.18628,0.00000
vol1|SD8020,203000,-4.58,-0.13834,0.00000
vol1|SD8020,203000,-2.62,-0.11624,0.00000
vol1|SD8020,203000,-0.5,-0.08956,0.00000
vol1|SD8020,203000,1.56,0.04189,0.00000
vol1|SD8020,203000,3.63,0.06513,0.00000
vol1|SD8020,203000,5.69,0.05821,0.00000
vol1|SD8020,203000,6.74,0.05858,0.00000
vol1|SD8020,203000,7.77,0.05858,0.00000
vol1|SD8020,203000,8.8,0.06635,0.00000
vol1|SD8020,203300,-6.41,-0.18628,0.00000
vol1|SD8020,203300,-4.96,-0.13834,0.00000
vol1|SD8020,203300,-3.43,-0.13030,0.00000
vol1|SD8020,203300,-1.63,-0.10497,0.00000
vol1|SD8020,203300,-0.33,-0.07425,0.00000
vol1|SD8020,203300,1.21,0.04189,0.00000
vol1|SD8020,203300,2.59,0.04331,0.00000
vol1|SD8020,203300,4.3,0.06513,0.00000
vol1|SD8020,203300,5.78,0.05698,0.00000
vol1|SD8020,203300,7.31,0.05858,0.00000
vol1|SD8020,203300,8.87,0.06635,0.00000
vol1|SD8020,304800,-6.78,-0.19127,0.00000
vol1|SD8020,304800,-4.76,-0.13514,0.00000
vol1|SD8020,304800,-3.27,-0.12303,0.00000
vol1|SD8020,304800,-1.74,-0.07915,0.00000
vol1|SD8020,304800,-0.22,-0.02179,0.00000
vol1|SD8020,304800,1.18,0.05568,0.00000
vol1|SD8020,304800,2.61,0.06272,0.00000
vol1|SD8020,304800,4.46,0.08069,0.00000
vol1|SD8020,304800,5.69,0.07632,0.00000
vol1|SD8020,304800,7.25,0.07793,0.00000
vol1|SD8020,304800,8.87,0.08325,0.00000
vol1|WASP,60700,-4.3,-0.30082,0.00000
vol1|WASP,60700,-2.62,-0.21597,0.00000
vol1|WASP,60700,-1.0,-0.12752,0.00000
vol1|WASP,60700,0.39,-0.09098,0.00000
vol1|WASP,60700,2.0,-0.02563,0.00000
vol1|WASP,60700,3.35,-0.00737,0.00000
vol1|WASP,60700,4.94,-0.00737,0.00000
vol1|WASP,60700,6.7,-0.00987,0.00000
vol1|WASP,60700,8.15,-0.02018,0.00000
vol1|WASP,60700,9.65,-0.05392,0.00000
vol1|WASP,60700,11.26,-0.15267,0.00000
vol1|WASP,101300,-4.18,-0.23466,0.00000
vol1|WASP,101300,-2.44,-0.12073,0.00000
vol1|WASP,101300,-0.87,-0.04897,0.00000
vol1|WASP,101300,0.24,0.00533,0.00000
vol1|WASP,101300,2.06,0.03466,0.00000
vol1|WASP,101300,3.64,0.05140,0.00000
vol1|WASP,101300,5.24,0.05140,0.00000
vol1|WASP,101300,7.09,0.04278,0.00000
vol1|WASP,101300,8.22,0.03864,0.00000
vol1|WASP,101300,9.9,0.02188,0.00000
vol1|WASP,201600,-4.03,-0.13582,0.00000
vol1|WASP,201600,-2.65,-0.09324,0.00000
vol1|WASP,201600,-0.29,0.04037,0.00000
vol1|WASP,201600,0.41,0.04261,0.00000
vol1|WASP,201600,2.63,0.06987,0.00000
vol1|WASP,201600,3.51,0.06892,0.00000
vol1|WASP,201600,5.13,0.06892,0.00000
vol1|WASP,201600,6.65,0.06562,0.00000
vol1|WASP,201600,8.28,0.05865,0.00000
vol1|WASP,201600,9.81,0.04397,0.00000
vol1|WASP,201600,11.11,0.09784,0.00000
vol1|WASP,302600,-4.31,-0.10641,0.00000
vol1|WASP,302600,-2.53,-0.00824,0.00000
vol1|WASP,302600,-1.02,0.05345,0.00000
vol1|WASP,302600,0.9,0.07302,0.00000
vol1|WASP,302600,2.23,0.09868,0.00000
vol1|WASP,302600,3.61,0.10622,0.00000
vol1|WASP,302600,5.07,0.09934,0.00000
vol1|WASP,302600,6.48,0.09603,0.00000
vol1|WASP,302600,8.13,0.08907,0.00000
vol1|WASP,302600,9.53,0.07597,0.00000
vol1|WASP,302600,11.27,0.07017,0.00000
vol2|CR-001,59200,-4.23,-0.45677,0.00000
vol2|CR-001,59200,-2.7,-0.24253,0.00000
vol2|CR-001,59200,-1.16,-0.11836,0.00000
vol2|CR-001,59200,0.38,-0.10699,0.00000
vol2|CR-001,59200,1.82,-0.10511,0.00000
vol2|CR-001,59200,3.48,-0.05066,0.00000
vol2|CR-001,59200,5.01,-0.04333,0.00000
vol2|CR-001,59200,6.55,-0.04333,0.00000
vol2|CR-001,59200,8.08,-0.08320,0.00000
vol2|CR-001,59200,9.59,-0.28968,0.00000
vol2|CR-001,59200,11.1,-0.35357,0.00000
vol2|CR-001,99100,-4.25,-0.47482,0.00000
vol2|CR-001,99100,-2.67,-0.19769,0.00000
vol2|CR-001,99100,-1.17,-0.07933,0.00000
vol2|CR-001,99100,0.39,-0.05522,0.00000
vol2|CR-001,99100,1.94,-0.01940,0.00000
vol2|CR-001,99100,3.49,-0.01189,0.00000
vol2|CR-001,99100,5.02,-0.01189,0.00000
vol2|CR-001,99100,6.56,-0.01189,0.00000
vol2|CR-001,99100,7.98,-0.06786,0.00000
vol2|CR-001,99100,9.59,-0.12669,0.00000
vol2|CR-001,99100,11.1,-0.29834,0.00000
vol2|CR-001,199000,-5.27,-0.46029,0.00000
vol2|CR-001,199000,-3.75,-0.22590,0.00000
vol2|CR-001,199000,-2.17,-0.04863,0.00000
vol2|CR-001,199000,-0.62,-0.00995,0.00000
vol2|CR-001,199000,0.91,0.02427,0.00000
vol2|CR-001,199000,2.49,0.03932,0.00000
vol2|CR-001,199000,4.0,0.03932,0.00000
vol2|CR-001,199000,5.53,0.03243,0.00000
vol2|CR-001,199000,7.07,0.02216,0.00000
vol2|CR-001,199000,8.6,-0.03543,0.00000
vol2|CR-001,199000,10.11,-0.04946,0.00000
vol2|CR-001,298800,-5.3,-0.38624,0.00000
vol2|CR-001,298800,-3.7,-0.09658,0.00000
vol2|CR-001,298800,-2.28,-0.00702,0.00000
vol2|CR-001,298800,-0.62,0.02922,0.00000
vol2|CR-001,298800,0.95,0.07777,0.00000
vol2|CR-001,298800,2.47,0.08371,0.00000
vol2|CR-001,298800,4.03,0.08371,0.00000
vol2|CR-001,298800,5.55,0.07683,0.00000
vol2|CR-001,298800,7.1,0.04510,0.00000
vol2|CR-001,298800,8.63,0.01056,0.00000
vol2|CR-001,298800,10.13,-0.05173,0.00000
vol2|DU 86-084/18,59700,-5.77,-0.34838,0.00000
vol2|DU 86-084/18,59700,-4.24,-0.24812,0.00000
vol2|DU 86-084/18,59700,-2.74,-0.14657,0.00000
vol2|DU 86-084/18,59700,-1.19,-0.14473,0.00000
vol2|DU 86-084/18,59700,0.32,-0.14364,0.00000
vol2|DU 86-084/18,59700,1.88,-0.13959,0.00000
vol2|DU 86-084/18,59700,3.43,-0.06056,0.00000
vol2|DU 86-084/18,59700,4.96,-0.02592,0.00000
vol2|DU 86-084/18,59700,6.51,-0.09727,0.00000
vol2|DU 86-084/18,59700,8.03,-0.16249,0.00000
vol2|DU 86-084/18,59700,9.55,-0.25545,0.00000
vol2|DU 86-084/18,100000,-5.73,-0.32429,0.00000
vol2|DU 86-084/18,100000,-4.22,-0.22686,0.00000
vol2|DU 86-084/18,100000,-2.71,-0.14492,0.00000
vol2|DU 86-084/18,100000,-1.18,-0.13751,0.00000
vol2|DU 86-084/18,100000,0.38,-0.10499,0.00000
vol2|DU 86-084/18,100000,1.92,-0.02667,0.00000
vol2|DU 86-084/18,100000,3.46,0.01095,0.00000
vol2|DU 86-084/18,100000,5.0,0.02565,0.00000
vol2|DU 86-084/18,100000,6.51,-0.00834,0.00000
vol2|DU 86-084/18,100000,8.04,-0.04028,0.00000
vol2|DU 86-084/18,100000,9.58,-0.15297,0.00000
vol2|DU 86-084/18,200600,-5.7,-0.29034,0.00000
vol2|DU 86-084/18,200600,-4.21,-0.15728,0.00000
vol2|DU 86-084/18,200600,-2.7,-0.06706,0.00000
vol2|DU 86-084/18,200600,-0.13,0.00858,0.00000
vol2|DU 86-084/18,200600,0.39,0.00989,0.00000
vol2|DU 86-084/18,200600,1.92,0.02299,0.00000
vol2|DU 86-084/18,200600,3.47,0.03035,0.00000
vol2|DU 86-084/18,200600,5.01,0.03604,0.00000
vol2|DU 86-084/18,200600,6.56,0.01067,0.00000
vol2|DU 86-084/18,200600,8.06,0.01067,0.00000
vol2|DU 86-084/18,200600,9.59,-0.10142,0.00000
vol2|DU 86-084/18,300500,-5.69,-0.10511,0.00000
vol2|DU 86-084/18,300500,-4.3,-0.04297,0.00000
vol2|DU 86-084/18,300500,-2.59,0.01468,0.00000
vol2|DU 86-084/18,300500,0.08,0.05712,0.00000
vol2|DU 86-084/18,300500,0.4,0.05712,0.00000
vol2|DU 86-084/18,300500,1.92,0.06484,0.00000
vol2|DU 86-084/18,300500,3.47,0.07220,0.00000
vol2|DU 86-084/18,300500,4.99,0.07789,0.00000
vol2|DU 86-084/18,300500,6.52,0.05503,0.00000
vol2|DU 86-084/18,300500,8.04,0.05036,0.00000
vol2|DU 86-084/18,300500,9.6,0.00583,0.00000
vol2|E374 (B),60100,-6.43,-0.31743,0.00000
vol2|E374 (B),60100,-5.43,-0.22299,0.00000
vol2|E374 (B),60100,-4.4,-0.20673,0.00000
vol2|E374 (B),60100,-3.39,-0.17863,0.00000
vol2|E374 (B),60100,-2.35,-0.14940,0.00000
vol2|E374 (B),60100,-1.32,-0.14027,0.00000
vol2|E374 (B),60100,-0.31,-0.08065,0.00000
vol2|E374 (B),60100,0.71,-0.03358,0.00000
vol2|E374 (B),60100,1.75,-0.02499,0.00000
vol2|E374 (B),60100,2.75,-0.02714,0.00000
vol2|E374 (B),60100,4.03,-0.00349,0.00000
vol2|E374 (B),60100,4.84,0.02214,0.00000
vol2|E374 (B),60100,5.87,0.02529,0.00000
vol2|E374 (B),60100,6.89,-0.00306,0.00000
vol2|E374 (B),60100,7.92,0.00833,0.00000
vol2|E374 (B),60100,8.9,-0.06457,0.00000
vol2|E374 (B),60100,10.11,-0.12576,0.00000
vol2|E374 (B),100400,-6.44,-0.29287,0.00000
vol2|E374 (B),100400,-5.45,-0.21059,0.00000
vol2|E374 (B),100400,-4.41,-0.16756,0.00000
vol2|E374 (B),100400,-3.38,-0.09439,0.00000
vol2|E374 (B),100400,-2.33,-0.03862,0.00000
vol2|E374 (B),100400,-1.31,0.00832,0.00000
vol2|E374 (B),100400,-0.01,0.01639,0.00000
vol2|E374 (B),100400,0.72,0.01929,0.00000
vol2|E374 (B),100400,1.77,0.03294,0.00000
vol2|E374 (B),100400,2.8,0.04009,0.00000
vol2|E374 (B),100400,3.82,0.04615,0.00000
vol2|E374 (B),100400,4.84,0.04615,0.00000
vol2|E374 (B),100400,5.86,0.04615,0.00000
vol2|E374 (B),100400,6.89,0.04615,0.00000
vol2|E374 (B),100400,7.91,0.02406,0.00000
vol2|E374 (B),100400,8.89,-0.00333,0.00000
vol2|E374 (B),100400,9.91,0.01137,0.00000
vol2|E374 (B),200500,-6.42,-0.16116,0.00000
vol2|E374 (B),200500,-5.38,-0.12078,0.00000
vol2|E374 (B),200500,-4.37,-0.07018,0.00000
vol2|E374 (B),200500,-3.35,-0.01287,0.00000
vol2|E374 (B),200500,-2.32,-0.00168,0.00000
vol2|E374 (B),200500,-1.31,0.02350,0.00000
vol2|E374 (B),200500,-0.28,0.03730,0.00000
vol2|E374 (B),200500,0.74,0.04020,0.00000
vol2|E374 (B),200500,1.77,0.05386,0.00000
vol2|E374 (B),200500,2.8,0.06100,0.00000
vol2|E374 (B),200500,3.83,0.06707,0.00000
vol2|E374 (B),200500,4.8,0.06707,0.00000
vol2|E374 (B),200500,5.87,0.06707,0.00000
vol2|E374 (B),200500,6.9,0.06271,0.00000
vol2|E374 (B),200500,7.91,0.03606,0.00000
vol2|E374 (B),200500,8.92,0.03606,0.00000
vol2|E374 (B),200500,9.93,0.05909,0.00000
vol2|E374 (B),300700,-6.42,-0.10649,0.00000
vol2|E374 (B),300700,-5.37,-0.03669,0.00000
vol2|E374 (B),300700,-3.98,-0.00744,0.00000
vol2|E374 (B),300700,-3.41,0.02842,0.00000
vol2|E374 (B),300700,-2.33,0.03455,0.00000
vol2|E374 (B),300700,-1.31,0.05179,0.00000
vol2|E374 (B),300700,-0.29,0.06754,0.00000
vol2|E374 (B),300700,0.75,0.07499,0.00000
vol2|E374 (B),300700,1.73,0.08864,0.00000
vol2|E374 (B),300700,2.8,0.09579,0.00000
vol2|E374 (B),300700,3.84,0.10186,0.00000
vol2|E374 (B),300700,4.86,0.10186,0.00000
vol2|E374 (B),300700,5.89,0.10186,0.00000
vol2|E374 (B),300700,6.9,0.09250,0.00000
vol2|E374 (B),300700,7.88,0.07085,0.00000
vol2|E374 (B),300700,8.91,0.05333,0.00000
vol2|E374 (B),300700,9.92,0.07850,0.00000
vol2|E423,60300,-4.55,-0.31149,0.00000
vol2|E423,60300,-3.03,-0.30550,0.00000
vol2|E423,60300,-1.48,-0.14513,0.00000
vol2|E423,60300,0.09,-0.27464,0.00000
vol2|E423,60300,1.64,-0.26324,0.00000
vol2|E423,60300,3.14,-0.12614,0.00000
vol2|E423,60300,4.67,-0.11196,0.00000
vol2|E423,60300,6.2,-0.11587,0.00000
vol2|E423,60300,7.73,-0.11587,0.00000
vol2|E423,60300,9.23,-0.11461,0.00000
vol2|E423,60300,10.75,-0.10187,0.00000
vol2|E423,99700,-4.42,-0.08968,0.00000
vol2|E423,99700,-2.9,-0.08747,0.00000
vol2|E423,99700,-1.29,-0.05214,0.00000
vol2|E423,99700,0.21,-0.04005,0.00000
vol2|E423,99700,1.76,-0.20525,0.00000
vol2|E423,99700,3.28,-0.21899,0.00000
vol2|E423,99700,4.85,-0.21605,0.00000
vol2|E423,99700,6.22,-0.21605,0.00000
vol2|E423,99700,7.71,-0.21605,0.00000
vol2|E423,99700,9.25,-0.21559,0.00000
vol2|E423,99700,10.7,-0.21559,0.00000
vol2|E423,198600,-4.43,-0.03173,0.00000
vol2|E423,198600,-2.88,0.02790,0.00000
vol2|E423,198600,-1.29,0.03332,0.00000
vol2|E423,198600,0.2,0.03962,0.00000
vol2|E423,198600,1.76,0.04962,0.00000
vol2|E423,198600,3.32,0.05361,0.00000
vol2|E423,198600,4.85,0.07491,0.00000
vol2|E423,198600,7.22,0.06958,0.00000
vol2|E423,198600,7.9,0.06958,0.00000
vol2|E423,198600,9.32,0.06078,0.00000
vol2|E423,198600,11.0,0.13564,0.00000
vol2|E423,296900,-2.31,0.08237,0.00000
vol2|E423,296900,-0.76,0.09716,0.00000
vol2|E423,296900,0.76,0.10383,0.00000
vol2|E423,296900,2.3,0.10792,0.00000
vol2|E423,296900,3.83,0.12911,0.00000
vol2|E423,296900,5.36,0.12911,0.00000
vol2|E423,296900,6.89,0.12911,0.00000
vol2|E423,296900,8.44,0.12911,0.00000
vol2|E423,296900,9.93,0.11817,0.00000
vol2|E423,296900,11.47,0.15570,0.00000
vol2|E423,300800,-4.48,0.00791,0.00000
vol2|E423,300800,-3.38,0.07031,0.00000
vol2|M6 (65%),60600,-5.53,-0.31285,0.00000
vol2|M6 (65%),60600,-3.45,-0.25926,0.00000
vol2|M6 (65%),60600,-2.47,-0.22085,0.00000
vol2|M6 (65%),60600,-0.94,-0.04839,0.00000
vol2|M6 (65%),60600,0.59,-0.02719,0.00000
vol2|M6 (65%),60600,2.12,-0.01820,0.00000
vol2|M6 (65%),60600,3.67,-0.00243,0.00000
vol2|M6 (65%),60600,5.18,-0.00531,0.00000
vol2|M6 (65%),60600,6.75,-0.00531,0.00000
vol2|M6 (65%),60600,8.26,-0.00242,0.00000
vol2|M6 (65%),60600,9.79,-0.02024,0.00000
vol2|M6 (65%),100000,-5.54,-0.26456,0.00000
vol2|M6 (65%),100000,-4.01,-0.19182,0.00000
vol2|M6 (65%),100000,-2.47,-0.05250,0.00000
vol2|M6 (65%),100000,-0.92,0.02256,0.00000
vol2|M6 (65%),100000,0.59,0.02495,0.00000
vol2|M6 (65%),100000,2.16,0.03618,0.00000
vol2|M6 (65%),100000,3.67,0.05444,0.00000
vol2|M6 (65%),100000,5.19,0.05191,0.00000
vol2|M6 (65%),100000,6.75,0.05191,0.00000
vol2|M6 (65%),100000,8.26,0.05191,0.00000
vol2|M6 (65%),100000,9.8,0.03314,0.00000
vol2|M6 (65%),200900,-5.54,-0.14987,0.00000
vol2|M6 (65%),200900,-4.0,-0.06704,0.00000
vol2|M6 (65%),200900,-2.47,-0.02142,0.00000
vol2|M6 (65%),200900,-0.95,0.03842,0.00000
vol2|M6 (65%),200900,0.58,0.04081,0.00000
vol2|M6 (65%),200900,2.14,0.04305,0.00000
vol2|M6 (65%),200900,3.68,0.07030,0.00000
vol2|M6 (65%),200900,5.87,0.07030,0.00000
vol2|M6 (65%),200900,6.75,0.07030,0.00000
vol2|M6 (65%),200900,8.27,0.06699,0.00000
vol2|M6 (65%),200900,9.81,0.05194,0.00000
vol2|M6 (65%),300500,-5.55,-0.04713,0.00000
vol2|M6 (65%),300500,-4.02,-0.00552,0.00000
vol2|M6 (65%),300500,-2.48,0.00740,0.00000
vol2|M6 (65%),300500,-0.96,0.04945,0.00000
vol2|M6 (65%),300500,0.59,0.07505,0.00000
vol2|M6 (65%),300500,2.23,0.07634,0.00000
vol2|M6 (65%),300500,3.68,0.10360,0.00000
vol2|M6 (65%),300500,5.23,0.10360,0.00000
vol2|M6 (65%),300500,6.75,0.10360,0.00000
vol2|M6 (65%),300500,8.28,0.09553,0.00000
vol2|M6 (65%),300500,9.8,0.08683,0.00000
vol2|M6 (85%),60000,-5.48,-0.20219,0.00000
vol2|M6 (85%),60000,-4.03,-0.22338,0.00000
vol2|M6 (85%),60000,-2.45,-0.16028,0.00000
vol2|M6 (85%),60000,-0.91,-0.02987,0.00000
vol2|M6 (85%),60000,0.64,-0.02076,0.00000
vol2|M6 (85%),60000,2.2,-0.01847,0.00000
vol2|M6 (85%),60000,3.74,0.00382,0.00000
vol2|M6 (85%),60000,5.26,0.00631,0.00000
vol2|M6 (85%),60000,6.79,0.00631,0.00000
vol2|M6 (85%),60000,8.32,0.01060,0.00000
vol2|M6 (85%),60000,9.84,0.00792,0.00000
vol2|M6 (85%),100400,-4.31,-0.16963,0.00000
vol2|M6 (85%),100400,-2.96,-0.07953,0.00000
vol2|M6 (85%),100400,-1.43,0.00983,0.00000
vol2|M6 (85%),100400,0.15,0.02091,0.00000
vol2|M6 (85%),100400,1.68,0.02424,0.00000
vol2|M6 (85%),100400,3.23,0.04670,0.00000
vol2|M6 (85%),100400,4.75,0.05553,0.00000
vol2|M6 (85%),100400,6.29,0.05553,0.00000
vol2|M6 (85%),100400,7.82,0.05553,0.00000
vol2|M6 (85%),100400,9.33,0.04804,0.00000
vol2|M6 (85%),100400,10.85,0.11813,0.00000
vol2|M6 (85%),200400,-4.79,-0.04508,0.00000
vol2|M6 (85%),200400,-2.32,0.00075,0.00000
vol2|M6 (85%),200400,-1.4,0.00369,0.00000
vol2|M6 (85%),200400,0.73,0.04886,0.00000
vol2|M6 (85%),200400,1.69,0.04886,0.00000
vol2|M6 (85%),200400,3.85,0.07941,0.00000
vol2|M6 (85%),200400,4.75,0.08349,0.00000
vol2|M6 (85%),200400,7.01,0.08349,0.00000
vol2|M6 (85%),200400,7.37,0.08349,0.00000
vol2|M6 (85%),200400,9.34,0.06800,0.00000
vol2|M6 (85%),200400,10.86,0.17897,0.00000
vol2|M6 (85%),300300,-4.47,0.01629,0.00000
vol2|M6 (85%),300300,-2.9,0.02463,0.00000
vol2|M6 (85%),300300,-2.17,0.04658,0.00000
vol2|M6 (85%),300300,0.14,0.08807,0.00000
vol2|M6 (85%),300300,1.68,0.08949,0.00000
vol2|M6 (85%),300300,4.08,0.12411,0.00000
vol2|M6 (85%),300300,5.6,0.12411,0.00000
vol2|M6 (85%),300300,7.12,0.12411,0.00000
vol2|M6 (85%),300300,7.81,0.12134,0.00000
vol2|M6 (85%),300300,9.34,0.10862,0.00000
vol2|M6 (85%),300300,11.52,0.18356,0.00000
vol2|MA409,59600,-4.95,-0.40281,0.00000
vol2|MA409,59600,-3.47,-0.21835,0.00000
vol2|MA409,59600,-1.99,-0.15828,0.00000
vol2|MA409,59600,-0.42,-0.10610,0.00000
vol2|MA409,59600,1.11,-0.10445,0.00000
vol2|MA409,59600,2.66,-0.10927,0.00000
vol2|MA409,59600,4.25,-0.08710,0.00000
vol2|MA409,59600,5.75,-0.08710,0.00000
vol2|MA409,59600,7.26,-0.21640,0.00000
vol2|MA409,59600,8.8,-0.40967,0.00000
vol2|MA409,59600,10.33,-0.48776,0.00000
vol2|MA409,99700,-5.98,-0.44442,0.00000
vol2|MA409,99700,-4.5,-0.29125,0.00000
vol2|MA409,99700,-3.0,-0.13912,0.00000
vol2|MA409,99700,-1.43,-0.06853,0.00000
vol2|MA409,99700,0.11,-0.06256,0.00000
vol2|MA409,99700,1.65,-0.03572,0.00000
vol2|MA409,99700,3.16,-0.01452,0.00000
vol2|MA409,99700,4.74,-0.02698,0.00000
vol2|MA409,99700,6.3,-0.08951,0.00000
vol2|MA409,99700,7.79,-0.13762,0.00000
vol2|MA409,99700,9.29,-0.42810,0.00000
vol2|MA409,199700,-6.04,-0.49015,0.00000
vol2|MA409,199700,-4.41,-0.10288,0.00000
vol2|MA409,199700,-2.87,-0.08060,0.00000
vol2|MA409,199700,-1.37,-0.01955,0.00000
vol2|MA409,199700,0.07,0.01113,0.00000
vol2|MA409,199700,2.84,0.04079,0.00000
vol2|MA409,199700,3.14,0.04079,0.00000
vol2|MA409,199700,4.72,0.01191,0.00000
vol2|MA409,199700,6.24,-0.09305,0.00000
vol2|MA409,199700,7.79,-0.14026,0.00000
vol2|MA409,199700,9.33,-0.27230,0.00000
vol2|MA409,299200,-5.99,-0.37568,0.00000
vol2|MA409,299200,-4.54,-0.00596,0.00000
vol2|MA409,299200,-2.95,0.03955,0.00000
vol2|MA409,299200,-1.46,0.08124,0.00000
vol2|MA409,299200,0.1,0.09083,0.00000
vol2|MA409,299200,1.65,0.10125,0.00000
vol2|MA409,299200,3.27,0.11585,0.00000
vol2|MA409,299200,6.08,-0.03298,0.00000
vol2|MA409,299200,6.37,-0.03298,0.00000
vol2|MA409,299200,7.79,-0.06052,0.00000
vol2|MA409,299200,9.23,-0.12554,0.00000
vol2|MH32,59500,-4.26,-0.21881,0.00000
vol2|MH32,59500,-2.25,-0.14687,0.00000
vol2|MH32,59500,-0.71,-0.14470,0.00000
vol2|MH32,59500,0.75,-0.12099,0.00000
vol2|MH32,59500,2.39,-0.03998,0.00000
vol2|MH32,59500,3.83,-0.01294,0.00000
vol2|MH32,59500,5.45,-0.01083,0.00000
vol2|MH32,59500,6.99,-0.01083,0.00000
vol2|MH32,59500,8.52,-0.12419,0.00000
vol2|MH32,59500,10.03,-0.21658,0.00000
vol2|MH32,59500,11.56,-0.23452,0.00000
vol2|MH32,99400,-3.82,-0.19355,0.00000
vol2|MH32,99400,-2.26,-0.12782,0.00000
vol2|MH32,99400,-0.72,-0.09260,0.00000
vol2|MH32,99400,0.84,-0.02735,0.00000
vol2|MH32,99400,2.39,0.02483,0.00000
vol2|MH32,99400,3.93,0.03804,0.00000
vol2|MH32,99400,5.47,0.03804,0.00000
vol2|MH32,99400,6.99,0.03401,0.00000
vol2|MH32,99400,8.52,-0.02354,0.00000
vol2|MH32,99400,10.04,-0.05402,0.00000
vol2|MH32,99400,11.55,-0.03237,0.00000
vol2|MH32,199100,-3.77,-0.13257,0.00000
vol2|MH32,199100,-2.23,-0.06269,0.00000
vol2|MH32,199100,-0.69,0.00238,0.00000
vol2|MH32,199100,1.28,0.03880,0.00000
vol2|MH32,199100,2.38,0.05673,0.00000
vol2|MH32,199100,3.94,0.06566,0.00000
vol2|MH32,199100,5.46,0.06566,0.00000
vol2|MH32,199100,7.01,0.05630,0.00000
vol2|MH32,199100,8.53,0.00806,0.00000
vol2|MH32,199100,10.02,-0.03413,0.00000
vol2|MH32,199100,11.57,-0.02684,0.00000
vol2|MH32,298800,-3.77,-0.04781,0.00000
vol2|MH32,298800,-2.22,0.03999,0.00000
vol2|MH32,298800,-0.69,0.08807,0.00000
vol2|MH32,298800,0.86,0.10058,0.00000
vol2|MH32,298800,2.93,0.12138,0.00000
vol2|MH32,298800,3.95,0.12744,0.00000
vol2|MH32,298800,5.47,0.12309,0.00000
vol2|MH32,298800,7.01,0.09681,0.00000
vol2|MH32,298800,8.54,0.01974,0.00000
vol2|MH32,298800,10.0,0.03926,0.00000
vol2|MH32,298800,11.58,0.08290,0.00000
vol2|NACA 2414,60200,-4.91,-0.19116,0.00000
vol2|NACA 2414,60200,-3.37,-0.15082,0.00000
vol2|NACA 2414,60200,-1.86,-0.13739,0.00000
vol2|NACA 2414,60200,-0.31,0.00665,0.00000
vol2|NACA 2414,60200,1.25,0.03277,0.00000
vol2|NACA 2414,60200,2.8,0.04145,0.00000
vol2|NACA 2414,60200,4.33,0.05753,0.00000
vol2|NACA 2414,60200,5.87,0.05753,0.00000
vol2|NACA 2414,60200,7.41,0.05754,0.00000
vol2|NACA 2414,60200,8.95,0.04481,0.00000
vol2|NACA 2414,60200,11.25,-0.00956,0.00000
vol2|NACA 2414,100300,-6.24,-0.16305,0.00000
vol2|NACA 2414,100300,-3.36,-0.07212,0.00000
vol2|NACA 2414,100300,-1.84,0.00130,0.00000
vol2|NACA 2414,100300,-0.26,0.04843,0.00000
vol2|NACA 2414,100300,1.31,0.06801,0.00000
vol2|NACA 2414,100300,2.83,0.09367,0.00000
vol2|NACA 2414,100300,4.35,0.09526,0.00000
vol2|NACA 2414,100300,5.88,0.09526,0.00000
vol2|NACA 2414,100300,7.42,0.09274,0.00000
vol2|NACA 2414,100300,8.95,0.08259,0.00000
vol2|NACA 2414,100300,10.47,0.06775,0.00000
vol2|NACA 2414,200500,-4.88,-0.09073,0.00000
vol2|NACA 2414,200500,-3.28,-0.00810,0.00000
vol2|NACA 2414,200500,-1.77,0.04719,0.00000
vol2|NACA 2414,200500,-0.28,0.06601,0.00000
vol2|NACA 2414,200500,1.28,0.07063,0.00000
vol2|NACA 2414,200500,2.81,0.09789,0.00000
vol2|NACA 2414,200500,4.34,0.09789,0.00000
vol2|NACA 2414,200500,5.9,0.09789,0.00000
vol2|NACA 2414,200500,7.44,0.09458,0.00000
vol2|NACA 2414,200500,8.96,0.07648,0.00000
vol2|NACA 2414,200500,10.48,0.07494,0.00000
vol2|NACA 2414,301000,-4.87,-0.05817,0.00000
vol2|NACA 2414,301000,-3.35,0.02039,0.00000
vol2|NACA 2414,301000,-1.8,0.08952,0.00000
vol2|NACA 2414,301000,-0.23,0.08952,0.00000
vol2|NACA 2414,301000,1.27,0.09415,0.00000
vol2|NACA 2414,301000,2.86,0.11981,0.00000
vol2|NACA 2414,301000,4.37,0.12046,0.00000
vol2|NACA 2414,301000,5.89,0.12046,0.00000
vol2|NACA 2414,301000,7.42,0.11450,0.00000
vol2|NACA 2414,301000,8.94,0.10155,0.00000
vol2|NACA 2414,301000,10.47,0.09910,0.00000
vol2|NACA 2415,59700,-4.9,-0.22082,0.00000
vol2|NACA 2415,59700,-3.38,-0.21035,0.00000
vol2|NACA 2415,59700,-1.82,-0.17027,0.00000
vol2|NACA 2415,59700,-0.29,-0.01070,0.00000
vol2|NACA 2415,59700,1.25,0.01073,0.00000
vol2|NACA 2415,59700,2.77,0.02332,0.00000
vol2|NACA 2415,59700,4.31,0.02487,0.00000
vol2|NACA 2415,59700,5.87,0.02487,0.00000
vol2|NACA 2415,59700,7.41,0.02487,0.00000
vol2|NACA 2415,59700,8.93,0.02902,0.00000
vol2|NACA 2415,59700,10.46,-0.03030,0.00000
vol2|NACA 2415,100600,-4.92,-0.18428,0.00000
vol2|NACA 2415,100600,-2.42,-0.04258,0.00000
vol2|NACA 2415,100600,-1.81,-0.03607,0.00000
vol2|NACA 2415,100600,-0.28,0.04672,0.00000
vol2|NACA 2415,100600,1.29,0.06241,0.00000
vol2|NACA 2415,100600,2.82,0.07666,0.00000
vol2|NACA 2415,100600,4.34,0.07948,0.00000
vol2|NACA 2415,100600,5.89,0.07948,0.00000
vol2|NACA 2415,100600,8.42,0.07617,0.00000
vol2|NACA 2415,100600,8.94,0.07617,0.00000
vol2|NACA 2415,100600,10.46,0.06028,0.00000
vol2|NACA 2415,200600,-4.87,-0.08061,0.00000
vol2|NACA 2415,200600,-3.29,-0.03700,0.00000
vol2|NACA 2415,200600,-1.8,0.03892,0.00000
vol2|NACA 2415,200600,-0.22,0.06054,0.00000
vol2|NACA 2415,200600,1.25,0.06436,0.00000
vol2|NACA 2415,200600,2.81,0.08725,0.00000
vol2|NACA 2415,200600,4.35,0.09008,0.00000
vol2|NACA 2415,200600,5.86,0.09008,0.00000
vol2|NACA 2415,200600,7.42,0.09008,0.00000
vol2|NACA 2415,200600,8.95,0.08627,0.00000
vol2|NACA 2415,200600,11.35,0.14339,0.00000
vol2|NACA 2415,301100,-4.88,-0.07253,0.00000
vol2|NACA 2415,301100,-3.43,-0.03350,0.00000
vol2|NACA 2415,301100,-1.79,0.05056,0.00000
vol2|NACA 2415,301100,-0.28,0.07106,0.00000
vol2|NACA 2415,301100,1.26,0.07488,0.00000
vol2|NACA 2415,301100,2.83,0.09663,0.00000
vol2|NACA 2415,301100,4.36,0.10100,0.00000
vol2|NACA 2415,301100,5.89,0.10100,0.00000
vol2|NACA 2415,301100,7.43,0.10100,0.00000
vol2|NACA 2415,301100,8.94,0.09727,0.00000
vol2|NACA 2415,301100,10.47,0.08461,0.00000
vol2|RG15 (C),59700,-6.48,-0.39894,0.00000
vol2|RG15 (C),59700,-4.99,-0.23683,0.00000
vol2|RG15 (C),59700,-3.47,-0.19114,0.00000
vol2|RG15 (C),59700,-1.96,-0.16736,0.00000
vol2|RG15 (C),59700,-0.4,-0.16867,0.00000
vol2|RG15 (C),59700,1.14,-0.14873,0.00000
vol2|RG15 (C),59700,2.71,-0.07176,0.00000
vol2|RG15 (C),59700,4.24,-0.04261,0.00000
vol2|RG15 (C),59700,5.77,-0.04261,0.00000
vol2|RG15 (C),59700,7.3,-0.08989,0.00000
vol2|RG15 (C),59700,8.82,-0.19197,0.00000
vol2|RG15 (C),59900,-6.5,-0.39894,0.00000
vol2|RG15 (C),59900,-4.96,-0.23683,0.00000
vol2|RG15 (C),59900,-3.43,-0.18427,0.00000
vol2|RG15 (C),59900,-1.93,-0.16736,0.00000
vol2|RG15 (C),59900,-0.39,-0.16867,0.00000
vol2|RG15 (C),59900,1.15,-0.14873,0.00000
vol2|RG15 (C),59900,2.72,-0.07176,0.00000
vol2|RG15 (C),59900,4.26,-0.04261,0.00000
vol2|RG15 (C),59900,5.8,-0.04261,0.00000
vol2|RG15 (C),59900,7.31,-0.08989,0.00000
vol2|RG15 (C),59900,8.84,-0.19197,0.00000
vol2|RG15 (C),60100,-8.56,-0.26159,0.00000
vol2|RG15 (C),60100,-7.01,-0.35722,0.00000
vol2|RG15 (C),60100,-5.46,-0.24276,0.00000
vol2|RG15 (C),60100,-3.97,-0.22251,0.00000
vol2|RG15 (C),60100,-2.42,-0.16736,0.00000
vol2|RG15 (C),60100,-0.89,-0.16736,0.00000
vol2|RG15 (C),60100,0.66,-0.14873,0.00000
vol2|RG15 (C),60100,2.25,-0.10232,0.00000
vol2|RG15 (C),60100,3.79,-0.04577,0.00000
vol2|RG15 (C),60100,5.3,-0.04261,0.00000
vol2|RG15 (C),60100,6.8,-0.04665,0.00000
vol2|RG15 (C),60300,-6.53,-0.39894,0.00000
vol2|RG15 (C),60300,-4.98,-0.23683,0.00000
vol2|RG15 (C),60300,-3.46,-0.19114,0.00000
vol2|RG15 (C),60300,-1.92,-0.16736,0.00000
vol2|RG15 (C),60300,-0.41,-0.16867,0.00000
vol2|RG15 (C),60300,1.12,-0.14873,0.00000
vol2|RG15 (C),60300,2.7,-0.07176,0.00000
vol2|RG15 (C),60300,4.23,-0.04261,0.00000
vol2|RG15 (C),60300,5.76,-0.04261,0.00000
vol2|RG15 (C),60300,7.27,-0.08989,0.00000
vol2|RG15 (C),60300,8.8,-0.19197,0.00000
vol2|RG15 (C),99600,-8.55,-0.24253,0.00000
vol2|RG15 (C),99600,-6.99,-0.34177,0.00000
vol2|RG15 (C),99600,-5.48,-0.22102,0.00000
vol2|RG15 (C),99600,-3.95,-0.17875,0.00000
vol2|RG15 (C),99600,-2.41,-0.14830,0.00000
vol2|RG15 (C),99600,-0.87,-0.15058,0.00000
vol2|RG15 (C),99600,0.66,-0.08721,0.00000
vol2|RG15 (C),99600,2.25,-0.00695,0.00000
vol2|RG15 (C),99600,3.78,0.00415,0.00000
vol2|RG15 (C),99600,5.3,0.00626,0.00000
vol2|RG15 (C),99600,6.79,0.00222,0.00000
vol2|RG15 (C),99800,-6.48,-0.37157,0.00000
vol2|RG15 (C),99800,-4.98,-0.20862,0.00000
vol2|RG15 (C),99800,-3.46,-0.15684,0.00000
vol2|RG15 (C),99800,-1.93,-0.14830,0.00000
vol2|RG15 (C),99800,-0.37,-0.14303,0.00000
vol2|RG15 (C),99800,1.2,-0.06882,0.00000
vol2|RG15 (C),99800,2.73,-0.00417,0.00000
vol2|RG15 (C),99800,4.26,0.00626,0.00000
vol2|RG15 (C),99800,5.78,0.00626,0.00000
vol2|RG15 (C),99800,7.3,-0.04070,0.00000
vol2|RG15 (C),99800,8.82,-0.07040,0.00000
vol2|RG15 (C),100100,-6.49,-0.37338,0.00000
vol2|RG15 (C),100100,-4.98,-0.21044,0.00000
vol2|RG15 (C),100100,-3.47,-0.15866,0.00000
vol2|RG15 (C),100100,-1.97,-0.15011,0.00000
vol2|RG15 (C),100100,-0.4,-0.15227,0.00000
vol2|RG15 (C),100100,1.18,-0.07063,0.00000
vol2|RG15 (C),100100,2.71,-0.00877,0.00000
vol2|RG15 (C),100100,4.23,0.00444,0.00000
vol2|RG15 (C),100100,5.78,0.00444,0.00000
vol2|RG15 (C),100100,7.32,-0.04252,0.00000
vol2|RG15 (C),100100,8.85,-0.07221,0.00000
vol2|RG15 (C),100100,-6.48,-0.37338,0.00000
vol2|RG15 (C),100100,-4.97,-0.21044,0.00000
vol2|RG15 (C),100100,-3.45,-0.15866,0.00000
vol2|RG15 (C),100100,-1.93,-0.15011,0.00000
vol2|RG15 (C),100100,-0.37,-0.14484,0.00000
vol2|RG15 (C),100100,1.18,-0.07063,0.00000
vol2|RG15 (C),100100,2.72,-0.00877,0.00000
vol2|RG15 (C),100100,4.26,0.00444,0.00000
vol2|RG15 (C),100100,5.79,0.00444,0.00000
vol2|RG15 (C),100100,7.32,-0.04252,0.00000
vol2|RG15 (C),100100,8.83,-0.07221,0.00000
vol2|RG15 (C),199200,-8.5,-0.22717,0.00000
vol2|RG15 (C),199200,-6.89,-0.23376,0.00000
vol2|RG15 (C),199200,-5.53,-0.18927,0.00000
vol2|RG15 (C),199200,-3.9,-0.15295,0.00000
vol2|RG15 (C),199200,-2.32,-0.10754,0.00000
vol2|RG15 (C),199200,-0.83,-0.07631,0.00000
vol2|RG15 (C),199200,0.81,-0.00095,0.00000
vol2|RG15 (C),199200,2.23,0.02067,0.00000
vol2|RG15 (C),199200,3.74,0.03073,0.00000
vol2|RG15 (C),199200,5.29,0.03388,0.00000
vol2|RG15 (C),199200,6.81,0.00325,0.00000
vol2|RG15 (C),199400,-6.44,-0.22223,0.00000
vol2|RG15 (C),199400,-4.96,-0.16132,0.00000
vol2|RG15 (C),199400,-3.37,-0.11366,0.00000
vol2|RG15 (C),199400,-0.61,-0.06742,0.00000
vol2|RG15 (C),199400,-0.34,-0.05240,0.00000
vol2|RG15 (C),199400,1.19,0.00702,0.00000
vol2|RG15 (C),199400,2.76,0.02627,0.00000
vol2|RG15 (C),199400,4.26,0.03388,0.00000
vol2|RG15 (C),199400,5.79,0.02953,0.00000
vol2|RG15 (C),199400,7.31,-0.00620,0.00000
vol2|RG15 (C),200000,-6.49,-0.22283,0.00000
vol2|RG15 (C),200000,-4.99,-0.16280,0.00000
vol2|RG15 (C),200000,-3.45,-0.11515,0.00000
vol2|RG15 (C),200000,-1.9,-0.10902,0.00000
vol2|RG15 (C),200000,-0.36,-0.05389,0.00000
vol2|RG15 (C),200000,1.19,-0.00150,0.00000
vol2|RG15 (C),200000,2.72,0.01775,0.00000
vol2|RG15 (C),200000,4.26,0.02536,0.00000
vol2|RG15 (C),200000,5.8,0.02100,0.00000
vol2|RG15 (C),200000,7.34,-0.01472,0.00000
vol2|RG15 (C),200000,8.86,-0.03741,0.00000
vol2|RG15 (C),200400,-6.39,-0.23343,0.00000
vol2|RG15 (C),200400,-4.99,-0.16280,0.00000
vol2|RG15 (C),200400,-2.15,-0.10902,0.00000
vol2|RG15 (C),200400,-1.92,-0.10902,0.00000
vol2|RG15 (C),200400,-0.37,-0.05389,0.00000
vol2|RG15 (C),200400,1.15,-0.00150,0.00000
vol2|RG15 (C),200400,2.71,0.01775,0.00000
vol2|RG15 (C),200400,4.24,0.02536,0.00000
vol2|RG15 (C),200400,5.79,0.02100,0.00000
vol2|RG15 (C),200400,7.32,-0.01472,0.00000
vol2|RG15 (C),200400,8.84,-0.03741,0.00000
vol2|RG15 (C),201000,-1.89,-0.10902,0.00000
vol2|RG15 (C),298700,-7.48,-0.18272,0.00000
vol2|RG15 (C),298700,-5.93,-0.11468,0.00000
vol2|RG15 (C),298700,-4.41,-0.09130,0.00000
vol2|RG15 (C),298700,-2.89,-0.04877,0.00000
vol2|RG15 (C),298700,-1.33,0.00869,0.00000
vol2|RG15 (C),298700,0.23,0.06083,0.00000
vol2|RG15 (C),298700,1.71,0.06880,0.00000
vol2|RG15 (C),298700,3.3,0.08960,0.00000
vol2|RG15 (C),298700,4.67,0.09566,0.00000
vol2|RG15 (C),298700,6.29,0.07248,0.00000
vol2|RG15 (C),298700,7.89,0.03806,0.00000
vol2|RG15 (C),299100,-6.47,-0.17536,0.00000
vol2|RG15 (C),299100,-4.97,-0.09805,0.00000
vol2|RG15 (C),299100,-3.42,-0.05552,0.00000
vol2|RG15 (C),299100,-2.04,-0.03809,0.00000
vol2|RG15 (C),299100,-0.4,0.03320,0.00000
vol2|RG15 (C),299100,1.19,0.06205,0.00000
vol2|RG15 (C),299100,2.68,0.07998,0.00000
vol2|RG15 (C),299100,4.23,0.08891,0.00000
vol2|RG15 (C),299100,5.76,0.08488,0.00000
vol2|RG15 (C),299100,7.32,0.04884,0.00000
vol2|RG15 (C),299100,8.81,-0.01706,0.00000
vol2|RG15 (C),300000,-6.57,-0.19152,0.00000
vol2|RG15 (C),300000,-4.98,-0.11251,0.00000
vol2|RG15 (C),300000,-3.56,-0.09853,0.00000
vol2|RG15 (C),300000,-1.91,-0.05039,0.00000
vol2|RG15 (C),300000,-0.37,0.00773,0.00000
vol2|RG15 (C),300000,1.19,0.03658,0.00000
vol2|RG15 (C),300000,2.75,0.05584,0.00000
vol2|RG15 (C),300000,4.27,0.06344,0.00000
vol2|RG15 (C),300000,5.78,0.05941,0.00000
vol2|RG15 (C),300000,7.3,0.02337,0.00000
vol2|RG15 (C),300000,8.85,-0.04252,0.00000
vol2|RG15 (C),300300,-6.53,-0.18208,0.00000
vol2|RG15 (C),300300,-4.99,-0.11251,0.00000
vol2|RG15 (C),300300,-1.73,-0.05309,0.00000
vol2|RG15 (C),300300,-1.92,-0.05039,0.00000
vol2|RG15 (C),300300,-0.38,0.00773,0.00000
vol2|RG15 (C),300300,1.16,0.03658,0.00000
vol2|RG15 (C),300300,2.69,0.05452,0.00000
vol2|RG15 (C),300300,4.24,0.06344,0.00000
vol2|RG15 (C),300300,5.79,0.05941,0.00000
vol2|RG15 (C),300300,7.32,0.02337,0.00000
vol2|RG15 (C),300300,8.83,-0.04252,0.00000
vol2|S4083 (A),60000,-3.46,-0.21784,0.00000
vol2|S4083 (A),60000,-2.17,-0.17359,0.00000
vol2|S4083 (A),60000,-0.59,-0.11165,0.00000
vol2|S4083 (A),60000,0.98,-0.01936,0.00000
vol2|S4083 (A),60000,2.52,-0.00893,0.00000
vol2|S4083 (A),60000,4.06,-0.00893,0.00000
vol2|S4083 (A),60000,5.59,-0.01195,0.00000
vol2|S4083 (A),60000,7.11,-0.01601,0.00000
vol2|S4083 (A),60000,8.65,-0.03244,0.00000
vol2|S4083 (A),60000,10.18,-0.14090,0.00000
vol2|S4083 (A),60000,11.7,-0.28981,0.00000
vol2|S4083 (A),100000,-4.68,-0.23424,0.00000
vol2|S4083 (A),100000,-3.12,-0.16924,0.00000
vol2|S4083 (A),100000,-1.6,-0.10210,0.00000
vol2|S4083 (A),100000,2.01,0.03498,0.00000
vol2|S4083 (A),100000,3.56,0.03813,0.00000
vol2|S4083 (A),100000,5.07,0.03813,0.00000
vol2|S4083 (A),100000,6.45,0.03813,0.00000
vol2|S4083 (A),100000,8.16,0.03361,0.00000
vol2|S4083 (A),100000,9.67,-0.01853,0.00000
vol2|S4083 (A),100000,11.19,-0.06535,0.00000
vol2|S4083 (A),100600,-0.07,0.01127,0.00000
vol2|S4083 (A),199100,-4.56,-0.19817,0.00000
vol2|S4083 (A),199100,-3.12,-0.11866,0.00000
vol2|S4083 (A),199100,-1.75,-0.04482,0.00000
vol2|S4083 (A),199100,-0.05,0.04070,0.00000
vol2|S4083 (A),199100,1.49,0.05996,0.00000
vol2|S4083 (A),199100,3.06,0.06757,0.00000
vol2|S4083 (A),199100,4.58,0.06757,0.00000
vol2|S4083 (A),199100,6.11,0.06757,0.00000
vol2|S4083 (A),199100,7.65,0.06305,0.00000
vol2|S4083 (A),199100,9.18,0.02701,0.00000
vol2|S4083 (A),199100,10.71,-0.03543,0.00000
vol2|S4083 (A),299000,-4.69,-0.14327,0.00000
vol2|S4083 (A),299000,-3.09,-0.05767,0.00000
vol2|S4083 (A),299000,-1.6,0.07962,0.00000
vol2|S4083 (A),299000,-0.05,0.09574,0.00000
vol2|S4083 (A),299000,1.5,0.11499,0.00000
vol2|S4083 (A),299000,3.04,0.12260,0.00000
vol2|S4083 (A),299000,4.58,0.12260,0.00000
vol2|S4083 (A),299000,6.12,0.11824,0.00000
vol2|S4083 (A),299000,7.65,0.11808,0.00000
vol2|S4083 (A),299000,9.19,0.02072,0.00000
vol2|S4083 (A),299000,10.73,0.01961,0.00000
vol2|S4083 (B),59800,-3.85,-0.32379,0.00000
vol2|S4083 (B),59800,-2.32,-0.18383,0.00000
vol2|S4083 (B),59800,-0.79,-0.09307,0.00000
vol2|S4083 (B),59800,0.77,-0.03677,0.00000
vol2|S4083 (B),59800,2.18,-0.02970,0.00000
vol2|S4083 (B),59800,3.84,-0.03300,0.00000
vol2|S4083 (B),59800,5.37,-0.03300,0.00000
vol2|S4083 (B),59800,6.91,-0.06192,0.00000
vol2|S4083 (B),59800,8.44,-0.11157,0.00000
vol2|S4083 (B),59800,9.93,-0.20759,0.00000
vol2|S4083 (B),59800,11.47,-0.46612,0.00000
vol2|S4083 (B),99200,-3.74,-0.29558,0.00000
vol2|S4083 (B),99200,-2.34,-0.11501,0.00000
vol2|S4083 (B),99200,-0.78,-0.01824,0.00000
vol2|S4083 (B),99200,0.77,0.02323,0.00000
vol2|S4083 (B),99200,2.3,0.01955,0.00000
vol2|S4083 (B),99200,3.81,0.02237,0.00000
vol2|S4083 (B),99200,5.37,0.02237,0.00000
vol2|S4083 (B),99200,6.91,0.01574,0.00000
vol2|S4083 (B),99200,8.46,-0.05407,0.00000
vol2|S4083 (B),99200,9.97,-0.10576,0.00000
vol2|S4083 (B),99200,11.47,-0.14645,0.00000
vol2|S4083 (B),198800,-3.85,-0.21658,0.00000
vol2|S4083 (B),198800,-2.31,-0.05778,0.00000
vol2|S4083 (B),198800,-0.76,0.04297,0.00000
vol2|S4083 (B),198800,0.77,0.06258,0.00000
vol2|S4083 (B),198800,2.32,0.05426,0.00000
vol2|S4083 (B),198800,3.85,0.05708,0.00000
vol2|S4083 (B),198800,5.4,0.05708,0.00000
vol2|S4083 (B),198800,6.93,0.05044,0.00000
vol2|S4083 (B),198800,8.47,-0.02740,0.00000
vol2|S4083 (B),198800,9.91,-0.10507,0.00000
vol2|S4083 (B),198800,11.47,-0.12986,0.00000
vol2|S4083 (B),298300,-3.77,-0.13214,0.00000
vol2|S4083 (B),298300,-2.29,-0.00741,0.00000
vol2|S4083 (B),298300,-0.75,0.09287,0.00000
vol2|S4083 (B),298300,0.79,0.11098,0.00000
vol2|S4083 (B),298300,2.19,0.10731,0.00000
vol2|S4083 (B),298300,3.87,0.10869,0.00000
vol2|S4083 (B),298300,5.42,0.10549,0.00000
vol2|S4083 (B),298300,6.96,0.09507,0.00000
vol2|S4083 (B),298300,8.47,0.02101,0.00000
vol2|S4083 (B),298300,9.99,-0.04512,0.00000
vol2|S4083 (B),298300,11.51,-0.06777,0.00000
vol2|S5010,59900,-4.89,-0.28494,0.00000
vol2|S5010,59900,-3.38,-0.19283,0.00000
vol2|S5010,59900,-1.84,-0.05550,0.00000
vol2|S5010,59900,-0.29,-0.03439,0.00000
vol2|S5010,59900,1.25,-0.02666,0.00000
vol2|S5010,59900,2.79,-0.01285,0.00000
vol2|S5010,59900,4.34,0.00404,0.00000
vol2|S5010,59900,5.85,-0.00367,0.00000
vol2|S5010,59900,7.38,-0.01062,0.00000
vol2|S5010,59900,8.93,-0.02868,0.00000
vol2|S5010,59900,10.44,-0.14291,0.00000
vol2|S5010,99700,-4.89,-0.21510,0.00000
vol2|S5010,99700,-3.35,-0.05033,0.00000
vol2|S5010,99700,-1.83,-0.02019,0.00000
vol2|S5010,99700,-0.31,0.01047,0.00000
vol2|S5010,99700,1.24,0.01819,0.00000
vol2|S5010,99700,2.77,0.03068,0.00000
vol2|S5010,99700,4.3,0.05463,0.00000
vol2|S5010,99700,5.83,0.05492,0.00000
vol2|S5010,99700,7.38,0.05153,0.00000
vol2|S5010,99700,8.89,0.04492,0.00000
vol2|S5010,99700,10.45,0.00592,0.00000
vol2|S5010,200300,-4.92,-0.11340,0.00000
vol2|S5010,200300,-3.38,-0.04888,0.00000
vol2|S5010,200300,-1.82,-0.01011,0.00000
vol2|S5010,200300,-0.34,0.02621,0.00000
vol2|S5010,200300,1.19,0.03759,0.00000
vol2|S5010,200300,2.75,0.04610,0.00000
vol2|S5010,200300,4.3,0.07403,0.00000
vol2|S5010,200300,5.85,0.07432,0.00000
vol2|S5010,200300,7.39,0.07093,0.00000
vol2|S5010,200300,8.94,0.05878,0.00000
vol2|S5010,200300,10.46,0.04653,0.00000
vol2|S5010,300600,-4.93,-0.05415,0.00000
vol2|S5010,300600,-3.38,-0.00705,0.00000
vol2|S5010,300600,-1.86,0.02791,0.00000
vol2|S5010,300600,-0.32,0.06423,0.00000
vol2|S5010,300600,1.21,0.07561,0.00000
vol2|S5010,300600,2.75,0.08412,0.00000
vol2|S5010,300600,4.3,0.11205,0.00000
vol2|S5010,300600,5.83,0.10895,0.00000
vol2|S5010,300600,7.38,0.10234,0.00000
vol2|S5010,300600,8.91,0.09322,0.00000
vol2|S5010,300600,10.89,0.17595,0.00000
vol2|S7012 (B),59500,-6.84,-0.26373,0.00000
vol2|S7012 (B),59500,-5.34,-0.22474,0.00000
vol2|S7012 (B),59500,-3.82,-0.20203,0.00000
vol2|S7012 (B),59500,-2.29,-0.14687,0.00000
vol2|S7012 (B),59500,-0.77,-0.14470,0.00000
vol2|S7012 (B),59500,0.78,-0.09407,0.00000
vol2|S7012 (B),59500,2.38,-0.02127,0.00000
vol2|S7012 (B),59500,3.89,-0.01083,0.00000
vol2|S7012 (B),59500,5.43,-0.01083,0.00000
vol2|S7012 (B),59500,6.95,-0.01519,0.00000
vol2|S7012 (B),59500,8.47,-0.14487,0.00000
vol2|S7012 (B),60100,-4.86,-0.21881,0.00000
vol2|S7012 (B),60100,-3.28,-0.16379,0.00000
vol2|S7012 (B),60100,-1.78,-0.14687,0.00000
vol2|S7012 (B),60100,-0.26,-0.13343,0.00000
vol2|S7012 (B),60100,1.31,-0.04665,0.00000
vol2|S7012 (B),60100,2.85,-0.01976,0.00000
vol2|S7012 (B),60100,4.39,-0.01083,0.00000
vol2|S7012 (B),60100,5.93,-0.01083,0.00000
vol2|S7012 (B),60100,7.47,-0.05810,0.00000
vol2|S7012 (B),60100,8.99,-0.16265,0.00000
vol2|S7012 (B),60100,10.5,-0.20308,0.00000
vol2|S7012 (B),60300,-4.84,-0.21881,0.00000
vol2|S7012 (B),60300,-3.31,-0.16379,0.00000
vol2|S7012 (B),60300,-1.8,-0.14687,0.00000
vol2|S7012 (B),60300,-0.25,-0.13343,0.00000
vol2|S7012 (B),60300,1.27,-0.05894,0.00000
vol2|S7012 (B),60300,2.85,-0.01844,0.00000
vol2|S7012 (B),60300,4.38,-0.01083,0.00000
vol2|S7012 (B),60300,5.93,-0.01083,0.00000
vol2|S7012 (B),60300,7.45,-0.05810,0.00000
vol2|S7012 (B),60300,8.97,-0.16265,0.00000
vol2|S7012 (B),60300,10.46,-0.20308,0.00000
vol2|S7012 (B),99700,-6.85,-0.24333,0.00000
vol2|S7012 (B),99700,-5.31,-0.20893,0.00000
vol2|S7012 (B),99700,-3.8,-0.15827,0.00000
vol2|S7012 (B),99700,-2.27,-0.12782,0.00000
vol2|S7012 (B),99700,-0.76,-0.09142,0.00000
vol2|S7012 (B),99700,0.81,0.00827,0.00000
vol2|S7012 (B),99700,2.36,0.02483,0.00000
vol2|S7012 (B),99700,3.88,0.03804,0.00000
vol2|S7012 (B),99700,5.43,0.03804,0.00000
vol2|S7012 (B),99700,6.96,0.03400,0.00000
vol2|S7012 (B),99700,8.47,-0.03515,0.00000
vol2|S7012 (B),99900,-3.78,-0.15827,0.00000
vol2|S7012 (B),99900,-2.27,-0.12782,0.00000
vol2|S7012 (B),99900,-0.75,-0.09142,0.00000
vol2|S7012 (B),99900,0.81,0.00827,0.00000
vol2|S7012 (B),99900,2.37,0.02483,0.00000
vol2|S7012 (B),99900,3.9,0.03804,0.00000
vol2|S7012 (B),99900,6.32,0.03804,0.00000
vol2|S7012 (B),99900,6.98,0.03197,0.00000
vol2|S7012 (B),99900,8.5,-0.03515,0.00000
vol2|S7012 (B),99900,10.02,-0.10676,0.00000
vol2|S7012 (B),99900,11.49,-0.04014,0.00000
vol2|S7012 (B),99900,-4.85,-0.18814,0.00000
vol2|S7012 (B),99900,-3.31,-0.13636,0.00000
vol2|S7012 (B),99900,-1.78,-0.12782,0.00000
vol2|S7012 (B),99900,-0.24,-0.05895,0.00000
vol2|S7012 (B),99900,1.33,0.01117,0.00000
vol2|S7012 (B),99900,2.87,0.03043,0.00000
vol2|S7012 (B),99900,4.4,0.03804,0.00000
vol2|S7012 (B),99900,5.93,0.03804,0.00000
vol2|S7012 (B),99900,7.46,-0.01310,0.00000
vol2|S7012 (B),99900,8.98,-0.04108,0.00000
vol2|S7012 (B),199400,-3.78,-0.13247,0.00000
vol2|S7012 (B),199400,-2.26,-0.08706,0.00000
vol2|S7012 (B),199400,-0.73,0.01610,0.00000
vol2|S7012 (B),199400,0.81,0.03590,0.00000
vol2|S7012 (B),199400,2.36,0.05245,0.00000
vol2|S7012 (B),199400,3.86,0.06566,0.00000
vol2|S7012 (B),199400,5.41,0.06566,0.00000
vol2|S7012 (B),199400,6.95,0.02559,0.00000
vol2|S7012 (B),199400,8.49,-0.04204,0.00000
vol2|S7012 (B),199400,10.02,-0.05414,0.00000
vol2|S7012 (B),199400,11.5,-0.08703,0.00000
vol2|S7012 (B),199600,-6.87,-0.22426,0.00000
vol2|S7012 (B),199600,-5.29,-0.18248,0.00000
vol2|S7012 (B),199600,-3.68,-0.12517,0.00000
vol2|S7012 (B),199600,-2.27,-0.09558,0.00000
vol2|S7012 (B),199600,-0.73,0.00758,0.00000
vol2|S7012 (B),199600,0.83,0.02738,0.00000
vol2|S7012 (B),199600,2.36,0.04393,0.00000
vol2|S7012 (B),199600,3.91,0.05714,0.00000
vol2|S7012 (B),199600,5.43,0.05714,0.00000
vol2|S7012 (B),199600,6.95,0.01706,0.00000
vol2|S7012 (B),199600,8.47,-0.05056,0.00000
vol2|S7012 (B),199800,-6.86,-0.22426,0.00000
vol2|S7012 (B),199800,-5.34,-0.18248,0.00000
vol2|S7012 (B),199800,-3.77,-0.13784,0.00000
vol2|S7012 (B),199800,-2.25,-0.09558,0.00000
vol2|S7012 (B),199800,-0.72,0.00758,0.00000
vol2|S7012 (B),199800,0.82,0.02738,0.00000
vol2|S7012 (B),199800,2.34,0.04393,0.00000
vol2|S7012 (B),199800,3.9,0.05714,0.00000
vol2|S7012 (B),199800,5.42,0.05714,0.00000
vol2|S7012 (B),199800,6.95,0.01706,0.00000
vol2|S7012 (B),199800,8.47,-0.05056,0.00000
vol2|S7012 (B),299600,-6.83,-0.17139,0.00000
vol2|S7012 (B),299600,-5.3,-0.10736,0.00000
vol2|S7012 (B),299600,-3.8,-0.08811,0.00000
vol2|S7012 (B),299600,-2.24,-0.02250,0.00000
vol2|S7012 (B),299600,-0.69,0.06131,0.00000
vol2|S7012 (B),299600,0.74,0.06938,0.00000
vol2|S7012 (B),299600,2.36,0.08593,0.00000
vol2|S7012 (B),299600,3.95,0.09914,0.00000
vol2|S7012 (B),299600,5.43,0.09914,0.00000
vol2|S7012 (B),299600,6.99,0.04155,0.00000
vol2|S7012 (B),299600,8.46,-0.00856,0.00000
vol2|S7012 (B),299700,-3.79,-0.08811,0.00000
vol2|S7012 (B),299700,-2.22,-0.02250,0.00000
vol2|S7012 (B),299700,-0.74,0.06131,0.00000
vol2|S7012 (B),299700,0.81,0.06938,0.00000
vol2|S7012 (B),299700,2.34,0.08593,0.00000
vol2|S7012 (B),299700,3.89,0.09914,0.00000
vol2|S7012 (B),299700,5.43,0.09914,0.00000
vol2|S7012 (B),299700,6.95,0.04155,0.00000
vol2|S7012 (B),299700,8.49,-0.00856,0.00000
vol2|S7012 (B),299700,10.01,0.00408,0.00000
vol2|S7012 (B),299700,11.51,-0.10853,0.00000
vol2|S7012 (B),299900,-6.87,-0.17139,0.00000
vol2|S7012 (B),299900,-5.33,-0.12118,0.00000
vol2|S7012 (B),299900,-3.81,-0.08811,0.00000
vol2|S7012 (B),299900,-2.26,-0.02250,0.00000
vol2|S7012 (B),299900,-0.72,0.06131,0.00000
vol2|S7012 (B),299900,0.85,0.06938,0.00000
vol2|S7012 (B),299900,2.34,0.08593,0.00000
vol2|S7012 (B),299900,3.75,0.09599,0.00000
vol2|S7012 (B),299900,5.43,0.09914,0.00000
vol2|S7012 (B),299900,6.96,0.04155,0.00000
vol2|S7012 (B),299900,8.46,-0.00856,0.00000
vol2|S7055,60200,-4.47,-0.34582,0.00000
vol2|S7055,60200,-2.89,-0.23491,0.00000
vol2|S7055,60200,-1.38,-0.13476,0.00000
vol2|S7055,60200,0.17,-0.03404,0.00000
vol2|S7055,60200,1.67,-0.02109,0.00000
vol2|S7055,60200,3.24,0.00328,0.00000
vol2|S7055,60200,4.78,0.00571,0.00000
vol2|S7055,60200,6.28,0.00356,0.00000
vol2|S7055,60200,7.85,0.00356,0.00000
vol2|S7055,60200,9.39,-0.01927,0.00000
vol2|S7055,60200,10.9,-0.05754,0.00000
vol2|S7055,99600,-4.45,-0.18326,0.00000
vol2|S7055,99600,-2.92,-0.07263,0.00000
vol2|S7055,99600,-1.36,0.01082,0.00000
vol2|S7055,99600,0.15,0.01854,0.00000
vol2|S7055,99600,1.69,0.04579,0.00000
vol2|S7055,99600,3.26,0.05742,0.00000
vol2|S7055,99600,4.79,0.05742,0.00000
vol2|S7055,99600,6.31,0.05527,0.00000
vol2|S7055,99600,7.84,0.04790,0.00000
vol2|S7055,99600,9.38,0.04452,0.00000
vol2|S7055,99600,10.88,0.08085,0.00000
vol2|S7055,99700,-5.94,-0.33024,0.00000
vol2|S7055,99700,-4.41,-0.18326,0.00000
vol2|S7055,99700,-2.86,-0.06272,0.00000
vol2|S7055,99700,-1.36,0.01082,0.00000
vol2|S7055,99700,0.18,0.01854,0.00000
vol2|S7055,99700,1.74,0.04579,0.00000
vol2|S7055,99700,3.27,0.05742,0.00000
vol2|S7055,99700,4.81,0.05742,0.00000
vol2|S7055,99700,6.35,0.05527,0.00000
vol2|S7055,99700,7.87,0.04790,0.00000
vol2|S7055,99700,9.41,0.04452,0.00000
vol2|S7055,99700,10.89,0.08085,0.00000
vol2|S7055,199400,-4.45,-0.07865,0.00000
vol2|S7055,199400,-2.99,0.00364,0.00000
vol2|S7055,199400,-1.35,0.03022,0.00000
vol2|S7055,199400,0.2,0.04299,0.00000
vol2|S7055,199400,1.71,0.06881,0.00000
vol2|S7055,199400,3.31,0.07682,0.00000
vol2|S7055,199400,4.78,0.07682,0.00000
vol2|S7055,199400,6.24,0.07467,0.00000
vol2|S7055,199400,7.86,0.06864,0.00000
vol2|S7055,199400,9.38,0.05719,0.00000
vol2|S7055,199400,10.87,0.11032,0.00000
vol2|S7055,298900,-5.94,-0.02502,0.00000
vol2|S7055,298900,-3.72,0.00736,0.00000
vol2|S7055,298900,-2.87,0.04246,0.00000
vol2|S7055,298900,-1.32,0.08258,0.00000
vol2|S7055,298900,0.19,0.09306,0.00000
vol2|S7055,298900,1.73,0.12117,0.00000
vol2|S7055,298900,3.27,0.12918,0.00000
vol2|S7055,298900,4.83,0.12918,0.00000
vol2|S7055,298900,6.35,0.12703,0.00000
vol2|S7055,298900,7.92,0.12005,0.00000
vol2|S7055,298900,9.44,0.10431,0.00000
vol2|S7055,298900,10.94,0.16532,0.00000
vol2|S7055,299700,-4.41,0.00183,0.00000
vol2|S7055,299700,-2.88,0.04246,0.00000
vol2|S7055,299700,-1.35,0.08258,0.00000
vol2|S7055,299700,0.15,0.09031,0.00000
vol2|S7055,299700,1.72,0.12117,0.00000
vol2|S7055,299700,3.25,0.12918,0.00000
vol2|S7055,299700,4.81,0.12918,0.00000
vol2|S7055,299700,6.3,0.12703,0.00000
vol2|S7055,299700,7.88,0.12005,0.00000
vol2|S7075 (A),59300,-4.82,-0.48159,0.00000
vol2|S7075 (A),59300,-2.43,-0.17447,0.00000
vol2|S7075 (A),59300,-0.91,-0.12642,0.00000
vol2|S7075 (A),59300,0.63,-0.09213,0.00000
vol2|S7075 (A),59300,2.15,-0.04001,0.00000
vol2|S7075 (A),59300,3.71,-0.00957,0.00000
vol2|S7075 (A),59300,5.26,-0.00957,0.00000
vol2|S7075 (A),59300,6.79,-0.00957,0.00000
vol2|S7075 (A),59300,8.28,-0.07009,0.00000
vol2|S7075 (A),59300,9.83,-0.15857,0.00000
vol2|S7075 (A),59300,11.34,-0.21361,0.00000
vol2|S7075 (A),60200,-4.0,-0.27295,0.00000
vol2|S7075 (A),60200,-2.49,-0.17447,0.00000
vol2|S7075 (A),60200,-0.97,-0.11719,0.00000
vol2|S7075 (A),60200,0.58,-0.08563,0.00000
vol2|S7075 (A),60200,2.13,-0.04001,0.00000
vol2|S7075 (A),60200,3.72,-0.00957,0.00000
vol2|S7075 (A),60200,5.24,-0.00957,0.00000
vol2|S7075 (A),60200,6.73,-0.00957,0.00000
vol2|S7075 (A),60200,8.28,-0.07009,0.00000
vol2|S7075 (A),60200,9.82,-0.15857,0.00000
vol2|S7075 (A),60200,11.33,-0.21361,0.00000
vol2|S7075 (A),60300,-5.99,-0.46303,0.00000
vol2|S7075 (A),60300,-4.43,-0.37418,0.00000
vol2|S7075 (A),60300,-2.94,-0.21637,0.00000
vol2|S7075 (A),60300,-1.4,-0.14633,0.00000
vol2|S7075 (A),60300,0.13,-0.09915,0.00000
vol2|S7075 (A),60300,1.66,-0.05098,0.00000
vol2|S7075 (A),60300,3.21,-0.01112,0.00000
vol2|S7075 (A),60300,4.8,-0.00957,0.00000
vol2|S7075 (A),60300,6.31,-0.00957,0.00000
vol2|S7075 (A),60300,7.82,-0.06459,0.00000
vol2|S7075 (A),60300,9.33,-0.10369,0.00000
vol2|S7075 (A),98800,3.42,0.03090,0.00000
vol2|S7075 (A),99500,-4.98,-0.44735,0.00000
vol2|S7075 (A),99500,-3.44,-0.18288,0.00000
vol2|S7075 (A),99500,-1.93,-0.12147,0.00000
vol2|S7075 (A),99500,-0.39,-0.01229,0.00000
vol2|S7075 (A),99500,1.63,0.02609,0.00000
vol2|S7075 (A),99500,2.68,0.04177,0.00000
vol2|S7075 (A),99500,4.26,0.04459,0.00000
vol2|S7075 (A),99500,5.8,0.04459,0.00000
vol2|S7075 (A),99500,7.3,0.03906,0.00000
vol2|S7075 (A),99500,8.83,0.01389,0.00000
vol2|S7075 (A),99500,10.34,-0.01688,0.00000
vol2|S7075 (A),99600,-6.0,-0.49548,0.00000
vol2|S7075 (A),99600,-4.46,-0.31901,0.00000
vol2|S7075 (A),99600,-2.92,-0.16973,0.00000
vol2|S7075 (A),99600,-1.4,-0.07894,0.00000
vol2|S7075 (A),99600,0.15,-0.00674,0.00000
vol2|S7075 (A),99600,1.67,0.03331,0.00000
vol2|S7075 (A),99600,3.25,0.04459,0.00000
vol2|S7075 (A),99600,4.79,0.04459,0.00000
vol2|S7075 (A),99600,6.32,0.04459,0.00000
vol2|S7075 (A),99600,7.82,0.02827,0.00000
vol2|S7075 (A),99600,9.34,0.01389,0.00000
vol2|S7075 (A),99800,-4.0,-0.25050,0.00000
vol2|S7075 (A),99800,-2.49,-0.14163,0.00000
vol2|S7075 (A),99800,-0.94,-0.05270,0.00000
vol2|S7075 (A),99800,0.62,0.00396,0.00000
vol2|S7075 (A),99800,2.15,0.04022,0.00000
vol2|S7075 (A),99800,3.71,0.04459,0.00000
vol2|S7075 (A),99800,5.24,0.04459,0.00000
vol2|S7075 (A),99800,6.77,0.04459,0.00000
vol2|S7075 (A),99800,8.29,0.02047,0.00000
vol2|S7075 (A),99800,9.81,0.00630,0.00000
vol2|S7075 (A),99800,11.33,0.00210,0.00000
vol2|S7075 (A),99900,-4.99,-0.44735,0.00000
vol2|S7075 (A),99900,-3.48,-0.18288,0.00000
vol2|S7075 (A),99900,-1.95,-0.12147,0.00000
vol2|S7075 (A),99900,-0.4,-0.01229,0.00000
vol2|S7075 (A),99900,1.11,0.01196,0.00000
vol2|S7075 (A),99900,2.67,0.04177,0.00000
vol2|S7075 (A),99900,4.23,0.04459,0.00000
vol2|S7075 (A),99900,5.74,0.04459,0.00000
vol2|S7075 (A),99900,7.19,0.04079,0.00000
vol2|S7075 (A),99900,8.76,0.01389,0.00000
vol2|S7075 (A),99900,10.32,-0.01688,0.00000
vol2|S7075 (A),100200,-5.0,-0.44321,0.00000
vol2|S7075 (A),100200,-3.47,-0.18288,0.00000
vol2|S7075 (A),100200,-1.95,-0.12147,0.00000
vol2|S7075 (A),100200,-0.5,-0.04310,0.00000
vol2|S7075 (A),100200,1.12,0.01196,0.00000
vol2|S7075 (A),100200,2.55,0.04177,0.00000
vol2|S7075 (A),100200,4.21,0.04459,0.00000
vol2|S7075 (A),100200,5.76,0.04459,0.00000
vol2|S7075 (A),100200,7.28,0.04079,0.00000
vol2|S7075 (A),100200,8.8,0.01389,0.00000
vol2|S7075 (A),100200,10.32,-0.01688,0.00000
vol2|S7075 (A),198500,-5.92,-0.49721,0.00000
vol2|S7075 (A),198500,-4.35,-0.15663,0.00000
vol2|S7075 (A),198500,-2.88,-0.08468,0.00000
vol2|S7075 (A),198500,-1.25,0.01358,0.00000
vol2|S7075 (A),198500,0.21,0.03895,0.00000
vol2|S7075 (A),198500,1.74,0.07049,0.00000
vol2|S7075 (A),198500,3.26,0.07972,0.00000
vol2|S7075 (A),198500,4.76,0.07158,0.00000
vol2|S7075 (A),198500,6.31,0.07158,0.00000
vol2|S7075 (A),198500,7.81,0.05404,0.00000
vol2|S7075 (A),198500,9.34,0.04526,0.00000
vol2|S7075 (A),198900,-4.95,-0.25147,0.00000
vol2|S7075 (A),198900,-3.56,-0.10528,0.00000
vol2|S7075 (A),198900,-1.89,-0.00370,0.00000
vol2|S7075 (A),198900,-0.38,0.03095,0.00000
vol2|S7075 (A),198900,1.19,0.07041,0.00000
vol2|S7075 (A),198900,2.77,0.07972,0.00000
vol2|S7075 (A),198900,4.28,0.07158,0.00000
vol2|S7075 (A),198900,5.78,0.07158,0.00000
vol2|S7075 (A),198900,7.31,0.05404,0.00000
vol2|S7075 (A),198900,8.83,0.04526,0.00000
vol2|S7075 (A),198900,10.33,0.03901,0.00000
vol2|S7075 (A),199100,-3.8,-0.12864,0.00000
vol2|S7075 (A),199100,-2.42,-0.00370,0.00000
vol2|S7075 (A),199100,-0.9,0.01913,0.00000
vol2|S7075 (A),199100,0.64,0.04368,0.00000
vol2|S7075 (A),199100,2.02,0.07203,0.00000
vol2|S7075 (A),199100,3.73,0.07478,0.00000
vol2|S7075 (A),199100,5.13,0.07158,0.00000
vol2|S7075 (A),199100,6.78,0.06778,0.00000
vol2|S7075 (A),199100,8.31,0.04857,0.00000
vol2|S7075 (A),199100,9.82,0.04526,0.00000
vol2|S7075 (A),199100,11.34,0.10123,0.00000
vol2|S7075 (A),199400,-4.99,-0.24678,0.00000
vol2|S7075 (A),199400,-3.46,-0.10528,0.00000
vol2|S7075 (A),199400,-1.96,-0.00370,0.00000
vol2|S7075 (A),199400,-0.4,0.03095,0.00000
vol2|S7075 (A),199400,1.15,0.07041,0.00000
vol2|S7075 (A),199400,2.67,0.07972,0.00000
vol2|S7075 (A),199400,4.25,0.07158,0.00000
vol2|S7075 (A),199400,5.76,0.07158,0.00000
vol2|S7075 (A),199400,7.29,0.05404,0.00000
vol2|S7075 (A),199400,9.57,0.04526,0.00000
vol2|S7075 (A),199400,10.33,0.03901,0.00000
vol2|S7075 (A),199600,-4.97,-0.24678,0.00000
vol2|S7075 (A),199600,-3.47,-0.10528,0.00000
vol2|S7075 (A),199600,-1.94,-0.00370,0.00000
vol2|S7075 (A),199600,-0.41,0.03095,0.00000
vol2|S7075 (A),199600,1.14,0.07041,0.00000
vol2|S7075 (A),199600,2.68,0.07972,0.00000
vol2|S7075 (A),199600,4.23,0.07158,0.00000
vol2|S7075 (A),199600,5.77,0.07158,0.00000
vol2|S7075 (A),199600,7.28,0.05649,0.00000
vol2|S7075 (A),199600,8.81,0.04526,0.00000
vol2|S7075 (A),199600,10.33,0.03901,0.00000
vol2|S7075 (A),202900,-4.99,-0.25094,0.00000
vol2|S7075 (A),297900,-7.15,-0.49809,0.00000
vol2|S7075 (A),297900,-4.38,-0.07560,0.00000
vol2|S7075 (A),297900,-2.85,0.02977,0.00000
vol2|S7075 (A),297900,-1.34,0.08263,0.00000
vol2|S7075 (A),297900,0.19,0.09063,0.00000
vol2|S7075 (A),297900,1.74,0.11889,0.00000
vol2|S7075 (A),297900,3.26,0.12813,0.00000
vol2|S7075 (A),297900,4.77,0.12319,0.00000
vol2|S7075 (A),297900,6.32,0.11619,0.00000
vol2|S7075 (A),297900,7.86,0.09931,0.00000
vol2|S7075 (A),297900,9.33,0.09525,0.00000
vol2|S7075 (A),299100,-5.0,-0.08678,0.00000
vol2|S7075 (A),299100,-3.45,-0.01281,0.00000
vol2|S7075 (A),299100,-1.95,0.06638,0.00000
vol2|S7075 (A),299100,0.24,0.09063,0.00000
vol2|S7075 (A),299100,1.13,0.11889,0.00000
vol2|S7075 (A),299100,3.18,0.12813,0.00000
vol2|S7075 (A),299100,4.23,0.12813,0.00000
vol2|S7075 (A),299100,5.76,0.11999,0.00000
vol2|S7075 (A),299100,7.29,0.10245,0.00000
vol2|S7075 (A),299100,8.83,0.09698,0.00000
vol2|S7075 (A),299100,10.34,0.10287,0.00000
vol2|S7075 (A),299100,-5.97,-0.31843,0.00000
vol2|S7075 (A),299100,-4.52,-0.07560,0.00000
vol2|S7075 (A),299100,-2.93,0.02679,0.00000
vol2|S7075 (A),299100,-1.37,0.08263,0.00000
vol2|S7075 (A),299100,0.15,0.09063,0.00000
vol2|S7075 (A),299100,1.7,0.11889,0.00000
vol2|S7075 (A),299100,3.19,0.12813,0.00000
vol2|S7075 (A),299100,4.77,0.12319,0.00000
vol2|S7075 (A),299100,6.32,0.11619,0.00000
vol2|S7075 (A),299100,7.87,0.09917,0.00000
vol2|S7075 (A),299100,9.32,0.09525,0.00000
vol2|S7075 (A),299700,-5.0,-0.08678,0.00000
vol2|S7075 (A),299700,-3.45,-0.01281,0.00000
vol2|S7075 (A),299700,-1.89,0.06638,0.00000
vol2|S7075 (A),299700,-0.4,0.09063,0.00000
vol2|S7075 (A),299700,1.15,0.11889,0.00000
vol2|S7075 (A),299700,2.68,0.12813,0.00000
vol2|S7075 (A),299700,4.24,0.12813,0.00000
vol2|S7075 (A),299700,5.76,0.11999,0.00000
vol2|S7075 (A),299700,7.31,0.10245,0.00000
vol2|S7075 (A),299700,8.83,0.09698,0.00000
vol2|S7075 (A),299700,10.2,0.10287,0.00000
vol2|S7075 (A),300000,-5.0,-0.08678,0.00000
vol2|S7075 (A),300000,-3.46,-0.01281,0.00000
vol2|S7075 (A),300000,-1.92,0.06638,0.00000
vol2|S7075 (A),300000,-0.49,0.09063,0.00000
vol2|S7075 (A),300000,1.14,0.11889,0.00000
vol2|S7075 (A),300000,2.79,0.12813,0.00000
vol2|S7075 (A),300000,4.24,0.12813,0.00000
vol2|S7075 (A),300000,5.77,0.11999,0.00000
vol2|S7075 (A),300000,7.29,0.10245,0.00000
vol2|S7075 (A),300000,8.83,0.09698,0.00000
vol2|S7075 (A),300000,10.36,0.10287,0.00000
vol2|S7075 (B),59900,-5.21,-0.48165,0.00000
vol2|S7075 (B),59900,-3.69,-0.25467,0.00000
vol2|S7075 (B),59900,-2.18,-0.17750,0.00000
vol2|S7075 (B),59900,0.32,-0.09590,0.00000
vol2|S7075 (B),59900,0.91,-0.10591,0.00000
vol2|S7075 (B),59900,2.46,-0.02855,0.00000
vol2|S7075 (B),59900,4.01,0.02485,0.00000
vol2|S7075 (B),59900,5.56,0.02485,0.00000
vol2|S7075 (B),59900,7.08,0.01500,0.00000
vol2|S7075 (B),59900,8.61,-0.04278,0.00000
vol2|S7075 (B),59900,10.11,-0.17734,0.00000
vol2|S7075 (B),100100,-5.16,-0.46276,0.00000
vol2|S7075 (B),100100,-3.64,-0.20008,0.00000
vol2|S7075 (B),100100,-2.17,-0.10267,0.00000
vol2|S7075 (B),100100,-0.6,-0.05048,0.00000
vol2|S7075 (B),100100,0.93,0.00462,0.00000
vol2|S7075 (B),100100,2.48,0.06289,0.00000
vol2|S7075 (B),100100,4.02,0.06448,0.00000
vol2|S7075 (B),100100,5.55,0.06448,0.00000
vol2|S7075 (B),100100,7.09,0.04779,0.00000
vol2|S7075 (B),100100,8.62,0.02072,0.00000
vol2|S7075 (B),100100,10.12,-0.03975,0.00000
vol2|S7075 (B),199800,-5.17,-0.29995,0.00000
vol2|S7075 (B),199800,-3.64,-0.12026,0.00000
vol2|S7075 (B),199800,-0.85,0.00466,0.00000
vol2|S7075 (B),199800,-0.6,0.01991,0.00000
vol2|S7075 (B),199800,0.95,0.04587,0.00000
vol2|S7075 (B),199800,2.47,0.08295,0.00000
vol2|S7075 (B),199800,4.03,0.08889,0.00000
vol2|S7075 (B),199800,5.57,0.08200,0.00000
vol2|S7075 (B),199800,7.1,0.06138,0.00000
vol2|S7075 (B),199800,8.64,0.04250,0.00000
vol2|S7075 (B),199800,10.15,0.03522,0.00000
vol2|S7075 (B),300100,-5.23,-0.14910,0.00000
vol2|S7075 (B),300100,-3.53,-0.05506,0.00000
vol2|S7075 (B),300100,-2.22,0.02573,0.00000
vol2|S7075 (B),300100,-0.54,0.06301,0.00000
vol2|S7075 (B),300100,0.94,0.09798,0.00000
vol2|S7075 (B),300100,2.53,0.11624,0.00000
vol2|S7075 (B),300100,4.05,0.12218,0.00000
vol2|S7075 (B),300100,5.56,0.11199,0.00000
vol2|S7075 (B),300100,7.13,0.09465,0.00000
vol2|S7075 (B),300100,8.62,0.07965,0.00000
vol2|S7075 (B),300100,10.14,0.07978,0.00000
vol2|S8025,60000,-6.67,-0.24276,0.00000
vol2|S8025,60000,-5.16,-0.22251,0.00000
vol2|S8025,60000,-3.63,-0.16987,0.00000
vol2|S8025,60000,-2.09,-0.16736,0.00000
vol2|S8025,60000,-0.54,-0.16736,0.00000
vol2|S8025,60000,0.98,-0.15243,0.00000
vol2|S8025,60000,2.54,-0.07040,0.00000
vol2|S8025,60000,4.06,-0.05675,0.00000
vol2|S8025,60000,6.52,-0.09359,0.00000
vol2|S8025,60000,7.15,-0.12651,0.00000
vol2|S8025,60000,8.65,-0.20876,0.00000
vol2|S8025,100400,-6.64,-0.23016,0.00000
vol2|S8025,100400,-5.13,-0.18057,0.00000
vol2|S8025,100400,-3.63,-0.15263,0.00000
vol2|S8025,100400,-2.1,-0.15011,0.00000
vol2|S8025,100400,-0.56,-0.15011,0.00000
vol2|S8025,100400,1.0,-0.03304,0.00000
vol2|S8025,100400,2.53,-0.02902,0.00000
vol2|S8025,100400,4.07,-0.01247,0.00000
vol2|S8025,100400,5.61,-0.00644,0.00000
vol2|S8025,100400,7.15,-0.05039,0.00000
vol2|S8025,100400,8.66,-0.10492,0.00000
vol2|S8025,200700,-6.67,-0.19075,0.00000
vol2|S8025,200700,-5.17,-0.15768,0.00000
vol2|S8025,200700,-3.67,-0.11313,0.00000
vol2|S8025,200700,-2.08,-0.10902,0.00000
vol2|S8025,200700,-0.55,-0.10902,0.00000
vol2|S8025,200700,0.96,-0.01213,0.00000
vol2|S8025,200700,2.5,-0.00810,0.00000
vol2|S8025,200700,4.07,0.00409,0.00000
vol2|S8025,200700,5.58,0.00915,0.00000
vol2|S8025,200700,7.15,-0.01842,0.00000
vol2|S8025,200700,8.67,-0.01842,0.00000
vol2|S8025,301100,-6.68,-0.13506,0.00000
vol2|S8025,301100,-5.15,-0.11581,0.00000
vol2|S8025,301100,-3.58,-0.07836,0.00000
vol2|S8025,301100,-2.1,-0.07223,0.00000
vol2|S8025,301100,-0.56,-0.00093,0.00000
vol2|S8025,301100,0.98,0.02266,0.00000
vol2|S8025,301100,2.51,0.02669,0.00000
vol2|S8025,301100,4.07,0.03920,0.00000
vol2|S8025,301100,5.61,0.03011,0.00000
vol2|S8025,301100,7.15,0.01637,0.00000
vol2|S8025,301100,8.68,0.01637,0.00000
vol2|SD7037 (B),59500,-4.82,-0.45788,0.00000
vol2|SD7037 (B),59500,-3.28,-0.20773,0.00000
vol2|SD7037 (B),59500,-1.75,-0.15137,0.00000
vol2|SD7037 (B),59500,-0.21,-0.11529,0.00000
vol2|SD7037 (B),59500,1.32,-0.06997,0.00000
vol2|SD7037 (B),59500,2.91,-0.01997,0.00000
vol2|SD7037 (B),59500,5.14,-0.01114,0.00000
vol2|SD7037 (B),59500,5.98,-0.01114,0.00000
vol2|SD7037 (B),59500,7.5,-0.01368,0.00000
vol2|SD7037 (B),59500,9.0,-0.04390,0.00000
vol2|SD7037 (B),59500,10.51,-0.14789,0.00000
vol2|SD7037 (B),59600,-3.82,-0.25372,0.00000
vol2|SD7037 (B),59600,-2.28,-0.16622,0.00000
vol2|SD7037 (B),59600,-0.76,-0.12275,0.00000
vol2|SD7037 (B),59600,0.79,-0.07510,0.00000
vol2|SD7037 (B),59600,2.35,-0.03458,0.00000
vol2|SD7037 (B),59600,3.89,-0.01114,0.00000
vol2|SD7037 (B),59600,5.43,-0.01114,0.00000
vol2|SD7037 (B),59600,6.97,-0.01114,0.00000
vol2|SD7037 (B),59600,8.48,-0.03333,0.00000
vol2|SD7037 (B),59600,10.0,-0.10284,0.00000
vol2|SD7037 (B),59600,11.54,-0.30016,0.00000
vol2|SD7037 (B),59900,-3.78,-0.25372,0.00000
vol2|SD7037 (B),59900,-2.25,-0.16548,0.00000
vol2|SD7037 (B),59900,-0.72,-0.12275,0.00000
vol2|SD7037 (B),59900,0.83,-0.07510,0.00000
vol2|SD7037 (B),59900,2.38,-0.03458,0.00000
vol2|SD7037 (B),59900,3.94,-0.01114,0.00000
vol2|SD7037 (B),59900,5.47,-0.01114,0.00000
vol2|SD7037 (B),59900,7.0,-0.01114,0.00000
vol2|SD7037 (B),59900,8.49,-0.03333,0.00000
vol2|SD7037 (B),59900,10.02,-0.10284,0.00000
vol2|SD7037 (B),59900,11.54,-0.30016,0.00000
vol2|SD7037 (B),99400,-3.77,-0.21823,0.00000
vol2|SD7037 (B),99400,-2.22,-0.11255,0.00000
vol2|SD7037 (B),99400,-0.7,-0.03021,0.00000
vol2|SD7037 (B),99400,0.49,0.00038,0.00000
vol2|SD7037 (B),99400,2.41,0.03581,0.00000
vol2|SD7037 (B),99400,3.97,0.04465,0.00000
vol2|SD7037 (B),99400,5.47,0.04465,0.00000
vol2|SD7037 (B),99400,7.01,0.04465,0.00000
vol2|SD7037 (B),99400,8.52,0.01861,0.00000
vol2|SD7037 (B),99400,10.03,-0.01134,0.00000
vol2|SD7037 (B),99400,11.27,0.04749,0.00000
vol2|SD7037 (B),99500,-3.82,-0.21783,0.00000
vol2|SD7037 (B),99500,-2.28,-0.11215,0.00000
vol2|SD7037 (B),99500,-0.75,-0.02981,0.00000
vol2|SD7037 (B),99500,0.82,0.00567,0.00000
vol2|SD7037 (B),99500,2.36,0.03621,0.00000
vol2|SD7037 (B),99500,3.9,0.04504,0.00000
vol2|SD7037 (B),99500,5.43,0.04504,0.00000
vol2|SD7037 (B),99500,6.96,0.04504,0.00000
vol2|SD7037 (B),99500,9.35,0.01260,0.00000
vol2|SD7037 (B),99500,10.01,-0.00536,0.00000
vol2|SD7037 (B),99500,11.53,-0.00980,0.00000
vol2|SD7037 (B),99900,-4.8,-0.42830,0.00000
vol2|SD7037 (B),99900,-3.24,-0.17766,0.00000
vol2|SD7037 (B),99900,-1.72,-0.09765,0.00000
vol2|SD7037 (B),99900,-0.19,-0.02116,0.00000
vol2|SD7037 (B),99900,1.37,0.01858,0.00000
vol2|SD7037 (B),99900,2.92,0.04504,0.00000
vol2|SD7037 (B),99900,4.46,0.04504,0.00000
vol2|SD7037 (B),99900,5.99,0.04504,0.00000
vol2|SD7037 (B),99900,7.51,0.03867,0.00000
vol2|SD7037 (B),99900,9.01,0.01234,0.00000
vol2|SD7037 (B),99900,10.54,-0.00536,0.00000
vol2|SD7037 (B),198400,-3.76,-0.12874,0.00000
vol2|SD7037 (B),198400,-2.13,-0.01646,0.00000
vol2|SD7037 (B),198400,-0.65,0.02732,0.00000
vol2|SD7037 (B),198400,0.88,0.04463,0.00000
vol2|SD7037 (B),198400,2.42,0.06892,0.00000
vol2|SD7037 (B),198400,3.96,0.07300,0.00000
vol2|SD7037 (B),198400,5.48,0.07300,0.00000
vol2|SD7037 (B),198400,6.98,0.07023,0.00000
vol2|SD7037 (B),198400,8.52,0.05282,0.00000
vol2|SD7037 (B),198400,10.0,0.03916,0.00000
vol2|SD7037 (B),198400,11.54,0.03869,0.00000
vol2|SD7037 (B),199100,-5.64,-0.31772,0.00000
vol2|SD7037 (B),199100,-4.24,-0.15103,0.00000
vol2|SD7037 (B),199100,-2.71,-0.06370,0.00000
vol2|SD7037 (B),199100,-1.16,0.00679,0.00000
vol2|SD7037 (B),199100,0.35,0.04131,0.00000
vol2|SD7037 (B),199100,1.88,0.06137,0.00000
vol2|SD7037 (B),199100,3.41,0.07300,0.00000
vol2|SD7037 (B),199100,4.96,0.07300,0.00000
vol2|SD7037 (B),199100,6.5,0.07023,0.00000
vol2|SD7037 (B),199100,7.99,0.06109,0.00000
vol2|SD7037 (B),199100,9.54,0.03916,0.00000
vol2|SD7037 (B),200100,-4.79,-0.23786,0.00000
vol2|SD7037 (B),200100,-3.29,-0.09887,0.00000
vol2|SD7037 (B),200100,-1.74,0.00679,0.00000
vol2|SD7037 (B),200100,-0.21,0.03362,0.00000
vol2|SD7037 (B),200100,1.33,0.04956,0.00000
vol2|SD7037 (B),200100,2.87,0.07300,0.00000
vol2|SD7037 (B),200100,4.42,0.07300,0.00000
vol2|SD7037 (B),200100,5.95,0.07300,0.00000
vol2|SD7037 (B),200100,7.49,0.06869,0.00000
vol2|SD7037 (B),200100,8.99,0.04708,0.00000
vol2|SD7037 (B),200100,10.52,0.03268,0.00000
vol2|SD7037 (B),200800,-5.82,-0.31772,0.00000
vol2|SD7037 (B),200800,-4.7,-0.23532,0.00000
vol2|SD7037 (B),298600,-4.77,-0.10749,0.00000
vol2|SD7037 (B),298600,-3.25,-0.02592,0.00000
vol2|SD7037 (B),298600,-1.69,0.05101,0.00000
vol2|SD7037 (B),298600,-0.15,0.08552,0.00000
vol2|SD7037 (B),298600,1.37,0.09377,0.00000
vol2|SD7037 (B),298600,2.93,0.11721,0.00000
vol2|SD7037 (B),298600,5.08,0.11721,0.00000
vol2|SD7037 (B),298600,5.98,0.11445,0.00000
vol2|SD7037 (B),298600,7.46,0.10719,0.00000
vol2|SD7037 (B),298600,9.06,0.08700,0.00000
vol2|SD7037 (B),298600,10.55,0.01205,0.00000
vol2|SD7037 (B),298800,-5.78,-0.25689,0.00000
vol2|SD7037 (B),298800,-4.26,-0.06333,0.00000
vol2|SD7037 (B),298800,-2.72,0.00026,0.00000
vol2|SD7037 (B),298800,-1.17,0.07153,0.00000
vol2|SD7037 (B),298800,0.37,0.08552,0.00000
vol2|SD7037 (B),298800,1.89,0.10558,0.00000
vol2|SD7037 (B),298800,3.42,0.11721,0.00000
vol2|SD7037 (B),298800,4.96,0.11721,0.00000
vol2|SD7037 (B),298800,6.53,0.11445,0.00000
vol2|SD7037 (B),298800,8.0,0.09703,0.00000
vol2|SD7037 (B),298800,9.5,0.08831,0.00000
vol2|SD7037 (B),299400,-4.85,-0.11110,0.00000
vol2|SD7037 (B),299400,-3.28,-0.02592,0.00000
vol2|SD7037 (B),299400,-0.64,0.07642,0.00000
vol2|SD7037 (B),299400,-0.26,0.08552,0.00000
vol2|SD7037 (B),299400,1.37,0.09377,0.00000
vol2|SD7037 (B),299400,2.88,0.11721,0.00000
vol2|SD7037 (B),299400,4.43,0.11721,0.00000
vol2|SD7037 (B),299400,5.91,0.11445,0.00000
vol2|SD7037 (B),299400,7.48,0.10719,0.00000
vol2|SD7037 (B),299400,9.0,0.08700,0.00000
vol2|SD7037 (B),299400,10.52,0.01459,0.00000
vol2|SD7037 (B),300400,-1.82,0.04418,0.00000
vol2|SD7037 (B),301400,-7.84,-0.35440,0.00000
vol2|SD7037 (B),301400,-6.8,-0.37720,0.00000
vol2|SD7037 (B),301900,-5.81,-0.25785,0.00000
vol2|SD7037 (C),60100,-5.31,-0.48694,0.00000
vol2|SD7037 (C),60100,-3.77,-0.25372,0.00000
vol2|SD7037 (C),60100,-2.25,-0.16548,0.00000
vol2|SD7037 (C),60100,-0.73,-0.12275,0.00000
vol2|SD7037 (C),60100,0.8,-0.07510,0.00000
vol2|SD7037 (C),60100,2.38,-0.03458,0.00000
vol2|SD7037 (C),60100,3.92,-0.01114,0.00000
vol2|SD7037 (C),60100,5.45,-0.01114,0.00000
vol2|SD7037 (C),60100,6.99,-0.01114,0.00000
vol2|SD7037 (C),60100,8.49,-0.03333,0.00000
vol2|SD7037 (C),60300,-4.31,-0.29958,0.00000
vol2|SD7037 (C),60300,-2.85,-0.18155,0.00000
vol2|SD7037 (C),60300,-1.29,-0.12202,0.00000
vol2|SD7037 (C),60300,0.26,-0.08650,0.00000
vol2|SD7037 (C),60300,1.83,-0.04456,0.00000
vol2|SD7037 (C),60300,3.37,-0.01114,0.00000
vol2|SD7037 (C),60300,4.93,-0.01114,0.00000
vol2|SD7037 (C),60300,6.45,-0.01114,0.00000
vol2|SD7037 (C),60300,7.95,-0.02748,0.00000
vol2|SD7037 (C),60300,9.52,-0.06772,0.00000
vol2|SD7037 (C),60300,11.03,-0.10842,0.00000
vol2|SD7037 (C),100000,-5.28,-0.38060,0.00000
vol2|SD7037 (C),100000,-4.18,-0.25489,0.00000
vol2|SD7037 (C),100000,-2.22,-0.11215,0.00000
vol2|SD7037 (C),100000,-0.7,-0.02981,0.00000
vol2|SD7037 (C),100000,0.84,0.00567,0.00000
vol2|SD7037 (C),100000,2.39,0.03621,0.00000
vol2|SD7037 (C),100000,3.92,0.04504,0.00000
vol2|SD7037 (C),100000,5.46,0.04504,0.00000
vol2|SD7037 (C),100000,7.0,0.04504,0.00000
vol2|SD7037 (C),100000,8.52,0.02458,0.00000
vol2|SD7037 (C),100200,-4.33,-0.27733,0.00000
vol2|SD7037 (C),100200,-2.8,-0.14436,0.00000
vol2|SD7037 (C),100200,-1.27,-0.06032,0.00000
vol2|SD7037 (C),100200,0.24,-0.01974,0.00000
vol2|SD7037 (C),100200,1.83,0.02160,0.00000
vol2|SD7037 (C),100200,3.37,0.04504,0.00000
vol2|SD7037 (C),100200,4.91,0.04504,0.00000
vol2|SD7037 (C),100200,6.43,0.04504,0.00000
vol2|SD7037 (C),100200,7.99,0.03045,0.00000
vol2|SD7037 (C),100200,9.5,0.00826,0.00000
vol2|SD7037 (C),100200,11.02,0.05784,0.00000
vol2|SD7037 (C),199100,-4.24,-0.15103,0.00000
vol2|SD7037 (C),199100,-2.76,-0.06603,0.00000
vol2|SD7037 (C),199100,-1.23,0.00679,0.00000
vol2|SD7037 (C),199100,0.31,0.04131,0.00000
vol2|SD7037 (C),199100,1.84,0.06137,0.00000
vol2|SD7037 (C),199100,3.38,0.07300,0.00000
vol2|SD7037 (C),199100,4.92,0.07300,0.00000
vol2|SD7037 (C),199100,6.45,0.07023,0.00000
vol2|SD7037 (C),199100,7.98,0.06109,0.00000
vol2|SD7037 (C),199100,9.52,0.03916,0.00000
vol2|SD7037 (C),199100,11.04,0.11191,0.00000
vol2|SD7037 (C),199700,-5.31,-0.30344,0.00000
vol2|SD7037 (C),199700,-3.78,-0.12874,0.00000
vol2|SD7037 (C),199700,-2.26,-0.01646,0.00000
vol2|SD7037 (C),199700,-0.72,0.02732,0.00000
vol2|SD7037 (C),199700,0.85,0.04463,0.00000
vol2|SD7037 (C),199700,2.37,0.06709,0.00000
vol2|SD7037 (C),199700,3.93,0.07300,0.00000
vol2|SD7037 (C),199700,5.44,0.07300,0.00000
vol2|SD7037 (C),199700,7.0,0.07023,0.00000
vol2|SD7037 (C),199700,8.53,0.05282,0.00000
vol2|SD7037 (C),298900,-4.89,-0.11636,0.00000
vol2|SD7037 (C),298900,-2.84,-0.00474,0.00000
vol2|SD7037 (C),298900,-1.23,0.07153,0.00000
vol2|SD7037 (C),298900,0.3,0.08552,0.00000
vol2|SD7037 (C),298900,1.85,0.10084,0.00000
vol2|SD7037 (C),298900,3.39,0.11721,0.00000
vol2|SD7037 (C),298900,4.93,0.11721,0.00000
vol2|SD7037 (C),298900,6.4,0.11445,0.00000
vol2|SD7037 (C),298900,7.99,0.09703,0.00000
vol2|SD7037 (C),298900,9.52,0.08831,0.00000
vol2|SD7037 (C),298900,11.0,0.11717,0.00000
vol2|SD7037 (C),299300,-5.29,-0.17782,0.00000
vol2|SD7037 (C),299300,-3.76,-0.06333,0.00000
vol2|SD7037 (C),299300,-2.25,0.04204,0.00000
vol2|SD7037 (C),299300,-0.7,0.07642,0.00000
vol2|SD7037 (C),299300,0.79,0.08552,0.00000
vol2|SD7037 (C),299300,2.38,0.11130,0.00000
vol2|SD7037 (C),299300,4.02,0.11721,0.00000
vol2|SD7037 (C),299300,5.45,0.11721,0.00000
vol2|SD7037 (C),299300,6.95,0.11290,0.00000
vol2|SD7037 (C),299300,8.52,0.09490,0.00000
vol2|SD7037 (C),299300,10.04,0.01459,0.00000
vol3|A18,103018,-4.19,-0.16117,0.00000
vol3|A18,103018,-3.65,-0.09874,0.00000
vol3|A18,103018,-2.28,-0.01693,0.00000
vol3|A18,103018,-1.26,-0.00276,0.00000
vol3|A18,103018,-0.31,0.01128,0.00000
vol3|A18,103018,0.84,0.04280,0.00000
vol3|A18,103018,1.39,0.05559,0.00000
vol3|A18,103018,2.8,0.07149,0.00000
vol3|A18,103018,3.89,0.07149,0.00000
vol3|A18,103018,4.81,0.07149,0.00000
vol3|A18,103018,5.91,0.04966,0.00000
vol3|A18,103018,6.9,-0.00474,0.00000
vol3|A18,103018,7.86,-0.03301,0.00000
vol3|A18,103018,9.01,-0.08714,0.00000
vol3|A18,103018,9.81,-0.17777,0.00000
vol3|A18,103018,10.83,-0.17366,0.00000
vol3|A18,199845,-4.42,-0.06541,0.00000
vol3|A18,199845,-2.77,0.02517,0.00000
vol3|A18,199845,-1.26,0.03579,0.00000
vol3|A18,199845,0.22,0.06872,0.00000
vol3|A18,199845,1.97,0.09089,0.00000
vol3|A18,199845,3.42,0.09089,0.00000
vol3|A18,199845,4.84,0.09089,0.00000
vol3|A18,199845,6.1,0.01506,0.00000
vol3|A18,199845,8.03,-0.00666,0.00000
vol3|A18,199845,9.42,-0.07555,0.00000
vol3|A18,199845,10.94,-0.13912,0.00000
vol3|A18,298924,11.71,-0.10586,0.00000
vol3|A18,300494,-4.66,-0.04576,0.00000
vol3|A18,300494,-2.88,0.06178,0.00000
vol3|A18,300494,-1.34,0.10567,0.00000
vol3|A18,300494,0.15,0.13836,0.00000
vol3|A18,300494,1.68,0.13274,0.00000
vol3|A18,300494,3.27,0.13274,0.00000
vol3|A18,300494,4.89,0.11306,0.00000
vol3|A18,300494,6.6,0.05342,0.00000
vol3|A18,300494,7.42,0.04004,0.00000
vol3|A18,300494,10.01,-0.09187,0.00000
vol3|A18,300494,10.63,-0.09883,0.00000
vol3|Avistar,100000,-3.32,-0.03464,0.00000
vol3|Avistar,100000,-2.33,-0.01739,0.00000
vol3|Avistar,100000,-1.3,0.03366,0.00000
vol3|Avistar,100000,-0.24,0.04041,0.00000
vol3|Avistar,100000,0.77,0.04317,0.00000
vol3|Avistar,100000,1.78,0.05844,0.00000
vol3|Avistar,100000,2.9,0.07685,0.00000
vol3|Avistar,100000,3.81,0.07929,0.00000
vol3|Avistar,100000,4.93,0.07929,0.00000
vol3|Avistar,100000,5.88,0.07714,0.00000
vol3|Avistar,100000,6.89,0.07714,0.00000
vol3|Avistar,100000,7.91,0.07714,0.00000
vol3|Avistar,100000,8.94,0.07714,0.00000
vol3|Avistar,100000,9.9,0.07683,0.00000
vol3|Avistar,200600,-5.44,-0.04767,0.00000
vol3|Avistar,200600,-4.32,-0.02353,0.00000
vol3|Avistar,200600,-3.33,-0.00828,0.00000
vol3|Avistar,200600,-2.29,0.00752,0.00000
vol3|Avistar,200600,-1.33,0.03274,0.00000
vol3|Avistar,200600,-0.25,0.03177,0.00000
vol3|Avistar,200600,0.77,0.03950,0.00000
vol3|Avistar,200600,1.78,0.05752,0.00000
vol3|Avistar,200600,2.78,0.07594,0.00000
vol3|Avistar,200600,3.82,0.07837,0.00000
vol3|Avistar,200600,4.87,0.07837,0.00000
vol3|Avistar,200600,5.9,0.07622,0.00000
vol3|Avistar,200600,6.89,0.07622,0.00000
vol3|Avistar,200600,7.89,0.07622,0.00000
vol3|Avistar,300900,-5.37,0.01561,0.00000
vol3|Avistar,300900,-4.38,0.01139,0.00000
vol3|Avistar,300900,-3.32,0.02126,0.00000
vol3|Avistar,300900,-2.31,0.03325,0.00000
vol3|Avistar,300900,-1.23,0.05847,0.00000
vol3|Avistar,300900,-0.22,0.05485,0.00000
vol3|Avistar,300900,0.78,0.06258,0.00000
vol3|Avistar,300900,1.83,0.07108,0.00000
vol3|Avistar,300900,2.85,0.09902,0.00000
vol3|Avistar,300900,3.84,0.10145,0.00000
vol3|Avistar,300900,4.86,0.10145,0.00000
vol3|Avistar,300900,5.9,0.09930,0.00000
vol3|Avistar,300900,6.93,0.09930,0.00000
vol3|Avistar,300900,7.89,0.09688,0.00000
vol3|Avistar,300900,8.91,0.08377,0.00000
vol3|Avistar,402100,-5.42,0.14430,0.00000
vol3|Avistar,402100,-4.37,0.14008,0.00000
vol3|Avistar,402100,-3.35,0.13532,0.00000
vol3|Avistar,402100,-2.34,0.14906,0.00000
vol3|Avistar,402100,-1.34,0.13992,0.00000
vol3|Avistar,402100,-0.26,0.14552,0.00000
vol3|Avistar,402100,0.77,0.18725,0.00000
vol3|Avistar,402100,1.8,0.17297,0.00000
vol3|Avistar,402100,2.85,0.18182,0.00000
vol3|Avistar,402100,3.87,0.18154,0.00000
vol3|Avistar,402100,4.95,0.18154,0.00000
vol3|Avistar,402100,5.88,0.17939,0.00000
vol3|Avistar,402100,6.87,0.17939,0.00000
vol3|Avistar,402100,7.91,0.17601,0.00000
vol3|BW-3,59400,-2.11,-0.42742,0.00000
vol3|BW-3,59400,-0.45,-0.29301,0.00000
vol3|BW-3,59400,1.06,-0.18767,0.00000
vol3|BW-3,59400,2.69,-0.19696,0.00000
vol3|BW-3,59400,4.24,-0.23883,0.00000
vol3|BW-3,59400,5.78,-0.23378,0.00000
vol3|BW-3,59400,7.32,-0.41672,0.00000
vol3|BW-3,59400,8.77,-0.63036,0.00000
vol3|BW-3,59400,10.3,-0.68615,0.00000
vol3|BW-3,59400,11.83,-0.60897,0.00000
vol3|BW-3,99400,-2.16,-0.39471,0.00000
vol3|BW-3,99400,-0.48,-0.16544,0.00000
vol3|BW-3,99400,1.18,-0.15675,0.00000
vol3|BW-3,99400,2.71,-0.14723,0.00000
vol3|BW-3,99400,4.26,-0.17188,0.00000
vol3|BW-3,99400,5.77,-0.32694,0.00000
vol3|BW-3,99400,7.3,-0.36499,0.00000
vol3|BW-3,99400,8.7,-0.51195,0.00000
vol3|BW-3,99400,10.35,-0.63385,0.00000
vol3|BW-3,99400,11.73,-0.61271,0.00000
vol3|BW-3,99700,-2.14,-0.39471,0.00000
vol3|BW-3,99700,-0.46,-0.16544,0.00000
vol3|BW-3,99700,1.14,-0.15675,0.00000
vol3|BW-3,99700,2.59,-0.15615,0.00000
vol3|BW-3,99700,4.09,-0.17188,0.00000
vol3|BW-3,99700,5.68,-0.32532,0.00000
vol3|BW-3,99700,7.19,-0.36031,0.00000
vol3|BW-3,99700,8.76,-0.53572,0.00000
vol3|BW-3,99700,10.29,-0.63385,0.00000
vol3|BW-3,198900,-2.58,-0.19669,0.00000
vol3|BW-3,198900,-0.85,-0.06475,0.00000
vol3|BW-3,198900,0.48,-0.10613,0.00000
vol3|BW-3,198900,2.24,-0.12221,0.00000
vol3|BW-3,198900,3.75,-0.12221,0.00000
vol3|BW-3,198900,5.39,-0.29269,0.00000
vol3|BW-3,198900,6.82,-0.31474,0.00000
vol3|BW-3,198900,8.41,-0.33040,0.00000
vol3|BW-3,198900,9.73,-0.47843,0.00000
vol3|BW-3,198900,11.34,-0.56925,0.00000
vol3|BW-3,199200,-3.64,-0.39211,0.00000
vol3|BW-3,199200,-2.11,-0.13979,0.00000
vol3|BW-3,199200,-0.63,-0.05634,0.00000
vol3|BW-3,199200,1.26,-0.11783,0.00000
vol3|BW-3,199200,2.76,-0.12221,0.00000
vol3|BW-3,199200,4.33,-0.11497,0.00000
vol3|BW-3,199200,5.8,-0.30099,0.00000
vol3|BW-3,199200,7.34,-0.31474,0.00000
vol3|BW-3,199200,8.87,-0.34914,0.00000
vol3|BW-3,199200,10.25,-0.53976,0.00000
vol3|BW-3,297600,-2.58,-0.08966,0.00000
vol3|BW-3,297600,-0.98,-0.05448,0.00000
vol3|BW-3,297600,0.55,-0.09030,0.00000
vol3|BW-3,297600,2.1,-0.09491,0.00000
vol3|BW-3,297600,3.66,-0.09491,0.00000
vol3|BW-3,297600,5.21,-0.26910,0.00000
vol3|BW-3,297600,6.73,-0.29115,0.00000
vol3|BW-3,297600,8.29,-0.29115,0.00000
vol3|BW-3,297600,9.92,-0.34742,0.00000
vol3|BW-3,297600,11.22,-0.50714,0.00000
vol3|BW-3,298300,-3.59,-0.28234,0.00000
vol3|BW-3,298300,-2.07,-0.03103,0.00000
vol3|BW-3,298300,-0.49,-0.04379,0.00000
vol3|BW-3,298300,1.08,-0.07552,0.00000
vol3|BW-3,298300,2.63,-0.07552,0.00000
vol3|BW-3,298300,4.13,-0.07552,0.00000
vol3|BW-3,298300,5.66,-0.25643,0.00000
vol3|BW-3,298300,7.28,-0.27018,0.00000
vol3|BW-3,298300,8.93,-0.28584,0.00000
vol3|BW-3,298300,10.42,-0.41455,0.00000
vol3|BW-3,397200,-0.52,-0.05382,0.00000
vol3|BW-3,397200,0.92,-0.06578,0.00000
vol3|BW-3,397200,2.5,-0.06752,0.00000
vol3|BW-3,397200,4.33,-0.11946,0.00000
vol3|BW-3,397200,6.0,-0.26021,0.00000
vol3|BW-3,397200,7.64,-0.27745,0.00000
vol3|BW-3,397200,9.42,-0.29417,0.00000
vol3|BW-3,397300,-3.16,-0.11978,0.00000
vol3|BW-3,397300,-1.41,-0.03220,0.00000
vol3|BW-3,397300,0.3,-0.07172,0.00000
vol3|BW-3,397300,1.6,-0.06752,0.00000
vol3|BW-3,397300,3.16,-0.06752,0.00000
vol3|BW-3,397300,4.68,-0.20446,0.00000
vol3|BW-3,397300,6.2,-0.26021,0.00000
vol3|BW-3,397300,7.77,-0.27745,0.00000
vol3|BW-3,397300,9.29,-0.29417,0.00000
vol3|BW-3,397300,10.9,-0.28527,0.00000
vol3|BW-3,402400,-3.6,-0.02079,0.00000
vol3|BW-3,402400,-2.06,0.05398,0.00000
vol3|Clark-Y (B),59500,11.31,-0.03531,0.00000
vol3|Clark-Y (B),60700,-2.07,-0.18953,0.00000
vol3|Clark-Y (B),60700,-0.45,-0.08603,0.00000
vol3|Clark-Y (B),60700,1.02,-0.03449,0.00000
vol3|Clark-Y (B),60700,2.54,-0.02084,0.00000
vol3|Clark-Y (B),60700,4.16,-0.01041,0.00000
vol3|Clark-Y (B),60700,5.71,-0.01041,0.00000
vol3|Clark-Y (B),60700,7.19,-0.01041,0.00000
vol3|Clark-Y (B),60700,8.74,-0.00986,0.00000
vol3|Clark-Y (B),60700,10.26,-0.03729,0.00000
vol3|Clark-Y (B),99600,10.74,0.05026,0.00000
vol3|Clark-Y (B),99800,-3.1,-0.11628,0.00000
vol3|Clark-Y (B),99800,-1.42,-0.00542,0.00000
vol3|Clark-Y (B),99800,0.09,0.02011,0.00000
vol3|Clark-Y (B),99800,1.67,0.04226,0.00000
vol3|Clark-Y (B),99800,3.18,0.04987,0.00000
vol3|Clark-Y (B),99800,4.77,0.04987,0.00000
vol3|Clark-Y (B),99800,6.29,0.04987,0.00000
vol3|Clark-Y (B),99800,7.78,0.04939,0.00000
vol3|Clark-Y (B),99800,9.22,0.04958,0.00000
vol3|Clark-Y (B),100000,-3.07,-0.11810,0.00000
vol3|Clark-Y (B),100000,-1.42,-0.00724,0.00000
vol3|Clark-Y (B),100000,0.01,0.01829,0.00000
vol3|Clark-Y (B),100000,1.64,0.04045,0.00000
vol3|Clark-Y (B),100000,3.17,0.04806,0.00000
vol3|Clark-Y (B),100000,4.64,0.04806,0.00000
vol3|Clark-Y (B),100000,6.2,0.04806,0.00000
vol3|Clark-Y (B),100000,7.72,0.04757,0.00000
vol3|Clark-Y (B),100000,9.29,0.04942,0.00000
vol3|Clark-Y (B),199900,-4.7,-0.06188,0.00000
vol3|Clark-Y (B),199900,-3.08,-0.01253,0.00000
vol3|Clark-Y (B),199900,-1.29,0.03921,0.00000
vol3|Clark-Y (B),199900,0.22,0.04211,0.00000
vol3|Clark-Y (B),199900,1.76,0.06291,0.00000
vol3|Clark-Y (B),199900,3.22,0.06897,0.00000
vol3|Clark-Y (B),199900,4.78,0.06897,0.00000
vol3|Clark-Y (B),199900,6.22,0.06897,0.00000
vol3|Clark-Y (B),199900,7.82,0.06414,0.00000
vol3|Clark-Y (B),199900,9.25,0.07065,0.00000
vol3|Clark-Y (B),199900,10.86,0.10716,0.00000
vol3|Clark-Y (B),200000,-4.64,-0.06188,0.00000
vol3|Clark-Y (B),200000,-2.92,-0.00488,0.00000
vol3|Clark-Y (B),200000,-1.57,0.03466,0.00000
vol3|Clark-Y (B),200000,0.1,0.04211,0.00000
vol3|Clark-Y (B),200000,1.74,0.06291,0.00000
vol3|Clark-Y (B),200000,3.11,0.06897,0.00000
vol3|Clark-Y (B),200000,4.76,0.06897,0.00000
vol3|Clark-Y (B),200000,6.24,0.06897,0.00000
vol3|Clark-Y (B),200000,7.78,0.06414,0.00000
vol3|Clark-Y (B),200000,9.3,0.07065,0.00000
vol3|Clark-Y (B),200000,10.78,0.10515,0.00000
vol3|Clark-Y (B),299800,-4.56,-0.00664,0.00000
vol3|Clark-Y (B),299800,-2.97,0.05354,0.00000
vol3|Clark-Y (B),299800,-1.44,0.08121,0.00000
vol3|Clark-Y (B),299800,0.14,0.08411,0.00000
vol3|Clark-Y (B),299800,1.71,0.10491,0.00000
vol3|Clark-Y (B),299800,3.28,0.11098,0.00000
vol3|Clark-Y (B),299800,4.95,0.11098,0.00000
vol3|Clark-Y (B),299800,6.28,0.11098,0.00000
vol3|Clark-Y (B),299800,7.87,0.10614,0.00000
vol3|Clark-Y (B),299800,9.26,0.11266,0.00000
vol3|Clark-Y (B),299800,10.77,0.14152,0.00000
vol3|Clark-Y (B),300100,-4.53,-0.01056,0.00000
vol3|Clark-Y (B),300100,-3.05,0.04580,0.00000
vol3|Clark-Y (B),300100,-1.43,0.07729,0.00000
vol3|Clark-Y (B),300100,0.2,0.08019,0.00000
vol3|Clark-Y (B),300100,1.81,0.10099,0.00000
vol3|Clark-Y (B),300100,3.36,0.10706,0.00000
vol3|Clark-Y (B),300100,4.81,0.10706,0.00000
vol3|Clark-Y (B),300100,6.14,0.10706,0.00000
vol3|Clark-Y (B),300100,7.85,0.10222,0.00000
vol3|Clark-Y (B),300100,9.17,0.10254,0.00000
vol3|Clark-Y (B),300100,10.77,0.13760,0.00000
vol3|Clark-Y (B),399900,-4.7,-0.00309,0.00000
vol3|Clark-Y (B),399900,-3.0,0.06808,0.00000
vol3|Clark-Y (B),399900,-1.48,0.09099,0.00000
vol3|Clark-Y (B),399900,0.1,0.09389,0.00000
vol3|Clark-Y (B),399900,1.69,0.11469,0.00000
vol3|Clark-Y (B),399900,3.21,0.12075,0.00000
vol3|Clark-Y (B),399900,4.78,0.12075,0.00000
vol3|Clark-Y (B),399900,6.51,0.11753,0.00000
vol3|Clark-Y (B),399900,8.06,0.11624,0.00000
vol3|Clark-Y (B),399900,9.56,0.12243,0.00000
vol3|Clark-Y (B),399900,10.96,0.15894,0.00000
vol3|Clark-Y (B),400700,-4.6,-0.00309,0.00000
vol3|Clark-Y (B),400700,-3.03,0.06456,0.00000
vol3|Clark-Y (B),400700,-1.49,0.08644,0.00000
vol3|Clark-Y (B),400700,0.1,0.09389,0.00000
vol3|Clark-Y (B),400700,1.65,0.11469,0.00000
vol3|Clark-Y (B),400700,3.25,0.12075,0.00000
vol3|Clark-Y (B),400700,4.9,0.12075,0.00000
vol3|Clark-Y (B),400700,6.47,0.11753,0.00000
vol3|Clark-Y (B),400700,7.92,0.11592,0.00000
vol3|Clark-Y (B),400700,9.21,0.12078,0.00000
vol3|Clark-Y (B),400700,10.82,0.15894,0.00000
vol3|DH4009,100000,-3.66,-0.16703,0.00000
vol3|DH4009,100000,-2.62,-0.15011,0.00000
vol3|DH4009,100000,-1.59,-0.15011,0.00000
vol3|DH4009,100000,-0.53,-0.15011,0.00000
vol3|DH4009,100000,0.43,-0.15597,0.00000
vol3|DH4009,100000,1.47,-0.12941,0.00000
vol3|DH4009,100000,2.88,-0.07143,0.00000
vol3|DH4009,100000,3.51,-0.02612,0.00000
vol3|DH4009,100000,4.54,-0.06360,0.00000
vol3|DH4009,100000,5.58,-0.06690,0.00000
vol3|DH4009,100000,6.6,-0.10828,0.00000
vol3|DH4009,100000,7.61,-0.13530,0.00000
vol3|DH4009,100000,8.68,-0.15597,0.00000
vol3|DH4009,100000,10.16,-0.13519,0.00000
vol3|DH4009,200800,-3.65,-0.14186,0.00000
vol3|DH4009,200800,-2.63,-0.11263,0.00000
vol3|DH4009,200800,-1.56,-0.10902,0.00000
vol3|DH4009,200800,-0.6,-0.10902,0.00000
vol3|DH4009,200800,0.43,-0.09454,0.00000
vol3|DH4009,200800,1.46,-0.03405,0.00000
vol3|DH4009,200800,2.49,-0.00810,0.00000
vol3|DH4009,200800,3.52,-0.03671,0.00000
vol3|DH4009,200800,4.55,-0.03163,0.00000
vol3|DH4009,200800,5.56,-0.02448,0.00000
vol3|DH4009,200800,6.57,-0.05002,0.00000
vol3|DH4009,200800,7.65,-0.13305,0.00000
vol3|DH4009,200800,8.61,-0.14536,0.00000
vol3|DH4009,301500,-3.65,-0.10507,0.00000
vol3|DH4009,301500,-2.61,-0.08642,0.00000
vol3|DH4009,301500,-1.6,-0.06093,0.00000
vol3|DH4009,301500,-0.58,-0.03135,0.00000
vol3|DH4009,301500,1.2,0.01759,0.00000
vol3|DH4009,301500,1.58,0.01707,0.00000
vol3|DH4009,301500,2.53,0.02669,0.00000
vol3|DH4009,301500,3.57,-0.00720,0.00000
vol3|DH4009,301500,4.55,-0.01286,0.00000
vol3|DH4009,301500,5.63,-0.00721,0.00000
vol3|DH4009,301500,6.6,-0.00678,0.00000
vol3|DH4009,401700,-3.71,-0.08686,0.00000
vol3|DH4009,401700,-2.66,-0.08109,0.00000
vol3|DH4009,401700,-1.62,-0.03416,0.00000
vol3|DH4009,401700,-0.58,-0.00146,0.00000
vol3|DH4009,401700,0.42,0.02738,0.00000
vol3|DH4009,401700,1.56,0.04035,0.00000
vol3|DH4009,401700,2.52,0.04489,0.00000
vol3|DH4009,401700,3.53,0.01101,0.00000
vol3|DH4009,401700,4.54,-0.02302,0.00000
vol3|DH4009,401700,5.61,-0.03632,0.00000
vol3|DH4009,501500,-3.81,0.00453,0.00000
vol3|DH4009,501500,-2.71,0.01446,0.00000
vol3|DH4009,501500,-1.69,0.08311,0.00000
vol3|DH4009,501500,-0.58,0.10123,0.00000
vol3|DH4009,501500,0.45,0.13138,0.00000
vol3|DH4009,501500,1.5,0.13659,0.00000
vol3|DH4009,501500,2.54,0.14114,0.00000
vol3|DH4009,501500,3.53,0.10726,0.00000
vol3|DH4009,501500,4.54,0.05905,0.00000
vol3|DH4009,501500,5.59,0.06337,0.00000
vol3|DH4009,501500,6.62,0.08645,0.00000
vol3|E231,60800,-4.57,-0.23572,0.00000
vol3|E231,60800,-3.53,-0.21425,0.00000
vol3|E231,60900,-2.51,-0.19902,0.00000
vol3|E231,60900,-1.44,-0.18941,0.00000
vol3|E231,60900,-0.44,-0.19403,0.00000
vol3|E231,60900,0.59,-0.18310,0.00000
vol3|E231,60900,1.61,-0.06627,0.00000
vol3|E231,60900,2.62,-0.02871,0.00000
vol3|E231,60900,3.67,-0.03244,0.00000
vol3|E231,60900,4.67,-0.03049,0.00000
vol3|E231,60900,5.75,-0.00779,0.00000
vol3|E231,60900,6.75,0.00367,0.00000
vol3|E231,60900,7.81,0.00368,0.00000
vol3|E231,60900,8.79,0.00125,0.00000
vol3|E231,60900,9.82,-0.01417,0.00000
vol3|E231,60900,10.81,-0.01692,0.00000
vol3|E231,60900,11.86,-0.06661,0.00000
vol3|E231,99900,-2.5,-0.06490,0.00000
vol3|E231,99900,-1.44,0.02004,0.00000
vol3|E231,99900,-0.36,0.01907,0.00000
vol3|E231,99900,0.65,0.02679,0.00000
vol3|E231,99900,1.66,0.02679,0.00000
vol3|E231,99900,2.62,0.04482,0.00000
vol3|E231,99900,3.7,0.06323,0.00000
vol3|E231,99900,4.77,0.06567,0.00000
vol3|E231,99900,5.73,0.06352,0.00000
vol3|E231,99900,6.78,0.06352,0.00000
vol3|E231,99900,7.82,0.06352,0.00000
vol3|E231,99900,8.82,0.05352,0.00000
vol3|E231,99900,9.87,0.05395,0.00000
vol3|E231,99900,10.83,0.13147,0.00000
vol3|E231,101900,-4.54,-0.24845,0.00000
vol3|E231,101900,-3.53,-0.16213,0.00000
vol3|E231,200600,-4.56,-0.05569,0.00000
vol3|E231,200600,-3.48,-0.02933,0.00000
vol3|E231,200600,-2.35,0.00907,0.00000
vol3|E231,200600,-1.38,0.03333,0.00000
vol3|E231,200600,-0.29,0.04105,0.00000
vol3|E231,200600,0.61,0.04956,0.00000
vol3|E231,200600,1.78,0.07749,0.00000
vol3|E231,200600,2.73,0.07993,0.00000
vol3|E231,200600,3.69,0.07993,0.00000
vol3|E231,200600,4.72,0.07993,0.00000
vol3|E231,200600,5.75,0.07778,0.00000
vol3|E231,200600,6.82,0.07778,0.00000
vol3|E231,200600,7.84,0.07439,0.00000
vol3|E231,200600,8.85,0.06778,0.00000
vol3|E231,200600,9.83,0.06367,0.00000
vol3|E231,200600,10.84,0.15203,0.00000
vol3|E231,301000,-4.57,-0.00700,0.00000
vol3|E231,301000,-3.39,0.00021,0.00000
vol3|E231,301000,-2.26,0.03216,0.00000
vol3|E231,301000,-1.51,0.06777,0.00000
vol3|E231,301000,-0.44,0.06739,0.00000
vol3|E231,301000,0.57,0.07512,0.00000
vol3|E231,301000,1.72,0.08862,0.00000
vol3|E231,301000,2.78,0.10301,0.00000
vol3|E231,301000,3.75,0.10301,0.00000
vol3|E231,301000,4.72,0.10301,0.00000
vol3|E231,301000,5.74,0.10086,0.00000
vol3|E231,301000,6.83,0.09844,0.00000
vol3|E231,301000,7.85,0.09086,0.00000
vol3|E231,301000,8.86,0.08620,0.00000
vol3|E231,301000,9.83,0.09985,0.00000
vol3|E231,301000,10.85,0.17776,0.00000
vol3|E231,400400,-4.53,0.08991,0.00000
vol3|E231,400400,-3.48,0.09255,0.00000
vol3|E231,400400,-2.47,0.15062,0.00000
vol3|E231,400400,-1.44,0.17319,0.00000
vol3|E231,400400,-0.34,0.19206,0.00000
vol3|E231,400400,0.64,0.19979,0.00000
vol3|E231,400400,1.69,0.20683,0.00000
vol3|E231,400400,2.66,0.23030,0.00000
vol3|E231,400400,3.75,0.19837,0.00000
vol3|E231,400400,4.78,0.19837,0.00000
vol3|E231,400400,5.83,0.18095,0.00000
vol3|E231,400400,6.8,0.20453,0.00000
vol3|E231,400400,7.8,0.17095,0.00000
vol3|E231,400400,8.83,0.19620,0.00000
vol3|E231,400400,9.86,0.20333,0.00000
vol3|E231,400400,10.86,0.29222,0.00000
vol3|E374 (B),60200,-5.46,-0.22299,0.00000
vol3|E374 (B),60200,-4.38,-0.20673,0.00000
vol3|E374 (B),60200,-3.19,-0.17863,0.00000
vol3|E374 (B),60200,-2.17,-0.14940,0.00000
vol3|E374 (B),60200,-1.11,-0.13406,0.00000
vol3|E374 (B),60200,-0.26,-0.07090,0.00000
vol3|E374 (B),60200,0.94,-0.03006,0.00000
vol3|E374 (B),60200,1.96,-0.02714,0.00000
vol3|E374 (B),60200,2.98,-0.02365,0.00000
vol3|E374 (B),60200,4.01,-0.00349,0.00000
vol3|E374 (B),60200,5.06,0.02214,0.00000
vol3|E374 (B),60200,6.12,0.00694,0.00000
vol3|E374 (B),60200,7.14,0.00858,0.00000
vol3|E374 (B),60200,8.13,-0.00972,0.00000
vol3|E374 (B),60200,9.14,-0.09510,0.00000
vol3|E374 (B),60200,9.97,-0.12576,0.00000
vol3|E374 (B),100100,-5.62,-0.20873,0.00000
vol3|E374 (B),100100,-4.04,-0.15078,0.00000
vol3|E374 (B),100100,-3.0,-0.08098,0.00000
vol3|E374 (B),100100,-2.38,-0.04080,0.00000
vol3|E374 (B),100100,-1.34,0.00832,0.00000
vol3|E374 (B),100100,-0.28,0.01639,0.00000
vol3|E374 (B),100100,0.71,0.01929,0.00000
vol3|E374 (B),100100,1.71,0.03294,0.00000
vol3|E374 (B),100100,2.74,0.04009,0.00000
vol3|E374 (B),100100,3.78,0.04615,0.00000
vol3|E374 (B),100100,4.81,0.04615,0.00000
vol3|E374 (B),100100,5.83,0.04615,0.00000
vol3|E374 (B),100100,6.88,0.04615,0.00000
vol3|E374 (B),100100,7.86,0.02406,0.00000
vol3|E374 (B),100100,8.91,-0.00333,0.00000
vol3|E374 (B),100100,9.93,0.01137,0.00000
vol3|E374 (B),200500,-5.18,-0.09605,0.00000
vol3|E374 (B),200500,-3.8,-0.03331,0.00000
vol3|E374 (B),200500,-3.5,-0.01287,0.00000
vol3|E374 (B),200500,-2.47,-0.00168,0.00000
vol3|E374 (B),200500,-1.51,0.02082,0.00000
vol3|E374 (B),200500,0.48,0.04020,0.00000
vol3|E374 (B),200500,0.6,0.04020,0.00000
vol3|E374 (B),200500,2.44,0.06100,0.00000
vol3|E374 (B),200500,2.71,0.06100,0.00000
vol3|E374 (B),200500,3.74,0.06707,0.00000
vol3|E374 (B),200500,4.75,0.06707,0.00000
vol3|E374 (B),200500,5.76,0.06707,0.00000
vol3|E374 (B),200500,6.82,0.06271,0.00000
vol3|E374 (B),200500,8.38,0.03606,0.00000
vol3|E374 (B),200500,8.85,0.03606,0.00000
vol3|E374 (B),200500,9.87,0.05909,0.00000
vol3|E374 (B),301200,-6.4,-0.10649,0.00000
vol3|E374 (B),301200,-5.42,-0.03669,0.00000
vol3|E374 (B),301200,-4.4,-0.01575,0.00000
vol3|E374 (B),301200,-3.42,0.02842,0.00000
vol3|E374 (B),301200,-2.36,0.03455,0.00000
vol3|E374 (B),301200,-1.35,0.05179,0.00000
vol3|E374 (B),301200,-0.4,0.06754,0.00000
vol3|E374 (B),301200,0.71,0.07499,0.00000
vol3|E374 (B),301200,1.74,0.08864,0.00000
vol3|E374 (B),301200,2.79,0.09579,0.00000
vol3|E374 (B),301200,3.81,0.10186,0.00000
vol3|E374 (B),301200,4.84,0.10186,0.00000
vol3|E374 (B),301200,5.87,0.10186,0.00000
vol3|E374 (B),301200,6.91,0.09250,0.00000
vol3|E374 (B),301200,7.92,0.07085,0.00000
vol3|E374 (B),301200,8.94,0.05333,0.00000
vol3|E374 (B),301200,9.95,0.07850,0.00000
vol3|E387 (C),59885,-4.13,-0.43219,0.00000
vol3|E387 (C),59885,-3.05,-0.22013,0.00000
vol3|E387 (C),59885,-2.08,-0.16517,0.00000
vol3|E387 (C),59885,-1.0,-0.04333,0.00000
vol3|E387 (C),59885,-0.02,-0.02834,0.00000
vol3|E387 (C),59885,1.0,-0.02152,0.00000
vol3|E387 (C),59885,2.05,-0.00604,0.00000
vol3|E387 (C),59885,3.07,-0.00888,0.00000
vol3|E387 (C),59885,4.09,-0.01164,0.00000
vol3|E387 (C),59885,5.07,-0.01767,0.00000
vol3|E387 (C),59885,6.2,-0.01757,0.00000
vol3|E387 (C),59885,7.11,-0.00888,0.00000
vol3|E387 (C),59885,8.29,-0.01554,0.00000
vol3|E387 (C),59885,9.17,-0.09212,0.00000
vol3|E387 (C),59885,10.29,-0.15350,0.00000
vol3|E387 (C),59885,11.27,-0.20920,0.00000
vol3|E387 (C),99744,-4.08,-0.13443,0.00000
vol3|E387 (C),99744,-3.05,-0.04267,0.00000
vol3|E387 (C),99744,-2.04,0.00269,0.00000
vol3|E387 (C),99744,-0.95,0.01742,0.00000
vol3|E387 (C),99744,0.05,0.02395,0.00000
vol3|E387 (C),99744,1.04,0.04530,0.00000
vol3|E387 (C),99744,2.19,0.04685,0.00000
vol3|E387 (C),99744,3.06,0.04967,0.00000
vol3|E387 (C),99744,4.12,0.04967,0.00000
vol3|E387 (C),99744,5.16,0.04967,0.00000
vol3|E387 (C),99744,6.16,0.04967,0.00000
vol3|E387 (C),99744,7.15,0.04303,0.00000
vol3|E387 (C),99744,8.22,0.02882,0.00000
vol3|E387 (C),99744,9.24,0.02116,0.00000
vol3|E387 (C),99744,10.27,-0.00111,0.00000
vol3|E387 (C),199604,-3.99,-0.07991,0.00000
vol3|E387 (C),199604,-2.81,0.02024,0.00000
vol3|E387 (C),199604,-1.93,0.04031,0.00000
vol3|E387 (C),199604,-0.92,0.05252,0.00000
vol3|E387 (C),199604,0.06,0.05401,0.00000
vol3|E387 (C),199604,1.17,0.07209,0.00000
vol3|E387 (C),199604,2.1,0.07209,0.00000
vol3|E387 (C),199604,3.1,0.07646,0.00000
vol3|E387 (C),199604,4.15,0.07646,0.00000
vol3|E387 (C),199604,5.3,0.07646,0.00000
vol3|E387 (C),199604,6.17,0.07646,0.00000
vol3|E387 (C),199604,7.32,0.05892,0.00000
vol3|E387 (C),199604,8.32,0.00024,0.00000
vol3|E387 (C),199604,9.27,-0.00648,0.00000
vol3|E387 (C),199604,10.26,-0.01854,0.00000
vol3|E387 (C),299856,-4.11,-0.01145,0.00000
vol3|E387 (C),299856,-3.08,0.05096,0.00000
vol3|E387 (C),299856,-2.04,0.08615,0.00000
vol3|E387 (C),299856,-0.99,0.10484,0.00000
vol3|E387 (C),299856,0.11,0.10633,0.00000
vol3|E387 (C),299856,1.02,0.12768,0.00000
vol3|E387 (C),299856,2.1,0.12768,0.00000
vol3|E387 (C),299856,3.11,0.13691,0.00000
vol3|E387 (C),299856,4.19,0.13691,0.00000
vol3|E387 (C),299856,5.13,0.13198,0.00000
vol3|E387 (C),299856,6.23,0.12878,0.00000
vol3|E387 (C),299856,7.33,0.10027,0.00000
vol3|E387 (C),299856,8.34,0.05586,0.00000
vol3|E387 (C),299856,9.32,0.05022,0.00000
vol3|E387 (C),299856,10.32,0.04137,0.00000
vol3|E387 (C),458992,-4.1,0.10181,0.00000
vol3|E387 (C),458992,-3.08,0.15814,0.00000
vol3|E387 (C),458992,-2.03,0.18998,0.00000
vol3|E387 (C),458992,-1.04,0.20427,0.00000
vol3|E387 (C),458992,0.02,0.20577,0.00000
vol3|E387 (C),458992,1.16,0.22711,0.00000
vol3|E387 (C),458992,2.03,0.22711,0.00000
vol3|E387 (C),458992,3.36,0.23635,0.00000
vol3|E387 (C),458992,4.1,0.23635,0.00000
vol3|E387 (C),458992,5.09,0.23635,0.00000
vol3|E387 (C),458992,6.42,0.21730,0.00000
vol3|E387 (C),458992,7.27,0.17134,0.00000
vol3|E387 (C),458992,8.3,0.16807,0.00000
vol3|E387 (C),458992,9.36,0.16139,0.00000
vol3|E387 (C),458992,10.47,0.15701,0.00000
vol3|E387 (D),59507,-4.25,-0.45216,0.00000
vol3|E387 (D),59507,-3.19,-0.25589,0.00000
vol3|E387 (D),59507,-2.09,-0.16798,0.00000
vol3|E387 (D),59507,-1.31,-0.09010,0.00000
vol3|E387 (D),59507,-0.12,-0.04104,0.00000
vol3|E387 (D),59507,0.95,-0.03687,0.00000
vol3|E387 (D),59507,1.97,-0.03712,0.00000
vol3|E387 (D),59507,3.11,-0.02782,0.00000
vol3|E387 (D),59507,3.97,-0.01982,0.00000
vol3|E387 (D),59507,5.02,-0.01982,0.00000
vol3|E387 (D),59507,5.93,-0.01982,0.00000
vol3|E387 (D),59507,6.85,-0.02373,0.00000
vol3|E387 (D),59507,7.7,-0.01802,0.00000
vol3|E387 (D),59507,9.09,-0.09888,0.00000
vol3|E387 (D),59507,10.02,-0.18477,0.00000
vol3|E387 (D),59507,10.94,-0.14508,0.00000
vol3|E472,100300,-2.95,-0.14530,0.00000
vol3|E472,100300,-1.94,-0.13342,0.00000
vol3|E472,100300,-0.9,-0.13083,0.00000
vol3|E472,100300,0.16,-0.02233,0.00000
vol3|E472,100300,1.16,-0.00320,0.00000
vol3|E472,100300,2.21,-0.00178,0.00000
vol3|E472,100300,3.22,0.00154,0.00000
vol3|E472,100300,4.24,0.01064,0.00000
vol3|E472,100300,5.29,0.02445,0.00000
vol3|E472,100300,6.28,0.03092,0.00000
vol3|E472,100300,7.33,0.02711,0.00000
vol3|E472,100300,8.34,-0.07721,0.00000
vol3|E472,100300,9.3,-0.14678,0.00000
vol3|E472,100300,10.32,-0.19995,0.00000
vol3|E472,200100,-2.94,-0.12150,0.00000
vol3|E472,200100,-1.9,-0.11473,0.00000
vol3|E472,200100,-0.9,-0.01901,0.00000
vol3|E472,200100,0.14,-0.00556,0.00000
vol3|E472,200100,1.15,0.02475,0.00000
vol3|E472,200100,2.2,0.02478,0.00000
vol3|E472,200100,3.22,0.02795,0.00000
vol3|E472,200100,4.26,0.03980,0.00000
vol3|E472,200100,5.27,0.05077,0.00000
vol3|E472,200100,6.27,0.05077,0.00000
vol3|E472,200100,7.31,0.04462,0.00000
vol3|E472,200100,8.35,0.04250,0.00000
vol3|E472,200100,9.35,0.05460,0.00000
vol3|E472,200100,10.4,0.05247,0.00000
vol3|E472,200100,11.42,0.11005,0.00000
vol3|E472,300900,-2.89,-0.10110,0.00000
vol3|E472,300900,-1.88,-0.09074,0.00000
vol3|E472,300900,-0.85,0.01808,0.00000
vol3|E472,300900,0.21,0.03153,0.00000
vol3|E472,300900,1.15,0.04696,0.00000
vol3|E472,300900,2.19,0.05508,0.00000
vol3|E472,300900,3.24,0.05819,0.00000
vol3|E472,300900,4.33,0.07216,0.00000
vol3|E472,300900,5.26,0.08224,0.00000
vol3|E472,300900,6.29,0.07649,0.00000
vol3|E472,300900,7.34,0.07437,0.00000
vol3|E472,300900,8.37,0.07437,0.00000
vol3|E472,300900,9.47,0.08435,0.00000
vol3|E472,300900,10.58,0.08435,0.00000
vol3|E472,300900,11.44,0.14173,0.00000
vol3|E472,401000,-2.9,-0.05668,0.00000
vol3|E472,401000,-2.02,0.00434,0.00000
vol3|E472,401000,-0.81,0.06148,0.00000
vol3|E472,401000,0.18,0.08329,0.00000
vol3|E472,401000,1.15,0.08939,0.00000
vol3|E472,401000,2.19,0.09751,0.00000
vol3|E472,401000,3.25,0.09730,0.00000
vol3|E472,401000,4.25,0.10985,0.00000
vol3|E472,401000,5.28,0.11892,0.00000
vol3|E472,401000,6.38,0.11681,0.00000
vol3|E472,401000,7.35,0.11681,0.00000
vol3|E472,401000,8.45,0.11468,0.00000
vol3|E472,401000,9.84,0.12678,0.00000
vol3|E472,401000,10.45,0.12678,0.00000
vol3|E472,401000,11.64,0.20096,0.00000
vol3|E472,501400,-3.14,-0.01101,0.00000
vol3|E472,501400,-1.79,0.09176,0.00000
vol3|E472,501400,-0.48,0.11551,0.00000
vol3|E472,501400,0.45,0.14014,0.00000
vol3|E472,501400,1.28,0.13368,0.00000
vol3|E472,501400,2.28,0.14128,0.00000
vol3|E472,501400,3.27,0.14297,0.00000
vol3|E472,501400,4.2,0.15221,0.00000
vol3|E472,501400,5.31,0.16019,0.00000
vol3|E472,501400,6.24,0.16019,0.00000
vol3|E472,501400,7.4,0.15806,0.00000
vol3|E472,501400,8.4,0.15806,0.00000
vol3|E472,501400,9.73,0.17016,0.00000
vol3|E472,501400,10.74,0.20699,0.00000
vol3|LRN1007 (B),59500,-3.56,-0.43509,0.00000
vol3|LRN1007 (B),59500,-2.5,-0.41812,0.00000
vol3|LRN1007 (B),59500,-1.45,-0.40536,0.00000
vol3|LRN1007 (B),59500,-0.4,-0.35566,0.00000
vol3|LRN1007 (B),59500,0.6,-0.31112,0.00000
vol3|LRN1007 (B),59500,1.63,-0.28295,0.00000
vol3|LRN1007 (B),59500,2.64,-0.30317,0.00000
vol3|LRN1007 (B),59500,3.67,-0.29881,0.00000
vol3|LRN1007 (B),59500,4.67,-0.30977,0.00000
vol3|LRN1007 (B),59500,5.7,-0.30232,0.00000
vol3|LRN1007 (B),59500,6.7,-0.30232,0.00000
vol3|LRN1007 (B),59500,7.76,-0.24644,0.00000
vol3|LRN1007 (B),59500,8.89,-0.39215,0.00000
vol3|LRN1007 (B),59500,9.87,-0.58236,0.00000
vol3|LRN1007 (B),59500,10.84,-0.60944,0.00000
vol3|LRN1007 (B),59500,11.86,-0.61501,0.00000
vol3|LRN1007 (B),98800,3.67,-0.10454,0.00000
vol3|LRN1007 (B),98800,4.73,-0.10042,0.00000
vol3|LRN1007 (B),98800,5.76,-0.09312,0.00000
vol3|LRN1007 (B),98800,6.79,-0.09290,0.00000
vol3|LRN1007 (B),98800,7.86,-0.20878,0.00000
vol3|LRN1007 (B),98800,8.87,-0.38753,0.00000
vol3|LRN1007 (B),98800,9.86,-0.57868,0.00000
vol3|LRN1007 (B),98800,10.85,-0.57405,0.00000
vol3|LRN1007 (B),98800,11.88,-0.57963,0.00000
vol3|LRN1007 (B),100200,-3.52,-0.46006,0.00000
vol3|LRN1007 (B),100200,-2.47,-0.40878,0.00000
vol3|LRN1007 (B),100200,-1.38,-0.33231,0.00000
vol3|LRN1007 (B),100200,-0.4,-0.24479,0.00000
vol3|LRN1007 (B),100200,0.63,-0.11898,0.00000
vol3|LRN1007 (B),100200,1.65,-0.09688,0.00000
vol3|LRN1007 (B),100200,2.67,-0.08541,0.00000
vol3|LRN1007 (B),100200,3.71,-0.08952,0.00000
vol3|LRN1007 (B),100200,4.72,-0.08541,0.00000
vol3|LRN1007 (B),100200,5.73,-0.07811,0.00000
vol3|LRN1007 (B),199100,-4.54,-0.23997,0.00000
vol3|LRN1007 (B),199100,-3.33,-0.18176,0.00000
vol3|LRN1007 (B),199100,-2.32,-0.06882,0.00000
vol3|LRN1007 (B),199100,-1.34,-0.04615,0.00000
vol3|LRN1007 (B),199100,-0.32,-0.01093,0.00000
vol3|LRN1007 (B),199100,0.71,-0.05472,0.00000
vol3|LRN1007 (B),199100,1.79,-0.04097,0.00000
vol3|LRN1007 (B),199100,2.81,-0.02272,0.00000
vol3|LRN1007 (B),199100,3.93,-0.02272,0.00000
vol3|LRN1007 (B),199100,4.86,-0.02272,0.00000
vol3|LRN1007 (B),199100,5.78,-0.01902,0.00000
vol3|LRN1007 (B),199100,6.79,-0.07499,0.00000
vol3|LRN1007 (B),199100,7.83,-0.20336,0.00000
vol3|LRN1007 (B),199100,8.84,-0.28766,0.00000
vol3|LRN1007 (B),199100,9.87,-0.45457,0.00000
vol3|LRN1007 (B),199100,10.86,-0.49382,0.00000
vol3|LRN1007 (B),298700,-5.5,-0.18269,0.00000
vol3|LRN1007 (B),298700,-4.47,-0.19311,0.00000
vol3|LRN1007 (B),298700,-3.42,-0.11726,0.00000
vol3|LRN1007 (B),298700,-2.27,0.01632,0.00000
vol3|LRN1007 (B),298700,-1.36,0.03203,0.00000
vol3|LRN1007 (B),298700,-0.25,0.01655,0.00000
vol3|LRN1007 (B),298700,0.71,0.01308,0.00000
vol3|LRN1007 (B),298700,1.73,0.01308,0.00000
vol3|LRN1007 (B),298700,2.87,0.02901,0.00000
vol3|LRN1007 (B),298700,3.78,0.02901,0.00000
vol3|LRN1007 (B),298700,4.78,0.02901,0.00000
vol3|LRN1007 (B),298700,5.82,0.02537,0.00000
vol3|LRN1007 (B),298700,6.84,-0.14363,0.00000
vol3|LRN1007 (B),298700,7.86,-0.15738,0.00000
vol3|LRN1007 (B),298700,8.94,-0.24080,0.00000
vol3|PT-40 (A),100600,-5.91,-0.39908,0.00000
vol3|PT-40 (A),100600,-3.7,-0.26844,0.00000
vol3|PT-40 (A),100600,-3.07,-0.23799,0.00000
vol3|PT-40 (A),100600,-1.68,-0.06309,0.00000
vol3|PT-40 (A),100600,-1.04,-0.01065,0.00000
vol3|PT-40 (A),100600,0.34,0.02437,0.00000
vol3|PT-40 (A),100600,1.33,0.04798,0.00000
vol3|PT-40 (A),100600,2.27,0.04798,0.00000
vol3|PT-40 (A),100600,3.28,0.05235,0.00000
vol3|PT-40 (A),100600,4.3,0.05235,0.00000
vol3|PT-40 (A),100600,5.31,0.05235,0.00000
vol3|PT-40 (A),100600,6.3,0.04857,0.00000
vol3|PT-40 (A),100600,7.27,0.04524,0.00000
vol3|PT-40 (A),100600,8.57,0.03501,0.00000
vol3|PT-40 (A),100600,9.16,0.03072,0.00000
vol3|PT-40 (A),100600,10.39,0.00688,0.00000
vol3|PT-40 (A),200200,-4.28,-0.21916,0.00000
vol3|PT-40 (A),200200,-3.53,-0.16034,0.00000
vol3|PT-40 (A),200200,-2.5,0.01418,0.00000
vol3|PT-40 (A),200200,-1.5,0.02894,0.00000
vol3|PT-40 (A),200200,0.32,0.04403,0.00000
vol3|PT-40 (A),200200,0.63,0.04403,0.00000
vol3|PT-40 (A),200200,1.64,0.06538,0.00000
vol3|PT-40 (A),200200,2.71,0.06919,0.00000
vol3|PT-40 (A),200200,3.7,0.07201,0.00000
vol3|PT-40 (A),200200,4.72,0.07201,0.00000
vol3|PT-40 (A),200200,5.73,0.06821,0.00000
vol3|PT-40 (A),200200,7.24,0.06563,0.00000
vol3|PT-40 (A),200200,7.79,0.06110,0.00000
vol3|PT-40 (A),200200,8.88,0.05232,0.00000
vol3|PT-40 (A),200200,9.87,0.05232,0.00000
vol3|PT-40 (A),200200,10.88,0.11607,0.00000
vol3|PT-40 (A),299800,-3.28,-0.00027,0.00000
vol3|PT-40 (A),299800,-2.38,0.06926,0.00000
vol3|PT-40 (A),299800,-1.35,0.09208,0.00000
vol3|PT-40 (A),299800,-0.32,0.09321,0.00000
vol3|PT-40 (A),299800,0.71,0.09470,0.00000
vol3|PT-40 (A),299800,1.73,0.11605,0.00000
vol3|PT-40 (A),299800,3.25,0.12042,0.00000
vol3|PT-40 (A),299800,3.78,0.12042,0.00000
vol3|PT-40 (A),299800,4.81,0.12042,0.00000
vol3|PT-40 (A),299800,5.85,0.11661,0.00000
vol3|PT-40 (A),299800,6.78,0.11195,0.00000
vol3|PT-40 (A),299800,7.75,0.10951,0.00000
vol3|PT-40 (A),299800,8.9,0.10403,0.00000
vol3|PT-40 (A),299800,10.35,0.09886,0.00000
vol3|PT-40 (A),299800,10.86,0.16886,0.00000
vol3|PT-40 (A),299800,11.89,0.12251,0.00000
vol3|PT-40 (A),399500,-3.37,0.02863,0.00000
vol3|PT-40 (A),399500,-2.42,0.07120,0.00000
vol3|PT-40 (A),399500,-1.35,0.09403,0.00000
vol3|PT-40 (A),399500,-0.31,0.09515,0.00000
vol3|PT-40 (A),399500,0.57,0.09665,0.00000
vol3|PT-40 (A),399500,1.73,0.11752,0.00000
vol3|PT-40 (A),399500,2.76,0.11907,0.00000
vol3|PT-40 (A),399500,3.49,0.12683,0.00000
vol3|PT-40 (A),399500,4.81,0.11855,0.00000
vol3|PT-40 (A),399500,5.58,0.11855,0.00000
vol3|PT-40 (A),399500,6.64,0.11145,0.00000
vol3|PT-40 (A),399500,7.9,0.11145,0.00000
vol3|PT-40 (A),399500,8.91,0.10598,0.00000
vol3|PT-40 (A),399500,9.93,0.10610,0.00000
vol3|PT-40 (A),399500,10.95,0.17080,0.00000
vol3|PT-40 (A),399500,11.93,0.12883,0.00000
vol3|PT-40 (B),99700,-2.84,-0.12703,0.00000
vol3|PT-40 (B),99700,-1.71,-0.08908,0.00000
vol3|PT-40 (B),99700,-0.85,-0.00414,0.00000
vol3|PT-40 (B),99700,0.35,0.01217,0.00000
vol3|PT-40 (B),99700,1.34,0.02872,0.00000
vol3|PT-40 (B),99700,2.35,0.04190,0.00000
vol3|PT-40 (B),99700,3.36,0.04796,0.00000
vol3|PT-40 (B),99700,4.43,0.04796,0.00000
vol3|PT-40 (B),99700,5.45,0.04462,0.00000
vol3|PT-40 (B),99700,6.48,0.04393,0.00000
vol3|PT-40 (B),99700,7.48,0.04393,0.00000
vol3|PT-40 (B),99700,8.51,0.03605,0.00000
vol3|PT-40 (B),99700,9.5,0.03046,0.00000
vol3|PT-40 (B),99700,10.46,-0.00333,0.00000
vol3|PT-40 (B),99700,11.51,0.04394,0.00000
vol3|PT-40 (B),200100,-2.67,0.00202,0.00000
vol3|PT-40 (B),200100,-1.46,0.02563,0.00000
vol3|PT-40 (B),200100,-0.85,0.03370,0.00000
vol3|PT-40 (B),200100,0.47,0.03660,0.00000
vol3|PT-40 (B),200100,1.49,0.05025,0.00000
vol3|PT-40 (B),200100,2.48,0.05878,0.00000
vol3|PT-40 (B),200100,3.5,0.06707,0.00000
vol3|PT-40 (B),200100,4.54,0.06707,0.00000
vol3|PT-40 (B),200100,5.54,0.06303,0.00000
vol3|PT-40 (B),200100,6.53,0.06303,0.00000
vol3|PT-40 (B),200100,7.52,0.05536,0.00000
vol3|PT-40 (B),200100,8.45,0.04510,0.00000
vol3|PT-40 (B),200100,9.53,0.05867,0.00000
vol3|PT-40 (B),200100,10.48,0.05199,0.00000
vol3|PT-40 (B),200100,11.54,0.10413,0.00000
vol3|PT-40 (B),299800,-2.81,0.04016,0.00000
vol3|PT-40 (B),299800,-1.76,0.06763,0.00000
vol3|PT-40 (B),299800,-0.69,0.07570,0.00000
vol3|PT-40 (B),299800,0.32,0.07860,0.00000
vol3|PT-40 (B),299800,1.36,0.09226,0.00000
vol3|PT-40 (B),299800,2.35,0.09940,0.00000
vol3|PT-40 (B),299800,3.48,0.10907,0.00000
vol3|PT-40 (B),299800,4.59,0.10472,0.00000
vol3|PT-40 (B),299800,5.65,0.10504,0.00000
vol3|PT-40 (B),299800,6.64,0.09971,0.00000
vol3|PT-40 (B),299800,7.65,0.09496,0.00000
vol3|PT-40 (B),299800,8.65,0.08703,0.00000
vol3|PT-40 (B),299800,9.59,0.09650,0.00000
vol3|PT-40 (B),299800,10.59,0.09197,0.00000
vol3|PT-40 (B),299800,11.49,0.14511,0.00000
vol3|PT-40 (B),399100,-2.9,0.05500,0.00000
vol3|PT-40 (B),399100,-1.62,0.07741,0.00000
vol3|PT-40 (B),399100,-0.72,0.08548,0.00000
vol3|PT-40 (B),399100,0.29,0.08838,0.00000
vol3|PT-40 (B),399100,1.34,0.10203,0.00000
vol3|PT-40 (B),399100,2.28,0.10918,0.00000
vol3|PT-40 (B),399100,3.34,0.11885,0.00000
vol3|PT-40 (B),399100,4.43,0.11449,0.00000
vol3|PT-40 (B),399100,5.47,0.11481,0.00000
vol3|PT-40 (B),399100,6.6,0.10474,0.00000
vol3|PT-40 (B),399100,7.36,0.09729,0.00000
vol3|PT-40 (B),399100,8.75,0.09681,0.00000
vol3|PT-40 (B),399100,9.46,0.10628,0.00000
vol3|PT-40 (B),399100,10.48,0.10175,0.00000
vol3|PT-40 (B),399100,11.55,0.15704,0.00000
vol3|RG14,60400,-5.2,-0.32662,0.00000
vol3|RG14,60400,-4.18,-0.21919,0.00000
vol3|RG14,60400,-3.23,-0.17069,0.00000
vol3|RG14,60400,-2.17,-0.15181,0.00000
vol3|RG14,60400,-1.13,-0.14858,0.00000
vol3|RG14,60400,-0.14,-0.13777,0.00000
vol3|RG14,60400,0.93,-0.12365,0.00000
vol3|RG14,60400,1.93,-0.10644,0.00000
vol3|RG14,60400,3.01,-0.02934,0.00000
vol3|RG14,60400,4.65,-0.01070,0.00000
vol3|RG14,60400,5.09,-0.01108,0.00000
vol3|RG14,60400,6.12,-0.01108,0.00000
vol3|RG14,60400,7.13,-0.06579,0.00000
vol3|RG14,60400,8.13,-0.10522,0.00000
vol3|RG14,60400,9.12,-0.27221,0.00000
vol3|RG14,60400,10.13,-0.25797,0.00000
vol3|RG14,100600,-5.2,-0.26035,0.00000
vol3|RG14,100600,-4.14,-0.16961,0.00000
vol3|RG14,100600,-3.17,-0.13046,0.00000
vol3|RG14,100600,-2.12,-0.11109,0.00000
vol3|RG14,100600,-1.13,-0.10232,0.00000
vol3|RG14,100600,-0.09,-0.07978,0.00000
vol3|RG14,100600,0.92,-0.06294,0.00000
vol3|RG14,100600,1.97,-0.00492,0.00000
vol3|RG14,100600,2.99,0.02288,0.00000
vol3|RG14,100600,4.01,0.04115,0.00000
vol3|RG14,100600,5.07,0.04115,0.00000
vol3|RG14,100600,6.11,0.03577,0.00000
vol3|RG14,100600,7.1,0.01260,0.00000
vol3|RG14,100600,8.12,0.00476,0.00000
vol3|RG14,100600,9.13,-0.11544,0.00000
vol3|RG14,100600,10.12,-0.17501,0.00000
vol3|RG14,199900,-5.25,-0.21544,0.00000
vol3|RG14,199900,-4.16,-0.15654,0.00000
vol3|RG14,199900,-3.14,-0.11462,0.00000
vol3|RG14,199900,-2.21,-0.09716,0.00000
vol3|RG14,199900,-1.08,-0.07137,0.00000
vol3|RG14,199900,-0.07,-0.02863,0.00000
vol3|RG14,199900,0.96,0.01130,0.00000
vol3|RG14,199900,1.97,0.03236,0.00000
vol3|RG14,199900,3.0,0.04287,0.00000
vol3|RG14,199900,4.03,0.05961,0.00000
vol3|RG14,199900,5.06,0.05867,0.00000
vol3|RG14,199900,6.06,0.05060,0.00000
vol3|RG14,199900,7.14,0.03578,0.00000
vol3|RG14,199900,8.13,0.03970,0.00000
vol3|RG14,199900,9.13,0.03185,0.00000
vol3|RG14,199900,10.14,-0.08482,0.00000
vol3|RG14,300300,-5.28,-0.14186,0.00000
vol3|RG14,300300,-4.12,-0.10747,0.00000
vol3|RG14,300300,-3.13,-0.07759,0.00000
vol3|RG14,300300,-2.05,-0.06401,0.00000
vol3|RG14,300300,-1.04,-0.02678,0.00000
vol3|RG14,300300,0.02,0.04221,0.00000
vol3|RG14,300300,1.07,0.06341,0.00000
vol3|RG14,300300,2.2,0.06932,0.00000
vol3|RG14,300300,3.12,0.07617,0.00000
vol3|RG14,300300,3.96,0.09291,0.00000
vol3|RG14,300300,5.11,0.08866,0.00000
vol3|RG14,300300,6.12,0.07305,0.00000
vol3|RG14,300300,7.15,0.07497,0.00000
vol3|RG14,300300,8.11,0.07109,0.00000
vol3|RG14,300300,9.17,0.07109,0.00000
vol3|RG14,300300,10.12,0.00680,0.00000
vol3|RG15 (C),60056,-6.93,-0.36211,0.00000
vol3|RG15 (C),60056,-6.06,-0.39523,0.00000
vol3|RG15 (C),60056,-5.1,-0.23880,0.00000
vol3|RG15 (C),60056,-4.06,-0.22251,0.00000
vol3|RG15 (C),60056,-2.9,-0.17590,0.00000
vol3|RG15 (C),60056,-2.02,-0.16736,0.00000
vol3|RG15 (C),60056,-0.97,-0.16736,0.00000
vol3|RG15 (C),60056,0.2,-0.16952,0.00000
vol3|RG15 (C),60056,1.07,-0.14873,0.00000
vol3|RG15 (C),60056,2.32,-0.10232,0.00000
vol3|RG15 (C),60056,3.29,-0.05305,0.00000
vol3|RG15 (C),60056,4.17,-0.04261,0.00000
vol3|RG15 (C),60056,5.32,-0.04261,0.00000
vol3|RG15 (C),60056,6.18,-0.04261,0.00000
vol3|RG15 (C),60056,7.21,-0.08456,0.00000
vol3|RG15 (C),60056,8.16,-0.15351,0.00000
vol3|RG15 (C),60056,9.36,-0.20517,0.00000
vol3|RG15 (C),99818,-7.12,-0.28661,0.00000
vol3|RG15 (C),99818,-5.99,-0.29419,0.00000
vol3|RG15 (C),99818,-4.86,-0.20345,0.00000
vol3|RG15 (C),99818,-3.99,-0.17875,0.00000
vol3|RG15 (C),99818,-2.99,-0.15684,0.00000
vol3|RG15 (C),99818,-1.87,-0.14830,0.00000
vol3|RG15 (C),99818,-0.95,-0.14830,0.00000
vol3|RG15 (C),99818,0.09,-0.10791,0.00000
vol3|RG15 (C),99818,1.17,-0.06882,0.00000
vol3|RG15 (C),99818,2.17,-0.00695,0.00000
vol3|RG15 (C),99818,3.01,0.00019,0.00000
vol3|RG15 (C),99818,4.18,0.00626,0.00000
vol3|RG15 (C),99818,5.17,0.00626,0.00000
vol3|RG15 (C),99818,6.17,0.00190,0.00000
vol3|RG15 (C),99818,7.44,-0.04488,0.00000
vol3|RG15 (C),99818,8.44,-0.06447,0.00000
vol3|RG15 (C),99818,9.22,-0.07440,0.00000
vol3|RG15 (C),199819,-6.96,-0.23524,0.00000
vol3|RG15 (C),199819,-5.94,-0.21143,0.00000
vol3|RG15 (C),199819,-4.83,-0.16280,0.00000
vol3|RG15 (C),199819,-3.92,-0.15443,0.00000
vol3|RG15 (C),199819,-2.92,-0.11515,0.00000
vol3|RG15 (C),199819,-1.78,-0.10902,0.00000
vol3|RG15 (C),199819,-0.89,-0.08753,0.00000
vol3|RG15 (C),199819,0.2,-0.02633,0.00000
vol3|RG15 (C),199819,1.24,-0.00150,0.00000
vol3|RG15 (C),199819,2.28,0.01215,0.00000
vol3|RG15 (C),199819,3.2,0.01929,0.00000
vol3|RG15 (C),199819,4.28,0.02536,0.00000
vol3|RG15 (C),199819,5.42,0.02536,0.00000
vol3|RG15 (C),199819,6.28,0.02132,0.00000
vol3|RG15 (C),199819,7.28,-0.01472,0.00000
vol3|RG15 (C),199819,8.3,-0.02196,0.00000
vol3|RG15 (C),199819,9.25,0.00431,0.00000
vol3|RG15 (C),299791,-7.14,-0.17457,0.00000
vol3|RG15 (C),299791,-6.14,-0.16105,0.00000
vol3|RG15 (C),299791,-5.09,-0.10859,0.00000
vol3|RG15 (C),299791,-3.83,-0.10534,0.00000
vol3|RG15 (C),299791,-2.96,-0.07114,0.00000
vol3|RG15 (C),299791,-1.88,-0.04647,0.00000
vol3|RG15 (C),299791,-0.96,-0.00765,0.00000
vol3|RG15 (C),299791,0.51,0.03760,0.00000
vol3|RG15 (C),299791,1.4,0.04050,0.00000
vol3|RG15 (C),299791,1.75,0.04050,0.00000
vol3|RG15 (C),299791,3.37,0.06268,0.00000
vol3|RG15 (C),299791,4.4,0.06736,0.00000
vol3|RG15 (C),299791,5.32,0.06301,0.00000
vol3|RG15 (C),299791,6.35,0.03674,0.00000
vol3|RG15 (C),299791,7.44,0.00976,0.00000
vol3|RG15 (C),299791,8.43,-0.03860,0.00000
vol3|RG15 (C),299791,9.14,-0.03860,0.00000
vol3|S6063,60000,-4.89,-0.29009,0.00000
vol3|S6063,60000,-3.88,-0.23494,0.00000
vol3|S6063,60000,-2.87,-0.19089,0.00000
vol3|S6063,60000,-1.83,-0.19503,0.00000
vol3|S6063,60000,-0.81,-0.19576,0.00000
vol3|S6063,60000,0.21,-0.18830,0.00000
vol3|S6063,60000,1.24,-0.17664,0.00000
vol3|S6063,60000,2.26,-0.14308,0.00000
vol3|S6063,60000,3.3,-0.09904,0.00000
vol3|S6063,60000,4.34,-0.10773,0.00000
vol3|S6063,60000,5.33,-0.17083,0.00000
vol3|S6063,60000,6.37,-0.22505,0.00000
vol3|S6063,60000,7.36,-0.30381,0.00000
vol3|S6063,60000,8.38,-0.40308,0.00000
vol3|S6063,60000,9.4,-0.46234,0.00000
vol3|S6063,100000,-4.88,-0.29209,0.00000
vol3|S6063,100000,-3.86,-0.21585,0.00000
vol3|S6063,100000,-2.84,-0.16869,0.00000
vol3|S6063,100000,-1.83,-0.16920,0.00000
vol3|S6063,100000,-0.81,-0.15965,0.00000
vol3|S6063,100000,0.22,-0.13900,0.00000
vol3|S6063,100000,1.24,-0.10893,0.00000
vol3|S6063,100000,2.28,-0.05843,0.00000
vol3|S6063,100000,3.32,-0.03542,0.00000
vol3|S6063,100000,4.33,-0.05527,0.00000
vol3|S6063,100000,5.35,-0.11677,0.00000
vol3|S6063,100000,6.37,-0.13834,0.00000
vol3|S6063,100000,7.4,-0.15094,0.00000
vol3|S6063,100000,8.41,-0.28894,0.00000
vol3|S6063,100000,9.43,-0.45247,0.00000
vol3|S6063,200100,-4.91,-0.26099,0.00000
vol3|S6063,200100,-3.9,-0.16310,0.00000
vol3|S6063,200100,-2.87,-0.15841,0.00000
vol3|S6063,200100,-1.83,-0.12964,0.00000
vol3|S6063,200100,-0.82,-0.08909,0.00000
vol3|S6063,200100,0.22,-0.03744,0.00000
vol3|S6063,200100,1.24,-0.00594,0.00000
vol3|S6063,200100,2.25,-0.00292,0.00000
vol3|S6063,200100,3.3,0.00532,0.00000
vol3|S6063,200100,4.34,-0.00745,0.00000
vol3|S6063,200100,5.37,-0.07799,0.00000
vol3|S6063,200100,6.37,-0.07799,0.00000
vol3|S6063,200100,7.37,-0.08908,0.00000
vol3|S6063,200100,8.4,-0.15917,0.00000
vol3|S6063,200100,9.44,-0.38994,0.00000
vol3|S6063,300600,-4.91,-0.19618,0.00000
vol3|S6063,300600,-3.86,-0.11448,0.00000
vol3|S6063,300600,-2.86,-0.10979,0.00000
vol3|S6063,300600,-1.84,-0.08039,0.00000
vol3|S6063,300600,-0.81,0.00041,0.00000
vol3|S6063,300600,0.23,0.04092,0.00000
vol3|S6063,300600,1.27,0.05003,0.00000
vol3|S6063,300600,2.26,0.05003,0.00000
vol3|S6063,300600,3.29,0.05827,0.00000
vol3|S6063,300600,4.32,0.02666,0.00000
vol3|S6063,300600,5.37,-0.02504,0.00000
vol3|S6063,300600,6.37,-0.03261,0.00000
vol3|S6063,300600,7.4,-0.03623,0.00000
vol3|S6063,300600,8.43,-0.07417,0.00000
vol3|S6063,300600,9.44,-0.16705,0.00000
vol3|S7012 (B),59938,-5.68,-0.36385,0.00000
vol3|S7012 (B),59938,-4.57,-0.20720,0.00000
vol3|S7012 (B),59938,-3.59,-0.18448,0.00000
vol3|S7012 (B),59938,-2.54,-0.14687,0.00000
vol3|S7012 (B),59938,-1.56,-0.14687,0.00000
vol3|S7012 (B),59938,-0.53,-0.14178,0.00000
vol3|S7012 (B),59938,0.51,-0.10500,0.00000
vol3|S7012 (B),59938,1.56,-0.03998,0.00000
vol3|S7012 (B),59938,2.62,-0.02127,0.00000
vol3|S7012 (B),59938,3.6,-0.01399,0.00000
vol3|S7012 (B),59938,4.69,-0.01083,0.00000
vol3|S7012 (B),59938,5.63,-0.01083,0.00000
vol3|S7012 (B),59938,6.64,-0.01083,0.00000
vol3|S7012 (B),59938,7.68,-0.07991,0.00000
vol3|S7012 (B),59938,8.63,-0.16265,0.00000
vol3|S7012 (B),59938,9.66,-0.19508,0.00000
vol3|S7012 (B),100182,-5.68,-0.25157,0.00000
vol3|S7012 (B),100182,-4.64,-0.18478,0.00000
vol3|S7012 (B),100182,-3.59,-0.13818,0.00000
vol3|S7012 (B),100182,-2.53,-0.12963,0.00000
vol3|S7012 (B),100182,-1.53,-0.12963,0.00000
vol3|S7012 (B),100182,-0.41,-0.07004,0.00000
vol3|S7012 (B),100182,0.55,0.00139,0.00000
vol3|S7012 (B),100182,1.65,0.00936,0.00000
vol3|S7012 (B),100182,2.61,0.02301,0.00000
vol3|S7012 (B),100182,3.65,0.03307,0.00000
vol3|S7012 (B),100182,4.7,0.03622,0.00000
vol3|S7012 (B),100182,5.61,0.03622,0.00000
vol3|S7012 (B),100182,6.74,0.03219,0.00000
vol3|S7012 (B),100182,7.69,-0.02018,0.00000
vol3|S7012 (B),100182,8.78,-0.03893,0.00000
vol3|S7012 (B),100182,9.77,-0.12008,0.00000
vol3|S7012 (B),100500,-2.79,-0.13818,0.00000
vol3|S7012 (B),100500,-1.28,-0.12746,0.00000
vol3|S7012 (B),100500,0.28,-0.01756,0.00000
vol3|S7012 (B),100500,1.82,0.00936,0.00000
vol3|S7012 (B),100500,3.34,0.03154,0.00000
vol3|S7012 (B),100500,4.87,0.03622,0.00000
vol3|S7012 (B),100500,6.42,0.03300,0.00000
vol3|S7012 (B),100500,7.97,-0.02536,0.00000
vol3|S7012 (B),100500,9.49,-0.05397,0.00000
vol3|S7012 (B),198500,11.05,-0.09385,0.00000
vol3|S7012 (B),199600,-2.81,-0.10170,0.00000
vol3|S7012 (B),199600,-1.27,-0.03515,0.00000
vol3|S7012 (B),199600,0.31,0.02738,0.00000
vol3|S7012 (B),199600,1.84,0.03028,0.00000
vol3|S7012 (B),199600,3.35,0.05108,0.00000
vol3|S7012 (B),199600,4.92,0.05714,0.00000
vol3|S7012 (B),199600,6.43,0.05311,0.00000
vol3|S7012 (B),199600,7.99,-0.05056,0.00000
vol3|S7012 (B),199600,9.5,-0.03389,0.00000
vol3|S7012 (B),200048,-5.52,-0.16798,0.00000
vol3|S7012 (B),200048,-4.56,-0.13395,0.00000
vol3|S7012 (B),200048,-3.4,-0.11813,0.00000
vol3|S7012 (B),200048,-2.55,-0.08854,0.00000
vol3|S7012 (B),200048,-1.52,-0.05980,0.00000
vol3|S7012 (B),200048,-0.47,0.01424,0.00000
vol3|S7012 (B),200048,0.56,0.02738,0.00000
vol3|S7012 (B),200048,1.62,0.03028,0.00000
vol3|S7012 (B),200048,2.59,0.04393,0.00000
vol3|S7012 (B),200048,3.61,0.05399,0.00000
vol3|S7012 (B),200048,4.62,0.05714,0.00000
vol3|S7012 (B),200048,5.62,0.05714,0.00000
vol3|S7012 (B),200048,6.78,0.02234,0.00000
vol3|S7012 (B),200048,7.73,-0.05056,0.00000
vol3|S7012 (B),200048,8.73,-0.05574,0.00000
vol3|S7012 (B),200048,9.7,-0.04908,0.00000
vol3|S7012 (B),299562,-5.48,-0.11418,0.00000
vol3|S7012 (B),299562,-4.47,-0.07786,0.00000
vol3|S7012 (B),299562,-3.62,-0.06712,0.00000
vol3|S7012 (B),299562,-2.37,-0.01321,0.00000
vol3|S7012 (B),299562,-1.39,0.05411,0.00000
vol3|S7012 (B),299562,-0.41,0.07509,0.00000
vol3|S7012 (B),299562,0.74,0.07964,0.00000
vol3|S7012 (B),299562,1.78,0.08254,0.00000
vol3|S7012 (B),299562,2.53,0.09619,0.00000
vol3|S7012 (B),299562,3.89,0.10940,0.00000
vol3|S7012 (B),299562,4.59,0.10940,0.00000
vol3|S7012 (B),299562,5.73,0.10505,0.00000
vol3|S7012 (B),299562,6.68,0.06933,0.00000
vol3|S7012 (B),299562,7.7,0.00170,0.00000
vol3|S7012 (B),299562,8.7,0.00170,0.00000
vol3|S7012 (B),299562,9.77,0.00962,0.00000
vol3|S7012 (B),300100,-2.92,-0.05458,0.00000
vol3|S7012 (B),300100,-1.28,0.04659,0.00000
vol3|S7012 (B),300100,0.37,0.06546,0.00000
vol3|S7012 (B),300100,1.82,0.06836,0.00000
vol3|S7012 (B),300100,3.37,0.08916,0.00000
vol3|S7012 (B),300100,4.9,0.09522,0.00000
vol3|S7012 (B),300100,6.44,0.06460,0.00000
vol3|S7012 (B),300100,7.95,-0.01248,0.00000
vol3|S7012 (B),300100,9.51,0.00712,0.00000
vol3|S7012 (B),300100,11.01,-0.05470,0.00000
vol3|S7075 (A),59800,-4.0,-0.27295,0.00000
vol3|S7075 (A),59800,-2.99,-0.21637,0.00000
vol3|S7075 (A),59800,-1.97,-0.16467,0.00000
vol3|S7075 (A),59800,-0.95,-0.11719,0.00000
vol3|S7075 (A),59800,0.08,-0.09915,0.00000
vol3|S7075 (A),59800,1.12,-0.07924,0.00000
vol3|S7075 (A),59800,2.14,-0.04001,0.00000
vol3|S7075 (A),59800,3.17,-0.01112,0.00000
vol3|S7075 (A),59800,4.23,-0.00957,0.00000
vol3|S7075 (A),59800,5.26,-0.00957,0.00000
vol3|S7075 (A),59800,6.27,-0.00957,0.00000
vol3|S7075 (A),59800,7.29,-0.01620,0.00000
vol3|S7075 (A),59800,8.31,-0.07009,0.00000
vol3|S7075 (A),59800,9.31,-0.10369,0.00000
vol3|S7075 (A),59800,10.34,-0.24276,0.00000
vol3|S7075 (A),60300,-4.01,-0.27295,0.00000
vol3|S7075 (A),60300,-2.99,-0.21637,0.00000
vol3|S7075 (A),60300,-1.98,-0.16467,0.00000
vol3|S7075 (A),60300,-0.95,-0.11719,0.00000
vol3|S7075 (A),60300,0.07,-0.09915,0.00000
vol3|S7075 (A),60300,1.13,-0.07924,0.00000
vol3|S7075 (A),60300,2.13,-0.04001,0.00000
vol3|S7075 (A),60300,3.18,-0.01112,0.00000
vol3|S7075 (A),60300,4.21,-0.00957,0.00000
vol3|S7075 (A),60300,5.24,-0.00957,0.00000
vol3|S7075 (A),60300,6.26,-0.00957,0.00000
vol3|S7075 (A),60300,7.29,-0.01620,0.00000
vol3|S7075 (A),60300,8.3,-0.07009,0.00000
vol3|S7075 (A),60300,9.32,-0.10369,0.00000
vol3|S7075 (A),60300,10.33,-0.21182,0.00000
vol3|S7075 (A),60300,11.35,-0.22111,0.00000
vol3|S7075 (A),99600,-4.0,-0.25050,0.00000
vol3|S7075 (A),99600,-2.96,-0.17623,0.00000
vol3|S7075 (A),99600,-1.96,-0.12147,0.00000
vol3|S7075 (A),99600,-0.95,-0.05270,0.00000
vol3|S7075 (A),99600,0.09,-0.00674,0.00000
vol3|S7075 (A),99600,1.13,0.01196,0.00000
vol3|S7075 (A),99600,2.17,0.04022,0.00000
vol3|S7075 (A),99600,3.21,0.04459,0.00000
vol3|S7075 (A),99600,4.22,0.04459,0.00000
vol3|S7075 (A),99600,5.26,0.04459,0.00000
vol3|S7075 (A),99600,6.26,0.04459,0.00000
vol3|S7075 (A),99600,7.38,0.03085,0.00000
vol3|S7075 (A),99600,8.32,0.02047,0.00000
vol3|S7075 (A),99600,9.31,0.01389,0.00000
vol3|S7075 (A),99600,10.33,-0.01688,0.00000
vol3|S7075 (A),99700,-5.04,-0.44321,0.00000
vol3|S7075 (A),99700,-4.02,-0.25976,0.00000
vol3|S7075 (A),99700,-3.0,-0.17796,0.00000
vol3|S7075 (A),99700,-1.97,-0.12147,0.00000
vol3|S7075 (A),99700,-0.94,-0.05270,0.00000
vol3|S7075 (A),99700,0.1,-0.00674,0.00000
vol3|S7075 (A),99700,1.13,0.01196,0.00000
vol3|S7075 (A),99700,2.22,0.04022,0.00000
vol3|S7075 (A),99700,3.2,0.04459,0.00000
vol3|S7075 (A),99700,4.22,0.04459,0.00000
vol3|S7075 (A),99700,5.25,0.04459,0.00000
vol3|S7075 (A),99700,6.29,0.04459,0.00000
vol3|S7075 (A),99700,7.29,0.04079,0.00000
vol3|S7075 (A),99700,8.32,0.02047,0.00000
vol3|S7075 (A),99700,9.32,0.01389,0.00000
vol3|S7075 (A),99700,10.36,-0.01688,0.00000
vol3|S7075 (A),99700,11.35,-0.00146,0.00000
vol3|S7075 (A),199400,-5.08,-0.30487,0.00000
vol3|S7075 (A),199400,-3.87,-0.13711,0.00000
vol3|S7075 (A),199400,-2.92,-0.08468,0.00000
vol3|S7075 (A),199400,-1.98,-0.00370,0.00000
vol3|S7075 (A),199400,-0.81,0.02600,0.00000
vol3|S7075 (A),199400,0.23,0.03895,0.00000
vol3|S7075 (A),199400,1.13,0.07041,0.00000
vol3|S7075 (A),199400,2.12,0.07203,0.00000
vol3|S7075 (A),199400,3.27,0.07972,0.00000
vol3|S7075 (A),199400,4.27,0.07158,0.00000
vol3|S7075 (A),199400,5.32,0.07158,0.00000
vol3|S7075 (A),199400,6.29,0.07158,0.00000
vol3|S7075 (A),199400,7.33,0.05404,0.00000
vol3|S7075 (A),199400,8.31,0.04857,0.00000
vol3|S7075 (A),199400,9.33,0.04526,0.00000
vol3|S7075 (A),199400,10.34,0.03901,0.00000
vol3|S7075 (A),199400,11.35,0.09767,0.00000
vol3|S7075 (A),199700,-4.03,-0.14290,0.00000
vol3|S7075 (A),199700,-2.99,-0.08884,0.00000
vol3|S7075 (A),199700,-1.88,-0.00786,0.00000
vol3|S7075 (A),199700,-0.86,0.01496,0.00000
vol3|S7075 (A),199700,0.22,0.03479,0.00000
vol3|S7075 (A),199700,1.2,0.06625,0.00000
vol3|S7075 (A),199700,2.23,0.06787,0.00000
vol3|S7075 (A),199700,3.22,0.07556,0.00000
vol3|S7075 (A),199700,4.27,0.06742,0.00000
vol3|S7075 (A),199700,5.28,0.06742,0.00000
vol3|S7075 (A),199700,6.31,0.06742,0.00000
vol3|S7075 (A),199700,7.31,0.04988,0.00000
vol3|S7075 (A),199700,8.32,0.04440,0.00000
vol3|S7075 (A),199700,9.34,0.04110,0.00000
vol3|S7075 (A),199700,10.37,0.03485,0.00000
vol3|S7075 (A),299400,-3.97,-0.07560,0.00000
vol3|S7075 (A),299400,-2.96,0.02679,0.00000
vol3|S7075 (A),299400,-1.93,0.06638,0.00000
vol3|S7075 (A),299400,-0.91,0.08263,0.00000
vol3|S7075 (A),299400,0.15,0.09063,0.00000
vol3|S7075 (A),299400,1.18,0.11889,0.00000
vol3|S7075 (A),299400,2.24,0.12044,0.00000
vol3|S7075 (A),299400,3.27,0.12813,0.00000
vol3|S7075 (A),299400,4.2,0.12813,0.00000
vol3|S7075 (A),299400,5.26,0.11999,0.00000
vol3|S7075 (A),299400,6.32,0.11619,0.00000
vol3|S7075 (A),299400,7.28,0.10245,0.00000
vol3|S7075 (A),299400,8.32,0.09698,0.00000
vol3|S7075 (A),299400,9.34,0.09525,0.00000
vol3|S7075 (A),299400,10.35,0.10287,0.00000
vol3|S7075 (A),299500,-5.02,-0.09544,0.00000
vol3|S7075 (A),299500,-4.0,-0.07560,0.00000
vol3|S7075 (A),299500,-2.92,0.02679,0.00000
vol3|S7075 (A),299500,-1.95,0.06638,0.00000
vol3|S7075 (A),299500,-0.94,0.08263,0.00000
vol3|S7075 (A),299500,0.09,0.09063,0.00000
vol3|S7075 (A),299500,1.14,0.11889,0.00000
vol3|S7075 (A),299500,2.15,0.12044,0.00000
vol3|S7075 (A),299500,3.31,0.12813,0.00000
vol3|S7075 (A),299500,4.37,0.12813,0.00000
vol3|S7075 (A),299500,5.35,0.11999,0.00000
vol3|S7075 (A),299500,6.24,0.11619,0.00000
vol3|S7075 (A),299500,7.27,0.10245,0.00000
vol3|S7075 (A),299500,8.29,0.09698,0.00000
vol3|S7075 (A),299500,9.36,0.09367,0.00000
vol3|S7075 (A),299500,10.35,0.10287,0.00000
vol3|S7075 (A),299500,11.36,0.14335,0.00000
vol3|S7075 (B),60300,-5.22,-0.48165,0.00000
vol3|S7075 (B),60300,-4.1,-0.28868,0.00000
vol3|S7075 (B),60300,-3.11,-0.22084,0.00000
vol3|S7075 (B),60300,-2.12,-0.16381,0.00000
vol3|S7075 (B),60300,-1.05,-0.09719,0.00000
vol3|S7075 (B),60300,-0.04,-0.08810,0.00000
vol3|S7075 (B),60300,0.97,-0.10591,0.00000
vol3|S7075 (B),60300,2.0,-0.04281,0.00000
vol3|S7075 (B),60300,3.04,0.00077,0.00000
vol3|S7075 (B),60300,4.07,0.02485,0.00000
vol3|S7075 (B),60300,5.08,0.02485,0.00000
vol3|S7075 (B),60300,6.16,0.02485,0.00000
vol3|S7075 (B),60300,7.13,0.01500,0.00000
vol3|S7075 (B),60300,8.18,-0.02597,0.00000
vol3|S7075 (B),60300,9.18,-0.10141,0.00000
vol3|S7075 (B),60300,10.14,-0.18055,0.00000
vol3|S7075 (B),99800,-5.19,-0.45868,0.00000
vol3|S7075 (B),99800,-4.18,-0.25932,0.00000
vol3|S7075 (B),99800,-3.11,-0.17925,0.00000
vol3|S7075 (B),99800,-1.98,-0.08592,0.00000
vol3|S7075 (B),99800,-1.09,-0.05645,0.00000
vol3|S7075 (B),99800,-0.06,-0.02654,0.00000
vol3|S7075 (B),99800,0.97,0.00462,0.00000
vol3|S7075 (B),99800,2.0,0.02741,0.00000
vol3|S7075 (B),99800,3.05,0.06448,0.00000
vol3|S7075 (B),99800,4.04,0.06448,0.00000
vol3|S7075 (B),99800,5.12,0.06448,0.00000
vol3|S7075 (B),99800,6.1,0.06448,0.00000
vol3|S7075 (B),99800,7.11,0.04567,0.00000
vol3|S7075 (B),99800,8.13,0.03324,0.00000
vol3|S7075 (B),99800,9.15,0.01333,0.00000
vol3|S7075 (B),99800,10.17,-0.05485,0.00000
vol3|S7075 (B),199800,-5.23,-0.30045,0.00000
vol3|S7075 (B),199800,-4.15,-0.16710,0.00000
vol3|S7075 (B),199800,-3.13,-0.10237,0.00000
vol3|S7075 (B),199800,-2.1,-0.01837,0.00000
vol3|S7075 (B),199800,-1.07,-0.00624,0.00000
vol3|S7075 (B),199800,-0.03,0.02215,0.00000
vol3|S7075 (B),199800,1.01,0.04587,0.00000
vol3|S7075 (B),199800,2.01,0.08295,0.00000
vol3|S7075 (B),199800,3.06,0.08889,0.00000
vol3|S7075 (B),199800,4.08,0.08889,0.00000
vol3|S7075 (B),199800,5.1,0.08200,0.00000
vol3|S7075 (B),199800,6.12,0.07870,0.00000
vol3|S7075 (B),199800,7.15,0.06138,0.00000
vol3|S7075 (B),199800,8.24,0.04250,0.00000
vol3|S7075 (B),199800,9.2,0.03783,0.00000
vol3|S7075 (B),199800,10.19,0.03522,0.00000
vol3|S7075 (B),299800,-5.2,-0.14910,0.00000
vol3|S7075 (B),299800,-4.16,-0.08938,0.00000
vol3|S7075 (B),299800,-3.14,-0.03055,0.00000
vol3|S7075 (B),299800,-2.11,0.02801,0.00000
vol3|S7075 (B),299800,-1.09,0.05415,0.00000
vol3|S7075 (B),299800,-0.08,0.07018,0.00000
vol3|S7075 (B),299800,0.98,0.09798,0.00000
vol3|S7075 (B),299800,2.0,0.11624,0.00000
vol3|S7075 (B),299800,3.08,0.12218,0.00000
vol3|S7075 (B),299800,4.06,0.12218,0.00000
vol3|S7075 (B),299800,5.08,0.11530,0.00000
vol3|S7075 (B),299800,6.09,0.10549,0.00000
vol3|S7075 (B),299800,7.14,0.09465,0.00000
vol3|S7075 (B),299800,8.15,0.08432,0.00000
vol3|S7075 (B),299800,9.23,0.07728,0.00000
vol3|S7075 (B),299800,10.21,0.07978,0.00000
vol3|S8036,100800,-5.51,-0.08603,0.00000
vol3|S8036,100800,-3.99,-0.02491,0.00000
vol3|S8036,100800,-3.06,-0.02392,0.00000
vol3|S8036,100800,-1.24,0.00024,0.00000
vol3|S8036,100800,-1.03,0.02709,0.00000
vol3|S8036,100800,0.1,0.02612,0.00000
vol3|S8036,100800,1.02,0.03384,0.00000
vol3|S8036,100800,2.01,0.05187,0.00000
vol3|S8036,100800,3.2,0.07272,0.00000
vol3|S8036,100800,4.1,0.07272,0.00000
vol3|S8036,100800,5.12,0.07272,0.00000
vol3|S8036,100800,6.26,0.07057,0.00000
vol3|S8036,100800,7.16,0.07057,0.00000
vol3|S8036,100800,8.2,0.07057,0.00000
vol3|S8036,100800,9.24,0.08344,0.00000
vol3|S8036,100800,10.34,0.07670,0.00000
vol3|S8036,200700,-3.95,-0.02473,0.00000
vol3|S8036,200700,-2.9,-0.01485,0.00000
vol3|S8036,200700,-1.84,0.00095,0.00000
vol3|S8036,200700,-0.72,0.02557,0.00000
vol3|S8036,200700,0.02,0.02520,0.00000
vol3|S8036,200700,1.05,0.03292,0.00000
vol3|S8036,200700,2.3,0.04143,0.00000
vol3|S8036,200700,3.24,0.06187,0.00000
vol3|S8036,200700,4.4,0.07180,0.00000
vol3|S8036,200700,5.45,0.06965,0.00000
vol3|S8036,200700,6.18,0.06965,0.00000
vol3|S8036,200700,7.19,0.06965,0.00000
vol3|S8036,200700,8.23,0.06627,0.00000
vol3|S8036,200700,9.38,0.07591,0.00000
vol3|S8036,200700,10.84,0.15190,0.00000
vol3|S8036,200700,11.4,0.12778,0.00000
vol3|S8036,301400,-3.96,0.00482,0.00000
vol3|S8036,301400,-2.94,0.01469,0.00000
vol3|S8036,301400,-1.54,0.02668,0.00000
vol3|S8036,301400,-0.88,0.05131,0.00000
vol3|S8036,301400,0.14,0.04828,0.00000
vol3|S8036,301400,1.18,0.05600,0.00000
vol3|S8036,301400,2.22,0.05600,0.00000
vol3|S8036,301400,3.24,0.07403,0.00000
vol3|S8036,301400,4.27,0.09488,0.00000
vol3|S8036,301400,5.08,0.09488,0.00000
vol3|S8036,301400,6.32,0.09273,0.00000
vol3|S8036,301400,7.33,0.09031,0.00000
vol3|S8036,301400,8.36,0.08273,0.00000
vol3|S8036,301400,9.38,0.09961,0.00000
vol3|S8036,301400,10.28,0.09127,0.00000
vol3|S8036,301400,11.43,0.15337,0.00000
vol3|S8036,304500,-6.73,-0.03755,0.00000
vol3|S8036,304500,-6.17,-0.00394,0.00000
vol3|S8036,305000,-4.99,0.00724,0.00000
vol3|S8036,402400,-7.02,0.08832,0.00000
vol3|S8036,402400,-5.99,0.07676,0.00000
vol3|S8036,402400,-5.13,0.09231,0.00000
vol3|S8036,402400,-3.83,0.12426,0.00000
vol3|S8036,402400,-2.91,0.09253,0.00000
vol3|S8036,402400,-1.92,0.09888,0.00000
vol3|S8036,402400,-0.9,0.13236,0.00000
vol3|S8036,402400,0.53,0.12934,0.00000
vol3|S8036,402400,0.8,0.12934,0.00000
vol3|S8036,402400,2.2,0.13706,0.00000
vol3|S8036,402400,3.22,0.15509,0.00000
vol3|S8036,402400,4.25,0.17856,0.00000
vol3|S8036,402400,5.09,0.16572,0.00000
vol3|S8036,402400,6.33,0.16358,0.00000
vol3|S8036,402400,7.19,0.16019,0.00000
vol3|S8036,402400,8.21,0.15358,0.00000
vol3|S8036,402400,9.56,0.19649,0.00000
vol3|S8036,402400,10.34,0.16212,0.00000
vol3|S8036,402400,11.37,0.22422,0.00000
vol3|S8036,502900,-6.29,0.13467,0.00000
vol3|S8036,502900,-5.03,0.15022,0.00000
vol3|S8036,502900,-3.97,0.14781,0.00000
vol3|S8036,502900,-2.94,0.14856,0.00000
vol3|S8036,502900,-1.91,0.15261,0.00000
vol3|S8036,502900,-0.92,0.18610,0.00000
vol3|S8036,502900,0.14,0.18573,0.00000
vol3|S8036,502900,1.28,0.19080,0.00000
vol3|S8036,502900,2.29,0.19080,0.00000
vol3|S8036,502900,3.42,0.20882,0.00000
vol3|S8036,502900,4.13,0.22770,0.00000
vol3|S8036,502900,5.21,0.21731,0.00000
vol3|S8036,502900,6.47,0.21731,0.00000
vol3|S8036,502900,7.44,0.21393,0.00000
vol3|S8036,502900,8.33,0.20731,0.00000
vol3|S8036,502900,9.32,0.21585,0.00000
vol3|S8036,502900,10.34,0.21585,0.00000
vol3|S8036,502900,11.35,0.27017,0.00000
vol3|S8037,100500,-4.14,-0.01982,0.00000
vol3|S8037,100500,-2.9,0.00388,0.00000
vol3|S8037,100500,-1.59,0.04601,0.00000
vol3|S8037,100500,-1.07,0.04541,0.00000
vol3|S8037,100500,-0.04,0.05276,0.00000
vol3|S8037,100500,1.0,0.07079,0.00000
vol3|S8037,100500,1.87,0.08920,0.00000
vol3|S8037,100500,3.27,0.09164,0.00000
vol3|S8037,100500,3.84,0.09164,0.00000
vol3|S8037,100500,4.86,0.09164,0.00000
vol3|S8037,100500,5.97,0.08949,0.00000
vol3|S8037,100500,7.3,0.08949,0.00000
vol3|S8037,100500,8.17,0.08949,0.00000
vol3|S8037,100500,9.03,0.08762,0.00000
vol3|S8037,100500,10.07,0.08250,0.00000
vol3|S8037,100500,11.22,0.15537,0.00000
vol3|S8037,200800,-4.16,-0.00581,0.00000
vol3|S8037,200800,-3.11,0.00407,0.00000
vol3|S8037,200800,-2.11,0.01987,0.00000
vol3|S8037,200800,-1.09,0.04449,0.00000
vol3|S8037,200800,-0.09,0.04412,0.00000
vol3|S8037,200800,0.98,0.05184,0.00000
vol3|S8037,200800,2.0,0.06987,0.00000
vol3|S8037,200800,3.07,0.09072,0.00000
vol3|S8037,200800,4.03,0.09072,0.00000
vol3|S8037,200800,5.09,0.09072,0.00000
vol3|S8037,200800,6.11,0.08857,0.00000
vol3|S8037,200800,7.16,0.08857,0.00000
vol3|S8037,200800,8.14,0.08857,0.00000
vol3|S8037,200800,9.17,0.08242,0.00000
vol3|S8037,200800,10.19,0.08158,0.00000
vol3|S8037,200800,11.2,0.15467,0.00000
vol3|S8037,300900,-4.15,0.02374,0.00000
vol3|S8037,300900,-3.11,0.03361,0.00000
vol3|S8037,300900,-2.06,0.04560,0.00000
vol3|S8037,300900,-1.07,0.06757,0.00000
vol3|S8037,300900,-0.03,0.06720,0.00000
vol3|S8037,300900,1.0,0.07492,0.00000
vol3|S8037,300900,2.0,0.08742,0.00000
vol3|S8037,300900,3.0,0.11136,0.00000
vol3|S8037,300900,4.02,0.11380,0.00000
vol3|S8037,300900,5.09,0.11380,0.00000
vol3|S8037,300900,6.09,0.11165,0.00000
vol3|S8037,300900,7.12,0.11165,0.00000
vol3|S8037,300900,8.16,0.11165,0.00000
vol3|S8037,300900,9.18,0.10454,0.00000
vol3|S8037,300900,10.3,0.09805,0.00000
vol3|S8037,300900,11.17,0.17775,0.00000
vol3|S8037,400800,-4.17,0.11806,0.00000
vol3|S8037,400800,-3.03,0.12070,0.00000
vol3|S8037,400800,-2.13,0.12704,0.00000
vol3|S8037,400800,-1.09,0.16053,0.00000
vol3|S8037,400800,-0.04,0.15750,0.00000
vol3|S8037,400800,1.0,0.16523,0.00000
vol3|S8037,400800,2.07,0.17027,0.00000
vol3|S8037,400800,3.09,0.20672,0.00000
vol3|S8037,400800,4.11,0.20111,0.00000
vol3|S8037,400800,5.07,0.19389,0.00000
vol3|S8037,400800,6.09,0.19174,0.00000
vol3|S8037,400800,7.11,0.19174,0.00000
vol3|S8037,400800,8.16,0.18932,0.00000
vol3|S8037,400800,9.25,0.19026,0.00000
vol3|S8037,400800,10.37,0.21406,0.00000
vol3|S8037,400800,11.28,0.25582,0.00000
vol3|S8037,501900,-4.16,0.15861,0.00000
vol3|S8037,501900,-3.15,0.17673,0.00000
vol3|S8037,501900,-2.12,0.18078,0.00000
vol3|S8037,501900,-1.07,0.21426,0.00000
vol3|S8037,501900,-0.01,0.21124,0.00000
vol3|S8037,501900,1.05,0.21896,0.00000
vol3|S8037,501900,2.11,0.22172,0.00000
vol3|S8037,501900,3.27,0.26046,0.00000
vol3|S8037,501900,4.29,0.25485,0.00000
vol3|S8037,501900,5.28,0.24547,0.00000
vol3|S8037,501900,6.33,0.24547,0.00000
vol3|S8037,501900,7.49,0.24305,0.00000
vol3|S8037,501900,8.27,0.24209,0.00000
vol3|S8037,501900,9.15,0.23331,0.00000
vol3|S8037,501900,10.17,0.23343,0.00000
vol3|S8037,501900,11.18,0.30801,0.00000
vol3|S8052,100200,-3.99,-0.16916,0.00000
vol3|S8052,100200,-2.94,-0.10893,0.00000
vol3|S8052,100200,-1.93,-0.05392,0.00000
vol3|S8052,100200,-0.91,-0.00809,0.00000
vol3|S8052,100200,0.14,-0.00594,0.00000
vol3|S8052,100200,1.17,-0.00133,0.00000
vol3|S8052,100200,2.18,0.01670,0.00000
vol3|S8052,100200,3.21,0.02761,0.00000
vol3|S8052,100200,4.22,0.03754,0.00000
vol3|S8052,100200,5.25,0.03539,0.00000
vol3|S8052,100200,6.29,0.03539,0.00000
vol3|S8052,100200,7.35,0.03201,0.00000
vol3|S8052,100200,8.35,0.02540,0.00000
vol3|S8052,100200,9.41,0.03129,0.00000
vol3|S8052,100200,10.36,0.01979,0.00000
vol3|S8052,101000,-6.02,-0.23160,0.00000
vol3|S8052,101000,-5.0,-0.21723,0.00000
vol3|S8052,200400,-2.99,-0.02640,0.00000
vol3|S8052,200400,-1.87,-0.01391,0.00000
vol3|S8052,200400,-0.86,0.01131,0.00000
vol3|S8052,200400,0.12,0.01034,0.00000
vol3|S8052,200400,1.15,0.01807,0.00000
vol3|S8052,200400,2.16,0.02083,0.00000
vol3|S8052,200400,3.19,0.04532,0.00000
vol3|S8052,200400,4.22,0.05694,0.00000
vol3|S8052,200400,5.27,0.05479,0.00000
vol3|S8052,200400,6.29,0.05141,0.00000
vol3|S8052,200400,7.32,0.04480,0.00000
vol3|S8052,200400,8.34,0.03457,0.00000
vol3|S8052,200400,9.35,0.04866,0.00000
vol3|S8052,200400,10.36,0.04641,0.00000
vol3|S8052,202500,-6.06,-0.16784,0.00000
vol3|S8052,202500,-4.94,-0.05170,0.00000
vol3|S8052,202500,-4.03,-0.03584,0.00000
vol3|S8052,301200,-6.04,-0.05548,0.00000
vol3|S8052,301200,-5.0,-0.01797,0.00000
vol3|S8052,301200,-3.95,-0.00072,0.00000
vol3|S8052,301200,-2.93,0.00625,0.00000
vol3|S8052,301200,-1.93,0.01493,0.00000
vol3|S8052,301200,-0.88,0.03750,0.00000
vol3|S8052,301200,0.13,0.03653,0.00000
vol3|S8052,301200,1.3,0.04426,0.00000
vol3|S8052,301200,2.17,0.04426,0.00000
vol3|S8052,301200,3.2,0.06228,0.00000
vol3|S8052,301200,4.22,0.08070,0.00000
vol3|S8052,301200,5.26,0.07856,0.00000
vol3|S8052,301200,6.29,0.07099,0.00000
vol3|S8052,301200,7.3,0.07099,0.00000
vol3|S8052,301200,8.34,0.06327,0.00000
vol3|S8052,301200,9.41,0.07736,0.00000
vol3|S8052,301200,10.39,0.06367,0.00000
vol3|S8052,401800,-6.03,0.05337,0.00000
vol3|S8052,401800,-5.0,0.07084,0.00000
vol3|S8052,401800,-3.97,0.08435,0.00000
vol3|S8052,401800,-2.96,0.11846,0.00000
vol3|S8052,401800,-1.9,0.08713,0.00000
vol3|S8052,401800,-0.83,0.10970,0.00000
vol3|S8052,401800,0.11,0.11759,0.00000
vol3|S8052,401800,1.23,0.12531,0.00000
vol3|S8052,401800,2.17,0.12531,0.00000
vol3|S8052,401800,3.24,0.17771,0.00000
vol3|S8052,401800,4.26,0.18591,0.00000
vol3|S8052,401800,5.29,0.14845,0.00000
vol3|S8052,401800,6.3,0.14183,0.00000
vol3|S8052,401800,7.33,0.13616,0.00000
vol3|S8052,401800,8.33,0.13195,0.00000
vol3|S8052,401800,9.36,0.14781,0.00000
vol3|S8052,401800,10.37,0.13607,0.00000
vol3|S8052,502300,-6.03,0.11128,0.00000
vol3|S8052,502300,-5.01,0.12876,0.00000
vol3|S8052,502300,-3.99,0.14227,0.00000
vol3|S8052,502300,-2.91,0.14013,0.00000
vol3|S8052,502300,-1.88,0.14087,0.00000
vol3|S8052,502300,-0.81,0.16609,0.00000
vol3|S8052,502300,0.24,0.17132,0.00000
vol3|S8052,502300,1.37,0.17905,0.00000
vol3|S8052,502300,2.49,0.18181,0.00000
vol3|S8052,502300,3.49,0.22340,0.00000
vol3|S8052,502300,4.38,0.20528,0.00000
vol3|S8052,502300,5.22,0.20218,0.00000
vol3|S8052,502300,6.26,0.19557,0.00000
vol3|S8052,502300,7.31,0.18785,0.00000
vol3|S8052,502300,8.42,0.18568,0.00000
vol3|S8052,502300,9.33,0.20155,0.00000
vol3|S8052,502300,10.35,0.18981,0.00000
vol3|S8052,502300,11.38,0.29145,0.00000
vol3|SA7035,59893,-6.53,-0.45360,0.00000
vol3|SA7035,59893,-5.33,-0.48388,0.00000
vol3|SA7035,59893,-4.27,-0.26804,0.00000
vol3|SA7035,59893,-3.35,-0.21312,0.00000
vol3|SA7035,59893,-2.52,-0.15351,0.00000
vol3|SA7035,59893,-1.42,-0.13334,0.00000
vol3|SA7035,59893,-0.46,-0.08724,0.00000
vol3|SA7035,59893,0.82,-0.03942,0.00000
vol3|SA7035,59893,1.69,-0.02696,0.00000
vol3|SA7035,59893,2.77,-0.00787,0.00000
vol3|SA7035,59893,3.67,-0.00474,0.00000
vol3|SA7035,59893,4.68,-0.00633,0.00000
vol3|SA7035,59893,5.69,-0.00633,0.00000
vol3|SA7035,59893,6.8,-0.00633,0.00000
vol3|SA7035,59893,7.74,-0.01071,0.00000
vol3|SA7035,59893,8.85,-0.07254,0.00000
vol3|SA7035,59893,9.75,-0.09962,0.00000
vol3|SA7035,59893,10.8,-0.17107,0.00000
vol3|SA7035,59893,11.84,-0.33178,0.00000
vol3|SA7035,99882,-6.5,-0.43761,0.00000
vol3|SA7035,99882,-5.63,-0.40294,0.00000
vol3|SA7035,99882,-4.38,-0.25888,0.00000
vol3|SA7035,99882,-3.34,-0.17317,0.00000
vol3|SA7035,99882,-2.32,-0.11215,0.00000
vol3|SA7035,99882,-1.37,-0.04946,0.00000
vol3|SA7035,99882,-0.26,-0.00349,0.00000
vol3|SA7035,99882,0.7,0.01520,0.00000
vol3|SA7035,99882,1.86,0.04347,0.00000
vol3|SA7035,99882,2.84,0.04501,0.00000
vol3|SA7035,99882,3.82,0.04784,0.00000
vol3|SA7035,99882,4.71,0.04784,0.00000
vol3|SA7035,99882,5.76,0.04784,0.00000
vol3|SA7035,99882,6.77,0.04784,0.00000
vol3|SA7035,99882,7.97,0.04072,0.00000
vol3|SA7035,99882,8.97,0.02596,0.00000
vol3|SA7035,99882,9.9,0.01617,0.00000
vol3|SA7035,99882,10.99,0.05087,0.00000
vol3|SA7035,150142,-5.11,-0.34139,0.00000
vol3|SA7035,150142,-4.43,-0.26875,0.00000
vol3|SA7035,150142,-3.4,-0.14895,0.00000
vol3|SA7035,150142,-2.34,-0.08856,0.00000
vol3|SA7035,150142,-1.43,-0.03136,0.00000
vol3|SA7035,150142,-0.22,0.01371,0.00000
vol3|SA7035,150142,0.96,0.02212,0.00000
vol3|SA7035,150142,1.7,0.04347,0.00000
vol3|SA7035,150142,2.88,0.04501,0.00000
vol3|SA7035,150142,3.81,0.04784,0.00000
vol3|SA7035,150142,4.96,0.04784,0.00000
vol3|SA7035,150142,5.77,0.04784,0.00000
vol3|SA7035,150142,6.93,0.04784,0.00000
vol3|SA7035,150142,7.86,0.04146,0.00000
vol3|SA7035,150142,8.88,0.03048,0.00000
vol3|SA7035,150142,9.86,0.02376,0.00000
vol3|SA7035,150142,10.86,0.07929,0.00000
vol3|SA7035,199609,-5.3,-0.33534,0.00000
vol3|SA7035,199609,-4.35,-0.18629,0.00000
vol3|SA7035,199609,-3.28,-0.10982,0.00000
vol3|SA7035,199609,-2.23,-0.00362,0.00000
vol3|SA7035,199609,-1.26,0.02508,0.00000
vol3|SA7035,199609,-0.16,0.04406,0.00000
vol3|SA7035,199609,0.93,0.04555,0.00000
vol3|SA7035,199609,1.9,0.06689,0.00000
vol3|SA7035,199609,2.64,0.06689,0.00000
vol3|SA7035,199609,3.88,0.07166,0.00000
vol3|SA7035,199609,4.84,0.07166,0.00000
vol3|SA7035,199609,5.97,0.07166,0.00000
vol3|SA7035,199609,6.85,0.06789,0.00000
vol3|SA7035,199609,7.97,0.06075,0.00000
vol3|SA7035,199609,8.98,0.05417,0.00000
vol3|SA7035,199609,9.8,0.06305,0.00000
vol3|SA7035,199609,10.82,0.12442,0.00000
vol3|SA7035,299447,-5.95,-0.36025,0.00000
vol3|SA7035,299447,-4.93,-0.18230,0.00000
vol3|SA7035,299447,-3.9,-0.07969,0.00000
vol3|SA7035,299447,-2.94,-0.01346,0.00000
vol3|SA7035,299447,-1.91,0.05205,0.00000
vol3|SA7035,299447,-0.72,0.08830,0.00000
vol3|SA7035,299447,-0.12,0.08830,0.00000
vol3|SA7035,299447,1.35,0.09844,0.00000
vol3|SA7035,299447,2.61,0.11114,0.00000
vol3|SA7035,299447,3.38,0.12037,0.00000
vol3|SA7035,299447,4.46,0.12037,0.00000
vol3|SA7035,299447,5.43,0.11591,0.00000
vol3|SA7035,299447,6.48,0.11210,0.00000
vol3|SA7035,299447,7.23,0.10987,0.00000
vol3|SA7035,299447,8.47,0.10186,0.00000
vol3|SA7035,299447,9.62,0.09533,0.00000
vol3|SA7035,299447,10.41,0.06193,0.00000
vol3|SA7035,299447,11.35,0.11202,0.00000
vol3|SA7036 (A),100036,-5.93,-0.38172,0.00000
vol3|SA7036 (A),100036,-4.87,-0.40025,0.00000
vol3|SA7036 (A),100036,-4.08,-0.25080,0.00000
vol3|SA7036 (A),100036,-2.76,-0.13645,0.00000
vol3|SA7036 (A),100036,-1.73,-0.08187,0.00000
vol3|SA7036 (A),100036,-0.66,-0.03329,0.00000
vol3|SA7036 (A),100036,0.05,-0.00437,0.00000
vol3|SA7036 (A),100036,1.24,0.01552,0.00000
vol3|SA7036 (A),100036,2.32,0.05613,0.00000
vol3|SA7036 (A),100036,3.33,0.05773,0.00000
vol3|SA7036 (A),100036,4.19,0.05773,0.00000
vol3|SA7036 (A),100036,5.47,0.05773,0.00000
vol3|SA7036 (A),100036,6.32,0.05773,0.00000
vol3|SA7036 (A),100036,7.47,0.04542,0.00000
vol3|SA7036 (A),100036,8.44,0.03467,0.00000
vol3|SA7036 (A),100036,9.52,0.02500,0.00000
vol3|SA7036 (A),100036,10.42,0.01198,0.00000
vol3|SA7036 (A),100036,11.47,-0.02481,0.00000
vol3|SA7036 (A),149976,-5.84,-0.38834,0.00000
vol3|SA7036 (A),149976,-5.04,-0.35987,0.00000
vol3|SA7036 (A),149976,-3.73,-0.20538,0.00000
vol3|SA7036 (A),149976,-3.01,-0.14937,0.00000
vol3|SA7036 (A),149976,-1.66,-0.03811,0.00000
vol3|SA7036 (A),149976,-0.64,0.00016,0.00000
vol3|SA7036 (A),149976,0.13,0.01619,0.00000
vol3|SA7036 (A),149976,1.39,0.04400,0.00000
vol3|SA7036 (A),149976,2.4,0.06067,0.00000
vol3|SA7036 (A),149976,3.19,0.06226,0.00000
vol3|SA7036 (A),149976,4.43,0.06226,0.00000
vol3|SA7036 (A),149976,5.38,0.06226,0.00000
vol3|SA7036 (A),149976,6.47,0.05688,0.00000
vol3|SA7036 (A),149976,7.51,0.05038,0.00000
vol3|SA7036 (A),149976,8.51,0.03056,0.00000
vol3|SA7036 (A),149976,9.39,0.03203,0.00000
vol3|SA7036 (A),149976,10.52,0.02252,0.00000
vol3|SA7036 (A),149976,11.51,0.02853,0.00000
vol3|SA7036 (A),200059,-5.77,-0.37122,0.00000
vol3|SA7036 (A),200059,-4.69,-0.27358,0.00000
vol3|SA7036 (A),200059,-4.04,-0.16577,0.00000
vol3|SA7036 (A),200059,-3.13,-0.13469,0.00000
vol3|SA7036 (A),200059,-1.46,0.01170,0.00000
vol3|SA7036 (A),200059,-0.5,0.02788,0.00000
vol3|SA7036 (A),200059,0.45,0.04893,0.00000
vol3|SA7036 (A),200059,1.59,0.05793,0.00000
vol3|SA7036 (A),200059,2.53,0.07619,0.00000
vol3|SA7036 (A),200059,3.1,0.07619,0.00000
vol3|SA7036 (A),200059,4.14,0.07525,0.00000
vol3|SA7036 (A),200059,5.17,0.07525,0.00000
vol3|SA7036 (A),200059,6.71,0.07194,0.00000
vol3|SA7036 (A),200059,7.3,0.06543,0.00000
vol3|SA7036 (A),200059,8.52,0.05016,0.00000
vol3|SA7036 (A),200059,9.43,0.05029,0.00000
vol3|SA7036 (A),200059,10.44,0.04797,0.00000
vol3|SA7036 (A),200059,11.4,0.08970,0.00000
vol3|SA7036 (A),299385,-6.0,-0.34017,0.00000
vol3|SA7036 (A),299385,-4.98,-0.18171,0.00000
vol3|SA7036 (A),299385,-3.92,-0.09104,0.00000
vol3|SA7036 (A),299385,-2.94,-0.04340,0.00000
vol3|SA7036 (A),299385,-1.83,0.05387,0.00000
vol3|SA7036 (A),299385,-0.83,0.06504,0.00000
vol3|SA7036 (A),299385,0.0,0.07999,0.00000
vol3|SA7036 (A),299385,1.18,0.09122,0.00000
vol3|SA7036 (A),299385,2.35,0.10789,0.00000
vol3|SA7036 (A),299385,3.41,0.10949,0.00000
vol3|SA7036 (A),299385,4.76,0.11543,0.00000
vol3|SA7036 (A),299385,5.49,0.10685,0.00000
vol3|SA7036 (A),299385,6.53,0.10084,0.00000
vol3|SA7036 (A),299385,7.41,0.09873,0.00000
vol3|SA7036 (A),299385,8.53,0.08504,0.00000
vol3|SA7036 (A),299385,9.48,0.08948,0.00000
vol3|SA7036 (A),299385,10.36,0.08535,0.00000
vol3|SA7036 (A),299385,11.34,0.12998,0.00000
vol3|SA7036 (B),99750,-5.92,-0.37613,0.00000
vol3|SA7036 (B),99750,-4.72,-0.34619,0.00000
vol3|SA7036 (B),99750,-3.76,-0.22452,0.00000
vol3|SA7036 (B),99750,-2.52,-0.12176,0.00000
vol3|SA7036 (B),99750,-1.67,-0.08187,0.00000
vol3|SA7036 (B),99750,-0.51,-0.03051,0.00000
vol3|SA7036 (B),99750,0.4,0.00449,0.00000
vol3|SA7036 (B),99750,1.4,0.03946,0.00000
vol3|SA7036 (B),99750,2.46,0.05773,0.00000
vol3|SA7036 (B),99750,3.39,0.05773,0.00000
vol3|SA7036 (B),99750,4.45,0.05773,0.00000
vol3|SA7036 (B),99750,5.4,0.05773,0.00000
vol3|SA7036 (B),99750,6.52,0.05773,0.00000
vol3|SA7036 (B),99750,7.55,0.04542,0.00000
vol3|SA7036 (B),99750,8.46,0.03235,0.00000
vol3|SA7036 (B),99750,9.58,0.02500,0.00000
vol3|SA7036 (B),99750,10.56,-0.02865,0.00000
vol3|SA7036 (B),99750,11.55,-0.02481,0.00000
vol3|SA7036 (B),150030,-4.73,-0.30989,0.00000
vol3|SA7036 (B),150030,-3.74,-0.20538,0.00000
vol3|SA7036 (B),150030,-2.58,-0.11070,0.00000
vol3|SA7036 (B),150030,-1.48,-0.02876,0.00000
vol3|SA7036 (B),150030,-0.53,0.00903,0.00000
vol3|SA7036 (B),150030,0.56,0.03501,0.00000
vol3|SA7036 (B),150030,1.38,0.04400,0.00000
vol3|SA7036 (B),150030,2.33,0.06067,0.00000
vol3|SA7036 (B),150030,3.47,0.06226,0.00000
vol3|SA7036 (B),150030,4.41,0.06226,0.00000
vol3|SA7036 (B),150030,5.7,0.06226,0.00000
vol3|SA7036 (B),150030,6.56,0.05688,0.00000
vol3|SA7036 (B),150030,7.54,0.05038,0.00000
vol3|SA7036 (B),150030,8.65,0.03056,0.00000
vol3|SA7036 (B),150030,9.59,0.03172,0.00000
vol3|SA7036 (B),150030,10.62,0.02252,0.00000
vol3|SA7036 (B),150030,11.56,0.02853,0.00000
vol3|SA7036 (B),199817,-5.1,-0.31164,0.00000
vol3|SA7036 (B),199817,-3.38,-0.14760,0.00000
vol3|SA7036 (B),199817,-2.59,-0.06527,0.00000
vol3|SA7036 (B),199817,-1.44,0.01170,0.00000
vol3|SA7036 (B),199817,-0.43,0.02788,0.00000
vol3|SA7036 (B),199817,0.06,0.04893,0.00000
vol3|SA7036 (B),199817,1.57,0.05793,0.00000
vol3|SA7036 (B),199817,2.53,0.07619,0.00000
vol3|SA7036 (B),199817,3.15,0.07619,0.00000
vol3|SA7036 (B),199817,4.61,0.07525,0.00000
vol3|SA7036 (B),199817,5.61,0.07525,0.00000
vol3|SA7036 (B),199817,6.63,0.07194,0.00000
vol3|SA7036 (B),199817,7.55,0.06543,0.00000
vol3|SA7036 (B),199817,8.78,0.04323,0.00000
vol3|SA7036 (B),199817,9.76,0.05029,0.00000
vol3|SA7036 (B),199817,10.55,0.04797,0.00000
vol3|SA7036 (B),199817,11.64,0.08970,0.00000
vol3|SA7036 (B),299784,-5.26,-0.23410,0.00000
vol3|SA7036 (B),299784,-4.24,-0.11075,0.00000
vol3|SA7036 (B),299784,-3.4,-0.08008,0.00000
vol3|SA7036 (B),299784,-2.32,0.03197,0.00000
vol3|SA7036 (B),299784,-1.34,0.05879,0.00000
vol3|SA7036 (B),299784,-0.31,0.07999,0.00000
vol3|SA7036 (B),299784,0.77,0.08223,0.00000
vol3|SA7036 (B),299784,1.78,0.09122,0.00000
vol3|SA7036 (B),299784,2.86,0.10949,0.00000
vol3|SA7036 (B),299784,3.92,0.11543,0.00000
vol3|SA7036 (B),299784,4.66,0.11543,0.00000
vol3|SA7036 (B),299784,6.08,0.10524,0.00000
vol3|SA7036 (B),299784,7.08,0.09873,0.00000
vol3|SA7036 (B),299784,8.3,0.08504,0.00000
vol3|SA7036 (B),299784,9.07,0.08294,0.00000
vol3|SA7036 (B),299784,10.18,0.08948,0.00000
vol3|SA7036 (B),299784,11.09,0.13555,0.00000
vol3|SA7038,99713,-5.71,-0.43003,0.00000
vol3|SA7038,99713,-4.66,-0.40639,0.00000
vol3|SA7038,99713,-3.57,-0.20731,0.00000
vol3|SA7038,99713,-2.49,-0.13383,0.00000
vol3|SA7038,99713,-1.43,-0.03136,0.00000
vol3|SA7038,99713,-0.44,0.00720,0.00000
vol3|SA7038,99713,0.45,0.01520,0.00000
vol3|SA7038,99713,1.57,0.04347,0.00000
vol3|SA7038,99713,2.68,0.04784,0.00000
vol3|SA7038,99713,3.71,0.04784,0.00000
vol3|SA7038,99713,4.52,0.04784,0.00000
vol3|SA7038,99713,5.6,0.04784,0.00000
vol3|SA7038,99713,6.7,0.04784,0.00000
vol3|SA7038,99713,7.64,0.04456,0.00000
vol3|SA7038,99713,8.77,0.03525,0.00000
vol3|SA7038,99713,9.8,0.02376,0.00000
vol3|SA7038,99713,10.74,0.05169,0.00000
vol3|SA7038,99713,11.76,-0.00333,0.00000
vol3|SA7038,149636,-4.6,-0.33232,0.00000
vol3|SA7038,149636,-3.59,-0.17703,0.00000
vol3|SA7038,149636,-2.44,-0.03362,0.00000
vol3|SA7038,149636,-1.36,-0.01408,0.00000
vol3|SA7038,149636,-0.31,0.01520,0.00000
vol3|SA7038,149636,0.53,0.02685,0.00000
vol3|SA7038,149636,1.64,0.04347,0.00000
vol3|SA7038,149636,2.58,0.04784,0.00000
vol3|SA7038,149636,3.66,0.04784,0.00000
vol3|SA7038,149636,4.64,0.04784,0.00000
vol3|SA7038,149636,5.73,0.04784,0.00000
vol3|SA7038,149636,6.7,0.04784,0.00000
vol3|SA7038,149636,7.61,0.04092,0.00000
vol3|SA7038,149636,8.7,0.03864,0.00000
vol3|SA7038,149636,9.68,0.02815,0.00000
vol3|SA7038,149636,10.81,0.08492,0.00000
vol3|SA7038,149636,11.64,0.01571,0.00000
vol3|SA7038,199566,-4.49,-0.18247,0.00000
vol3|SA7038,199566,-3.33,-0.09750,0.00000
vol3|SA7038,199566,-2.51,-0.00588,0.00000
vol3|SA7038,199566,-1.89,0.02436,0.00000
vol3|SA7038,199566,-0.79,0.04081,0.00000
vol3|SA7038,199566,0.73,0.07056,0.00000
vol3|SA7038,199566,1.71,0.07056,0.00000
vol3|SA7038,199566,2.77,0.07980,0.00000
vol3|SA7038,199566,3.63,0.07166,0.00000
vol3|SA7038,199566,4.75,0.07166,0.00000
vol3|SA7038,199566,5.75,0.07166,0.00000
vol3|SA7038,199566,6.74,0.07166,0.00000
vol3|SA7038,199566,7.69,0.06458,0.00000
vol3|SA7038,199566,8.75,0.05773,0.00000
vol3|SA7038,199566,9.79,0.05011,0.00000
vol3|SA7038,199566,10.68,0.04997,0.00000
vol3|SA7038,199566,11.73,0.06429,0.00000
vol3|SA7038,200114,-5.66,-0.39238,0.00000
vol3|SA7038,299315,-5.86,-0.22943,0.00000
vol3|SA7038,299315,-4.76,-0.11949,0.00000
vol3|SA7038,299315,-3.73,-0.03087,0.00000
vol3|SA7038,299315,-2.69,0.04422,0.00000
vol3|SA7038,299315,-1.68,0.08922,0.00000
vol3|SA7038,299315,-0.61,0.09763,0.00000
vol3|SA7038,299315,0.48,0.10236,0.00000
vol3|SA7038,299315,1.92,0.11897,0.00000
vol3|SA7038,299315,2.57,0.12334,0.00000
vol3|SA7038,299315,3.68,0.12821,0.00000
vol3|SA7038,299315,4.75,0.12327,0.00000
vol3|SA7038,299315,5.8,0.12007,0.00000
vol3|SA7038,299315,6.72,0.11629,0.00000
vol3|SA7038,299315,7.77,0.11079,0.00000
vol3|SA7038,299315,8.84,0.10369,0.00000
vol3|SA7038,299315,9.76,0.10182,0.00000
vol3|SA7038,299315,10.66,0.11383,0.00000
vol3|SA7038,299315,11.61,0.06984,0.00000
vol3|SD7032 (D),99943,-4.48,-0.39342,0.00000
vol3|SD7032 (D),99943,-2.87,-0.17804,0.00000
vol3|SD7032 (D),99943,-1.05,0.00623,0.00000
vol3|SD7032 (D),99943,0.26,0.01726,0.00000
vol3|SD7032 (D),99943,1.69,0.05946,0.00000
vol3|SD7032 (D),99943,3.23,0.05946,0.00000
vol3|SD7032 (D),99943,4.86,0.05946,0.00000
vol3|SD7032 (D),99943,6.27,0.05946,0.00000
vol3|SD7032 (D),99943,7.85,0.04670,0.00000
vol3|SD7032 (D),99943,9.51,0.03822,0.00000
vol3|SD7032 (D),99943,10.93,0.06095,0.00000
vol3|SD7032 (D),199502,-5.94,-0.38670,0.00000
vol3|SD7032 (D),199502,-4.39,-0.17543,0.00000
vol3|SD7032 (D),199502,-2.93,-0.02606,0.00000
vol3|SD7032 (D),199502,-1.16,0.03348,0.00000
vol3|SD7032 (D),199502,0.24,0.05966,0.00000
vol3|SD7032 (D),199502,2.06,0.07793,0.00000
vol3|SD7032 (D),199502,2.86,0.07698,0.00000
vol3|SD7032 (D),199502,5.14,0.07698,0.00000
vol3|SD7032 (D),199502,6.43,0.07529,0.00000
vol3|SD7032 (D),199502,7.93,0.07322,0.00000
vol3|SD7032 (D),199502,9.11,0.05979,0.00000
vol3|SD7032 (D),199502,11.08,0.09610,0.00000
vol3|SD7032 (D),299568,-6.22,-0.30317,0.00000
vol3|SD7032 (D),299568,-4.57,-0.06479,0.00000
vol3|SD7032 (D),299568,-2.96,0.01359,0.00000
vol3|SD7032 (D),299568,-1.46,0.08173,0.00000
vol3|SD7032 (D),299568,0.11,0.08397,0.00000
vol3|SD7032 (D),299568,1.6,0.11122,0.00000
vol3|SD7032 (D),299568,3.12,0.11716,0.00000
vol3|SD7032 (D),299568,4.96,0.11028,0.00000
vol3|SD7032 (D),299568,6.32,0.10697,0.00000
vol3|SD7032 (D),299568,8.2,0.10001,0.00000
vol3|SD7032 (D),299568,9.65,0.08074,0.00000
vol3|SD7032 (D),299568,10.62,0.07194,0.00000
vol3|SD7037 (B),99934,-4.61,-0.32114,0.00000
vol3|SD7037 (B),99934,-3.01,-0.16849,0.00000
vol3|SD7037 (B),99934,-1.36,-0.06032,0.00000
vol3|SD7037 (B),99934,0.09,-0.02116,0.00000
vol3|SD7037 (B),99934,1.65,0.02160,0.00000
vol3|SD7037 (B),99934,3.1,0.04504,0.00000
vol3|SD7037 (B),99934,4.63,0.04504,0.00000
vol3|SD7037 (B),99934,6.23,0.04504,0.00000
vol3|SD7037 (B),99934,7.71,0.03867,0.00000
vol3|SD7037 (B),99934,9.21,0.00980,0.00000
vol3|SD7037 (B),99934,10.76,0.08352,0.00000
vol3|SD7037 (B),201522,-4.56,-0.19806,0.00000
vol3|SD7037 (B),201522,-2.82,-0.07103,0.00000
vol3|SD7037 (B),201522,-1.36,0.00679,0.00000
vol3|SD7037 (B),201522,-0.04,0.03362,0.00000
vol3|SD7037 (B),201522,1.78,0.05663,0.00000
vol3|SD7037 (B),201522,3.29,0.07300,0.00000
vol3|SD7037 (B),201522,4.79,0.07300,0.00000
vol3|SD7037 (B),201522,6.22,0.07300,0.00000
vol3|SD7037 (B),201522,7.84,0.06297,0.00000
vol3|SD7037 (B),201522,9.31,0.03916,0.00000
vol3|SD7037 (B),201522,10.75,0.03380,0.00000
vol3|SD7037 (B),299298,-4.49,-0.07029,0.00000
vol3|SD7037 (B),299298,-3.02,-0.01833,0.00000
vol3|SD7037 (B),299298,-1.5,0.07153,0.00000
vol3|SD7037 (B),299298,-0.09,0.08552,0.00000
vol3|SD7037 (B),299298,1.78,0.10084,0.00000
vol3|SD7037 (B),299298,3.39,0.11721,0.00000
vol3|SD7037 (B),299298,4.7,0.11721,0.00000
vol3|SD7037 (B),299298,6.35,0.11445,0.00000
vol3|SD7037 (B),299298,7.7,0.10719,0.00000
vol3|SD7037 (B),299298,9.35,0.08831,0.00000
vol3|SD7037 (B),299298,10.93,0.11717,0.00000
vol3|SD7037 (D),59200,-5.06,-0.45349,0.00000
vol3|SD7037 (D),59200,-4.02,-0.25372,0.00000
vol3|SD7037 (D),59200,-2.94,-0.20085,0.00000
vol3|SD7037 (D),59200,-1.97,-0.15631,0.00000
vol3|SD7037 (D),59200,-0.95,-0.12275,0.00000
vol3|SD7037 (D),59200,0.13,-0.10502,0.00000
vol3|SD7037 (D),59200,1.15,-0.07139,0.00000
vol3|SD7037 (D),59200,2.19,-0.03458,0.00000
vol3|SD7037 (D),59200,3.18,-0.01522,0.00000
vol3|SD7037 (D),59200,4.26,-0.01114,0.00000
vol3|SD7037 (D),59200,5.29,-0.01114,0.00000
vol3|SD7037 (D),59200,6.31,-0.01114,0.00000
vol3|SD7037 (D),59200,7.26,-0.01368,0.00000
vol3|SD7037 (D),59200,8.28,-0.03320,0.00000
vol3|SD7037 (D),59200,9.33,-0.05999,0.00000
vol3|SD7037 (D),59200,10.31,-0.14789,0.00000
vol3|SD7037 (D),98500,-5.07,-0.43132,0.00000
vol3|SD7037 (D),98500,-3.99,-0.22844,0.00000
vol3|SD7037 (D),98500,-2.94,-0.16562,0.00000
vol3|SD7037 (D),98500,-2.0,-0.12463,0.00000
vol3|SD7037 (D),98500,-0.97,-0.06747,0.00000
vol3|SD7037 (D),98500,0.04,-0.04715,0.00000
vol3|SD7037 (D),98500,1.1,-0.02033,0.00000
vol3|SD7037 (D),98500,2.29,0.00689,0.00000
vol3|SD7037 (D),98500,3.27,0.01573,0.00000
vol3|SD7037 (D),98500,4.15,0.01573,0.00000
vol3|SD7037 (D),98500,5.33,0.01573,0.00000
vol3|SD7037 (D),98500,6.21,0.01573,0.00000
vol3|SD7037 (D),98500,7.32,0.01297,0.00000
vol3|SD7037 (D),98500,8.19,0.00098,0.00000
vol3|SD7037 (D),98500,9.39,-0.03358,0.00000
vol3|SD7037 (D),98500,10.4,-0.04720,0.00000
vol3|SD7037 (D),196300,-4.98,-0.27745,0.00000
vol3|SD7037 (D),196300,-3.93,-0.14216,0.00000
vol3|SD7037 (D),196300,-2.88,-0.09447,0.00000
vol3|SD7037 (D),196300,-2.03,-0.01352,0.00000
vol3|SD7037 (D),196300,-0.79,0.01211,0.00000
vol3|SD7037 (D),196300,0.06,0.03829,0.00000
vol3|SD7037 (D),196300,1.09,0.04956,0.00000
vol3|SD7037 (D),196300,2.21,0.06416,0.00000
vol3|SD7037 (D),196300,3.25,0.07300,0.00000
vol3|SD7037 (D),196300,4.24,0.07300,0.00000
vol3|SD7037 (D),196300,5.28,0.07300,0.00000
vol3|SD7037 (D),196300,6.29,0.07023,0.00000
vol3|SD7037 (D),196300,7.27,0.06884,0.00000
vol3|SD7037 (D),196300,8.32,0.05494,0.00000
vol3|SD7037 (D),196300,9.31,0.03916,0.00000
vol3|SD7037 (D),196300,10.35,0.03268,0.00000
vol3|SD7037 (D),196300,11.35,0.03869,0.00000
vol3|SD7037 (D),196600,-4.72,-0.23786,0.00000
vol3|SD7037 (D),196600,-4.07,-0.14578,0.00000
vol3|SD7037 (D),196600,-2.96,-0.09447,0.00000
vol3|SD7037 (D),196600,-1.64,0.00679,0.00000
vol3|SD7037 (D),196600,-0.99,0.00679,0.00000
vol3|SD7037 (D),196600,0.21,0.03829,0.00000
vol3|SD7037 (D),196600,1.11,0.04956,0.00000
vol3|SD7037 (D),196600,2.22,0.06416,0.00000
vol3|SD7037 (D),196600,3.32,0.07300,0.00000
vol3|SD7037 (D),196600,4.14,0.07300,0.00000
vol3|SD7037 (D),196600,5.29,0.07300,0.00000
vol3|SD7037 (D),196600,6.33,0.07023,0.00000
vol3|SD7037 (D),196600,7.24,0.06884,0.00000
vol3|SD7037 (D),196600,8.18,0.06069,0.00000
vol3|SD7037 (D),196600,9.31,0.03916,0.00000
vol3|SD7037 (D),196600,10.32,0.03268,0.00000
vol3|SD7037 (D),295100,-5.09,-0.15564,0.00000
vol3|SD7037 (D),295100,-3.95,-0.06333,0.00000
vol3|SD7037 (D),295100,-3.0,-0.01833,0.00000
vol3|SD7037 (D),295100,-1.92,0.05101,0.00000
vol3|SD7037 (D),295100,-0.9,0.07642,0.00000
vol3|SD7037 (D),295100,0.17,0.08552,0.00000
vol3|SD7037 (D),295100,1.23,0.09377,0.00000
vol3|SD7037 (D),295100,2.33,0.10837,0.00000
vol3|SD7037 (D),295100,3.3,0.11721,0.00000
vol3|SD7037 (D),295100,4.46,0.11721,0.00000
vol3|SD7037 (D),295100,5.48,0.11721,0.00000
vol3|SD7037 (D),295100,6.63,0.11432,0.00000
vol3|SD7037 (D),295100,7.21,0.10932,0.00000
vol3|SD7037 (D),295100,8.25,0.09703,0.00000
vol3|SD7037 (D),295100,9.45,0.08831,0.00000
vol3|SD7037 (D),295100,10.3,0.01459,0.00000
vol3|SD7037 (E),99678,-5.19,-0.33854,0.00000
vol3|SD7037 (E),99678,-4.18,-0.20440,0.00000
vol3|SD7037 (E),99678,-3.11,-0.16577,0.00000
vol3|SD7037 (E),99678,-2.11,-0.13420,0.00000
vol3|SD7037 (E),99678,-1.06,-0.06381,0.00000
vol3|SD7037 (E),99678,0.05,-0.02379,0.00000
vol3|SD7037 (E),99678,0.99,0.01375,0.00000
vol3|SD7037 (E),99678,2.1,0.03807,0.00000
vol3|SD7037 (E),99678,3.1,0.04568,0.00000
vol3|SD7037 (E),99678,4.08,0.04568,0.00000
vol3|SD7037 (E),99678,5.11,0.04568,0.00000
vol3|SD7037 (E),99678,6.14,0.04568,0.00000
vol3|SD7037 (E),99678,7.15,0.04132,0.00000
vol3|SD7037 (E),99678,8.25,0.04116,0.00000
vol3|SD7037 (E),99678,9.17,0.00695,0.00000
vol3|SD7037 (E),99678,10.19,-0.00424,0.00000
vol3|SD7037 (E),99678,11.22,0.00797,0.00000
vol3|SD7037 (E),99786,-5.22,-0.33854,0.00000
vol3|SD7037 (E),99786,-4.17,-0.20440,0.00000
vol3|SD7037 (E),99786,-3.05,-0.16577,0.00000
vol3|SD7037 (E),99786,-2.1,-0.13420,0.00000
vol3|SD7037 (E),99786,-1.03,-0.06381,0.00000
vol3|SD7037 (E),99786,0.02,-0.02379,0.00000
vol3|SD7037 (E),99786,1.01,0.01375,0.00000
vol3|SD7037 (E),99786,2.03,0.03807,0.00000
vol3|SD7037 (E),99786,3.07,0.04568,0.00000
vol3|SD7037 (E),99786,4.11,0.04568,0.00000
vol3|SD7037 (E),99786,5.16,0.04568,0.00000
vol3|SD7037 (E),99786,6.16,0.04568,0.00000
vol3|SD7037 (E),99786,7.21,0.04132,0.00000
vol3|SD7037 (E),99786,8.2,0.04116,0.00000
vol3|SD7037 (E),99786,9.21,0.01150,0.00000
vol3|SD7037 (E),99786,10.25,-0.00424,0.00000
vol3|SD7037 (E),99786,11.21,0.00797,0.00000
vol3|SD7037 (E),100009,-5.49,-0.31313,0.00000
vol3|SD7037 (E),100009,-4.38,-0.20795,0.00000
vol3|SD7037 (E),100009,-3.44,-0.16759,0.00000
vol3|SD7037 (E),100009,-2.33,-0.13602,0.00000
vol3|SD7037 (E),100009,-1.4,-0.10498,0.00000
vol3|SD7037 (E),100009,-0.44,-0.04336,0.00000
vol3|SD7037 (E),100009,0.6,0.00904,0.00000
vol3|SD7037 (E),100009,1.68,0.03065,0.00000
vol3|SD7037 (E),100009,2.9,0.04176,0.00000
vol3|SD7037 (E),100009,3.74,0.04386,0.00000
vol3|SD7037 (E),100009,4.68,0.04386,0.00000
vol3|SD7037 (E),100009,5.73,0.04386,0.00000
vol3|SD7037 (E),100009,7.12,0.03951,0.00000
vol3|SD7037 (E),100009,7.8,0.03983,0.00000
vol3|SD7037 (E),100009,8.75,0.03935,0.00000
vol3|SD7037 (E),100009,9.89,-0.00605,0.00000
vol3|SD7037 (E),100009,10.77,-0.00149,0.00000
vol3|SD7037 (E),105616,-6.16,-0.23415,0.00000
vol3|SD7037 (E),105616,-5.19,-0.31462,0.00000
vol3|SD7037 (E),105616,-4.11,-0.20246,0.00000
vol3|SD7037 (E),105616,-2.96,-0.14911,0.00000
vol3|SD7037 (E),105616,-2.12,-0.13136,0.00000
vol3|SD7037 (E),105616,-1.07,-0.05828,0.00000
vol3|SD7037 (E),105616,0.01,-0.02094,0.00000
vol3|SD7037 (E),105616,1.02,0.02166,0.00000
vol3|SD7037 (E),105616,2.01,0.04091,0.00000
vol3|SD7037 (E),105616,3.03,0.04852,0.00000
vol3|SD7037 (E),105616,4.13,0.04852,0.00000
vol3|SD7037 (E),105616,5.15,0.04852,0.00000
vol3|SD7037 (E),105616,6.13,0.04852,0.00000
vol3|SD7037 (E),105616,7.16,0.04417,0.00000
vol3|SD7037 (E),105616,8.21,0.04401,0.00000
vol3|SD7037 (E),105616,9.2,0.02423,0.00000
vol3|SD7037 (E),105616,10.22,0.00658,0.00000
vol3|SD7037 (E),105616,11.21,0.01879,0.00000
vol3|SD7037 (E),199620,-4.48,-0.18029,0.00000
vol3|SD7037 (E),199620,-3.65,-0.10291,0.00000
vol3|SD7037 (E),199620,-2.34,-0.05139,0.00000
vol3|SD7037 (E),199620,-1.37,-0.00609,0.00000
vol3|SD7037 (E),199620,-0.3,0.02995,0.00000
vol3|SD7037 (E),199620,0.67,0.03792,0.00000
vol3|SD7037 (E),199620,1.78,0.05585,0.00000
vol3|SD7037 (E),199620,2.73,0.06163,0.00000
vol3|SD7037 (E),199620,3.76,0.06478,0.00000
vol3|SD7037 (E),199620,4.89,0.06478,0.00000
vol3|SD7037 (E),199620,5.85,0.06478,0.00000
vol3|SD7037 (E),199620,6.73,0.06043,0.00000
vol3|SD7037 (E),199620,7.73,0.06075,0.00000
vol3|SD7037 (E),199620,8.77,0.03367,0.00000
vol3|SD7037 (E),199620,9.9,0.04314,0.00000
vol3|SD7037 (E),199620,10.81,0.02099,0.00000
vol3|SD7037 (E),199620,11.78,-0.01197,0.00000
vol3|SD7037 (E),199795,-7.09,-0.20086,0.00000
vol3|SD7037 (E),199795,-5.72,-0.23356,0.00000
vol3|SD7037 (E),199795,-4.9,-0.18315,0.00000
vol3|SD7037 (E),199795,-3.77,-0.13664,0.00000
vol3|SD7037 (E),199795,-2.83,-0.07673,0.00000
vol3|SD7037 (E),199795,-1.77,-0.02151,0.00000
vol3|SD7037 (E),199795,-0.92,0.01358,0.00000
vol3|SD7037 (E),199795,0.13,0.03792,0.00000
vol3|SD7037 (E),199795,1.1,0.05157,0.00000
vol3|SD7037 (E),199795,2.11,0.05872,0.00000
vol3|SD7037 (E),199795,3.13,0.06478,0.00000
vol3|SD7037 (E),199795,4.08,0.06478,0.00000
vol3|SD7037 (E),199795,5.1,0.06478,0.00000
vol3|SD7037 (E),199795,6.28,0.06156,0.00000
vol3|SD7037 (E),199795,7.17,0.06075,0.00000
vol3|SD7037 (E),199795,8.38,0.05494,0.00000
vol3|SD7037 (E),199795,9.23,0.03268,0.00000
vol3|SD7037 (E),200149,-6.06,-0.22012,0.00000
vol3|SD7037 (E),200149,-4.83,-0.17490,0.00000
vol3|SD7037 (E),200149,-4.12,-0.14112,0.00000
vol3|SD7037 (E),200149,-2.94,-0.08199,0.00000
vol3|SD7037 (E),200149,-2.04,-0.02547,0.00000
vol3|SD7037 (E),200149,-1.04,0.00447,0.00000
vol3|SD7037 (E),200149,0.14,0.03792,0.00000
vol3|SD7037 (E),200149,1.0,0.05157,0.00000
vol3|SD7037 (E),200149,2.1,0.05872,0.00000
vol3|SD7037 (E),200149,3.07,0.06478,0.00000
vol3|SD7037 (E),200149,4.08,0.06478,0.00000
vol3|SD7037 (E),200149,5.1,0.06478,0.00000
vol3|SD7037 (E),200149,6.41,0.06043,0.00000
vol3|SD7037 (E),200149,7.22,0.06075,0.00000
vol3|SD7037 (E),200149,8.24,0.05494,0.00000
vol3|SD7037 (E),200149,9.16,0.02950,0.00000
vol3|SD7037 (E),200149,10.33,0.01853,0.00000
vol3|SD7037 (E),200149,11.19,0.02099,0.00000
vol3|SD7037 (E),205042,-4.96,-0.16147,0.00000
vol3|SD7037 (E),205042,-3.97,-0.11810,0.00000
vol3|SD7037 (E),205042,-2.92,-0.06734,0.00000
vol3|SD7037 (E),205042,-1.63,-0.00094,0.00000
vol3|SD7037 (E),205042,-0.86,0.01358,0.00000
vol3|SD7037 (E),205042,0.01,0.03502,0.00000
vol3|SD7037 (E),205042,1.03,0.05157,0.00000
vol3|SD7037 (E),205042,2.05,0.05872,0.00000
vol3|SD7037 (E),205042,3.1,0.06478,0.00000
vol3|SD7037 (E),205042,4.15,0.06478,0.00000
vol3|SD7037 (E),205042,5.11,0.06478,0.00000
vol3|SD7037 (E),205042,6.12,0.06478,0.00000
vol3|SD7037 (E),205042,7.33,0.06075,0.00000
vol3|SD7037 (E),205042,8.29,0.05494,0.00000
vol3|SD7037 (E),205042,9.23,0.03268,0.00000
vol3|SD7037 (E),205042,10.21,0.01853,0.00000
vol3|SD7037 (E),205042,11.33,0.02099,0.00000
vol3|SD7037 (E),298981,-5.11,-0.08740,0.00000
vol3|SD7037 (E),298981,-4.1,-0.06069,0.00000
vol3|SD7037 (E),298981,-3.08,-0.01189,0.00000
vol3|SD7037 (E),298981,-1.85,0.06089,0.00000
vol3|SD7037 (E),298981,-1.01,0.09351,0.00000
vol3|SD7037 (E),298981,0.06,0.09857,0.00000
vol3|SD7037 (E),298981,1.27,0.11512,0.00000
vol3|SD7037 (E),298981,2.25,0.12227,0.00000
vol3|SD7037 (E),298981,3.5,0.12833,0.00000
vol3|SD7037 (E),298981,4.45,0.12833,0.00000
vol3|SD7037 (E),298981,5.29,0.12833,0.00000
vol3|SD7037 (E),298981,6.3,0.12398,0.00000
vol3|SD7037 (E),298981,7.26,0.12430,0.00000
vol3|SD7037 (E),298981,8.24,0.10467,0.00000
vol3|SD7037 (E),298981,9.31,0.10669,0.00000
vol3|SD7037 (E),298981,10.23,0.03906,0.00000
vol3|SD7037 (E),298981,11.23,0.08455,0.00000
vol3|SD7037 (E),299247,-7.22,-0.25998,0.00000
vol3|SD7037 (E),299247,-6.03,-0.16037,0.00000
vol3|SD7037 (E),299247,-5.09,-0.08747,0.00000
vol3|SD7037 (E),299247,-4.0,-0.05476,0.00000
vol3|SD7037 (E),299247,-3.02,0.00146,0.00000
vol3|SD7037 (E),299247,-1.95,0.06089,0.00000
vol3|SD7037 (E),299247,-0.95,0.09351,0.00000
vol3|SD7037 (E),299247,0.07,0.09857,0.00000
vol3|SD7037 (E),299247,1.16,0.11512,0.00000
vol3|SD7037 (E),299247,2.16,0.12227,0.00000
vol3|SD7037 (E),299247,3.24,0.12833,0.00000
vol3|SD7037 (E),299247,4.26,0.12833,0.00000
vol3|SD7037 (E),299247,5.44,0.12833,0.00000
vol3|SD7037 (E),299247,6.14,0.12398,0.00000
vol3|SD7037 (E),299247,7.45,0.12430,0.00000
vol3|SD7037 (E),299247,8.38,0.09722,0.00000
vol3|SD7037 (E),299247,9.55,0.08917,0.00000
vol3|SD7037 (E),299247,10.41,0.03453,0.00000
vol3|SD7037 (E),299247,11.4,0.08455,0.00000
vol3|SD7037 (E),299364,-4.96,-0.09711,0.00000
vol3|SD7037 (E),299364,-4.02,-0.06605,0.00000
vol3|SD7037 (E),299364,-2.96,-0.00983,0.00000
vol3|SD7037 (E),299364,-1.95,0.04960,0.00000
vol3|SD7037 (E),299364,-0.95,0.08222,0.00000
vol3|SD7037 (E),299364,-0.24,0.08728,0.00000
vol3|SD7037 (E),299364,0.88,0.09018,0.00000
vol3|SD7037 (E),299364,2.2,0.11098,0.00000
vol3|SD7037 (E),299364,3.2,0.11704,0.00000
vol3|SD7037 (E),299364,4.12,0.11704,0.00000
vol3|SD7037 (E),299364,5.14,0.11704,0.00000
vol3|SD7037 (E),299364,6.16,0.11269,0.00000
vol3|SD7037 (E),299364,7.15,0.11301,0.00000
vol3|SD7037 (E),299364,8.2,0.09338,0.00000
vol3|SD7037 (E),299364,9.2,0.08280,0.00000
vol3|SD7037 (E),299364,10.17,0.02777,0.00000
vol3|SD7037 (E),299364,11.21,0.07812,0.00000
vol3|SD7037 (E),299430,-6.33,-0.17166,0.00000
vol3|SD7037 (E),299430,-5.4,-0.10767,0.00000
vol3|SD7037 (E),299430,-3.97,-0.06605,0.00000
vol3|SD7037 (E),299430,-3.07,-0.01725,0.00000
vol3|SD7037 (E),299430,-2.28,0.04199,0.00000
vol3|SD7037 (E),299430,-1.11,0.08222,0.00000
vol3|SD7037 (E),299430,-0.1,0.08728,0.00000
vol3|SD7037 (E),299430,0.93,0.09018,0.00000
vol3|SD7037 (E),299430,1.87,0.10812,0.00000
vol3|SD7037 (E),299430,2.89,0.11494,0.00000
vol3|SD7037 (E),299430,3.92,0.11704,0.00000
vol3|SD7037 (E),299430,4.92,0.11704,0.00000
vol3|SD7037 (E),299430,5.92,0.11269,0.00000
vol3|SD7037 (E),299430,7.02,0.11301,0.00000
vol3|SD7037 (E),299430,7.97,0.10728,0.00000
vol3|SD7037 (E),299430,8.98,0.07649,0.00000
vol3|SD7037 (E),299430,9.97,0.02777,0.00000
vol3|SD7037 (E),299430,11.06,0.07812,0.00000
vol3|SD7062 (B),59900,-3.82,-0.07085,0.00000
vol3|SD7062 (B),59900,-2.21,-0.00586,0.00000
vol3|SD7062 (B),59900,-0.79,-0.00949,0.00000
vol3|SD7062 (B),59900,0.87,0.00712,0.00000
vol3|SD7062 (B),59900,2.43,0.02527,0.00000
vol3|SD7062 (B),59900,3.9,0.02770,0.00000
vol3|SD7062 (B),59900,5.49,-0.00558,0.00000
vol3|SD7062 (B),59900,6.88,-0.01703,0.00000
vol3|SD7062 (B),59900,8.51,-0.06725,0.00000
vol3|SD7062 (B),59900,9.89,-0.06271,0.00000
vol3|SD7062 (B),59900,11.47,-0.06237,0.00000
vol3|SD7062 (B),99400,-3.23,0.01796,0.00000
vol3|SD7062 (B),99400,-2.2,0.03281,0.00000
vol3|SD7062 (B),99400,-1.21,0.04054,0.00000
vol3|SD7062 (B),99400,-0.16,0.04558,0.00000
vol3|SD7062 (B),99400,0.86,0.06778,0.00000
vol3|SD7062 (B),99400,1.9,0.07941,0.00000
vol3|SD7062 (B),99400,2.96,0.07941,0.00000
vol3|SD7062 (B),99400,3.94,0.07941,0.00000
vol3|SD7062 (B),99400,4.96,0.07941,0.00000
vol3|SD7062 (B),99400,5.98,0.07726,0.00000
vol3|SD7062 (B),99400,7.0,0.06990,0.00000
vol3|SD7062 (B),99400,8.12,0.06747,0.00000
vol3|SD7062 (B),99400,9.04,0.06638,0.00000
vol3|SD7062 (B),99400,10.07,0.06638,0.00000
vol3|SD7062 (B),99400,11.14,0.10563,0.00000
vol3|SD7062 (B),100300,-5.41,-0.04622,0.00000
vol3|SD7062 (B),100300,-3.65,0.01589,0.00000
vol3|SD7062 (B),100300,-2.15,0.03281,0.00000
vol3|SD7062 (B),100300,-0.59,0.04054,0.00000
vol3|SD7062 (B),100300,0.9,0.06778,0.00000
vol3|SD7062 (B),100300,2.46,0.07941,0.00000
vol3|SD7062 (B),100300,3.95,0.07941,0.00000
vol3|SD7062 (B),100300,5.58,0.07726,0.00000
vol3|SD7062 (B),100300,7.06,0.07366,0.00000
vol3|SD7062 (B),100300,8.59,0.07111,0.00000
vol3|SD7062 (B),100300,10.04,0.07014,0.00000
vol3|SD7062 (B),101500,-5.32,-0.04372,0.00000
vol3|SD7062 (B),101500,-4.24,-0.02652,0.00000
vol3|SD7062 (B),199800,-5.33,-0.01971,0.00000
vol3|SD7062 (B),199800,-3.74,0.01212,0.00000
vol3|SD7062 (B),199800,-2.11,0.03189,0.00000
vol3|SD7062 (B),199800,-0.67,0.03962,0.00000
vol3|SD7062 (B),199800,0.86,0.06411,0.00000
vol3|SD7062 (B),199800,2.41,0.07849,0.00000
vol3|SD7062 (B),199800,4.0,0.07849,0.00000
vol3|SD7062 (B),199800,5.51,0.07634,0.00000
vol3|SD7062 (B),199800,7.02,0.07032,0.00000
vol3|SD7062 (B),199800,8.55,0.06935,0.00000
vol3|SD7062 (B),199800,10.12,0.06935,0.00000
vol3|SD7062 (B),199800,11.6,0.08259,0.00000
vol3|SD7062 (B),200400,-5.36,-0.01971,0.00000
vol3|SD7062 (B),200400,-3.79,0.01271,0.00000
vol3|SD7062 (B),200400,-2.15,0.03189,0.00000
vol3|SD7062 (B),200400,-0.63,0.03962,0.00000
vol3|SD7062 (B),200400,0.92,0.06572,0.00000
vol3|SD7062 (B),200400,2.47,0.07849,0.00000
vol3|SD7062 (B),200400,3.92,0.07849,0.00000
vol3|SD7062 (B),200400,5.48,0.07634,0.00000
vol3|SD7062 (B),200400,6.97,0.07032,0.00000
vol3|SD7062 (B),200400,8.49,0.06935,0.00000
vol3|SD7062 (B),200400,10.02,0.06935,0.00000
vol3|SD7062 (B),200400,11.55,0.08259,0.00000
vol3|SD7062 (B),299500,-5.35,0.03667,0.00000
vol3|SD7062 (B),299500,-3.73,0.06578,0.00000
vol3|SD7062 (B),299500,-2.11,0.08115,0.00000
vol3|SD7062 (B),299500,-0.66,0.08887,0.00000
vol3|SD7062 (B),299500,1.02,0.11612,0.00000
vol3|SD7062 (B),299500,2.57,0.12775,0.00000
vol3|SD7062 (B),299500,4.17,0.12775,0.00000
vol3|SD7062 (B),299500,5.72,0.12318,0.00000
vol3|SD7062 (B),299500,7.21,0.11861,0.00000
vol3|SD7062 (B),299500,8.67,0.11861,0.00000
vol3|SD7062 (B),299500,10.21,0.09606,0.00000
vol3|SD7062 (B),299500,11.69,0.13185,0.00000
vol3|SD7062 (B),300300,-5.27,0.02616,0.00000
vol3|SD7062 (B),300300,-3.77,0.05527,0.00000
vol3|SD7062 (B),300300,-2.21,0.07063,0.00000
vol3|SD7062 (B),300300,-0.7,0.07836,0.00000
vol3|SD7062 (B),300300,0.89,0.10630,0.00000
vol3|SD7062 (B),300300,2.34,0.11723,0.00000
vol3|SD7062 (B),300300,4.05,0.11723,0.00000
vol3|SD7062 (B),300300,5.48,0.11508,0.00000
vol3|SD7062 (B),300300,7.1,0.10810,0.00000
vol3|SD7062 (B),300300,8.53,0.10810,0.00000
vol3|SD7062 (B),300300,10.0,0.08554,0.00000
vol3|SD7062 (B),399900,-5.53,0.04891,0.00000
vol3|SD7062 (B),399900,-3.74,0.07904,0.00000
vol3|SD7062 (B),399900,-2.24,0.08799,0.00000
vol3|SD7062 (B),399900,-0.7,0.09572,0.00000
vol3|SD7062 (B),399900,0.86,0.12101,0.00000
vol3|SD7062 (B),399900,2.4,0.12389,0.00000
vol3|SD7062 (B),399900,3.96,0.12389,0.00000
vol3|SD7062 (B),399900,5.54,0.11932,0.00000
vol3|SD7062 (B),399900,7.05,0.11476,0.00000
vol3|SD7062 (B),399900,8.72,0.11219,0.00000
vol3|SD7062 (B),399900,10.23,0.09220,0.00000
vol3|SD7062 (B),399900,11.84,0.14322,0.00000
vol3|SD7062 (B),401200,-5.4,0.11005,0.00000
vol3|SD7062 (B),401200,-3.75,0.13658,0.00000
vol3|SD7062 (B),401200,-2.13,0.14793,0.00000
vol3|SD7062 (B),401200,-0.69,0.15565,0.00000
vol3|SD7062 (B),401200,0.85,0.18094,0.00000
vol3|SD7062 (B),401200,2.39,0.18166,0.00000
vol3|SD7062 (B),401200,3.95,0.18166,0.00000
vol3|SD7062 (B),401200,5.48,0.17709,0.00000
vol3|SD7062 (B),401200,7.05,0.17408,0.00000
vol3|SD7062 (B),401200,8.49,0.17408,0.00000
vol3|SD7062 (B),401200,10.16,0.15152,0.00000
vol3|SD7080,99943,-6.02,-0.42882,0.00000
vol3|SD7080,99943,-4.93,-0.28465,0.00000
vol3|SD7080,99943,-3.91,-0.19566,0.00000
vol3|SD7080,99943,-2.97,-0.13706,0.00000
vol3|SD7080,99943,-1.95,-0.10510,0.00000
vol3|SD7080,99943,-0.76,-0.05649,0.00000
vol3|SD7080,99943,0.18,-0.02116,0.00000
vol3|SD7080,99943,1.22,0.00567,0.00000
vol3|SD7080,99943,2.28,0.02868,0.00000
vol3|SD7080,99943,3.25,0.04504,0.00000
vol3|SD7080,99943,4.21,0.04504,0.00000
vol3|SD7080,99943,5.26,0.04504,0.00000
vol3|SD7080,99943,6.32,0.04504,0.00000
vol3|SD7080,99943,7.29,0.03867,0.00000
vol3|SD7080,99943,8.32,0.02647,0.00000
vol3|SD7080,99943,9.34,0.00826,0.00000
vol3|SD7080,99943,10.32,-0.00536,0.00000
vol3|SD7080,99943,11.24,0.03051,0.00000
vol3|SD7080,149842,-6.01,-0.33416,0.00000
vol3|SD7080,149842,-4.81,-0.25688,0.00000
vol3|SD7080,149842,-3.9,-0.18423,0.00000
vol3|SD7080,149842,-2.86,-0.13291,0.00000
vol3|SD7080,149842,-1.81,-0.06299,0.00000
vol3|SD7080,149842,-0.71,-0.01265,0.00000
vol3|SD7080,149842,0.4,0.00929,0.00000
vol3|SD7080,149842,1.21,0.02187,0.00000
vol3|SD7080,149842,2.24,0.03718,0.00000
vol3|SD7080,149842,3.25,0.05355,0.00000
vol3|SD7080,149842,4.21,0.05355,0.00000
vol3|SD7080,149842,5.31,0.05355,0.00000
vol3|SD7080,149842,6.22,0.05079,0.00000
vol3|SD7080,149842,7.26,0.04924,0.00000
vol3|SD7080,149842,8.34,0.02767,0.00000
vol3|SD7080,149842,9.29,0.01574,0.00000
vol3|SD7080,149842,10.42,0.00314,0.00000
vol3|SD7080,149842,11.22,0.08084,0.00000
vol3|SD7080,199879,-5.94,-0.33817,0.00000
vol3|SD7080,199879,-5.34,-0.27174,0.00000
vol3|SD7080,199879,-3.84,-0.14466,0.00000
vol3|SD7080,199879,-2.75,-0.07243,0.00000
vol3|SD7080,199879,-1.71,-0.01735,0.00000
vol3|SD7080,199879,-0.75,0.00679,0.00000
vol3|SD7080,199879,0.24,0.03362,0.00000
vol3|SD7080,199879,1.41,0.04956,0.00000
vol3|SD7080,199879,2.27,0.05663,0.00000
vol3|SD7080,199879,3.24,0.07300,0.00000
vol3|SD7080,199879,4.4,0.07300,0.00000
vol3|SD7080,199879,5.09,0.07300,0.00000
vol3|SD7080,199879,6.31,0.07023,0.00000
vol3|SD7080,199879,7.25,0.06511,0.00000
vol3|SD7080,199879,8.28,0.05471,0.00000
vol3|SD7080,199879,9.34,0.03916,0.00000
vol3|SD7080,199879,10.23,0.03662,0.00000
vol3|SD7080,199879,11.26,0.13766,0.00000
vol3|SD7080,299767,-6.19,-0.30757,0.00000
vol3|SD7080,299767,-5.06,-0.12663,0.00000
vol3|SD7080,299767,-4.1,-0.09766,0.00000
vol3|SD7080,299767,-3.04,-0.05211,0.00000
vol3|SD7080,299767,-1.96,0.03575,0.00000
vol3|SD7080,299767,-0.77,0.06794,0.00000
vol3|SD7080,299767,0.21,0.08193,0.00000
vol3|SD7080,299767,1.26,0.08525,0.00000
vol3|SD7080,299767,2.16,0.09018,0.00000
vol3|SD7080,299767,2.86,0.10771,0.00000
vol3|SD7080,299767,4.35,0.11362,0.00000
vol3|SD7080,299767,5.19,0.11362,0.00000
vol3|SD7080,299767,6.17,0.11072,0.00000
vol3|SD7080,299767,7.29,0.10359,0.00000
vol3|SD7080,299767,8.34,0.09320,0.00000
vol3|SD7080,299767,9.35,0.08472,0.00000
vol3|SD7080,299767,10.23,0.05407,0.00000
vol3|SD7080,299767,11.26,0.11974,0.00000
vol3|SG6040,99872,-3.97,-0.10774,0.00000
vol3|SG6040,99872,-3.01,-0.08206,0.00000
vol3|SG6040,99872,-1.87,-0.04884,0.00000
vol3|SG6040,99872,-0.85,0.01575,0.00000
vol3|SG6040,99872,0.25,0.03806,0.00000
vol3|SG6040,99872,1.08,0.04361,0.00000
vol3|SG6040,99872,2.31,0.04984,0.00000
vol3|SG6040,99872,3.3,0.06645,0.00000
vol3|SG6040,99872,4.23,0.07082,0.00000
vol3|SG6040,99872,5.2,0.07082,0.00000
vol3|SG6040,99872,6.37,0.07082,0.00000
vol3|SG6040,99872,7.25,0.07082,0.00000
vol3|SG6040,99872,8.3,0.06755,0.00000
vol3|SG6040,99872,9.38,0.06535,0.00000
vol3|SG6040,99872,10.36,0.05719,0.00000
vol3|SG6040,99872,11.43,0.06361,0.00000
vol3|SG6040,100031,-6.06,-0.21605,0.00000
vol3|SG6040,100031,-4.87,-0.12545,0.00000
vol3|SG6040,137122,-4.27,-0.07073,0.00000
vol3|SG6040,137122,-2.55,-0.00262,0.00000
vol3|SG6040,137122,-1.45,0.03633,0.00000
vol3|SG6040,137122,0.3,0.04841,0.00000
vol3|SG6040,137122,2.01,0.06976,0.00000
vol3|SG6040,137122,3.37,0.07413,0.00000
vol3|SG6040,137122,4.99,0.07413,0.00000
vol3|SG6040,137122,6.36,0.07413,0.00000
vol3|SG6040,137122,7.87,0.07099,0.00000
vol3|SG6040,137122,9.29,0.06865,0.00000
vol3|SG6040,137122,10.98,0.11581,0.00000
vol3|SG6040,137122,5.25,0.07413,0.00000
vol3|SG6040,149553,-6.93,-0.17778,0.00000
vol3|SG6040,149553,-6.1,-0.11899,0.00000
vol3|SG6040,149726,-5.9,-0.10969,0.00000
vol3|SG6040,149969,-4.83,-0.06465,0.00000
vol3|SG6040,149969,-3.98,-0.06465,0.00000
vol3|SG6040,149969,-2.38,0.01906,0.00000
vol3|SG6040,149969,-1.77,0.02362,0.00000
vol3|SG6040,149969,-0.95,0.04188,0.00000
vol3|SG6040,149969,0.37,0.04841,0.00000
vol3|SG6040,149969,1.27,0.05706,0.00000
vol3|SG6040,149969,2.39,0.06976,0.00000
vol3|SG6040,149969,3.43,0.07413,0.00000
vol3|SG6040,149969,4.43,0.07413,0.00000
vol3|SG6040,149969,5.57,0.07413,0.00000
vol3|SG6040,149969,6.87,0.07413,0.00000
vol3|SG6040,149969,7.25,0.07413,0.00000
vol3|SG6040,149969,8.55,0.06865,0.00000
vol3|SG6040,149969,9.39,0.06865,0.00000
vol3|SG6040,149969,10.59,0.05703,0.00000
vol3|SG6040,149969,11.24,0.11581,0.00000
vol3|SG6040,199979,-6.81,-0.10820,0.00000
vol3|SG6040,199979,-5.7,-0.07378,0.00000
vol3|SG6040,199979,-5.14,-0.04960,0.00000
vol3|SG6040,199979,-3.54,-0.00689,0.00000
vol3|SG6040,199979,-2.76,0.03357,0.00000
vol3|SG6040,199979,-1.61,0.05407,0.00000
vol3|SG6040,199979,-0.69,0.05752,0.00000
vol3|SG6040,199979,0.53,0.05901,0.00000
vol3|SG6040,199979,1.18,0.08036,0.00000
vol3|SG6040,199979,2.3,0.08190,0.00000
vol3|SG6040,199979,3.34,0.08472,0.00000
vol3|SG6040,199979,4.34,0.08472,0.00000
vol3|SG6040,199979,5.32,0.08472,0.00000
vol3|SG6040,199979,6.48,0.08472,0.00000
vol3|SG6040,199979,7.4,0.08472,0.00000
vol3|SG6040,199979,8.49,0.08145,0.00000
vol3|SG6040,199979,9.51,0.07925,0.00000
vol3|SG6040,199979,10.37,0.06748,0.00000
vol3|SG6040,199979,11.42,0.08444,0.00000
vol3|SG6040,299663,-8.07,-0.08329,0.00000
vol3|SG6040,299663,-7.06,-0.04712,0.00000
vol3|SG6040,299663,-6.04,-0.03223,0.00000
vol3|SG6040,299663,-4.93,-0.01091,0.00000
vol3|SG6040,299663,-3.99,-0.00187,0.00000
vol3|SG6040,299663,-2.96,0.05563,0.00000
vol3|SG6040,299663,-1.93,0.09083,0.00000
vol3|SG6040,299663,-0.54,0.09900,0.00000
vol3|SG6040,299663,0.27,0.09900,0.00000
vol3|SG6040,299663,1.31,0.12034,0.00000
vol3|SG6040,299663,2.26,0.12189,0.00000
vol3|SG6040,299663,3.45,0.12471,0.00000
vol3|SG6040,299663,4.05,0.12471,0.00000
vol3|SG6040,299663,5.02,0.12471,0.00000
vol3|SG6040,299663,6.65,0.12471,0.00000
vol3|SG6040,299663,7.5,0.12471,0.00000
vol3|SG6040,299663,8.63,0.11924,0.00000
vol3|SG6040,299663,9.6,0.11543,0.00000
vol3|SG6040,299663,10.53,0.10502,0.00000
vol3|SG6040,299663,11.39,0.12442,0.00000
vol3|SG6040,299854,-5.96,-0.03223,0.00000
vol3|SG6040,299854,-4.4,-0.01091,0.00000
vol3|SG6040,299854,-2.9,0.05563,0.00000
vol3|SG6040,299854,-1.21,0.09638,0.00000
vol3|SG6040,299854,0.35,0.09900,0.00000
vol3|SG6040,299854,2.01,0.12189,0.00000
vol3|SG6040,299854,3.65,0.12471,0.00000
vol3|SG6040,299854,4.62,0.12471,0.00000
vol3|SG6040,299854,6.14,0.12471,0.00000
vol3|SG6040,299854,7.63,0.12471,0.00000
vol3|SG6040,299854,9.64,0.11551,0.00000
vol3|SG6040,299854,10.93,0.17078,0.00000
vol3|SG6040,399758,-8.07,-0.12363,0.00000
vol3|SG6040,399758,-7.09,-0.05959,0.00000
vol3|SG6040,399758,-5.95,-0.04652,0.00000
vol3|SG6040,399758,-5.0,-0.02040,0.00000
vol3|SG6040,399758,-3.99,-0.01608,0.00000
vol3|SG6040,399758,-2.97,0.04207,0.00000
vol3|SG6040,399758,-1.9,0.07173,0.00000
vol3|SG6040,399758,-0.89,0.07728,0.00000
vol3|SG6040,399758,0.23,0.07877,0.00000
vol3|SG6040,399758,1.14,0.10012,0.00000
vol3|SG6040,399758,2.29,0.10167,0.00000
vol3|SG6040,399758,3.35,0.10935,0.00000
vol3|SG6040,399758,4.26,0.10489,0.00000
vol3|SG6040,399758,5.26,0.10489,0.00000
vol3|SG6040,399758,6.43,0.10489,0.00000
vol3|SG6040,399758,7.51,0.10489,0.00000
vol3|SG6040,399758,8.54,0.09942,0.00000
vol3|SG6040,399758,9.64,0.08851,0.00000
vol3|SG6040,399758,10.62,0.08520,0.00000
vol3|SG6040,399758,11.55,0.10460,0.00000
vol3|SG6040,498293,-5.92,0.04228,0.00000
vol3|SG6040,498293,-4.96,0.05741,0.00000
vol3|SG6040,498293,-4.04,0.06580,0.00000
vol3|SG6040,498293,-2.97,0.12395,0.00000
vol3|SG6040,498293,-1.94,0.15139,0.00000
vol3|SG6040,498293,-0.9,0.15694,0.00000
vol3|SG6040,498293,0.11,0.15844,0.00000
vol3|SG6040,498293,1.13,0.17978,0.00000
vol3|SG6040,498293,2.19,0.18133,0.00000
vol3|SG6040,498293,3.21,0.18902,0.00000
vol3|SG6040,498293,4.25,0.18902,0.00000
vol3|SG6040,498293,5.25,0.18902,0.00000
vol3|SG6040,498293,6.34,0.18455,0.00000
vol3|SG6040,498293,7.12,0.18455,0.00000
vol3|SG6040,498293,8.53,0.17527,0.00000
vol3|SG6040,498293,9.23,0.16817,0.00000
vol3|SG6040,498293,10.3,0.16817,0.00000
vol3|SG6040,498293,11.33,0.24412,0.00000
vol3|SG6040,500268,-5.95,0.04228,0.00000
vol3|SG6040,500268,-4.47,0.05741,0.00000
vol3|SG6040,500268,-2.9,0.12395,0.00000
vol3|SG6040,500268,-1.3,0.15694,0.00000
vol3|SG6040,500268,0.16,0.15844,0.00000
vol3|SG6040,500268,1.71,0.17978,0.00000
vol3|SG6040,500268,3.3,0.18902,0.00000
vol3|SG6040,500268,4.74,0.18902,0.00000
vol3|SG6040,500268,6.44,0.18455,0.00000
vol3|SG6040,500268,8.14,0.18128,0.00000
vol3|SG6040,500268,9.91,0.16817,0.00000
vol3|SG6041,99837,-7.41,-0.33536,0.00000
vol3|SG6041,99837,-6.51,-0.41093,0.00000
vol3|SG6041,99837,-5.13,-0.32409,0.00000
vol3|SG6041,99837,-4.47,-0.27270,0.00000
vol3|SG6041,99837,-3.45,-0.20316,0.00000
vol3|SG6041,99837,-2.37,-0.11174,0.00000
vol3|SG6041,99837,-1.39,-0.10763,0.00000
vol3|SG6041,99837,-0.29,-0.03991,0.00000
vol3|SG6041,99837,0.68,-0.00453,0.00000
vol3|SG6041,99837,1.74,0.01972,0.00000
vol3|SG6041,99837,2.68,0.04798,0.00000
vol3|SG6041,99837,3.56,0.04953,0.00000
vol3|SG6041,99837,4.94,0.05235,0.00000
vol3|SG6041,99837,5.84,0.05235,0.00000
vol3|SG6041,99837,7.03,0.04854,0.00000
vol3|SG6041,99837,7.85,0.04301,0.00000
vol3|SG6041,99837,9.15,0.03375,0.00000
vol3|SG6041,99837,9.86,0.02895,0.00000
vol3|SG6041,99837,10.89,0.07443,0.00000
vol3|SG6041,144195,-5.68,-0.42603,0.00000
vol3|SG6041,144195,-4.36,-0.29182,0.00000
vol3|SG6041,144195,-2.86,-0.13092,0.00000
vol3|SG6041,144195,-1.24,-0.09243,0.00000
vol3|SG6041,144195,0.29,0.01172,0.00000
vol3|SG6041,144195,1.88,0.02837,0.00000
vol3|SG6041,144195,3.28,0.04953,0.00000
vol3|SG6041,144195,5.0,0.05235,0.00000
vol3|SG6041,144195,6.38,0.04854,0.00000
vol3|SG6041,144195,7.87,0.04144,0.00000
vol3|SG6041,144195,9.53,0.03813,0.00000
vol3|SG6041,144195,10.92,0.09403,0.00000
vol3|SG6041,144195,6.0,0.05235,0.00000
vol3|SG6041,149940,-6.36,-0.36614,0.00000
vol3|SG6041,149940,-5.2,-0.32927,0.00000
vol3|SG6041,149940,-4.26,-0.27040,0.00000
vol3|SG6041,149940,-3.1,-0.13245,0.00000
vol3|SG6041,149940,-2.18,-0.10535,0.00000
vol3|SG6041,149940,-0.82,-0.02684,0.00000
vol3|SG6041,149940,-0.11,0.00617,0.00000
vol3|SG6041,149940,1.03,0.01972,0.00000
vol3|SG6041,149940,1.96,0.04798,0.00000
vol3|SG6041,149940,2.72,0.04798,0.00000
vol3|SG6041,149940,4.09,0.05235,0.00000
vol3|SG6041,149940,4.95,0.05235,0.00000
vol3|SG6041,149940,6.18,0.04857,0.00000
vol3|SG6041,149940,6.84,0.04854,0.00000
vol3|SG6041,149940,7.82,0.04144,0.00000
vol3|SG6041,149940,9.12,0.03813,0.00000
vol3|SG6041,149940,10.06,0.03061,0.00000
vol3|SG6041,149940,11.09,0.08811,0.00000
vol3|SG6041,199832,-5.31,-0.34097,0.00000
vol3|SG6041,199832,-4.36,-0.21078,0.00000
vol3|SG6041,199832,-3.27,-0.10749,0.00000
vol3|SG6041,199832,-2.28,-0.07472,0.00000
vol3|SG6041,199832,-1.28,-0.02246,0.00000
vol3|SG6041,199832,-0.11,0.02583,0.00000
vol3|SG6041,199832,0.82,0.03938,0.00000
vol3|SG6041,199832,1.83,0.06764,0.00000
vol3|SG6041,199832,2.83,0.06717,0.00000
vol3|SG6041,199832,3.95,0.07201,0.00000
vol3|SG6041,199832,4.87,0.07201,0.00000
vol3|SG6041,199832,5.95,0.06823,0.00000
vol3|SG6041,199832,6.83,0.06598,0.00000
vol3|SG6041,199832,7.86,0.06110,0.00000
vol3|SG6041,199832,8.84,0.06110,0.00000
vol3|SG6041,199832,9.96,0.05466,0.00000
vol3|SG6041,199832,11.14,0.11370,0.00000
vol3|SG6041,299200,-5.85,-0.31956,0.00000
vol3|SG6041,299200,-4.3,-0.07940,0.00000
vol3|SG6041,299200,-2.84,-0.01732,0.00000
vol3|SG6041,299200,-1.21,0.05656,0.00000
vol3|SG6041,299200,0.44,0.08589,0.00000
vol3|SG6041,299200,1.94,0.11565,0.00000
vol3|SG6041,299200,3.39,0.11720,0.00000
vol3|SG6041,299200,4.89,0.12042,0.00000
vol3|SG6041,299200,6.39,0.11438,0.00000
vol3|SG6041,299200,8.08,0.10951,0.00000
vol3|SG6041,299200,9.41,0.10951,0.00000
vol3|SG6041,299200,10.9,0.17756,0.00000
vol3|SG6041,299731,-5.91,-0.31563,0.00000
vol3|SG6041,299731,-4.98,-0.11004,0.00000
vol3|SG6041,299731,-3.94,-0.07518,0.00000
vol3|SG6041,299731,-2.82,-0.01732,0.00000
vol3|SG6041,299731,-1.91,0.03901,0.00000
vol3|SG6041,299731,-0.83,0.06923,0.00000
vol3|SG6041,299731,0.25,0.08589,0.00000
vol3|SG6041,299731,1.07,0.09430,0.00000
vol3|SG6041,299731,2.56,0.11565,0.00000
vol3|SG6041,299731,3.28,0.11720,0.00000
vol3|SG6041,299731,4.27,0.12488,0.00000
vol3|SG6041,299731,5.26,0.12042,0.00000
vol3|SG6041,299731,6.33,0.11670,0.00000
vol3|SG6041,299731,7.41,0.10951,0.00000
vol3|SG6041,299731,8.47,0.10951,0.00000
vol3|SG6041,299731,9.37,0.10951,0.00000
vol3|SG6041,299731,10.39,0.10073,0.00000
vol3|SG6041,299731,11.38,0.12000,0.00000
vol3|SG6041,399121,-6.54,-0.35371,0.00000
vol3|SG6041,399121,-5.44,-0.11405,0.00000
vol3|SG6041,399121,-4.47,-0.08946,0.00000
vol3|SG6041,399121,-3.44,-0.05846,0.00000
vol3|SG6041,399121,-2.4,0.00278,0.00000
vol3|SG6041,399121,-1.4,0.03674,0.00000
vol3|SG6041,399121,-0.38,0.06607,0.00000
vol3|SG6041,399121,0.71,0.07448,0.00000
vol3|SG6041,399121,1.67,0.07448,0.00000
vol3|SG6041,399121,2.72,0.09583,0.00000
vol3|SG6041,399121,3.79,0.10020,0.00000
vol3|SG6041,399121,4.83,0.10506,0.00000
vol3|SG6041,399121,6.15,0.09456,0.00000
vol3|SG6041,399121,6.94,0.08969,0.00000
vol3|SG6041,399121,7.89,0.08969,0.00000
vol3|SG6041,399121,9.05,0.08969,0.00000
vol3|SG6041,399121,9.9,0.08421,0.00000
vol3|SG6041,399121,10.97,0.14215,0.00000
vol3|SG6041,399121,11.95,0.05698,0.00000
vol3|SG6041,498408,-6.48,-0.23568,0.00000
vol3|SG6041,498408,-5.41,-0.07876,0.00000
vol3|SG6041,498408,-4.45,-0.04615,0.00000
vol3|SG6041,498408,-3.4,-0.03811,0.00000
vol3|SG6041,498408,-2.4,0.04802,0.00000
vol3|SG6041,498408,-1.34,0.06138,0.00000
vol3|SG6041,498408,-0.33,0.08421,0.00000
vol3|SG6041,498408,0.79,0.09262,0.00000
vol3|SG6041,498408,1.77,0.09549,0.00000
vol3|SG6041,498408,2.72,0.11397,0.00000
vol3|SG6041,498408,3.83,0.11833,0.00000
vol3|SG6041,498408,4.85,0.12320,0.00000
vol3|SG6041,498408,6.0,0.11236,0.00000
vol3|SG6041,498408,7.24,0.10783,0.00000
vol3|SG6041,498408,8.35,0.10783,0.00000
vol3|SG6041,498408,9.35,0.10469,0.00000
vol3|SG6041,498408,10.16,0.11099,0.00000
vol3|SG6041,498408,11.09,0.12556,0.00000
vol3|SG6041,498804,-5.87,-0.12033,0.00000
vol3|SG6041,498804,-4.31,-0.04615,0.00000
vol3|SG6041,498804,-2.72,0.02034,0.00000
vol3|SG6041,498804,-1.46,0.06138,0.00000
vol3|SG6041,498804,0.22,0.09113,0.00000
vol3|SG6041,498804,1.71,0.09262,0.00000
vol3|SG6041,498804,3.34,0.11551,0.00000
vol3|SG6041,498804,4.86,0.12320,0.00000
vol3|SG6041,498804,6.6,0.10783,0.00000
vol3|SG6041,498804,8.03,0.10783,0.00000
vol3|SG6041,498804,9.59,0.10455,0.00000
vol3|SG6041,498804,10.87,0.14055,0.00000
vol3|SG6042,99645,9.29,0.03616,0.00000
vol3|SG6042,99645,10.36,0.02752,0.00000
vol3|SG6042,99645,11.39,0.02640,0.00000
vol3|SG6042,99856,-5.13,-0.33680,0.00000
vol3|SG6042,99856,-3.78,-0.33928,0.00000
vol3|SG6042,99856,-3.02,-0.23675,0.00000
vol3|SG6042,99856,-1.97,-0.18257,0.00000
vol3|SG6042,99856,-0.94,-0.03985,0.00000
vol3|SG6042,99856,0.08,-0.01093,0.00000
vol3|SG6042,99856,1.06,0.01291,0.00000
vol3|SG6042,99856,2.09,0.02576,0.00000
vol3|SG6042,99856,3.14,0.05898,0.00000
vol3|SG6042,99856,4.32,0.06149,0.00000
vol3|SG6042,99856,5.23,0.06149,0.00000
vol3|SG6042,99856,6.2,0.06149,0.00000
vol3|SG6042,99856,7.28,0.05359,0.00000
vol3|SG6042,99856,8.25,0.04662,0.00000
vol3|SG6042,149755,-6.25,-0.32975,0.00000
vol3|SG6042,149755,-4.44,-0.28717,0.00000
vol3|SG6042,149755,-2.81,-0.10918,0.00000
vol3|SG6042,149755,-1.3,-0.01519,0.00000
vol3|SG6042,149755,0.33,0.01996,0.00000
vol3|SG6042,149755,1.91,0.06603,0.00000
vol3|SG6042,149755,3.12,0.06603,0.00000
vol3|SG6042,149755,4.91,0.06603,0.00000
vol3|SG6042,149755,6.4,0.06603,0.00000
vol3|SG6042,149755,7.87,0.05116,0.00000
vol3|SG6042,149755,9.43,0.04340,0.00000
vol3|SG6042,149755,10.85,0.08161,0.00000
vol3|SG6042,150036,-4.86,-0.31699,0.00000
vol3|SG6042,150036,-3.77,-0.23079,0.00000
vol3|SG6042,150036,-2.78,-0.10918,0.00000
vol3|SG6042,150036,-1.73,-0.02244,0.00000
vol3|SG6042,150036,-0.65,0.00855,0.00000
vol3|SG6042,150036,0.57,0.01996,0.00000
vol3|SG6042,150036,1.4,0.03433,0.00000
vol3|SG6042,150036,2.41,0.06603,0.00000
vol3|SG6042,150036,3.39,0.06603,0.00000
vol3|SG6042,150036,4.53,0.06603,0.00000
vol3|SG6042,150036,5.43,0.06603,0.00000
vol3|SG6042,150036,6.47,0.06603,0.00000
vol3|SG6042,150036,7.45,0.05369,0.00000
vol3|SG6042,150036,8.53,0.04035,0.00000
vol3|SG6042,150036,9.53,0.04340,0.00000
vol3|SG6042,150036,10.31,0.03168,0.00000
vol3|SG6042,150036,11.45,0.07405,0.00000
vol3|SG6042,199860,-4.82,-0.24492,0.00000
vol3|SG6042,199860,-3.98,-0.14260,0.00000
vol3|SG6042,199860,-2.89,-0.04462,0.00000
vol3|SG6042,199860,-1.86,-0.01354,0.00000
vol3|SG6042,199860,-0.93,0.02578,0.00000
vol3|SG6042,199860,0.32,0.04193,0.00000
vol3|SG6042,199860,1.25,0.07742,0.00000
vol3|SG6042,199860,2.24,0.07901,0.00000
vol3|SG6042,199860,3.29,0.07901,0.00000
vol3|SG6042,199860,4.31,0.07901,0.00000
vol3|SG6042,199860,5.39,0.07901,0.00000
vol3|SG6042,199860,6.07,0.07901,0.00000
vol3|SG6042,199860,7.3,0.06920,0.00000
vol3|SG6042,199860,8.37,0.05378,0.00000
vol3|SG6042,199860,9.28,0.05846,0.00000
vol3|SG6042,199860,10.45,0.03788,0.00000
vol3|SG6042,199860,11.35,0.10162,0.00000
vol3|SG6042,296406,4.12,0.10548,0.00000
vol3|SG6042,297125,4.18,0.10548,0.00000
vol3|SG6042,297588,4.17,0.10948,0.00000
vol3|SG6042,298038,4.15,0.13029,0.00000
vol3|SG6042,298038,4.65,0.13029,0.00000
vol3|SG6042,298038,4.15,0.13029,0.00000
vol3|SG6042,298038,4.65,0.13029,0.00000
vol3|SG6042,298582,4.18,0.13029,0.00000
vol3|SG6042,298582,4.65,0.13029,0.00000
vol3|SG6042,298582,4.18,0.13029,0.00000
vol3|SG6042,298582,4.65,0.13029,0.00000
vol3|SG6042,298660,4.16,0.13029,0.00000
vol3|SG6042,298660,4.64,0.13029,0.00000
vol3|SG6042,298687,4.14,0.13029,0.00000
vol3|SG6042,298687,4.65,0.13029,0.00000
vol3|SG6042,298744,4.22,0.13029,0.00000
vol3|SG6042,298744,4.64,0.13029,0.00000
vol3|SG6042,298864,4.13,0.13029,0.00000
vol3|SG6042,298864,4.67,0.13029,0.00000
vol3|SG6042,298876,4.18,0.13029,0.00000
vol3|SG6042,298876,4.66,0.13029,0.00000
vol3|SG6042,298882,-6.06,-0.26219,0.00000
vol3|SG6042,298882,-4.52,-0.08474,0.00000
vol3|SG6042,298882,-2.93,0.03102,0.00000
vol3|SG6042,298882,-1.42,0.05808,0.00000
vol3|SG6042,298882,0.19,0.09114,0.00000
vol3|SG6042,298882,1.68,0.12435,0.00000
vol3|SG6042,298882,3.22,0.13029,0.00000
vol3|SG6042,298882,4.72,0.13029,0.00000
vol3|SG6042,298882,6.36,0.12010,0.00000
vol3|SG6042,298882,7.96,0.10229,0.00000
vol3|SG6042,298882,9.5,0.09232,0.00000
vol3|SG6042,298882,11.02,0.15284,0.00000
vol3|SG6042,298975,-5.37,-0.16682,0.00000
vol3|SG6042,298975,-3.76,0.00260,0.00000
vol3|SG6042,298975,-5.37,-0.16682,0.00000
vol3|SG6042,298975,-3.76,0.00260,0.00000
vol3|SG6042,299228,-6.14,-0.25606,0.00000
vol3|SG6042,299228,-4.53,-0.07861,0.00000
vol3|SG6042,299228,-2.91,0.03102,0.00000
vol3|SG6042,299228,-1.39,0.05808,0.00000
vol3|SG6042,299228,0.13,0.09114,0.00000
vol3|SG6042,299228,1.6,0.12435,0.00000
vol3|SG6042,299228,3.28,0.13029,0.00000
vol3|SG6042,299228,4.8,0.13029,0.00000
vol3|SG6042,299228,6.24,0.12010,0.00000
vol3|SG6042,299228,8.16,0.10229,0.00000
vol3|SG6042,299228,9.63,0.09232,0.00000
vol3|SG6042,299228,10.92,0.15284,0.00000
vol3|SG6042,299308,-6.14,-0.26716,0.00000
vol3|SG6042,299308,-4.5,-0.08971,0.00000
vol3|SG6042,299308,-2.96,0.01993,0.00000
vol3|SG6042,299308,-1.41,0.04698,0.00000
vol3|SG6042,299308,0.07,0.08004,0.00000
vol3|SG6042,299308,1.71,0.11325,0.00000
vol3|SG6042,299308,3.17,0.11919,0.00000
vol3|SG6042,299308,4.78,0.11919,0.00000
vol3|SG6042,299308,6.26,0.10900,0.00000
vol3|SG6042,299308,7.64,0.09282,0.00000
vol3|SG6042,299308,9.7,0.08123,0.00000
vol3|SG6042,299308,10.77,0.13580,0.00000
vol3|SG6042,299566,-6.14,-0.26716,0.00000
vol3|SG6042,299566,-4.5,-0.08971,0.00000
vol3|SG6042,299566,-2.79,0.02461,0.00000
vol3|SG6042,299566,-1.32,0.06002,0.00000
vol3|SG6042,299566,0.07,0.08004,0.00000
vol3|SG6042,299566,1.71,0.11325,0.00000
vol3|SG6042,299566,3.41,0.11919,0.00000
vol3|SG6042,299566,4.56,0.11919,0.00000
vol3|SG6042,299566,6.69,0.10250,0.00000
vol3|SG6042,299566,8.11,0.09120,0.00000
vol3|SG6042,299566,9.19,0.08209,0.00000
vol3|SG6042,299566,10.77,0.13580,0.00000
vol3|SG6042,299566,-6.14,-0.26716,0.00000
vol3|SG6042,299566,-4.5,-0.08971,0.00000
vol3|SG6042,299566,-2.79,0.02461,0.00000
vol3|SG6042,299566,-1.32,0.06002,0.00000
vol3|SG6042,299566,0.07,0.08004,0.00000
vol3|SG6042,299566,1.71,0.11325,0.00000
vol3|SG6042,299566,3.41,0.11919,0.00000
vol3|SG6042,299566,4.56,0.11919,0.00000
vol3|SG6042,299566,6.69,0.10250,0.00000
vol3|SG6042,299566,8.11,0.09120,0.00000
vol3|SG6042,299566,9.19,0.08209,0.00000
vol3|SG6042,299566,10.77,0.13580,0.00000
vol3|SG6042,299571,-5.09,-0.15912,0.00000
vol3|SG6042,299571,-4.01,-0.04268,0.00000
vol3|SG6042,299571,-3.02,0.01993,0.00000
vol3|SG6042,299571,-1.94,0.03016,0.00000
vol3|SG6042,299571,-0.9,0.06718,0.00000
vol3|SG6042,299571,0.09,0.08004,0.00000
vol3|SG6042,299571,1.11,0.11325,0.00000
vol3|SG6042,299571,2.11,0.11919,0.00000
vol3|SG6042,299571,3.16,0.11919,0.00000
vol3|SG6042,299571,4.22,0.11919,0.00000
vol3|SG6042,299571,5.42,0.11231,0.00000
vol3|SG6042,299571,6.37,0.10900,0.00000
vol3|SG6042,299571,7.44,0.09307,0.00000
vol3|SG6042,299571,8.41,0.09120,0.00000
vol3|SG6042,299571,9.85,0.08123,0.00000
vol3|SG6042,299571,10.32,0.08123,0.00000
vol3|SG6042,299571,11.5,0.13184,0.00000
vol3|SG6042,299571,-5.09,-0.15912,0.00000
vol3|SG6042,299571,-4.01,-0.04268,0.00000
vol3|SG6042,299571,-3.02,0.01993,0.00000
vol3|SG6042,299571,-1.94,0.03016,0.00000
vol3|SG6042,299571,-0.9,0.06718,0.00000
vol3|SG6042,299571,0.09,0.08004,0.00000
vol3|SG6042,299571,1.11,0.11325,0.00000
vol3|SG6042,299571,2.11,0.11919,0.00000
vol3|SG6042,299571,3.16,0.11919,0.00000
vol3|SG6042,299571,4.22,0.11919,0.00000
vol3|SG6042,299571,5.42,0.11231,0.00000
vol3|SG6042,299571,6.37,0.10900,0.00000
vol3|SG6042,299571,7.44,0.09307,0.00000
vol3|SG6042,299571,8.41,0.09120,0.00000
vol3|SG6042,299571,9.85,0.08123,0.00000
vol3|SG6042,299571,10.32,0.08123,0.00000
vol3|SG6042,299571,11.5,0.13184,0.00000
vol3|SG6042,299822,-6.15,-0.26716,0.00000
vol3|SG6042,299822,-4.56,-0.09750,0.00000
vol3|SG6042,299822,-2.96,0.01993,0.00000
vol3|SG6042,299822,-1.41,0.04698,0.00000
vol3|SG6042,299822,0.13,0.08004,0.00000
vol3|SG6042,299822,1.92,0.11325,0.00000
vol3|SG6042,299822,3.17,0.11919,0.00000
vol3|SG6042,299822,4.66,0.11919,0.00000
vol3|SG6042,299822,6.35,0.10900,0.00000
vol3|SG6042,299822,7.98,0.09120,0.00000
vol3|SG6042,299822,9.53,0.08123,0.00000
vol3|SG6042,299822,11.07,0.14174,0.00000
vol3|SG6042,299932,-6.13,-0.26716,0.00000
vol3|SG6042,299932,-4.78,-0.09749,0.00000
vol3|SG6042,299932,-3.03,0.01993,0.00000
vol3|SG6042,299932,-1.36,0.04948,0.00000
vol3|SG6042,299932,0.25,0.08004,0.00000
vol3|SG6042,299932,1.93,0.11325,0.00000
vol3|SG6042,299932,3.13,0.11919,0.00000
vol3|SG6042,299932,4.84,0.11919,0.00000
vol3|SG6042,299932,6.35,0.10900,0.00000
vol3|SG6042,299932,8.08,0.09120,0.00000
vol3|SG6042,299932,9.55,0.08123,0.00000
vol3|SG6042,299932,11.12,0.14174,0.00000
vol3|SG6042,399200,-5.32,-0.09382,0.00000
vol3|SG6042,399200,-4.15,0.01703,0.00000
vol3|SG6042,399200,-2.92,0.02458,0.00000
vol3|SG6042,399200,-1.97,0.05373,0.00000
vol3|SG6042,399200,-0.95,0.07837,0.00000
vol3|SG6042,399200,0.07,0.10231,0.00000
vol3|SG6042,399200,1.06,0.12058,0.00000
vol3|SG6042,399200,2.12,0.12651,0.00000
vol3|SG6042,399200,3.16,0.12651,0.00000
vol3|SG6042,399200,4.17,0.12651,0.00000
vol3|SG6042,399200,5.21,0.12651,0.00000
vol3|SG6042,399200,6.25,0.11193,0.00000
vol3|SG6042,399200,7.29,0.10014,0.00000
vol3|SG6042,399200,8.42,0.09613,0.00000
vol3|SG6042,399200,9.38,0.09108,0.00000
vol3|SG6042,399200,10.49,0.08569,0.00000
vol3|SG6042,399200,11.93,0.13916,0.00000
vol3|SG6042,498399,-4.96,0.09313,0.00000
vol3|SG6042,498399,-3.98,0.13965,0.00000
vol3|SG6042,498399,-3.24,0.14059,0.00000
vol3|SG6042,498548,-1.84,0.16281,0.00000
vol3|SG6042,498548,-0.9,0.20014,0.00000
vol3|SG6042,498548,0.1,0.20913,0.00000
vol3|SG6042,498548,1.24,0.22740,0.00000
vol3|SG6042,498548,2.15,0.23334,0.00000
vol3|SG6042,498548,3.17,0.23334,0.00000
vol3|SG6042,498548,4.2,0.23334,0.00000
vol3|SG6042,498548,5.21,0.23334,0.00000
vol3|SG6042,498548,6.25,0.21664,0.00000
vol3|SG6042,498548,7.3,0.20534,0.00000
vol3|SG6042,498548,8.31,0.19877,0.00000
vol3|SG6042,498548,9.36,0.19790,0.00000
vol3|SG6042,498548,10.52,0.19251,0.00000
vol3|SG6042,498548,11.66,0.25031,0.00000
vol3|SG6042,499026,-4.46,0.13745,0.00000
vol3|SG6042,499026,-3.0,0.16327,0.00000
vol3|SG6042,499026,-1.31,0.18597,0.00000
vol3|SG6042,499026,-0.05,0.22295,0.00000
vol3|SG6042,499026,1.6,0.24027,0.00000
vol3|SG6042,499026,3.31,0.24621,0.00000
vol3|SG6042,499026,4.71,0.24621,0.00000
vol3|SG6042,499026,6.1,0.22951,0.00000
vol3|SG6042,499026,7.79,0.21821,0.00000
vol3|SG6042,499026,9.47,0.21077,0.00000
vol3|SG6042,499026,10.96,0.26876,0.00000
vol3|SG6042,500070,-5.6,0.08642,0.00000
vol3|SG6042,500070,-5.02,0.10695,0.00000
vol3|SG6043,99681,-4.32,-0.06346,0.00000
vol3|SG6043,99681,-3.07,-0.02479,0.00000
vol3|SG6043,99681,-1.89,0.11979,0.00000
vol3|SG6043,99681,-0.87,0.14446,0.00000
vol3|SG6043,99681,0.1,0.14968,0.00000
vol3|SG6043,99681,1.13,0.14507,0.00000
vol3|SG6043,99681,2.25,0.15114,0.00000
vol3|SG6043,99681,2.95,0.15114,0.00000
vol3|SG6043,99681,4.2,0.14165,0.00000
vol3|SG6043,99681,5.1,0.13718,0.00000
vol3|SG6043,99681,6.08,0.12874,0.00000
vol3|SG6043,99681,7.27,0.12874,0.00000
vol3|SG6043,99681,8.39,0.11917,0.00000
vol3|SG6043,99681,9.35,0.04381,0.00000
vol3|SG6043,99681,10.33,0.04484,0.00000
vol3|SG6043,99681,11.3,0.02624,0.00000
vol3|SG6043,138371,-6.2,-0.02244,0.00000
vol3|SG6043,138371,-4.64,0.01114,0.00000
vol3|SG6043,138371,-2.95,0.13091,0.00000
vol3|SG6043,138371,-1.33,0.15426,0.00000
vol3|SG6043,138371,-0.26,0.13638,0.00000
vol3|SG6043,138371,1.99,0.14450,0.00000
vol3|SG6043,138371,3.23,0.14450,0.00000
vol3|SG6043,138371,4.82,0.13158,0.00000
vol3|SG6043,138371,6.22,0.13158,0.00000
vol3|SG6043,138371,7.74,0.13158,0.00000
vol3|SG6043,138371,9.28,0.05071,0.00000
vol3|SG6043,138371,10.74,0.04037,0.00000
vol3|SG6043,138371,6.17,0.13158,0.00000
vol3|SG6043,149877,-4.01,0.01752,0.00000
vol3|SG6043,149877,-3.18,0.13934,0.00000
vol3|SG6043,149877,-2.22,0.15551,0.00000
vol3|SG6043,149877,-0.69,0.14227,0.00000
vol3|SG6043,149877,0.37,0.14397,0.00000
vol3|SG6043,149877,1.34,0.14865,0.00000
vol3|SG6043,149877,2.33,0.14865,0.00000
vol3|SG6043,149877,2.95,0.14865,0.00000
vol3|SG6043,149877,4.56,0.13574,0.00000
vol3|SG6043,149877,5.43,0.13574,0.00000
vol3|SG6043,149877,6.72,0.13574,0.00000
vol3|SG6043,149877,7.12,0.13574,0.00000
vol3|SG6043,149877,8.51,0.11234,0.00000
vol3|SG6043,149877,9.4,0.05486,0.00000
vol3|SG6043,149877,10.41,0.03723,0.00000
vol3|SG6043,149877,11.58,0.06260,0.00000
vol3|SG6043,198814,5.61,0.15636,0.00000
vol3|SG6043,198814,6.08,0.15636,0.00000
vol3|SG6043,198814,6.67,0.15636,0.00000
vol3|SG6043,198852,5.53,0.15636,0.00000
vol3|SG6043,198852,6.09,0.15636,0.00000
vol3|SG6043,198852,6.63,0.15636,0.00000
vol3|SG6043,199199,5.54,0.15636,0.00000
vol3|SG6043,199199,6.09,0.15636,0.00000
vol3|SG6043,199199,6.62,0.15636,0.00000
vol3|SG6043,199199,5.56,0.15636,0.00000
vol3|SG6043,199199,6.06,0.15636,0.00000
vol3|SG6043,199199,6.6,0.15636,0.00000
vol3|SG6043,199457,5.56,0.15636,0.00000
vol3|SG6043,199457,6.13,0.15636,0.00000
vol3|SG6043,199457,6.6,0.15636,0.00000
vol3|SG6043,199574,5.57,0.14784,0.00000
vol3|SG6043,199574,6.07,0.14784,0.00000
vol3|SG6043,199574,6.6,0.14784,0.00000
vol3|SG6043,199784,-4.95,0.06528,0.00000
vol3|SG6043,199784,-3.91,0.13923,0.00000
vol3|SG6043,199784,-2.93,0.16606,0.00000
vol3|SG6043,199784,-1.85,0.17294,0.00000
vol3|SG6043,199784,-0.97,0.15958,0.00000
vol3|SG6043,199784,0.08,0.16075,0.00000
vol3|SG6043,199784,1.07,0.16075,0.00000
vol3|SG6043,199784,2.2,0.16075,0.00000
vol3|SG6043,199784,3.36,0.16075,0.00000
vol3|SG6043,199784,3.97,0.16075,0.00000
vol3|SG6043,199784,5.32,0.14784,0.00000
vol3|SG6043,199784,6.46,0.14784,0.00000
vol3|SG6043,199784,7.55,0.13828,0.00000
vol3|SG6043,199784,8.59,0.08071,0.00000
vol3|SG6043,199784,9.56,0.05929,0.00000
vol3|SG6043,199784,10.2,0.05283,0.00000
vol3|SG6043,199784,11.44,0.08423,0.00000
vol3|SG6043,297704,5.19,0.21814,0.00000
vol3|SG6043,297704,5.64,0.21814,0.00000
vol3|SG6043,298014,5.18,0.21814,0.00000
vol3|SG6043,298014,5.61,0.21814,0.00000
vol3|SG6043,298083,5.23,0.21814,0.00000
vol3|SG6043,298083,5.59,0.21814,0.00000
vol3|SG6043,298463,5.23,0.21814,0.00000
vol3|SG6043,298463,5.57,0.21814,0.00000
vol3|SG6043,298574,5.21,0.21814,0.00000
vol3|SG6043,298574,5.59,0.21814,0.00000
vol3|SG6043,298916,-4.15,0.19411,0.00000
vol3|SG6043,298916,-3.71,0.22771,0.00000
vol3|SG6043,298926,4.82,0.21139,0.00000
vol3|SG6043,298926,5.27,0.21139,0.00000
vol3|SG6043,299102,-6.23,0.12448,0.00000
vol3|SG6043,299102,-5.2,0.17172,0.00000
vol3|SG6043,299102,-4.13,0.19411,0.00000
vol3|SG6043,299102,-3.05,0.22771,0.00000
vol3|SG6043,299102,-2.05,0.22035,0.00000
vol3|SG6043,299102,-1.02,0.21602,0.00000
vol3|SG6043,299102,-0.02,0.22431,0.00000
vol3|SG6043,299102,1.05,0.22431,0.00000
vol3|SG6043,299102,2.17,0.22431,0.00000
vol3|SG6043,299102,3.12,0.22431,0.00000
vol3|SG6043,299102,4.17,0.21139,0.00000
vol3|SG6043,299102,5.18,0.21139,0.00000
vol3|SG6043,299102,6.35,0.21139,0.00000
vol3|SG6043,299102,7.19,0.20183,0.00000
vol3|SG6043,299102,8.25,0.14426,0.00000
vol3|SG6043,299102,9.34,0.12044,0.00000
vol3|SG6043,299102,10.31,0.12044,0.00000
vol3|SG6043,299102,11.33,0.14281,0.00000
vol3|SG6043,299460,-5.8,0.12097,0.00000
vol3|SG6043,299460,-4.64,0.17769,0.00000
vol3|SG6043,299460,-2.99,0.22854,0.00000
vol3|SG6043,299460,-1.5,0.20690,0.00000
vol3|SG6043,299460,0.0,0.21302,0.00000
vol3|SG6043,299460,1.55,0.21302,0.00000
vol3|SG6043,299460,3.11,0.21302,0.00000
vol3|SG6043,299460,4.55,0.20010,0.00000
vol3|SG6043,299460,6.19,0.20010,0.00000
vol3|SG6043,299460,7.74,0.17671,0.00000
vol3|SG6043,299460,9.34,0.10915,0.00000
vol3|SG6043,299460,10.37,0.10462,0.00000
vol3|SG6043,302510,-5.73,0.11207,0.00000
vol3|SG6043,398416,-0.02,0.22082,0.00000
vol3|SG6043,398416,1.04,0.22082,0.00000
vol3|SG6043,398416,2.03,0.22082,0.00000
vol3|SG6043,398416,3.06,0.22082,0.00000
vol3|SG6043,398416,4.1,0.20791,0.00000
vol3|SG6043,398416,5.13,0.20791,0.00000
vol3|SG6043,398416,6.14,0.20791,0.00000
vol3|SG6043,398416,7.21,0.18451,0.00000
vol3|SG6043,398416,8.18,0.14078,0.00000
vol3|SG6043,398416,9.27,0.11695,0.00000
vol3|SG6043,398416,10.32,0.11695,0.00000
vol3|SG6043,398416,11.33,0.14178,0.00000
vol3|SG6043,399643,-6.25,0.14848,0.00000
vol3|SG6043,399643,-5.21,0.20195,0.00000
vol3|SG6043,399643,-4.11,0.20436,0.00000
vol3|SG6043,399643,-3.09,0.23379,0.00000
vol3|SG6043,399643,-2.02,0.21025,0.00000
vol3|SG6043,399643,-0.96,0.21406,0.00000
vol3|SG6043,453329,-4.68,0.22730,0.00000
vol3|SG6043,453329,-3.08,0.25778,0.00000
vol3|SG6043,453329,-1.41,0.23514,0.00000
vol3|SG6043,453329,0.12,0.24481,0.00000
vol3|SG6043,453329,1.55,0.24481,0.00000
vol3|SG6043,453329,3.14,0.24481,0.00000
vol3|SG6043,453329,4.69,0.23190,0.00000
vol3|SG6043,453329,6.32,0.22233,0.00000
vol3|SG6043,453329,7.66,0.16477,0.00000
vol3|SG6043,453329,9.48,0.14095,0.00000
vol3|SG6043,453329,9.34,0.14095,0.00000
vol3|SG6043,498423,-6.32,0.16611,0.00000
vol3|SG6043,498423,-5.22,0.24012,0.00000
vol3|SG6043,498423,-4.17,0.23502,0.00000
vol3|SG6043,498423,-3.17,0.25778,0.00000
vol3|SG6043,498423,-2.12,0.23339,0.00000
vol3|SG6043,498423,-1.08,0.23805,0.00000
vol3|SG6043,498423,-0.06,0.24481,0.00000
vol3|SG6043,498423,1.0,0.24481,0.00000
vol3|SG6043,498423,2.11,0.24481,0.00000
vol3|SG6043,498423,3.15,0.24481,0.00000
vol3|SG6043,498423,4.2,0.23190,0.00000
vol3|SG6043,498423,5.2,0.23190,0.00000
vol3|SG6043,498423,6.17,0.22233,0.00000
vol3|SG6043,498423,7.29,0.16477,0.00000
vol3|SG6043,498423,8.18,0.15944,0.00000
vol3|SG6043,498423,9.22,0.14408,0.00000
vol3|SG6043,498423,10.21,0.13677,0.00000
vol3|SG6043,498423,11.22,0.16737,0.00000
vol3|SG6043,498927,-5.25,0.34048,0.00000
vol3|SG6043,498927,-3.6,0.35190,0.00000
vol3|Trainer 60,100800,-4.15,-0.07499,0.00000
vol3|Trainer 60,100800,-3.1,-0.07538,0.00000
vol3|Trainer 60,100800,-1.92,-0.05538,0.00000
vol3|Trainer 60,100800,-1.0,-0.04843,0.00000
vol3|Trainer 60,100800,-0.02,-0.04843,0.00000
vol3|Trainer 60,100800,1.0,-0.00518,0.00000
vol3|Trainer 60,100800,2.15,0.01012,0.00000
vol3|Trainer 60,100800,3.09,0.01012,0.00000
vol3|Trainer 60,100800,4.09,0.01012,0.00000
vol3|Trainer 60,100800,5.18,0.03018,0.00000
vol3|Trainer 60,100800,6.28,0.04474,0.00000
vol3|Trainer 60,100800,7.24,0.04474,0.00000
vol3|Trainer 60,100800,8.24,0.04198,0.00000
vol3|Trainer 60,100800,9.24,0.04760,0.00000
vol3|Trainer 60,100800,10.25,0.04282,0.00000
vol3|Trainer 60,100800,11.28,0.12171,0.00000
vol3|Trainer 60,201600,-4.15,-0.03021,0.00000
vol3|Trainer 60,201600,-3.11,-0.02912,0.00000
vol3|Trainer 60,201600,-2.09,-0.02236,0.00000
vol3|Trainer 60,201600,-1.07,-0.02701,0.00000
vol3|Trainer 60,201600,-0.02,-0.02006,0.00000
vol3|Trainer 60,201600,0.99,0.00840,0.00000
vol3|Trainer 60,201600,2.01,0.02370,0.00000
vol3|Trainer 60,201600,3.05,0.02370,0.00000
vol3|Trainer 60,201600,4.11,0.02370,0.00000
vol3|Trainer 60,201600,5.12,0.04376,0.00000
vol3|Trainer 60,201600,6.12,0.05833,0.00000
vol3|Trainer 60,201600,7.17,0.05556,0.00000
vol3|Trainer 60,201600,8.2,0.05417,0.00000
vol3|Trainer 60,201600,9.21,0.04830,0.00000
vol3|Trainer 60,201600,10.24,0.05425,0.00000
vol3|Trainer 60,201600,11.26,0.14173,0.00000
vol3|Trainer 60,301800,-3.11,0.00797,0.00000
vol3|Trainer 60,301800,-2.08,0.01473,0.00000
vol3|Trainer 60,301800,-1.04,0.01008,0.00000
vol3|Trainer 60,301800,-0.03,0.01703,0.00000
vol3|Trainer 60,301800,1.07,0.04549,0.00000
vol3|Trainer 60,301800,2.16,0.05558,0.00000
vol3|Trainer 60,301800,3.06,0.05558,0.00000
vol3|Trainer 60,301800,4.08,0.05890,0.00000
vol3|Trainer 60,301800,5.1,0.07564,0.00000
vol3|Trainer 60,301800,6.15,0.08744,0.00000
vol3|Trainer 60,301800,7.23,0.08744,0.00000
vol3|Trainer 60,301800,8.46,0.08018,0.00000
vol3|Trainer 60,301800,9.3,0.08948,0.00000
vol3|Trainer 60,301800,10.48,0.08401,0.00000
vol3|Trainer 60,301800,11.53,0.13946,0.00000
vol3|Trainer 60,398700,11.5,0.14598,0.00000
vol3|Trainer 60,404100,-4.17,0.05337,0.00000
vol3|Trainer 60,404100,-3.14,0.04812,0.00000
vol3|Trainer 60,404100,-2.17,0.04543,0.00000
vol3|Trainer 60,404100,-1.07,0.04077,0.00000
vol3|Trainer 60,404100,-0.05,0.04773,0.00000
vol3|Trainer 60,404100,1.06,0.08366,0.00000
vol3|Trainer 60,404100,2.02,0.09374,0.00000
vol3|Trainer 60,404100,3.07,0.09374,0.00000
vol3|Trainer 60,404100,4.11,0.09707,0.00000
vol3|Trainer 60,404100,5.2,0.11953,0.00000
vol3|Trainer 60,404100,6.17,0.12560,0.00000
vol3|Trainer 60,404100,7.32,0.12406,0.00000
vol3|Trainer 60,404100,8.32,0.11834,0.00000
vol3|Trainer 60,404100,9.34,0.12218,0.00000
vol3|Trainer 60,404100,10.42,0.11816,0.00000
vol3|Trainer 60,504000,-3.18,0.09380,0.00000
vol3|Trainer 60,504000,-2.14,0.09110,0.00000
vol3|Trainer 60,504000,-1.06,0.08645,0.00000
vol3|Trainer 60,504000,-0.02,0.09340,0.00000
vol3|Trainer 60,504000,1.0,0.12933,0.00000
vol3|Trainer 60,504000,2.02,0.13942,0.00000
vol3|Trainer 60,504000,3.04,0.13942,0.00000
vol3|Trainer 60,504000,4.08,0.14274,0.00000
vol3|Trainer 60,504000,5.1,0.15719,0.00000
vol3|Trainer 60,504000,6.12,0.16898,0.00000
vol3|Trainer 60,504000,7.14,0.16744,0.00000
vol3|Trainer 60,504000,8.17,0.16172,0.00000
vol3|Trainer 60,504000,9.19,0.15346,0.00000
vol3|Trainer 60,504000,10.2,0.16343,0.00000
vol3|Trainer 60,504000,11.23,0.25515,0.00000
vol3|USNPS-4,99800,-3.28,-0.17035,0.00000
vol3|USNPS-4,99800,-1.58,0.04670,0.00000
vol3|USNPS-4,99800,0.01,0.07553,0.00000
vol3|USNPS-4,99800,1.54,0.09306,0.00000
vol3|USNPS-4,99800,3.15,0.09306,0.00000
vol3|USNPS-4,99800,4.59,0.09306,0.00000
vol3|USNPS-4,99800,6.22,0.08690,0.00000
vol3|USNPS-4,99800,7.69,0.08520,0.00000
vol3|USNPS-4,99800,9.26,0.06496,0.00000
vol3|USNPS-4,99800,10.71,0.04293,0.00000
vol3|USNPS-4,199300,-3.29,0.02873,0.00000
vol3|USNPS-4,199300,-1.56,0.08899,0.00000
vol3|USNPS-4,199300,-0.09,0.09435,0.00000
vol3|USNPS-4,199300,1.45,0.10892,0.00000
vol3|USNPS-4,199300,3.08,0.10892,0.00000
vol3|USNPS-4,199300,4.6,0.10892,0.00000
vol3|USNPS-4,199300,6.08,0.10359,0.00000
vol3|USNPS-4,199300,7.6,0.08957,0.00000
vol3|USNPS-4,199300,9.11,0.09298,0.00000
vol3|USNPS-4,199300,10.67,0.02147,0.00000
vol3|USNPS-4,299000,-4.72,-0.05147,0.00000
vol3|USNPS-4,299000,-3.15,0.09150,0.00000
vol3|USNPS-4,299000,-1.6,0.14317,0.00000
vol3|USNPS-4,299000,-0.07,0.13921,0.00000
vol3|USNPS-4,299000,1.46,0.16020,0.00000
vol3|USNPS-4,299000,3.0,0.15332,0.00000
vol3|USNPS-4,299000,4.53,0.15332,0.00000
vol3|USNPS-4,299000,6.15,0.13396,0.00000
vol3|USNPS-4,299000,7.67,0.13396,0.00000
vol3|USNPS-4,299000,9.17,0.09360,0.00000
vol3|USNPS-4,299000,10.68,0.06630,0.00000
vol3|USNPS-4,398300,-4.97,-0.00123,0.00000
vol3|USNPS-4,398300,-3.11,0.11093,0.00000
vol3|USNPS-4,398300,-1.46,0.12238,0.00000
vol3|USNPS-4,398300,0.12,0.14589,0.00000
vol3|USNPS-4,398300,1.54,0.15642,0.00000
vol3|USNPS-4,398300,2.97,0.15642,0.00000
vol3|USNPS-4,398300,4.45,0.14954,0.00000
vol3|USNPS-4,398300,6.07,0.13019,0.00000
vol3|USNPS-4,398300,7.5,0.13019,0.00000
vol3|USNPS-4,398300,9.22,0.07219,0.00000
vol3|USNPS-4,398300,10.87,0.11237,0.00000
